entry_time,exit_time,r_mult,risk_usd,fee_usd,notional,trade_type,entry_price,sl_price,tp_price,zone_lower,zone_upper,momentum,atr,asset,pnl_usd
2021-06-30 00:00:00,2021-06-30 04:00:00,-1.1,15.0,0.29354814962684544,4193.544994669221,1,83.118,82.82069306718185,83.50449901266359,83.973,85.189,38.09520023359172,0.10183965829152423,AUDJPY_merged,-16.793548149626844
2021-06-30 10:00:00,2021-07-01 04:00:00,-1.1,60.0,1.3438449022179944,19197.78431739992,-1,0.92376,0.9266470831697888,0.9194293752453169,0.8926,0.92385,64.54793138963744,0.0010429066954108109,USDCHF_merged,-67.343844902218
2021-06-30 21:00:00,2021-07-01 04:00:00,-1.1,60.0,1.760088574383275,25144.122491189646,-1,111.079,111.34406154678236,110.68140767982645,109.187,110.329,62.835791070573904,0.08590000257549431,USDJPY_merged,-67.76008857438327
2021-06-30 10:00:00,2021-07-01 04:00:00,-1.1,15.0,0.34754609540120535,4964.94422001722,-1,0.92376,0.9265508470641292,0.9195737294038063,0.8926,0.92385,64.54793138963744,0.0010429066954108109,USDCHF_merged,-16.847546095401206
2021-06-30 06:00:00,2021-07-01 11:00:00,-1.1,15.000000000000002,0.27472713178999036,3924.6733112855773,1,0.75021,0.7473427167620191,0.7539374682093751,0.76747,0.77753,36.15068614383857,0.0009738099037869773,AUDUSD_merged,-16.774727131789994
2021-06-30 14:00:00,2021-07-02 08:00:00,-1.1,60.0,1.3186337961693235,18837.625659561767,1,1.18529,1.1815147152966488,1.1909529270550268,1.18472,1.22664,30.83981359443029,0.001225683360561086,EURUSD_merged,-67.31863379616932
2021-07-02 07:00:00,2021-07-02 11:00:00,1.4,15.0,0.3231733555819976,4616.762222599967,1,0.74628,0.7438553137241503,0.7496745607861898,0.74761,0.77753,40.73930397733563,0.0009081022413749304,AUDUSD_merged,20.676826644418004
2021-06-30 07:00:00,2021-07-02 13:00:00,1.5,15.0,0.3601067782651535,5144.382546645051,-1,1.58433,1.5889495922998569,1.5774006115502146,1.56586,1.58506,63.2531836285416,0.0015913023785271642,EURAUD_merged,22.139893221734848
2021-07-02 07:00:00,2021-07-02 13:00:00,1.5,30.0,0.9233801991156853,13191.145701652647,-1,111.447,111.7004586514029,111.06681202289566,109.187,110.329,57.46154657841631,0.08416577305327748,USDJPY_merged,44.076619800884316
2021-07-01 08:00:00,2021-07-02 14:00:00,1.5,30.000000000000004,0.6724307726659466,9606.15389522781,-1,0.92491,0.9277984921377103,0.9205772617934347,0.8926,0.92385,50.28671300554673,0.0009747713759579329,USDCHF_merged,44.32756922733406
2021-06-30 16:00:00,2021-07-02 14:00:00,1.5,15.0,0.30702810424630633,4386.115774947234,-1,0.92525,0.9284142461604121,0.9205036307593818,0.8926,0.92385,61.756198884114866,0.0010172666686990048,USDCHF_merged,22.192971895753693
2021-07-02 13:00:00,2021-07-05 07:00:00,1.3,15.0,0.30181556069278076,4311.650867039725,1,1.70378,1.697852641596432,1.7114855659246386,1.70144,1.72582,39.51429967170714,0.002037922641536611,GBPCAD_merged,19.19818443930722
2021-06-30 09:00:00,2021-07-05 23:00:00,1.5,60.0,1.1386693508557104,16266.705012224436,-1,1.84534,1.8521465659220349,1.8351301511169478,1.8194,1.84494,57.7903657132606,0.0023939370711060282,GBPAUD_merged,88.86133064914429
2021-07-02 14:00:00,2021-07-06 09:00:00,1.0,15.0,0.314510299402237,4493.004277174815,1,1.46322,1.4583350057631814,1.4681049942368185,1.46549,1.48243,26.75301996354578,0.0016534505971105059,EURCAD_merged,14.685489700597763
2021-07-06 02:00:00,2021-07-06 09:00:00,-1.1,14.999999999999998,0.2218845958542304,3169.77994077472,-1,0.87308,0.8772115801868565,0.8677089457570866,0.85982,0.87213,69.68005184275746,0.0014272054785501114,NZDCAD_merged,-16.72188459585423
2021-07-06 09:00:00,2021-07-06 10:00:00,1.5,60.0,0.8266820081156119,11809.74297308017,1,1.67133,1.6628387229054362,1.6840669156418455,1.66844,1.71224,36.70024526610174,0.0029268238626030643,EURNZD_merged,89.17331799188439
2021-07-02 11:00:00,2021-07-06 10:00:00,1.5,15.0,0.32526397584913086,4646.6282264161555,1,1.46482,1.4600913453865134,1.47191298192023,1.46658,1.48243,23.331820785418525,0.0016629169041744256,EURCAD_merged,22.17473602415087
2021-07-06 09:00:00,2021-07-06 10:00:00,1.5,90.0,1.3106965688982237,18724.236698546054,1,1.95721,1.9478024656456794,1.9713213015314806,1.95853,1.99601,37.33233324176102,0.003200836123304596,GBPNZD_merged,133.68930343110176
2021-07-06 07:00:00,2021-07-06 10:00:00,1.5,59.99999999999999,1.0686591083860908,15266.558691229871,1,1.82817,1.820985001584934,1.8389474976225992,1.82603,1.85232,33.66728732832085,0.0024056152560556483,GBPAUD_merged,88.9313408916139
2021-07-06 04:00:00,2021-07-06 10:00:00,1.5,60.0,0.7905780079919571,11293.971542742245,1,1.67516,1.6662605973744824,1.6885091039382762,1.68451,1.71224,27.77662834965764,0.0030909909884661983,EURNZD_merged,89.20942199200805
2021-07-02 14:00:00,2021-07-06 10:00:00,1.5,15.000000000000002,0.3253554821402452,4647.93545914636,1,1.46322,1.4584978389044088,1.4703032416433868,1.46549,1.48243,27.99106692043481,0.0016534505971105059,EURCAD_merged,22.174644517859758
2021-07-06 10:00:00,2021-07-06 10:00:00,1.3,30.0,0.5279226721634959,7541.752459478513,1,1.56792,1.5616830411164075,1.5760280465486702,1.56586,1.58506,56.346286028071994,0.0027270558001650904,EURAUD_merged,38.4720773278365
2021-07-06 10:00:00,2021-07-06 10:00:00,1.4,90.0,1.3862870700099057,19804.101000141512,1,1.67449,1.6668802579572322,1.6851436388598753,1.68451,1.71224,54.080564617757176,0.003937765015274289,EURNZD_merged,124.61371292999009
2021-07-06 09:00:00,2021-07-06 10:00:00,1.4,90.0,1.4619307883864805,20884.725548378294,1,1.95721,1.9487756588547471,1.969018077603354,1.95853,1.99601,38.10171438041895,0.003200836123304596,GBPNZD_merged,124.5380692116135
2021-07-06 04:00:00,2021-07-06 10:00:00,1.5,60.0,0.7642254077255586,10917.505824650838,1,1.67516,1.6659537214218785,1.6889694178671824,1.68451,1.71224,29.9014425119129,0.0030909909884661983,EURNZD_merged,89.23577459227444
2021-07-06 04:00:00,2021-07-06 10:00:00,1.4,60.0,0.7861412369550946,11230.589099358496,-1,0.70859,0.7123756785270889,0.7032900500620756,0.69224,0.70948,65.81225531128598,0.0014420280453888916,NZDUSD_merged,83.21385876304491
2021-07-02 14:00:00,2021-07-06 10:00:00,1.4,60.0,1.4515859972410938,20736.942817729912,1,1.46322,1.4589863383280905,1.469147126340673,1.46549,1.48243,32.02285417105915,0.0016534505971105059,EURCAD_merged,82.5484140027589
2021-07-06 07:00:00,2021-07-06 10:00:00,1.5,90.0,1.5495557071598323,22136.51010228332,1,1.82817,1.8207372430188973,1.8393191354716543,1.82603,1.85232,35.914060234881326,0.0024056152560556483,GBPAUD_merged,133.45044429284016
2021-07-02 14:00:00,2021-07-06 10:00:00,1.5,30.0,0.629020598804474,8986.00855434963,1,1.46322,1.4583350057631814,1.4705474913552277,1.46549,1.48243,32.02285417105915,0.0016534505971105059,EURCAD_merged,44.37097940119553
2021-07-06 04:00:00,2021-07-06 10:00:00,1.0,30.0,0.34066120268054106,4866.5886097220155,-1,0.70859,0.7129580906081795,0.7042219093918206,0.69224,0.70948,67.35411100875477,0.0014420280453888916,NZDUSD_merged,29.65933879731946
2021-07-06 02:00:00,2021-07-06 10:00:00,-1.1,60.0,0.8579537706363577,12256.482437662255,-1,0.87308,0.8773540484691619,0.8688059515308381,0.85982,0.87213,74.84837035131406,0.0014272054785501114,NZDCAD_merged,-66.85795377063636
2021-07-02 14:00:00,2021-07-06 10:00:00,1.5,60.0,1.258041197608948,17972.01710869926,1,1.46322,1.4583350057631814,1.4705474913552277,1.46658,1.48243,27.99106692043481,0.0016534505971105059,EURCAD_merged,88.74195880239105
2021-07-06 07:00:00,2021-07-06 10:00:00,1.4,90.0,1.7879488928767295,25542.127041096137,1,1.82817,1.8217282772830443,1.8371884118037383,1.82603,1.85232,35.914060234881326,0.0024056152560556483,GBPAUD_merged,124.21205110712326
2021-07-06 14:00:00,2021-07-07 10:00:00,-1.1,60.00000000000001,1.3690185092751197,19557.407275358855,1,1.1823,1.1786728320936806,1.1870153182782153,1.19859,1.22664,38.12431176896123,0.0011978370143387383,EURUSD_merged,-67.36901850927514
2021-07-07 13:00:00,2021-07-08 02:00:00,-1.1,59.99999999999999,0.8182447588178248,11689.21084025464,-1,1.24826,1.2546672417739337,1.238649137339099,1.20064,1.24866,60.95680544614,0.0021081938824080923,USDCAD_merged,-66.81824475881783
2021-07-07 13:00:00,2021-07-08 02:00:00,-1.1,89.99999999999999,1.2273671382267373,17533.81626038196,-1,1.24826,1.2546672417739337,1.238649137339099,1.20064,1.24866,60.33821579790745,0.0021081938824080923,USDCAD_merged,-100.22736713822673
2021-07-07 13:00:00,2021-07-08 02:00:00,-1.1,90.00000000000001,1.2696901429931762,18138.430614188233,-1,1.24826,1.2544536670481359,1.2389694994277958,1.20064,1.24866,60.95680544614,0.0021081938824080923,USDCAD_merged,-100.2696901429932
2021-07-08 05:00:00,2021-07-09 06:00:00,1.0,30.0,0.4970888973594031,7101.269962277188,1,129.868,129.31936010591116,130.41663989408883,130.037,134.123,36.31739669459397,0.1906742529322593,EURJPY_merged,29.502911102640596
2021-07-08 23:00:00,2021-07-09 07:00:00,1.3,90.0,0.9701790386509042,13859.700552155775,1,81.525,80.99560544545037,82.21321292091454,82.133,85.189,37.92402001628304,0.1775820002252563,AUDJPY_merged,116.0298209613491
2021-07-08 05:00:00,2021-07-09 07:00:00,1.3,15.0,0.25711494691003606,3673.070670143373,1,129.868,129.3376481023808,130.55745746690496,130.037,134.123,36.08980493624377,0.1906742529322593,EURJPY_merged,19.242885053089964
2021-07-08 05:00:00,2021-07-09 08:00:00,1.0,60.0,0.8207191095542173,11724.558707917391,1,151.431,150.65605740076475,152.20594259923527,151.309,155.482,28.865035381550282,0.2642203283347265,GBPJPY_merged,59.17928089044578
2021-07-08 05:00:00,2021-07-09 09:00:00,1.5,90.0,1.231078664331326,17586.838061876086,1,151.431,150.65605740076475,152.5934138988529,151.309,155.482,32.54270400844013,0.2642203283347265,GBPJPY_merged,133.76892133566867
2021-07-08 14:00:00,2021-07-09 09:00:00,1.3,30.0,0.3613442749497389,5162.061070710556,1,151.332,150.45251408578645,152.4753316884776,151.309,156.073,37.844282493765974,0.296465933122562,GBPJPY_merged,38.63865572505026
2021-07-08 05:00:00,2021-07-09 09:00:00,1.5,15.0,0.25711494691003606,3673.070670143373,1,129.868,129.3376481023808,130.66352784642882,130.037,134.123,36.070327803454724,0.1906742529322593,EURJPY_merged,22.242885053089964
2021-07-08 05:00:00,2021-07-09 09:00:00,1.5,60.0,0.9941777947188062,14202.539924554376,1,129.868,129.31936010591116,130.69095984113326,130.037,134.123,36.31739669459397,0.1906742529322593,EURJPY_merged,89.00582220528119
2021-07-08 05:00:00,2021-07-09 09:00:00,1.5,90.0,1.231078664331326,17586.838061876086,1,151.431,150.65605740076475,152.5934138988529,151.309,156.073,28.865035381550282,0.2642203283347265,GBPJPY_merged,133.76892133566867
2021-07-08 06:00:00,2021-07-09 10:00:00,1.4,90.0,1.6527565234335766,23610.807477622522,1,130.057,129.5612469423761,130.7510542806734,130.037,134.123,35.48219268528863,0.19734037772281166,EURJPY_merged,124.3472434765664
2021-07-08 21:00:00,2021-07-09 10:00:00,1.3,90.00000000000001,1.544116584819361,22058.8083545623,1,1.26191,1.2567614036581443,1.2686031752444127,1.26125,1.28561,34.48853208524605,0.0017628510454218618,GBPCHF_merged,115.45588341518066
2021-07-08 23:00:00,2021-07-09 10:00:00,1.3,90.0,1.0312684953537636,14732.407076482337,1,0.69317,0.6889354374009534,0.6986749313787604,0.69224,0.73159,40.18640063569282,0.001450180142551832,NZDUSD_merged,115.96873150464624
2021-07-09 02:00:00,2021-07-09 10:00:00,1.3,90.0,1.2605753796453825,18008.21970921975,1,0.68025,0.6768503024736168,0.6846696067842982,0.68832,0.69828,34.83630671862649,0.001158573099580834,AUDCHF_merged,115.73942462035461
2021-07-08 16:00:00,2021-07-09 14:00:00,1.3,60.0,0.5065840393153137,7236.914847361625,1,76.258,75.62575820960943,77.07991432750774,76.218,80.181,35.091624556368885,0.2066562383023985,NZDJPY_merged,77.49341596068469
2021-07-08 06:00:00,2021-07-11 21:00:00,-1.1,90.0,1.4977033973986336,21395.762819980482,-1,1.85257,1.8603627251953037,1.8408809122070449,1.82603,1.85232,65.28375694746339,0.002595605417593941,GBPAUD_merged,-100.49770339739865
2021-07-08 06:00:00,2021-07-12 09:00:00,1.5,60.0,0.9549259913171776,13641.799875959681,1,130.057,129.4849772412032,130.91503413819515,130.037,134.123,35.384595478264174,0.19734037772281166,EURJPY_merged,89.04507400868282
2021-07-08 06:00:00,2021-07-12 09:00:00,1.5,90.0,1.4323889869757664,20462.699813939522,1,130.057,129.4849772412032,130.91503413819515,130.037,134.123,35.48219268528863,0.19734037772281166,EURJPY_merged,133.56761101302425
2021-07-08 06:00:00,2021-07-12 09:00:00,1.5,90.0,1.4817817106645856,21168.310152351223,1,130.057,129.50404466649644,130.88643300025532,130.037,134.123,35.384595478264174,0.19734037772281166,EURJPY_merged,133.5182182893354
2021-07-08 10:00:00,2021-07-12 22:00:00,1.3,30.0,0.36256111463638263,5179.444494805467,1,0.74404,0.7397304258704991,0.7496424463683513,0.76747,0.77753,33.0320696359792,0.0015584843271801263,AUDUSD_merged,38.637438885363615
2021-07-09 08:00:00,2021-07-13 10:00:00,-1.1,90.0,3.015627205314198,43080.38864734569,1,1.08534,1.0830725970571062,1.0885143641200512,1.0869,1.09866,42.76014647959927,0.0008562153367477864,EURCHF_merged,-102.01562720531422
2021-07-09 08:00:00,2021-07-13 11:00:00,-1.1,60.0,1.7423623852926475,24890.891218466397,1,1.08534,1.0827237658351225,1.0892643512473161,1.0869,1.10279,46.898362198139466,0.0008562153367477864,EURCHF_merged,-67.74236238529265
2021-07-09 08:00:00,2021-07-13 11:00:00,-1.1,90.0,2.6135435779389713,37336.3368276996,1,1.08534,1.0827237658351225,1.0892643512473161,1.0869,1.09866,42.76014647959927,0.0008562153367477864,EURCHF_merged,-101.61354357793898
2021-07-13 10:00:00,2021-07-13 15:00:00,-1.1,90.0,1.7103304318867885,24433.29188409698,1,1.18209,1.1777357729681017,1.1877504951414681,1.19859,1.22664,40.60189866276479,0.0015463534831201898,EURUSD_merged,-100.7103304318868
2021-07-09 02:00:00,2021-07-13 22:00:00,1.3,90.0,1.022734041127744,14610.486301824916,1,0.6359,0.6319828819234544,0.6409922534995093,0.63777,0.65698,35.72026727944075,0.0013328210589924274,NZDCHF_merged,115.97726595887225
2021-07-08 20:00:00,2021-07-14 06:00:00,1.3,60.0,0.7256064818341035,10365.806883344336,1,0.72992,0.725695032229245,0.7354124581019815,0.73616,0.74784,36.29749911649606,0.0013963936211777044,CADCHF_merged,77.2743935181659
2021-07-08 07:00:00,2021-07-14 10:00:00,-1.1,90.0,1.4786353861609995,21123.362659442853,-1,1.72945,1.7368186421290701,1.7183970368063946,1.70144,1.72582,62.310831396339985,0.0025515602876333364,GBPCAD_merged,-100.47863538616102
2021-07-14 06:00:00,2021-07-14 20:00:00,1.5,15.0,0.446762097403549,6382.315677193557,1,0.85176,0.8497581560539765,0.854762765919035,0.85303,0.86713,33.02679432074348,0.0007296183642453293,EURGBP_merged,22.05323790259645
2021-07-14 06:00:00,2021-07-14 20:00:00,1.5,90.0,2.773006121815131,39614.37316878759,1,0.85176,0.8498248841855107,0.8546626737217339,0.85303,0.86421,33.02679432074348,0.0007296183642453293,EURGBP_merged,132.22699387818486
2021-07-14 06:00:00,2021-07-14 20:00:00,1.5,90.0,2.680572584421294,38293.894063161344,1,0.85176,0.8497581560539765,0.854762765919035,0.85303,0.86713,32.250338765208895,0.0007296183642453293,EURGBP_merged,132.3194274155787
2021-07-08 07:00:00,2021-07-15 02:00:00,-1.1,90.0,1.4293475399556332,20419.25057079476,-1,1.72945,1.737072733236969,1.718015900144546,1.70144,1.72582,62.310831396339985,0.0025515602876333364,GBPCAD_merged,-100.42934753995564
2021-07-08 07:00:00,2021-07-15 02:00:00,-1.1,90.0,1.4293475399556332,20419.25057079476,-1,1.72945,1.737072733236969,1.718015900144546,1.70144,1.72582,61.69093035503677,0.0025515602876333364,GBPCAD_merged,-100.42934753995564
2021-07-15 03:00:00,2021-07-15 13:00:00,-1.1,90.00000000000001,1.996892481575856,28527.035451083655,-1,1.4829,1.4875784041134892,1.4758823938297665,1.46054,1.47713,63.41270257843641,0.0016672968836295233,EURCAD_merged,-100.99689248157588
2021-07-15 00:00:00,2021-07-15 13:00:00,-1.1,90.0,1.3734333752258543,19620.476788940778,1,87.611,87.20912444494498,88.21381333258256,87.959,91.183,32.07153515175207,0.1336079363476714,CADJPY_merged,-100.37343337522587
2021-07-15 00:00:00,2021-07-15 13:00:00,-1.1,30.0,0.442550754239442,6322.15363199203,1,87.611,87.19526666718446,88.23459999922333,87.959,91.183,32.07153515175207,0.1336079363476714,CADJPY_merged,-33.44255075423944
2021-07-15 00:00:00,2021-07-15 13:00:00,-1.1,90.0,1.5319064569826835,21884.37795689548,1,87.611,87.25069777822652,88.11542311048288,87.959,91.183,35.46620296952651,0.1336079363476714,CADJPY_merged,-100.5319064569827
2021-07-14 04:00:00,2021-07-15 18:00:00,-1.1,90.0,1.205030958615668,17214.727980223826,-1,0.87692,0.8815046091841048,0.8700430862238429,0.86263,0.87804,63.519840581983836,0.0015372640244670553,NZDCAD_merged,-100.20503095861568
2021-07-15 16:00:00,2021-07-18 20:00:00,-1.1,90.0,1.492179268308297,21316.84669011853,1,81.481,81.13698617344284,81.96261935718002,82.133,84.193,33.40723748884432,0.12750493805612828,AUDJPY_merged,-100.4921792683083
2021-07-15 16:00:00,2021-07-18 20:00:00,-1.1,90.0,1.2932220325338575,18474.600464769395,1,81.481,81.08406096935711,82.07640854596431,82.133,85.189,27.91722360138718,0.12750493805612828,AUDJPY_merged,-100.29322203253388
2021-07-19 00:00:00,2021-07-19 07:00:00,-1.1,89.99999999999999,1.5608011049156842,22297.158641652633,1,0.67895,0.6762094938672657,0.6825126579725547,0.68832,0.69828,37.778795997164316,0.0009303591065405641,AUDCHF_merged,-100.56080110491567
2021-07-18 21:00:00,2021-07-20 01:00:00,1.3,90.0,2.2217985338500656,31739.979055000942,1,1.05686,1.053863230536631,1.0607558003023796,1.05999,1.08121,36.07841913603587,0.0010095567247240737,AUDNZD_merged,114.77820146614994
2021-07-19 07:00:00,2021-07-20 08:00:00,-1.1,90.0,1.7680993367641187,25258.561953773125,1,129.321,128.86021010937594,129.92002685781128,130.037,134.123,31.061299567191167,0.1706149896086856,EURJPY_merged,-100.76809933676414
2021-07-27 16:00:00,2021-07-28 14:00:00,-1.1,30.0,0.5311119105016772,7587.313007166817,-1,1.88517,1.8926239036344723,1.875479925275186,1.82549,1.85232,65.55223041617333,0.002543860769658629,GBPAUD_merged,-33.53111191050168
2021-07-27 16:00:00,2021-07-28 14:00:00,-1.1,60.0,1.0622238210033543,15174.626014333635,-1,1.88517,1.8926239036344723,1.8739891445482915,1.82549,1.85232,66.3485122773659,0.002543860769658629,GBPAUD_merged,-67.06222382100336
2021-07-27 16:00:00,2021-07-29 09:00:00,-1.1,60.0,1.0268163603032427,14668.805147189183,-1,1.88517,1.8928809347942817,1.8774590652057184,1.82549,1.85232,67.4933859691499,0.002543860769658629,GBPAUD_merged,-67.02681636030324
2021-07-27 16:00:00,2021-07-29 09:00:00,-1.1,15.0,0.2567040900758107,3667.201286797296,-1,1.88517,1.8928809347942817,1.8736035978085774,1.82549,1.85232,65.55223041617333,0.002543860769658629,GBPAUD_merged,-16.75670409007581
2021-07-30 08:00:00,2021-08-02 08:00:00,1.0,30.0,0.8098607965962367,11569.43995137481,1,1.05298,1.050249582613094,1.055710417386906,1.05999,1.07386,30.796821457292825,0.000880129191185217,AUDNZD_merged,29.190139203403763
2021-08-09 07:00:00,2021-08-10 03:00:00,-1.1,15.0,0.32770912638716393,4681.558948388057,-1,1.27254,1.2766172956637816,1.2672395156370841,1.25013,1.2714,65.44427432357239,0.0014748237347083696,GBPCHF_merged,-16.827709126387163
2021-08-10 17:00:00,2021-08-12 09:00:00,-1.1,90.0,1.7295469527016087,24707.813610022982,-1,0.73562,0.7382995491112635,0.7329404508887366,0.71728,0.73339,71.31687423137032,0.0009222413915815411,CADCHF_merged,-100.72954695270163
2021-08-11 10:00:00,2021-08-12 09:00:00,1.0,60.0,1.0776858660993043,15395.512372847206,-1,0.6492,0.6517300879280055,0.6466699120719945,0.62837,0.64616,75.04992153862264,0.0008616938824778916,NZDCHF_merged,58.9223141339007
2021-08-10 10:00:00,2021-08-13 09:00:00,1.0,60.0,1.345757749477926,19225.110706827516,-1,0.92271,0.9255897025330179,0.9198302974669822,0.91174,0.92325,69.48448887933546,0.0009784793554579094,USDCHF_merged,58.654242250522074
2021-08-10 12:00:00,2021-08-13 09:00:00,1.0,60.0,1.2823498764532641,18319.283949332348,1,1.46874,1.463929528136376,1.4735504718636239,1.47642,1.50994,26.109254157296604,0.0015853841482645348,EURCAD_merged,58.71765012354673
2021-08-10 11:00:00,2021-08-13 10:00:00,1.5,30.0,0.6826799892466441,9752.571274952059,-1,0.92246,0.9252975901308279,0.918203614803758,0.91174,0.92325,70.25990867032007,0.0009707308300680614,USDCHF_merged,44.317320010753356
2021-08-16 04:00:00,2021-08-16 09:00:00,-1.1,60.0,1.0212049726914076,14588.64246702011,1,80.249,79.9189528409936,80.5790471590064,80.154,84.193,26.01024687969825,0.10787173969245475,AUDJPY_merged,-67.02120497269141
2021-08-16 04:00:00,2021-08-16 09:00:00,-1.1,60.0,1.0564189372669734,15091.699103813908,1,80.249,79.92995441296048,80.72756838055926,80.154,85.052,27.86323293674735,0.10787173969245475,AUDJPY_merged,-67.05641893726697
2021-08-19 06:00:00,2021-08-20 02:00:00,-1.1,15.0,0.18185301582482147,2597.9002260688785,1,0.71639,0.7122536402229116,0.7225945396656325,0.7289,0.74263,24.76795146916545,0.0013338732643368672,AUDUSD_merged,-16.68185301582482
2021-08-20 02:00:00,2021-08-20 03:00:00,-1.1,60.0,1.01000241834895,14428.605976413572,-1,1.28661,1.291960246595284,1.2785846301070742,1.24217,1.28072,80.01480028515567,0.0020500318978489648,USDCAD_merged,-67.01000241834895
2021-08-20 07:00:00,2021-08-20 15:00:00,1.2,15.0,0.23505819913361156,3357.974273337308,-1,1.75818,1.766033752844208,1.7487554965869505,1.71485,1.75063,67.84615946487263,0.002715209213683404,GBPCAD_merged,17.76494180086639
2021-08-20 07:00:00,2021-08-20 15:00:00,1.5,15.000000000000002,0.271220999000321,3874.5857000045858,-1,1.75818,1.7649865857983136,1.7479701213025298,1.71485,1.75063,67.74974055602226,0.002715209213683404,GBPCAD_merged,22.228779000999683
2021-08-20 07:00:00,2021-08-20 16:00:00,1.4,15.0,0.23505819913361156,3357.974273337308,-1,1.75818,1.766033752844208,1.747184746018109,1.71485,1.75063,67.74974055602226,0.002715209213683404,GBPCAD_merged,20.76494180086639
2021-08-20 08:00:00,2021-08-22 17:00:00,1.5,15.0,0.2264551095736281,3235.0729939089733,-1,1.75678,1.7649256276410503,1.7445615585384247,1.71485,1.75063,64.09084182426177,0.0026884085555631617,GBPCAD_merged,22.273544890426372
2021-08-20 08:00:00,2021-08-22 17:00:00,-1.1,90.0,1.2732435339358747,18189.19334194107,1,0.65429,0.6510525777079285,0.6588223912089003,0.6622,0.68039,37.224563640308055,0.0012982883868134078,AUDCHF_merged,-100.27324353393588
2021-08-20 10:00:00,2021-08-22 17:00:00,-1.1,90.0,1.345366257592917,19219.5179656131,1,0.71459,0.7112437610300598,0.7192747345579162,0.7289,0.74263,37.12608666518557,0.001457532934798289,AUDUSD_merged,-100.34536625759293
2021-08-20 07:00:00,2021-08-22 17:00:00,1.5,15.0,0.23505819913361156,3357.974273337308,-1,1.75818,1.766033752844208,1.7463993707336882,1.71485,1.75063,67.84130919026015,0.002715209213683404,GBPCAD_merged,22.26494180086639
2021-08-20 09:00:00,2021-08-22 21:00:00,1.5,90.0,0.9232750472114826,13189.64353159261,1,85.077,84.49647407587933,85.947788886181,86.574,88.459,44.46251499213626,0.21531125649184016,CADJPY_merged,134.0767249527885
2021-08-20 09:00:00,2021-08-22 22:00:00,1.5,15.0,0.2285186523189393,3264.5521759848475,-1,1.75529,1.7633552256666896,1.7431921614999657,1.71485,1.75063,56.964660085397114,0.0028535222301657856,GBPCAD_merged,22.27148134768106
2021-08-20 08:00:00,2021-08-23 00:00:00,1.5,90.0,1.1138142539212899,15911.63219887557,1,0.71118,0.7071573957064868,0.7172139064402698,0.71864,0.74835,35.54355865860011,0.0014612924818960817,CADCHF_merged,133.88618574607872
2021-08-20 05:00:00,2021-08-23 02:00:00,1.4,90.0,1.6690905708442316,23844.151012060454,1,149.401,148.83708434650498,150.19048191489304,151.162,153.313,36.153643426465756,0.23311022307843038,GBPJPY_merged,124.33090942915575
2021-08-20 02:00:00,2021-08-23 05:00:00,1.4,15.0,0.19512066698715785,2787.438099816541,1,78.243,77.8219520850428,78.83246708094006,80.154,81.581,32.76756182209899,0.18347687185843825,AUDJPY_merged,20.804879333012842
2021-08-20 05:00:00,2021-08-23 05:00:00,1.5,60.00000000000001,0.8376693709805559,11966.705299722229,1,0.71189,0.7083206466207544,0.7172440300688685,0.7289,0.74263,30.590790329968666,0.0013196982521215103,AUDUSD_merged,89.16233062901946
2021-08-20 02:00:00,2021-08-23 05:00:00,1.5,15.0,0.16147917267902717,2306.845323986103,1,78.243,77.73423376942672,79.00614934585991,80.154,81.581,32.16795375752604,0.18347687185843825,AUDJPY_merged,22.338520827320973
2021-08-20 02:00:00,2021-08-23 06:00:00,1.5,90.00000000000001,1.4543248938812186,20776.069912588835,1,149.548,148.90017199130406,150.5197420130439,151.162,153.313,34.08564705594282,0.23243261362185344,GBPJPY_merged,133.5456751061188
2021-08-20 05:00:00,2021-08-23 08:00:00,1.5,29.999999999999996,0.37740479160740475,5391.497022962925,1,0.6534,0.6497642750953004,0.6588535873570494,0.6622,0.70023,32.15214321875054,0.0013553815809813378,AUDCHF_merged,44.62259520839259
2021-08-20 02:00:00,2021-08-23 08:00:00,1.5,60.00000000000001,0.8288750673621372,11841.072390887675,1,0.71327,0.709655783433523,0.7186913248497155,0.7289,0.74263,29.20966921891698,0.001298690033601018,AUDUSD_merged,89.17112493263788
2021-08-20 05:00:00,2021-08-23 08:00:00,1.4,60.0,1.3742998197039678,19632.85456719954,1,1.25032,1.2464988949363822,1.255669547089065,1.25488,1.27928,37.10062213379393,0.0015719751734236034,GBPCHF_merged,82.62570018029604
2021-08-20 02:00:00,2021-08-23 08:00:00,1.5,15.0,0.3475375376865874,4964.821966951249,1,1.24886,1.2450868737681438,1.2545196893477846,1.25488,1.28561,24.60147967254756,0.0014140645770934434,GBPCHF_merged,22.152462462313412
2021-08-20 02:00:00,2021-08-23 11:00:00,1.4,59.99999999999999,1.2212679867848582,17446.685525497975,-1,1.63836,1.643994399717719,1.6304718403951932,1.59001,1.61835,73.48427670952508,0.0024442617955460896,EURAUD_merged,82.77873201321513
2021-08-20 05:00:00,2021-08-23 11:00:00,1.5,29.999999999999996,0.4964478853072857,7092.112647246939,-1,1.63969,1.646625972741366,1.6292860408879515,1.56155,1.61835,69.24886128848514,0.0025789588793056774,EURAUD_merged,44.50355211469271
2021-08-20 02:00:00,2021-08-23 11:00:00,1.5,59.99999999999999,1.0107045407874686,14438.63629696384,-1,1.63836,1.645168232992244,1.6281476505116341,1.59001,1.61835,74.40806498856426,0.0024442617955460896,EURAUD_merged,88.98929545921251
2021-08-20 08:00:00,2021-08-24 01:00:00,1.5,90.0,1.0537187867055513,15053.12552436502,1,0.65429,0.6503781147304135,0.6601578279043798,0.6622,0.68039,39.005409265423495,0.0012982883868134078,AUDCHF_merged,133.94628121329444
2021-08-20 05:00:00,2021-08-25 15:00:00,1.5,90.0,1.706027362391132,24371.81946273046,1,1.25032,1.2457028313814618,1.2572457529278076,1.25488,1.27928,36.56083587739088,0.0015719751734236034,GBPCHF_merged,133.29397263760887
2021-08-27 02:00:00,2021-08-30 08:00:00,1.5,60.0,1.6722581223852369,23889.401748360528,-1,1.49121,1.494955284245393,1.4855920736319104,1.46602,1.49248,61.10925800450207,0.0012871117902407048,EURCAD_merged,88.32774187761477
2021-08-26 23:00:00,2021-08-30 09:00:00,1.5,60.0,1.5761459883782134,22516.37126254591,-1,1.49128,1.495253855243222,1.485319217135167,1.46602,1.49248,66.98055421538092,0.0012614313848067925,EURCAD_merged,88.42385401162178
2021-08-29 17:00:00,2021-08-30 20:00:00,-1.1,60.0,1.0544729077172073,15063.898681674389,-1,0.88326,0.8867780534017048,0.8779829198974429,0.86784,0.88409,64.02132778953025,0.0012082070052895641,NZDCAD_merged,-67.05447290771721
2021-08-29 19:00:00,2021-08-30 20:00:00,-1.1,90.0,1.5967499357293822,22810.713367562606,1,1.96343,1.9556832584951382,1.9750501122572925,1.96458,2.00734,38.46681129697362,0.00266191230451237,GBPNZD_merged,-100.59674993572939
2021-08-31 01:00:00,2021-08-31 10:00:00,-1.1,60.0,0.9638536379705288,13769.33768529327,-1,0.88625,0.8901118415217454,0.8804572377173818,0.86784,0.88409,68.351572742527,0.0013331890424450208,NZDCAD_merged,-66.96385363797053
2021-08-31 03:00:00,2021-09-01 10:00:00,-1.1,60.0,0.9580673770475867,13686.676814965525,-1,0.88775,0.891641740903954,0.8819123886440691,0.86784,0.88409,68.7546431676621,0.001286729327414336,NZDCAD_merged,-66.95806737704758
2021-08-31 08:00:00,2021-09-02 04:00:00,-1.1,60.00000000000001,1.170981978583745,16728.313979767787,1,1.95152,1.9445204183241886,1.9620193725137167,1.96458,2.00661,34.77548891085967,0.0026562791699326197,GBPNZD_merged,-67.17098197858375
2021-08-31 08:00:00,2021-09-02 04:00:00,-1.1,15.0,0.2819030689183089,4027.186698832985,1,1.95152,1.9442512036443498,1.96169631489791,1.96458,2.00661,34.77548891085967,0.0026562791699326197,GBPNZD_merged,-16.781903068918307
2021-08-31 08:00:00,2021-09-02 08:00:00,-1.1,60.0,1.0148510481059123,14497.87211579875,1,1.95152,1.9434435596048332,1.9636346605927502,1.96458,2.00734,34.77548891085967,0.0026562791699326197,GBPNZD_merged,-67.01485104810591
2021-09-02 04:00:00,2021-09-02 09:00:00,-1.1,30.000000000000004,0.6877781699164301,9825.402427377574,-1,0.92988,0.9327192119514891,0.9256211820727664,0.91092,0.93106,68.50081656527409,0.0009480894135561387,AUDCAD_merged,-33.687778169916434
2021-09-02 03:00:00,2021-09-02 09:00:00,-1.1,30.0,0.6952432119094519,9932.045884420742,-1,0.93053,0.9333406897939113,0.926313965309133,0.91092,0.93106,65.93331045679479,0.0009464039838296858,AUDCAD_merged,-33.69524321190945
2021-09-01 17:00:00,2021-09-02 09:00:00,-1.1,30.0,0.6085594330546973,8693.706186495676,-1,0.92934,0.9325469406766136,0.9248502830527411,0.91092,0.93106,70.68008769989004,0.00109619592371372,AUDCAD_merged,-33.608559433054694
2021-09-02 11:00:00,2021-09-03 08:00:00,-1.1,30.000000000000004,0.5711297935809331,8158.997051156188,-1,0.93054,0.9339615234819878,0.9264341718216147,0.91092,0.93106,53.985370894491574,0.0011504715539486048,AUDCAD_merged,-33.57112979358094
2021-09-02 12:00:00,2021-09-03 08:00:00,-1.1,90.00000000000001,1.47064242169136,21009.17745273372,-1,0.7109,0.7139453833875192,0.7063319249187211,0.68046,0.70882,69.57097085500176,0.0010108370452647918,NZDUSD_merged,-100.4706424216914
2021-09-03 07:00:00,2021-09-03 08:00:00,-1.1,60.0,1.332347728653759,19033.53898076799,-1,0.7429,0.7452418661156519,0.7393872008265222,0.71056,0.74263,75.15166496151494,0.0008768322619966825,AUDUSD_merged,-67.33234772865376
2021-09-02 12:00:00,2021-09-03 08:00:00,-1.1,90.0,1.5795788973722016,22565.412819602883,-1,0.7109,0.7137353569470007,0.7066469645794989,0.68046,0.70882,71.95049480828753,0.0010108370452647918,NZDUSD_merged,-100.57957889737222
2021-09-02 12:00:00,2021-09-03 08:00:00,-1.1,60.0,1.1846841730291513,16924.059614702164,-1,0.7109,0.7134203172862228,0.707371555799288,0.68046,0.70882,67.33254182856614,0.0010108370452647918,NZDUSD_merged,-67.18468417302915
2021-09-02 13:00:00,2021-09-03 08:00:00,-1.1,90.0,1.4956656920816622,21366.652744023748,-1,0.65101,0.6537521655933631,0.6468967516099553,0.62357,0.6503,72.4349387530243,0.000994501394542874,NZDCHF_merged,-100.49566569208167
2021-09-07 18:00:00,2021-09-08 09:00:00,-1.1,30.0,0.6986774068080334,9981.105811543335,-1,0.9192,0.9219628201244102,0.9150557698133847,0.9101,0.91994,65.45426749631024,0.0008823014670793657,USDCHF_merged,-33.69867740680803
2021-09-07 09:00:00,2021-09-09 05:00:00,1.5,15.0,0.38248609421874163,5464.087060267738,-1,0.85992,0.8622806505272937,0.8563790242090594,0.84498,0.85936,54.979453349065736,0.0008149632584480631,EURGBP_merged,22.11751390578126
2021-09-16 20:00:00,2021-09-17 14:00:00,-1.1,15.0,0.4650826602736434,6644.038003909192,-1,1.09103,1.093493178264539,1.0873352326031915,1.06959,1.08401,65.26443923972676,0.0008009837485477751,EURCHF_merged,-16.965082660273644
2021-09-20 02:00:00,2021-09-20 03:00:00,-1.1,30.0,0.7141331717958533,10201.902454226478,1,1.37111,1.3670780755442864,1.3771578866835703,1.37261,1.38915,26.69646362555789,0.0014186909029589537,GBPUSD_merged,-33.71413317179585
2021-09-20 02:00:00,2021-09-20 03:00:00,-1.1,30.0,0.7141331717958533,10201.902454226478,1,1.37111,1.3670780755442864,1.3767546942379991,1.37261,1.38915,27.708998625952916,0.0014186909029589537,GBPUSD_merged,-33.71413317179585
2021-09-20 02:00:00,2021-09-20 03:00:00,-1.1,15.0,0.35706658589792667,5100.951227113239,1,1.37111,1.3670780755442864,1.3771578866835703,1.37261,1.38915,27.708998625952916,0.0014186909029589537,GBPUSD_merged,-16.857066585897925
2021-09-20 02:00:00,2021-09-20 03:00:00,-1.1,30.0,0.7141331717958533,10201.902454226478,1,1.37111,1.3670780755442864,1.3759483093468563,1.37261,1.38915,25.601238402812374,0.0014186909029589537,GBPUSD_merged,-33.71413317179585
2021-09-20 07:00:00,2021-09-20 08:00:00,-1.1,15.0,0.21617620293711293,3088.231470530185,-1,1.28239,1.2886187591404854,1.2730468612892716,1.24932,1.27617,71.12251713223073,0.002242949257769321,USDCAD_merged,-16.716176202937113
2021-09-19 20:00:00,2021-09-20 10:00:00,1.4,15.0,0.3296578980213584,4709.398543162263,-1,0.93203,0.9349986274949693,0.927873921507043,0.9101,0.91994,73.18084733511576,0.0009481466055857466,USDCHF_merged,20.67034210197864
2021-09-20 07:00:00,2021-09-20 13:00:00,-1.1,30.0,0.5792945745469421,8275.636779242031,1,1.36927,1.3643062611245775,1.375226486650507,1.37261,1.38915,28.01150982203638,0.001802109651916503,GBPUSD_merged,-33.57929457454694
2021-09-20 07:00:00,2021-09-20 13:00:00,-1.1,30.0,0.5792945745469421,8275.636779242031,1,1.36927,1.3643062611245775,1.3767156083131338,1.37261,1.38915,28.520760364182614,0.001802109651916503,GBPUSD_merged,-33.57929457454694
2021-09-20 07:00:00,2021-09-20 13:00:00,-1.1,30.0,0.5792945745469421,8275.636779242031,1,1.36927,1.3643062611245775,1.3762192344255915,1.37261,1.38915,29.04863964920651,0.001802109651916503,GBPUSD_merged,-33.57929457454694
2021-09-17 16:00:00,2021-09-21 05:00:00,1.2,15.0,0.30278200431473035,4325.457204496148,1,117.936,117.52701664486216,118.42678002616542,119.28,120.6,30.099082028684755,0.13151865754266562,CHFJPY_merged,17.69721799568527
2021-09-17 16:00:00,2021-09-22 03:00:00,1.5,15.0,0.30278200431473035,4325.457204496148,1,117.936,117.52701664486216,118.54947503270678,119.28,120.6,30.821748647993548,0.13151865754266562,CHFJPY_merged,22.19721799568527
2021-09-29 20:00:00,2021-09-30 10:00:00,1.4,15.0,0.19300581564788127,2757.2259378268755,1,0.7178,0.7138949881356165,0.7232670166101369,0.72196,0.74775,37.26926585405486,0.0013322655770710986,AUDUSD_merged,20.806994184352117
2021-09-29 20:00:00,2021-09-30 10:00:00,1.5,15.0,0.19300581564788127,2757.2259378268755,1,0.7178,0.7138949881356165,0.7236575177965753,0.72196,0.74775,37.08420963122243,0.0013322655770710986,AUDUSD_merged,22.306994184352117
2021-09-29 21:00:00,2021-09-30 11:00:00,1.2,15.0,0.18889927378688814,2698.561054098402,1,0.71904,0.7150432032687867,0.723836156077456,0.72196,0.74775,39.119866046930575,0.0013213894644231602,AUDUSD_merged,17.811100726213112
2021-09-30 09:00:00,2021-10-04 08:00:00,1.2,30.0,0.6666735552902378,9523.907932717682,1,1.15906,1.1554089987255602,1.1634412015293278,1.16638,1.1909,35.425206254425255,0.0012800718230409037,EURUSD_merged,35.33332644470976
2021-09-30 19:00:00,2021-10-04 08:00:00,-1.1,30.000000000000004,0.7188672625314158,10269.532321877368,1,1.07908,1.0759277240262406,1.0828627311685113,1.08127,1.09376,36.41758337943817,0.0009985616109255474,EURCHF_merged,-33.718867262531425
2021-09-30 09:00:00,2021-10-06 03:00:00,-1.1,30.0,0.7692387176425818,10989.12453775117,1,1.15906,1.1558957988954854,1.1638063016567717,1.16638,1.1909,35.05624304568818,0.0012800718230409037,EURUSD_merged,-33.76923871764258
2021-09-30 09:00:00,2021-10-06 04:00:00,-1.1,30.0,0.6666735552902378,9523.907932717682,1,1.15906,1.1554089987255602,1.1645365019116598,1.16638,1.1909,35.196695177814796,0.0012800718230409037,EURUSD_merged,-33.66667355529024
2021-09-30 09:00:00,2021-10-06 04:00:00,-1.1,30.0,0.6666735552902378,9523.907932717682,1,1.15906,1.1554089987255602,1.1641714017842157,1.16638,1.1909,35.05624304568818,0.0012800718230409037,EURUSD_merged,-33.66667355529024
2021-10-05 08:00:00,2021-10-07 10:00:00,-1.1,30.0,0.6733592593064056,9619.41799009151,1,0.85154,0.8488843091852007,0.8552579671407188,0.85003,0.86133,33.72583269794541,0.0008841423950568833,EURGBP_merged,-33.67335925930641
2021-10-07 13:00:00,2021-10-08 08:00:00,-1.1,30.000000000000004,0.6032080044048092,8617.25720578299,1,1.451,1.4459485086773565,1.4585772369839654,1.46602,1.50976,29.535961749382704,0.0016942711236753714,EURCAD_merged,-33.60320800440481
2021-10-07 13:00:00,2021-10-08 08:00:00,-1.1,30.000000000000004,0.6032080044048092,8617.25720578299,1,1.451,1.4459485086773565,1.4570617895871723,1.46602,1.50976,28.795889947228318,0.0016942711236753714,EURCAD_merged,-33.60320800440481
2021-10-07 13:00:00,2021-10-08 08:00:00,-1.1,15.0,0.33511555800267173,4787.365114323882,1,1.451,1.446453657809621,1.4573648790665308,1.46602,1.50976,30.205941310555776,0.0016942711236753714,EURCAD_merged,-16.835115558002673
2021-10-08 12:00:00,2021-10-12 04:00:00,-1.1,30.0,0.4980389969062652,7114.8428129466465,1,1.70056,1.6933895253540716,1.709164569575114,1.72737,1.7602,32.00572671049035,0.002413718342787374,GBPCAD_merged,-33.49803899690627
2021-10-14 08:00:00,2021-10-15 02:00:00,-1.1,15.0,0.3422286547599373,4888.980782284819,1,1.23825,1.234450895273039,1.2428089256723533,1.24932,1.28956,29.99919201192751,0.0012894847964403245,USDCAD_merged,-16.842228654759936
2021-10-15 11:00:00,2021-10-18 20:00:00,-1.1,15.0,0.29461770961991907,4208.824423141701,-1,132.377,132.8487837572606,131.6693243641091,127.929,130.474,65.5866120437316,0.15845687724733135,EURJPY_merged,-16.79461770961992
2021-10-15 04:00:00,2021-10-19 00:00:00,-1.1,15.0,0.21166581955275632,3023.7974221822333,-1,84.7,85.12016703588665,84.06974944617004,78.844,82.025,71.42989779411432,0.14226598729824905,AUDJPY_merged,-16.711665819552756
2021-10-15 08:00:00,2021-10-19 05:00:00,-1.1,15.0,0.31483514052427736,4497.644864632534,-1,123.676,124.08846920462484,123.05729619306274,117.533,120.6,64.3607063065378,0.15107142020007286,CHFJPY_merged,-16.814835140524277
2021-10-19 16:00:00,2021-10-20 00:00:00,-1.1,15.0,0.22881119245756296,3268.731320822328,-1,81.787,82.16231533784533,81.22402699323203,76.333,78.649,70.15523643167644,0.12145474742831215,NZDJPY_merged,-16.728811192457563
2021-10-20 04:00:00,2021-10-20 16:00:00,-1.1,15.0,0.21354331562793205,3050.618794684744,-1,81.965,82.36802479029572,81.36046281455643,76.333,78.649,65.62566982622857,0.13360291128200816,NZDJPY_merged,-16.71354331562793
2021-10-20 17:00:00,2021-10-20 22:00:00,-1.1,60.00000000000001,1.0853184074107585,15504.54867729655,-1,0.75128,0.7541873274519758,0.7469190088220362,0.717,0.74775,65.29373068812707,0.0010259176570366036,AUDUSD_merged,-67.08531840741077
2021-10-21 00:00:00,2021-10-21 00:00:00,1.3,15.0,0.23527985912702937,3361.1408446718483,-1,86.034,86.41794999187427,85.53486501056346,78.844,82.025,50.903460761182316,0.16525892587666832,AUDJPY_merged,19.26472014087297
2021-10-20 04:00:00,2021-10-21 08:00:00,1.5,15.0,0.24209605561601774,3458.5150802288254,-1,0.66286,0.6657349043359215,0.6585476434961176,0.63937,0.65809,67.38574168720194,0.0009841072996793177,NZDCHF_merged,22.257903944383983
2021-10-21 01:00:00,2021-10-21 12:00:00,1.3,60.0,0.7774708646956039,11106.726638508628,-1,85.656,86.11872499245467,85.05445750980893,78.844,82.025,46.70761832652596,0.17166900259976312,AUDJPY_merged,77.2225291353044
2021-10-21 02:00:00,2021-10-26 20:00:00,-1.1,30.0,0.44445070913800344,6349.295844828621,-1,0.74968,0.7532221880708737,0.7443667178936895,0.717,0.74775,47.897543395558145,0.0013284838650580906,AUDUSD_merged,-33.444450709138
2021-11-16 20:00:00,2021-11-17 11:00:00,1.3,60.0,1.4397709415526316,20568.15630789474,-1,114.811,115.14591869163577,114.3756057008735,109.112,114.442,68.1095893408037,0.12149854569553414,USDJPY_merged,76.56022905844736
2021-11-16 17:00:00,2021-11-22 15:00:00,-1.1,14.999999999999998,0.26794928170015986,3827.846881430856,-1,0.92973,0.9333732883634015,0.9242650674548976,0.90852,0.93129,66.43138964138029,0.0012422844513354798,USDCHF_merged,-16.76794928170016
2021-11-26 04:00:00,2021-11-26 09:00:00,-1.1,15.0,0.17709805415637525,2529.9722022339324,-1,1.64798,1.6577507397647187,1.633323890352922,1.60801,1.63513,72.21636654080447,0.0033421337366986627,EURNZD_merged,-16.677098054156374
2021-12-07 12:00:00,2021-12-08 06:00:00,-1.1,15.0,0.23720180648695707,3388.5972355279587,1,1.67457,1.6671573309059444,1.6856890036410832,1.68372,1.70878,23.57275132711931,0.0024949433059783636,GBPCAD_merged,-16.737201806486958
2021-12-20 13:00:00,2021-12-21 05:00:00,1.1,60.0,0.8930621415673003,12758.030593818577,1,0.61853,0.6156211027586044,0.6217297869655353,0.61762,0.66335,38.60876617968359,0.0011454475468041072,NZDCHF_merged,65.1069378584327
2021-12-20 13:00:00,2021-12-21 05:00:00,1.5,15.0,0.31009102137753486,4429.871733964784,1,0.61853,0.6164355939861952,0.6216716090207073,0.61762,0.66335,38.29000240575311,0.0011454475468041072,NZDCHF_merged,22.189908978622466
2021-12-20 13:00:00,2021-12-21 05:00:00,1.5,15.0,0.265792304037887,3797.0329148269575,1,0.61853,0.6160865263172277,0.6221952105241585,0.61762,0.65412,39.56645549729181,0.0011454475468041072,NZDCHF_merged,22.234207695962112
2021-12-20 13:00:00,2021-12-21 05:00:00,1.0,15.0,0.19247028913088368,2749.575559012624,1,0.61853,0.615155679199981,0.621904320800019,0.61762,0.66335,38.60876617968359,0.0011454475468041072,NZDCHF_merged,14.807529710869117
2021-12-20 13:00:00,2021-12-21 05:00:00,1.0,15.0,0.18605461282652092,2657.9230403788706,1,0.61853,0.6150393233103253,0.6220206766896748,0.61762,0.66335,39.22532120622314,0.0011454475468041072,NZDCHF_merged,14.81394538717348
2021-12-20 13:00:00,2021-12-21 06:00:00,1.5,15.0,0.23256826603315117,3322.4038004735885,1,0.61853,0.6157374586482602,0.6227188120276097,0.61762,0.66335,38.60876617968359,0.0011454475468041072,NZDCHF_merged,22.26743173396685
2021-12-20 13:00:00,2021-12-21 06:00:00,1.4,15.000000000000002,0.21467839941521646,3066.8342773602353,1,0.61853,0.6155047468689485,0.622765354383472,0.61762,0.66335,38.60876617968359,0.0011454475468041072,NZDCHF_merged,20.785321600584783
2021-12-19 20:00:00,2021-12-21 07:00:00,1.1,15.0,0.4721104477151322,6744.434967359032,1,1.03879,1.036479673030371,1.0413313596665923,1.03754,1.07649,38.04490686534896,0.0008981214458622934,EURCHF_merged,16.02788955228487
2021-12-28 16:00:00,2021-12-29 04:00:00,-1.1,60.0,4.199999999999999,60000.0,1,1.03745,1.0364125499999999,1.039006175,1.03754,1.07649,34.80462442557015,0.0004996564524293635,EURCHF_merged,-70.2
2021-12-28 16:00:00,2021-12-30 06:00:00,-1.1,60.00000000000001,3.0026299473855134,42894.713534078764,1,1.03745,1.035998842156259,1.038901157843741,1.03754,1.07649,36.50856828376515,0.0004996564524293635,EURCHF_merged,-69.00262994738553
2021-12-28 16:00:00,2021-12-30 06:00:00,-1.1,60.0,3.4830507389671954,49757.867699531365,1,1.03745,1.036199001858844,1.0388260979552715,1.03754,1.07649,36.50856828376515,0.0004996564524293635,EURCHF_merged,-69.4830507389672
2021-12-28 15:00:00,2021-12-30 09:00:00,-1.1,60.0,2.9146578448650575,41637.969212357966,1,1.03704,1.0355456331714292,1.0385343668285707,1.03754,1.07649,38.918308385349754,0.0005003992564624007,EURCHF_merged,-68.91465784486506
2021-12-30 11:00:00,2021-12-31 03:00:00,-1.1,30.0,0.7070797643670408,10101.139490957727,1,0.83934,0.8368471921318836,0.8418328078681163,0.83802,0.8599,38.08216460242374,0.0008722976734645799,EURGBP_merged,-33.70707976436704
2021-12-29 12:00:00,2021-12-31 07:00:00,-1.1,60.0,1.2019452038191416,17170.645768844883,1,0.91489,0.9116930672381816,0.9184066260380003,0.9157,0.92939,41.65228695380485,0.0012481464543897208,USDCHF_merged,-67.20194520381914
2021-12-29 22:00:00,2021-12-31 09:00:00,-1.1,15.0,0.39882634847102155,5697.519263871737,-1,155.26,155.66875684524098,154.7286161011867,148.975,154.731,65.24705086545545,0.15946682823236905,GBPJPY_merged,-16.898826348471022
2021-12-29 22:00:00,2021-12-31 09:00:00,-1.1,30.0,0.7976526969420431,11395.038527743474,-1,155.26,155.66875684524098,154.8103674702349,148.975,154.731,65.59526073145095,0.15946682823236905,GBPJPY_merged,-33.797652696942045
2021-12-30 10:00:00,2021-12-31 12:00:00,1.0,30.0,0.7933873387832033,11334.104839760048,1,0.83884,0.8366196923219097,0.8410603076780904,0.83802,0.8599,42.3561570677783,0.0008309359560387766,EURGBP_merged,29.206612661216795
2021-12-31 12:00:00,2022-01-03 08:00:00,1.5,15.0,0.36948772135894187,5278.396019413456,-1,90.946,91.20444783054978,90.55832825417532,87.436,90.361,69.16171967088884,0.15649204451549664,CADJPY_merged,22.130512278641056
2021-12-31 12:00:00,2022-01-03 08:00:00,1.0,30.0,0.4077105890857289,5824.436986938985,-1,90.946,91.41443669287148,90.47756330712852,87.436,90.361,69.67105925196991,0.15649204451549664,CADJPY_merged,29.592289410914272
2021-12-31 12:00:00,2022-01-03 08:00:00,1.5,30.0,0.6568670601936745,9383.815145623921,-1,90.946,91.2367538093685,90.50986928594725,87.436,90.361,70.00371133672549,0.15649204451549664,CADJPY_merged,44.343132939806324
2021-12-31 13:00:00,2022-01-03 08:00:00,1.1,15.0,0.24405521774762137,3486.503110680306,-1,90.935,91.32623011128874,90.50464687758239,87.436,90.361,71.96681106193532,0.15709975562153305,CADJPY_merged,16.255944782252378
2021-12-31 12:00:00,2022-01-03 10:00:00,1.5,30.000000000000004,0.5630289087374354,8043.270124820506,-1,90.946,91.28521277759658,90.43718083360513,87.436,90.361,68.8769306630768,0.15649204451549664,CADJPY_merged,44.43697109126257
2022-01-04 01:00:00,2022-01-04 06:00:00,-1.1,15.0,0.42624171014219736,6089.167287745677,-1,115.746,116.03112765669849,115.34682128062211,113.138,115.522,73.88708202155004,0.10883130596374589,USDJPY_merged,-16.926241710142197
2022-01-04 01:00:00,2022-01-04 06:00:00,-1.1,30.0,0.8865827570957706,12665.46795851101,-1,115.746,116.02016120836393,115.44442267079967,113.138,115.522,73.88708202155004,0.10883130596374589,USDJPY_merged,-33.88658275709577
2022-01-04 01:00:00,2022-01-04 06:00:00,-1.1,30.0,1.2313649404107925,17590.92772015418,-1,115.746,115.94339607002202,115.44990589496695,113.138,115.522,76.39370790563046,0.10883130596374589,USDJPY_merged,-34.23136494041079
2022-01-04 01:00:00,2022-01-04 06:00:00,-1.1,29.999999999999996,0.7642954802549745,10918.506860785352,-1,115.746,116.06402700170216,115.42797299829783,113.138,115.522,73.88708202155004,0.10883130596374589,USDJPY_merged,-33.76429548025497
2022-01-04 01:00:00,2022-01-04 06:00:00,-1.1,15.0,0.4432913785478853,6332.733979255505,-1,115.746,116.02016120836393,115.38959042912688,113.138,115.522,71.92255258262007,0.10883130596374589,USDJPY_merged,-16.943291378547887
2022-01-04 01:00:00,2022-01-04 06:00:00,-1.1,15.000000000000002,0.36940948212323776,5277.278316046254,-1,115.746,116.07499345003671,115.41700654996328,112.53,115.522,71.92255258262007,0.10883130596374589,USDJPY_merged,-16.869409482123242
2022-01-04 08:00:00,2022-01-04 11:00:00,-1.1,30.0,0.7419000124840689,10598.571606915271,1,0.83607,0.8337034452480715,0.8386732102271214,0.83802,0.8599,32.09657824974297,0.0010097203364305921,EURGBP_merged,-33.74190001248407
2022-01-06 03:00:00,2022-01-06 09:00:00,-1.1,30.0,0.8684611347748561,12406.587639640802,-1,1.88612,1.890680770587652,1.8792788441185222,1.83862,1.86451,77.6704526368639,0.0026906356206140942,GBPAUD_merged,-33.868461134774854
2022-01-06 03:00:00,2022-01-07 03:00:00,-1.1,30.0,0.5390448422740486,7700.64060391498,-1,1.88612,1.893467908168995,1.8787720918310051,1.83862,1.86451,74.80851005376522,0.0026906356206140942,GBPAUD_merged,-33.53904484227405
2022-01-04 08:00:00,2022-01-10 08:00:00,-1.1,30.000000000000004,0.6395689762793698,9136.699661133855,1,0.83607,0.8333247964877629,0.838815203512237,0.83802,0.8599,32.09657824974297,0.0010097203364305921,EURGBP_merged,-33.63956897627938
2022-01-04 10:00:00,2022-01-11 04:00:00,-1.1,30.0,0.9524226712995817,13606.038161422597,1,0.83481,0.8329693245805375,0.8375710131291939,0.83802,0.8599,29.434332016938175,0.0010638404941671839,EURGBP_merged,-33.95242267129958
2022-01-04 10:00:00,2022-01-11 04:00:00,-1.1,60.00000000000001,1.6327245793707117,23324.636848153026,1,0.83481,0.8326625453439604,0.8380311819840596,0.83802,0.8599,34.58471139793989,0.0010638404941671839,EURGBP_merged,-67.63272457937073
2022-01-09 18:00:00,2022-01-11 10:00:00,-1.1,30.0,0.6612438977160627,9446.341395943755,1,0.85562,0.8529026940162229,0.8596959589756659,0.85479,0.87696,39.799405663624924,0.0013693869996293606,NZDCAD_merged,-33.66124389771606
2022-01-11 15:00:00,2022-01-11 21:00:00,-1.1,60.00000000000001,1.7894990264115118,25564.271805878743,1,1.25816,1.2552070662894985,1.262589400565752,1.26201,1.29633,31.7070175824938,0.0017858990284159916,USDCAD_merged,-67.78949902641152
2022-01-11 14:00:00,2022-01-12 03:00:00,-1.1,15.0,0.44956523229508216,6422.3604613583175,1,0.85317,0.8511773447952665,0.8561589828071001,0.85479,0.87696,37.3478869609129,0.0011086713357752,NZDCAD_merged,-16.949565232295082
2022-01-12 03:00:00,2022-01-12 05:00:00,-1.1,30.000000000000004,0.9143802026596106,13062.574323708724,1,1.25738,1.2544922537514267,1.26171161937286,1.26201,1.29633,34.94444806145634,0.0013947517425664277,USDCAD_merged,-33.914380202659615
2022-01-11 14:00:00,2022-01-12 05:00:00,-1.1,30.0,0.7706832553629981,11009.760790899974,1,0.85317,0.8508452355944777,0.8566571466082835,0.85479,0.87696,38.86762976362848,0.0011086713357752,NZDCAD_merged,-33.770683255363
2022-01-11 14:00:00,2022-01-12 05:00:00,-1.1,15.0,0.26973913937704935,3853.4162768149913,1,0.85317,0.8498489079921109,0.8564910920078891,0.85479,0.87696,38.66599963557228,0.0011086713357752,NZDCAD_merged,-16.769739139377048
2022-01-11 14:00:00,2022-01-12 05:00:00,-1.1,14.999999999999998,0.31123746851198,4446.249550171143,1,0.85317,0.8502917202598295,0.8571995916362387,0.85479,0.87696,38.134860990694854,0.0011086713357752,NZDCAD_merged,-16.81123746851198
2022-01-11 15:00:00,2022-01-12 05:00:00,-1.1,15.0,0.298249837735252,4260.711967646457,1,1.25816,1.2537305994342478,1.2648041008486282,1.26063,1.29633,30.11183836831866,0.0017858990284159916,USDCAD_merged,-16.798249837735252
2022-01-12 02:00:00,2022-01-12 05:00:00,-1.1,60.0,2.450506910108434,35007.241572977626,1,1.25607,1.2539171825652733,1.2592992261520903,1.26201,1.29633,37.719474432290745,0.001375117261225389,USDCAD_merged,-68.45050691010843
2022-01-11 14:00:00,2022-01-12 05:00:00,-1.1,30.0,0.5580809780214814,7972.585400306878,1,0.85317,0.8499596110590405,0.8563803889409595,0.85479,0.87696,38.134860990694854,0.0011086713357752,NZDCAD_merged,-33.55808097802148
2022-01-12 03:00:00,2022-01-12 06:00:00,-1.1,30.0,0.6621373881328214,9459.105544754593,1,1.25738,1.2533921599424462,1.2613678400575536,1.26063,1.29633,34.34307873497734,0.0013947517425664277,USDCAD_merged,-33.66213738813282
2022-01-12 14:00:00,2022-01-13 02:00:00,-1.1,15.0,0.25246991355082304,3606.713050726044,-1,0.68413,0.6869752360516826,0.6804311931328126,0.67008,0.68564,70.49440711458732,0.0011439448191964071,NZDUSD_merged,-16.752469913550822
2022-01-18 05:00:00,2022-01-18 06:00:00,-1.1,30.0,1.0937209857997525,15624.585511425039,1,0.84807,0.8464416624046509,0.8505125063930237,0.85479,0.87696,32.948768591598345,0.0010193030687293825,NZDCAD_merged,-34.093720985799756
2022-01-18 05:00:00,2022-01-18 17:00:00,-1.1,15.0,0.48609821591100116,6944.2602273000175,1,0.84807,0.8462381202052323,0.8508178196921515,0.85479,0.87696,31.186505105770575,0.0010193030687293825,NZDCAD_merged,-16.986098215911
2022-01-18 17:00:00,2022-01-20 10:00:00,-1.1,15.0,0.39375979297849245,5625.13989969275,1,0.8329,0.830678988572234,0.835121011427766,0.83802,0.8599,33.991457568661616,0.000744732723176298,EURGBP_merged,-16.893759792978493
2022-01-20 22:00:00,2022-01-21 03:00:00,-1.1,15.0,0.3220581596624945,4600.830852321351,1,0.67377,0.6715733206774162,0.6770650189838757,0.67327,0.68564,31.592609624740888,0.0012110647299043535,NZDUSD_merged,-16.822058159662493
2022-01-20 21:00:00,2022-01-21 03:00:00,1.5,15.0,0.40781088229638107,5825.869747091158,1,124.241,123.92111385751792,124.7208292137231,124.126,127.072,34.957095528315094,0.15366053919275274,CHFJPY_merged,22.09218911770362
2022-01-20 22:00:00,2022-01-21 04:00:00,-1.1,30.0,0.5520997022785621,7887.13860397946,1,0.67377,0.6712072074569855,0.6776141888145216,0.67327,0.68902,35.97134767730382,0.0012110647299043535,NZDUSD_merged,-33.55209970227856
2022-01-20 19:00:00,2022-01-21 04:00:00,1.4,30.0,0.7246507746556402,10352.153923652004,1,124.311,123.9507532313078,124.8153454761691,124.126,127.072,25.806008720975672,0.1466595602472169,CHFJPY_merged,41.27534922534436
2022-01-20 16:00:00,2022-01-21 09:00:00,1.4,15.000000000000002,0.28137008272123276,4019.5726103033253,1,1.41449,1.409211491049667,1.4218799125304664,1.42092,1.46455,42.917338713570906,0.0019673246251189734,EURCAD_merged,20.71862991727877
2022-01-21 07:00:00,2022-01-21 10:00:00,-1.1,15.0,0.35360701299054825,5051.528757007833,1,0.61417,0.6123462847559326,0.616905572866101,0.61823,0.62846,29.644810161947323,0.0011726918827177032,NZDCHF_merged,-16.853607012990548
2022-01-21 06:00:00,2022-01-21 14:00:00,-1.1,15.000000000000002,0.21701404933561647,3100.2007047945212,1,0.65712,0.6539405929426582,0.6618891105860129,0.65637,0.66742,36.02725379241125,0.001286556301947752,AUDCHF_merged,-16.71701404933562
2022-01-21 06:00:00,2022-01-21 14:00:00,-1.1,29.999999999999996,0.4960321127671232,7086.173039530332,1,0.65712,0.6543380188248259,0.6612929717627613,0.65637,0.66781,38.42027009033468,0.001286556301947752,AUDCHF_merged,-33.496032112767125
2022-01-20 22:00:00,2022-01-23 17:00:00,-1.1,30.0,0.4459266826096078,6370.381180137255,1,0.67377,0.6705970187562678,0.678212173741225,0.67327,0.68564,33.703699643345246,0.0012110647299043535,NZDUSD_merged,-33.44592668260961
2022-01-21 06:00:00,2022-01-23 17:00:00,-1.1393810308071088,30.0,0.4006413218503687,5723.447455005268,1,0.65712,0.6536756423545463,0.6619421007036352,0.65637,0.66742,36.02725379241125,0.001286556301947752,AUDCHF_merged,-34.58207224606363
2022-01-20 22:00:00,2022-01-24 03:00:00,-1.1,15.0,0.19989816806637592,2855.688115233942,1,0.67377,0.6702309055358372,0.6773090944641628,0.67327,0.68564,33.703699643345246,0.0012110647299043535,NZDUSD_merged,-16.699898168066376
2022-01-20 22:00:00,2022-01-24 03:00:00,-1.1,15.000000000000002,0.19323489579749675,2760.498511392811,1,0.67377,0.6701088677956936,0.6774311322043064,0.67327,0.72181,35.30889943413724,0.0012110647299043535,NZDUSD_merged,-16.6932348957975
2022-01-24 14:00:00,2022-01-25 07:00:00,-1.1,14.999999999999998,0.33729890714330335,4818.555816332905,1,0.66845,0.6663691379363058,0.6715712930955412,0.67327,0.68902,38.39643552886144,0.001302643161965358,NZDUSD_merged,-16.837298907143303
2022-01-24 14:00:00,2022-01-25 08:00:00,-1.1,15.0,0.2998212507940474,4283.160725629249,1,0.66845,0.6661090301783441,0.6719614547324839,0.67327,0.68564,39.24557576489545,0.001302643161965358,NZDUSD_merged,-16.799821250794047
2022-01-24 14:00:00,2022-01-26 14:00:00,-1.1,15.0,0.25698964353775494,3671.280621967928,1,0.66845,0.6657188685414014,0.6725466971878978,0.67327,0.68902,38.39090146018739,0.001302643161965358,NZDUSD_merged,-16.756989643537754
2022-01-24 14:00:00,2022-01-26 14:00:00,-1.1,14.999999999999998,0.22486593809553557,3212.370544221937,1,0.66845,0.6653287069044588,0.6731319396433119,0.67327,0.68564,38.59176022416617,0.001302643161965358,NZDUSD_merged,-16.724865938095537
2022-01-27 16:00:00,2022-01-28 05:00:00,-1.1,15.0,0.25217909832514906,3602.55854750213,1,0.89577,0.8920402757435222,0.8994997242564777,0.89703,0.93024,36.3503553299698,0.0012122956031954972,AUDCAD_merged,-16.75217909832515
2022-01-28 16:00:00,2022-01-31 01:00:00,1.5,14.999999999999998,0.25238166477369073,3605.452353909868,1,75.431,75.11717946128923,75.90173080806615,76.021,79.239,34.869759952828346,0.17203440489047503,NZDJPY_merged,22.247618335226306
2022-01-28 11:00:00,2022-01-31 03:00:00,1.3,15.0,0.22398853937033608,3199.836276719087,-1,1.91717,1.9261571941915374,1.9054866475510015,1.83862,1.86451,70.08329206481329,0.0036245292711424002,GBPAUD_merged,19.276011460629665
2022-01-28 11:00:00,2022-01-31 03:00:00,1.0,14.999999999999998,0.18665711614194674,2666.5302305992395,-1,1.91717,1.9279546330298447,1.9063853669701554,1.83862,1.8916,70.08329206481329,0.0036245292711424002,GBPAUD_merged,14.813342883858052
2022-01-28 16:00:00,2022-01-31 03:00:00,1.0,30.0,0.302857997728429,4326.542824691843,1,75.431,74.90796576881539,75.95403423118461,76.021,79.239,37.224814859034055,0.17203440489047503,NZDJPY_merged,29.697142002271573
2022-01-28 11:00:00,2022-01-31 04:00:00,1.5,15.0,0.23332139517743347,3333.1627882490498,-1,1.91717,1.9257977064238758,1.9042284403641865,1.83862,1.8916,71.37367955610264,0.0036245292711424002,GBPAUD_merged,22.266678604822566
2022-01-28 11:00:00,2022-01-31 04:00:00,1.4,30.0,0.43074719109680015,6153.53130138286,-1,1.91717,1.9265166819591988,1.9040846452571218,1.83862,1.89909,71.37367955610264,0.0036245292711424002,GBPAUD_merged,41.5692528089032
2022-01-28 16:00:00,2022-01-31 09:00:00,1.4,30.0,0.34945153584049493,4992.164797721357,1,75.431,74.97770366630667,76.06561486717067,76.021,79.239,36.13065235358332,0.17203440489047503,NZDJPY_merged,41.650548464159506
2022-01-28 09:00:00,2022-01-31 13:00:00,1.4,15.000000000000002,0.32296822628901267,4613.831804128753,1,1.11686,1.1132289833719105,1.1219434232793253,1.12721,1.14827,44.88466518309694,0.0015110773671748545,EURUSD_merged,20.677031773710986
2022-02-14 11:00:00,2022-02-15 02:00:00,-0.21471641246506304,29.999999999999996,0.5630585397412626,8043.693424875181,1,0.83665,0.8335296050925587,0.8397703949074413,0.83802,0.8599,36.508921653589994,0.0010765508046842315,EURGBP_merged,-7.004550913693153
2022-02-14 19:00:00,2022-02-15 02:00:00,0.3527056106846574,30.0,1.104964954793371,15785.213639905303,1,0.83542,0.8338322736269694,0.837801589559546,0.83802,0.8599,32.09356007404274,0.0008533509067221296,EURGBP_merged,9.47620336574635
2022-02-14 15:00:00,2022-02-15 02:00:00,0.2522843815216532,30.0,0.7138248225656163,10197.49746522309,1,0.83536,0.8329024558735645,0.8390463161896533,0.83802,0.8599,29.966843805111285,0.000985835525108976,EURGBP_merged,6.85470662308398
2022-02-16 05:00:00,2022-02-16 22:00:00,1.5,15.0,0.26586634917843976,3798.09070254914,-1,131.583,132.10266768425916,130.80349847361123,128.244,131.598,61.87089073161585,0.1761352356040291,EURJPY_merged,22.234133650821562
2022-02-17 10:00:00,2022-02-18 15:00:00,-1.1,15.0,0.32298178263681376,4614.025466240197,-1,1.72914,1.7347613603912193,1.720707959413171,1.69476,1.73061,60.633655083152874,0.0020356552317819217,GBPCAD_merged,-16.822981782636813
2022-02-17 10:00:00,2022-02-18 16:00:00,-1.1,60.0,1.205798655177438,17225.6950739634,-1,1.72914,1.7351628861334492,1.720105670799826,1.69476,1.73061,61.80064446705619,0.0020356552317819217,GBPCAD_merged,-67.20579865517743
2022-02-21 07:00:00,2022-02-22 05:00:00,1.5,29.999999999999996,0.738561430450517,10550.87757786453,-1,1.73579,1.7407254851874359,1.7283867722188462,1.69476,1.73061,60.809008663909644,0.0016012216056349128,GBPCAD_merged,44.261438569549476
2022-02-21 20:00:00,2022-02-22 09:00:00,1.4,60.0,0.9566992026685992,13667.131466694276,1,89.965,89.57004513963635,90.51793680450912,89.948,91.708,37.91360413814841,0.13989195036274696,CADJPY_merged,83.0433007973314
2022-02-21 09:00:00,2022-02-22 10:00:00,1.5,15.0,0.2289053128669967,3270.075898099953,1,0.71969,0.7163887463482813,0.7246418804775782,0.72241,0.73682,35.25614399127475,0.00108324517791295,CADCHF_merged,22.271094687133004
2022-02-21 09:00:00,2022-02-22 10:00:00,1.4,60.0,1.2677810423920697,18111.15774845814,1,0.91698,0.9139421599698847,0.9212329760421615,0.91767,0.92968,34.23680810214791,0.001045564541662553,USDCHF_merged,82.73221895760793
2022-02-21 09:00:00,2022-02-22 10:00:00,1.4,14.999999999999998,0.23679859951758278,3382.8371359654684,1,0.71969,0.7164987881366719,0.7241576966086595,0.72241,0.73181,35.69798356630051,0.00108324517791295,CADCHF_merged,20.763201400482412
2022-02-21 09:00:00,2022-02-22 10:00:00,1.5,60.0,1.313058936763215,18757.984810903075,1,0.91698,0.9140469130743714,0.921379630388443,0.91767,0.92968,32.307695826719424,0.001045564541662553,USDCHF_merged,88.68694106323679
2022-02-21 09:00:00,2022-02-22 10:00:00,1.5,15.0,0.2452556923574965,3503.652747964236,1,0.71969,0.7166088299250626,0.7243117551124063,0.72241,0.73181,34.33131751227961,0.00108324517791295,CADCHF_merged,22.254744307642504
2022-02-21 09:00:00,2022-02-22 10:00:00,1.5,15.0,0.2289053128669967,3270.075898099953,1,0.71969,0.7163887463482813,0.7246418804775782,0.72241,0.73682,34.79982684663411,0.00108324517791295,CADCHF_merged,22.271094687133004
2022-02-21 09:00:00,2022-02-22 10:00:00,1.5,30.0,0.4578106257339934,6540.151796199906,1,0.71969,0.7163887463482813,0.7246418804775782,0.71957,0.73682,33.37162152153749,0.00108324517791295,CADCHF_merged,44.54218937426601
2022-02-21 09:00:00,2022-02-22 10:00:00,1.5,15.0,0.25433923651888524,3633.4176645555035,1,0.71969,0.7167188717134532,0.7241466924298204,0.72241,0.73682,35.25614399127475,0.00108324517791295,CADCHF_merged,22.245660763481116
2022-02-21 09:00:00,2022-02-22 10:00:00,1.5,15.0,0.2289053128669967,3270.075898099953,1,0.71969,0.7163887463482813,0.7246418804775782,0.72241,0.73682,32.89114198453936,0.00108324517791295,CADCHF_merged,22.271094687133004
2022-02-22 08:00:00,2022-02-23 07:00:00,-1.1,60.0,0.8653767349003096,12362.524784290139,1,1.87801,1.86889530846521,1.8916820373021848,1.88009,1.92205,29.6279876760216,0.0030426426179111753,GBPAUD_merged,-66.86537673490031
2022-02-22 08:00:00,2022-02-23 07:00:00,-1.1,60.0,0.9615297054447883,13736.138649211263,1,1.87801,1.869806777618689,1.8903148335719664,1.88009,1.92205,34.890476646325375,0.0030426426179111753,GBPAUD_merged,-66.96152970544479
2022-02-22 08:00:00,2022-02-23 07:00:00,-1.1,60.0,0.8653767349003096,12362.524784290139,1,1.87801,1.86889530846521,1.8916820373021848,1.87593,1.92205,30.926988856203156,0.0030426426179111753,GBPAUD_merged,-66.86537673490031
2022-02-22 22:00:00,2022-02-23 08:00:00,-1.1,60.0,0.7568918773406044,10812.741104865778,-1,0.67623,0.6799824064995639,0.6706013902506541,0.65289,0.67325,62.84814968066976,0.0013015633799574149,NZDUSD_merged,-66.7568918773406
2022-02-23 07:00:00,2022-02-23 19:00:00,1.5,90.0,1.315475221525504,18792.503164650057,-1,0.72574,0.7292156732207377,0.7205264901688937,0.69669,0.72483,66.23963439456419,0.0012397895885099043,AUDUSD_merged,133.6845247784745
2022-02-23 06:00:00,2022-02-23 19:00:00,1.5,60.0,0.7797801722679881,11139.716746685546,-1,0.66736,0.6709544899597122,0.6619682650604315,0.64832,0.66909,61.72520345470981,0.0012713359560270374,AUDCHF_merged,89.22021982773201
2022-02-23 06:00:00,2022-02-23 19:00:00,1.5,30.0,0.3638974137250611,5198.534481786588,-1,0.66736,0.6712112392425489,0.6615831411361767,0.64832,0.66781,62.565197570027316,0.0012713359560270374,AUDCHF_merged,44.63610258627494
2022-02-23 10:00:00,2022-02-23 21:00:00,1.4,15.0,0.32574918908827494,4653.559844118214,1,1.55999,1.5549616237066177,1.5670297268107352,1.55869,1.62242,41.13264610032672,0.0023172326650301436,EURAUD_merged,20.674250810911726
2022-02-22 20:00:00,2022-02-23 22:00:00,1.5,60.0,1.1086793914819453,15838.277021170648,-1,0.92209,0.9255831451145884,0.9168502823281174,0.89072,0.91649,65.42870753932182,0.0012448695533073815,AUDCAD_merged,88.89132060851806
2022-02-23 12:00:00,2022-02-23 22:00:00,1.5,60.0,0.7541622368429004,10773.746240612863,-1,0.67805,0.6818261238376528,0.672385814243521,0.65289,0.67325,58.09100944220977,0.0013194288237113694,NZDUSD_merged,89.2458377631571
2022-02-23 10:00:00,2022-02-24 03:00:00,1.2,15.0,0.26757969103679724,3822.5670148113895,1,1.55999,1.5538684984254476,1.567335801889463,1.55869,1.62242,41.056223832764076,0.0023172326650301436,EURAUD_merged,17.732420308963203
2022-02-24 07:00:00,2022-02-24 10:00:00,-1.1,90.0,1.433769047326492,20482.41496180703,-1,1.28143,1.2870606202278907,1.2729840696581642,1.26355,1.27835,64.5891612547976,0.0019787260959841326,USDCAD_merged,-100.4337690473265
2022-02-23 10:00:00,2022-02-25 03:00:00,-1.1,15.000000000000002,0.2583528051389767,3690.7543591282383,1,1.55999,1.5536498733692137,1.5695001899461796,1.55869,1.62242,41.056223832764076,0.0023172326650301436,EURAUD_merged,-16.75835280513898
2022-02-23 10:00:00,2022-02-25 03:00:00,-1.1,90.0,1.6054781462207834,22935.402088868337,1,1.55999,1.5538684984254476,1.5691722523618286,1.55869,1.62242,41.25801917895289,0.0023172326650301436,EURAUD_merged,-100.6054781462208
2022-02-23 10:00:00,2022-02-25 03:00:00,-1.1,60.00000000000001,1.0334112205559067,14763.017436512953,1,1.55999,1.5536498733692137,1.568866177283101,1.55869,1.62242,41.01435616195696,0.0023172326650301436,EURAUD_merged,-67.03341122055592
2022-02-23 10:00:00,2022-02-25 04:00:00,-1.1,60.0,0.9989641798707097,14270.916855295854,1,1.55999,1.5534312483129795,1.5698281275305306,1.55869,1.62242,41.75613176676893,0.0023172326650301436,EURAUD_merged,-66.99896417987071
2022-02-23 10:00:00,2022-02-25 04:00:00,-1.1,30.0,0.49948208993535487,7135.458427647927,1,1.55999,1.5534312483129795,1.5698281275305306,1.55869,1.62242,42.21901061114703,0.0023172326650301436,EURAUD_merged,-33.499482089935356
2022-02-24 12:00:00,2022-02-25 14:00:00,1.5,30.0,0.38724407668301636,5532.058238328806,-1,1.28408,1.2910434841754013,1.2736347737368985,1.26355,1.27962,63.59337987042946,0.002308221292386061,USDCAD_merged,44.61275592331698
2022-03-01 14:00:00,2022-03-02 03:00:00,-1.1,60.0,1.024432709780615,14634.75299686593,1,1.97018,1.9621025968470178,1.981488364414175,2.02184,2.05315,36.39490326784302,0.0035846348133157903,GBPNZD_merged,-67.02443270978061
2022-03-01 15:00:00,2022-03-02 08:00:00,1.4,29.999999999999996,0.4725097870509006,6750.139815012866,1,152.901,152.22145407566256,153.85236429407246,152.899,158.062,33.333019286714496,0.292636553303943,GBPJPY_merged,41.52749021294909
2022-03-01 15:00:00,2022-03-02 08:00:00,1.2,30.0,0.38813303936323973,5544.757705189139,1,152.901,152.0737267008066,153.89372795903213,152.899,158.062,34.03866569705183,0.292636553303943,GBPJPY_merged,35.61186696063676
2022-02-25 10:00:00,2022-03-03 09:00:00,-1.1,30.0,0.27351517916778373,3907.3597023969105,-1,0.66879,0.6739248484726635,0.6610877272910046,0.64832,0.66781,66.95375157500177,0.0017679292891577716,AUDCHF_merged,-33.27351517916778
2022-03-01 14:00:00,2022-03-03 14:00:00,-1.1,60.0,0.8414982973197908,12021.404247425584,1,1.97018,1.960346639639848,1.9819800324321826,2.02184,2.05315,36.57677003146221,0.0035846348133157903,GBPNZD_merged,-66.84149829731979
2022-03-02 06:00:00,2022-03-03 16:00:00,-1.1,60.0,0.9506581934938567,13580.831335626526,1,1.0198,1.0152945320733433,1.0261076550973194,1.02996,1.06113,41.00378164509892,0.001926120591507364,EURCHF_merged,-66.95065819349385
2022-03-02 06:00:00,2022-03-03 19:00:00,-1.1,30.0,0.3904489008992626,5577.841441418038,1,1.0198,1.01431508252407,1.026381900971116,1.02996,1.06113,40.88824129510315,0.001926120591507364,EURCHF_merged,-33.390448900899266
2022-03-02 06:00:00,2022-03-03 19:00:00,-1.1,15.000000000000002,0.18220948708632254,2602.992672661751,1,1.0198,1.0139233027043608,1.0286150459434589,1.02996,1.06113,40.88824129510315,0.001926120591507364,EURCHF_merged,-16.682209487086325
2022-03-02 06:00:00,2022-03-03 19:00:00,-1.1,15.0,0.18849257284791984,2692.7510406845695,1,1.0198,1.0141191926142155,1.0283212110786768,1.02996,1.06113,40.88824129510315,0.001926120591507364,EURCHF_merged,-16.68849257284792
2022-03-02 06:00:00,2022-03-03 19:00:00,-1.1,15.000000000000002,0.18220948708632254,2602.992672661751,1,1.0198,1.0139233027043608,1.0286150459434589,1.02996,1.06113,42.3771565544318,0.001926120591507364,EURCHF_merged,-16.682209487086325
2022-03-02 06:00:00,2022-03-03 19:00:00,-1.1,14.999999999999998,0.20245498565146947,2892.2140807352785,1,1.0198,1.0145109724339247,1.0277335413491129,1.02996,1.06113,40.88824129510315,0.001926120591507364,EURCHF_merged,-16.70245498565147
2022-03-02 06:00:00,2022-03-03 19:00:00,-1.1,15.000000000000002,0.18220948708632254,2602.992672661751,1,1.0198,1.0139233027043608,1.0286150459434589,1.02996,1.06113,41.83517364952031,0.001926120591507364,EURCHF_merged,-16.682209487086325
2022-03-01 14:00:00,2022-03-04 06:00:00,-1.1,30.0,0.303695361299848,4338.5051614264,1,127.603,126.72064770178551,128.92652844732172,128.244,133.152,32.55080141515113,0.2922519018282938,EURJPY_merged,-33.303695361299845
2022-03-03 06:00:00,2022-03-04 07:00:00,-1.1,30.000000000000004,0.5718382315917571,8169.117594167959,1,1.40002,1.3948786123879544,1.407217942656864,1.41,1.46337,33.78153395554368,0.0022535726384035498,EURCAD_merged,-33.57183823159176
2022-03-03 06:00:00,2022-03-04 08:00:00,-1.1,30.0,0.4697242616646575,6710.346595209394,1,1.40002,1.3937609194288139,1.4075308966854234,1.41,1.46337,33.95541184032031,0.0022535726384035498,EURCAD_merged,-33.46972426166466
2022-03-04 14:00:00,2022-03-06 18:00:00,-1.1,15.0,0.20099500229804645,2871.357175686378,1,1.39106,1.3837930879708435,1.3997802944349877,1.41,1.46337,30.515822396999972,0.002544231030077398,EURCAD_merged,-16.700995002298047
2022-03-04 14:00:00,2022-03-06 18:00:00,-1.1,15.0,0.1940641401498379,2772.344859283399,1,1.39106,1.3835335553983736,1.4023496669024393,1.41,1.46337,30.515822396999972,0.002544231030077398,EURCAD_merged,-16.694064140149838
2022-03-04 14:00:00,2022-03-06 18:00:00,-1.1,15.0,0.1875953354781767,2679.933363973953,1,1.39106,1.3832740228259037,1.4027389657611442,1.41,1.46337,27.28219469003444,0.002544231030077398,EURCAD_merged,-16.687595335478175
2022-03-06 17:00:00,2022-03-06 18:00:00,-1.1,15.0,0.15420713266091687,2202.9590380130985,-1,0.62779,0.6320646369031415,0.6213780446452877,0.60722,0.62846,55.37507108116516,0.0013745304700199992,NZDCHF_merged,-16.65420713266092
2022-02-28 10:00:00,2022-03-07 05:00:00,1.5,30.000000000000004,0.37033038087878406,5290.434012554058,-1,125.47,126.1814917209189,124.40276241862163,123.546,125.58,66.39529983876257,0.24143791361775643,CHFJPY_merged,44.62966961912122
2022-03-06 22:00:00,2022-03-07 09:00:00,1.5,15.0,0.2195333087028406,3136.1901243262946,1,0.82165,0.8177201521555082,0.8275447717667376,0.82845,0.84778,37.46684871769008,0.0013492386185331587,EURGBP_merged,22.28046669129716
2022-03-06 23:00:00,2022-03-07 11:00:00,1.5,30.000000000000004,0.47440088892198384,6777.155556028341,1,0.82296,0.8193170557299605,0.8284244164050594,0.82845,0.84778,38.583913932046876,0.0013050072886379338,EURGBP_merged,44.52559911107802
2022-03-06 23:00:00,2022-03-07 12:00:00,1.5,15.0,0.21348040001489274,3049.720000212754,1,0.82296,0.8189122841444005,0.8290315737833992,0.82845,0.84778,38.583913932046876,0.0013050072886379338,EURGBP_merged,22.28651959998511
2022-03-06 22:00:00,2022-03-08 00:00:00,1.5,30.000000000000004,0.26494397952251186,3784.913993178741,-1,0.68947,0.6949348797931149,0.6812726803103278,0.65289,0.68902,63.36377823328461,0.0020308845849336668,NZDUSD_merged,44.735056020477494
2022-03-07 07:00:00,2022-03-08 02:00:00,-1.1,30.0,0.3511346579453468,5016.20939921924,1,1.31688,1.3090042522279575,1.3286936216580638,1.33577,1.36432,37.72825733918145,0.002792017167536996,GBPUSD_merged,-33.351134657945344
2022-03-07 07:00:00,2022-03-08 02:00:00,-1.1,15.0,0.1755673289726734,2508.10469960962,1,1.31688,1.3090042522279575,1.3286936216580638,1.33577,1.36432,37.65269786470865,0.002792017167536996,GBPUSD_merged,-16.675567328972672
2022-03-07 07:00:00,2022-03-08 02:00:00,-1.1,30.0,0.3901496199392742,5573.565999132489,1,1.31688,1.3097918270051618,1.3275122594922575,1.33577,1.36432,37.72825733918145,0.002792017167536996,GBPUSD_merged,-33.39014961993927
2022-03-06 23:00:00,2022-03-08 03:00:00,1.5,15.0,0.15350727913201542,2192.961130457363,1,1.38242,1.3729641552465295,1.3966037671302058,1.41,1.46337,29.198438117464313,0.0030160948046456296,EURCAD_merged,22.346492720867985
2022-03-06 23:00:00,2022-03-08 03:00:00,1.5,30.0,0.30701455826403085,4385.922260914726,1,1.38242,1.3729641552465295,1.3966037671302058,1.41,1.46337,29.302043596114064,0.0030160948046456296,EURCAD_merged,44.69298544173597
2022-03-07 19:00:00,2022-03-08 10:00:00,-1.1,30.0,0.3955094110952247,5650.134444217496,-1,1.27986,1.2866555551109575,1.2696666673335635,1.26355,1.27962,66.226056887122,0.002204814677201172,USDCAD_merged,-33.395509411095226
2022-03-06 21:00:00,2022-03-08 12:00:00,1.5,15.0,0.21428306423816032,3061.186631973719,1,1.67929,1.6710613772375391,1.6916329341436913,1.69476,1.73768,33.820485491840806,0.0029520924844442203,GBPCAD_merged,22.28571693576184
2022-03-06 23:00:00,2022-03-08 16:00:00,1.5,29.999999999999996,0.2375171900848099,3393.1027154972844,-1,0.6891,0.695192653754801,0.6799610193677985,0.65289,0.68902,66.26328818519937,0.0019772499717241156,NZDUSD_merged,44.762482809915184
2022-03-08 13:00:00,2022-03-09 22:00:00,1.5,29.999999999999996,0.6283038214120285,8975.768877314693,1,1.06648,1.0629154697143706,1.0718267954284446,1.06652,1.07958,38.496639856114136,0.001503753801936125,AUDNZD_merged,44.37169617858797
2022-03-09 00:00:00,2022-03-10 08:00:00,1.5,30.0,0.45584029173813656,6512.004167687665,-1,1.28741,1.2933409390788848,1.2785135913816725,1.26355,1.27962,61.48638920239246,0.001942909714892944,USDCAD_merged,44.544159708261866
2022-03-08 10:00:00,2022-03-10 13:00:00,1.5,30.0,0.5634035461126529,8048.622087323613,1,1.06629,1.06231556814658,1.0722516477801303,1.06652,1.07958,26.391223622240382,0.0013380384308205177,AUDNZD_merged,44.43659645388735
2022-03-06 21:00:00,2022-03-10 16:00:00,-1.1,14.999999999999998,0.19285475781434425,2755.067968776347,1,1.67929,1.6701470858194878,1.693004371270768,1.69476,1.73768,33.20404128140293,0.0029520924844442203,GBPCAD_merged,-16.692854757814345
2022-03-06 21:00:00,2022-03-10 16:00:00,-1.1,14.999999999999998,0.19285475781434425,2755.067968776347,1,1.67929,1.6701470858194878,1.693004371270768,1.69476,1.73768,33.820485491840806,0.0029520924844442203,GBPCAD_merged,-16.692854757814345
2022-03-10 17:00:00,2022-03-11 02:00:00,-1.1,60.0,0.7705492091365674,11007.845844808107,-1,85.4,85.86548616979559,84.70177074530662,80.365,83.988,64.32463826462703,0.15443619541292072,AUDJPY_merged,-66.77054920913656
2022-03-08 06:00:00,2022-03-11 03:00:00,-1.1,29.999999999999996,0.39488508304501385,5641.215472071627,1,1.31209,1.305112301630761,1.3225565475538585,1.33577,1.36432,38.80090557266753,0.002349763780954935,GBPUSD_merged,-33.39488508304501
2022-03-07 14:00:00,2022-03-11 03:00:00,-1.1,15.0,0.19965319127713713,2852.188446816245,1,1.31221,1.3053089307449264,1.3218714969571033,1.33577,1.36432,29.85733678280688,0.0029568602582595777,GBPUSD_merged,-16.699653191277136
2022-03-08 06:00:00,2022-03-11 03:00:00,-1.1,30.0,0.4387612033833488,6268.017191190697,1,1.31209,1.3058100714676848,1.3215098927984725,1.33577,1.36432,38.80090557266753,0.002349763780954935,GBPUSD_merged,-33.43876120338335
2022-03-10 21:00:00,2022-03-11 08:00:00,-1.1,60.0,0.9870297315942291,14100.424737060417,1,1.67212,1.66500481007694,1.6827927848845903,1.69476,1.73768,35.057585777512685,0.002336606404756713,GBPCAD_merged,-66.98702973159423
2022-03-10 22:00:00,2022-03-11 08:00:00,-1.1,59.99999999999999,1.1143302123158447,15919.003033083496,1,1.67384,1.667531162707157,1.6833032559392647,1.69476,1.73768,35.41675117683883,0.002273277375845516,GBPCAD_merged,-67.11433021231585
2022-03-10 21:00:00,2022-03-11 08:00:00,-1.1,60.0,0.9870297315942291,14100.424737060417,1,1.67212,1.66500481007694,1.6827927848845903,1.69476,1.73768,35.17376319251321,0.002336606404756713,GBPCAD_merged,-66.98702973159423
2022-03-07 14:00:00,2022-03-11 15:00:00,-1.1,30.0,0.30613489329161025,4373.3556184515755,1,1.31221,1.3032086053194691,1.3257120920207965,1.33577,1.36432,27.556732624895396,0.0029568602582595777,GBPUSD_merged,-33.30613489329161
2022-03-10 13:00:00,2022-03-11 15:00:00,1.5,29.999999999999996,0.34360857912202464,4908.6939874574955,-1,0.73576,0.7402566746870755,0.7290149879693867,0.69669,0.73138,64.17169629796378,0.00144754216504719,AUDUSD_merged,44.656391420877966
2022-03-10 20:00:00,2022-03-14 02:00:00,1.5,30.0,0.44524727561162775,6360.675365880397,1,1.90757,1.8985729836914842,1.9210655244627735,2.02184,2.05315,36.93919938187292,0.0032392119579551645,GBPNZD_merged,44.55475272438837
2022-03-10 20:00:00,2022-03-14 02:00:00,1.5,15.0,0.20036127402523252,2862.3039146461792,1,1.90757,1.8975733152127603,1.9225650271808594,2.02184,2.05315,36.43310007893264,0.0032392119579551645,GBPNZD_merged,22.299638725974766
2022-03-10 20:00:00,2022-03-14 02:00:00,1.5,30.0,0.40072254805046503,5724.6078292923585,1,1.90757,1.8975733152127603,1.9225650271808594,2.02184,2.05315,34.1912809185408,0.0032392119579551645,GBPNZD_merged,44.59927745194953
2022-03-11 07:00:00,2022-03-14 04:00:00,-1.1,30.0,0.47513907067330813,6787.701009618688,-1,125.466,126.02052943414363,124.63420584878455,124.005,125.58,62.59664743056909,0.18542577723493306,CHFJPY_merged,-33.47513907067331
2022-03-11 12:00:00,2022-03-14 05:00:00,-1.1,30.0,0.3518585530184073,5026.550757405819,-1,92.025,92.57423348698559,91.20114976952163,89.23,91.708,75.30780223155938,0.1805008412098224,CADJPY_merged,-33.35185855301841
2022-03-11 12:00:00,2022-03-14 05:00:00,-1.1,30.0,0.3909539477982303,5585.056397117576,-1,92.025,92.51931013828703,91.28353479256947,89.23,91.708,71.13964030067494,0.1805008412098224,CADJPY_merged,-33.39095394779823
2022-03-11 12:00:00,2022-03-14 05:00:00,-1.1,30.0,0.3518585530184073,5026.550757405819,-1,92.025,92.57423348698559,91.20114976952163,89.23,91.708,71.91166511416719,0.1805008412098224,CADJPY_merged,-33.35185855301841
2022-03-10 11:00:00,2022-03-14 12:00:00,1.5,29.999999999999996,0.28636003113622804,4090.8575876604014,-1,0.68249,0.6874949896779002,0.6749825154831498,0.64832,0.66781,66.17238461491684,0.0017527349003024426,AUDCHF_merged,44.71363996886377
2022-03-13 16:00:00,2022-03-14 13:00:00,-1.1,30.0,0.5279909684916112,7542.728121308733,-1,0.93348,0.9371927680528329,0.9279108479207505,0.91497,0.93427,60.06633024613746,0.0012077615401625927,USDCHF_merged,-33.52799096849161
2022-03-11 06:00:00,2022-03-15 02:00:00,1.5,30.0,0.3602405627628278,5146.293753754683,-1,85.447,85.9451079826875,84.69983802596876,80.365,83.988,59.78136321272755,0.1713905660699388,AUDJPY_merged,44.639759437237174
2022-03-15 20:00:00,2022-03-16 05:00:00,-1.1,15.0,0.20945161086546576,2992.165869506654,-1,0.73648,0.7401720413111395,0.7309419380332909,0.71696,0.73682,64.99255144123497,0.0011749175486860184,CADCHF_merged,-16.709451610865464
2022-03-11 05:00:00,2022-03-16 06:00:00,-1.1,30.0,0.3811889585221471,5445.556550316388,-1,79.995,80.4356987564679,79.33395186529818,75.225,79.239,62.42961752014096,0.1457639008114895,NZDJPY_merged,-33.381188958522145
2022-03-06 23:00:00,2022-03-16 07:00:00,-1.1,30.000000000000004,0.23242735503558828,3320.39078622269,-1,0.63399,0.6397181510594834,0.6253977734107752,0.60722,0.62846,65.71507836779531,0.0018579991374591263,NZDCHF_merged,-33.2324273550356
2022-03-06 22:00:00,2022-03-16 07:00:00,-1.1,30.0,0.2595981903568041,3708.5455765257734,-1,0.63471,0.6398444387191914,0.6270083419212129,0.60722,0.62154,63.17450383366452,0.0019093836864944246,NZDCHF_merged,-33.259598190356805
2022-03-16 16:00:00,2022-03-17 03:00:00,-1.1,30.0,0.31474583871960116,4496.369124565731,-1,0.68494,0.6895099539852579,0.6780850690221131,0.64832,0.68607,74.33561273821066,0.0015045095668655614,AUDCHF_merged,-33.3147458387196
2022-03-16 16:00:00,2022-03-17 03:00:00,-1.1,30.0,0.31474583871960116,4496.369124565731,-1,0.68494,0.6895099539852579,0.6780850690221131,0.64832,0.66909,68.86994925902953,0.0015045095668655614,AUDCHF_merged,-33.3147458387196
2022-03-16 16:00:00,2022-03-18 01:00:00,-1.1,30.0,0.3666135930820611,5237.337044029445,-1,0.64274,0.6464216801817216,0.6372174797274175,0.60722,0.62154,62.41300096370966,0.0014240434487402783,NZDCHF_merged,-33.366613593082064
2022-03-18 11:00:00,2022-03-21 11:00:00,-1.1,15.0,0.19545648435111607,2792.2354907302297,-1,94.343,94.84981434452719,93.58277848320921,89.23,91.708,64.99396829447032,0.16979967806793977,CADJPY_merged,-16.695456484351116
2022-03-22 07:00:00,2022-03-22 17:00:00,-1.1,30.0,0.2987892658639771,4268.418083771102,-1,83.787,84.37588561304644,83.0803372643443,75.225,78.0,74.07963334330002,0.21672226963274338,NZDJPY_merged,-33.298789265863974
2022-03-28 03:00:00,2022-03-28 04:00:00,-1.1,15.0,0.17645754288999585,2520.8220412856554,-1,0.70214,0.7063180418559926,0.6958729372160112,0.64832,0.66781,69.42489250943625,0.0014532034316167293,AUDCHF_merged,-16.676457542889995
2022-03-27 20:00:00,2022-03-28 10:00:00,1.5,15.0,0.26341445897063,3763.063699580429,1,1.37117,1.3657043603930241,1.3793684594104638,1.37615,1.46337,35.40832791464147,0.001986145896579008,EURCAD_merged,22.23658554102937
2022-03-29 12:00:00,2022-03-30 20:00:00,-1.1,30.0,0.42225569114396005,6032.22415919943,-1,0.84588,0.8500868065327611,0.8395697902008582,0.82022,0.84063,70.96939377199814,0.001561785315499878,EURGBP_merged,-33.42225569114396
2022-03-29 12:00:00,2022-03-30 21:00:00,-1.1,15.000000000000002,0.19001506101478205,2714.5008716397438,-1,0.84588,0.8505542294808457,0.8388686557787314,0.82022,0.84577,73.68002053924344,0.001561785315499878,EURGBP_merged,-16.690015061014787
2022-04-04 21:00:00,2022-04-05 00:00:00,-1.1,14.999999999999998,0.24434004901811315,3490.5721288301884,1,1.45516,1.4489067557768776,1.4639145419123716,1.4564,1.53287,30.976989397485525,0.0021079846034628997,EURAUD_merged,-16.744340049018113
2022-04-05 06:00:00,2022-04-05 09:00:00,-1.1,15.0,0.2866724390317347,4095.320557596211,1,1.36748,1.3624713078325572,1.37449216903442,1.37615,1.42322,33.220841706492045,0.0017437684279989528,EURCAD_merged,-16.786672439031733
2022-04-05 11:00:00,2022-04-06 10:00:00,1.4,14.999999999999998,0.160667227982319,2295.246114033129,-1,0.76228,0.7672616879898374,0.7553056368142275,0.71647,0.74408,57.96844220709487,0.001845121770145004,AUDUSD_merged,20.839332772017677
2022-04-05 16:00:00,2022-04-06 14:00:00,1.4,30.0,0.3363518514612295,4805.026449446136,1,1.43868,1.4296976561036463,1.451255281454895,1.4564,1.53287,32.071913972909414,0.0029732628239555804,EURAUD_merged,41.66364814853877
2022-04-05 16:00:00,2022-04-06 20:00:00,1.4,59.99999999999999,0.9997308555231252,14281.869364616075,1,1.36212,1.356397555835759,1.3701314218299374,1.37615,1.42322,32.50707413838982,0.0019044525649047595,EURCAD_merged,83.00026914447686
2022-04-11 04:00:00,2022-04-13 02:00:00,-1.1,60.0,0.8988846913991884,12841.209877131263,-1,125.244,125.82919719496078,124.4247239270549,114.406,125.097,70.37145847046253,0.20202126932242018,USDJPY_merged,-66.89888469139919
2022-04-13 16:00:00,2022-04-18 10:00:00,-1.1,59.99999999999999,0.698056541194912,9972.236302784459,1,0.85342,0.8482852239632847,0.8606086864514013,0.86019,0.87792,31.16735705894652,0.0016955686817068723,NZDCAD_merged,-66.69805654119492
2022-04-19 08:00:00,2022-04-19 18:00:00,-1.1,60.0,0.7077720444999037,10111.029207141482,-1,101.621,102.22403059907032,100.77675716130155,89.658,100.185,69.43410827064247,0.2099457583230071,CADJPY_merged,-66.7077720444999
2022-04-14 12:00:00,2022-04-20 05:00:00,1.4,29.999999999999996,0.47465954876530253,6780.85069664718,1,0.82724,0.8235801052301194,0.8323638526778327,0.82956,0.8512,39.379666071184815,0.0012940303450356479,EURGBP_merged,41.52534045123469
2022-04-19 22:00:00,2022-04-20 05:00:00,1.4,60.0,0.7144008552474609,10205.726503535156,-1,129.005,129.76342714355698,127.94320199902022,114.406,125.097,65.06343330005677,0.28813184399607844,USDJPY_merged,83.28559914475254
2022-04-19 22:00:00,2022-04-20 06:00:00,1.4,60.0,0.7162906210616633,10232.723158023762,-1,168.072,169.05749719798612,166.69230392281946,150.975,164.627,66.632600861496,0.363839004281268,GBPJPY_merged,83.28370937893834
2022-04-19 22:00:00,2022-04-22 02:00:00,1.4,29.999999999999996,0.318506389028492,4550.0912718356,-1,102.322,102.99663701640465,101.37750817703349,89.658,100.185,65.05128664683654,0.24537392150887755,CADJPY_merged,41.6814936109715
2022-04-24 18:00:00,2022-04-24 21:00:00,-1.1,90.0,1.0676622908249713,15252.318440356734,1,0.66376,0.6598433233168057,0.6692433473564721,0.6728,0.70336,31.059264349892715,0.0013905368690031053,NZDUSD_merged,-100.06766229082498
2022-04-19 22:00:00,2022-04-25 02:00:00,1.4,30.0,0.3514752438063798,5021.074911519711,-1,139.287,140.11921423174013,138.12190007556381,124.391,137.537,66.90112398970233,0.302543965828119,EURJPY_merged,41.64852475619362
2022-04-25 03:00:00,2022-04-26 00:00:00,1.4,60.0,0.6500628463838389,9286.6120911977,-1,1.49823,1.5079099348478446,1.4846780912130175,1.43198,1.4942,65.77770377225237,0.003368057956206426,EURAUD_merged,83.34993715361617
2022-04-25 03:00:00,2022-04-26 03:00:00,1.4,90.0,1.0699738057458625,15285.340082083752,-1,1.62671,1.6362880597104021,1.6133007164054372,1.55921,1.61524,53.9805532119681,0.0034754378383060882,EURNZD_merged,124.93002619425413
2022-04-25 08:00:00,2022-04-26 08:00:00,-1.1,59.99999999999999,0.7399830510651613,10571.18644378802,1,1.27496,1.2677235747977038,1.2850909952832148,1.3,1.32984,30.541916464631335,0.0024727962470406733,GBPUSD_merged,-66.73998305106517
2022-04-26 12:00:00,2022-04-27 03:00:00,-1.1,15.0,0.19803134650877446,2829.0192358396353,1,1.0659,1.0602483947378483,1.0743774078932278,1.08059,1.11848,34.92916496526505,0.0018307349620946048,EURUSD_merged,-16.698031346508774
2022-04-26 12:00:00,2022-04-27 03:00:00,-1.1,15.0,0.20486001362976666,2926.571623282381,1,1.0659,1.06043678157992,1.0724558621040963,1.08059,1.11848,34.574955251041295,0.0018307349620946048,EURUSD_merged,-16.704860013629766
2022-04-26 19:00:00,2022-04-27 03:00:00,-1.1,15.0,0.33774711762003296,4824.958823143328,1,1.06451,1.0612006142445383,1.0694740786331927,1.08059,1.11848,33.00266780429357,0.0014368186630195766,EURUSD_merged,-16.837747117620033
2022-04-27 07:00:00,2022-04-27 08:00:00,-1.1,15.0,0.2583545548636436,3690.779355194909,1,1.06103,1.0567177806911978,1.0674983289632032,1.08059,1.11848,31.169383100577537,0.00203437827968923,EURUSD_merged,-16.758354554863644
2022-04-27 07:00:00,2022-04-27 08:00:00,-1.1,15.0,0.19599311058621238,2799.901579803034,1,1.06103,1.0553457109111244,1.0678511469066507,1.08059,1.11848,31.50595817725629,0.00203437827968923,EURUSD_merged,-16.695993110586212
2022-04-27 06:00:00,2022-04-27 08:00:00,-1.1,15.0,0.22706966697646147,3243.852385378021,1,1.06138,1.0564720393074098,1.0682511449696261,1.08059,1.11848,35.490174312239866,0.001960099685819179,EURUSD_merged,-16.727069666976462
2022-04-27 07:00:00,2022-04-27 08:00:00,-1.1,15.0,0.18946000690000533,2706.5715271429335,1,1.06103,1.0551497009425423,1.0698504485861862,1.08059,1.11848,31.838182599429793,0.00203437827968923,EURUSD_merged,-16.689460006900006
2022-04-27 14:00:00,2022-04-27 23:00:00,-1.1,15.0,0.18594129368669624,2656.304195524232,1,1.05703,1.0510610111971679,1.065983483204248,1.08059,1.11848,36.183994207143954,0.0023349101267662094,EURUSD_merged,-16.685941293686696
2022-04-27 14:00:00,2022-04-28 01:00:00,-1.1,14.999999999999998,0.15495107807224684,2213.5868296035264,1,1.05703,1.0498672134366014,1.0677741798450977,1.08059,1.11848,36.12303783410195,0.0023349101267662094,EURUSD_merged,-16.654951078072248
2022-04-27 14:00:00,2022-04-28 01:00:00,-1.1,14.999999999999998,0.15495107807224684,2213.5868296035264,1,1.05703,1.0498672134366014,1.0677741798450977,1.08059,1.11848,36.47273625046445,0.0023349101267662094,EURUSD_merged,-16.654951078072248
2022-04-27 14:00:00,2022-04-28 01:00:00,-1.1,14.999999999999998,0.15495107807224684,2213.5868296035264,1,1.05703,1.0498672134366014,1.0677741798450977,1.07575,1.11848,36.47273625046445,0.0023349101267662094,EURUSD_merged,-16.654951078072248
2022-04-28 11:00:00,2022-04-29 03:00:00,1.5,15.0,0.1890235675808455,2700.3366797263643,1,1.24387,1.236960472702874,1.2542342909456892,1.3,1.32984,32.50121083026064,0.0031120732098259218,GBPUSD_merged,22.310976432419153
2022-04-28 10:00:00,2022-05-01 22:00:00,-1.1,30.0,0.34046214347627857,4863.74490680398,1,0.83258,0.8274445744218496,0.8402831383672256,0.86019,0.87792,34.198749281490585,0.0018073936313322736,NZDCAD_merged,-33.34046214347628
2022-04-28 10:00:00,2022-05-02 13:00:00,-1.1,29.999999999999996,0.22836935311356718,3262.419330193817,1,0.64758,0.6416250941360607,0.656512358795909,0.6728,0.70336,35.76510886909782,0.0020188994340764434,NZDUSD_merged,-33.228369353113564
2022-04-28 10:00:00,2022-05-03 00:00:00,-1.1,15.0,0.23319587925341878,3331.3697036202684,-1,1.09351,1.0984336954944314,1.086124456758353,1.05999,1.07956,59.450594251882734,0.0016622670302366244,AUDNZD_merged,-16.73319587925342
2022-04-28 10:00:00,2022-05-03 00:00:00,-1.1,15.0,0.23319587925341878,3331.3697036202684,-1,1.09351,1.0984336954944314,1.0876015654066824,1.05999,1.07956,59.67016949457451,0.0016622670302366244,AUDNZD_merged,-16.73319587925342
2022-04-28 06:00:00,2022-05-03 00:00:00,-1.1,15.0,0.23529147293802297,3361.306756257471,-1,1.09479,1.0996755552887068,1.0874616670669395,1.05999,1.07956,69.60427306914765,0.001611481398885492,AUDNZD_merged,-16.735291472938023
2022-04-28 06:00:00,2022-05-03 00:00:00,-1.1,15.0,0.23529147293802297,3361.306756257471,-1,1.09479,1.0996755552887068,1.0874616670669395,1.05999,1.07956,72.49714876147586,0.001611481398885492,AUDNZD_merged,-16.735291472938023
2022-05-03 07:00:00,2022-05-04 09:00:00,-1.1,30.0,0.5504287078376967,7863.267254824239,-1,1.10323,1.1074390519026547,1.096916422146018,1.05999,1.07956,64.90756694650895,0.0018858335952763327,AUDNZD_merged,-33.550428707837696
2022-05-02 02:00:00,2022-05-04 14:00:00,1.5,15.0,0.18461079047502962,2637.297006786138,-1,1.95076,1.9618552236038287,1.9341171645942572,1.8707,1.93642,68.01752785077593,0.0036856644488040954,GBPNZD_merged,22.31538920952497
2022-05-03 07:00:00,2022-05-04 14:00:00,-1.1,30.0,0.4036477190809776,5766.395986871109,-1,1.10323,1.1089696162308926,1.0946205756536609,1.05999,1.09979,64.90756694650895,0.0018858335952763327,AUDNZD_merged,-33.40364771908098
2022-05-05 15:00:00,2022-05-09 01:00:00,-1.1,30.0,0.3978426989693955,5683.467128134222,-1,0.98779,0.9930040180160993,0.979968972975851,0.91947,0.94598,59.889208814943814,0.0024357218899120447,USDCHF_merged,-33.3978426989694
2022-05-05 15:00:00,2022-05-09 10:00:00,-1.1,30.0,0.2917513125775567,4167.875893965096,-1,0.98779,0.9949000245674081,0.9771249631488877,0.91947,0.94598,59.889208814943814,0.0024357218899120447,USDCHF_merged,-33.29175131257756
2022-04-28 06:00:00,2022-05-09 11:00:00,1.5,15.0,0.10409111472899929,1487.01592469999,-1,101.728,102.7541625142366,100.1887562286451,89.658,100.185,61.070517551969736,0.3506931591684701,CADJPY_merged,22.395908885271
2022-05-10 00:00:00,2022-05-10 11:00:00,-1.1,30.0,0.24251501448879148,3464.5002069827356,1,0.63353,0.6280441004865022,0.6401130794161976,0.6728,0.70336,43.31853656499779,0.0018094259525978582,NZDUSD_merged,-33.24251501448879
2022-05-09 22:00:00,2022-05-11 05:00:00,1.4,60.00000000000001,0.5223081798898799,7461.545426998285,1,0.69312,0.6875464629349405,0.7009229518910832,0.71647,0.76607,40.20838923473046,0.0023201709098792317,AUDUSD_merged,83.47769182011012
2022-05-09 23:00:00,2022-05-11 07:00:00,1.4,60.0,0.6448365363878198,9211.950519825998,-1,1.51822,1.5281085898055953,1.5043759742721665,1.43198,1.50544,66.14838268533035,0.0039457619277925475,EURAUD_merged,83.35516346361219
2022-05-09 23:00:00,2022-05-11 07:00:00,1.2,30.0,0.27794678292578434,3970.6683275112055,-1,1.51822,1.5296907641744906,1.5044550829906111,1.43198,1.50544,66.40226798423217,0.0039457619277925475,EURAUD_merged,35.72205321707422
2022-05-09 23:00:00,2022-05-11 07:00:00,1.5,60.0,0.7327687913497952,10468.125590711361,-1,1.51822,1.5269219590289238,1.5051670614566142,1.43198,1.50544,66.14838268533035,0.0039457619277925475,EURAUD_merged,89.2672312086502
2022-05-09 22:00:00,2022-05-11 08:00:00,1.2,15.0,0.1655146315006935,2364.494735724193,1,0.90269,0.8969634700164799,0.9095618359802241,0.91703,0.95152,45.0251157541469,0.002040046546447315,AUDCAD_merged,17.834485368499305
2022-05-09 22:00:00,2022-05-11 09:00:00,1.5,30.0,0.3336336011950473,4766.194302786391,1,0.63005,0.6260842573551922,0.6359986139672117,0.6728,0.70336,43.987583800919175,0.0019202809864448498,NZDUSD_merged,44.66636639880495
2022-05-09 22:00:00,2022-05-11 09:00:00,1.5,30.0,0.5986606224138421,8552.294605912031,-1,1.3024,1.3069685984639714,1.295547102304043,1.24583,1.29006,63.27576402694458,0.0021225902607671238,USDCAD_merged,44.401339377586154
2022-05-09 20:00:00,2022-05-11 09:00:00,1.5,15.0,0.16193989972010506,2313.427138858644,1,0.6953,0.6907917534143109,0.7020623698785337,0.71647,0.76607,26.950376766251043,0.002207831351102544,AUDUSD_merged,22.338060100279893
2022-05-09 23:00:00,2022-05-11 09:00:00,1.5,15.0,0.1343409450807958,1919.156358297083,-1,1.51822,1.5300863077667144,1.5004205383499283,1.43198,1.50544,64.9507675563162,0.0039457619277925475,EURAUD_merged,22.365659054919202
2022-05-09 23:00:00,2022-05-11 09:00:00,1.2,30.0,0.21730964520524193,3104.423502932028,1,0.69627,0.6895415043613502,0.7043441947663797,0.71647,0.76607,41.47209277106918,0.002308015844887857,AUDUSD_merged,35.78269035479476
2022-05-09 23:00:00,2022-05-11 09:00:00,1.5,15.0,0.1343409450807958,1919.156358297083,-1,1.51822,1.5300863077667144,1.5004205383499283,1.43198,1.50544,66.14838268533035,0.0039457619277925475,EURAUD_merged,22.365659054919202
2022-05-09 23:00:00,2022-05-11 09:00:00,1.5,15.0,0.13897339146289217,1985.3341637556027,-1,1.51822,1.5296907641744906,1.501013853738264,1.43198,1.50544,66.50697422878399,0.0039457619277925475,EURAUD_merged,22.36102660853711
2022-05-09 22:00:00,2022-05-11 09:00:00,1.4,15.0,0.14679878452582085,2097.125493226012,1,0.63005,0.6255434742672639,0.6363591360258306,0.6728,0.70336,43.987583800919175,0.0019202809864448498,NZDUSD_merged,20.85320121547418
2022-05-09 23:00:00,2022-05-11 13:00:00,-1.1,60.0,0.4428933737561082,6327.048196515832,1,90.79,89.92902979228138,91.99535829080608,90.439,95.741,39.45927439268828,0.3450746485812043,AUDJPY_merged,-66.4428933737561
2022-05-09 23:00:00,2022-05-11 13:00:00,-1.1,30.0,0.19090231627418452,2727.175946774065,1,90.79,89.7912745590464,91.98847052914434,90.439,95.741,39.15086581357428,0.3450746485812043,AUDJPY_merged,-33.19090231627418
2022-05-05 16:00:00,2022-05-11 15:00:00,-1.1,15.0,0.11482941789905851,1640.420255700836,1,1.23649,1.2251835375642044,1.2534496936536939,1.3,1.32984,36.07770975781754,0.0035939050396510725,GBPUSD_merged,-16.61482941789906
2022-05-05 16:00:00,2022-05-11 15:00:00,-1.1,15.0,0.11878905299902602,1696.9864714146577,1,1.23649,1.2255604196453975,1.2496054964255232,1.3,1.32984,35.49096239570749,0.0035939050396510725,GBPUSD_merged,-16.618789052999027
2022-05-09 22:00:00,2022-05-11 20:00:00,-1.1,15.0,0.10561725649418804,1508.817949916972,1,82.08,81.26399698249365,83.30400452625953,83.285,87.342,42.80162843775564,0.2906437911329191,NZDJPY_merged,-16.605617256494188
2022-05-06 07:00:00,2022-05-11 22:00:00,-1.1,15.0,0.2007253197018903,2867.5045671698617,-1,0.85568,0.8601560870294508,0.850308695564659,0.82495,0.8512,70.65787289354806,0.0015560869798734184,EURGBP_merged,-16.700725319701892
2022-05-06 07:00:00,2022-05-11 22:00:00,-1.1,15.0,0.1940344757118273,2771.921081597533,-1,0.85568,0.8603104348580526,0.8487343477129211,0.82495,0.8512,70.18215127806039,0.0015560869798734184,EURGBP_merged,-16.694034475711828
2022-05-06 07:00:00,2022-05-11 22:00:00,-1.1,15.0,0.1940344757118273,2771.921081597533,-1,0.85568,0.8603104348580526,0.8487343477129211,0.82495,0.8512,69.72876216352786,0.0015560869798734184,EURGBP_merged,-16.694034475711828
2022-05-09 23:00:00,2022-05-12 00:00:00,-1.1,15.0,0.14932718830521388,2133.2455472173415,-1,1.66884,1.6805745141222272,1.6512382288166594,1.55921,1.61524,64.06889666002817,0.003866397228308405,EURNZD_merged,-16.649327188305215
2022-05-09 23:00:00,2022-05-12 00:00:00,-1.1,15.0,0.14932718830521388,2133.2455472173415,-1,1.66884,1.6805745141222272,1.6512382288166594,1.55921,1.61524,63.441875466042205,0.003866397228308405,EURNZD_merged,-16.649327188305215
2022-05-12 07:00:00,2022-05-12 07:00:00,-1.1,60.0,0.9849366511904198,14070.523588434571,1,1.04366,1.0392095899206288,1.0503356151190568,1.0471,1.11848,26.510065652521657,0.0022691341244099293,EURUSD_merged,-66.98493665119042
2022-05-12 07:00:00,2022-05-12 09:00:00,-1.1,60.00000000000001,0.5780265721562092,8257.522459374419,1,98.746,98.02850149737421,99.7504979036761,99.005,102.951,27.515945152847177,0.2929280152610081,CADJPY_merged,-66.57802657215622
2022-05-12 07:00:00,2022-05-12 09:00:00,-1.1,15.000000000000002,0.1293005805982105,1847.1511514030076,1,157.084,155.8083815980028,158.9974276029958,159.621,168.423,29.24122545842753,0.5176582635989618,GBPJPY_merged,-16.629300580598215
2022-05-12 07:00:00,2022-05-12 09:00:00,-1.1,60.0,0.4611517619721336,6587.882313887623,1,134.304,133.08080875036083,136.13878687445876,134.779,140.002,16.6894897600107,0.434535386793078,EURJPY_merged,-66.46115176197213
2022-05-12 07:00:00,2022-05-13 05:00:00,-1.1,90.0,1.7462725830393722,24946.751186276742,1,1.59058,1.584841689671289,1.599187465493067,1.62939,1.6503,40.47801154569543,0.002652014099780698,GBPCAD_merged,-100.74627258303939
2022-05-12 18:00:00,2022-05-13 09:00:00,1.5,30.0,0.2606681546322083,3723.830780460119,1,98.401,97.60825989604842,99.59011015592735,99.005,102.951,41.900222428402955,0.3483123815379986,CADJPY_merged,44.73933184536779
2022-05-12 18:00:00,2022-05-13 09:00:00,1.2,30.0,0.19774825523822698,2824.9750748318143,1,98.401,97.35602440842747,99.65497070988702,99.005,102.951,41.54293601649346,0.3483123815379986,CADJPY_merged,35.802251744761776
2022-05-12 07:00:00,2022-05-13 09:00:00,-1.1,30.0,0.4415861704237492,6308.373863196418,1,1.59058,1.5830158636576082,1.5996569636108706,1.62939,1.6503,40.66408850632966,0.002652014099780698,GBPCAD_merged,-33.44158617042375
2022-05-12 07:00:00,2022-05-13 09:00:00,-1.1,60.0,1.0244799153830981,14635.42736261569,1,1.59058,1.5840591928082828,1.5997091300684043,1.62939,1.6503,40.47801154569543,0.002652014099780698,GBPCAD_merged,-67.0244799153831
2022-05-12 18:00:00,2022-05-13 10:00:00,1.5,30.0,0.1911566467302861,2730.8092390040874,1,98.401,97.31999076733877,100.02251384899184,99.005,102.951,41.27349859795853,0.3483123815379986,CADJPY_merged,44.808843353269715
2022-05-12 17:00:00,2022-05-13 12:00:00,1.2,30.0,0.194964985747543,2785.2140821077573,1,156.404,154.71934673397558,158.42558391922927,159.621,168.423,37.12607050641181,0.5556352822245635,GBPJPY_merged,35.805035014252454
2022-05-12 17:00:00,2022-05-13 12:00:00,1.5,15.0,0.12849964969724428,1835.709281389204,1,156.404,155.12598717749873,158.3210192337519,159.621,168.423,37.327985709779774,0.5556352822245635,GBPJPY_merged,22.371500350302757
2022-05-12 18:00:00,2022-05-15 20:00:00,1.4,15.000000000000002,0.12314663711345622,1759.2376730493747,1,133.283,132.1465731086098,134.87399764794625,134.779,140.002,30.882384889254546,0.4383871310877828,EURJPY_merged,20.876853362886543
2022-05-12 20:00:00,2022-05-15 20:00:00,1.5,30.0,0.30169508036868786,4309.929719552684,1,133.469,132.53996628934925,134.86255056597614,134.779,140.002,36.75900258255485,0.43626747527466914,EURJPY_merged,44.69830491963131
2022-05-12 17:00:00,2022-05-15 21:00:00,1.5,15.0,0.09423307644464579,1346.1868063520828,1,156.404,154.66125524204372,159.01811713693442,159.621,168.423,37.02004391304375,0.5556352822245635,GBPJPY_merged,22.405766923555355
2022-05-12 07:00:00,2022-05-16 20:00:00,1.5,60.0,0.43100193532736825,6157.17050467669,1,157.084,155.55325791760336,159.38011312359498,159.621,168.423,27.86568838517977,0.5176582635989618,GBPJPY_merged,89.56899806467263
2022-05-12 07:00:00,2022-05-16 20:00:00,1.5,30.0,0.21550096766368412,3078.585252338345,1,157.084,155.55325791760336,159.38011312359498,159.621,168.423,26.3743914721711,0.5176582635989618,GBPJPY_merged,44.78449903233631
2022-05-12 07:00:00,2022-05-16 20:00:00,1.5,15.0,0.10775048383184206,1539.2926261691725,1,157.084,155.55325791760336,159.38011312359498,159.621,168.423,29.87413678887471,0.5176582635989618,GBPJPY_merged,22.392249516168157
2022-05-12 17:00:00,2022-05-17 02:00:00,1.5,30.0,0.19706482089282604,2815.2117270403724,1,133.116,131.69746370958808,135.2438044356179,134.779,140.002,30.186955195054875,0.45457075655607315,EURJPY_merged,44.80293517910717
2022-05-12 17:00:00,2022-05-17 02:00:00,1.5,60.0,0.3941296417856521,5630.423454080745,1,133.116,131.69746370958808,135.2438044356179,134.779,140.002,29.930162516839896,0.45457075655607315,EURJPY_merged,89.60587035821435
2022-05-12 21:00:00,2022-05-17 02:00:00,1.2,60.0,0.4439065733196647,6341.522475995211,1,133.719,132.45382432170345,135.23721081395584,134.779,140.002,39.28458675828331,0.4508197984693346,EURJPY_merged,71.55609342668033
2022-05-12 17:00:00,2022-05-17 02:00:00,1.5,30.0,0.19706482089282604,2815.2117270403724,1,133.116,131.69746370958808,135.2438044356179,134.779,140.002,29.930162516839896,0.45457075655607315,EURJPY_merged,44.80293517910717
2022-05-12 21:00:00,2022-05-17 04:00:00,1.5,29.999999999999996,0.21455484377117132,3065.069196731019,1,133.719,132.41019757417598,135.682203638736,134.779,140.002,38.74381907012857,0.4508197984693346,EURJPY_merged,44.785445156228825
2022-05-12 17:00:00,2022-05-17 04:00:00,1.5,15.0,0.11028336999146586,1575.476714163798,1,127.788,126.57133968203561,129.61299047694655,131.909,136.18,30.140157575660865,0.3897996222270696,CHFJPY_merged,22.389716630008532
2022-05-18 16:00:00,2022-05-19 11:00:00,1.2,60.0,0.5132713495333012,7332.447850475733,1,158.262,156.9669727193922,159.81603273672934,159.621,168.423,33.851578274583254,0.43287819329805943,GBPJPY_merged,71.4867286504667
2022-05-19 07:00:00,2022-05-24 10:00:00,-1.1,60.0,0.538041318864949,7686.304555213558,1,0.68431,0.6789682132278182,0.6923226801582726,0.68217,0.70772,34.545026068809776,0.00241036454670008,AUDCHF_merged,-66.53804131886496
2022-05-19 07:00:00,2022-05-24 10:00:00,-1.1,90.0,0.6122539145704591,8746.484493863702,1,0.68431,0.6772685538003058,0.6927597354396329,0.68217,0.70689,35.01012953806397,0.00241036454670008,AUDCHF_merged,-99.61225391457047
2022-05-19 07:00:00,2022-05-24 10:00:00,-1.1,30.0,0.23673818030057756,3381.974004293965,1,0.68431,0.6782397877588844,0.6928082971375619,0.68217,0.70689,34.545026068809776,0.00241036454670008,AUDCHF_merged,-33.23673818030058
2022-05-24 08:00:00,2022-05-25 02:00:00,1.5,60.0,0.9002764213068486,12861.091732954981,-1,1.51448,1.5215454033022064,1.5038818950466903,1.43198,1.50544,63.14147046170611,0.0032200078872949116,EURAUD_merged,89.09972357869316
2022-05-19 07:00:00,2022-05-25 08:00:00,-1.1,30.0,0.19728181691714797,2818.311670244971,1,0.68431,0.6770257453106613,0.6952363820340081,0.68217,0.70689,35.49438005295914,0.00241036454670008,AUDCHF_merged,-33.19728181691715
2022-05-24 13:00:00,2022-05-25 10:00:00,1.4,30.0,0.42694796567865895,6099.256652552272,-1,1.37764,1.3844161044262182,1.3681534538032945,1.33856,1.37678,67.27591082358211,0.0027339816440238827,EURCAD_merged,41.57305203432134
2022-05-24 13:00:00,2022-05-25 10:00:00,1.5,30.0,0.42694796567865895,6099.256652552272,-1,1.37764,1.3844161044262182,1.3674758433606726,1.33856,1.37678,67.03474793865028,0.0027339816440238827,EURCAD_merged,44.57305203432134
2022-05-24 13:00:00,2022-05-25 10:00:00,1.2,90.0,1.1041757733068767,15773.939618669669,-1,1.37764,1.385500281134413,1.3682076626387043,1.33856,1.37678,67.17910942722071,0.0027339816440238827,EURCAD_merged,106.89582422669312
2022-05-24 14:00:00,2022-05-25 10:00:00,1.5,59.99999999999999,0.9610319228393047,13729.027469132925,-1,1.37628,1.3822947596168524,1.3672578605747212,1.33856,1.37678,67.47284275847703,0.00266369724087933,EURCAD_merged,89.03896807716067
2022-05-24 07:00:00,2022-05-25 11:00:00,1.4,30.000000000000004,0.43717732971408435,6245.39042448692,-1,0.85598,0.8600917365376095,0.8502235688473465,0.82495,0.8512,71.68229538576774,0.0016579307139692801,EURGBP_merged,41.56282267028592
2022-05-24 07:00:00,2022-05-25 11:00:00,1.2,60.00000000000001,0.7537540167484212,10767.914524977446,-1,0.85598,0.8607496143836271,0.8502564627396474,0.82495,0.8512,70.72575835307397,0.0016579307139692801,EURGBP_merged,71.24624598325158
2022-05-24 07:00:00,2022-05-25 11:00:00,1.5,29.999999999999996,0.4967924201296412,7097.034573280589,-1,0.85598,0.8595983281530964,0.8505525077703553,0.82495,0.8512,71.68229538576774,0.0016579307139692801,EURGBP_merged,44.50320757987035
2022-05-24 07:00:00,2022-05-25 12:00:00,1.5,15.000000000000002,0.21858866485704218,3122.69521224346,-1,0.85598,0.8600917365376095,0.8498123951935855,0.82495,0.8512,69.81785649274073,0.0016579307139692801,EURGBP_merged,22.281411335142963
2022-05-24 07:00:00,2022-05-25 16:00:00,1.5,60.00000000000001,0.7537540167484212,10767.914524977446,-1,0.85598,0.8607496143836271,0.8488255784245593,0.82495,0.8512,69.81785649274073,0.0016579307139692801,EURGBP_merged,89.2462459832516
2022-05-24 07:00:00,2022-05-25 17:00:00,1.5,90.0,1.0929433242852107,15613.476061217296,-1,0.85598,0.8609140838451315,0.8485788742323027,0.82495,0.8512,71.68229538576774,0.0016579307139692801,EURGBP_merged,133.90705667571478
2022-05-24 07:00:00,2022-05-25 17:00:00,1.5,30.0,0.3643144414284035,5204.492020405765,-1,0.85598,0.8609140838451315,0.8485788742323027,0.82495,0.8512,73.71304001884326,0.0016579307139692801,EURGBP_merged,44.635685558571595
2022-05-24 13:00:00,2022-05-27 05:00:00,1.5,30.0,0.3557899713988825,5082.713877126894,-1,1.37764,1.3857713253114619,1.3654430120328074,1.33856,1.37678,67.27591082358211,0.0027339816440238827,EURCAD_merged,44.644210028601115
2022-05-24 13:00:00,2022-05-27 05:00:00,1.5,90.0,1.0673699141966475,15248.14163138068,-1,1.37764,1.3857713253114619,1.3654430120328074,1.33856,1.37678,67.27591082358211,0.0027339816440238827,EURCAD_merged,133.93263008580334
2022-05-24 13:00:00,2022-05-27 05:00:00,1.5,60.0,0.711579942797765,10165.427754253787,-1,1.37764,1.3857713253114619,1.3654430120328074,1.33856,1.37678,67.25090236483739,0.0027339816440238827,EURCAD_merged,89.28842005720223
2022-05-24 13:00:00,2022-05-27 05:00:00,1.5,60.0,0.7361171822045844,10515.959745779779,-1,1.37764,1.385500281134413,1.3658495782983804,1.33856,1.37678,67.03474793865028,0.0027339816440238827,EURCAD_merged,89.26388281779542
2022-05-24 13:00:00,2022-05-27 05:00:00,1.5,60.0,0.711579942797765,10165.427754253787,-1,1.37764,1.3857713253114619,1.3654430120328074,1.33856,1.37678,66.85473745413523,0.0027339816440238827,EURCAD_merged,89.28842005720223
2022-05-24 13:00:00,2022-05-27 05:00:00,1.5,30.0,0.3557899713988825,5082.713877126894,-1,1.37764,1.3857713253114619,1.3654430120328074,1.33856,1.37678,67.03474793865028,0.0027339816440238827,EURCAD_merged,44.644210028601115
2022-05-24 08:00:00,2022-05-27 06:00:00,1.5,60.0,0.6602027089583558,9431.467270833655,-1,1.51448,1.5241146408666453,1.5000280387000324,1.43198,1.50544,64.36052218580252,0.0032200078872949116,EURAUD_merged,89.33979729104165
2022-05-30 12:00:00,2022-06-01 08:00:00,-1.1,60.0,1.358531998832906,19407.599983327233,1,1.26574,1.2618268731803397,1.2716096902294909,1.27132,1.30761,24.297083510110088,0.0012640630632282399,USDCAD_merged,-67.3585319988329
2022-06-01 17:00:00,2022-06-02 11:00:00,-1.1,90.0,1.469539943493615,20993.4277641945,-1,102.753,103.19350786293093,102.09223820560362,97.799,102.951,69.54029396553149,0.19164292915915515,CADJPY_merged,-100.46953994349363
2022-06-01 17:00:00,2022-06-02 13:00:00,-1.1,90.00000000000001,1.1148234054089494,15926.048648699278,-1,102.753,103.33366945568167,101.8819958164775,97.799,102.951,69.87172079273898,0.19164292915915515,CADJPY_merged,-100.11482340540898
2022-06-01 17:00:00,2022-06-02 13:00:00,-1.1,60.0,0.8621301001829209,12316.144288327443,-1,102.753,103.25357711696695,102.00213432454956,97.799,102.951,69.87172079273898,0.19164292915915515,CADJPY_merged,-66.86213010018292
2022-06-01 17:00:00,2022-06-02 13:00:00,-1.1,90.00000000000001,1.1148234054089494,15926.048648699278,-1,102.753,103.33366945568167,102.056196653182,97.799,102.951,69.75676638685461,0.19164292915915515,CADJPY_merged,-100.11482340540898
2022-05-24 11:00:00,2022-06-06 11:00:00,1.5,30.0,0.29951484582266524,4278.783511752361,1,1.20144,1.1930162973515717,1.2140755539726427,1.20768,1.24479,38.23245038882361,0.0028201936768944944,GBPCHF_merged,44.700485154177336
2022-06-07 10:00:00,2022-06-07 20:00:00,-1.1,60.0,1.0164018612880958,14520.026589829942,-1,132.552,133.09973453414818,131.7303981987777,126.359,131.345,63.088097725986614,0.25754379688073425,USDJPY_merged,-67.0164018612881
2022-06-07 10:00:00,2022-06-07 21:00:00,-1.1,30.0,0.44721681896676224,6388.811699525176,-1,132.552,133.17442560698657,131.68060415021876,126.359,131.345,63.088097725986614,0.25754379688073425,USDJPY_merged,-33.447216818966766
2022-06-07 10:00:00,2022-06-07 21:00:00,-1.1,30.0,0.44721681896676224,6388.811699525176,-1,132.552,133.17442560698657,131.6183615895201,126.359,131.345,64.39183927871922,0.25754379688073425,USDJPY_merged,-33.447216818966766
2022-06-07 07:00:00,2022-06-07 21:00:00,-1.1,60.0,1.1016814222370528,15738.306031957898,-1,141.8,142.34059185167223,140.9891122224917,132.656,138.315,63.79700625390534,0.24417188544606105,EURJPY_merged,-67.10168142223705
2022-06-07 10:00:00,2022-06-08 00:00:00,-1.1,60.0,0.7710634809771761,11015.192585388231,-1,132.552,133.27401370410445,131.46897944384332,126.359,131.345,64.39183927871922,0.25754379688073425,USDJPY_merged,-66.77106348097718
2022-06-07 07:00:00,2022-06-08 02:00:00,-1.1,30.000000000000004,0.4847398257843033,6924.854654061476,-1,141.8,142.4143089223548,140.93996750870332,132.656,138.315,63.79700625390534,0.24417188544606105,EURJPY_merged,-33.48473982578431
2022-06-07 07:00:00,2022-06-08 02:00:00,-1.1,60.0,0.8078997096405054,11541.424423435792,-1,141.8,142.53717070682575,140.6942439397614,132.656,138.315,64.61319764308335,0.24417188544606105,EURJPY_merged,-66.80789970964051
2022-06-07 07:00:00,2022-06-08 02:00:00,-1.1,60.0,0.8357583203177642,11939.404575968061,-1,141.8,142.51259834993155,140.7311024751027,132.656,138.315,64.4054553289682,0.24417188544606105,EURJPY_merged,-66.83575832031777
2022-06-07 07:00:00,2022-06-08 02:00:00,-1.1,30.000000000000004,0.4847398257843033,6924.854654061476,-1,141.8,142.4143089223548,140.87853661646784,132.656,138.315,64.4054553289682,0.24417188544606105,EURJPY_merged,-33.48473982578431
2022-06-07 07:00:00,2022-06-08 02:00:00,-1.1,30.0,0.4039498548202527,5770.712211717896,-1,141.8,142.53717070682575,140.6942439397614,132.656,138.315,64.4054553289682,0.24417188544606105,EURJPY_merged,-33.403949854820254
2022-06-07 07:00:00,2022-06-08 02:00:00,-1.1,90.0,1.211849564460758,17312.13663515369,-1,141.8,142.53717070682575,140.6942439397614,132.656,138.315,63.79700625390534,0.24417188544606105,EURJPY_merged,-100.21184956446078
2022-06-07 07:00:00,2022-06-08 02:00:00,-1.1,90.0,1.2536374804766464,17909.106863952093,-1,141.8,142.51259834993155,140.94488198008216,132.656,138.315,64.1401667042196,0.24417188544606105,EURJPY_merged,-100.25363748047666
2022-06-08 11:00:00,2022-06-09 09:00:00,1.5,30.0,0.3175540659543949,4536.486656491356,-1,96.499,97.13715243363662,95.54177134954507,87.307,95.741,68.11252506435004,0.2639566182078861,AUDJPY_merged,44.6824459340456
2022-06-08 11:00:00,2022-06-09 10:00:00,1.5,90.0,0.7938851648859875,11341.216641228393,-1,96.499,97.26478292036394,95.35032561945408,87.307,95.741,69.42798711834858,0.2639566182078861,AUDJPY_merged,134.20611483511402
2022-06-08 11:00:00,2022-06-09 10:00:00,1.5,30.0,0.26462838829532914,3780.405547076131,-1,96.499,97.26478292036394,95.35032561945408,87.307,94.024,68.11252506435004,0.2639566182078861,AUDJPY_merged,44.73537161170467
2022-06-08 11:00:00,2022-06-09 10:00:00,1.5,30.0,0.26462838829532914,3780.405547076131,-1,96.499,97.26478292036394,95.35032561945408,87.307,94.024,68.69645465184942,0.2639566182078861,AUDJPY_merged,44.73537161170467
2022-06-07 07:00:00,2022-06-10 03:00:00,1.4,30.0,0.6127071343635734,8752.959062336764,-1,1.11345,1.117266252282469,1.1081072468045434,1.09209,1.1109,71.1363024394182,0.0015253222763456206,AUDNZD_merged,41.387292865636425
2022-06-07 07:00:00,2022-06-10 03:00:00,1.2,60.0,1.0563916109716782,15091.308728166832,-1,1.11345,1.1178768526476641,1.1081377768228033,1.09209,1.1109,70.42165188151645,0.0015253222763456206,AUDNZD_merged,70.94360838902833
2022-06-07 07:00:00,2022-06-10 03:00:00,1.5,60.0,1.3925162144626668,19893.088778038098,-1,1.11345,1.1168083020085728,1.108412546987141,1.08208,1.1109,71.1363024394182,0.0015253222763456206,AUDNZD_merged,88.60748378553734
2022-06-08 11:00:00,2022-06-10 06:00:00,1.5,30.0,0.3789511682702156,5413.588118145937,-1,167.966,168.89680224982573,166.56979662526143,155.594,168.423,72.20503501569291,0.38651226422097995,GBPJPY_merged,44.62104883172979
2022-06-08 11:00:00,2022-06-10 08:00:00,1.5,60.0,0.6645193205906462,9493.133151294947,-1,137.34,138.20803796688304,136.03794304967545,127.502,136.18,68.58896147084671,0.28639270403522427,CHFJPY_merged,89.33548067940936
2022-06-08 11:00:00,2022-06-10 08:00:00,1.5,90.0,0.947377920675539,13533.970295364845,-1,167.966,169.08296269979087,166.29055595031372,155.594,168.423,72.85518323491941,0.38651226422097995,GBPJPY_merged,134.05262207932446
2022-06-08 11:00:00,2022-06-10 08:00:00,1.5,30.0,0.31579264022517967,4511.323431788282,-1,167.966,169.08296269979087,166.29055595031372,155.594,168.423,72.20503501569291,0.38651226422097995,GBPJPY_merged,44.68420735977482
2022-06-08 11:00:00,2022-06-10 08:00:00,1.5,30.0,0.31579264022517967,4511.323431788282,-1,167.966,169.08296269979087,166.29055595031372,155.594,168.423,72.5693141267595,0.38651226422097995,GBPJPY_merged,44.68420735977482
2022-06-07 07:00:00,2022-06-10 10:00:00,1.5,30.0,0.6127071343635734,8752.959062336764,-1,1.11345,1.117266252282469,1.1077256215762967,1.09209,1.1109,69.76853611243106,0.0015253222763456206,AUDNZD_merged,44.387292865636425
2022-06-07 07:00:00,2022-06-12 21:00:00,1.5,30.0,0.5105892786363112,7294.132551947304,-1,1.11345,1.1180295027389628,1.106580745891556,1.09209,1.1109,69.17412828980152,0.0015253222763456206,AUDNZD_merged,44.48941072136369
2022-06-07 07:00:00,2022-06-12 21:00:00,1.5,60.0,1.0563916109716782,15091.308728166832,-1,1.11345,1.1178768526476641,1.1068097210285042,1.09209,1.1109,69.76853611243106,0.0015253222763456206,AUDNZD_merged,88.94360838902833
2022-06-07 07:00:00,2022-06-12 21:00:00,1.5,30.0,0.5105892786363112,7294.132551947304,-1,1.11345,1.1180295027389628,1.106580745891556,1.09209,1.1109,69.76853611243106,0.0015253222763456206,AUDNZD_merged,44.48941072136369
2022-06-07 07:00:00,2022-06-12 21:00:00,1.5,90.0,1.5317678359089335,21882.397655841913,-1,1.11345,1.1180295027389628,1.106580745891556,1.08208,1.1109,71.1363024394182,0.0015253222763456206,AUDNZD_merged,133.46823216409106
2022-06-07 07:00:00,2022-06-12 21:00:00,1.5,60.0,1.0211785572726224,14588.265103894608,-1,1.11345,1.1180295027389628,1.106580745891556,1.08208,1.1109,72.73873472041224,0.0015253222763456206,AUDNZD_merged,88.97882144272738
2022-06-13 09:00:00,2022-06-13 15:00:00,-1.1,90.0,0.956720445258594,13667.43493226563,1,1.21949,1.2114596636169164,1.2315355045746252,1.2155,1.26663,24.524822696111023,0.002664151737621101,GBPUSD_merged,-99.95672044525861
2022-06-13 12:00:00,2022-06-14 06:00:00,-1.1,60.0,0.6809312975337742,9727.589964768204,1,1.2168,1.2092947494431383,1.228057875835293,1.2155,1.26663,30.373600189478978,0.0030476644925486822,GBPUSD_merged,-66.68093129753377
2022-06-13 23:00:00,2022-06-14 07:00:00,-1.1,60.0,0.6222429150505862,8889.18450072266,1,1.21557,1.2073651753623664,1.2278772369564503,1.2155,1.26663,38.60572892208358,0.002719588578315167,GBPUSD_merged,-66.62224291505059
2022-06-14 17:00:00,2022-06-15 10:00:00,1.5,30.0,0.4367274678846712,6238.963826923875,-1,0.86801,0.872183818076589,0.8617492728851164,0.83927,0.86183,70.45105438249503,0.0016402752855902176,EURGBP_merged,44.56327253211533
2022-06-14 21:00:00,2022-06-15 11:00:00,1.5,30.0,0.4060711927147901,5801.017038782716,-1,0.86816,0.8726496954837191,0.8614254567744215,0.83927,0.85866,67.23841871987331,0.0014346676497225637,EURGBP_merged,44.59392880728521
2022-06-14 17:00:00,2022-06-15 12:00:00,1.5,30.0,0.3639395565705593,5199.136522436562,-1,0.86801,0.8730185816919068,0.8604971274621397,0.83927,0.85866,70.45105438249503,0.0016402752855902176,EURGBP_merged,44.63606044342944
2022-06-14 17:00:00,2022-06-15 12:00:00,1.5,90.0,1.091818669711678,15597.409567309685,-1,0.86801,0.8730185816919068,0.8604971274621397,0.83927,0.86183,72.32933988628763,0.0016402752855902176,EURGBP_merged,133.90818133028833
2022-06-14 18:00:00,2022-06-15 15:00:00,1.5,30.0,0.26695620864365066,3813.660123480724,1,0.62163,0.6167399732550422,0.6289650401174368,0.62154,0.65758,36.42694017404477,0.0015892939924869584,NZDUSD_merged,44.73304379135635
2022-06-15 20:00:00,2022-06-16 10:00:00,1.5,29.999999999999996,0.43160026815494446,6165.718116499207,-1,1.11537,1.1207969590934523,1.1072295613598213,1.09209,1.10796,66.42768017897968,0.001789773052735295,AUDNZD_merged,44.56839973184505
2022-06-16 22:00:00,2022-06-17 07:00:00,-1.1,59.99999999999999,0.5791958079854223,8274.225828363176,1,0.74829,0.7428638246778211,0.7564292629832684,0.74564,0.78115,29.76140102437538,0.002166150833952187,CADCHF_merged,-66.57919580798543
2022-06-16 19:00:00,2022-06-17 07:00:00,-1.1,90.0,0.8018845623283716,11455.493747548167,1,1.02,1.011986377713344,1.032020433429984,1.02181,1.0515,33.66501627918224,0.002538264041107796,EURCHF_merged,-99.80188456232838
2022-06-17 11:00:00,2022-06-21 07:00:00,-1.1,30.0,0.2106132127598251,3008.760182283216,-1,139.142,140.52936879880946,137.0609468017858,127.502,136.18,65.8862532380082,0.5530941252720851,CHFJPY_merged,-33.210613212759824
2022-06-17 11:00:00,2022-06-21 08:00:00,-1.1,30.0,0.1755110106331876,2507.30015190268,-1,139.142,140.80684255857136,136.64473616214298,127.502,137.788,66.17248626129579,0.5530941252720851,CHFJPY_merged,-33.17551101063319
2022-06-21 19:00:00,2022-06-22 22:00:00,1.5,15.0,0.2339540927309397,3342.2013247277105,-1,136.515,137.12768750773617,135.5959687383957,126.359,131.345,65.07705388840822,0.23485549207858203,USDJPY_merged,22.26604590726906
2022-06-21 19:00:00,2022-06-22 22:00:00,1.5,15.0,0.24295232706674505,3470.7475295249296,-1,136.515,137.10499537782002,135.63000693326995,126.359,131.345,63.91591736968763,0.23485549207858203,USDJPY_merged,22.257047672933254
2022-06-22 10:00:00,2022-06-22 22:00:00,-1.1,15.0,0.19009859626545997,2715.694232363714,1,0.66626,0.6625799465238391,0.6717800802142412,0.677,0.70446,35.38561308103453,0.0016264501611829452,AUDCHF_merged,-16.69009859626546
2022-06-21 17:00:00,2022-06-22 22:00:00,1.5,15.0,0.2120134522087274,3028.76360298182,-1,136.576,137.2523948160177,135.56140777597344,126.359,131.345,76.84735902790695,0.21814601448166895,USDJPY_merged,22.287986547791274
2022-06-21 19:00:00,2022-06-22 22:00:00,1.5,15.0,0.21055868345784576,3007.9811922549397,-1,136.515,137.19576389748462,135.49385415377301,126.359,131.345,65.07705388840822,0.23485549207858203,USDJPY_merged,22.289441316542153
2022-06-21 19:00:00,2022-06-22 22:00:00,1.4,15.0,0.22559858941912042,3222.8369917017208,-1,136.515,137.15037963765232,135.6254685072867,126.359,131.345,64.65411285175136,0.23485549207858203,USDJPY_merged,20.77440141058088
2022-06-23 01:00:00,2022-06-23 06:00:00,1.5,14.999999999999998,0.2610202444810842,3728.86063544406,-1,1.53286,1.5390261998792458,1.523610700181131,1.47587,1.51983,69.52296499170525,0.0027769025464349627,EURAUD_merged,22.238979755518912
2022-06-23 16:00:00,2022-06-24 07:00:00,-1.1,30.000000000000004,0.4454273357727197,6363.247653895996,1,1.01108,1.0063131888290677,1.0182302167563984,1.02181,1.05136,39.63919616047571,0.0015082986957647437,EURCHF_merged,-33.44542733577273
2022-06-24 10:00:00,2022-06-27 04:00:00,1.4,30.0,0.4235868458986547,6051.240655695067,1,1.00677,1.001778775601814,1.0137577141574603,1.02181,1.05136,34.82463292116582,0.0017845387034800429,EURCHF_merged,41.576413154101346
2022-06-24 10:00:00,2022-06-27 04:00:00,1.5,30.0,0.45617044942932033,6516.720706133148,1,1.00677,1.002135291630256,1.0137220625546162,1.02181,1.05136,35.7411578384807,0.0017845387034800429,EURCHF_merged,44.54382955057068
2022-06-24 10:00:00,2022-06-27 04:00:00,1.5,60.0,0.8785504951972096,12550.721359960138,1,1.00677,1.0019570336160348,1.0139894495759474,1.02181,1.05136,33.24957816498564,0.0017845387034800429,EURCHF_merged,89.1214495048028
2022-06-23 12:00:00,2022-06-27 08:00:00,1.5,15.0,0.25468464285326387,3638.352040760913,1,1.00904,1.0048799847429732,1.01528002288554,1.02181,1.05136,34.14686651065392,0.001758080693830704,EURCHF_merged,22.245315357146737
2022-06-24 10:00:00,2022-06-27 08:00:00,1.5,60.0,0.7906954456774886,11295.649223964125,1,1.00677,1.0014222595733722,1.0147916106399417,1.02181,1.05136,33.24957816498564,0.0017845387034800429,EURCHF_merged,89.20930455432251
2022-06-23 01:00:00,2022-06-28 10:00:00,-1.1,60.0,0.7888476906621023,11269.25272374432,1,0.60216,0.598953966655493,0.6069690500167605,0.61672,0.632,35.247869169942234,0.0012142976230382124,NZDCHF_merged,-66.7888476906621
2022-06-23 01:00:00,2022-06-28 10:00:00,-1.1,60.0,0.683667998573822,9766.685693911744,1,0.60216,0.5984607307563382,0.6077089038654928,0.61672,0.632,34.11199287404399,0.0012142976230382124,NZDCHF_merged,-66.68366799857382
2022-06-23 01:00:00,2022-06-28 10:00:00,-1.1,60.0,0.7325014270433807,10464.306100619726,1,0.60216,0.5987073487059156,0.6069937118117182,0.61672,0.632,34.64052106298622,0.0012142976230382124,NZDCHF_merged,-66.73250142704337
2022-06-28 20:00:00,2022-06-29 05:00:00,-1.1,60.0,0.9348407172318057,13354.867389025798,1,1.16598,1.1607415503799396,1.1738376744300907,1.20768,1.22942,33.195871159658765,0.0017342820252568185,GBPCHF_merged,-66.93484071723181
2022-06-28 20:00:00,2022-06-29 05:00:00,-1.1,30.0,0.5393311830183494,7704.73118597642,1,1.16598,1.161440010329281,1.1727899845060785,1.20768,1.22942,35.79334261461826,0.0017342820252568185,GBPCHF_merged,-33.53933118301835
2022-06-28 16:00:00,2022-06-29 05:00:00,-1.1,60.0,1.0783778785926923,15405.39826560989,1,1.16669,1.162146047367742,1.173505928948387,1.19717,1.22942,32.93724667311801,0.0019288007521538267,GBPCHF_merged,-67.07837787859269
2022-06-28 20:00:00,2022-06-29 05:00:00,-1.1,60.0,1.0387119080353395,14838.741543361994,1,1.16598,1.1612653953419456,1.1730519069870817,1.19717,1.22942,33.195871159658765,0.0017342820252568185,GBPCHF_merged,-67.03871190803534
2022-06-28 16:00:00,2022-06-29 05:00:00,-1.1,60.0,0.8920002763157227,12742.861090224611,1,0.80383,0.8000451513966516,0.8095072729050228,0.80284,0.83519,32.26492412842515,0.0014595887869101637,NZDCAD_merged,-66.89200027631573
2022-06-28 16:00:00,2022-06-29 09:00:00,-1.1,15.0,0.19326672653507324,2760.9532362153323,1,0.80383,0.7994628669961364,0.8103806995057955,0.80284,0.83519,29.340951247080604,0.0014595887869101637,NZDCAD_merged,-16.69326672653507
2022-06-28 16:00:00,2022-06-29 09:00:00,-1.1,30.0,0.4141429854322998,5916.328363318569,1,0.80383,0.7997540091963941,0.8095363871250485,0.80284,0.83519,30.91339442043183,0.0014595887869101637,NZDCAD_merged,-33.4141429854323
2022-06-29 09:00:00,2022-06-29 13:00:00,-1.1,59.99999999999999,0.8273393868500335,11819.134097857623,1,1.00213,0.9970426730010704,1.0097609904983944,1.02181,1.05136,29.074321825830886,0.00199175267158953,EURCHF_merged,-66.82733938685003
2022-06-29 09:00:00,2022-06-29 15:00:00,-1.1,60.0,0.7446054481650303,10637.220688071862,1,1.00213,0.9964774144456338,1.0106088783315492,1.02181,1.05136,29.074321825830886,0.00199175267158953,EURCHF_merged,-66.74460544816503
2022-06-29 11:00:00,2022-06-30 09:00:00,1.5,30.000000000000004,0.41439816868896034,5919.97383841372,-1,136.813,137.5063121854977,135.7730317217534,126.359,131.345,58.13292187028611,0.26529784157329367,USDJPY_merged,44.585601831311045
2022-06-29 07:00:00,2022-06-30 09:00:00,1.5,29.999999999999996,0.5886148214978538,8408.783164255055,1,0.88569,0.8825301254401529,0.8904298118397705,0.8883,0.91305,37.811050805489465,0.0013500114682612394,AUDCAD_merged,44.41138517850214
2022-06-29 11:00:00,2022-06-30 12:00:00,1.5,30.0,0.37295835182006426,5327.976454572347,-1,136.813,137.58334687277525,135.6574796908371,126.359,131.345,58.13292187028611,0.26529784157329367,USDJPY_merged,44.62704164817993
2022-06-28 19:00:00,2022-06-30 23:00:00,-1.1,60.0,0.7899966911457887,11285.667016368412,1,0.80304,0.7987706555359008,0.8094440166961488,0.80284,0.83519,30.986358763171655,0.0013893209055545308,NZDCAD_merged,-66.78999669114579
2022-06-28 19:00:00,2022-06-30 23:00:00,-1.1,60.0,0.8777741012730985,12539.630018187123,1,0.80304,0.7991975899823106,0.808803615026534,0.80284,0.83519,30.986358763171655,0.0013893209055545308,NZDCAD_merged,-66.8777741012731
2022-06-29 08:00:00,2022-07-01 01:00:00,-1.1,30.0,0.3670564875996582,5243.664108566546,1,0.65572,0.6519685011257943,0.6613472483113084,0.677,0.70446,36.546250808288924,0.0015938660051140808,AUDCHF_merged,-33.367056487599655
2022-06-29 19:00:00,2022-07-01 05:00:00,1.5,60.0,1.0056277951904076,14366.111359862967,1,0.99694,0.9927762845378522,1.003185573193222,1.02181,1.05136,28.43388359895234,0.0014733942065588024,EURCHF_merged,88.9943722048096
2022-06-30 01:00:00,2022-07-01 05:00:00,1.5,30.0,0.6358867657383904,9084.096653405579,1,0.99745,0.9941559465413347,1.0023910801879978,1.02181,1.05136,33.96345340589019,0.0012421619495232954,EURCHF_merged,44.36411323426161
2022-06-30 01:00:00,2022-07-01 05:00:00,1.5,30.0,0.5511018636399384,7872.883766284835,1,0.99745,0.9936491690861554,1.0031512463707668,1.02181,1.05136,33.478391863384566,0.0012421619495232954,EURCHF_merged,44.448898136360064
2022-06-30 01:00:00,2022-07-01 05:00:00,1.4,30.000000000000004,0.5904662824713627,8435.232606733753,1,0.99745,0.993902557813745,1.0024164190607567,1.02181,1.05136,33.60131112000467,0.0012421619495232954,EURCHF_merged,41.40953371752864
2022-06-29 19:00:00,2022-07-01 06:00:00,1.5,60.0,0.905065015671367,12929.500223876672,1,0.99694,0.9923136494865024,1.0038795257702466,1.02181,1.05136,28.43388359895234,0.0014733942065588024,EURCHF_merged,89.09493498432863
2022-07-01 05:00:00,2022-07-01 08:00:00,-1.1,60.00000000000001,0.574505052302604,8207.215032894343,1,92.268,91.59346180673816,93.27980728989277,91.962,95.318,31.121414458728324,0.300279107545584,AUDJPY_merged,-66.57450505230261
2022-07-01 05:00:00,2022-07-01 09:00:00,-1.1,29.999999999999996,0.3196493815111897,4566.419735874139,1,0.68089,0.6764167581209134,0.68759986281863,0.685,0.72826,35.44380923062997,0.0019009672182648007,AUDUSD_merged,-33.31964938151119
2022-07-01 13:00:00,2022-07-04 03:00:00,1.5,30.0,0.29273227988695355,4181.889712670765,1,0.67842,0.6735531571613825,0.6857202642579263,0.685,0.72826,41.33818231050471,0.0021327315808083143,AUDUSD_merged,44.707267720113045
2022-07-01 12:00:00,2022-07-04 03:00:00,1.5,15.0,0.1202524659137681,1717.8923701966874,1,91.707,90.9062484372915,92.90812734406273,91.962,96.878,35.234388149559884,0.3437847923978406,AUDJPY_merged,22.37974753408623
2022-07-01 10:00:00,2022-07-04 05:00:00,1.5,30.0,0.39856627254722166,5693.803893531738,-1,1.53133,1.5393984022244231,1.5192273966633656,1.47587,1.51983,62.83220894009443,0.003989065873944786,EURAUD_merged,44.60143372745278
2022-07-01 12:00:00,2022-07-04 05:00:00,1.5,30.000000000000004,0.3976084927721726,5680.121325316752,1,0.87672,0.8720895355268607,0.883665696709709,0.8883,0.91305,33.489376070132124,0.0019480136071680304,AUDCAD_merged,44.602391507227836
2022-07-04 23:00:00,2022-07-05 19:00:00,1.5,60.0,1.2742023185867055,18202.890265524366,-1,136.169,136.61783751320934,135.49574373018604,131.492,131.345,65.27509086615801,0.2027301192117243,USDJPY_merged,88.7257976814133
2022-07-06 03:00:00,2022-07-06 05:00:00,-1.1,30.0,0.45993960502647857,6570.565786092551,1,1.02689,1.0222014083318052,1.0339228875022923,1.0359,1.07867,34.265970885972955,0.0018180684529267544,EURUSD_merged,-33.45993960502648
2022-07-05 21:00:00,2022-07-06 06:00:00,-1.1,30.0,0.45407725824865236,6486.817974980749,1,1.02663,1.0218820788900214,1.0337518816649678,1.0359,1.07867,29.97585939657891,0.0017485972071355084,EURUSD_merged,-33.45407725824865
2022-07-05 14:00:00,2022-07-06 06:00:00,-1.1,90.0,1.3405636844250324,19150.909777500463,1,1.02524,1.0204218685862951,1.032467197120557,1.0359,1.07738,25.33116560074156,0.0021821983239662707,EURUSD_merged,-100.34056368442505
2022-07-05 09:00:00,2022-07-06 06:00:00,-1.1,30.0,0.4853403102526485,6933.433003609265,1,0.99435,0.9900475858879041,1.000803621168144,1.02181,1.05136,31.781388720704957,0.0016865764686056794,EURCHF_merged,-33.485340310252646
2022-07-05 23:00:00,2022-07-06 06:00:00,-1.1,30.0,0.42336074586351125,6048.0106551930185,1,1.02651,1.0214181934944082,1.0341477097583875,1.0359,1.07867,31.111268445387996,0.0016281782041117233,EURUSD_merged,-33.42336074586351
2022-07-05 09:00:00,2022-07-06 07:00:00,-1.1,29.999999999999996,0.4506731452346022,6438.187789065747,1,0.99435,0.9897166309562043,1.0008367166613137,1.02181,1.05136,29.666243285001382,0.0016865764686056794,EURCHF_merged,-33.4506731452346
2022-07-05 08:00:00,2022-07-06 07:00:00,-1.1,60.00000000000001,1.0949994526656033,15642.849323794333,1,1.33388,1.3287637453878518,1.341554381918222,1.33889,1.37143,42.91322309427152,0.0023712829179479817,EURCAD_merged,-67.09499945266562
2022-07-05 16:00:00,2022-07-06 07:00:00,-1.1,30.000000000000004,0.3549486456273382,5070.694937533403,1,1.19564,1.1885661766992734,1.2062507349510898,1.19332,1.26663,34.42262912735512,0.0025806511788309056,GBPUSD_merged,-33.354948645627346
2022-07-05 09:00:00,2022-07-06 07:00:00,-1.1,90.0,1.4020942296187622,20029.91756598232,1,0.99435,0.9898821084220543,1.0010518373669186,1.02181,1.05136,25.460421278184246,0.0016865764686056794,EURCHF_merged,-100.40209422961878
2022-07-05 16:00:00,2022-07-06 08:00:00,-1.1,60.0,0.6836047989859846,9765.782842656923,1,1.19564,1.1882941065723225,1.2066588401415164,1.19332,1.26663,32.21699797529262,0.0025806511788309056,GBPUSD_merged,-66.68360479898598
2022-07-05 15:00:00,2022-07-06 08:00:00,-1.1,30.0,0.38782220571304205,5540.31722447203,1,1.19487,1.1883999553170594,1.204575067024411,1.19332,1.26663,34.7635564474739,0.002720701269510216,GBPUSD_merged,-33.38782220571304
2022-07-05 11:00:00,2022-07-06 08:00:00,-1.1,30.0,0.40790963162997895,5827.280451856843,1,0.99378,0.9886638226945984,1.0014542659581023,1.02181,1.05136,30.700665050769523,0.0016914358326242864,EURCHF_merged,-33.40790963162998
2022-07-05 09:00:00,2022-07-06 08:00:00,-1.1,90.0,1.2618848066568862,18026.925809384087,1,0.99435,0.9893856760245047,1.0017964859632429,1.02181,1.05136,25.460421278184246,0.0016865764686056794,EURCHF_merged,-100.2618848066569
2022-07-05 16:00:00,2022-07-06 08:00:00,-1.1,30.0,0.32959517093967117,4708.502441995302,1,1.19564,1.1880220364453715,1.20630514897648,1.19332,1.26663,33.54619430662579,0.0025806511788309056,GBPUSD_merged,-33.32959517093967
2022-07-06 11:00:00,2022-07-07 03:00:00,-1.1,29.999999999999996,0.42794196619582325,6113.456659940332,1,1.33259,1.3260507044387895,1.3423989433418155,1.33889,1.37143,37.264602858672106,0.003052231127196751,EURCAD_merged,-33.427941966195824
2022-07-05 12:00:00,2022-07-07 18:00:00,1.5,60.0,0.7927718319173431,11325.311884533474,1,1.19337,1.1870476840470254,1.202853473929462,1.19332,1.26663,21.587484510692853,0.00287065283729451,GBPUSD_merged,89.20722816808265
2022-07-07 16:00:00,2022-07-08 03:00:00,-1.1,15.0,0.21029750145279139,3004.250020754163,1,1.3191,1.3125138304524224,1.3283206373666083,1.33889,1.37143,29.175539164278145,0.002392760309145586,EURCAD_merged,-16.710297501452793
2022-07-07 16:00:00,2022-07-08 03:00:00,-1.1,15.000000000000002,0.19627766802260535,2803.9666860372195,1,1.3191,1.3120433897704527,1.3296849153443209,1.33889,1.37143,27.544260530791448,0.002392760309145586,EURCAD_merged,-16.69627766802261
2022-07-07 16:00:00,2022-07-08 03:00:00,-1.1,15.0,0.21808629780289476,3115.518540041354,1,1.3191,1.3127490507934074,1.3286264238098888,1.33889,1.37143,26.53754560552953,0.002392760309145586,EURCAD_merged,-16.718086297802895
2022-07-07 16:00:00,2022-07-08 03:00:00,-1.1,15.0,0.22647423233377534,3235.346176196791,1,1.3191,1.3129842711343922,1.3282735932984113,1.33889,1.37143,30.44120326662215,0.002392760309145586,EURCAD_merged,-16.726474232333775
2022-07-05 16:00:00,2022-07-11 10:00:00,-1.1,30.0,0.307622159543693,4394.602279195615,1,1.19564,1.1874778961914694,1.207883155712796,1.19332,1.26663,32.635944652612025,0.0025806511788309056,GBPUSD_merged,-33.30762215954369
2022-07-05 16:00:00,2022-07-11 10:00:00,-1.1,60.0,0.615244319087386,8789.20455839123,1,1.19564,1.1874778961914694,1.207883155712796,1.19332,1.26663,32.21699797529262,0.0025806511788309056,GBPUSD_merged,-66.61524431908738
2022-07-11 10:00:00,2022-07-12 10:00:00,1.5,60.0,1.0075593216077514,14393.704594396451,-1,137.438,138.0109087981429,136.5786368027856,131.492,137.002,69.4275069968175,0.2591692979174689,USDJPY_merged,88.99244067839224
2022-07-12 06:00:00,2022-07-13 02:00:00,1.4,29.999999999999996,0.3718371135622932,5311.958765175617,1,1.1834,1.1767165896857585,1.192756774439938,1.19332,1.26663,35.63891785733408,0.002375008522580081,GBPUSD_merged,41.6281628864377
2022-07-11 14:00:00,2022-07-13 03:00:00,1.5,89.99999999999999,1.6128682685461708,23040.9752649453,1,0.8761,0.8726778792306608,0.8812331811540088,0.8883,0.91305,22.38552979983119,0.0015194016234223876,AUDCAD_merged,133.3871317314538
2022-07-11 15:00:00,2022-07-13 03:00:00,-1.1,15.0,0.23867787204117166,3409.6838863024527,1,0.98613,0.9817917825894584,0.9926373261158121,1.02181,1.05136,31.64821871420963,0.0014170672937390291,EURCHF_merged,-16.738677872041173
2022-07-11 22:00:00,2022-07-13 04:00:00,1.4,15.0,0.24553796265812244,3507.685180830321,1,0.87683,0.873080390407931,0.8820794534288967,0.8883,0.91305,32.837708932957106,0.0013442072626759782,AUDCAD_merged,20.754462037341877
2022-07-11 22:00:00,2022-07-13 04:00:00,1.5,15.0,0.26442549824720873,3777.507117817268,1,0.87683,0.8733482196645073,0.8820526705032391,0.8883,0.91305,33.97261142699942,0.0013442072626759782,AUDCAD_merged,22.23557450175279
2022-07-12 06:00:00,2022-07-13 08:00:00,1.5,15.0,0.17352398632907015,2478.9140904152882,1,1.1834,1.1762392032347413,1.194141195147888,1.19332,1.26663,34.62653705523913,0.002375008522580081,GBPUSD_merged,22.32647601367093
2022-07-12 07:00:00,2022-07-13 10:00:00,-1.1,30.000000000000004,0.5634678727554759,8049.541039363942,1,1.30723,1.3023580576360538,1.314537913545919,1.33889,1.37143,43.83525693888431,0.002061407987123623,EURCAD_merged,-33.56346787275548
2022-07-14 05:00:00,2022-07-14 07:00:00,1.5,30.0,0.36926393498313165,5275.199071187595,-1,106.484,107.08957335503185,105.57563996745222,101.656,106.422,56.798692889420515,0.24984762679709116,CADJPY_merged,44.63073606501687
2022-07-14 05:00:00,2022-07-14 07:00:00,1.4,30.0,0.34288793962719377,4898.39913753134,-1,106.484,107.13615592080353,105.57098171087505,101.656,106.422,56.52945095994782,0.24984762679709116,CADJPY_merged,41.6571120603728
2022-07-14 05:00:00,2022-07-14 09:00:00,1.5,30.0,0.3200287436520474,4571.839195029249,-1,106.484,107.18273848657522,105.43589227013717,101.656,106.422,55.91433420872648,0.24984762679709116,CADJPY_merged,44.679971256347955
2022-07-14 08:00:00,2022-07-19 02:00:00,1.5,90.0,1.294664222464847,18495.20317806925,-1,138.864,139.53972980300207,137.8504052954969,131.492,137.002,72.76863349981885,0.3113534882800936,USDJPY_merged,133.70533577753514
2022-07-20 03:00:00,2022-07-22 07:00:00,-1.1,30.0,0.45940749527119495,6562.964218159928,1,1.91934,1.9105664949059644,1.93162290713165,1.92425,1.9633,35.59373703572508,0.003208866485266959,GBPNZD_merged,-33.45940749527119
2022-07-20 03:00:00,2022-07-22 07:00:00,-1.1,29.999999999999996,0.428780328919782,6125.4332702826005,1,1.91934,1.9099398159706762,1.933440276043986,1.92425,1.9633,34.07024592304781,0.003208866485266959,GBPNZD_merged,-33.428780328919785
2022-07-26 09:00:00,2022-07-26 10:00:00,-1.1,15.0,0.28135605247266177,4019.3721781808827,1,0.97817,0.9745195418315203,0.9836456872527194,0.98052,1.05136,32.02347904096877,0.001597358887895487,EURCHF_merged,-16.781356052472663
2022-07-26 09:00:00,2022-07-26 10:00:00,-1.1,90.0,1.7648697836921503,25212.425481316437,1,0.97817,0.974678257404063,0.9834076138939055,0.98052,1.05136,24.447634990945726,0.001597358887895487,EURCHF_merged,-100.76486978369216
2022-07-26 14:00:00,2022-07-27 14:00:00,-1.1,89.99999999999999,1.9263793042091606,27519.70434584515,1,0.84099,0.8382396397835965,0.8451155403246053,0.84029,0.86783,28.253761727936265,0.0012158663251053841,EURGBP_merged,-100.92637930420915
2022-07-26 21:00:00,2022-07-27 14:00:00,-1.1,30.0,0.6251022571039001,8930.032244341432,1,0.84183,0.8390019139070295,0.8460721291394557,0.84029,0.86783,35.800123041214874,0.0010543164617751693,EURGBP_merged,-33.6251022571039
2022-07-27 07:00:00,2022-07-27 14:00:00,-1.1,30.0,0.6060672246786499,8658.103209695,1,0.84195,0.8390326751092876,0.8460342548469973,0.84029,0.86783,37.88274206349729,0.0010696230504913548,EURGBP_merged,-33.60606722467865
2022-07-26 21:00:00,2022-07-28 08:00:00,-1.1,29.999999999999996,0.5933601685337107,8476.573836195867,1,0.97568,0.9722269067378364,0.9808596398932453,1.02181,1.05136,35.31693971204713,0.001273961879344139,EURCHF_merged,-33.593360168533714
2022-07-26 21:00:00,2022-07-28 08:00:00,-1.1,30.0,0.5509772993527314,7871.104276467592,1,0.97568,0.9719612841792085,0.9808862021491082,0.98052,1.05136,34.68925604966644,0.001273961879344139,EURCHF_merged,-33.55097729935273
2022-07-28 17:00:00,2022-07-28 23:00:00,-1.1,30.0,0.4055222845045692,5793.175492922417,1,136.89,136.18111417304425,137.9533287404336,136.861,144.273,33.9089591402671,0.294910427031817,EURJPY_merged,-33.40552228450457
2022-07-28 12:00:00,2022-07-29 01:00:00,-1.1,90.0,1.0698732819375505,15283.904027679295,1,136.663,135.85825338697987,137.87011991953025,136.861,144.273,21.044259277644404,0.35595149250850716,EURJPY_merged,-100.06987328193756
2022-08-08 11:00:00,2022-08-10 08:00:00,-1.1,15.0,0.28547991031494935,4078.2844330707053,1,0.97401,0.970427574536605,0.9779506680097345,0.98052,0.99499,35.4260802039364,0.001215988833907977,EURCHF_merged,-16.78547991031495
2022-08-10 16:00:00,2022-08-11 07:00:00,-1.1,29.999999999999996,0.3539233395473566,5056.047707819381,1,1.90756,1.8962415150277365,1.9200103334694896,1.90649,1.9633,31.39695345563205,0.0036826263009386595,GBPNZD_merged,-33.35392333954736
2022-08-10 16:00:00,2022-08-11 07:00:00,-1.1,59.99999999999999,0.758407156172907,10834.387945327244,1,1.90756,1.896996080692554,1.920236703168935,1.90649,1.9633,32.37337509714801,0.0036826263009386595,GBPNZD_merged,-66.75840715617291
2022-08-10 16:00:00,2022-08-11 09:00:00,-1.1,59.99999999999999,0.8282302931826859,11831.861331181228,1,0.94274,0.9379593151680259,0.948476821798369,0.94948,0.98855,30.681535424510905,0.0016761454799914392,USDCHF_merged,-66.82823029318268
2022-08-10 15:00:00,2022-08-11 10:00:00,-1.1,15.0,0.2656508950722517,3795.012786746453,1,1.27806,1.2730083964673449,1.2846270845924517,1.28189,1.32233,33.26188612638479,0.0018762869759482946,USDCAD_merged,-16.765650895072252
2022-08-10 15:00:00,2022-08-11 10:00:00,-1.1,15.0,0.27627693087514177,3946.813298216311,1,1.27806,1.2732026889109085,1.2838887733069098,1.28189,1.32233,31.1797474715836,0.0018762869759482946,USDCAD_merged,-16.77627693087514
2022-08-10 16:00:00,2022-08-11 23:00:00,-1.1,30.0,0.3675962384428552,5251.3748348979325,1,1.6088,1.5996092639513633,1.619828883258364,1.63632,1.6548,31.643266660481128,0.0031750910365376723,EURNZD_merged,-33.36759623844286
2022-08-10 15:00:00,2022-08-12 03:00:00,-1.1,15.0,0.18280727877473618,2611.532553924803,1,1.4542,1.445847433240984,1.4667288501385236,1.47587,1.53972,33.68199895327277,0.002716746853981092,EURAUD_merged,-16.682807278774735
2022-08-10 15:00:00,2022-08-12 03:00:00,-1.1,30.0,0.36561455754947236,5223.065107849606,1,1.4542,1.445847433240984,1.4633878234349174,1.45102,1.53972,32.69194934889912,0.002716746853981092,EURAUD_merged,-33.36561455754947
2022-08-10 13:00:00,2022-08-12 10:00:00,1.2,15.0,0.17034510797441485,2433.501542491641,-1,1.03248,1.0388441628039171,1.0248430046352996,0.99521,1.02781,67.215043811823,0.002196278480890856,EURUSD_merged,17.829654892025584
2022-08-12 05:00:00,2022-08-12 10:00:00,-1.1,15.0,0.36015448470695005,5145.064067242144,1,1.44699,1.4427714227935098,1.4528960080890865,1.45102,1.48055,37.363779567420806,0.0021400537030133544,EURAUD_merged,-16.86015448470695
2022-08-12 02:00:00,2022-08-12 12:00:00,-1.1,15.0,0.24845247911354032,3549.3211301934334,1,1.59709,1.59034044167004,1.605189469995952,1.63632,1.6548,27.181018984731626,0.00276697880827085,EURNZD_merged,-16.748452479113542
2022-08-12 05:00:00,2022-08-12 12:00:00,-1.1,15.0,0.22149126721051107,3164.1609601501586,1,1.59799,1.5904145794376838,1.6093531308434745,1.63632,1.6548,38.078394569462645,0.0027974462251352415,EURNZD_merged,-16.72149126721051
2022-08-12 05:00:00,2022-08-12 13:00:00,-1.1,15.0,0.25725320336210716,3675.045762315817,1,1.44699,1.4410839919109135,1.4540772097069037,1.45102,1.48055,37.2309254942275,0.0021400537030133544,EURAUD_merged,-16.757253203362108
2022-08-12 05:00:00,2022-08-12 15:00:00,-1.1,15.0,0.19934214048946,2847.744864135143,1,1.59799,1.5895728660418709,1.6106157009371938,1.63632,1.6548,38.078394569462645,0.0027974462251352415,EURNZD_merged,-16.69934214048946
2022-08-12 03:00:00,2022-08-12 16:00:00,-1.1,15.0,0.20193396434039695,2884.7709191485283,1,1.59642,1.5881190635751874,1.6055510300672937,1.63632,1.6548,25.48577520994279,0.0027507660362515183,EURNZD_merged,-16.701933964340398
2022-08-14 18:00:00,2022-08-15 01:00:00,1.5,15.0,0.4029869494132865,5756.956420189807,1,1.70345,1.6990115870374858,1.7101076194437712,1.72072,1.76519,32.69049286225193,0.002481086052090679,GBPAUD_merged,22.097013050586714
2022-08-14 18:00:00,2022-08-15 02:00:00,1.4,60.0,1.4507530178878314,20725.043112683306,1,1.70345,1.6985184300416507,1.7103541979416887,1.72072,1.76519,32.61051907003311,0.002481086052090679,GBPAUD_merged,82.54924698211217
2022-08-14 18:00:00,2022-08-15 03:00:00,1.4,30.0,0.7074414948772797,10106.307069675426,1,1.44097,1.4366925621879518,1.4469584129368676,1.45102,1.48055,33.8043097952962,0.0021252389841652577,EURAUD_merged,41.29255850512272
2022-08-14 18:00:00,2022-08-15 03:00:00,1.3,30.0,0.5441857652902152,7774.082361288789,1,1.44097,1.4354093308443374,1.4481988699023616,1.45102,1.53972,33.8043097952962,0.0021252389841652577,EURAUD_merged,38.455814234709784
2022-08-14 18:00:00,2022-08-15 03:00:00,1.2,15.000000000000002,0.25265767674188566,3609.395382026938,1,1.44097,1.4349815870631326,1.4481560955242412,1.45102,1.48055,33.56415707968869,0.0021252389841652577,EURAUD_merged,17.747342323258113
2022-08-14 18:00:00,2022-08-15 03:00:00,1.4,60.0,1.1319063918036476,16170.09131148068,1,1.44097,1.4356232027349398,1.4484555161710846,1.45102,1.53972,34.32273822884962,0.0021252389841652577,EURAUD_merged,82.86809360819635
2022-08-14 18:00:00,2022-08-15 03:00:00,1.5,30.000000000000004,0.5373159325510486,7675.94189358641,1,1.70345,1.6967923805562286,1.713436429165657,1.72072,1.78181,32.579829330952776,0.002481086052090679,GBPAUD_merged,44.46268406744896
2022-08-14 18:00:00,2022-08-15 03:00:00,1.2,30.000000000000004,0.5181260778170828,7401.801111672611,1,1.70345,1.696545802058311,1.7117350375300264,1.72072,1.76519,32.570016031496294,0.002481086052090679,GBPAUD_merged,35.48187392218292
2022-08-10 11:00:00,2022-08-15 04:00:00,-1.1,15.0,0.3155971572656106,4508.530818080152,1,0.73672,0.7342689132833065,0.7403966300750404,0.73738,0.75839,39.52802792757464,0.001336592353849879,CADCHF_merged,-16.81559715726561
2022-08-10 15:00:00,2022-08-15 04:00:00,1.2,60.0,0.9867033245540779,14095.761779343971,1,1.27806,1.2726198115802174,1.284588226103739,1.28189,1.32233,32.576953953948305,0.0018762869759482946,USDCAD_merged,71.01329667544593
2022-08-10 15:00:00,2022-08-15 04:00:00,1.1,15.000000000000002,0.23023077572928485,3289.0110818469266,1,1.27806,1.2722312266930902,1.2844716506376008,1.28189,1.32233,31.1797474715836,0.0018762869759482946,USDCAD_merged,16.269769224270718
2022-08-12 14:00:00,2022-08-15 05:00:00,1.4,15.0,0.2682151555707942,3831.6450795827745,1,1.70516,1.6984846948846355,1.7145054271615103,1.72072,1.78181,30.37295965341791,0.0026351133285639513,GBPAUD_merged,20.731784844429207
2022-08-14 20:00:00,2022-08-15 05:00:00,1.5,30.0,0.4989070559574027,7127.243656534325,1,1.70413,1.696956974569176,1.714889538146236,1.72072,1.78181,36.28664504756825,0.0023502221571598154,GBPAUD_merged,44.5010929440426
2022-08-14 18:00:00,2022-08-15 05:00:00,1.5,15.000000000000002,0.23581383162575992,3368.769023225142,1,1.44097,1.4345538432819278,1.4505942350771086,1.45102,1.53972,33.34345029078109,0.0021252389841652577,EURAUD_merged,22.264186168374245
2022-08-10 11:00:00,2022-08-15 05:00:00,-1.1,15.0,0.18935829435936635,2705.118490848091,1,0.73672,0.7326348554721773,0.742847716791734,0.73565,0.75839,39.10204862449048,0.001336592353849879,CADCHF_merged,-16.689358294359366
2022-08-10 11:00:00,2022-08-15 05:00:00,-1.1,15.000000000000002,0.21849033964542275,3121.2905663631823,1,0.73672,0.7331795414092204,0.7413225961680135,0.73565,0.75839,39.35440092411099,0.001336592353849879,CADCHF_merged,-16.718490339645427
2022-08-10 11:00:00,2022-08-15 05:00:00,-1.1,15.0,0.22722995323123962,3246.1421890177094,1,0.73672,0.7333157128934812,0.7414860019491265,0.73565,0.75839,39.71905633951551,0.001336592353849879,CADCHF_merged,-16.72722995323124
2022-08-10 11:00:00,2022-08-15 05:00:00,-1.1,15.0,0.28403744153904953,4057.677736272137,1,0.73672,0.7339965703147849,0.7405328015593012,0.73565,0.75839,39.35440092411099,0.001336592353849879,CADCHF_merged,-16.78403744153905
2022-08-14 18:00:00,2022-08-15 05:00:00,1.5,15.000000000000002,0.26201536847306656,3743.07669247238,1,1.44097,1.435195458953735,1.4496318115693978,1.45102,1.53972,33.34345029078109,0.0021252389841652577,EURAUD_merged,22.23798463152694
2022-08-10 11:00:00,2022-08-15 05:00:00,-1.1,15.0,0.21039810484374039,3005.6872120534345,1,0.73672,0.7330433699249597,0.7422349451125606,0.73565,0.75839,39.10204862449048,0.001336592353849879,CADCHF_merged,-16.71039810484374
2022-08-10 11:00:00,2022-08-15 05:00:00,-1.1,15.0,0.20288388681360683,2898.3412401943838,1,0.73672,0.7329071984406988,0.7412953618711614,0.73565,0.75839,39.20779030570398,0.001336592353849879,CADCHF_merged,-16.702883886813606
2022-08-10 11:00:00,2022-08-15 05:00:00,-1.1,15.0,0.22722995323123962,3246.1421890177094,1,0.73672,0.7333157128934812,0.7408051445278228,0.73565,0.75839,39.0576712550399,0.001336592353849879,CADCHF_merged,-16.72722995323124
2022-08-10 12:00:00,2022-08-16 03:00:00,1.5,15.0,0.21583009037403345,3083.2870053433353,1,0.94112,0.9365415095852135,0.9479877356221796,0.94948,0.98855,23.960173141795018,0.0018084392969206725,USDCHF_merged,22.284169909625966
2022-08-15 11:00:00,2022-08-16 04:00:00,1.1,15.0,0.20319576585948848,2902.79665513555,1,0.73095,0.7271728666687339,0.7351048466643926,0.73565,0.75839,41.12028563912359,0.0013426841263442474,CADCHF_merged,16.296804234140513
2022-08-15 11:00:00,2022-08-16 04:00:00,1.2,15.0,0.24383491903138618,3483.35598616266,1,0.73095,0.7278023888906117,0.734727133331266,0.73565,0.75839,41.12028563912359,0.0013426841263442474,CADCHF_merged,17.756165080968614
2022-08-15 11:00:00,2022-08-16 04:00:00,1.5,60.0,1.3546384390632564,19351.977700903666,1,0.73095,0.7286837200012404,0.7343494199981394,0.73738,0.75839,41.293106374895764,0.0013426841263442474,CADCHF_merged,88.64536156093675
2022-08-15 11:00:00,2022-08-16 04:00:00,1.4,60.00000000000001,1.2191745951569308,17416.7799308133,1,0.73095,0.7284319111124893,0.734475324442515,0.73565,0.75839,41.196393577449356,0.0013426841263442474,CADCHF_merged,82.78082540484307
2022-08-15 11:00:00,2022-08-16 05:00:00,1.2,30.0,0.43541949827033255,6220.278546719037,1,0.73095,0.727424675557485,0.7351803893310179,0.73565,0.75839,41.12133947015054,0.0013426841263442474,CADCHF_merged,35.564580501729665
2022-08-15 11:00:00,2022-08-16 05:00:00,1.3,59.99999999999999,0.9378266116591775,13397.523023702537,1,0.73095,0.7276764844462361,0.7352055702198931,0.73565,0.75839,41.196393577449356,0.0013426841263442474,CADCHF_merged,77.06217338834082
2022-08-15 11:00:00,2022-08-16 05:00:00,1.5,60.0,0.9030922927088376,12901.31846726911,1,0.73095,0.7275505800018606,0.7360491299972091,0.73565,0.75839,41.085862410433144,0.0013426841263442474,CADCHF_merged,89.09690770729117
2022-08-15 11:00:00,2022-08-16 05:00:00,1.4,90.0,1.463009514188317,20900.13591697596,1,0.73095,0.7278023888906117,0.7353566555531437,0.73565,0.75839,41.40088397871331,0.0013426841263442474,CADCHF_merged,124.53699048581167
2022-08-15 12:00:00,2022-08-16 08:00:00,1.5,90.0,0.8782832541681237,12546.903630973196,1,103.278,102.53717817866598,104.38923273200103,103.361,107.641,37.58794614701529,0.2406591351748163,CADJPY_merged,134.1217167458319
2022-08-15 11:00:00,2022-08-16 08:00:00,1.5,60.0,0.8127830634379539,11611.1866205422,1,0.73095,0.7271728666687339,0.736615699996899,0.73565,0.75839,41.085862410433144,0.0013426841263442474,CADCHF_merged,89.18721693656205
2022-08-15 12:00:00,2022-08-16 08:00:00,1.4,90.0,1.0539399050017486,15056.284357167839,1,103.278,102.66064848222166,104.14229212488969,103.361,107.641,39.03821561479385,0.2406591351748163,CADJPY_merged,124.94606009499823
2022-08-15 11:00:00,2022-08-16 09:00:00,1.4,60.0,0.7889189452402593,11270.27064628942,1,135.569,134.84726577947546,136.57942790873432,136.861,142.322,34.03827836126179,0.28450128190910634,EURJPY_merged,83.21108105475975
2022-08-15 11:00:00,2022-08-16 09:00:00,1.5,60.0,0.6574324543668828,9391.892205241184,1,135.569,134.70291893537058,136.86812159694412,136.861,142.322,31.386809389561034,0.28450128190910634,EURJPY_merged,89.34256754563312
2022-08-12 10:00:00,2022-08-16 09:00:00,1.4,15.000000000000002,0.3392710327801668,4846.729039716669,1,1.14203,1.1384955647428145,1.14697820936006,1.15246,1.17759,40.3147377043257,0.0019088449408361915,GBPCHF_merged,20.660728967219832
2022-08-12 10:00:00,2022-08-16 10:00:00,1.3,15.0,0.2609777175232052,3728.25310747436,1,1.14203,1.1374352341656588,1.1480031955846437,1.15246,1.17759,40.3147377043257,0.0019088449408361915,GBPCHF_merged,19.239022282476796
2022-08-18 15:00:00,2022-08-19 06:00:00,-1.1,60.0,1.2642528100045076,18060.754428635824,1,1.00904,1.0056878476721876,1.0140682284917186,1.00966,1.02939,34.245023835867066,0.0017928563595857746,EURUSD_merged,-67.2642528100045
2022-08-18 15:00:00,2022-08-19 07:00:00,-1.1,90.0,1.7067412935060853,24382.018478658363,1,1.00904,1.0053153863024307,1.014254459176597,1.00966,1.02781,33.68677508612882,0.0017928563595857746,EURUSD_merged,-100.7067412935061
2022-08-19 16:00:00,2022-08-21 17:00:00,-1.1,60.0,1.1186929444591591,15981.32777798799,1,0.59164,0.5894187577795074,0.5947497391086899,0.59381,0.60732,31.586604456219472,0.001076291030943065,NZDCHF_merged,-67.11869294445916
2022-08-19 16:00:00,2022-08-22 02:00:00,1.1,29.999999999999996,0.37289764815305304,5327.10925932933,1,0.59164,0.588308136669261,0.595305049663813,0.59381,0.60732,28.844405000775687,0.001076291030943065,NZDCHF_merged,32.62710235184694
2022-08-19 16:00:00,2022-08-22 02:00:00,1.2,60.0,0.8949543555673275,12785.062222390394,1,0.59164,0.5888634472243841,0.5949718633307391,0.59381,0.60732,28.844405000775687,0.001076291030943065,NZDCHF_merged,71.10504564443268
2022-08-19 13:00:00,2022-08-22 04:00:00,-1.1,90.0,1.6854725630553218,24078.179472218882,1,1.13434,1.1301000365875753,1.1402759487773944,1.15246,1.17156,34.81268076267914,0.002065697298625687,GBPCHF_merged,-100.68547256305534
2022-08-19 16:00:00,2022-08-22 06:00:00,1.2,60.0,0.7990663888993996,11415.234127134281,1,0.59164,0.5885302608913102,0.5953716869304279,0.59381,0.60732,30.78004857542989,0.001076291030943065,NZDCHF_merged,71.2009336111006
2022-08-19 16:00:00,2022-08-22 06:00:00,1.3,90.0,1.29079955129903,18439.993589986145,1,0.59164,0.5887523851133595,0.5953938993526328,0.59381,0.60732,31.586604456219472,0.001076291030943065,NZDCHF_merged,115.70920044870097
2022-08-19 16:00:00,2022-08-22 19:00:00,1.4,90.0,1.3424315333509913,19177.59333358559,1,0.59164,0.5888634472243841,0.5955271738858623,0.59381,0.60732,32.95205327605978,0.001076291030943065,NZDCHF_merged,124.657568466649
2022-08-19 16:00:00,2022-08-22 20:00:00,1.5,60.0,0.828661440340118,11838.020576287401,1,0.59164,0.5886413230023348,0.5961380154964978,0.59381,0.60732,29.871107540914714,0.001076291030943065,NZDCHF_merged,89.17133855965989
2022-08-22 07:00:00,2022-08-22 20:00:00,-1.1,60.0,0.995734635104556,14224.780501493658,1,1.44884,1.4427288055256196,1.4561734333692562,1.45102,1.53972,29.52201429145746,0.002430586519055512,EURAUD_merged,-66.99573463510455
2022-08-22 07:00:00,2022-08-22 21:00:00,-1.1,90.0,1.2446682938806952,17780.975626867075,1,1.44884,1.4415065666307436,1.4598401500538845,1.45102,1.53972,30.908021353660313,0.002430586519055512,EURAUD_merged,-100.24466829388071
2022-08-22 07:00:00,2022-08-22 21:00:00,-1.1,30.0,0.41488943129356504,5926.991875622358,1,1.44884,1.4415065666307436,1.4569067767061818,1.45102,1.48055,29.52201429145746,0.002430586519055512,EURAUD_merged,-33.41488943129357
2022-08-19 16:00:00,2022-08-22 22:00:00,1.5,89.99999999999999,1.1186929444591591,15981.32777798799,1,0.59164,0.588308136669261,0.5966377949961087,0.59381,0.60732,29.871107540914714,0.001076291030943065,NZDCHF_merged,133.88130705554082
2022-08-19 10:00:00,2022-08-23 02:00:00,1.4,60.0,1.1268097040006075,16097.281485722968,-1,142.897,143.42962533848365,142.15132452612286,137.166,143.109,63.04335775706488,0.26500462143884296,CHFJPY_merged,82.8731902959994
2022-08-22 09:00:00,2022-08-23 02:00:00,-1.1,60.00000000000001,1.1532777551858986,16475.396502655694,1,0.95885,0.9553580658307236,0.9630403210031316,0.96987,0.99499,30.826404705644812,0.0012966108214436936,EURCHF_merged,-67.15327775518591
2022-08-22 09:00:00,2022-08-23 02:00:00,-1.1,89.99999999999999,1.8825982120490328,26894.26017212904,1,1.53544,1.5303017437655635,1.542633558728211,1.53499,1.57676,40.461417926345476,0.002144923744219275,GBPCAD_merged,-100.88259821204902
2022-08-22 09:00:00,2022-08-23 02:00:00,-1.1,60.0,1.7939876191780642,25628.394559686632,1,0.95885,0.9566051851768937,0.9622172222346593,0.96987,0.98008,32.09534143850652,0.0012966108214436936,EURCHF_merged,-67.79398761917807
2022-08-22 14:00:00,2022-08-23 02:00:00,-1.1,59.99999999999999,1.5426520023765264,22037.885748236095,1,1.29649,1.2929601967834539,1.3017847048248192,1.29663,1.32724,33.7039418813132,0.0018923588021864902,EURCAD_merged,-67.54265200237653
2022-08-22 09:00:00,2022-08-23 02:00:00,-1.1,60.0,1.1959917461187095,17085.596373124423,1,0.95885,0.9554827777653406,0.9639008333519891,0.98052,0.99499,30.148146940163198,0.0012966108214436936,EURCHF_merged,-67.19599174611871
2022-08-22 14:00:00,2022-08-23 03:00:00,-1.1,60.00000000000001,1.028434668251018,14691.9238321574,1,1.29649,1.2911952951751806,1.3044320572372288,1.29663,1.37143,32.27615194761203,0.0018923588021864902,EURCAD_merged,-67.02843466825104
2022-08-22 14:00:00,2022-08-23 03:00:00,-1.1,90.0,1.666064162566649,23800.916608094987,1,1.29649,1.2915874955325748,1.3033535062543953,1.29663,1.37143,34.147723468992375,0.0018923588021864902,EURCAD_merged,-100.66606416256667
2022-08-19 10:00:00,2022-08-23 08:00:00,1.5,60.0,1.2580574770107698,17972.249671582427,1,1.13301,1.1292274685283006,1.1386837972075492,1.15246,1.17156,29.930450530909727,0.0021270202036544695,GBPCHF_merged,88.74194252298923
2022-08-19 13:00:00,2022-08-23 09:00:00,1.4,90.0,1.3483780504442575,19262.543577775104,1,1.13434,1.1290400457344691,1.141759935971743,1.15246,1.17156,35.61160098504032,0.002065697298625687,GBPCHF_merged,124.65162194955573
2022-08-19 13:00:00,2022-08-23 09:00:00,1.2,29.999999999999996,0.401302991203648,5732.899874337829,1,1.13434,1.1284040512226055,1.141463138532873,1.15246,1.17156,34.42782458454243,0.002065697298625687,GBPCHF_merged,35.59869700879634
2022-08-19 13:00:00,2022-08-23 09:00:00,1.3,60.0,0.8643449041309341,12347.784344727632,1,1.13434,1.128828047563848,1.1415055381669974,1.15246,1.17156,34.81268076267914,0.002065697298625687,GBPCHF_merged,77.13565509586907
2022-08-19 13:00:00,2022-08-23 09:00:00,1.1,29.999999999999996,0.37454945845673804,5350.706549381973,1,1.13434,1.127980054881363,1.1413359396305005,1.15246,1.17156,33.788483207704715,0.002065697298625687,GBPCHF_merged,32.62545054154326
2022-08-19 13:00:00,2022-08-23 09:00:00,1.2,30.0,0.4494593501480858,6420.847859258369,1,1.13434,1.1290400457344691,1.1406999451186368,1.15246,1.17156,33.788483207704715,0.002065697298625687,GBPCHF_merged,35.55054064985191
2022-08-25 16:00:00,2022-08-26 09:00:00,1.4,90.0,1.7728516168474588,25326.451669249414,1,1.42927,1.424190950566629,1.4363806692067196,1.45102,1.53972,33.44734930615444,0.0019807897895378103,EURAUD_merged,124.22714838315252
2022-08-25 06:00:00,2022-08-26 09:00:00,-1.1,30.0,0.43586511048131965,6226.644435447424,-1,95.213,95.67173664854523,94.66251602174572,90.52,95.147,63.855508563253146,0.16520348038489943,AUDJPY_merged,-33.435865110481316
2022-08-25 09:00:00,2022-08-26 10:00:00,1.5,90.0,1.350782489031221,19296.892700446017,1,1.43131,1.424634422641526,1.4413233660377112,1.45102,1.53972,33.90380341763798,0.0022512501347657747,EURAUD_merged,133.64921751096878
2022-08-25 06:00:00,2022-08-26 10:00:00,-1.1,30.0,0.40680743644923173,5811.534806417597,-1,95.213,95.70450355201275,94.67234609278596,90.52,95.147,65.20562767168072,0.16520348038489943,AUDJPY_merged,-33.406807436449235
2022-08-25 06:00:00,2022-08-26 11:00:00,1.2,30.0,0.4260903380610541,6087.004829443631,-1,0.67124,0.6745482280307374,0.6672701263631149,0.65804,0.67133,68.04782594329752,0.0011821164387649916,AUDCHF_merged,35.57390966193895
2022-08-25 06:00:00,2022-08-26 11:00:00,1.1,30.0,0.3976843155236505,5681.204507480722,-1,0.67124,0.674784530032933,0.6673410169637736,0.65804,0.67133,69.60418338340686,0.0011821164387649916,AUDCHF_merged,32.60231568447635
2022-08-25 06:00:00,2022-08-26 12:00:00,1.5,29.999999999999996,0.44187146169294494,6312.449452756357,-1,0.67124,0.6744300770296396,0.6664548844555404,0.65804,0.67133,68.79471056414211,0.0011821164387649916,AUDCHF_merged,44.558128538307045
2022-08-25 06:00:00,2022-08-26 14:00:00,1.5,90.0,1.1930529465709516,17043.613522442167,-1,0.67124,0.674784530032933,0.6659232049506004,0.65804,0.67251,68.79471056414211,0.0011821164387649916,AUDCHF_merged,133.80694705342904
2022-08-28 19:00:00,2022-08-29 06:00:00,-1.1,30.0,0.609013699402647,8700.195705752101,1,0.59235,0.5903074597398711,0.5954138103901935,0.59433,0.6087,31.6639627833623,0.0011208342611776483,NZDCHF_merged,-33.609013699402645
2022-08-19 13:00:00,2022-08-29 06:00:00,-1.1,90.00000000000001,1.2484981948557938,17835.688497939915,1,1.13434,1.1286160493932267,1.1429259259101596,1.15246,1.17156,34.0766472719689,0.002065697298625687,GBPCHF_merged,-100.24849819485583
2022-08-28 18:00:00,2022-08-29 09:00:00,1.2,30.0,0.438402850813408,6262.897868762972,1,0.59162,0.588786072260491,0.595020713287411,0.59381,0.6087,30.062538653200388,0.001134744588960549,NZDCHF_merged,35.56159714918659
2022-08-28 23:00:00,2022-08-29 10:00:00,1.1,30.0,0.29433936365661933,4204.848052237419,1,0.68656,0.6816616541515595,0.6919481804332844,0.68689,0.71363,28.42691612406011,0.0015954403816601298,AUDUSD_merged,32.70566063634338
2022-08-28 18:00:00,2022-08-29 10:00:00,1.1,30.0,0.36533570901117335,5219.0815573024765,1,0.59162,0.588219286712589,0.595360784616152,0.59381,0.6087,30.062538653200388,0.001134744588960549,NZDCHF_merged,32.63466429098882
2022-08-28 23:00:00,2022-08-29 10:00:00,1.2,30.0,0.3532072363879432,5045.817662684904,1,0.68656,0.6824780451262996,0.6914583458484403,0.68689,0.71363,28.42691612406011,0.0015954403816601298,AUDUSD_merged,35.646792763612055
2022-08-28 23:00:00,2022-08-29 10:00:00,1.2,30.0,0.3153636039178064,4505.194341682949,1,0.68656,0.6819882105414555,0.6920461473502533,0.68689,0.71363,31.160807939207093,0.0015954403816601298,AUDUSD_merged,35.68463639608219
2022-08-28 23:00:00,2022-08-29 10:00:00,1.4,90.0,1.0596217091638296,15137.45298805471,1,0.68656,0.6824780451262996,0.6922747368231804,0.68689,0.71363,34.468281728321124,0.0015954403816601298,AUDUSD_merged,124.94037829083615
2022-08-28 23:00:00,2022-08-29 10:00:00,1.3,90.0,1.0188670280421437,14555.24325774491,1,0.68656,0.6823147669313516,0.6920788029892428,0.68689,0.71363,32.36673703235053,0.0015954403816601298,AUDUSD_merged,115.98113297195786
2022-08-28 18:00:00,2022-08-29 11:00:00,1.5,60.00000000000001,0.8118571311359408,11597.959016227727,1,0.59162,0.5885593580413302,0.5962109629380048,0.59381,0.6087,31.06557379225993,0.001134744588960549,NZDCHF_merged,89.18814286886408
2022-08-28 19:00:00,2022-08-29 11:00:00,1.4,90.0,1.3154695907097176,18792.42272442454,1,0.59235,0.5895131385275987,0.596321606061362,0.59381,0.6087,32.569175720356974,0.0011208342611776483,NZDCHF_merged,124.68453040929028
2022-08-28 19:00:00,2022-08-29 11:00:00,1.2,29.999999999999996,0.39150880675884453,5592.9829536977795,1,0.59235,0.5891727151509105,0.5961627418189075,0.59381,0.6087,29.6559423797701,0.0011208342611776483,NZDCHF_merged,35.60849119324115
2022-08-28 19:00:00,2022-08-29 11:00:00,1.3,90.00000000000001,1.2648746064516514,18069.637235023594,1,0.59235,0.5893996640687026,0.5961854367106867,0.59381,0.6087,30.69262873537871,0.0011208342611776483,NZDCHF_merged,115.73512539354837
2022-08-28 19:00:00,2022-08-30 03:00:00,1.5,89.99999999999999,1.0962246589247644,15660.35227035378,1,0.59235,0.5889457662331185,0.5974563506503225,0.59381,0.6087,28.55798866092251,0.0011208342611776483,NZDCHF_merged,133.9037753410752
2022-08-28 23:00:00,2022-08-30 04:00:00,1.5,60.0,0.6540874747924873,9344.10678274982,1,0.68656,0.6821514887364035,0.6931727668953945,0.68689,0.71363,29.84670775232832,0.0015954403816601298,AUDUSD_merged,89.34591252520751
2022-08-28 23:00:00,2022-08-30 04:00:00,1.5,90.0,0.883018090969858,12614.544156712258,1,0.68656,0.6816616541515595,0.6939075187726605,0.68689,0.71363,29.84670775232832,0.0015954403816601298,AUDUSD_merged,134.11698190903013
2022-08-29 16:00:00,2022-08-30 09:00:00,1.2,60.0,0.936284798432332,13375.497120461887,-1,106.63,107.1083224086836,106.05601310957967,102.586,105.085,64.69548351364966,0.1646987579818085,CADJPY_merged,71.06371520156767
2022-08-30 14:00:00,2022-08-31 10:00:00,-1.1,90.0,1.7097970449645152,24425.672070921646,-1,0.85947,0.8626368442847919,0.8550364180012913,0.83393,0.8584,70.6129244290655,0.0012369707343512803,EURGBP_merged,-100.70979704496453
2022-08-30 14:00:00,2022-08-31 10:00:00,-1.1,60.0,1.1398646966430102,16283.781380614431,-1,0.85947,0.8626368442847919,0.8547197335728121,0.83864,0.8584,71.19383259383062,0.0012369707343512803,EURGBP_merged,-67.13986469664302
2022-08-30 17:00:00,2022-08-31 10:00:00,-1.1,90.0,1.7384078900579056,24834.398429398658,-1,0.85887,0.8619825497249209,0.8542011754126188,0.83864,0.8584,69.17287681369079,0.0011318821805283387,EURGBP_merged,-100.73840789005791
2022-09-01 12:00:00,2022-09-02 08:00:00,1.1,30.000000000000004,0.2998611406154906,4283.730580221294,1,0.99482,0.9878530352385377,1.0024836612376085,0.99521,1.03685,31.430444795319943,0.0023228700452145026,EURUSD_merged,32.700138859384516
2022-09-01 12:00:00,2022-09-02 08:00:00,1.2,30.0,0.3598333687385886,5140.476696265552,1,0.99482,0.9890141960321148,1.0017869647614623,0.99521,1.03685,31.430444795319943,0.0023228700452145026,EURUSD_merged,35.64016663126141
2022-08-19 13:00:00,2022-09-04 17:00:00,-1.3075575900010308,89.99999999999999,1.1236483753702142,16052.11964814592,1,1.13434,1.127980054881363,1.143879917677955,1.15246,1.17156,34.0766472719689,0.002065697298625687,GBPCHF_merged,-118.80383147546296
2022-09-01 12:00:00,2022-09-04 18:00:00,-1.1,90.0,1.1036195440620067,15765.993486600099,1,1.15375,1.1471638308449605,1.1629706368170554,1.17599,1.22931,35.348173750332485,0.0025691485433004,GBPUSD_merged,-100.10361954406203
2022-09-02 10:00:00,2022-09-04 22:00:00,1.5,60.0,0.7507561175973958,10725.087394248512,-1,140.124,140.907904101752,138.948143847372,134.943,138.393,61.08174371223034,0.30938236303640076,EURJPY_merged,89.24924388240261
2022-09-01 12:00:00,2022-09-04 22:00:00,-1.1,90.0,0.9196829533850057,13138.327905500082,1,1.15375,1.1458465970139526,1.1656051044790712,1.17599,1.22931,33.91552338212768,0.0025691485433004,GBPUSD_merged,-99.91968295338502
2022-09-01 12:00:00,2022-09-05 02:00:00,-1.1,90.00000000000001,0.8995834218464718,12851.191740663882,1,0.99482,0.9878530352385377,1.0052704471421934,0.99521,1.03685,32.87655028172764,0.0023228700452145026,EURUSD_merged,-99.8995834218465
2022-09-06 06:00:00,2022-09-06 11:00:00,-1.1,30.0,0.446496318662963,6378.51883804233,-1,140.993,141.6561304394326,140.1972434726809,133.397,138.393,63.72414385039834,0.27616273464638535,EURJPY_merged,-33.446496318662966
2022-09-06 06:00:00,2022-09-06 11:00:00,-1.1,89.99999999999999,1.2402675518415636,17718.10788345091,-1,140.993,141.7091808745872,139.91872868811922,134.943,138.393,63.11768570610102,0.27616273464638535,EURJPY_merged,-100.24026755184155
2022-09-06 17:00:00,2022-09-06 18:00:00,-1.1,30.0,0.4522318939068547,6460.455627240782,-1,108.535,109.03899696056587,107.7790045591512,102.586,107.641,71.49459434141315,0.19648458535303565,CADJPY_merged,-33.452231893906855
2022-09-06 05:00:00,2022-09-06 18:00:00,-1.1,60.0,0.8006192674170335,11437.418105957622,-1,141.095,141.83517579156177,140.20678905012588,134.943,138.393,68.49497334719716,0.26525217577303206,EURJPY_merged,-66.80061926741703
2022-09-06 17:00:00,2022-09-06 18:00:00,-1.1,90.0,1.3045150785774655,18635.929693963793,-1,108.535,109.0591568389885,107.85359610931495,101.408,107.641,71.49459434141315,0.19648458535303565,CADJPY_merged,-100.30451507857748
2022-09-06 06:00:00,2022-09-06 18:00:00,-1.1,30.0,0.3720802655524691,5315.4323650352735,-1,140.993,141.7887565273191,140.117667819949,134.943,138.393,63.72414385039834,0.27616273464638535,EURJPY_merged,-33.37208026555247
2022-09-06 16:00:00,2022-09-06 18:00:00,-1.1,30.0,0.43413207486590755,6201.88678379868,-1,108.588,109.11326595753246,107.95768085096103,101.408,107.641,72.00308756498036,0.20159878422634644,CADJPY_merged,-33.43413207486591
2022-09-06 13:00:00,2022-09-06 23:00:00,-1.1,15.0,0.2860088744277923,4085.8410632541763,-1,108.766,109.16530334409548,108.1670449838568,102.586,105.085,75.06486151486271,0.2205612489381409,CADJPY_merged,-16.786008874427793
2022-09-06 15:00:00,2022-09-06 23:00:00,-1.1,60.0,0.7765450951005343,11093.501358579062,-1,141.587,142.352783473171,140.43832479024348,134.943,138.393,66.10919038798126,0.28050754368315245,EURJPY_merged,-66.77654509510053
2022-09-06 15:00:00,2022-09-06 23:00:00,-1.1,30.000000000000004,0.4193343513542887,5990.490733632696,-1,141.587,142.29605877145463,140.73612947425443,133.397,138.393,66.53153774483596,0.28050754368315245,EURJPY_merged,-33.419334351354294
2022-09-06 16:00:00,2022-09-07 00:00:00,-1.1,30.0,0.3617767290549231,5168.238986498902,-1,108.588,109.21831914903896,107.89464893605712,102.586,107.641,72.00308756498036,0.20159878422634644,CADJPY_merged,-33.361776729054924
2022-09-06 16:00:00,2022-09-07 23:00:00,-1.1,90.0,1.765087743317741,25215.539190253443,1,0.88526,0.8821003055195903,0.8896835722725738,0.8912,0.91054,34.45895746870559,0.0012321722355807744,AUDCAD_merged,-100.76508774331775
2022-09-06 16:00:00,2022-09-07 23:00:00,-1.1,29.999999999999996,0.52532373313028,7504.624759004,1,0.88526,0.8817211421819411,0.8895066293816708,0.8912,0.91054,32.33584327482362,0.0012321722355807744,AUDCAD_merged,-33.52532373313028
2022-09-06 16:00:00,2022-09-07 23:00:00,-1.1,59.99999999999999,1.0895603353813212,15565.147648304592,1,0.88526,0.8818475299611575,0.8903787050582639,0.8912,0.91054,31.486962079718587,0.0012321722355807744,AUDCAD_merged,-67.08956033538132
2022-09-07 11:00:00,2022-09-08 08:00:00,-1.1,30.0,0.32071624108901425,4581.660586985919,1,1.12578,1.118408567883022,1.1338885753286758,1.15246,1.17156,37.16462843567366,0.002430205179064591,GBPCHF_merged,-33.320716241089016
2022-09-13 10:00:00,2022-09-13 15:00:00,-1.1,29.999999999999996,0.21649887063296264,3092.8410090423235,1,0.60455,0.5986859740293874,0.6110004285676739,0.60601,0.6468,25.616191232511337,0.0020279128004277217,NZDUSD_merged,-33.21649887063296
2022-09-13 20:00:00,2022-09-15 18:00:00,-1.1,15.0,0.15222717431238506,2174.673918748358,1,0.674,0.6693510271526967,0.6795787674167642,0.68689,0.71363,29.359077513222452,0.001853904200426978,AUDUSD_merged,-16.652227174312387
2022-09-15 08:00:00,2022-09-16 03:00:00,-1.1,15.0,0.3173976001255705,4534.251430365293,1,1.10063,1.0969889469499996,1.1060915795750006,1.15246,1.17156,34.49990689747636,0.002059749589285894,GBPCHF_merged,-16.81739760012557
2022-09-15 08:00:00,2022-09-16 03:00:00,-1.1,15.0,0.2040413143664382,2914.8759195205457,1,1.10063,1.0949661396999995,1.1074266323600006,1.15246,1.17156,33.01639781189908,0.002059749589285894,GBPCHF_merged,-16.70404131436644
2022-09-15 08:00:00,2022-09-16 08:00:00,-1.1,14.999999999999998,0.19043856007534227,2720.5508582191756,1,1.10063,1.0945615782499993,1.1073052639250007,1.15246,1.17156,31.027268209371027,0.002059749589285894,GBPCHF_merged,-16.690438560075343
2022-09-29 15:00:00,2022-09-30 13:00:00,-1.1,15.0,0.17691126092482312,2527.3037274974736,-1,1.34259,1.3505585119682633,1.3346214880317366,1.28749,1.3244,75.64996486565556,0.0029330399886654543,EURCAD_merged,-16.676911260924822
2022-09-29 16:00:00,2022-09-30 13:00:00,-1.1,15.0,0.165686573216038,2366.9510459434,-1,1.34219,1.3506958159671298,1.3294312760493052,1.28749,1.3244,76.63806713731972,0.0028185371323322115,EURCAD_merged,-16.66568657321604
2022-10-02 18:00:00,2022-10-03 01:00:00,1.0,15.0,0.12233603535398158,1747.6576479140226,1,0.55197,0.5472324874729427,0.5567075125270572,0.58921,0.60202,39.22787258270884,0.0018312544739490155,NZDCHF_merged,14.877663964646018
2022-10-02 17:00:00,2022-10-03 07:00:00,1.5,15.0,0.1637031905993321,2338.6170085618874,-1,1.52792,1.5377201510790746,1.5132197733813881,1.42829,1.49668,70.177168706181,0.004054582262737207,EURAUD_merged,22.336296809400668
2022-10-04 02:00:00,2022-10-04 12:00:00,-1.1,30.0,0.34686231589349376,4955.175941335626,1,0.88325,0.8779025612180669,0.8885974387819331,0.88155,0.91054,54.58036740289148,0.0023176567078332507,AUDCAD_merged,-33.346862315893496
2022-10-06 14:00:00,2022-10-07 08:00:00,-1.1,30.000000000000004,0.3160939836500271,4515.628337857531,1,0.98164,0.9751183826753173,0.9881616173246827,0.98638,1.01977,33.79050799059453,0.0025055776159581275,EURUSD_merged,-33.316093983650035
2022-10-12 12:00:00,2022-10-13 08:00:00,-1.1,15.0,0.2876837786497271,4109.768266424673,-1,146.874,147.41006672132795,146.23071993440644,140.346,145.901,77.2343588647412,0.1791469797355554,USDJPY_merged,-16.787683778649725
2022-10-12 15:00:00,2022-10-13 08:00:00,-1.1,60.0,1.4201016496876264,20287.16642410895,-1,146.866,147.30036130092216,146.2144580486168,140.346,145.901,74.35311111132982,0.17555645571392603,USDJPY_merged,-67.42010164968762
2022-10-12 19:00:00,2022-10-13 08:00:00,-1.1,15.0,0.37198191016366255,5314.027288052323,-1,146.774,147.18830159851643,146.27683808178028,140.346,145.901,67.89154396130316,0.15632199947015243,USDJPY_merged,-16.87198191016366
2022-10-13 10:00:00,2022-10-14 07:00:00,1.2,15.0,0.10720553680848487,1531.5076686926411,-1,1.80257,1.8202248577279285,1.781384170726486,1.591,1.72142,74.80924473688107,0.006201604691208619,GBPAUD_merged,17.892794463191514
2022-10-13 10:00:00,2022-10-14 07:00:00,1.5,30.0,0.2509772832675905,3585.389760965579,-1,2.01563,2.0324953630515514,1.9903319554226726,1.81371,1.95373,75.04935470616032,0.006992432133040764,GBPNZD_merged,44.74902271673241
2022-10-13 13:00:00,2022-10-14 07:00:00,1.5,30.0,0.25869155730121834,3695.5936757316913,-1,1.80318,1.8178178105242562,1.7812232842136158,1.591,1.72142,65.84561934690058,0.006261295738551506,GBPAUD_merged,44.74130844269878
2022-10-14 15:00:00,2022-10-18 04:00:00,-1.1,60.00000000000001,1.047220268455032,14960.289549357602,-1,148.686,149.2823226828309,147.79151597575367,140.346,145.901,73.0348432207315,0.24343437133338372,USDJPY_merged,-67.04722026845505
2022-10-14 15:00:00,2022-10-18 11:00:00,-1.1,15.0,0.2416662157973151,3452.374511390216,-1,148.686,149.3320162397335,148.03998376026652,140.346,145.901,72.46757492336744,0.24343437133338372,USDJPY_merged,-16.741666215797316
2022-10-14 15:00:00,2022-10-19 02:00:00,-1.1,59.99999999999999,0.8666650497558885,12380.92928222698,-1,148.686,149.40655657508734,147.8213321098952,140.346,145.901,71.96761275531482,0.24343437133338372,USDJPY_merged,-66.8666650497559
2022-10-18 02:00:00,2022-10-20 06:00:00,-1.1,30.0,0.30167579703175335,4309.6542433107625,-1,84.724,85.31377353089175,83.83933970366238,80.568,84.009,75.54770605936879,0.24204333040454518,NZDJPY_merged,-33.301675797031756
2022-10-13 10:00:00,2022-10-21 09:00:00,1.5,15.0,0.10720553680848487,1531.5076686926411,-1,1.80257,1.8202248577279285,1.7760877134081072,1.591,1.72142,77.5154004261587,0.006201604691208619,GBPAUD_merged,22.392794463191514
2022-10-26 06:00:00,2022-10-26 11:00:00,-1.1,29.999999999999996,0.40552933608518643,5793.276229788378,-1,1.00259,1.0077818290802956,0.9948022563795569,0.96315,0.99995,71.80871721319045,0.0021701719655905336,EURUSD_merged,-33.40552933608519
2022-10-30 21:00:00,2022-10-31 12:00:00,1.2,15.0,0.17335653845053642,2476.521977864806,-1,171.704,172.74399077053238,170.45601107536115,148.819,167.617,68.12989146345966,0.3902824180472803,GBPJPY_merged,17.826643461549462
2022-10-30 21:00:00,2022-11-01 02:00:00,1.5,15.0,0.18780291665474777,2682.89880935354,-1,171.704,172.66399148049143,170.26401277926286,159.72,167.617,69.95923321240205,0.3902824180472803,GBPJPY_merged,22.312197083345254
2022-11-13 20:00:00,2022-11-14 17:00:00,-1.1,30.0,0.31525619259342413,4503.659894191774,1,0.71189,0.7071479234440987,0.719003114833852,0.7112,0.72937,31.786345075718174,0.001886160572223744,CADCHF_merged,-33.315256192593424
2022-11-13 20:00:00,2022-11-15 08:00:00,-1.1,60.00000000000001,0.5820114324801675,8314.449035430966,1,0.71189,0.7067527503977735,0.7180546995226718,0.7112,0.75064,31.40352551547546,0.001886160572223744,CADCHF_merged,-66.58201143248019
2022-11-15 07:00:00,2022-11-15 13:00:00,1.2,30.0,0.46203692643082245,6600.5275204403215,-1,1.38311,1.3893963611842395,1.3755663665789128,1.29988,1.36953,67.18268914130513,0.002401557565799781,EURCAD_merged,35.53796307356918
2022-11-15 11:00:00,2022-11-17 03:00:00,-1.1,30.0,0.3213786954890746,4591.124221272495,-1,1.58158,1.591914592947879,1.5660781105781811,1.51013,1.58127,60.989567421240395,0.004270646081024672,GBPCAD_merged,-33.321378695489074
2022-11-15 11:00:00,2022-11-18 09:00:00,-1.1,30.0,0.29665725737453047,4237.96081963615,-1,1.58158,1.592775809026869,1.568145029167757,1.40439,1.58127,60.701612789437135,0.004270646081024672,GBPCAD_merged,-33.296657257374534
2022-11-21 01:00:00,2022-11-21 13:00:00,-1.1,15.000000000000002,0.3166923446377328,4524.176351967612,1,1.08421,1.080615279384627,1.0878047206153727,1.11122,1.14895,36.25159621681772,0.001363828791204581,AUDNZD_merged,-16.816692344637737
2022-11-13 20:00:00,2022-11-23 08:00:00,-1.1,29.999999999999996,0.26090167662904057,3727.166808986294,1,0.71189,0.7061599908282858,0.718766011006057,0.7112,0.75064,31.423808995028253,0.001886160572223744,CADCHF_merged,-33.26090167662904
2022-11-13 20:00:00,2022-11-23 08:00:00,-1.1,29.999999999999996,0.26090167662904057,3727.166808986294,1,0.71189,0.7061599908282858,0.7204850137575712,0.7112,0.72937,31.523412308708863,0.001886160572223744,CADCHF_merged,-33.26090167662904
2022-11-23 13:00:00,2022-11-23 23:00:00,-1.1,30.0,0.3157801711129553,4511.1453016136475,-1,1.20289,1.2108894541490587,1.1932906550211295,1.1145,1.16449,69.54503055825599,0.0029740907675209747,GBPUSD_merged,-33.315780171112955
2022-11-23 12:00:00,2022-11-24 05:00:00,-1.1,15.000000000000002,0.15265378854333508,2180.76840776193,-1,1.2039,1.2121807967759093,1.1956192032240907,1.1145,1.16449,70.28502524650123,0.0030767131342533506,GBPUSD_merged,-16.65265378854334
2022-11-23 13:00:00,2022-11-24 09:00:00,-1.1,15.0,0.22716322937457914,3245.1889910654168,-1,0.89855,0.902703302022504,0.8923200469662438,0.86221,0.88319,72.9886396591095,0.0016797894729926551,AUDCAD_merged,-16.72716322937458
2022-11-24 03:00:00,2022-11-25 02:00:00,1.0,15.0,0.2476863145171903,3538.375921674148,1,0.94131,0.9373195675777379,0.945300432422262,0.94792,1.01472,44.449516755441095,0.0016301544365221754,USDCHF_merged,14.75231368548281
2022-11-24 11:00:00,2022-11-25 03:00:00,1.0,30.0,0.4297070594135098,6138.672277335854,1,1.6603,1.6521860304395308,1.6684139695604694,1.67337,1.75491,39.74186853822707,0.003026417700167616,EURNZD_merged,29.57029294058649
2022-11-24 12:00:00,2022-11-28 03:00:00,1.0,30.0,0.4691176337506424,6701.680482152035,1,0.85848,0.85463702359004,0.86232297640996,0.85709,0.88275,37.67755137053116,0.0014553487178428724,EURGBP_merged,29.530882366249358
2022-11-28 07:00:00,2022-11-28 10:00:00,1.5,15.0,0.23864165268416915,3409.1664669167026,-1,1.40599,1.4121762188909404,1.3967106716635898,1.32708,1.36953,75.85473835683304,0.0025491918328042376,EURCAD_merged,22.26135834731583
2022-11-29 13:00:00,2022-11-30 08:00:00,1.2,15.0,0.1326718359220514,1895.3119417435914,1,101.828,101.02210627540559,102.79507246951329,105.05,110.347,36.471479762725195,0.3011763302122879,CADJPY_merged,17.86732816407795
2022-11-29 13:00:00,2022-11-30 10:00:00,1.0,15.0,0.20652748762832493,2950.3926804046423,-1,0.90956,0.9141842658106544,0.9049357341893457,0.85969,0.88319,62.251804131871495,0.002133314814234905,AUDCAD_merged,14.793472512371675
2022-11-29 13:00:00,2022-11-30 13:00:00,-1.1,15.0,0.21976707876121243,3139.529696588749,-1,0.84282,0.8468468133197582,0.8367797800203627,0.76235,0.78847,65.21851559534338,0.0018748494271039814,NZDCAD_merged,-16.719767078761212
2022-11-29 13:00:00,2022-11-30 16:00:00,-1.1,60.0,0.7100167159977633,10143.09594282519,-1,0.84282,0.8478055783958911,0.8368373059249307,0.76235,0.78847,64.640021247395,0.0018748494271039814,NZDCAD_merged,-66.71001671599777
2022-11-30 21:00:00,2022-12-01 10:00:00,-1.1,60.0,0.6600402809488572,9429.146870697961,-1,0.68003,0.6843571995398434,0.6757028004601566,0.61695,0.67969,64.21822943291934,0.0019912446944885783,AUDUSD_merged,-66.66004028094886
2022-12-01 03:00:00,2022-12-01 12:00:00,-1.1,30.0,0.2424567022777536,3463.66717539648,1,136.532,135.34944988978881,137.95106013225345,137.671,151.941,29.169477141152143,0.4551250393611408,USDJPY_merged,-33.24245670227776
2022-12-01 12:00:00,2022-12-02 12:00:00,-1.1,30.0,0.3756986623716747,5367.123748166782,-1,1.64473,1.6539233598544012,1.6355366401455989,1.51669,1.58127,64.51643518229459,0.004277948234939322,GBPCAD_merged,-33.375698662371676
2022-12-01 11:00:00,2022-12-04 20:00:00,-1.1,15.0,0.135369524178699,1933.8503454099857,-1,0.63748,0.6424246432205554,0.6300630351691671,0.55118,0.58132,69.16492752954971,0.002312835437660516,NZDUSD_merged,-16.6353695241787
2022-12-02 07:00:00,2022-12-05 04:00:00,1.5,15.0,0.2011390771147948,2873.415387354212,1,91.382,90.90496141865442,92.09755787201837,92.595,95.741,27.921286040839682,0.21807828426845227,AUDJPY_merged,22.298860922885204
2022-12-04 18:00:00,2022-12-05 17:00:00,-1.2807239360563747,30.0,0.6667335835519106,9524.76547931301,1,1.06214,1.0587945947961444,1.067158107805784,1.08698,1.1044,43.72508240093909,0.00164354651871177,AUDNZD_merged,-39.08845166524315
2022-12-04 20:00:00,2022-12-05 17:00:00,-1.3428163454059412,30.0,0.5286642457433999,7552.346367762856,1,1.06344,1.0592157234048243,1.0685091319142106,1.08698,1.1044,39.075885384013176,0.001597241641134148,AUDNZD_merged,-40.81315460792163
2022-12-02 09:00:00,2022-12-05 21:00:00,1.2,15.0,0.1092755451949017,1561.0792170700242,1,135.399,134.09798658710483,136.9602160954742,137.671,151.941,49.74115920469814,0.509790504605418,USDJPY_merged,17.8907244548051
2022-12-06 12:00:00,2022-12-06 14:00:00,1.0,15.000000000000002,0.2480933582241534,3544.19083177362,-1,1.66571,1.6727597473713898,1.6586602526286103,1.51669,1.58127,59.279793867004045,0.0034343780893900597,GBPCAD_merged,14.751906641775848
2022-12-05 20:00:00,2022-12-07 05:00:00,-1.1,30.0,0.549669793150942,7852.4256164420285,-1,1.56568,1.5716616421440082,1.5567075367839875,1.5257,1.56491,67.69189013470258,0.0029178009480308924,EURAUD_merged,-33.54966979315094
2022-12-05 20:00:00,2022-12-07 07:00:00,-1.1,30.0,0.4439640636988378,6342.3437671262545,-1,1.56568,1.5730858426544865,1.5567929888146161,1.5257,1.56491,68.06644917600066,0.0029178009480308924,EURAUD_merged,-33.443964063698836
2022-12-07 09:00:00,2022-12-07 09:00:00,1.0,29.999999999999996,0.4935912018524331,7051.302883606188,-1,1.57073,1.5774127224383674,1.5640472775616325,1.5257,1.56491,53.05978139780896,0.003529945295876776,EURAUD_merged,29.506408798147564
2022-12-07 10:00:00,2022-12-08 08:00:00,1.0,30.0,0.44316550792650256,6330.935827521465,-1,1.56435,1.5717628851213412,1.5569371148786586,1.5257,1.56491,49.706139418545305,0.0036528063461713062,EURAUD_merged,29.5568344920735
2022-12-09 12:00:00,2022-12-12 02:00:00,1.0,30.0,0.5704313572866375,8149.019389809108,-1,1.67455,1.6807147294719686,1.6683852705280313,1.51669,1.58127,61.588245588362675,0.0029044722154963434,GBPCAD_merged,29.429568642713363
2022-12-13 14:00:00,2022-12-14 05:00:00,-1.1,15.0,0.13633097047417267,1947.585292488181,1,135.557,134.51296100060796,136.80984679927042,137.671,151.941,33.24539818921745,0.38558535692572576,USDJPY_merged,-16.636330970474173
2022-12-13 12:00:00,2022-12-14 13:00:00,-1.1,59.99999999999999,0.8167724319579642,11668.17759939949,-1,1.06293,1.0683957892765774,1.0574642107234224,0.96315,0.99995,60.96877914934745,0.0026132741699152404,EURUSD_merged,-66.81677243195796
2022-12-13 13:00:00,2022-12-15 03:00:00,1.0,60.0,0.5780718932993636,8258.169904276623,-1,0.68539,0.6903697231682898,0.6804102768317103,0.61695,0.67969,62.523425217733916,0.0023240612648900627,AUDUSD_merged,59.42192810670063
2022-12-13 13:00:00,2022-12-15 03:00:00,1.5,30.0,0.4035344905633806,5764.778436619723,-1,0.92841,0.9332414606200774,0.9211628090698838,0.85969,0.88319,59.80500529946149,0.002214931566700932,AUDCAD_merged,44.59646550943662
2022-12-13 13:00:00,2022-12-15 03:00:00,1.5,15.0,0.18123870985029447,2589.1244264327784,-1,0.87519,0.8802603820434336,0.8675844269348497,0.76235,0.78847,55.34369945937672,0.002358434236892404,NZDCAD_merged,22.318761290149705
2022-12-13 13:00:00,2022-12-15 04:00:00,1.5,30.0,0.33156716980422757,4736.673854346109,1,135.324,134.46691755674186,136.60962366488724,137.671,151.941,32.121784319505366,0.40155346130462793,USDJPY_merged,44.66843283019577
2022-12-13 12:00:00,2022-12-15 07:00:00,1.0,60.0,0.6818704655067025,9741.006650095751,-1,1.23727,1.2448909988009065,1.2296490011990937,1.1145,1.16449,61.06296877199976,0.003589115116047012,GBPUSD_merged,59.318129534493295
2022-12-15 22:00:00,2022-12-16 03:00:00,-1.1,60.0,0.8452824515815115,12075.463594021594,1,0.62338,0.6202825785462583,0.6280261321806127,0.62737,0.64414,32.19804241426333,0.001458179554375607,AUDCHF_merged,-66.84528245158151
2022-12-16 12:00:00,2022-12-16 15:00:00,-1.1,30.0,0.6859059898257958,9798.656997511369,1,1.05026,1.0470444777087307,1.055083283436904,1.08698,1.1044,22.638788999824378,0.0015439724417177375,AUDNZD_merged,-33.6859059898258
2022-12-15 14:00:00,2022-12-18 20:00:00,1.0,60.0,0.7308944343424914,10441.349062035591,1,0.62267,0.6190918991455959,0.626248100854404,0.62737,0.64414,25.787489113152393,0.001646439153307894,AUDCHF_merged,59.26910556565751
2022-12-20 02:00:00,2022-12-21 23:00:00,1.2,15.0,0.14966360174610024,2138.051453515718,1,0.61907,0.6147267696325874,0.6242818764408951,0.62737,0.64414,30.809821087188215,0.0016890108455044797,AUDCHF_merged,17.8503363982539
2022-12-20 02:00:00,2022-12-21 23:00:00,1.5,30.000000000000004,0.37059558527605785,5294.222646800827,1,0.61907,0.6155620062417052,0.6243319906374422,0.62737,0.64414,29.080548600196455,0.0016890108455044797,AUDCHF_merged,44.62940441472395
2022-12-22 11:00:00,2022-12-25 19:00:00,1.0,90.0,1.773974722425037,25342.496034643387,-1,0.88143,0.8845602638813304,0.8782997361186697,0.85466,0.88275,57.859717086828624,0.001555558859091617,EURGBP_merged,88.22602527757496
2022-12-20 17:00:00,2022-12-26 05:00:00,1.2,30.0,0.2066504104221293,2952.148720316133,1,139.748,138.32786829350823,141.4521580477901,140.757,146.124,32.870881191747166,0.5281184666041966,EURJPY_merged,35.79334958957787
2022-12-21 06:00:00,2022-12-27 02:00:00,1.2,30.0,0.2221909283818929,3174.156119741327,1,82.932,82.1481822209921,83.8725813348095,83.834,87.454,34.22682176321312,0.29522063535996634,NZDJPY_merged,35.77780907161811
2022-12-20 17:00:00,2022-12-27 05:00:00,1.2,30.000000000000004,0.21113033218540872,3016.147602648696,1,131.653,130.34351832989486,133.22437800412615,133.618,151.941,32.09332483157614,0.490529167894691,USDJPY_merged,35.788869667814595
2022-12-20 17:00:00,2022-12-27 05:00:00,1.2,30.0,0.2193123710419219,3133.033872027456,1,141.861,140.5026265594837,143.49104812861952,142.884,149.079,32.403214472523885,0.512704800184388,CHFJPY_merged,35.78068762895808
2022-12-27 08:00:00,2022-12-28 06:00:00,1.0,90.00000000000001,2.203719164617209,31481.70235167442,-1,0.8841,0.886627468149948,0.881572531850052,0.85466,0.88275,61.228956771068475,0.0011947308146028608,EURGBP_merged,87.7962808353828
2022-12-29 07:00:00,2022-12-29 10:00:00,1.2,60.0,0.843096466593315,12044.235237047358,1,0.62139,0.6182944609918181,0.6251046468098184,0.62737,0.64414,27.20274544831757,0.0011805496457792774,AUDCHF_merged,71.15690353340669
2022-12-29 23:00:00,2022-12-30 03:00:00,-1.1,89.99999999999999,1.3444179910679956,19205.971300971367,1,132.663,132.04133552841995,133.40899736589608,133.618,138.171,36.05174953299967,0.23059445413573296,USDJPY_merged,-100.34441799106798
2022-12-29 11:00:00,2022-12-30 11:00:00,1.2,60.0,0.7584365356525979,10834.807652179972,1,0.62442,0.6209621444290742,0.628569426685111,0.62737,0.64414,53.98875667782439,0.0013563769896163596,AUDCHF_merged,71.24156346434741
2022-12-30 05:00:00,2022-12-30 12:00:00,-1.1,60.0,0.7167482821729868,10239.261173899813,1,143.121,142.28233988047018,144.1273921434358,142.884,148.525,38.883685984034685,0.3233786141177979,CHFJPY_merged,-66.71674828217299
2022-12-30 05:00:00,2022-12-30 12:00:00,-1.1,30.0,0.41092471264936964,5870.353037848138,1,83.696,83.26827785385112,84.33758321922332,83.834,88.163,28.307806810941184,0.2107002687052863,NZDJPY_merged,-33.41092471264937
2022-12-30 05:00:00,2022-12-30 12:00:00,-1.1,30.0,0.44370131753565845,6338.590250509407,1,143.121,142.44362067268744,144.13706899096886,142.884,148.525,37.896345769939025,0.3233786141177979,CHFJPY_merged,-33.443701317535655
2022-12-30 05:00:00,2022-12-30 13:00:00,-1.1,30.0,0.3319007294475679,4741.438992108113,1,83.696,83.16643924762519,84.33147290284977,83.834,88.163,31.028730282787443,0.2107002687052863,NZDJPY_merged,-33.33190072944757
2023-01-03 01:00:00,2023-01-03 03:00:00,-1.1,15.0,0.17920887699273833,2560.1268141819764,1,156.672,155.75404547252052,157.7735454329754,164.024,169.267,32.146437291845686,0.3554123312426763,GBPJPY_merged,-16.67920887699274
2023-01-03 06:00:00,2023-01-03 09:00:00,1.5,15.0,0.1915854503736031,2736.9350053371877,1,155.63,154.777056837138,156.90941474429297,164.024,169.267,36.466042457724846,0.4207231672518995,GBPJPY_merged,22.3084145496264
2023-01-03 08:00:00,2023-01-04 07:00:00,1.5,30.0,0.3655441982575552,5222.059975107932,1,139.671,138.8686097517123,140.8745853724315,141.035,148.525,30.376453039066114,0.3777984091067967,CHFJPY_merged,44.63445580174245
2023-01-03 08:00:00,2023-01-04 09:00:00,1.5,30.0,0.39409134514158134,5629.876359165448,1,137.984,137.24872275128018,139.08691587307976,138.801,146.725,32.73101124033489,0.34640830725706906,EURJPY_merged,44.60590865485842
2023-01-04 07:00:00,2023-01-04 14:00:00,1.0,90.0,0.9165174711336408,13093.106730480584,-1,0.68713,0.6918532258373051,0.6824067741626949,0.66286,0.68927,61.475030224863914,0.0022335012205771105,AUDUSD_merged,89.08348252886636
2023-01-04 05:00:00,2023-01-04 23:00:00,1.5,60.0,0.7724380119174766,11034.828741678239,1,1.75505,1.745507214836305,1.7693641777455422,1.77029,1.82746,25.126243079326322,0.004501027453334438,GBPAUD_merged,89.22756198808253
2023-01-11 16:00:00,2023-01-11 17:00:00,1.0,90.0,1.3955086061723838,19935.837231034056,-1,0.64308,0.6459831737834367,0.6401768262165632,0.61588,0.64414,62.90488820657176,0.0013922877273699888,AUDCHF_merged,88.60449139382762
2023-01-12 01:00:00,2023-01-12 04:00:00,-1.1,60.0,0.9548700241712696,13641.000345303853,1,141.3,140.67849132868628,142.2322630069706,141.035,148.525,23.65338562311341,0.28738818799586846,CHFJPY_merged,-66.95487002417127
2023-01-11 10:00:00,2023-01-12 05:00:00,1.0,90.0,2.3513859280010756,33591.22754287251,-1,0.8864,0.8887749057666374,0.8840250942333625,0.85466,0.88275,62.91283796233078,0.001163699828785283,EURGBP_merged,87.64861407199892
2023-01-11 18:00:00,2023-01-12 08:00:00,-1.1,90.00000000000001,1.2442140584845642,17774.48654977949,-1,0.64254,0.6457934610683714,0.6392865389316286,0.61588,0.64414,64.56887914195784,0.0015293195200282031,AUDCHF_merged,-100.24421405848459
2023-01-09 14:00:00,2023-01-12 08:00:00,-1.1,60.0,1.037210760233114,14817.296574758773,-1,1.0743,1.0786501862620341,1.067774720606949,0.97299,1.07361,73.33593857863279,0.0020056946056613194,EURUSD_merged,-67.03721076023311
2023-01-12 22:00:00,2023-01-13 01:00:00,-1.1,30.0,0.3935841219335489,5622.630313336414,1,139.06,138.31803409302853,140.1729488604572,141.035,148.525,22.724276552419877,0.33750873437514545,CHFJPY_merged,-33.39358412193355
2023-01-13 13:00:00,2023-01-16 03:00:00,1.5,15.0,0.19053003448642997,2721.857635520428,1,137.834,137.07440479817208,138.97339280274187,141.035,148.525,33.11452636288132,0.3499468579511205,CHFJPY_merged,22.30946996551357
2023-01-13 13:00:00,2023-01-16 05:00:00,1.5,30.0,0.3376470318225315,4823.529026036164,1,81.378,80.87186849611099,82.13719725583353,83.834,88.163,32.7716886944083,0.23737107314820377,NZDJPY_merged,44.662352968177466
2023-01-13 14:00:00,2023-01-17 06:00:00,1.5,60.0,0.746528059053481,10664.686557906873,1,156.316,155.43655924484284,157.63516113273573,164.024,169.267,36.675793434350034,0.40429693255248284,GBPJPY_merged,89.25347194094653
2023-01-13 14:00:00,2023-01-17 21:00:00,1.5,60.0,0.7742717231060756,11061.024615801081,1,138.473,137.7218598218893,139.5997102671661,138.801,146.725,28.96436747751594,0.3435653848788964,EURJPY_merged,89.22572827689392
2023-01-18 11:00:00,2023-01-18 17:00:00,1.0,90.0,1.4111238355359303,20158.911936227578,-1,0.9398,0.9439957621655163,0.9356042378344837,0.90421,0.933,57.506354400323104,0.0020188404133235655,AUDCAD_merged,88.58887616446407
2023-01-18 10:00:00,2023-01-19 02:00:00,1.5,90.0,1.2324439095486996,17606.341564981427,-1,0.87063,0.8750804816466727,0.863954277529991,0.84298,0.86252,61.540773326430234,0.0022550429049913337,NZDCAD_merged,133.7675560904513
2023-01-19 13:00:00,2023-01-20 02:00:00,1.5,90.0,1.3864896777500675,19806.99539642954,-1,1.93685,1.9456507543047858,1.9236488685428212,1.89363,1.93893,68.77514370672054,0.00425006142728626,GBPNZD_merged,133.61351032224994
2023-01-23 04:00:00,2023-01-23 08:00:00,1.0,90.0,1.934760585558617,27639.436936551676,-1,1.08996,1.0935091461068902,1.0864108538931099,1.04823,1.07361,64.05501664246384,0.0017636360336589429,EURUSD_merged,88.06523941444138
2023-01-23 12:00:00,2023-01-24 19:00:00,-1.1,90.0,1.0904721642731146,15578.173775330208,-1,0.64836,0.6521057792448309,0.6427413311327538,0.61588,0.64414,77.76991884554462,0.0017191540878503716,AUDCHF_merged,-100.09047216427312
2023-01-25 03:00:00,2023-01-25 09:00:00,1.5,90.0,1.469035907717007,20986.227253100104,1,1.73503,1.727589277181327,1.7461910842280097,1.77029,1.82746,24.676949996170467,0.003522258389209166,GBPAUD_merged,133.530964092283
2023-01-25 03:00:00,2023-01-25 09:00:00,1.5,90.0,1.3585565729150042,19407.95104164292,-1,0.6558,0.6588411247366278,0.6512383128950585,0.61588,0.64414,72.88560864457719,0.0014318578767401563,AUDCHF_merged,133.641443427085
2023-01-24 11:00:00,2023-01-25 13:00:00,1.0,90.0,2.0567273668250823,29381.81952607261,-1,0.88303,0.8857348256807063,0.8803251743192937,0.85466,0.88275,61.735890033739075,0.0012902970697000788,EURGBP_merged,87.94327263317491
2023-01-25 03:00:00,2023-01-25 20:00:00,-1.1,90.0,1.6802446229289814,24003.494613271163,-1,0.94882,0.952377556988089,0.9434836645178665,0.90421,0.933,74.6006827545576,0.0016916408450733762,AUDCAD_merged,-100.680244622929
2023-02-02 04:00:00,2023-02-02 06:00:00,-1.1,15.000000000000002,0.31417461823766196,4488.2088319666,-1,0.88956,0.8925329900054926,0.8853978139923104,0.87215,0.88964,73.03722577510462,0.001135211192176264,EURGBP_merged,-16.814174618237665
2023-02-02 02:00:00,2023-02-02 08:00:00,1.2,15.0,0.34319985437060285,4902.855062437184,-1,1.10048,1.103846854575504,1.096439774509395,1.04823,1.07361,65.21474547059874,0.0017303253386268974,EURUSD_merged,17.656800145629397
2023-02-02 04:00:00,2023-02-02 09:00:00,1.4,15.0,0.22895846446232948,3270.8352066047073,-1,1.1005,1.1055468760904454,1.0934343734733767,1.04823,1.07361,65.87673323807093,0.0017402805215711592,EURUSD_merged,20.77104153553767
2023-02-02 04:00:00,2023-02-02 09:00:00,1.5,15.0,0.23713555247884135,3387.6507496977338,-1,1.1005,1.10537284588043,1.0931907311793552,1.04823,1.07361,65.87673323807093,0.0017402805215711592,EURUSD_merged,22.26286444752116
2023-02-02 04:00:00,2023-02-02 09:00:00,1.5,15.0,0.23713555247884135,3387.6507496977338,-1,1.1005,1.10537284588043,1.0931907311793552,1.04823,1.07361,65.70344868877511,0.0017402805215711592,EURUSD_merged,22.26286444752116
2023-02-02 04:00:00,2023-02-02 09:00:00,1.5,15.0,0.22895846446232948,3270.8352066047073,-1,1.1005,1.1055468760904454,1.092929685864332,1.04823,1.07361,65.70344868877511,0.0017402805215711592,EURUSD_merged,22.27104153553767
2023-02-02 04:00:00,2023-02-02 09:00:00,1.5,15.0,0.23713555247884135,3387.6507496977338,-1,1.1005,1.10537284588043,1.0931907311793552,1.04823,1.07361,65.87673323807093,0.0017402805215711592,EURUSD_merged,22.26286444752116
2023-02-02 04:00:00,2023-02-02 09:00:00,1.5,15.0,0.22895846446232948,3270.8352066047073,-1,1.1005,1.1055468760904454,1.092929685864332,1.04823,1.07361,65.47575632930624,0.0017402805215711592,EURUSD_merged,22.27104153553767
2023-02-02 04:00:00,2023-02-02 09:00:00,1.4,60.0,0.8853060625876741,12647.229465538203,-1,1.1005,1.1057209063004607,1.0931907311793552,1.04823,1.07361,65.47575632930624,0.0017402805215711592,EURUSD_merged,83.11469393741233
2023-02-01 21:00:00,2023-02-02 21:00:00,1.4,15.0,0.134529155056877,1921.8450722410998,-1,0.71417,0.7197440965568613,0.7063662648203941,0.66286,0.68927,72.19703445466305,0.0018067441723618378,AUDUSD_merged,20.865470844943122
2023-02-02 09:00:00,2023-02-03 14:00:00,1.4,60.0,0.6665595003642965,9522.278576632807,1,1.88783,1.8759347588464845,1.9044833376149213,1.89363,1.94035,36.47858793662864,0.004344535344721678,GBPNZD_merged,83.3334404996357
2023-02-02 09:00:00,2023-02-03 15:00:00,1.5,60.00000000000001,0.6903651968058787,9862.359954369696,1,1.88783,1.8763449395759162,1.9050575906361256,1.89363,1.94035,36.47858793662864,0.004344535344721678,GBPNZD_merged,89.30963480319413
2023-02-02 09:00:00,2023-02-03 15:00:00,1.5,60.00000000000001,0.6903651968058787,9862.359954369696,1,1.88783,1.8763449395759162,1.9050575906361256,1.89363,1.94035,37.13199898330803,0.004344535344721678,GBPNZD_merged,89.30963480319413
2023-02-02 09:00:00,2023-02-03 15:00:00,1.4,60.0,0.6443408503521534,9204.86929074505,1,1.88783,1.875524578117053,1.9050575906361256,1.89363,1.94035,36.51961381100007,0.004344535344721678,GBPNZD_merged,83.35565914964785
2023-02-02 09:00:00,2023-02-03 15:00:00,1.4,15.0,0.16108521258803835,2301.2173226862624,1,1.88783,1.875524578117053,1.9050575906361256,1.89363,1.94035,37.789521041556526,0.004344535344721678,GBPNZD_merged,20.838914787411962
2023-02-02 09:00:00,2023-02-05 17:00:00,1.5,60.0,0.6665595003642965,9522.278576632807,1,1.88783,1.8759347588464845,1.905672861730273,1.89363,1.94035,37.13199898330803,0.004344535344721678,GBPNZD_merged,89.3334404996357
2023-02-02 09:00:00,2023-02-05 17:00:00,1.5,60.0,0.6665595003642965,9522.278576632807,1,1.88783,1.8759347588464845,1.905672861730273,1.89363,1.94035,36.51961381100007,0.004344535344721678,GBPNZD_merged,89.3334404996357
2023-02-02 10:00:00,2023-02-06 01:00:00,1.3,15.0,0.17588288791465112,2512.6126844950163,1,1.89213,1.8808342081037237,1.9068145294651593,1.89363,1.94035,33.061629149317284,0.004606354248670135,GBPNZD_merged,19.32411711208535
2023-02-02 10:00:00,2023-02-06 06:00:00,1.5,60.0,0.6532792979687042,9332.561399552918,1,1.89213,1.8799653010347794,1.910377048447831,1.89363,1.94035,32.07890939980295,0.004606354248670135,GBPNZD_merged,89.34672070203129
2023-02-03 14:00:00,2023-02-06 21:00:00,1.2,60.0,0.9870781850523376,14101.116929319109,-1,1.70593,1.7131887015988203,1.6972195580814156,1.66633,1.7039,69.85082241031489,0.0035086828851665676,EURNZD_merged,71.01292181494766
2023-02-03 12:00:00,2023-02-07 10:00:00,1.4,90.0,0.8188112094336917,11697.302991909883,-1,141.893,142.9847362753476,140.36456921451335,137.91,142.291,65.24962947078095,0.35584694236949477,EURJPY_merged,125.1811887905663
2023-02-06 07:00:00,2023-02-07 13:00:00,-1.1,59.99999999999999,0.7497420060803317,10710.600086861883,1,0.5837,0.5804301551998977,0.587950798240133,0.58352,0.60181,35.03842670701166,0.0012256588571793877,NZDCHF_merged,-66.74974200608033
2023-02-06 07:00:00,2023-02-07 17:00:00,-1.1,60.0,0.6961890056460225,9945.557223514608,1,0.5837,0.5801786286768129,0.5889820569847806,0.58352,0.60181,34.642882047830945,0.0012256588571793877,NZDCHF_merged,-66.69618900564602
2023-02-12 19:00:00,2023-02-13 09:00:00,1.3,30.0,0.46016534681632404,6573.79066880463,1,0.84292,0.8390732696622056,0.8479207494391326,0.84298,0.87334,34.2288341338144,0.0014852608349265601,NZDCAD_merged,38.539834653183675
2023-02-12 19:00:00,2023-02-14 04:00:00,1.5,60.00000000000001,1.0096304946055634,14423.292780079479,1,1.42615,1.420217304789224,1.4350490428161642,1.42344,1.46417,27.489464218724166,0.0019896314714308114,EURCAD_merged,88.99036950539445
2023-02-12 19:00:00,2023-02-14 04:00:00,1.5,30.000000000000004,0.5228443632778811,7469.205189684017,1,1.42615,1.4204218804861473,1.4347421792707793,1.42344,1.46417,28.053688993849796,0.0019896314714308114,EURCAD_merged,44.477155636722124
2023-02-10 16:00:00,2023-02-14 04:00:00,1.4,59.99999999999999,0.9165537432896005,13093.62490413715,1,1.42502,1.4184900130310756,1.4341619817564941,1.42344,1.46417,27.444722916073967,0.0021190435856194897,EURCAD_merged,83.08344625671039
2023-02-10 16:00:00,2023-02-14 04:00:00,1.5,60.0,0.9820218678102863,14028.883825861234,1,1.42502,1.4189253454956705,1.4341619817564941,1.42344,1.46417,25.481158447068466,0.0021190435856194897,EURCAD_merged,89.01797813218971
2023-02-13 06:00:00,2023-02-14 12:00:00,-1.1,60.0,0.7179224068716575,10256.034383880822,-1,99.202,99.78235296852698,98.33147054720953,94.631,99.077,73.22960140271073,0.20468444805051014,CADJPY_merged,-66.71792240687165
2023-02-13 06:00:00,2023-02-14 12:00:00,-1.1,60.0,0.7435624928313597,10622.321326162282,-1,99.202,99.76234079719846,98.36148880420231,94.631,99.077,76.90522910810905,0.20468444805051014,CADJPY_merged,-66.74356249283136
2023-02-13 06:00:00,2023-02-14 12:00:00,-1.1,60.0,0.6939916599759357,9914.166571084797,-1,99.202,99.8023651398555,98.36148880420231,94.631,99.077,71.24970352294862,0.20468444805051014,CADJPY_merged,-66.69399165997594
2023-02-13 13:00:00,2023-02-14 12:00:00,-1.1,60.0,0.7499547855956906,10713.639794224153,-1,142.093,142.88876877361474,140.97892371693933,137.91,142.291,70.87496926383501,0.25830938230932765,EURJPY_merged,-66.74995478559569
2023-02-14 17:00:00,2023-02-15 02:00:00,1.5,60.0,0.681541159831372,9736.302283305315,-1,92.916,93.48859520480987,92.0571071927852,88.112,92.813,70.98026799938015,0.19789126690123165,AUDJPY_merged,89.31845884016863
2023-02-14 17:00:00,2023-02-15 02:00:00,1.4,60.0,0.6361050825092803,9087.215464418292,-1,92.916,93.52949486229629,92.0571071927852,88.112,92.813,69.69329609490295,0.19789126690123165,AUDJPY_merged,83.36389491749073
2023-02-14 17:00:00,2023-02-15 02:00:00,1.5,60.0,0.6580397405268418,9400.567721812025,-1,92.916,93.50904503355308,92.02643244967038,88.112,92.813,70.98026799938015,0.19789126690123165,AUDJPY_merged,89.34196025947315
2023-02-14 17:00:00,2023-02-15 02:00:00,1.5,90.0,0.9870596107902627,14100.851582718038,-1,92.916,93.50904503355308,92.02643244967038,88.112,92.813,74.00202832706701,0.19789126690123165,AUDJPY_merged,134.01294038920975
2023-02-13 12:00:00,2023-02-15 03:00:00,-1.1,30.0,0.3974915223412226,5678.4503191603235,-1,142.224,142.97538810065893,141.0969178490116,137.91,142.291,69.23818770441872,0.2652562578715853,EURJPY_merged,-33.39749152234122
2023-02-13 12:00:00,2023-02-15 03:00:00,-1.1,60.0,0.7949830446824452,11356.900638320647,-1,142.224,142.97538810065893,141.0969178490116,137.91,142.291,66.31782592896782,0.2652562578715853,EURJPY_merged,-66.79498304468244
2023-02-13 12:00:00,2023-02-15 03:00:00,-1.1,30.0,0.3974915223412226,5678.4503191603235,-1,142.224,142.97538810065893,141.0969178490116,137.91,142.291,69.23818770441872,0.2652562578715853,EURJPY_merged,-33.39749152234122
2023-02-13 12:00:00,2023-02-15 03:00:00,-1.1,30.0,0.38378491812255966,5482.641687465139,-1,142.224,143.00222338996818,141.13448725404453,137.91,142.291,69.23818770441872,0.2652562578715853,EURJPY_merged,-33.38378491812256
2023-02-12 19:00:00,2023-02-15 19:00:00,-1.1,60.0,0.8545927869446018,12208.468384922884,1,0.84292,0.8387773673285291,0.8491339490072062,0.84298,0.87334,32.9699657318534,0.0014852608349265601,NZDCAD_merged,-66.85459278694461
2023-02-15 11:00:00,2023-02-16 23:00:00,-1.1,30.0,0.2941437398300322,4202.053426143318,1,0.62655,0.622076829839179,0.6332597552412316,0.62696,0.65375,37.25279410527835,0.0015963064308845386,NZDUSD_merged,-33.294143739830034
2023-02-10 14:00:00,2023-02-17 01:00:00,-1.1,60.0,0.8026256564828457,11466.080806897797,1,0.84252,0.8381112398620469,0.8491331402069296,0.84298,0.87334,23.97716628393492,0.001573517392688541,NZDCAD_merged,-66.80262565648285
2023-02-10 14:00:00,2023-02-17 01:00:00,-1.1,60.0,0.774948909707575,11070.698710108216,1,0.84252,0.8379537841428344,0.8493693237857486,0.84298,0.87334,22.203905618463278,0.001573517392688541,NZDCAD_merged,-66.77494890970758
2023-02-10 14:00:00,2023-02-17 01:00:00,-1.1,60.0,0.774948909707575,11070.698710108216,1,0.84252,0.8379537841428344,0.848912702200032,0.84298,0.87334,23.97716628393492,0.001573517392688541,NZDCAD_merged,-66.77494890970758
2023-02-15 12:00:00,2023-02-17 02:00:00,-1.1,90.0,1.5438967179177188,22055.667398824557,-1,0.888,0.891623558451206,0.882564662323191,0.87215,0.88964,67.33192979158372,0.0012266812774797697,EURGBP_merged,-100.54389671791773
2023-02-15 08:00:00,2023-02-17 03:00:00,-1.1,90.0,1.367845168464978,19540.6452637854,-1,1.70519,1.7130437375776644,1.6934093936335035,1.66633,1.7039,62.196558630918645,0.002824029273636375,EURNZD_merged,-100.367845168465
2023-02-15 08:00:00,2023-02-17 03:00:00,-1.1,90.0,1.367845168464978,19540.6452637854,-1,1.70519,1.7130437375776644,1.6934093936335035,1.66633,1.7039,63.55744351460095,0.002824029273636375,EURNZD_merged,-100.367845168465
2023-02-15 11:00:00,2023-02-17 03:00:00,-1.1,30.000000000000004,0.28099967279609245,4014.2810399441782,1,0.68779,0.6826499263991026,0.6955001104013461,0.68549,0.71573,37.42609404606427,0.0018396162451955603,AUDUSD_merged,-33.2809996727961
2023-02-15 08:00:00,2023-02-17 03:00:00,-1.1,90.0,1.4166967816244416,20238.52545177774,-1,1.70519,1.7127729190405034,1.6938156214392448,1.66633,1.7039,62.196558630918645,0.002824029273636375,EURNZD_merged,-100.41669678162445
2023-02-17 08:00:00,2023-02-17 10:00:00,1.4,15.0,0.2557394399519432,3653.420570742046,-1,0.93208,0.9359068794214296,0.9267223688099987,0.90591,0.92906,60.31187676733442,0.001449641194053787,USDCHF_merged,20.74426056004806
2023-02-17 08:00:00,2023-02-17 10:00:00,1.5,15.0,0.26487299137879833,3783.8998768399765,-1,0.93208,0.9357749180620699,0.9265376229068952,0.90591,0.92906,60.31187676733442,0.001449641194053787,USDCHF_merged,22.235127008621202
2023-02-17 08:00:00,2023-02-17 10:00:00,1.5,60.0,1.0594919655151933,15135.599507359906,-1,0.93208,0.9357749180620699,0.9265376229068952,0.90591,0.92906,60.62576537999911,0.001449641194053787,USDCHF_merged,88.94050803448481
2023-02-17 08:00:00,2023-02-17 10:00:00,1.4,89.99999999999999,1.4832887517212707,21189.83931030387,-1,0.93208,0.9360388407807891,0.9265376229068952,0.90591,0.92906,60.42773387830004,0.001449641194053787,USDCHF_merged,124.5167112482787
2023-02-17 08:00:00,2023-02-17 10:00:00,1.5,90.0,1.5344366397116591,21920.523424452276,-1,0.93208,0.9359068794214296,0.9263396808678558,0.90591,0.92906,60.62576537999911,0.001449641194053787,USDCHF_merged,133.46556336028834
2023-02-17 08:00:00,2023-02-17 12:00:00,1.3,60.0,0.7354140412088285,10505.914874411836,1,0.68248,0.6785823099378299,0.6875469970808211,0.68549,0.71573,38.24956035552424,0.0015084607364893132,AUDUSD_merged,77.26458595879117
2023-02-17 06:00:00,2023-02-20 12:00:00,1.5,60.0,1.2557966055941228,17939.95150848747,-1,1.3517,1.3562207480054576,1.3449188779918135,1.32616,1.34749,72.9902929938861,0.0016613705120139852,USDCAD_merged,88.74420339440587
2023-02-17 08:00:00,2023-02-20 18:00:00,1.4,60.0,1.0996108227590085,15708.726039414407,-1,1.35195,1.357113817854896,1.3447206550031454,1.32616,1.34749,60.991159918715624,0.0018583245741345253,USDCAD_merged,82.900389177241
2023-02-17 06:00:00,2023-02-21 04:00:00,1.5,60.0,1.2124932743667387,17321.332490953413,-1,1.3517,1.3563822032913666,1.3446766950629498,1.32616,1.34749,72.9902929938861,0.0016613705120139852,USDCAD_merged,88.78750672563326
2023-02-17 06:00:00,2023-02-21 04:00:00,1.5,60.0,1.2124932743667387,17321.332490953413,-1,1.3517,1.3563822032913666,1.3446766950629498,1.32616,1.35201,77.76095825614969,0.0016613705120139852,USDCAD_merged,88.78750672563326
2023-02-15 11:00:00,2023-02-21 04:00:00,1.3,30.0,0.4260365929770386,6086.237042529124,1,1.1107,1.1052251885907234,1.1178172548320595,1.10966,1.14351,37.22603962189918,0.002063146931884474,GBPCHF_merged,38.57396340702296
2023-02-15 11:00:00,2023-02-21 07:00:00,1.5,15.0,0.1978027038821965,2825.7529126028076,1,1.1107,1.1048040492515483,1.1195439261226776,1.10966,1.14351,35.34016058325559,0.002063146931884474,GBPCHF_merged,22.302197296117804
2023-02-21 21:00:00,2023-02-23 12:00:00,1.5,90.0,1.0538391429956968,15054.844899938525,-1,163.278,164.25409906297074,161.81385140554386,156.721,161.801,70.72304216744355,0.33647260636994575,GBPJPY_merged,133.94616085700432
2023-02-21 21:00:00,2023-02-23 12:00:00,1.5,90.0,1.0538391429956968,15054.844899938525,-1,163.278,164.25409906297074,161.81385140554386,156.721,161.801,72.95886678223069,0.33647260636994575,GBPJPY_merged,133.94616085700432
2023-02-21 21:00:00,2023-02-23 12:00:00,1.4,90.0,1.018711171562507,14553.016736607246,-1,163.278,164.28775765134904,161.86433928811132,156.721,161.801,69.55896005418468,0.33647260636994575,GBPJPY_merged,124.98128882843748
2023-02-21 21:00:00,2023-02-23 12:00:00,1.5,90.0,1.0914762552455435,15592.51793207919,-1,163.278,164.22044047459244,161.86433928811132,156.721,161.801,70.72304216744355,0.33647260636994575,GBPJPY_merged,133.90852374475446
2023-02-21 21:00:00,2023-02-23 12:00:00,1.5,30.0,0.3638254184151811,5197.50597735973,-1,163.278,164.22044047459244,161.86433928811132,156.721,161.801,72.45760293630879,0.33647260636994575,GBPJPY_merged,44.63617458158482
2023-02-21 21:00:00,2023-02-23 12:00:00,1.4,30.0,0.3512797143318989,5018.281633312842,-1,163.278,164.25409906297074,161.91146131184095,156.721,161.801,72.45760293630879,0.33647260636994575,GBPJPY_merged,41.6487202856681
2023-02-21 22:00:00,2023-02-23 20:00:00,1.4,30.0,0.3209153479804759,4584.504971149656,-1,1.94413,1.9568519624293206,1.926319252598951,1.88331,1.94035,65.28607094529458,0.004314249053723406,GBPNZD_merged,41.679084652019526
2023-02-26 21:00:00,2023-02-27 00:00:00,-1.1,60.0,0.7694733662063277,10992.476660090397,1,0.67394,0.6702614477273525,0.6787221179544417,0.68549,0.71573,31.73281058820814,0.0014059115259455325,AUDUSD_merged,-66.76947336620633
2023-02-26 20:00:00,2023-02-27 01:00:00,-1.1,90.0,1.076764074253323,15382.343917904618,1,0.61677,0.6131613627015329,0.6214612284880073,0.61908,0.65375,35.893482261024616,0.0013387990351668596,NZDUSD_merged,-100.07676407425333
2023-02-26 19:00:00,2023-02-27 08:00:00,1.3,60.0,0.9574458200079361,13677.797428684802,1,1.19492,1.1896782788549243,1.2017342374885984,1.19608,1.24476,36.132190878602024,0.0020141861232413545,GBPUSD_merged,77.04255417999207
2023-02-26 18:00:00,2023-02-27 09:00:00,-1.1,60.00000000000001,0.9169339933404819,13099.057047721171,-1,1.56763,1.574810501593156,1.5568592476102665,1.52555,1.56508,71.16296552251458,0.002412746815542498,EURAUD_merged,-66.91693399334049
2023-02-21 22:00:00,2023-02-27 18:00:00,-1.1,90.0,0.9627460439414277,13753.514913448967,-1,1.94413,1.9568519624293206,1.925047056356019,1.88331,1.94035,64.98481184808881,0.004314249053723406,GBPNZD_merged,-99.96274604394144
2023-02-21 22:00:00,2023-02-27 18:00:00,-1.1,90.0,0.9627460439414277,13753.514913448967,-1,1.94413,1.9568519624293206,1.925047056356019,1.88331,1.94035,65.18493312956836,0.004314249053723406,GBPNZD_merged,-99.96274604394144
2023-02-21 22:00:00,2023-02-27 18:00:00,-1.1,90.0,0.9306545091433802,13295.064416334004,-1,1.94413,1.9572906507889525,1.9257050888954665,1.88331,1.94035,64.55419863687368,0.004314249053723406,GBPNZD_merged,-99.9306545091434
2023-02-21 22:00:00,2023-02-27 18:00:00,-1.1,90.0,0.9971298312250501,14244.711874643574,-1,1.94413,1.956413274069689,1.9257050888954665,1.88331,1.94035,64.98481184808881,0.004314249053723406,GBPNZD_merged,-99.99712983122507
2023-02-21 22:00:00,2023-02-27 18:00:00,-1.1,30.0,0.33237661040835004,4748.237291547858,-1,1.94413,1.956413274069689,1.9257050888954665,1.88331,1.94035,65.28607094529458,0.004314249053723406,GBPNZD_merged,-33.33237661040835
2023-02-27 04:00:00,2023-03-01 03:00:00,1.3,60.0,0.7450118245640551,10643.02606520079,1,0.67175,0.6679630131268038,0.6766730829351549,0.68549,0.71573,34.213663072126444,0.00141392388328435,AUDUSD_merged,77.25498817543594
2023-02-26 20:00:00,2023-03-02 08:00:00,-1.1,90.0,1.0921411097486173,15602.015853551678,-1,136.269,137.05506573119257,135.08990140321117,128.08,134.773,66.58915023898565,0.2670530666380118,USDJPY_merged,-100.09214110974864
2023-03-06 17:00:00,2023-03-06 22:00:00,-1.1,14.999999999999998,0.30094589335445,4299.2270479207145,-1,1.58624,1.591774390190327,1.5790452927525753,1.53549,1.56508,64.64685715172342,0.0024623724829301572,EURAUD_merged,-16.80094589335445
2023-03-06 17:00:00,2023-03-06 22:00:00,-1.1,15.0,0.32674670845405523,4667.810120772218,1,0.62618,0.6241677716194578,0.6291983425708133,0.62997,0.6569,26.763006047415892,0.001057106033823171,AUDCHF_merged,-16.826746708454056
2023-03-06 17:00:00,2023-03-06 22:00:00,-1.1,15.0,0.22534255755452084,3219.1793936360123,1,0.62618,0.6232622688482138,0.6293895042669648,0.62997,0.6569,26.763006047415892,0.001057106033823171,AUDCHF_merged,-16.72534255755452
2023-03-06 17:00:00,2023-03-06 22:00:00,-1.1,15.0,0.2452151723628852,3503.0738908983603,-1,1.58624,1.5930322061426738,1.5774101320145242,1.53549,1.56508,64.64685715172342,0.0024623724829301572,EURAUD_merged,-16.745215172362887
2023-03-06 17:00:00,2023-03-06 22:00:00,-1.1,15.0,0.2452151723628852,3503.0738908983603,-1,1.58624,1.5930322061426738,1.5774101320145242,1.53549,1.56508,65.37544300928218,0.0024623724829301572,EURAUD_merged,-16.745215172362887
2023-03-06 17:00:00,2023-03-06 22:00:00,-1.1,15.000000000000002,0.26483238615191607,3783.3198021702297,-1,1.58624,1.592529079761735,1.5774352883335712,1.53549,1.56508,64.64685715172342,0.0024623724829301572,EURAUD_merged,-16.76483238615192
2023-03-06 17:00:00,2023-03-06 22:00:00,-1.1,15.0,0.22069365512659667,3152.766501808524,-1,1.58624,1.5937868957140822,1.5771837251431018,1.53549,1.56508,65.37544300928218,0.0024623724829301572,EURAUD_merged,-16.720693655126595
2023-03-06 17:00:00,2023-03-06 22:00:00,-1.1,15.0,0.29704246223095937,4243.463746156563,1,0.62618,0.6239665487814036,0.6292788317060349,0.62997,0.6569,26.763006047415892,0.001057106033823171,AUDCHF_merged,-16.79704246223096
2023-03-06 17:00:00,2023-03-06 22:00:00,-1.1,15.0,0.22069365512659667,3152.766501808524,-1,1.58624,1.5937868957140822,1.5771837251431018,1.53549,1.56508,64.64685715172342,0.0024623724829301572,EURAUD_merged,-16.720693655126595
2023-03-08 01:00:00,2023-03-08 10:00:00,1.3,15.0,0.26953419670450873,3850.488524350125,-1,137.712,138.248472187084,137.01458615679078,128.08,134.773,65.58851422462402,0.2362187802627322,USDJPY_merged,19.23046580329549
2023-03-08 01:00:00,2023-03-08 10:00:00,1.3,15.0,0.21962045657404414,3137.4350939149167,-1,137.712,138.37039768414854,136.85608301060685,128.08,134.773,65.58851422462402,0.2362187802627322,USDJPY_merged,19.280379543425955
2023-03-08 01:00:00,2023-03-08 10:00:00,1.1,30.000000000000004,0.4089484363792546,5842.120519703638,-1,137.712,138.41916788297436,136.93411532872818,128.08,134.773,67.22238490013318,0.2362187802627322,USDJPY_merged,32.59105156362075
2023-03-08 01:00:00,2023-03-08 10:00:00,1.3,60.0,0.8784818262961765,12549.740375659667,-1,137.712,138.37039768414854,136.85608301060685,128.08,134.773,66.36499795533089,0.2362187802627322,USDJPY_merged,77.12151817370382
2023-03-08 01:00:00,2023-03-08 10:00:00,1.2,60.00000000000001,0.7906336436665589,11294.7663380937,-1,137.712,138.44355298238727,136.83413642113524,128.08,134.773,66.36499795533089,0.2362187802627322,USDJPY_merged,71.20936635633345
2023-03-08 02:00:00,2023-03-09 09:00:00,1.4,15.0,0.26359408822396907,3765.629831770987,1,1.18301,1.1782976010673478,1.1896073585057128,1.19145,1.24476,28.70999774619494,0.0021097138352102426,GBPUSD_merged,20.736405911776032
2023-03-09 18:00:00,2023-03-10 03:00:00,-1.1,60.0,1.3235673382456776,18908.10483208111,-1,1.80896,1.8147002685760365,1.8003495971359451,1.7221,1.79602,68.43764151341557,0.002822981838874115,GBPAUD_merged,-67.32356733824568
2023-03-09 18:00:00,2023-03-10 03:00:00,-1.1,60.0,1.2032430347687977,17189.186210982825,-1,1.80896,1.81527429543364,1.8007514159362676,1.7221,1.79602,67.09667311422007,0.002822981838874115,GBPAUD_merged,-67.2032430347688
2023-03-09 21:00:00,2023-03-10 04:00:00,-1.1,30.0,0.49384420396221296,7054.917199460186,-1,1.95225,1.9605516566097305,1.9414578464073504,1.88331,1.94035,64.42252379119975,0.0030379242308597185,GBPNZD_merged,-33.49384420396221
2023-03-09 18:00:00,2023-03-10 04:00:00,-1.1,60.0,0.9804202505523536,14006.003579319338,-1,1.80896,1.8167093625776491,1.7988858286490557,1.7221,1.79602,67.7306140563252,0.002822981838874115,GBPAUD_merged,-66.98042025055236
2023-03-09 21:00:00,2023-03-10 04:00:00,-1.1,60.0,0.9876884079244259,14109.834398920371,-1,1.95225,1.9605516566097305,1.9414578464073504,1.88331,1.94035,65.18836340841692,0.0030379242308597185,GBPNZD_merged,-66.98768840792442
2023-03-09 21:00:00,2023-03-10 04:00:00,-1.1,60.0,0.8889195671319834,12698.850959028336,-1,1.95225,1.9614740628997005,1.9411811245203594,1.88331,1.94035,65.18836340841692,0.0030379242308597185,GBPNZD_merged,-66.88891956713198
2023-03-09 21:00:00,2023-03-10 04:00:00,-1.1,60.0,0.9195719659986034,13136.74237140862,-1,1.95225,1.9611665941363772,1.942441746449985,1.88331,1.94035,66.03611797231757,0.0030379242308597185,GBPNZD_merged,-66.9195719659986
2023-03-10 00:00:00,2023-03-10 06:00:00,-1.1,29.999999999999996,0.7743070083853465,11061.528691219237,1,0.98449,0.9818199621757122,0.9882280529540028,0.98463,1.00969,31.6757761040088,0.0011841068738877218,EURCHF_merged,-33.77430700838535
2023-03-08 00:00:00,2023-03-10 08:00:00,1.3,15.0,0.15403261670355597,2200.4659529079427,1,0.60984,0.6056828804645165,0.6152442553961286,0.61908,0.65375,30.658588300039987,0.0014932686233144633,NZDUSD_merged,19.345967383296443
2023-03-08 00:00:00,2023-03-10 08:00:00,1.2,15.0,0.1386293550332004,1980.4193576171485,1,0.60984,0.6052209782939072,0.6153828260473114,0.61908,0.65375,30.658588300039987,0.0014932686233144633,NZDUSD_merged,17.8613706449668
2023-03-08 00:00:00,2023-03-10 08:00:00,1.1,15.0,0.1434096776205521,2048.7096802936017,1,0.60984,0.6053749456841103,0.6147515597474787,0.61908,0.65375,29.84358485906237,0.0014932686233144633,NZDUSD_merged,16.356590322379446
2023-03-08 00:00:00,2023-03-10 08:00:00,1.5,15.0,0.2079440325498006,2970.629036425723,1,0.60984,0.6067606521959382,0.6144590217060929,0.61908,0.65375,29.84358485906237,0.0014932686233144633,NZDUSD_merged,22.2920559674502
2023-03-10 00:00:00,2023-03-10 10:00:00,-1.436631276479808,59.99999999999999,0.8136501164382612,11623.573091975162,1,0.61308,0.6099153276820364,0.6175105412451489,0.62997,0.6569,32.52288051665828,0.0013835954588807308,AUDCHF_merged,-87.01152670522673
2023-03-10 00:00:00,2023-03-10 10:00:00,-1.1891069660205842,30.0,0.3314870844748472,4735.529778212103,1,0.61308,0.6091960839734083,0.6181290908345691,0.62997,0.6569,32.59386974397454,0.0013835954588807308,AUDCHF_merged,-36.00469606509237
2023-03-10 00:00:00,2023-03-10 10:00:00,-1.1,30.0,0.2983383760273626,4261.976800390894,1,0.61308,0.6087645377482315,0.6182585547021222,0.62997,0.6569,32.59386974397454,0.0013835954588807308,AUDCHF_merged,-33.29833837602736
2023-03-10 00:00:00,2023-03-12 17:00:00,-1.2629168137735642,30.0,0.30868681466080267,4409.811638011467,1,0.56754,0.5636790187614278,0.5717870793624296,0.57965,0.60181,31.683014073522013,0.001272703352252227,NZDCHF_merged,-38.19619122786773
2023-03-21 15:00:00,2023-03-22 14:00:00,-1.1,15.0,0.2025354956038326,2893.3642229118946,-1,1.61461,1.6229805845977545,1.6037282400229194,1.53549,1.56508,63.21573634100282,0.003006629623566334,EURAUD_merged,-16.702535495603833
2023-03-21 15:00:00,2023-03-22 14:00:00,-1.1,15.0,0.18856753038977514,2693.8218627110737,-1,1.61461,1.6236006279012918,1.6047203093085791,1.52555,1.56508,64.79098062431693,0.003006629623566334,EURAUD_merged,-16.688567530389776
2023-03-21 15:00:00,2023-03-22 14:00:00,-1.1,15.000000000000002,0.18228194604344933,2604.027800620705,-1,1.61461,1.6239106495530606,1.6034492205363275,1.53549,1.56508,63.21573634100282,0.003006629623566334,EURAUD_merged,-16.682281946043453
2023-03-21 15:00:00,2023-03-22 14:00:00,-1.1,15.0,0.2025354956038326,2893.3642229118946,-1,1.61461,1.6229805845977545,1.6037282400229194,1.53549,1.56508,63.98298238146621,0.003006629623566334,EURAUD_merged,-16.702535495603833
2023-03-21 15:00:00,2023-03-22 14:00:00,-1.1,15.000000000000002,0.18228194604344933,2604.027800620705,-1,1.61461,1.6239106495530606,1.6034492205363275,1.53549,1.56508,63.98298238146621,0.003006629623566334,EURAUD_merged,-16.682281946043453
2023-03-21 15:00:00,2023-03-22 14:00:00,-1.1,15.0,0.21873833525213918,3124.833360744846,-1,1.61461,1.6223605412942173,1.6037592421880962,1.53549,1.56508,63.21573634100282,0.003006629623566334,EURAUD_merged,-16.71873833525214
2023-03-21 15:00:00,2023-03-24 04:00:00,1.4,15.000000000000002,0.25282867774584644,3611.8382535120927,-1,1.73981,1.7470354481425419,1.7296943726004417,1.66633,1.7039,66.52215815763594,0.0033397021380857784,EURNZD_merged,20.747171322254154
2023-03-24 08:00:00,2023-03-27 03:00:00,1.4,30.0,0.2672074420327307,3817.2491718961533,1,139.912,138.81242284090274,141.4514080227362,139.546,145.567,40.596883989257805,0.5268215281904095,EURJPY_merged,41.73279255796727
2023-03-28 15:00:00,2023-03-30 07:00:00,1.5,15.0,0.3000886253291434,4286.980361844906,-1,1.13406,1.138028037771155,1.1281079433432677,1.10747,1.13575,66.14300115511533,0.0018837318223219317,GBPCHF_merged,22.199911374670858
2023-04-04 08:00:00,2023-04-04 10:00:00,1.1,15.0,0.17036507482034652,2433.7867831478075,-1,166.029,167.05227575169872,164.9033966731314,156.721,165.906,63.659059030644784,0.36043558551929716,GBPJPY_merged,16.329634925179654
2023-04-04 08:00:00,2023-04-04 10:00:00,1.5,29.999999999999996,0.49405871697900483,7057.981671128641,-1,166.029,166.73470741496465,164.97043887755305,156.721,165.906,63.659059030644784,0.36043558551929716,GBPJPY_merged,44.50594128302099
2023-04-04 10:00:00,2023-04-04 12:00:00,1.5,29.999999999999996,0.6892283935144309,9846.119907349013,-1,1.13822,1.141688026016473,1.1330179609752904,1.09951,1.13575,55.46231013506367,0.001883726364791078,GBPCHF_merged,44.31077160648556
2023-04-11 20:00:00,2023-04-12 10:00:00,-1.1,15.0,0.2667967378503297,3811.3819692904244,-1,145.835,146.4089453609283,145.08887103079323,138.821,145.567,69.83970057923038,0.21996004476370054,EURJPY_merged,-16.76679673785033
2023-04-11 20:00:00,2023-04-12 10:00:00,-1.1,14.999999999999998,0.24011706406529673,3430.243772361382,-1,145.835,146.4727170676981,145.06973951876228,138.821,145.567,69.83970057923038,0.21996004476370054,EURJPY_merged,-16.740117064065295
2023-04-11 20:00:00,2023-04-12 10:00:00,-1.1,30.0,0.49679392565233804,7097.056080747687,-1,145.835,146.45145983210818,145.15689418468102,138.821,145.567,70.87789489381575,0.21996004476370054,EURJPY_merged,-33.49679392565234
2023-04-14 05:00:00,2023-04-14 09:00:00,1.3,29.999999999999996,0.826196029535688,11802.800421938402,-1,1.10589,1.1087009176478435,1.1022358070578036,1.05158,1.08044,65.94835537907602,0.0012514262799339093,EURUSD_merged,38.17380397046431
2023-04-14 04:00:00,2023-04-14 09:00:00,1.1,30.0,0.6245867755102003,8922.66822157429,-1,1.10653,1.1102504005770084,1.1024375593652906,1.05158,1.10327,65.69745179055113,0.001277689839928811,EURUSD_merged,32.3754132244898
2023-04-14 05:00:00,2023-04-14 10:00:00,1.2,30.0,0.6058770883261714,8655.386976088163,-1,1.10589,1.1097230695197864,1.1012903165762564,1.05158,1.08044,65.94835537907602,0.0012514262799339093,EURUSD_merged,35.394122911673826
2023-04-14 05:00:00,2023-04-14 10:00:00,1.3,15.000000000000002,0.33659838240342854,4808.54832004898,-1,1.10589,1.1093397625678079,1.1014053086618498,1.05158,1.10327,65.94835537907602,0.0012514262799339093,EURUSD_merged,19.163401617596573
2023-04-14 05:00:00,2023-04-14 10:00:00,1.4,15.0,0.36352625299570285,5193.232185652898,-1,1.10589,1.109084224599822,1.1014180855602491,1.05158,1.10327,65.94835537907602,0.0012514262799339093,EURUSD_merged,20.636473747004295
2023-04-14 05:00:00,2023-04-14 10:00:00,1.5,30.0,0.9088156324892569,12983.080464132243,-1,1.10589,1.1084453796798577,1.1020569304802137,1.05158,1.10327,66.39511052343363,0.0012514262799339093,EURUSD_merged,44.09118436751074
2023-04-13 18:00:00,2023-04-14 11:00:00,1.3,15.000000000000002,0.21312839113645848,3044.6913019494073,-1,0.62949,0.6325912503612285,0.6254583745304029,0.60838,0.62753,65.48887583084748,0.0013546835940250323,NZDUSD_merged,19.286871608863546
2023-04-13 18:00:00,2023-04-14 11:00:00,1.2,15.0,0.15629415350006956,2232.7736214295655,-1,0.62949,0.6337189777653116,0.624415226681626,0.60838,0.62753,65.48887583084748,0.0013546835940250323,NZDUSD_merged,17.84370584649993
2023-04-16 23:00:00,2023-04-18 09:00:00,1.3,30.0,0.7395588842727592,10565.126918182275,1,1.65728,1.65257410291187,1.6633976662145693,1.65798,1.68651,30.294528935930195,0.002033398121613405,GBPCAD_merged,38.26044111572724
2023-04-17 05:00:00,2023-04-19 04:00:00,-1.1,60.0,1.179615704461243,16851.6529208749,-1,149.68,150.21293288451693,148.88060067322462,140.222,147.606,61.10176620526822,0.26636169638286117,CHFJPY_merged,-67.17961570446124
2023-04-17 05:00:00,2023-04-19 21:00:00,-1.1,30.000000000000004,0.47184628178449717,6740.6611683499605,-1,149.68,150.34616610564618,148.74736745209538,140.222,147.606,61.522897158595526,0.26636169638286117,CHFJPY_merged,-33.4718462817845
2023-04-17 05:00:00,2023-04-19 21:00:00,-1.1,30.0,0.5361889565732922,7659.842236761318,-1,149.68,150.26622617296863,148.9179059751408,140.222,147.606,61.522897158595526,0.26636169638286117,CHFJPY_merged,-33.53618895657329
2023-04-17 05:00:00,2023-04-20 05:00:00,-1.1,15.0,0.21844735267800797,3120.6764668286855,-1,149.68,150.39945939409787,148.7447027876728,140.222,147.606,61.32719806881986,0.26636169638286117,CHFJPY_merged,-16.71844735267801
2023-04-17 05:00:00,2023-04-20 05:00:00,-1.1,15.0,0.19660261741020718,2808.608820145817,-1,149.68,150.4793993267754,148.72072080786953,140.222,147.606,61.32719806881986,0.26636169638286117,CHFJPY_merged,-16.696602617410207
2023-04-17 05:00:00,2023-04-20 05:00:00,-1.1,60.0,0.7864104696408287,11234.435280583268,-1,149.68,150.4793993267754,148.72072080786953,140.222,147.606,61.522897158595526,0.26636169638286117,CHFJPY_merged,-66.78641046964083
2023-04-19 05:00:00,2023-04-20 08:00:00,1.3,30.0,0.6167213704139584,8810.305291627978,-1,167.744,168.31518565514205,167.00145864831532,158.254,165.906,59.616812921696294,0.29422771158593036,GBPJPY_merged,38.383278629586044
2023-04-19 05:00:00,2023-04-20 17:00:00,1.1,30.0,0.46785759134852006,6683.67987640743,-1,167.744,168.4969265454145,166.91578080004402,158.254,165.906,60.14346924486917,0.29422771158593036,GBPJPY_merged,32.53214240865148
2023-04-19 05:00:00,2023-04-20 19:00:00,1.4,30.000000000000004,0.5427148059642835,7753.068656632621,-1,167.744,168.39307460811597,166.83529554863765,158.254,165.906,59.616812921696294,0.29422771158593036,GBPJPY_merged,41.45728519403572
2023-04-19 05:00:00,2023-04-20 19:00:00,1.2,30.0,0.45226233830356954,6460.8905471938515,-1,167.744,168.52288952973916,166.809332564313,158.254,165.906,59.616812921696294,0.29422771158593036,GBPJPY_merged,35.54773766169643
2023-04-19 05:00:00,2023-04-20 19:00:00,1.3,30.0,0.5025137092261883,7178.767274659834,-1,167.744,168.44500057676524,166.8326992502052,158.254,165.906,59.616812921696294,0.29422771158593036,GBPJPY_merged,38.497486290773814
2023-04-19 07:00:00,2023-04-21 00:00:00,1.5,29.999999999999996,0.5973052268010904,8532.93181144415,-1,167.375,167.96345542317187,166.4923168652422,158.254,165.906,55.74122786147926,0.30042573218693536,GBPJPY_merged,44.4026947731989
2023-04-24 02:00:00,2023-04-24 13:00:00,-1.1,30.0,0.7790264151544081,11128.948787920117,-1,1.6841,1.688639781875431,1.6777443053743966,1.60713,1.68651,64.6318484164681,0.0017719189823029644,GBPCAD_merged,-33.779026415154405
2023-04-24 02:00:00,2023-04-24 13:00:00,-1.1,30.0,0.6491886792953401,9274.12398993343,-1,1.6841,1.689547738250517,1.6775627140993792,1.65798,1.68651,64.6318484164681,0.0017719189823029644,GBPCAD_merged,-33.64918867929534
2023-04-24 02:00:00,2023-04-24 13:00:00,-1.1,30.0,0.7213207547726,10304.582211037145,-1,1.6841,1.6890029644254654,1.6777261462468946,1.60713,1.68651,64.6318484164681,0.0017719189823029644,GBPCAD_merged,-33.7213207547726
2023-04-24 03:00:00,2023-04-24 13:00:00,-1.1130260005832933,60.0,1.996418592120007,28520.26560171439,-1,1.68452,1.688063837964606,1.6792042430530911,1.60713,1.68651,64.34954296630801,0.0017867819121384736,GBPCAD_merged,-68.7779786271176
2023-04-23 23:00:00,2023-04-24 19:00:00,-1.1,30.0,0.6135658074404412,8765.225820577733,-1,1.68536,1.6911283396908383,1.6790148263400777,1.60713,1.68651,68.29509952766783,0.0019120053197265743,GBPCAD_merged,-33.613565807440445
2023-04-25 00:00:00,2023-04-25 07:00:00,1.5,30.0,0.9074067216512354,12962.953166446221,-1,1.10528,1.1078379356473977,1.1014430965289035,1.05158,1.10327,66.85925755312654,0.0012454701220060847,EURUSD_merged,44.092593278348765
2023-04-24 23:00:00,2023-04-25 07:00:00,1.3,30.0,0.7898906380644072,11284.151972348674,-1,1.10539,1.108328785305379,1.1015695791030076,1.05158,1.08044,65.89241361007356,0.0012789678236988624,EURUSD_merged,38.210109361935594
2023-04-24 23:00:00,2023-04-25 09:00:00,1.2,30.0,0.5792531345805652,8275.04477972236,-1,1.10539,1.109397434507335,1.1005810785911982,1.05158,1.08044,65.89241361007356,0.0012789678236988624,EURUSD_merged,35.42074686541943
2023-04-24 23:00:00,2023-04-25 09:00:00,1.1,30.0,0.5992273806005847,8560.391151436925,-1,1.10539,1.1092638533570904,1.1011287613072007,1.05158,1.10327,67.5713769460897,0.0012789678236988624,EURUSD_merged,32.40077261939942
2023-04-25 13:00:00,2023-04-26 02:00:00,-1.1,30.0,0.8237234589249545,11767.477984642208,-1,1.49528,1.4990920657679194,1.4903243145017047,1.45785,1.49377,68.21805665261803,0.00174684594100495,EURCAD_merged,-33.82372345892495
2023-04-25 13:00:00,2023-04-26 02:00:00,-1.1,30.0,0.8237234589249545,11767.477984642208,-1,1.49528,1.4990920657679194,1.4899431079249128,1.42373,1.49377,67.74944368125068,0.00174684594100495,EURCAD_merged,-33.82372345892495
2023-04-25 13:00:00,2023-04-26 03:00:00,-1.1,30.0,0.6040638698783001,8629.483855404287,-1,1.49528,1.5004782715017082,1.48904207419795,1.45785,1.49377,68.21805665261803,0.00174684594100495,EURCAD_merged,-33.6040638698783
2023-04-25 13:00:00,2023-04-26 03:00:00,-1.1,30.0,0.624893658494793,8927.052264211328,-1,1.49528,1.5003049957849846,1.4897525046365168,1.42373,1.49377,67.74944368125068,0.00174684594100495,EURCAD_merged,-33.62489365849479
2023-04-24 05:00:00,2023-04-26 03:00:00,-1.1,29.999999999999996,0.6715312243198723,9593.303204569605,-1,1.7909,1.7965004692913706,1.782499296062944,1.69693,1.7039,63.68955751235658,0.0027316464567078195,EURNZD_merged,-33.67153122431987
2023-04-24 05:00:00,2023-04-26 04:00:00,-1.1,30.0,0.537224979455898,7674.642563655686,-1,1.7909,1.7979005866142133,1.7810991787401012,1.69693,1.71069,63.37578962208838,0.0027316464567078195,EURNZD_merged,-33.5372249794559
2023-04-24 05:00:00,2023-04-26 04:00:00,-1.1,30.0,0.4476874828799149,6395.535469713071,-1,1.7909,1.7993007039370559,1.7808191552755328,1.7167,1.71069,63.37578962208838,0.0027316464567078195,EURNZD_merged,-33.447687482879914
2023-04-24 05:00:00,2023-04-26 04:00:00,-1.1,30.0,0.4974305365332388,7106.1505219034125,-1,1.7909,1.7984606335433504,1.7810711763936444,1.7167,1.71069,63.37578962208838,0.0027316464567078195,EURNZD_merged,-33.49743053653324
2023-04-24 15:00:00,2023-04-26 04:00:00,-1.1,30.0,0.46516482754020416,6645.211822002917,-1,1.79205,1.8001402612949056,1.7831507125756036,1.69693,1.7039,60.50696697767601,0.0027619063259550244,EURNZD_merged,-33.46516482754021
2023-04-24 05:00:00,2023-04-26 04:00:00,-1.1,29.999999999999996,0.610482931199884,8721.184731426914,-1,1.7909,1.7970605162205078,1.78289132891334,1.7167,1.71069,63.37578962208838,0.0027316464567078195,EURNZD_merged,-33.61048293119988
2023-04-26 09:00:00,2023-04-26 09:00:00,-1.1,29.999999999999996,0.7764896822583937,11092.709746548482,-1,1.50614,1.510213323924667,1.5004373465054666,1.42373,1.49377,79.08675075803137,0.0022356886695022054,EURCAD_merged,-33.77648968225839
2023-04-26 09:00:00,2023-04-26 09:00:00,-1.1,30.0,0.7508617507542168,10726.596439345954,-1,1.69946,1.7042130267674644,1.6928057625255497,1.60713,1.68651,75.03458341215568,0.002455433375877854,GBPCAD_merged,-33.75086175075422
2023-04-26 13:00:00,2023-04-28 03:00:00,-1.1,30.000000000000004,0.6222103541150322,8888.719344500461,-1,1.69714,1.7028679567535792,1.6896936562203473,1.65798,1.68651,64.75115695662141,0.0026183583700171223,GBPCAD_merged,-33.62221035411504
2023-05-02 08:00:00,2023-05-03 04:00:00,1.5,15.0,0.16452197995951826,2350.3139994216895,-1,85.344,85.88867615829841,84.52698576255237,80.475,83.874,70.10964275835883,0.1766616680447489,NZDJPY_merged,22.335478020040483
2023-05-07 18:00:00,2023-05-08 07:00:00,-1.1,15.0,0.18012501796338934,2573.2145423341335,-1,100.781,101.36848113502761,100.13477075146965,94.064,100.595,73.03454257651579,0.24029924867139563,CADJPY_merged,-16.68012501796339
2023-05-17 18:00:00,2023-05-18 19:00:00,-1.1082867252415607,60.0,0.6304280421488966,9006.11488784138,-1,85.897,86.46925785637688,85.0386132154347,81.554,83.874,63.34102353224305,0.18612743173570084,NZDJPY_merged,-67.12763155664253
2023-05-19 13:00:00,2023-05-22 19:00:00,-1.1,30.0,0.3461522758949477,4945.032512784967,-1,86.691,87.21692778576805,85.90210832134794,81.554,83.874,61.56818683585124,0.18628717178534743,NZDJPY_merged,-33.346152275894944
2023-05-24 05:00:00,2023-05-24 09:00:00,-1.1,15.0,0.2172879595165904,3104.113707379863,1,0.65791,0.6547307833441998,0.6623609033181204,0.65728,0.68057,33.05231597615915,0.0012140059485000972,AUDUSD_merged,-16.71728795951659
2023-05-24 05:00:00,2023-05-24 09:00:00,-1.1,15.0,0.2567948612468796,3668.498017812566,1,0.65791,0.6552198935989382,0.6611381276812741,0.65728,0.68176,28.81532146152143,0.0012140059485000972,AUDUSD_merged,-16.75679486124688
2023-05-24 05:00:00,2023-05-24 09:00:00,-1.1,15.000000000000002,0.245629867279624,3508.9981039946288,1,0.65791,0.6550976160352536,0.6612848607576957,0.65728,0.68057,28.81532146152143,0.0012140059485000972,AUDUSD_merged,-16.74562986727963
2023-05-24 05:00:00,2023-05-24 10:00:00,-1.1,15.000000000000002,0.19480989473901208,2782.9984962716017,1,0.65791,0.6543639506531458,0.6625198641509104,0.65728,0.68057,30.677008552348337,0.0012140059485000972,AUDUSD_merged,-16.694809894739016
2023-05-24 05:00:00,2023-05-24 10:00:00,-1.1,15.0,0.2017673909796911,2882.3912997098732,1,0.65791,0.6544862282168304,0.6623609033181204,0.65728,0.68057,29.768854919092043,0.0012140059485000972,AUDUSD_merged,-16.70176739097969
2023-05-24 18:00:00,2023-05-25 08:00:00,-1.1,15.000000000000002,0.2303893864294571,3291.276948992245,1,0.65445,0.65146734307014,0.6589239853947899,0.65728,0.68057,28.3573546851116,0.0012577496921794813,AUDUSD_merged,-16.73038938642946
2023-05-24 14:00:00,2023-05-25 11:00:00,-1.1,15.0,0.18880605971671452,2697.2294245244934,1,0.65406,0.6504226008559766,0.659516098716035,0.65728,0.68057,23.04536885490388,0.0013281002347170247,AUDUSD_merged,-16.688806059716715
2023-05-24 18:00:00,2023-05-25 11:00:00,-1.1795743780533139,15.0,0.21195823551510048,3027.9747930728645,1,0.65445,0.6512079815979783,0.6589888257628304,0.65728,0.68057,30.18940786758314,0.0012577496921794813,AUDUSD_merged,-17.90557390631481
2023-06-01 02:00:00,2023-06-01 09:00:00,-1.1,15.0,0.3179384658873346,4541.9780841047805,-1,1.13187,1.1356080299256432,1.1262629551115348,1.10287,1.12765,71.37468145494739,0.0012734378341276947,GBPCHF_merged,-16.817938465887334
2023-06-04 23:00:00,2023-06-05 10:00:00,1.1,15.0,0.27069599275846234,3867.085610835177,-1,104.29,104.69452944605541,103.84501760933905,97.554,101.803,68.50878622542528,0.16387151186667703,CADJPY_merged,16.229304007241538
2023-06-04 23:00:00,2023-06-05 10:00:00,1.3,15.0,0.22402426986907228,3200.3467124153185,-1,104.29,104.77880641398363,103.6545516618213,97.554,101.803,67.96999646642838,0.16387151186667703,CADJPY_merged,19.275975730130927
2023-06-06 02:00:00,2023-06-06 10:00:00,-1.2779683084813473,15.0,0.28915723987711733,4130.817712530248,-1,1.0941,1.0980729421974293,1.088537880923599,1.05867,1.09302,67.64943922442932,0.0016206642447594865,AUDNZD_merged,-19.458681867097326
2023-06-06 02:00:00,2023-06-06 10:00:00,-1.1154899211046099,60.0,0.9970939306107494,14244.199008724992,-1,1.0941,1.0987086129490182,1.0881088031662767,1.0559,1.09302,68.65856592575936,0.0016206642447594865,AUDNZD_merged,-67.92648919688733
2023-06-06 18:00:00,2023-06-07 07:00:00,-1.1710737144296424,30.0,0.5047944132089309,7211.348760127585,-1,1.09745,1.1020155120969932,1.0915148342739087,1.0559,1.09302,66.91725060225241,0.0015061491936185435,AUDNZD_merged,-35.637005846098205
2023-06-06 16:00:00,2023-06-07 07:00:00,-1.193629794559721,30.0,0.5947927458850587,8497.039226929412,-1,1.0981,1.1019769975188058,1.0938353027293137,1.0559,1.07607,67.13993623855802,0.0015743145162045802,AUDNZD_merged,-36.403686582676684
2023-06-07 16:00:00,2023-06-09 09:00:00,1.2,15.0,0.2724880940925077,3892.687058464396,-1,2.05926,2.0671951099988464,2.0497378680013845,1.97455,2.03918,72.52016172896124,0.003295044409472078,GBPNZD_merged,17.72751190590749
2023-06-07 16:00:00,2023-06-09 09:00:00,1.1,30.0,0.5222688470106397,7460.983528723425,-1,2.05926,2.067540114781405,2.0501518737404547,1.97455,2.03918,70.30199466319618,0.003295044409472078,GBPNZD_merged,32.477731152989364
2023-06-12 01:00:00,2023-06-12 05:00:00,1.2,60.0,2.5124121914512862,35891.60273501838,1,0.85443,0.8530016491855077,0.8561440209773908,0.8729,0.88732,31.51662057059755,0.000620234800882012,EURGBP_merged,69.48758780854871
2023-06-12 01:00:00,2023-06-12 07:00:00,1.3,15.0,0.4981506931325824,7116.438473322607,1,0.85443,0.8526290359295531,0.856771253291581,0.87178,0.88732,32.455592781731106,0.000620234800882012,EURGBP_merged,19.001849306867417
2023-06-09 15:00:00,2023-06-12 09:00:00,1.1,30.0,0.922904639016326,13184.351985947516,1,0.85474,0.8527951035024451,0.8568793861473104,0.86608,0.88732,24.675123313282153,0.0007953468591730208,EURGBP_merged,32.07709536098368
2023-06-09 15:00:00,2023-06-12 09:00:00,1.3,15.0,0.3955305595784255,5650.436565406078,1,0.85474,0.852470954086186,0.8576897596879582,0.87178,0.88732,24.675123313282153,0.0007953468591730208,EURGBP_merged,19.104469440421575
2023-06-09 15:00:00,2023-06-12 09:00:00,1.5,15.0,0.4815154638346049,6878.792340494357,1,0.85474,0.85287614085651,0.8575357887152352,0.8729,0.88732,24.675123313282153,0.0007953468591730208,EURGBP_merged,22.018484536165396
2023-06-12 02:00:00,2023-06-12 09:00:00,1.4,15.000000000000002,0.5566083749645285,7951.5482137789795,1,0.85485,0.8532373895177068,0.8571076546752106,0.87178,0.88732,33.663654186483406,0.0006237894579618726,EURGBP_merged,20.44339162503547
2023-06-12 21:00:00,2023-06-13 09:00:00,-1.1,30.000000000000004,0.48684047084588905,6954.863869226987,-1,0.61316,0.6158048828252974,0.6091926757620539,0.58592,0.60505,67.25532343486638,0.0008865113506872964,AUDCHF_merged,-33.4868404708459
2023-06-07 14:00:00,2023-06-14 15:00:00,1.5,15.0,0.2631542358492733,3759.3462264181903,-1,1.10144,1.1058348067043937,1.0948477899434093,1.05867,1.09302,67.45189787910854,0.0014181544561218727,AUDNZD_merged,22.236845764150726
2023-06-13 19:00:00,2023-06-14 19:00:00,-1.1,60.0,1.2354336184168189,17649.051691668843,-1,151.253,151.76720213156742,150.48169680264883,146.13,151.066,68.65227593085571,0.2135257052912012,EURJPY_merged,-67.23543361841682
2023-06-13 19:00:00,2023-06-14 19:00:00,-1.1,60.0,1.2354336184168189,17649.051691668843,-1,151.253,151.76720213156742,150.63595744211906,146.13,151.066,69.33309146589795,0.2135257052912012,EURJPY_merged,-67.23543361841682
2023-06-13 19:00:00,2023-06-14 19:00:00,-1.1,59.99999999999999,1.1839572176494513,16913.674537849307,-1,151.253,151.78955874598338,150.66278537941824,148.608,151.066,68.65227593085571,0.2135257052912012,EURJPY_merged,-67.18395721764945
2023-06-13 18:00:00,2023-06-14 21:00:00,-1.1,30.0,0.4003949552639157,5719.927932341654,-1,94.833,95.33038214076332,94.08692678885502,86.063,92.434,70.18233315337658,0.16066590071245662,AUDJPY_merged,-33.40039495526391
2023-06-14 15:00:00,2023-06-14 21:00:00,1.1,30.0,0.426690734337401,6095.581919105729,-1,0.68064,0.6839898360404277,0.6769551803555295,0.64625,0.68176,55.53167162443612,0.0014910675156416821,AUDUSD_merged,32.5733092656626
2023-06-13 14:00:00,2023-06-15 04:00:00,-1.1,30.000000000000004,0.5449282525787883,7784.68932255412,-1,1.14073,1.1451260521200057,1.1350151322439925,1.11336,1.12765,70.21120015904557,0.0014926028955683387,GBPCHF_merged,-33.54492825257879
2023-06-14 15:00:00,2023-06-15 09:00:00,-1.1,60.0,0.7877367403152018,11253.382004502884,-1,0.68064,0.6842689890437967,0.6755594153386846,0.65728,0.68176,56.882646418707395,0.0014910675156416821,AUDUSD_merged,-66.7877367403152
2023-06-15 07:00:00,2023-06-15 22:00:00,-1.1,60.0,0.9321110012119989,13315.8714458857,-1,178.788,179.5936010486129,177.74071863680325,158.254,172.324,74.22224280234948,0.2880207559175412,GBPJPY_merged,-66.932111001212
2023-06-15 07:00:00,2023-06-15 22:00:00,-1.1,15.0,0.2965807731129087,4236.868187327267,-1,178.788,179.42097225248156,178.02843329702213,167.834,172.324,74.4861770942109,0.2880207559175412,GBPJPY_merged,-16.796580773112908
2023-06-18 19:00:00,2023-06-20 07:00:00,1.5,15.0,0.13405200056740704,1915.0285795343866,-1,88.437,89.1297076776695,87.39793848349574,81.554,87.305,69.87032966317479,0.2280523764215133,NZDJPY_merged,22.365947999432592
2023-06-16 06:00:00,2023-06-22 03:00:00,-1.1,15.0,0.1611494586295922,2302.135123279889,-1,158.073,159.10295474767003,156.528067878495,140.222,153.958,68.45977597646173,0.33772408856452524,CHFJPY_merged,-16.66114945862959
2023-06-19 01:00:00,2023-06-22 20:00:00,-1.1,30.0,0.34127114349857474,4875.302049979639,-1,181.296,182.4115985709691,179.62260214354635,158.254,172.324,71.5832713383202,0.37166146244281606,GBPJPY_merged,-33.341271143498574
2023-06-22 22:00:00,2023-06-23 08:00:00,1.2,60.0,1.061938981505632,15170.556878651885,-1,108.578,109.00742919314766,108.06268496822283,97.554,101.803,66.99875011315662,0.18087203450060405,CADJPY_merged,70.93806101849437
2023-06-22 22:00:00,2023-06-23 08:00:00,1.1,30.0,0.5088457619714486,7269.225171020695,-1,108.578,109.02610002763234,108.08508996960444,97.554,101.803,66.7846306394457,0.18087203450060405,CADJPY_merged,32.49115423802855
2023-06-22 22:00:00,2023-06-23 10:00:00,-1.1,30.0,0.530969490752816,7585.278439325943,-1,108.578,109.00742919314766,107.93385621027853,97.554,101.803,66.7846306394457,0.18087203450060405,CADJPY_merged,-33.53096949075282
2023-06-28 13:00:00,2023-06-30 01:00:00,1.2,90.0,1.390292729192524,19861.324702750346,-1,1.79262,1.8007431137607686,1.7828722634870782,1.71663,1.78364,64.14573242134901,0.0035223751208071103,EURNZD_merged,106.60970727080748
2023-06-28 13:00:00,2023-06-30 01:00:00,1.1,60.0,0.8882425769841125,12689.179671201608,-1,1.79262,1.8010962926199323,1.7832960781180747,1.74087,1.78364,63.95080323646174,0.0035223751208071103,EURNZD_merged,65.11175742301589
2023-06-28 13:00:00,2023-06-30 11:00:00,1.5,15.0,0.23171545486542067,3310.220783791724,-1,1.79262,1.8007431137607686,1.7804353293588475,1.71663,1.78364,63.95080323646174,0.0035223751208071103,EURNZD_merged,22.26828454513458
2023-06-28 13:00:00,2023-06-30 11:00:00,1.4,15.0,0.21317821847618698,3045.403121088386,-1,1.79262,1.801449471479096,1.7802587399292655,1.71663,1.78364,63.03989567293636,0.0035223751208071103,EURNZD_merged,20.786821781523813
2023-06-28 13:00:00,2023-06-30 13:00:00,1.3,15.0,0.18377432627257495,2625.3475181796425,-1,1.79262,1.8028621869157515,1.7793051570095233,1.71663,1.78364,63.677359595951465,0.0035223751208071103,EURNZD_merged,19.316225673727423
2023-06-28 13:00:00,2023-06-30 13:00:00,1.5,15.0,0.19738723932980276,2819.817704711468,-1,1.79262,1.8021558291974238,1.7783162562038646,1.71663,1.78364,63.95080323646174,0.0035223751208071103,EURNZD_merged,22.302612760670197
2023-06-28 13:00:00,2023-06-30 13:00:00,1.4,30.0,0.4099581124542057,5856.544463631511,-1,1.79262,1.80180265033826,1.7797642895264363,1.71663,1.78364,62.71341554025575,0.0035223751208071103,EURNZD_merged,41.590041887545794
2023-07-05 04:00:00,2023-07-05 23:00:00,1.1,15.0,0.27359417639978995,3908.488234282714,-1,89.492,89.83545248585516,89.11420226555934,83.52,87.305,57.050232738405,0.15623237006574303,NZDJPY_merged,16.22640582360021
2023-07-07 11:00:00,2023-07-10 07:00:00,1.1,60.0,1.369764181675529,19568.059738221844,-1,1.70509,1.7103181831396992,1.6993389985463307,1.66057,1.69778,68.05914734365219,0.00245290002534444,GBPCAD_merged,64.63023581832446
2023-07-09 19:00:00,2023-07-10 14:00:00,-1.1,15.0,0.26896059400074074,3842.2942000105827,1,0.88883,0.8853600809084419,0.8933408948190257,0.89012,0.91449,28.289368607437158,0.001458756154976905,USDCHF_merged,-16.768960594000742
2023-07-09 19:00:00,2023-07-10 14:00:00,-1.1,14.999999999999998,0.29457588866747786,4208.22698096397,1,0.88883,0.8856618130033599,0.8926318243959681,0.89012,0.91449,29.543485466097177,0.001458756154976905,USDCHF_merged,-16.794575888667477
2023-07-09 19:00:00,2023-07-10 14:00:00,-1.1200365919353767,15.0,0.3436718701120576,4909.598144457966,1,0.88883,0.8861144111457371,0.8923602655105418,0.89012,0.91449,30.686304811413518,0.001458756154976905,USDCHF_merged,-17.144220749142708
2023-07-09 19:00:00,2023-07-10 16:00:00,-1.1,15.0,0.2577539025840432,3682.1986083434745,1,0.88883,0.8852092148609828,0.8924507851390172,0.89012,0.91449,29.543485466097177,0.001458756154976905,USDCHF_merged,-16.757753902584042
2023-07-09 19:00:00,2023-07-10 18:00:00,-1.1,15.0,0.2474437464806815,3534.9106640097357,1,0.88883,0.8850583488135237,0.8926016511864763,0.89012,0.91449,30.686304811413518,0.001458756154976905,USDCHF_merged,-16.74744374648068
2023-07-09 19:00:00,2023-07-10 20:00:00,-1.1,15.0,0.2291145800747051,3273.065429638644,1,0.88883,0.8847566167186056,0.8937180599376733,0.89012,0.91449,26.91579860261276,0.001458756154976905,USDCHF_merged,-16.729114580074704
2023-07-09 20:00:00,2023-07-10 21:00:00,-1.1,15.0,0.2132933588238577,3047.0479831979674,1,0.88898,0.8846037315350693,0.8933562684649307,0.89012,0.91449,28.93410680696967,0.001438130715335698,USDCHF_merged,-16.713293358823858
2023-07-11 02:00:00,2023-07-11 02:00:00,-1.1,60.0,1.3077721412759333,18682.459161084764,-1,1.28682,1.2909527107600924,1.2822740181638985,1.23085,1.28481,66.56980089813791,0.0019977714248819852,GBPUSD_merged,-67.30777214127593
2023-07-11 06:00:00,2023-07-11 10:00:00,-1.1,15.0,0.4340866115725807,6201.237308179725,1,0.97143,0.9690802350618353,0.9740147414319813,0.97227,0.98413,33.940710332038876,0.0009349160493445774,EURCHF_merged,-16.93408661157258
2023-07-11 09:00:00,2023-07-11 20:00:00,-1.1,30.0,0.5282596660617521,7546.566658025031,-1,1.28963,1.2947566889637632,1.2839906421398606,1.23085,1.28481,64.0336905123047,0.002231209830090714,GBPUSD_merged,-33.52825966606175
2023-07-11 04:00:00,2023-07-12 08:00:00,-1.1,60.00000000000001,1.5712027086960498,22445.75298137214,-1,1.1008,1.1037425611185694,1.0975631827695735,1.06355,1.10081,62.56340760855047,0.0012829905137081675,EURUSD_merged,-67.57120270869606
2023-07-11 22:00:00,2023-07-12 09:00:00,-1.1,15.0,0.501410300536235,7163.004293374786,1,0.96826,0.9662323731265339,0.970895914935506,0.96717,0.98413,30.58494127409046,0.0008486071228279558,EURCHF_merged,-17.001410300536236
2023-07-11 22:00:00,2023-07-12 09:00:00,-1.1,15.0,0.38441456374444677,5491.6366249206685,1,0.96826,0.9656152692954789,0.9709047307045211,0.96717,0.98413,30.2017216835501,0.0008486071228279558,EURCHF_merged,-16.884414563744446
2023-07-13 02:00:00,2023-07-13 09:00:00,-1.1,15.0,0.16459137938430768,2351.3054197758242,-1,0.63264,0.6366758857340212,0.6286041142659787,0.59877,0.6247,74.71472961994145,0.0017307891232820301,NZDUSD_merged,-16.66459137938431
2023-07-14 03:00:00,2023-07-14 11:00:00,-1.1,15.0,0.2646009248552711,3780.0132122181585,-1,0.83721,0.8405322502925144,0.8335555246782342,0.80196,0.82832,62.10628908485547,0.0014534240311393591,NZDCAD_merged,-16.76460092485527
2023-07-13 23:00:00,2023-07-14 13:00:00,-1.4084782918392997,15.0,0.29884883442415994,4269.269063202285,1,0.65473,0.6524296179311703,0.6572604202757127,0.66185,0.68312,25.136915134635064,0.0009651542513908821,CADCHF_merged,-21.426023212013657
2023-07-14 03:00:00,2023-07-18 13:00:00,1.1,15.0,0.30051411898569275,4293.058842652754,-1,1.30983,1.3144065620086074,1.304795781790532,1.25973,1.28481,66.67915940296395,0.0019712517426054123,GBPUSD_merged,16.199485881014308
2023-07-18 12:00:00,2023-07-18 18:00:00,1.0,15.0,0.22518449532615487,3216.9213618022127,-1,2.07499,2.084665353078125,2.065314646921875,1.97455,2.07329,60.06008977335664,0.004053440179036567,GBPNZD_merged,14.774815504673844
2023-07-18 12:00:00,2023-07-18 18:00:00,1.4,15.0,0.3602951925218478,5147.07417888354,-1,2.07499,2.081037095673828,2.0665240660566404,1.97455,2.07329,60.06008977335664,0.004053440179036567,GBPNZD_merged,20.639704807478154
2023-07-18 12:00:00,2023-07-19 09:00:00,1.3,15.0,0.23497512555772687,3356.787507967527,-1,2.07499,2.0842622133665367,2.0629361226235026,2.03569,2.07329,60.270115559460194,0.004053440179036567,GBPNZD_merged,19.265024874442272
2023-07-18 12:00:00,2023-07-19 09:00:00,1.2,15.0,0.20016399584547098,2859.4856549353,-1,2.07499,2.085874772212891,2.061928273344531,1.97455,2.07329,60.31996822061364,0.004053440179036567,GBPNZD_merged,17.79983600415453
2023-07-18 12:00:00,2023-07-19 09:00:00,1.2,15.0,0.257353708944177,3676.4815563453853,-1,2.07499,2.08345593394336,2.0648308792679684,1.97455,2.07329,60.06008977335664,0.004053440179036567,GBPNZD_merged,17.742646291055824
2023-07-18 12:00:00,2023-07-19 09:00:00,1.0,15.0,0.1801475962609239,2573.53708944177,-1,2.07499,2.0870841913476568,2.0628958086523435,2.03569,2.07329,60.11433023643356,0.004053440179036567,GBPNZD_merged,14.819852403739077
2023-07-14 03:00:00,2023-07-19 21:00:00,-1.1,30.0,0.5742453002411061,8203.50428915866,1,0.85968,0.8565361727901961,0.8631382099307843,0.89012,0.90164,24.962014364434147,0.001391389867312141,USDCHF_merged,-33.5742453002411
2023-07-19 15:00:00,2023-07-20 02:00:00,-1.1,29.999999999999996,0.8162804249094222,11661.148927277462,1,1.11019,1.1073338749125232,1.1141885751224674,1.11336,1.15044,31.477736081118497,0.0018459345779618134,GBPCHF_merged,-33.81628042490942
2023-07-19 15:00:00,2023-07-20 02:00:00,-1.1,14.999999999999998,0.34011684371225925,4858.812053032276,1,1.11019,1.1067626498950278,1.1146455551364638,1.11336,1.15044,31.46534929687191,0.0018459345779618134,GBPCHF_merged,-16.84011684371226
2023-07-19 14:00:00,2023-07-20 03:00:00,-1.1,60.0,1.8574947040871137,26535.638629815912,-1,0.86641,0.8683690483848988,0.8636673322611417,0.85152,0.86538,67.01388099923147,0.001256315666842136,EURGBP_merged,-67.85749470408712
2023-07-19 14:00:00,2023-07-20 07:00:00,-1.1,30.0,0.6057047948110155,8652.925640157364,-1,0.86641,0.8694138741901782,0.8625049635527683,0.85152,0.86538,66.64820521025777,0.001256315666842136,EURGBP_merged,-33.60570479481102
2023-07-19 14:00:00,2023-07-20 07:00:00,-1.1,60.0,1.3267819314907952,18954.027592725648,-1,0.86641,0.8691526677388584,0.8631187987133699,0.85152,0.86538,67.01388099923147,0.001256315666842136,EURGBP_merged,-67.3267819314908
2023-07-19 15:00:00,2023-07-20 12:00:00,1.2,30.0,0.5830574463638731,8329.392090912474,1,1.11019,1.1061914248775326,1.114988290146961,1.11336,1.15044,31.477736081118497,0.0018459345779618134,GBPCHF_merged,35.416942553636126
2023-07-19 15:00:00,2023-07-20 12:00:00,1.0,60.0,1.020350531136778,14576.43615909683,1,1.11019,1.1056201998600372,1.1147598001399628,1.11336,1.15044,31.477736081118497,0.0018459345779618134,GBPCHF_merged,58.97964946886322
2023-07-19 15:00:00,2023-07-20 12:00:00,1.0,30.0,0.48976825494565335,6996.689356366477,1,1.11019,1.105429791520872,1.114950208479128,1.11336,1.15044,31.46534929687191,0.0018459345779618134,GBPCHF_merged,29.510231745054348
2023-07-19 15:00:00,2023-07-21 01:00:00,1.1,30.0,0.4709310143708206,6727.585919583152,1,1.11019,1.105239383181707,1.1156356785001225,1.13145,1.14527,31.8197551953806,0.0018459345779618134,GBPCHF_merged,32.52906898562918
2023-07-19 15:00:00,2023-07-21 02:00:00,1.2,60.0,0.9069782498993582,12956.832141419403,1,1.11019,1.1050489748425418,1.1163592301889498,1.11336,1.15044,31.943283540850153,0.0018459345779618134,GBPCHF_merged,71.09302175010065
2023-07-19 15:00:00,2023-07-21 02:00:00,1.0,59.99999999999999,0.8162804249094222,11661.148927277462,1,1.11019,1.1044777498250464,1.1159022501749536,1.11336,1.15044,32.56568526044478,0.0018459345779618134,GBPCHF_merged,59.18371957509057
2023-07-19 15:00:00,2023-07-21 02:00:00,1.3,29.999999999999996,0.5323567988539711,7605.097126485302,1,1.11019,1.1058106081992023,1.1158832093410371,1.11336,1.15044,31.615095203161783,0.0018459345779618134,GBPCHF_merged,38.46764320114603
2023-07-19 14:00:00,2023-07-24 03:00:00,1.0,15.000000000000002,0.2786242056130671,3980.3457944723873,-1,0.86641,0.8696750806414981,0.8631449193585019,0.85152,0.86538,67.22369764348934,0.001256315666842136,EURGBP_merged,14.721375794386935
2023-07-21 06:00:00,2023-07-24 03:00:00,1.0,60.0,0.7675456658769342,10964.938083956204,-1,157.615,158.4774672503931,156.75253274960693,146.13,157.989,68.49153436986526,0.34840697187827363,EURJPY_merged,59.23245433412306
2023-07-19 14:00:00,2023-07-24 03:00:00,1.0,30.0,0.580467095027223,8292.387071817473,-1,0.86641,0.8695444774158382,0.8632755225841618,0.85152,0.86538,67.01388099923147,0.001256315666842136,EURGBP_merged,29.419532904972776
2023-07-19 14:00:00,2023-07-24 03:00:00,1.1,15.0,0.2679078900125645,3827.255571608064,-1,0.86641,0.869805683867158,0.8626747477461262,0.85152,0.86538,67.25222358523892,0.001256315666842136,EURGBP_merged,16.232092109987434
2023-07-21 06:00:00,2023-07-24 03:00:00,1.2,30.0,0.43859752335824814,6265.678905117831,-1,157.615,158.36965884409395,156.70940938708728,146.13,157.989,68.49153436986526,0.34840697187827363,EURJPY_merged,35.56140247664175
2023-07-19 14:00:00,2023-07-24 03:00:00,1.0,30.0,0.4643736760217784,6633.909657453978,-1,0.86641,0.8703280967697977,0.8624919032302023,0.85152,0.86538,65.1853742553083,0.001256315666842136,EURGBP_merged,29.53562632397822
2023-07-19 14:00:00,2023-07-24 03:00:00,1.2,60.00000000000001,1.0319415022706186,14742.02146100884,-1,0.86641,0.8699362870928179,0.8621784554886185,0.85152,0.86538,66.06915784469591,0.001256315666842136,EURGBP_merged,70.96805849772939
2023-07-21 06:00:00,2023-07-24 05:00:00,1.3,30.0,0.40045860828361785,5720.8372611945415,-1,157.615,158.44153111496004,156.54050955055197,146.13,157.989,69.45244429250066,0.34840697187827363,EURJPY_merged,38.59954139171638
2023-07-21 06:00:00,2023-07-24 05:00:00,1.0,60.0,0.6140365327015473,8771.950467164963,-1,157.615,158.69308406299135,156.53691593700867,146.13,157.989,71.83324281907473,0.34840697187827363,EURJPY_merged,59.38596346729845
2023-08-01 14:00:00,2023-08-02 01:00:00,-1.1,90.00000000000001,1.077001402163451,15385.734316620732,1,0.57886,0.5754739152719074,0.5822460847280927,0.58777,0.61683,27.628796136722244,0.0010845024158381929,AUDCHF_merged,-100.07700140216348
2023-08-01 20:00:00,2023-08-02 02:00:00,-1.1,59.99999999999999,0.989155985456976,14130.799792242517,1,0.57741,0.5749582916388767,0.5805972208694602,0.58777,0.61683,28.708358163959808,0.0010633915743665373,AUDCHF_merged,-66.98915598545697
2023-08-02 04:00:00,2023-08-02 10:00:00,-1.1,30.0,0.5557952614464802,7939.9323063782895,1,0.87553,0.8722219239375757,0.8798304988811517,0.87389,0.90495,36.23981463724031,0.0014584158015999002,AUDCAD_merged,-33.55579526144648
2023-08-02 04:00:00,2023-08-02 10:00:00,-1.1,60.0,1.217456286978004,17392.232671114343,1,0.87553,0.8725095827256125,0.879154500729265,0.87389,0.90495,36.27938969679384,0.0014584158015999002,AUDCAD_merged,-67.217456286978
2023-08-02 04:00:00,2023-08-02 10:00:00,-1.1,60.0,0.8522194008846029,12174.562869780042,1,0.87553,0.8712151181794465,0.8798448818205535,0.87389,0.90495,36.88053967906783,0.0014584158015999002,AUDCAD_merged,-66.85221940088461
2023-08-02 04:00:00,2023-08-02 10:00:00,-1.1,90.0,1.5979113766586308,22827.30538083758,1,0.87553,0.8720780945435572,0.8789819054564428,0.87389,0.90495,36.27938969679384,0.0014584158015999002,AUDCAD_merged,-100.59791137665864
2023-08-01 20:00:00,2023-08-02 10:00:00,-1.1,90.0,1.2639215369728027,18056.021956754324,1,0.57741,0.5745319075760726,0.5808637109087128,0.58777,0.61683,26.91733076212336,0.0010633915743665373,AUDCHF_merged,-100.26392153697282
2023-08-02 05:00:00,2023-08-03 21:00:00,1.3,15.0,0.3342798377024968,4775.426252892812,-1,1.94208,1.948180230316059,1.9341497005891235,1.85069,1.93919,65.30940255809676,0.0032955156392367093,GBPAUD_merged,19.165720162297504
2023-08-08 00:00:00,2023-08-08 07:00:00,1.0,30.0,0.5212141568073486,7445.916525819267,-1,163.942,164.60253117610782,163.2814688238922,158.472,155.532,75.31111676775278,0.21416441165242,CHFJPY_merged,29.47878584319265
2023-08-08 11:00:00,2023-08-08 13:00:00,1.4,30.0,1.0821560093269527,15459.37156181361,-1,1.34683,1.3494436185315453,1.3431709340558367,1.3092,1.33867,64.34936764239261,0.00177581147190898,USDCAD_merged,40.91784399067305
2023-08-08 11:00:00,2023-08-08 14:00:00,1.0,60.0,1.2985872111923435,18551.245874176337,-1,1.34683,1.3511860308859087,1.3424739691140912,1.3092,1.33867,64.08258730845205,0.00177581147190898,USDCAD_merged,58.70141278880766
2023-08-08 11:00:00,2023-08-08 14:00:00,1.3,60.0,1.8035933488782545,25765.619269689352,-1,1.34683,1.3499663422378543,1.3427527550907894,1.3092,1.33867,64.08258730845205,0.00177581147190898,USDCAD_merged,76.19640665112175
2023-08-08 11:00:00,2023-08-08 14:00:00,1.0,60.0,1.352695011658691,19324.214452267017,-1,1.34683,1.3510117896504723,1.3426482103495276,1.3092,1.33867,64.34936764239261,0.00177581147190898,USDCAD_merged,58.64730498834131
2023-08-08 11:00:00,2023-08-08 14:00:00,1.2,30.0,0.7729685780906805,11042.408258438294,-1,1.34683,1.3504890659441633,1.342439120867004,1.3092,1.33867,64.34936764239261,0.00177581147190898,USDCAD_merged,35.22703142190932
2023-08-08 11:00:00,2023-08-08 15:00:00,1.1,60.0,1.248641549223407,17837.736417477245,-1,1.34683,1.3513602721213451,1.3418467006665202,1.3092,1.33867,63.28338871645489,0.00177581147190898,USDCAD_merged,64.75135845077659
2023-08-08 11:00:00,2023-08-08 15:00:00,1.3,30.0,0.7057539191262735,10082.19884466105,-1,1.34683,1.3508375484150361,1.3416201870604532,1.3092,1.33867,64.58228138976584,0.00177581147190898,USDCAD_merged,38.29424608087373
2023-08-08 11:00:00,2023-08-08 15:00:00,1.0,60.0,1.0821560093269527,15459.37156181361,-1,1.34683,1.3520572370630906,1.3416027629369094,1.3092,1.33867,64.71280410898774,0.00177581147190898,USDCAD_merged,58.91784399067305
2023-08-08 05:00:00,2023-08-08 16:00:00,1.4,15.0,0.4877910161620052,6968.443088028646,-1,1.95403,1.9582361691011516,1.9481413632583875,1.885,1.93919,67.63185239861176,0.0028159618245224703,GBPAUD_merged,20.512208983837994
2023-08-08 11:00:00,2023-08-09 02:00:00,1.2,59.99999999999999,1.2023955659188361,17177.07951312623,-1,1.34683,1.3515345133567815,1.3411845839718621,1.3092,1.33867,64.7329944724341,0.00177581147190898,USDCAD_merged,70.79760443408115
2023-08-10 08:00:00,2023-08-10 08:00:00,-1.1,30.0,1.1347414966258627,16210.592808940895,-1,158.405,158.6981509079285,157.9945887289001,151.401,158.046,75.63882706728995,0.22797437157477743,EURJPY_merged,-34.134741496625864
2023-08-10 08:00:00,2023-08-10 08:00:00,-1.1,60.0,1.6210592808940891,23157.98972705842,-1,158.405,158.8154112710999,157.91250647468016,146.13,158.046,75.63882706728995,0.22797437157477743,EURJPY_merged,-67.62105928089409
2023-08-10 08:00:00,2023-08-10 08:00:00,-1.1,60.0,1.8912358277097707,27017.654681568154,-1,158.405,158.7567810895142,157.94768458363157,151.401,158.046,74.65014946310696,0.22797437157477743,EURJPY_merged,-67.89123582770976
2023-08-10 08:00:00,2023-08-10 09:00:00,-1.1,90.0,1.9639756672370692,28056.795246243848,-1,158.405,158.91312824040938,157.84605893554968,151.401,158.046,71.94448308181993,0.22797437157477743,EURJPY_merged,-100.96397566723708
2023-08-10 08:00:00,2023-08-10 09:00:00,-1.1,60.0,1.4800976042946032,21144.251489922906,-1,158.405,158.85449805882368,157.82065252352922,151.401,158.046,76.65879123718997,0.22797437157477743,EURJPY_merged,-67.4800976042946
2023-08-10 08:00:00,2023-08-10 09:00:00,-1.1,90.0,1.8912358277097705,27017.654681568154,-1,158.405,158.9326716342713,157.77179403887448,151.401,158.046,77.68912465982181,0.22797437157477743,EURJPY_merged,-100.89123582770978
2023-08-11 00:00:00,2023-08-11 08:00:00,-1.1,30.0,0.9241157198543064,13201.653140775807,-1,1.82714,1.8312920709122933,1.8213271007227894,1.74785,1.80061,70.26988143034457,0.0027581867552291775,EURNZD_merged,-33.924115719854306
2023-08-11 00:00:00,2023-08-11 08:00:00,-1.1,60.0,1.5401928664238442,22002.755234626347,-1,1.82714,1.832122485094752,1.8206627693768225,1.74785,1.8069,69.36739633612011,0.0027581867552291775,EURNZD_merged,-67.54019286642385
2023-08-10 14:00:00,2023-08-14 12:00:00,-1.1,60.0,1.0503559770745978,15005.085386779969,-1,165.013,165.672828301192,164.2871888686888,158.814,161.621,68.72323463468108,0.25608153614000173,CHFJPY_merged,-67.0503559770746
2023-08-10 14:00:00,2023-08-14 20:00:00,-1.1,60.0,0.9103085134646514,13004.407335209306,-1,165.013,165.77434034752923,164.25165965247078,158.814,155.532,73.30141760705187,0.25608153614000173,CHFJPY_merged,-66.91030851346466
2023-08-14 12:00:00,2023-08-15 02:00:00,-1.1,60.0,1.7507979606167539,25011.3994373822,-1,145.3,145.6485610639991,144.8468706168012,137.237,145.067,62.88625386900386,0.18909896158682812,USDJPY_merged,-67.75079796061675
2023-08-14 12:00:00,2023-08-15 02:00:00,-1.1,30.0,0.7503419831214658,10719.171187449512,-1,145.3,145.7066545746656,144.8120145104013,137.237,145.067,62.76214629251209,0.18909896158682812,USDJPY_merged,-33.750341983121466
2023-08-14 12:00:00,2023-08-15 03:00:00,-1.1,90.0,1.7507979606167534,25011.399437382195,-1,145.3,145.82284159599863,144.67259008480167,137.237,145.067,62.452954416560075,0.18909896158682812,USDJPY_merged,-100.75079796061677
2023-08-14 12:00:00,2023-08-15 03:00:00,-1.1,30.0,0.685094854154382,9787.0693450626,-1,145.3,145.74538358177662,144.72100134369043,137.237,145.067,62.61730823929239,0.18909896158682812,USDJPY_merged,-33.68509485415438
2023-08-15 04:00:00,2023-08-16 04:00:00,-1.1,30.0,0.8121302664428641,11601.860949183774,-1,185.042,185.52048013558468,184.41997582373992,176.303,184.008,67.04598787588478,0.26712070486511164,GBPJPY_merged,-33.812130266442864
2023-08-17 01:00:00,2023-08-17 05:00:00,1.2,30.0,0.6093705874662714,8705.29410666102,-1,2.14949,2.156897526869271,2.1406009677568747,2.04484,2.09182,69.74988897363224,0.0034761513367525835,GBPNZD_merged,35.39062941253373
2023-08-17 01:00:00,2023-08-17 05:00:00,1.0,60.0,1.066398528065975,15234.264686656787,-1,2.14949,2.157955744993453,2.1410242550065472,2.04484,2.09182,69.74988897363224,0.0034761513367525835,GBPNZD_merged,58.933601471934026
2023-08-17 01:00:00,2023-08-17 05:00:00,1.3,15.000000000000002,0.35546617602199165,5078.0882288855955,-1,2.14949,2.1558393087450898,2.1412358986313835,2.04484,2.09182,69.15662829932344,0.0034761513367525835,GBPNZD_merged,19.144533823978012
2023-08-17 01:00:00,2023-08-21 11:00:00,-1.1,30.0,0.5563818407300739,7948.312010429628,-1,2.14949,2.157603005618726,2.1389430926956567,2.04484,2.09182,70.40684526964476,0.0034761513367525835,GBPNZD_merged,-33.556381840730076
2023-08-17 01:00:00,2023-08-22 17:00:00,1.2,90.0,1.4218647040879664,20312.35291554238,-1,2.14949,2.1590139631176344,2.138061244258839,2.04484,2.09182,71.12731895204513,0.0034761513367525835,GBPNZD_merged,106.57813529591203
2023-08-17 01:00:00,2023-08-22 17:00:00,1.0,60.0,0.8531188224527799,12187.411749325429,-1,2.14949,2.160072181241816,2.138907818758184,2.04484,2.09182,71.89881593280438,0.0034761513367525835,GBPNZD_merged,59.14688117754722
2023-08-23 09:00:00,2023-08-23 10:00:00,1.1,60.0,0.9930311130598307,14186.158757997582,1,1.26304,1.2576980042354822,1.2689161953409696,1.26163,1.28185,41.47371833992026,0.002267855630184919,GBPUSD_merged,65.00696888694017
2023-08-25 02:00:00,2023-08-25 10:00:00,1.1,60.0,1.2812341889998027,18303.34555714004,1,1.25779,1.2536668521435383,1.2623254626421079,1.26163,1.28185,32.32701912035442,0.0016004099487363233,GBPUSD_merged,64.7187658110002
2023-08-24 17:00:00,2023-08-30 05:00:00,1.0,60.0,0.8852964069643104,12647.091528061579,1,1.25978,1.2538033847574925,1.2657566152425073,1.25973,1.31421,29.542056932902103,0.0019113332893475577,GBPUSD_merged,59.11470359303569
2023-08-30 19:00:00,2023-08-31 03:00:00,1.4,60.0,2.254255084623821,32203.64406605459,-1,185.857,186.20327820308555,185.37221051568022,176.303,184.008,63.06736588542405,0.22936269714819787,GBPJPY_merged,81.74574491537618
2023-08-30 19:00:00,2023-08-31 03:00:00,1.2,90.0,2.4152733049540935,34503.90435648705,-1,185.857,186.34178948431978,185.27525261881627,176.303,184.008,63.06736588542405,0.22936269714819787,GBPJPY_merged,105.5847266950459
2023-08-30 19:00:00,2023-08-31 03:00:00,1.0,90.0,2.113364141834832,30190.91631192618,-1,185.857,186.4110451249369,185.3029548750631,176.303,184.008,63.06736588542405,0.22936269714819787,GBPJPY_merged,87.88663585816516
2023-08-30 19:00:00,2023-08-31 03:00:00,1.3,60.0,1.8785459038531838,26836.370055045485,-1,185.857,186.27253384370266,185.31680600318654,176.303,184.008,62.893731042312936,0.22936269714819787,GBPJPY_merged,76.12145409614682
2023-08-30 19:00:00,2023-08-31 04:00:00,1.3,60.0,1.4701663595372747,21002.376564818213,-1,185.857,186.38795991139784,185.16675211518282,176.303,184.008,63.119043256629176,0.22936269714819787,GBPJPY_merged,76.52983364046273
2023-08-30 19:00:00,2023-08-31 04:00:00,1.0,90.0,1.6906913134678656,24152.73304954094,-1,185.857,186.5495564061711,185.1644435938289,176.303,184.008,62.47647122183192,0.22936269714819787,GBPJPY_merged,88.30930868653213
2023-08-30 19:00:00,2023-08-31 05:00:00,1.2,90.0,1.8785459038531838,26836.37005504549,-1,185.857,186.48030076555398,185.10903908133523,176.303,184.008,62.970167711334064,0.22936269714819787,GBPJPY_merged,106.12145409614682
2023-09-05 06:00:00,2023-09-05 09:00:00,1.3,15.0,0.44595311005988014,6370.758715141145,-1,1.36532,1.3685346563566012,1.3611409467364188,1.3092,1.33867,74.9905374342291,0.0011014412532336568,USDCAD_merged,19.05404688994012
2023-09-05 09:00:00,2023-09-05 21:00:00,-1.1,15.0,0.4369901159629864,6242.715942328378,-1,0.88794,0.8900735425354998,0.8853797489574002,0.86897,0.88275,66.35997372797524,0.0010777161771963124,USDCHF_merged,-16.936990115962985
2023-09-05 09:00:00,2023-09-06 08:00:00,-1.1,15.0,0.34959209277038916,4994.172753862703,-1,0.88794,0.8906069281693746,0.8844729933798129,0.8552,0.88275,67.0884634078513,0.0010777161771963124,USDCHF_merged,-16.84959209277039
2023-09-05 09:00:00,2023-09-06 09:00:00,-1.1,30.0,0.5826534879506486,8323.621256437838,-1,0.88794,0.8911403138032495,0.8837795920557754,0.86897,0.88275,68.67557734855995,0.0010777161771963124,USDCHF_merged,-33.58265348795065
2023-09-05 09:00:00,2023-09-06 09:00:00,-1.1,15.0,0.2913267439753243,4161.810628218919,-1,0.88794,0.8911403138032495,0.8847396861967504,0.8552,0.88275,66.35997372797524,0.0010777161771963124,USDCHF_merged,-16.791326743975326
2023-09-05 06:00:00,2023-09-06 10:00:00,-1.1,60.0,1.089332031897132,15561.886169959029,1,1.2551,1.2502608693716466,1.2613908698168597,1.26163,1.28001,31.939097528566183,0.0016221118611570357,GBPUSD_merged,-67.08933203189713
2023-09-05 09:00:00,2023-09-06 10:00:00,-1.1,15.0,0.36820810437563106,5260.11577679473,-1,1.36357,1.3674584220172932,1.3585150513775188,1.3092,1.36395,56.88632128135224,0.0014499877672574184,USDCAD_merged,-16.868208104375633
2023-09-14 11:00:00,2023-09-14 12:00:00,-1.1,15.0,0.4180418734483942,5972.02676354849,-1,0.66165,0.6633118729943707,0.6596557524067552,0.6453,0.66179,72.73205920852843,0.0008444410331006612,CADCHF_merged,-16.918041873448395
2023-09-14 11:00:00,2023-09-14 12:00:00,-1.1,15.000000000000002,0.3096606469988105,4423.723528554437,-1,0.66165,0.6638935285424004,0.6585090600406395,0.6453,0.66179,72.73205920852843,0.0008444410331006612,CADCHF_merged,-16.809660646998815
2023-09-14 11:00:00,2023-09-18 03:00:00,-1.1,15.0,0.2786945822989295,3981.3511756989933,-1,0.66165,0.6641428094915559,0.659157190508444,0.6453,0.66179,74.79282113919797,0.0008444410331006612,CADCHF_merged,-16.77869458229893
2023-09-20 09:00:00,2023-09-20 17:00:00,1.0,15.0,0.24745772655743972,3535.1103793919965,-1,0.53456,0.5368282177186725,0.5322917822813276,0.51639,0.5292,66.43587102997895,0.0007777816748272077,NZDCHF_merged,14.752542273442561
2023-09-22 09:00:00,2023-09-25 08:00:00,-1.1,60.0,0.8944068035779036,12777.240051112909,-1,0.67329,0.6764516687045401,0.67012833129546,0.6453,0.66179,60.022038939223904,0.0010878974561671674,CADCHF_merged,-66.89440680357791
2023-09-22 09:00:00,2023-09-25 08:00:00,-1.1,15.0,0.2236017008944759,3194.3100127782272,-1,0.67329,0.6764516687045401,0.67012833129546,0.6453,0.66179,59.7239519080763,0.0010878974561671674,CADCHF_merged,-16.723601700894477
2023-09-22 09:00:00,2023-09-25 08:00:00,-1.1,15.0,0.2236017008944759,3194.3100127782272,-1,0.67329,0.6764516687045401,0.6691798306840979,0.6453,0.66179,60.14011694478127,0.0010878974561671674,CADCHF_merged,-16.723601700894477
2023-09-22 12:00:00,2023-09-25 10:00:00,-1.1,30.0,0.3847672078093099,5496.674397275856,1,1.78447,1.7747306383185928,1.7942093616814072,1.80832,1.84611,33.968263258432096,0.0031445643299593553,EURNZD_merged,-33.38476720780931
2023-09-22 10:00:00,2023-09-25 20:00:00,-1.1,15.0,0.22504083756963503,3214.8691081376437,1,1.7817,1.7733869088286205,1.7925070185227936,1.80832,1.84611,27.448711031581517,0.003287719577940998,EURNZD_merged,-16.725040837569637
2023-09-25 12:00:00,2023-09-26 03:00:00,-1.1,15.0,0.3957083912252708,5652.977017503869,-1,0.91201,0.9144299903798725,0.9091060115441529,0.87445,0.88275,70.46190360605449,0.001165709819226541,USDCHF_merged,-16.89570839122527
2023-09-22 09:00:00,2023-09-26 11:00:00,-1.1,15.0,0.2615004485921724,3735.720694173892,1,1.64788,1.641263284773257,1.656481729794766,1.70751,1.73131,39.248639687405195,0.0022908880463728787,GBPCAD_merged,-16.761500448592173
2023-09-22 09:00:00,2023-09-26 11:00:00,-1.1,30.0,0.5230008971843448,7471.441388347784,1,1.64788,1.641263284773257,1.6544967152267431,1.70751,1.73131,38.39124931215057,0.0022908880463728787,GBPCAD_merged,-33.523000897184346
2023-09-26 22:00:00,2023-09-27 07:00:00,-1.1,15.0,0.33445133544098204,4777.876220585458,-1,0.91595,0.9188255977270413,0.9130744022729588,0.87445,0.88275,69.92483342011022,0.0009686373917032447,USDCHF_merged,-16.83445133544098
2023-09-25 12:00:00,2023-09-27 12:00:00,-1.1,15.0,0.4106852598217554,5866.932283167935,1,1.07634,1.073588118911084,1.079091881088916,1.08052,1.08962,29.104412420650082,0.0008853441465692039,AUDNZD_merged,-16.910685259821754
2023-09-27 18:00:00,2023-09-28 08:00:00,1.0,15.0,0.25176740742084947,3596.677248869278,-1,0.92057,0.9244092519107299,0.9167307480892701,0.87445,0.88275,68.97848094278753,0.0012154827342735243,USDCHF_merged,14.74823259257915
2023-09-27 15:00:00,2023-09-28 08:00:00,1.3,15.0,0.2674930296257505,3821.328994653579,1,0.85827,0.8549010019320472,0.8626496974883386,0.86245,0.88262,30.150526307059796,0.001364199282382478,AUDCAD_merged,19.23250697037425
2023-09-27 15:00:00,2023-09-28 09:00:00,1.3,30.0,0.4458217160429174,6368.881657755964,1,0.85827,0.8542272023184566,0.8635256369860064,0.86245,0.88262,28.266561742882413,0.001364199282382478,AUDCAD_merged,38.554178283957086
2023-09-27 15:00:00,2023-09-28 09:00:00,1.5,60.00000000000001,1.1630131722858719,16614.47388979817,1,0.85827,0.8551705217774834,0.8629192173337749,0.86245,0.88262,27.26584710094185,0.001364199282382478,AUDCAD_merged,88.83698682771414
2023-09-27 15:00:00,2023-09-28 10:00:00,1.3,15.0,0.2571609775179425,3673.728250256321,1,1.05069,1.046399984809328,1.0562670197478734,1.09122,1.09454,27.659733576847177,0.0014528618447317786,EURUSD_merged,19.24283902248206
2023-09-21 12:00:00,2023-09-28 11:00:00,1.5,15.0,0.26496835700210075,3785.262242887154,1,181.277,180.55864686472924,182.35452970290612,183.349,186.761,27.72774331897713,0.31287548939502513,GBPJPY_merged,22.2350316429979
2023-09-21 13:00:00,2023-09-28 11:00:00,1.0,30.0,0.4058103121005261,5797.290172864659,1,181.383,180.44437353181493,182.3216264681851,183.349,186.761,32.49864662099284,0.3000986687239509,GBPJPY_merged,29.594189687899473
2023-09-21 12:00:00,2023-09-28 11:00:00,1.2,15.0,0.21014731762235572,3002.104537462225,1,181.277,180.3712503946586,182.36389952640965,183.349,186.761,28.45736746570791,0.31287548939502513,GBPJPY_merged,17.789852682377646
2023-09-29 08:00:00,2023-09-29 13:00:00,1.3,30.000000000000004,0.47337407759521677,6762.486822788812,1,1.63441,1.6271593684963988,1.6438358209546813,1.6454,1.68938,27.022685133765368,0.002452100227305138,EURAUD_merged,38.52662592240479
2023-09-29 07:00:00,2023-09-29 13:00:00,1.0,30.0,0.5034639069734362,7192.341528191947,1,1.8882,1.8803241226132041,1.896075877386796,1.885,1.97471,35.85493101626179,0.0026220572863892085,GBPAUD_merged,29.496536093026563
2023-09-29 14:00:00,2023-10-03 07:00:00,1.0,29.999999999999996,0.390663379870528,5580.905426721829,-1,0.8128,0.8171691835169339,0.808430816483066,0.79408,0.81393,69.0812749672554,0.0014366520409557534,NZDCAD_merged,29.60933662012947
2023-09-29 14:00:00,2023-10-03 21:00:00,1.5,14.999999999999998,0.195331689935264,2790.4527133609145,-1,0.8128,0.8171691835169339,0.8062462247245991,0.79907,0.81393,67.83908385637584,0.0014366520409557534,NZDCAD_merged,22.30466831006473
2023-10-03 10:00:00,2023-10-04 09:00:00,1.3,30.0,0.44860981461672195,6408.711637381743,1,0.86447,0.8604233052090021,0.8697307032282972,0.86245,0.88262,33.25726630024564,0.0014361198162612444,AUDCAD_merged,38.551390185383276
2023-10-03 11:00:00,2023-10-04 10:00:00,-1.1,15.0,0.24264777259265422,3466.396751323632,-1,1.37191,1.3778466112641727,1.3641924053565753,1.33787,1.36941,65.4112210714666,0.0019775225341487324,USDCAD_merged,-16.742647772592655
2023-10-03 11:00:00,2023-10-04 10:00:00,-1.1,60.0,0.9705910903706169,13865.587005294528,-1,1.37191,1.3778466112641727,1.3630050831037408,1.33787,1.36941,65.49577924106174,0.0019775225341487324,USDCAD_merged,-66.97059109037062
2023-10-04 12:00:00,2023-10-06 11:00:00,1.0,30.0,0.4494126827218113,6420.181181740162,-1,1.37411,1.3805308935593974,1.3676891064406025,1.33787,1.36941,58.59565625933619,0.002156705149337299,USDCAD_merged,29.55058731727819
2023-10-09 16:00:00,2023-10-10 04:00:00,1.0,30.0,0.49839037214349396,7119.862459192772,1,1.75419,1.7467986072165547,1.7615813927834452,1.80832,1.84611,30.87040118354319,0.002367097766304485,EURNZD_merged,29.501609627856507
2023-10-09 16:00:00,2023-10-11 16:00:00,1.3,60.0,0.9967807442869879,14239.724918385544,1,1.75419,1.7467986072165547,1.7637988106184788,1.80832,1.84611,27.468124141079322,0.002367097766304485,EURNZD_merged,77.003219255713
2023-10-12 20:00:00,2023-10-13 11:00:00,-1.1,60.0,1.0408733774741596,14869.619678202282,1,1.21823,1.213314353091616,1.2246203409808991,1.26163,1.28001,30.11319291638984,0.001571509757356943,GBPUSD_merged,-67.04087337747416
2023-10-13 16:00:00,2023-10-16 03:00:00,1.2,14.999999999999998,0.4001837297903853,5716.910425576933,1,0.94804,0.9455525375523852,0.9510249549371377,0.95205,0.96936,23.44788061534845,0.001229178993535448,EURCHF_merged,17.59981627020961
2023-10-15 18:00:00,2023-10-16 04:00:00,1.3,29.999999999999996,0.6319641136597562,9028.058766567947,1,0.94791,0.9447601201935785,0.9520048437483482,0.95205,0.96936,35.48217665500122,0.0013235267852423286,EURCHF_merged,38.368035886340245
2023-10-13 16:00:00,2023-10-17 10:00:00,1.2,60.0,1.1039551166631318,15770.787380901886,1,0.94804,0.9444331794509586,0.9523681846588496,0.9515,0.96936,21.426577536515623,0.001229178993535448,EURCHF_merged,70.89604488333687
2023-10-13 16:00:00,2023-10-17 10:00:00,1.5,60.0,1.3919434079665578,19884.905828093684,1,0.94804,0.945179418185243,0.9523308727221355,0.9515,0.96936,20.833581468981265,0.001229178993535448,EURCHF_merged,88.60805659203345
2023-10-13 16:00:00,2023-10-17 11:00:00,1.4,15.0,0.2964323924373224,4234.7484633903205,1,0.94804,0.9446819256957201,0.9527413040259919,0.9515,0.96936,23.44788061534845,0.001229178993535448,EURCHF_merged,20.70356760756268
2023-10-15 18:00:00,2023-10-17 12:00:00,1.3,60.0,1.0532735227662604,15046.764610946579,1,0.94791,0.9441301442322941,0.9528238124980177,0.9526,0.96936,36.29323691220496,0.0013235267852423286,EURCHF_merged,76.94672647723374
2023-10-13 15:00:00,2023-10-17 12:00:00,1.5,30.0,0.5256585994903022,7509.408564147176,1,0.94747,0.9436848683538531,0.9531476974692203,0.9515,0.96936,26.145975649255774,0.0012437312238073853,EURCHF_merged,44.4743414005097
2023-10-15 19:00:00,2023-10-18 10:00:00,-1.1,30.0,0.5021915743687081,7174.165348124402,1,0.94952,0.9455494196442731,0.953490580355727,0.95205,0.96936,35.2390603252841,0.0012589891577250336,EURCHF_merged,-33.50219157436871
2023-10-18 13:00:00,2023-10-19 16:00:00,-1.1,90.0,1.6747474797937012,23924.963997052873,1,0.94666,0.9430988911928772,0.9512894414492595,0.9526,0.96936,33.108512200035165,0.0011451051069665803,EURCHF_merged,-100.67474747979371
2023-10-19 07:00:00,2023-10-19 19:00:00,-1.1,30.0,1.2532169920108587,17903.09988586941,-1,0.87048,0.8719386524214509,0.868729617094259,0.85217,0.87058,68.9680574799438,0.000743660052816469,EURGBP_merged,-34.253216992010856
2023-10-19 07:00:00,2023-10-19 19:00:00,-1.1,59.99999999999999,2.0051471872173736,28644.959817391056,-1,0.87048,0.8723033155268136,0.8681096898151424,0.85217,0.87058,69.86043123654801,0.000743660052816469,EURGBP_merged,-68.00514718721737
2023-10-19 07:00:00,2023-10-19 19:00:00,-1.1,90.0,3.2692617182891963,46703.73883270282,-1,0.87048,0.8721574502846685,0.8679638245729973,0.84922,0.87058,73.21119649476954,0.000743660052816469,EURGBP_merged,-102.26926171828921
2023-10-19 15:00:00,2023-10-20 03:00:00,-1.1,60.0,1.2262801395455334,17518.287707793337,-1,167.723,168.29744997866564,166.8613250320016,159.946,166.59,76.87472839971615,0.2467065131258693,CHFJPY_merged,-67.22628013954554
2023-10-19 15:00:00,2023-10-20 03:00:00,-1.1,30.0,0.7051110802386817,10073.015431981168,-1,167.723,168.2225217205788,167.12357393530544,159.946,166.59,72.5820068265004,0.2467065131258693,CHFJPY_merged,-33.70511108023868
2023-10-19 01:00:00,2023-10-20 04:00:00,-1.1,60.0,1.062054384584811,15172.205494068729,-1,1.67124,1.6778490852802648,1.662648189135656,1.63197,1.66425,73.5085185686948,0.0021635263962724166,EURAUD_merged,-67.06205438458481
2023-10-19 15:00:00,2023-10-20 04:00:00,-1.1,29.999999999999996,0.5640888641909452,8058.412345584932,-1,167.723,168.3474021507235,166.91127720405947,159.946,166.59,73.47220193014984,0.2467065131258693,CHFJPY_merged,-33.56408886419094
2023-10-19 19:00:00,2023-10-23 01:00:00,1.0,30.0,0.6194910911283964,8849.872730405663,1,0.94371,0.9405109370459386,0.9469090629540615,0.95205,0.96936,34.71386070533297,0.0010251861524476279,EURCHF_merged,29.380508908871604
2023-10-19 19:00:00,2023-10-23 02:00:00,1.3,30.0,0.7433893093540754,10619.847276486793,1,0.94371,0.9410441142049488,0.9471756515335666,0.95205,0.96936,34.418981115999784,0.0010251861524476279,EURCHF_merged,38.25661069064592
2023-10-19 19:00:00,2023-10-23 05:00:00,1.5,60.0,1.6160637159871207,23086.624514101728,1,0.94371,0.9412573850685528,0.9473889223971708,0.9515,0.96936,33.748006352274096,0.0010251861524476279,EURCHF_merged,88.38393628401288
2023-10-19 20:00:00,2023-10-23 09:00:00,1.3,15.0,0.32229317496256293,4604.188213750899,1,0.94403,0.9409544415426572,0.9480282259945458,0.9526,0.96936,32.67832219358439,0.0010191014272728169,EURCHF_merged,19.177706825037436
2023-10-23 19:00:00,2023-10-24 06:00:00,1.0,30.0,0.5650953295974229,8072.790422820329,-1,1.46047,1.4658973798408224,1.4550426201591775,1.41568,1.44969,69.3501095438379,0.0017156175697784209,EURCAD_merged,29.434904670402577
2023-10-24 03:00:00,2023-10-24 07:00:00,1.0,60.00000000000001,1.1639623734590048,16628.03390655721,-1,183.597,184.25948481702073,182.93451518297928,178.028,183.811,59.9493165002592,0.23412625288736869,GBPJPY_merged,58.836037626541
2023-10-24 04:00:00,2023-10-24 09:00:00,1.3,30.0,0.5970384888290944,8529.121268987063,-1,1.06627,1.070020456699017,1.0613944062912781,1.04483,1.06397,57.32187861497635,0.0012937127877909415,EURUSD_merged,38.40296151117091
2023-10-24 03:00:00,2023-10-24 09:00:00,1.3,30.000000000000004,0.5819811867295024,8314.016953278606,-1,183.597,184.25948481702073,182.73576973787306,178.028,183.811,59.98156879645556,0.23412625288736869,GBPJPY_merged,38.41801881327051
2023-10-23 16:00:00,2023-10-24 09:00:00,1.3,30.0,0.5051825023969309,7216.892891384727,-1,1.06654,1.0709735145999182,1.0607764310201064,1.04483,1.06397,74.73115297737503,0.0014172783285461004,EURUSD_merged,38.494817497603066
2023-10-23 22:00:00,2023-10-24 14:00:00,1.3,15.0,0.3186530726409576,4552.18675201368,-1,1.46032,1.465131929121825,1.4540644921416277,1.41568,1.44969,66.58001654952452,0.0015529780615172423,EURCAD_merged,19.18134692735904
2023-10-20 00:00:00,2023-10-25 05:00:00,1.0,30.0,0.5383995409843515,7691.4220140621655,-1,167.904,168.5589010041044,167.2490989958956,159.946,166.59,64.98054137323957,0.2097788822227918,CHFJPY_merged,29.46160045901565
2023-10-25 08:00:00,2023-10-25 10:00:00,-1.1,60.0,1.500760421344288,21439.43459063269,-1,1.37627,1.3801216034390236,1.3704925948414648,1.33787,1.37851,63.30092441816696,0.001331448683507263,USDCAD_merged,-67.50076042134428
2023-10-25 09:00:00,2023-10-25 10:00:00,-1.1,60.0,1.8886293363213529,26980.419090305044,-1,1.37705,1.3801123319720667,1.3724565020419,1.33787,1.37851,66.23262706774865,0.0013884880632567416,USDCAD_merged,-67.88862933632136
2023-10-25 08:00:00,2023-10-25 10:00:00,-1.1,60.0,1.500760421344288,21439.43459063269,-1,1.37627,1.3801216034390236,1.3724183965609766,1.33787,1.37851,64.6288142874527,0.001331448683507263,USDCAD_merged,-67.50076042134428
2023-10-25 20:00:00,2023-10-25 22:00:00,-1.1,60.0,2.24424640639942,32060.662948563142,-1,150.094,150.3748937548936,149.81310624510638,147.277,150.159,65.57640362511924,0.10008616222897107,USDJPY_merged,-68.24424640639943
2023-10-25 20:00:00,2023-10-25 22:00:00,-1.1,60.0,2.9272779213905467,41818.25601986496,-1,150.094,150.30935187875176,149.77097218187237,147.277,150.159,69.26213111356786,0.10008616222897107,USDJPY_merged,-68.92727792139054
2023-10-25 20:00:00,2023-10-25 22:00:00,-1.1,30.0,1.12212320319971,16030.331474281571,-1,150.094,150.3748937548936,149.6726593676596,147.277,150.159,64.01719433297271,0.10008616222897107,USDJPY_merged,-34.12212320319971
2023-10-25 20:00:00,2023-10-25 22:00:00,-1.1,30.0,1.12212320319971,16030.331474281571,-1,150.094,150.3748937548936,149.72883811863832,147.277,150.159,68.32927288611909,0.10008616222897107,USDJPY_merged,-34.12212320319971
2023-10-25 20:00:00,2023-10-25 22:00:00,-1.1,15.0,0.561061601599855,8015.1657371407855,-1,150.094,150.3748937548936,149.81310624510638,147.277,150.159,67.37629944155518,0.10008616222897107,USDJPY_merged,-17.061061601599857
2023-10-25 20:00:00,2023-10-25 22:00:00,-1.1,30.0,1.3465478438396519,19236.397769137886,-1,150.094,150.328078129078,149.7896984321986,147.277,150.159,66.45052767495574,0.10008616222897107,USDJPY_merged,-34.34654784383965
2023-10-20 01:00:00,2023-10-26 02:00:00,1.5,30.0,0.5599896364937195,7999.8519499102795,-1,167.82,168.44933664666837,166.87599502999743,159.946,166.59,64.77698892401907,0.20886610492116406,CHFJPY_merged,44.44001036350628
2023-10-19 22:00:00,2023-10-26 02:00:00,1.4,30.0,0.5758852315266135,8226.931878951622,-1,167.896,168.508242823219,167.03886004749333,159.946,166.59,71.48625924011834,0.22363112967850468,CHFJPY_merged,41.42411476847339
2023-10-19 15:00:00,2023-10-27 04:00:00,1.2,60.0,0.9725670072257677,13893.81438893954,-1,167.723,168.44730649483927,166.85383220619292,159.946,166.59,75.60045393787638,0.2467065131258693,CHFJPY_merged,71.02743299277424
2023-10-27 13:00:00,2023-10-30 10:00:00,-1.1,30.0,0.4353915206154779,6219.8788659353995,-1,0.879,0.8832396324057726,0.8747603675942274,0.8584,0.87478,63.4220173638966,0.0013522671732153365,AUDCAD_merged,-33.435391520615475
2023-10-27 11:00:00,2023-10-30 10:00:00,-1.1,30.0,0.5367090862401951,7667.2726605742155,-1,0.87973,0.8831721496623838,0.8752552054389011,0.8584,0.87478,72.70938154747334,0.0013742270174568368,AUDCAD_merged,-33.536709086240194
2023-10-27 13:00:00,2023-10-30 10:00:00,-1.1,15.0,0.21769576030773896,3109.9394329676998,-1,0.879,0.8832396324057726,0.8726405513913411,0.8584,0.87478,62.73927833903915,0.0013522671732153365,AUDCAD_merged,-16.717695760307738
2023-10-31 07:00:00,2023-10-31 09:00:00,1.3,30.0,0.5041828043562125,7202.611490803038,-1,1.06556,1.0699982235583327,1.0597903093741676,1.04483,1.06397,55.6999843753153,0.0016573072918648919,EURUSD_merged,38.49581719564379
2023-10-31 07:00:00,2023-10-31 15:00:00,-1.1,15.000000000000002,0.2684135746677985,3834.479638111408,-1,183.583,184.30115350709656,182.72121579148416,178.028,183.811,69.33057035789383,0.3498569854376831,GBPJPY_merged,-16.768413574667804
2023-10-31 08:00:00,2023-10-31 16:00:00,1.0,15.000000000000002,0.2650426558287819,3786.3236546968847,-1,1.47124,1.4770685033221143,1.465411496677886,1.41568,1.44969,58.11818544674916,0.0019526319806543709,EURCAD_merged,14.73495734417122
2023-10-31 08:00:00,2023-10-31 16:00:00,1.0,30.000000000000004,0.5300853116575638,7572.647309393769,-1,1.47124,1.4770685033221143,1.465411496677886,1.43261,1.44969,58.77414071871553,0.0019526319806543709,EURCAD_merged,29.46991468834244
2023-10-31 08:00:00,2023-11-01 04:00:00,1.3,15.0,0.31805118699453827,4543.588385636262,-1,1.47124,1.476097086101762,1.4649257880677098,1.43261,1.44969,58.50121381447817,0.0019526319806543709,EURCAD_merged,19.181948813005462
2023-10-31 08:00:00,2023-11-01 06:00:00,1.3,60.00000000000001,1.0601706233151276,15145.294618787539,-1,1.47124,1.4770685033221143,1.4636629456812518,1.43261,1.44969,59.190030232787386,0.0019526319806543709,EURCAD_merged,76.93982937668488
2023-10-27 11:00:00,2023-11-01 09:00:00,-1.1,30.0,0.4472575718668293,6389.393883811847,-1,0.87973,0.8838605795948605,0.8743602465266813,0.8584,0.87478,75.56079119705721,0.0013742270174568368,AUDCAD_merged,-33.44725757186683
2023-10-27 11:00:00,2023-11-01 09:00:00,-1.1,60.0,0.8945151437336586,12778.787767623695,-1,0.87973,0.8838605795948605,0.8743602465266813,0.8584,0.87478,68.65079236896389,0.0013742270174568368,AUDCAD_merged,-66.89451514373366
2023-10-27 11:00:00,2023-11-01 09:00:00,-1.1,60.0,0.9253604935175777,13219.435621679682,-1,0.87973,0.8837228936083652,0.8749385276699618,0.8584,0.87478,75.56079119705721,0.0013742270174568368,AUDCAD_merged,-66.92536049351757
2023-10-27 11:00:00,2023-11-01 09:00:00,-1.1,30.0,0.4969528576298103,7099.326537568719,-1,0.87973,0.8834475216353745,0.8745254697104757,0.8584,0.87478,71.50755679027326,0.0013742270174568368,AUDCAD_merged,-33.49695285762981
2023-10-31 19:00:00,2023-11-01 12:00:00,1.2,14.999999999999998,0.27539354407170624,3934.1934867386612,-1,183.851,184.5519734038999,183.00983191532012,178.028,183.811,62.34569542610984,0.3415233660963799,GBPJPY_merged,17.72460645592829
2023-11-01 16:00:00,2023-11-01 21:00:00,-1.1,30.0,0.41764155969771516,5966.3079956816455,-1,0.88567,0.890123357087705,0.881216642912295,0.8584,0.87478,68.90329405589745,0.0015212771938134593,AUDCAD_merged,-33.417641559697714
2023-11-01 16:00:00,2023-11-01 21:00:00,-1.1,15.0,0.20882077984885758,2983.1539978408227,-1,0.88567,0.890123357087705,0.8789899643684425,0.8584,0.87478,67.28347824177075,0.0015212771938134593,AUDCAD_merged,-16.708820779848857
2023-10-31 18:00:00,2023-11-02 02:00:00,1.0,30.0,0.36648914848392294,5235.559264056043,-1,183.962,185.0161108832229,182.90788911677708,178.028,183.811,64.22348865693652,0.350486701949948,GBPJPY_merged,29.63351085151608
2023-10-31 08:00:00,2023-11-02 08:00:00,0.2420036477497874,30.0,0.36718003454837833,5245.429064976834,-1,183.515,184.56457095631305,182.46542904368692,178.028,183.811,66.05403663557586,0.34829577219213453,GBPJPY_merged,6.892929397945243
2023-10-27 13:00:00,2023-11-02 08:00:00,0.28953279509895374,30.0,0.48696231274893,6956.6044678418575,-1,1.68189,1.689143064369729,1.6724610163193527,1.65485,1.67607,61.317460228814795,0.0023821389715827208,GBPCAD_merged,8.199021540219682
2023-10-31 08:00:00,2023-11-02 08:00:00,0.2420036477497874,60.0,0.7343600690967567,10490.858129953667,-1,183.515,184.56457095631305,182.15055775679303,180.984,183.811,63.001580230418,0.34829577219213453,GBPJPY_merged,13.785858795890485
2023-10-27 13:00:00,2023-11-02 08:00:00,0.28953279509895374,30.0,0.48696231274893,6956.6044678418575,-1,1.68189,1.689143064369729,1.6746369356302713,1.63569,1.67607,62.15829481972713,0.0023821389715827208,GBPCAD_merged,8.199021540219682
2023-10-27 13:00:00,2023-11-02 08:00:00,0.29951668458512454,30.0,0.503754116636824,7196.487380526058,-1,1.68189,1.6889012955574045,1.6734764453311146,1.63569,1.67607,62.74602038022226,0.0023821389715827208,GBPCAD_merged,8.481746420916913
2023-10-31 07:00:00,2023-11-02 08:00:00,0.3092221416770012,30.0,0.3702256202314462,5288.937431877803,-1,183.583,184.62432258529,182.333412897652,178.028,183.811,72.74864847037159,0.3498569854376831,GBPJPY_merged,8.90643863007859
2023-11-02 08:00:00,2023-11-03 07:00:00,-1.1,15.0,0.1864133984704635,2663.0485495780504,-1,0.64546,0.6490956453214246,0.6400065320178632,0.62859,0.64449,63.02480480999453,0.0014224970682148103,AUDUSD_merged,-16.686413398470464
2023-11-02 08:00:00,2023-11-03 11:00:00,-1.1,15.0,0.23864065139733662,3409.152162819095,-1,96.819,97.24499594580698,96.22260567587024,94.047,95.825,61.053102069604265,0.17422706558544554,AUDJPY_merged,-16.738640651397336
2023-11-02 08:00:00,2023-11-03 11:00:00,-1.1,15.0,0.23864065139733662,3409.152162819095,-1,96.819,97.24499594580698,96.35040445961234,93.016,95.825,61.053102069604265,0.17422706558544554,AUDJPY_merged,-16.738640651397336
2023-11-02 08:00:00,2023-11-03 11:00:00,-1.1,15.0,0.23864065139733662,3409.152162819095,-1,96.819,97.24499594580698,96.39300405419303,93.016,96.92,61.053102069604265,0.17422706558544554,AUDJPY_merged,-16.738640651397336
2023-11-02 08:00:00,2023-11-03 12:00:00,-1.1,15.0,0.22096356610864498,3156.622372980643,-1,96.819,97.27907562147153,96.22090169208701,94.047,95.825,60.47366758380711,0.17422706558544554,AUDJPY_merged,-16.720963566108644
2023-11-05 23:00:00,2023-11-06 03:00:00,-1.1,60.0,1.7174341242546882,24534.773203638404,-1,185.091,185.54364164081832,184.6383583591817,180.984,183.811,70.08837163178642,0.21307623573598838,GBPJPY_merged,-67.7174341242547
2023-11-06 01:00:00,2023-11-06 03:00:00,-1.1,60.00000000000001,1.6147428144473828,23067.75449210547,-1,1.23778,1.2409995071273807,1.2345604928726195,1.20691,1.22885,78.56935754823674,0.0014957344440798654,GBPUSD_merged,-67.6147428144474
2023-11-06 01:00:00,2023-11-06 04:00:00,-1.1,60.0,1.41289996264146,20184.285180592287,-1,1.23778,1.2414594367170064,1.2322608449244905,1.20369,1.23371,77.24394469522672,0.0014957344440798654,GBPUSD_merged,-67.41289996264146
2023-11-05 23:00:00,2023-11-06 04:00:00,-1.1,60.0,1.4426446643739381,20609.20949105626,-1,185.091,185.62985909621227,184.55214090378774,178.028,183.811,69.30811449825592,0.21307623573598838,GBPJPY_merged,-67.44264466437394
2023-11-05 23:00:00,2023-11-06 04:00:00,-1.1,60.0,1.4426446643739381,20609.20949105626,-1,185.091,185.62985909621227,184.4982549941665,178.028,183.811,69.30811449825592,0.21307623573598838,GBPJPY_merged,-67.44264466437394
2023-11-06 03:00:00,2023-11-06 04:00:00,-1.1,30.0,0.6361363482061871,9087.662117231246,-1,1.2382,1.2422875199276573,1.2320687201085139,1.20369,1.22885,81.20972257382559,0.0016729036788239644,GBPUSD_merged,-33.636136348206186
2023-11-05 23:00:00,2023-11-06 07:00:00,-1.1,60.0,1.6333070539185441,23332.95791312206,-1,160.555,160.96786235700887,160.0182789358885,154.342,158.473,67.91923374450623,0.15456112807182978,EURJPY_merged,-67.63330705391854
2023-11-06 08:00:00,2023-11-06 15:00:00,1.0,29.999999999999996,0.554113041029574,7915.900586136773,-1,1.23915,1.2438461807561232,1.2344538192438768,1.20369,1.23371,62.6002914234305,0.0018607242808457672,GBPUSD_merged,29.445886958970423
2023-11-06 08:00:00,2023-11-06 15:00:00,1.0,30.0,0.6596583821780643,9423.691173972347,-1,1.23915,1.2430947918351434,1.2352052081648566,1.20691,1.22885,59.85046555588655,0.0018607242808457672,GBPUSD_merged,29.340341617821935
2023-11-06 08:00:00,2023-11-06 19:00:00,1.1,59.99999999999999,1.108226082059148,15831.801172273546,-1,1.23915,1.2438461807561232,1.2339842011682645,1.20691,1.22885,62.6002914234305,0.0018607242808457672,GBPUSD_merged,64.89177391794085
2023-11-06 05:00:00,2023-11-06 20:00:00,1.4,60.0,1.1981427455827367,17116.32493689624,-1,1.2398,1.24414602639727,1.2337155630438221,1.20369,1.23371,76.28802175849522,0.001768524090414544,GBPUSD_merged,82.80185725441726
2023-11-03 15:00:00,2023-11-06 20:00:00,1.0,15.0,0.23289122156374517,3327.0174509106455,-1,0.65088,0.6538145202254132,0.6479454797745868,0.62698,0.64449,76.10975017927707,0.0013354341132779534,AUDUSD_merged,14.767108778436254
2023-11-05 23:00:00,2023-11-06 22:00:00,1.4,60.0,1.2618360544647518,18026.229349496454,-1,97.401,97.7251975837927,96.94712338269021,94.243,95.825,64.7740589268294,0.13198767398014918,AUDJPY_merged,82.73816394553525
2023-11-05 23:00:00,2023-11-06 22:00:00,1.3,30.0,0.584183358548496,8345.476550692802,-1,97.401,97.75113339049612,96.94582659235503,94.243,95.825,64.56847612218444,0.13198767398014918,AUDJPY_merged,38.41581664145151
2023-11-05 18:00:00,2023-11-06 22:00:00,1.4,15.000000000000002,0.21153262635774822,3021.8946622535464,-1,0.65045,0.6536786863343952,0.6459298391318467,0.62851,0.65108,73.67752077889067,0.0012842263527753834,AUDUSD_merged,20.788467373642252
2023-11-05 23:00:00,2023-11-06 22:00:00,1.4,60.0,1.2618360544647518,18026.229349496454,-1,97.401,97.7251975837927,96.94712338269021,93.016,96.92,64.56847612218444,0.13198767398014918,AUDJPY_merged,82.73816394553525
2023-11-05 18:00:00,2023-11-06 22:00:00,1.1,15.000000000000002,0.21153262635774822,3021.8946622535464,-1,0.65045,0.6536786863343952,0.6468984450321652,0.62859,0.64449,73.10717422903534,0.0012842263527753834,AUDUSD_merged,16.288467373642256
2023-11-05 23:00:00,2023-11-06 22:00:00,1.0,30.0,0.6309180272323759,9013.114674748227,-1,97.401,97.7251975837927,97.07680241620729,93.016,96.92,64.7740589268294,0.13198767398014918,AUDJPY_merged,29.369081972767624
2023-11-03 15:00:00,2023-11-06 22:00:00,1.5,15.000000000000002,0.20377981886827706,2911.1402695468155,-1,0.65088,0.6542337374004723,0.6458493938992916,0.62851,0.65108,74.42977039841891,0.0013354341132779534,AUDUSD_merged,22.296220181131726
2023-11-05 23:00:00,2023-11-06 22:00:00,1.1,60.0,1.2618360544647518,18026.229349496454,-1,97.401,97.7251975837927,97.04438265782801,93.016,95.825,64.7740589268294,0.13198767398014918,AUDJPY_merged,64.73816394553525
2023-11-05 18:00:00,2023-11-06 23:00:00,1.5,15.0,0.17627718863145686,2518.245551877955,-1,0.65045,0.6543244236012743,0.6446383645980885,0.62851,0.65108,73.67752077889067,0.0012842263527753834,AUDUSD_merged,22.323722811368544
2023-11-05 23:00:00,2023-11-06 23:00:00,1.5,30.0,0.5257650226936464,7510.928895623521,-1,97.401,97.79003710055125,96.81744434917312,93.016,96.92,64.56847612218444,0.13198767398014918,AUDJPY_merged,44.47423497730635
2023-11-05 23:00:00,2023-11-06 23:00:00,1.5,60.0,1.168366717096992,16690.953101385603,-1,97.401,97.75113339049612,96.87579991425581,94.243,95.825,64.56847612218444,0.13198767398014918,AUDJPY_merged,88.83163328290301
2023-11-03 15:00:00,2023-11-06 23:00:00,1.5,15.0,0.1811376167718018,2587.6802395971686,-1,0.65088,0.6546529545755313,0.6452205681367031,0.62859,0.64449,76.10975017927707,0.0013354341132779534,AUDUSD_merged,22.318862383228197
2023-11-06 08:00:00,2023-11-07 01:00:00,1.4,59.99999999999999,1.108226082059148,15831.801172273546,-1,1.23915,1.2438461807561232,1.2325753469414276,1.20691,1.22885,62.6002914234305,0.0018607242808457672,GBPUSD_merged,82.89177391794084
2023-11-06 08:00:00,2023-11-07 01:00:00,1.3,30.0,0.513067630582939,7329.537579756272,-1,1.23915,1.244221875216613,1.232556562218403,1.20691,1.22885,61.4482537695575,0.0018607242808457672,GBPUSD_merged,38.48693236941706
2023-11-06 08:00:00,2023-11-07 01:00:00,1.5,30.0,0.5772010844058064,8245.729777225806,-1,1.23915,1.2436583335258782,1.2323874997111826,1.20369,1.23371,62.6002914234305,0.0018607242808457672,GBPUSD_merged,44.42279891559419
2023-11-06 05:00:00,2023-11-07 01:00:00,1.5,60.0,1.109391431095126,15848.44901564466,-1,1.2398,1.2444937085090515,1.2327594372364228,1.20691,1.22885,76.28802175849522,0.001768524090414544,GBPUSD_merged,88.89060856890488
2023-11-06 05:00:00,2023-11-07 02:00:00,1.5,30.0,0.4992261439928068,7131.802057040098,-1,1.2398,1.2450152316767238,1.2319771524849141,1.20369,1.23371,76.28802175849522,0.001768524090414544,GBPUSD_merged,44.50077385600719
2023-11-05 20:00:00,2023-11-07 04:00:00,1.0,15.0,0.3045470705750334,4350.672436786192,-1,1.07243,1.0761274629172228,1.0687325370827772,1.04483,1.06942,70.70125722919929,0.0014247719406827325,EURUSD_merged,14.695452929424967
2023-11-03 15:00:00,2023-11-07 04:00:00,1.0,59.99999999999999,1.2764151737485818,18234.5024821226,-1,1.07248,1.076008958361386,1.068951041638614,1.04483,1.06942,76.11021340978058,0.0016161380509529856,EURUSD_merged,58.72358482625141
2023-11-05 20:00:00,2023-11-07 05:00:00,1.1,30.0,0.6090941411500668,8701.344873572383,-1,1.07243,1.0761274629172228,1.068362790791055,1.04483,1.06942,70.70125722919929,0.0014247719406827325,EURUSD_merged,32.39090585884993
2023-11-06 06:00:00,2023-11-07 06:00:00,1.0,29.999999999999996,0.9814342280806443,14020.488972580633,-1,160.838,161.1821491954693,160.4938508045307,154.342,158.473,76.86632024418743,0.16174624289459524,EURJPY_merged,29.018565771919352
2023-11-05 20:00:00,2023-11-07 06:00:00,1.3,15.0,0.2819880283102161,4028.400404431659,-1,1.07243,1.0764232599506005,1.0672387620642192,1.04483,1.06942,70.96239335241405,0.0014247719406827325,EURUSD_merged,19.218011971689783
2023-11-05 20:00:00,2023-11-07 06:00:00,1.4,15.0,0.3045470705750334,4350.672436786192,-1,1.07243,1.0761274629172228,1.067253551915888,1.04483,1.06942,70.70125722919929,0.0014247719406827325,EURUSD_merged,20.695452929424967
2023-11-05 20:00:00,2023-11-08 04:00:00,1.5,15.0,0.2819880283102161,4028.400404431659,-1,1.07243,1.0764232599506005,1.0664401100740992,1.04483,1.06942,70.96239335241405,0.0014247719406827325,EURUSD_merged,22.218011971689783
2023-11-06 09:00:00,2023-11-08 09:00:00,-1.1,60.0,1.6997045168761569,24281.493098230814,-1,160.85,161.24746320215797,160.45253679784201,154.342,158.651,68.41116412451139,0.15862918937296816,EURJPY_merged,-67.69970451687615
2023-11-06 09:00:00,2023-11-08 09:00:00,-1.1,90.0,2.5495567753142354,36422.23964734622,-1,160.85,161.24746320215797,160.4127904776262,154.342,158.473,68.41116412451139,0.15862918937296816,EURJPY_merged,-101.54955677531424
2023-11-03 15:00:00,2023-11-14 08:00:00,-1.1,60.0,0.9927673573600081,14182.390819428689,-1,1.07248,1.0770172321789249,1.0656741517316128,1.04483,1.06942,76.11021340978058,0.0016161380509529856,EURUSD_merged,-66.99276735736001
2023-11-05 20:00:00,2023-11-14 08:00:00,-1.1,60.0,1.0151569019167779,14502.241455953972,-1,1.07243,1.0768669555006674,1.065774566748999,1.04483,1.06942,70.96239335241405,0.0014247719406827325,EURUSD_merged,-67.01515690191678
2023-11-14 16:00:00,2023-11-14 21:00:00,-1.1,30.0,0.47929227682608166,6847.032526086881,-1,90.276,90.67154069440762,89.68268895838855,86.781,90.199,74.22911512512091,0.16082229247914026,NZDJPY_merged,-33.47929227682608
2023-11-14 18:00:00,2023-11-14 21:00:00,-1.1,60.0,0.9214567681578661,13163.668116540946,-1,90.253,90.66437317896943,89.6770775494428,86.781,90.199,74.16842676920275,0.16451003790293192,NZDJPY_merged,-66.92145676815787
2023-11-14 16:00:00,2023-11-14 21:00:00,-1.1,30.0,0.5477626020869505,7825.1800298135795,-1,90.276,90.62209810760667,89.92990189239332,86.781,89.927,76.48201008981442,0.16082229247914026,NZDJPY_merged,-33.54776260208695
2023-11-14 18:00:00,2023-11-14 23:00:00,-1.1,15.0,0.19197016003288878,2742.430857612697,-1,90.253,90.74664781476332,89.51252827785503,86.781,90.199,74.16842676920275,0.16451003790293192,NZDJPY_merged,-16.691970160032888
2023-11-14 13:00:00,2023-11-15 02:00:00,-1.1,60.0,1.2575612971245385,17965.16138749341,-1,169.156,169.7209467756558,168.30857983651634,164.977,168.413,72.58665080323124,0.2273663120096735,CHFJPY_merged,-67.25756129712454
2023-11-14 13:00:00,2023-11-15 02:00:00,-1.1,60.0,1.207258845239557,17246.554931993673,-1,169.156,169.74448622464143,168.33211928550202,164.977,168.413,73.66909997619625,0.2273663120096735,CHFJPY_merged,-67.20725884523955
2023-11-14 13:00:00,2023-11-15 02:00:00,-1.1,30.0,0.7186064554997362,10265.80650713909,-1,169.156,169.6503284286988,168.6616715713012,164.977,168.413,74.85806546431662,0.2273663120096735,CHFJPY_merged,-33.71860645549974
2023-11-15 01:00:00,2023-11-15 04:00:00,1.0,30.0,0.8605334331386943,12293.334759124205,-1,1.08727,1.0899233158527868,1.0846166841472131,1.05167,1.06942,75.01950731115814,0.0012118063294635768,EURUSD_merged,29.139466566861305
2023-11-14 18:00:00,2023-11-15 06:00:00,-1.1,30.0,0.5587093093677808,7981.561562396871,-1,0.88978,0.8931243831500041,0.884763425274994,0.8584,0.87478,74.25790294216046,0.0013796720520849021,AUDCAD_merged,-33.55870930936778
2023-11-14 18:00:00,2023-11-15 06:00:00,-1.1,59.99999999999999,1.0727218739861393,15324.59819980199,-1,0.88978,0.8932637324479209,0.8849027745729108,0.8584,0.87478,74.8121084390531,0.0013796720520849021,AUDCAD_merged,-67.07272187398614
2023-11-14 18:00:00,2023-11-15 06:00:00,-1.1,29.999999999999996,0.6385249249917495,9121.78464273928,-1,0.88978,0.8927063352562535,0.8868536647437465,0.8584,0.89087,75.15172983425546,0.0013796720520849021,AUDCAD_merged,-33.63852492499175
2023-11-14 17:00:00,2023-11-15 07:00:00,1.0,30.0,0.8209189856242523,11727.414080346462,-1,1.48926,1.4930696889641575,1.4854503110358426,1.43261,1.44969,70.61352286112104,0.0018002706304097466,EURCAD_merged,29.179081014375747
2023-11-14 18:00:00,2023-11-15 08:00:00,-1.1,15.0,0.24831524860790258,3547.3606943986088,-1,0.88978,0.8935424310437545,0.8841363534343682,0.8584,0.87478,75.15172983425546,0.0013796720520849021,AUDCAD_merged,-16.748315248607902
2023-11-14 21:00:00,2023-11-15 08:00:00,-1.1,15.0,0.24548856501553784,3506.9795002219694,-1,97.746,98.16407772184216,97.20249896160517,94.243,95.825,76.67918283740894,0.16156905777640804,AUDJPY_merged,-16.74548856501554
2023-11-15 05:00:00,2023-11-15 08:00:00,-1.1,30.0,0.7920253170126029,11314.647385894328,1,0.88912,0.8867625602062286,0.8914774397937715,0.88878,0.91121,30.12710921755871,0.0011159767795588262,USDCHF_merged,-33.7920253170126
2023-11-15 05:00:00,2023-11-15 08:00:00,-1.1,15.000000000000002,0.3080098455049011,4400.140650070017,1,0.88912,0.8860890059794366,0.8936664910308451,0.88878,0.91121,30.12710921755871,0.0011159767795588262,USDCHF_merged,-16.808009845504905
2023-11-15 05:00:00,2023-11-15 08:00:00,-1.1,30.0,0.6920513907025548,9886.448438607928,-1,1.0852,1.0884929924433595,1.0819070075566404,1.05167,1.06942,65.25666800712398,0.0012816829075335445,EURUSD_merged,-33.69205139070255
2023-11-15 05:00:00,2023-11-15 08:00:00,-1.1,30.0,0.6653012662905864,9504.303804151235,1,0.88912,0.8863135240550339,0.8919264759449661,0.88878,0.91121,29.297857781609032,0.0011159767795588262,USDCHF_merged,-33.665301266290584
2023-11-15 00:00:00,2023-11-15 08:00:00,-1.1,30.0,0.5455855277476175,7794.078967823108,-1,97.856,98.23265515221485,97.29101727167772,93.016,96.92,72.04589989471113,0.15608681484503226,AUDJPY_merged,-33.54558552774762
2023-11-15 01:00:00,2023-11-15 08:00:00,1.0,14.999999999999998,0.38928938630903687,5561.276947271956,-1,1.24885,1.252218426024744,1.245481573975256,1.20691,1.22885,73.74453748154563,0.0015601543646827306,GBPUSD_merged,14.610710613690962
2023-11-15 03:00:00,2023-11-15 09:00:00,1.0,15.0,0.31223687485095264,4460.526783585038,-1,1.24693,1.251123215489442,1.2427367845105581,1.20691,1.23371,65.1857266309147,0.0016839086103642008,GBPUSD_merged,14.687763125149047
2023-11-15 05:00:00,2023-11-15 12:00:00,-1.1,15.0,0.25048824969035466,3578.403567005067,-1,90.789,91.16957054619465,90.21814418070802,86.781,90.199,76.07403200854183,0.15817312799197789,NZDJPY_merged,-16.750488249690356
2023-11-15 05:00:00,2023-11-15 12:00:00,-1.1,30.0,0.5725445707208107,8179.208153154439,-1,90.789,91.12199922792033,90.45600077207968,86.781,89.927,77.03013458529044,0.15817312799197789,NZDJPY_merged,-33.57254457072081
2023-11-14 20:00:00,2023-11-15 17:00:00,-1.1,15.0,0.3247328957362819,4639.041367661171,1,0.64921,0.6471108270829649,0.651309172917035,0.64817,0.68289,29.736206274826078,0.0008125499406130702,CADCHF_merged,-16.824732895736283
2023-11-14 20:00:00,2023-11-15 17:00:00,-1.1,30.0,0.7731735612768618,11045.336589669454,1,0.64921,0.6474466947496904,0.6509733052503095,0.64817,0.65999,28.6863513961378,0.0008125499406130702,CADCHF_merged,-33.77317356127686
2023-11-15 08:00:00,2023-11-15 20:00:00,1.5,15.0,0.23316864646948732,3330.980663849819,-1,0.82572,0.8294383644247533,0.8201424533628702,0.79614,0.82175,62.706457576251815,0.0014302080362331505,NZDCAD_merged,22.266831353530513
2023-11-15 08:00:00,2023-11-15 20:00:00,1.3,14.999999999999998,0.25907627385498583,3701.0896264997978,-1,0.82572,0.8290665279822779,0.8213695136230388,0.79614,0.82002,62.706457576251815,0.0014302080362331505,NZDCAD_merged,19.240923726145013
2023-11-15 17:00:00,2023-11-15 21:00:00,1.3,30.0,0.4734619801116376,6763.7425730233945,-1,98.476,98.91278185089168,97.90818359384082,94.243,95.825,68.83715942414558,0.15971598046539165,AUDJPY_merged,38.52653801988836
2023-11-15 03:00:00,2023-11-15 21:00:00,1.5,14.999999999999998,0.26019739570912725,3717.1056529875323,-1,1.24693,1.2519618585873307,1.2393822121190043,1.20691,1.23371,63.87472702198188,0.0016839086103642008,GBPUSD_merged,22.23980260429087
2023-11-15 05:00:00,2023-11-16 08:00:00,-1.1,30.0,0.6108054745688305,8725.792493840436,1,0.64908,0.6468484089996701,0.6524273865004947,0.64817,0.68289,34.67561972301437,0.0007264448334354391,CADCHF_merged,-33.61080547456883
2023-11-14 20:00:00,2023-11-16 08:00:00,-1.1,15.000000000000002,0.30067860716322403,4295.408673760344,1,0.64921,0.646942893249602,0.6521572387755173,0.64817,0.65999,29.11153151417593,0.0008125499406130702,CADCHF_merged,-16.800678607163228
2023-11-15 10:00:00,2023-11-16 10:00:00,-1.1,15.000000000000002,0.2947096682744765,4210.138118206807,1,0.88882,0.8856532867887769,0.8935700698168348,0.88878,0.9244,29.336130452452494,0.001433073563866128,USDCHF_merged,-16.79470966827448
2023-11-15 12:00:00,2023-11-16 10:00:00,1.5,30.000000000000004,0.3552605487893451,5075.150696990645,-1,98.457,99.038994540921,97.58400818861848,93.016,96.92,75.2862567810421,0.19114116742793053,AUDJPY_merged,44.64473945121066
2023-11-15 17:00:00,2023-11-16 10:00:00,1.3,30.0,0.627078047034549,8958.257814779272,-1,170.276,170.8462314116895,169.53469916480367,164.977,168.413,69.27988138184332,0.21461133206252445,CHFJPY_merged,38.37292195296545
2023-11-15 09:00:00,2023-11-17 02:00:00,1.3,30.0,0.34068584644518585,4866.940663502655,-1,0.65083,0.6548417398895815,0.645614738143544,0.62698,0.65226,54.36535852020633,0.0015718417609671908,AUDUSD_merged,38.65931415355482
2023-11-15 04:00:00,2023-11-17 15:00:00,-1.1,30.0,0.6268434126438192,8954.905894911702,-1,1.08704,1.0906817133114186,1.0815774300328722,1.05167,1.06942,62.27934287097164,0.001317196977343831,EURUSD_merged,-33.62684341264382
2023-11-15 10:00:00,2023-11-19 21:00:00,-1.1,15.0,0.16054167625361768,2293.452517908824,-1,0.64889,0.6531339727546114,0.6425240408680828,0.62698,0.64449,64.76092106886128,0.0017338530637552455,AUDUSD_merged,-16.66054167625362
2023-11-15 12:00:00,2023-11-19 23:00:00,-1.1,30.0,0.47358761510367015,6765.53735862386,1,0.88725,0.8833157227077356,0.8923645604799436,0.88878,0.91121,36.797274818977236,0.0014037726137417076,USDCHF_merged,-33.47358761510367
2023-11-16 16:00:00,2023-11-20 03:00:00,-1.1,30.0,0.5927017724961623,8467.168178516606,-1,1.49268,1.4979687103522545,1.4847469344716184,1.43261,1.44969,65.37696677788279,0.0016934103471263901,EURCAD_merged,-33.59270177249616
2023-11-20 09:00:00,2023-11-20 15:00:00,-1.1,15.000000000000002,0.3595242801045041,5136.061144350059,-1,0.898,0.9006226323288261,0.8953773676711739,0.8752,0.89087,70.48369293213351,0.0012982387848550704,AUDCAD_merged,-16.85952428010451
2023-11-20 09:00:00,2023-11-20 15:00:00,-1.1,15.000000000000002,0.3595242801045041,5136.061144350059,-1,0.898,0.9006226323288261,0.8953773676711739,0.8584,0.89087,70.200999741962,0.0012982387848550704,AUDCAD_merged,-16.85952428010451
2023-11-20 06:00:00,2023-11-20 20:00:00,-1.1,15.0,0.26477134913454614,3782.447844779231,-1,0.82639,0.8296672031522151,0.8227850765325633,0.79614,0.82002,62.02476962153241,0.0012168582686482884,NZDCAD_merged,-16.764771349134545
2023-11-21 02:00:00,2023-11-21 03:00:00,-1.1,60.0,0.9714009301569517,13877.156145099312,-1,0.83113,0.8347235172508389,0.8271771310240772,0.79614,0.82002,68.6138458167022,0.0014191133038710673,NZDCAD_merged,-66.97140093015695
2023-11-20 11:00:00,2023-11-21 11:00:00,1.5,15.0,0.4059693673284136,5799.562390405909,-1,1.50169,1.5055739740800553,1.4958640388799171,1.43261,1.44969,67.21199553945158,0.0017564825662571212,EURCAD_merged,22.094030632671586
2023-11-20 11:00:00,2023-11-21 13:00:00,1.5,15.0,0.34351254158558076,4907.322022651154,-1,1.50169,1.50628015118552,1.4948047732217202,1.43261,1.44969,67.71768064413419,0.0017564825662571212,EURCAD_merged,22.156487458414418
2023-11-21 02:00:00,2023-11-21 13:00:00,1.1,30.0,0.5890814294254096,8415.448991791567,-1,0.90115,0.9043624845657515,0.8976162669776733,0.8752,0.89087,66.53111211837152,0.0012716016306255572,AUDCAD_merged,32.41091857057459
2023-11-21 07:00:00,2023-11-21 13:00:00,1.1,30.0,0.45835260903854863,6547.89441483641,-1,0.83199,0.8358018665969087,0.8277969467434004,0.79614,0.82002,66.73277862312035,0.0014899523560388337,NZDCAD_merged,32.54164739096145
2023-11-21 00:00:00,2023-11-22 01:00:00,1.1,29.999999999999996,0.39459804199789245,5637.114885684178,-1,0.60647,0.6096975552953878,0.6029196891750732,0.57729,0.60016,62.442724955366614,0.0012341268912099868,NZDUSD_merged,32.605401958002105
2023-11-21 00:00:00,2023-11-22 09:00:00,1.1,15.0,0.340488293484651,4864.118478352158,-1,1.25302,1.2568840711741807,1.2487695217084014,1.20691,1.24282,62.96598192983326,0.001462168276493087,GBPUSD_merged,16.15951170651535
2023-11-24 13:00:00,2023-11-24 13:00:00,1.5,14.999999999999998,0.3797118732261363,5424.455331801948,-1,109.862,110.16579639967513,109.4063054004873,107.484,109.981,67.39882979726744,0.15972214893716508,CADJPY_merged,22.12028812677386
2023-11-24 12:00:00,2023-11-24 13:00:00,1.4,15.0,0.5047262163789392,7210.374519699132,-1,109.891,110.11961017766784,109.57094575126504,107.484,109.981,74.87690876167193,0.13208539116310042,CADJPY_merged,20.495273783621062
2023-11-24 13:00:00,2023-11-26 21:00:00,1.5,30.0,0.6717979295539336,9597.11327934191,-1,109.862,110.20542201702406,109.34686697446391,107.484,109.981,67.05122944806483,0.15972214893716508,CADJPY_merged,44.32820207044607
2023-11-24 12:00:00,2023-11-26 21:00:00,1.4,60.0,2.274694203057539,32495.631472250563,1,1.36102,1.3585070099056318,1.364538186132115,1.36288,1.38986,25.197324992263592,0.001441213076755673,USDCAD_merged,81.72530579694246
2023-11-24 12:00:00,2023-11-26 21:00:00,1.3,15.0,0.537080575721919,7672.579653170273,1,1.36102,1.3583591869589042,1.3644790569534242,1.36288,1.38542,28.792991333939344,0.001441213076755673,USDCAD_merged,18.96291942427808
2023-11-24 12:00:00,2023-11-26 21:00:00,1.1,15.0,0.43942956195429733,6277.565170775677,1,1.36102,1.3577678951719943,1.3645973153108062,1.36288,1.38542,26.506271487820918,0.001441213076755673,USDCAD_merged,16.0605704380457
2023-11-24 12:00:00,2023-11-26 22:00:00,1.5,60.0,1.6222253816186925,23174.648308838467,-1,188.444,188.93188831007578,187.7121675348863,180.76,188.282,70.04558587032756,0.2156411698371844,GBPJPY_merged,88.37777461838131
2023-11-24 12:00:00,2023-11-27 07:00:00,-1.1,60.0,1.356279404047385,19375.420057819785,-1,1.25992,1.2638216031536043,1.2556282365310352,1.20691,1.24282,65.25651021082015,0.0014741439834301394,GBPUSD_merged,-67.35627940404738
2023-11-24 12:00:00,2023-11-27 18:00:00,1.5,30.0,0.6863261229925238,9804.658899893198,-1,188.444,189.0205952755441,187.57910708668382,180.76,188.282,73.54812590676381,0.2156411698371844,GBPJPY_merged,44.313673877007474
2023-11-24 12:00:00,2023-11-28 05:00:00,-1.1,14.999999999999998,0.4203239288258496,6004.627554654995,1,1.36102,1.3576200722252667,1.3661198916620998,1.36288,1.38986,23.77083745445978,0.001441213076755673,USDCAD_merged,-16.920323928825848
2023-11-27 11:00:00,2023-11-28 08:00:00,-1.1,30.0,0.678864196435671,9698.059949081015,-1,1.26055,1.2644493881455212,1.2562606730399268,1.20691,1.24282,57.33309502739497,0.0014783529091146885,GBPUSD_merged,-33.67886419643567
2023-11-24 12:00:00,2023-11-28 11:00:00,-1.1,15.0,0.3333603573446393,4762.290819209134,1,1.36102,1.3567331345449014,1.3674502981826475,1.36288,1.38986,27.702014951033917,0.001441213076755673,USDCAD_merged,-16.833360357344638
2023-11-24 12:00:00,2023-11-28 11:00:00,-1.1,60.0,1.4873000558453142,21247.14365493306,1,1.36102,1.357176603385084,1.3667850949223737,1.36288,1.38986,25.197324992263592,0.001441213076755673,USDCAD_merged,-67.48730005584531
2023-11-28 13:00:00,2023-11-28 20:00:00,-1.1,29.999999999999996,0.391913945237886,5598.770646255514,-1,0.61301,0.6162947032253946,0.609396826452066,0.58615,0.60016,60.571454204642016,0.001260965437640943,NZDUSD_merged,-33.39191394523789
2023-11-29 01:00:00,2023-11-29 02:00:00,1.0,14.999999999999998,0.20049108248276476,2864.158321182354,-1,0.61924,0.6224830469821814,0.6159969530178186,0.58615,0.60016,67.24103767940514,0.00152042893769925,NZDUSD_merged,14.799508917517233
2023-11-29 02:00:00,2023-11-29 04:00:00,1.0,30.000000000000004,0.7400145963300225,10571.637090428894,1,1.07381,1.0707627614574315,1.0768572385425683,1.07727,1.08867,33.00905872603765,0.0015431326888907938,AUDNZD_merged,29.25998540366998
2023-11-28 21:00:00,2023-11-29 04:00:00,1.4,60.0,1.3308101365394926,19011.57337913561,1,146.898,146.43439397306943,147.54704843770278,148.804,151.907,29.76914270143082,0.27394446849148574,USDJPY_merged,82.6691898634605
2023-11-28 21:00:00,2023-11-29 04:00:00,1.3,60.0,1.2568762400650764,17955.374858072522,1,146.898,146.4071230303088,147.53614006059854,148.804,151.907,31.057849682947687,0.27394446849148574,USDJPY_merged,76.74312375993492
2023-11-29 01:00:00,2023-11-29 04:00:00,1.3,59.99999999999999,1.2132109086025102,17331.58440860729,1,1.77642,1.7702702333377516,1.7844146966609233,1.79543,1.82831,34.70836278157155,0.0034074986749695114,EURNZD_merged,76.7867890913975
2023-11-28 21:00:00,2023-11-29 04:00:00,1.1,60.0,1.0283532873259715,14690.761247513881,1,146.898,146.29803925926632,147.55795681480703,148.804,151.907,30.176034022502552,0.27394446849148574,USDJPY_merged,64.97164671267403
2023-11-29 01:00:00,2023-11-29 08:00:00,1.5,60.0,0.9005053337744235,12864.361911063195,-1,0.54273,0.5452613187101799,0.5389330219347301,0.52693,0.53931,64.1820387386202,0.001139842312738288,NZDCHF_merged,89.09949466622558
2023-11-29 03:00:00,2023-11-29 10:00:00,1.0,15.0,0.23252129320627585,3321.732760089655,-1,0.54071,0.5431516925098397,0.5382683074901603,0.52693,0.53931,55.2099591987822,0.001140374239044766,NZDCHF_merged,14.767478706793725
2023-11-29 01:00:00,2023-11-29 10:00:00,1.5,60.00000000000001,0.7619660516552815,10885.229309361166,-1,0.54273,0.5457215584756672,0.5382426622864993,0.52693,0.53931,65.06211501159169,0.001139842312738288,NZDCHF_merged,89.23803394834474
2023-11-29 03:00:00,2023-11-29 10:00:00,1.0,60.0,0.9300851728251034,13286.93104035862,-1,0.54071,0.5431516925098397,0.5382683074901603,0.52693,0.53931,56.102371745194,0.001140374239044766,NZDCHF_merged,59.0699148271749
2023-11-29 04:00:00,2023-11-29 17:00:00,-1.1,60.0,1.441749033301083,20596.414761444044,1,1.0762,1.073064891256663,1.0793351087433372,1.07727,1.08867,38.34944610053623,0.001486986859298716,AUDNZD_merged,-67.44174903330108
2023-11-28 13:00:00,2023-11-30 06:00:00,1.1,30.0,0.516384729229206,7376.9247032743715,-1,1.2692,1.2743615004262006,1.2635223495311796,1.20691,1.24282,63.919807391224005,0.0019848215807859158,GBPUSD_merged,32.48361527077079
2023-11-29 03:00:00,2023-11-30 09:00:00,1.0,60.0,0.7791349026514554,11130.498609306505,-1,0.61595,0.6192703364285136,0.6126296635714864,0.58615,0.60016,59.74739227856804,0.0015653188289345892,NZDUSD_merged,59.22086509734854
2023-11-29 03:00:00,2023-11-30 09:00:00,1.0,30.0,0.3895674513257277,5565.249304653253,-1,0.61595,0.6192703364285136,0.6126296635714864,0.58615,0.60016,59.08578539849643,0.0015653188289345892,NZDUSD_merged,29.61043254867427
2023-11-29 01:00:00,2023-11-30 10:00:00,-1.1,15.0,0.18825686512797568,2689.38378754251,1,1.77642,1.7665120425997107,1.7912819361004342,1.78809,1.82831,34.351852290175536,0.0034074986749695114,EURNZD_merged,-16.688256865127975
2023-11-29 03:00:00,2023-12-01 12:00:00,-1.1,15.0,0.15732531688154383,2247.504526879198,-1,0.61595,0.6200608927210168,0.6114280180068815,0.58615,0.60016,60.92830058383705,0.0015653188289345892,NZDUSD_merged,-16.657325316881543
2023-11-29 02:00:00,2023-12-04 22:00:00,-1.1,30.0,0.5977040970357874,8538.629957654106,1,1.07381,1.0700372284711057,1.0779600486817835,1.07727,1.08867,34.49043910877221,0.0015431326888907938,AUDNZD_merged,-33.59770409703579
2023-12-03 19:00:00,2023-12-05 04:00:00,1.3,90.00000000000001,3.2682241492496553,46688.91641785222,1,0.85639,0.8547391777939286,0.8585360688678928,0.86494,0.87656,35.98769691551701,0.0009516146301161812,EURGBP_merged,113.73177585075037
2023-12-03 21:00:00,2023-12-05 17:00:00,-1.1275677499586294,30.0,0.9394827646433808,13421.182352048298,1,0.85768,0.8557628514712735,0.8595971485287265,0.86494,0.87656,41.741109673005575,0.0008770044514777155,EURGBP_merged,-34.76651526340226
2023-12-07 09:00:00,2023-12-07 10:00:00,-1.1,90.0,1.4016005519679886,20022.865028114124,1,95.353,94.92440149584236,95.78159850415763,96.032,98.54,21.948161949315466,0.2195163453758265,AUDJPY_merged,-100.401600551968
2023-12-07 09:00:00,2023-12-07 10:00:00,-1.1,30.0,0.46720018398932955,6674.288342704708,1,95.353,94.92440149584236,95.78159850415763,96.032,98.54,21.240497335796704,0.2195163453758265,AUDJPY_merged,-33.46720018398933
2023-12-13 19:00:00,2023-12-13 21:00:00,-1.1,30.0,0.45273659087537,6467.665583933857,1,155.39,154.6692298953149,156.11077010468506,161.244,163.714,23.55122576029148,0.36692215513285276,EURJPY_merged,-33.45273659087537
2023-12-13 19:00:00,2023-12-13 21:00:00,-1.1,60.0,1.0051502922737638,14359.289889625199,1,180.204,179.45102126058393,181.25817023518252,184.454,188.656,23.591825528362296,0.46436233665584,GBPJPY_merged,-67.00515029227377
2023-12-13 19:00:00,2023-12-13 21:00:00,-1.1,90.0,0.9837281122400929,14053.258746287043,1,142.787,141.87256227192535,144.15865659211198,148.804,151.907,22.850799643110964,0.4381068332782627,USDJPY_merged,-99.9837281122401
2023-12-13 19:00:00,2023-12-13 21:00:00,-1.1,90.0,1.4239629140544985,20342.327343635694,1,180.204,179.40672839355946,181.24045308837273,184.454,188.656,26.957341739419554,0.46436233665584,GBPJPY_merged,-100.42396291405451
2023-12-13 19:00:00,2023-12-13 22:00:00,-1.1,60.0,0.7767070440297265,11095.81491471038,1,180.204,179.22955692546157,181.2758873819923,184.454,188.656,24.78124140020461,0.46436233665584,GBPJPY_merged,-66.77670704402972
2023-12-13 19:00:00,2023-12-13 22:00:00,-1.1,90.0,1.3574134689122463,19391.620984460664,1,105.687,105.19648762831007,106.3246660831969,107.227,109.982,26.740912665006288,0.28518495364956686,CADJPY_merged,-100.35741346891226
2023-12-13 19:00:00,2023-12-13 22:00:00,-1.1,60.0,0.7082157229107373,10117.367470153391,1,105.687,105.06023419172953,106.6271487124057,107.227,110.67,22.06389699666546,0.28518495364956686,CADJPY_merged,-66.70821572291074
2023-12-13 19:00:00,2023-12-13 22:00:00,-1.1,30.0,0.3714685862750866,5306.694089644095,1,180.204,179.18526405843707,181.7321039123444,184.454,188.656,22.347818204217983,0.46436233665584,GBPJPY_merged,-33.371468586275085
2023-12-13 19:00:00,2023-12-13 22:00:00,-1.1,15.0,0.14042208299092201,2006.029757013172,1,105.687,104.89673006783289,106.87240489825066,107.227,110.67,25.653544402648276,0.28518495364956686,CADJPY_merged,-16.640422082990924
2023-12-13 19:00:00,2023-12-13 22:00:00,-1.1,60.0,0.849478270400453,12135.403862863615,1,163.921,163.1105399517689,164.73146004823107,166.547,170.208,21.697533833232143,0.40193811656476125,CHFJPY_merged,-66.84947827040045
2023-12-13 19:00:00,2023-12-13 22:00:00,-1.1,60.0,0.6572136526405379,9388.766466293398,1,180.204,179.05238545736364,181.93142181395453,184.454,188.656,23.591825528362296,0.46436233665584,GBPJPY_merged,-66.65721365264054
2023-12-13 19:00:00,2023-12-13 22:00:00,-1.1,90.0,0.9397477861700168,13424.968373857382,1,105.687,104.97848212978121,106.74977680532818,107.227,110.67,23.304109000606864,0.28518495364956686,CADJPY_merged,-99.93974778617003
2023-12-13 19:00:00,2023-12-13 22:00:00,-1.1,90.0,1.4372613200247315,20532.304571781882,1,105.687,105.22373831562618,106.33556635812334,107.227,110.67,23.304109000606864,0.28518495364956686,CADJPY_merged,-100.43726132002475
2023-12-13 23:00:00,2023-12-14 08:00:00,1.3,59.99999999999999,1.15292604990441,16470.372141491574,-1,0.90385,0.9071426396279404,0.8995695684836775,0.8752,0.90416,72.69964662126048,0.001778583935048596,AUDCAD_merged,76.84707395009559
2023-12-13 23:00:00,2023-12-14 08:00:00,1.1,30.0,0.47165156586998597,6737.8795124283715,-1,0.90385,0.9078743373230382,0.899423228944658,0.8752,0.90416,74.85218530353109,0.001778583935048596,AUDCAD_merged,32.52834843413002
2023-12-14 04:00:00,2023-12-14 08:00:00,1.0,30.0,0.48331891815547917,6904.555973649703,1,1.88805,1.8798465036106355,1.8962534963893645,1.89684,1.92637,38.20408676094341,0.003850967791215589,GBPAUD_merged,29.51668108184452
2023-12-14 03:00:00,2023-12-14 08:00:00,1.0,15.0,0.2540997400599719,3629.996286571027,-1,0.90403,0.9077656649785473,0.9002943350214527,0.8752,0.90416,57.954321857212186,0.0019082532218066117,AUDCAD_merged,14.745900259940028
2023-12-13 23:00:00,2023-12-14 08:00:00,1.4,60.0,1.3197964718020148,18854.235311457356,1,1.62407,1.6189017076566459,1.6313056092806955,1.64517,1.68394,24.559736772384685,0.002971588254773224,EURAUD_merged,82.68020352819798
2023-12-13 23:00:00,2023-12-14 08:00:00,1.4,59.99999999999999,1.220745229310552,17439.217561579317,-1,0.90385,0.906959715204166,0.8994963987141678,0.8752,0.90416,76.03494594462438,0.001778583935048596,AUDCAD_merged,82.77925477068943
2023-12-14 03:00:00,2023-12-14 08:00:00,1.0,30.0,0.5081994801199438,7259.992573142054,-1,0.90403,0.9077656649785473,0.9002943350214527,0.8752,0.90416,59.03560285499468,0.0019082532218066117,AUDCAD_merged,29.491800519880055
2023-12-14 04:00:00,2023-12-14 09:00:00,1.0,29.999999999999996,0.4879707456389842,6971.010651985489,1,1.62857,1.621561389277811,1.6355786107221892,1.62677,1.68394,36.55240374802792,0.003521188414573438,EURAUD_merged,29.51202925436101
2023-12-13 23:00:00,2023-12-14 10:00:00,1.5,15.0,0.22557248802477595,3222.4641146396566,-1,0.90385,0.9080572617468127,0.897539107379781,0.8752,0.90416,77.28713509598289,0.001778583935048596,AUDCAD_merged,22.274427511975222
2023-12-14 14:00:00,2023-12-15 03:00:00,-1.1,30.0,0.7592821588848387,10846.887984069126,1,1.34182,1.3381088341744543,1.3455311658255458,1.34793,1.38542,23.748556822958715,0.0017524202629964293,USDCAD_merged,-33.75928215888484
2023-12-14 14:00:00,2023-12-15 03:00:00,-1.1,30.0,0.7592821588848387,10846.887984069126,1,1.34182,1.3381088341744543,1.3455311658255458,1.34793,1.38542,23.20740678972504,0.0017524202629964293,USDCAD_merged,-33.75928215888484
2023-12-13 23:00:00,2023-12-15 08:00:00,1.5,15.0,0.17890231808861537,2555.747401265934,-1,0.90385,0.9091548082894595,0.8958927875658108,0.8752,0.90416,73.74089614117342,0.001778583935048596,AUDCAD_merged,22.321097681911386
2023-12-14 03:00:00,2023-12-15 08:00:00,1.0,14.999999999999998,0.1975865832146136,2822.66547449448,-1,0.67093,0.6744954065601956,0.6673645934398045,0.63381,0.66901,66.6611420366631,0.0017651117443041446,AUDUSD_merged,14.802413416785384
2023-12-14 12:00:00,2023-12-19 09:00:00,-1.1,15.0,0.13958333261466896,1994.0476087809855,-1,0.67118,0.6762288764439053,0.6656262359117042,0.63381,0.66901,65.58679770855659,0.00188888444425189,AUDUSD_merged,-16.63958333261467
2023-12-19 11:00:00,2023-12-20 02:00:00,1.0,30.0,0.707828204980078,10111.831499715401,-1,1.27383,1.2776092263450074,1.2700507736549926,1.20691,1.27329,74.30047541050122,0.0018646579076563269,GBPUSD_merged,29.29217179501992
2023-12-19 11:00:00,2023-12-20 02:00:00,1.0,30.0,0.707828204980078,10111.831499715401,-1,1.27383,1.2776092263450074,1.2700507736549926,1.20691,1.27329,77.05111855613032,0.0018646579076563269,GBPUSD_merged,29.29217179501992
2023-12-19 12:00:00,2023-12-20 07:00:00,1.4,90.00000000000001,2.1870449621110586,31243.499458729413,1,0.86094,0.8584599769122422,0.8644120323228611,0.86663,0.91121,34.593886666565865,0.0014417773168425435,USDCHF_merged,123.81295503788895
2023-12-20 09:00:00,2023-12-20 14:00:00,1.0,30.0,0.6825086533906115,9750.123619865879,1,1.74137,1.7360120063953284,1.7467279936046718,1.79543,1.82831,35.179495103078295,0.0025163237027460085,EURNZD_merged,29.317491346609387
2023-12-20 06:00:00,2023-12-20 15:00:00,1.1,15.000000000000002,0.26083640467624836,3726.234352517834,-1,0.62837,0.6308995107897953,0.625587538131225,0.58615,0.62221,66.48102478900277,0.0009733967106412156,NZDUSD_merged,16.239163595323756
2023-12-19 12:00:00,2023-12-21 08:00:00,-1.1,30.0,0.538837164578087,7697.673779686957,1,0.86094,0.8575846746459747,0.8659729880310381,0.88878,0.91121,34.07870878949674,0.0014417773168425435,USDCHF_merged,-33.538837164578084
2023-12-27 14:00:00,2023-12-27 17:00:00,-1.1,90.00000000000001,1.897562405999532,27108.034371421883,1,0.63804,0.6359216759926889,0.6410056536102358,0.64045,0.65999,25.137636521949595,0.0012327820208002447,CADCHF_merged,-100.89756240599957
2023-12-27 15:00:00,2023-12-27 20:00:00,-1.1,60.0,2.3012368561668883,32874.81223095555,-1,1.11015,1.1121761408500845,1.1073134028098814,1.07236,1.10171,74.99937664699745,0.0011531441618109206,EURUSD_merged,-68.3012368561669
2023-12-27 14:00:00,2023-12-27 21:00:00,-1.1,90.0,1.9233677335530879,27476.681907901257,1,0.84307,0.8403085202749615,0.8469360716150538,0.86663,0.88205,24.404043508705865,0.0016219427069537713,USDCHF_merged,-100.9233677335531
2023-12-27 14:00:00,2023-12-27 23:00:00,-1.1,30.0,0.49541290106670444,7077.327158095778,1,0.84307,0.8394963203558325,0.8470010476085841,0.86663,0.88205,25.128739173851574,0.0016219427069537713,USDCHF_merged,-33.49541290106671
2023-12-27 14:00:00,2023-12-27 23:00:00,-1.1,89.99999999999999,1.7921422723328906,25602.032461898438,1,0.63804,0.6357970686981411,0.6409558106924166,0.64045,0.65129,28.393535702955617,0.0012327820208002447,CADCHF_merged,-100.79214227233288
2023-12-27 14:00:00,2023-12-27 23:00:00,-1.1,60.0,0.9908258021334089,14154.654316191556,1,0.84307,0.8394963203558325,0.8484305194662511,0.86663,0.88205,27.126061053136564,0.0016219427069537713,USDCHF_merged,-66.99082580213341
2023-12-27 13:00:00,2023-12-28 02:00:00,-1.1,30.0,0.8125473964961667,11607.81994994524,-1,1.27893,1.2822353493391048,1.275624650660895,1.24999,1.27937,72.66249031086411,0.0015451204560667782,GBPUSD_merged,-33.812547396496164
2023-12-27 13:00:00,2023-12-28 02:00:00,-1.1,30.0,0.8125473964961667,11607.81994994524,-1,1.27893,1.2822353493391048,1.275624650660895,1.24999,1.27937,73.80420428527073,0.0015451204560667782,GBPUSD_merged,-33.812547396496164
2023-12-27 18:00:00,2023-12-28 04:00:00,-1.1,60.0,1.937969892015193,27685.284171645617,-1,1.11038,1.1127864336702107,1.106770349494684,1.07236,1.10171,71.93673968714675,0.0010607025231408828,EURUSD_merged,-67.93796989201519
2023-12-28 01:00:00,2023-12-28 04:00:00,-1.1,30.0,0.6411364717290369,9159.092453271956,1,0.84038,0.837627391034797,0.843132608965203,0.86663,0.88205,23.061719192693754,0.0012671400186272021,USDCHF_merged,-33.641136471729034
2023-12-28 01:00:00,2023-12-28 04:00:00,-1.1,30.0,0.6411364717290369,9159.092453271956,1,0.84038,0.837627391034797,0.843132608965203,0.86663,0.88205,22.71639106504991,0.0012671400186272021,USDCHF_merged,-33.641136471729034
2023-12-28 01:00:00,2023-12-28 04:00:00,-1.1,30.0,0.5178409963965298,7397.728519950427,1,0.84038,0.8369720079478439,0.8441287912573718,0.86663,0.88205,25.665655651102,0.0012671400186272021,USDCHF_merged,-33.51784099639653
2023-12-27 22:00:00,2023-12-28 04:00:00,1.1,29.999999999999996,0.5251884903594682,7502.692719420975,-1,0.6356,0.6381414875316221,0.6328043637152158,0.60837,0.62221,61.91023813368043,0.0009648169755793161,NZDUSD_merged,32.47481150964053
2023-12-27 15:00:00,2023-12-28 04:00:00,-1.1,29.999999999999996,0.6745004578420187,9635.720826314555,-1,1.11015,1.1136063579207325,1.1049654631189012,1.07236,1.10171,73.68485224774949,0.0011531441618109206,EURUSD_merged,-33.67450045784202
2023-12-28 04:00:00,2023-12-28 07:00:00,1.1,29.999999999999996,0.8066530574308853,11523.615106155507,-1,1.28044,1.2837734330976989,1.2767732235925313,1.24999,1.27937,59.915030965008,0.0013440832491781142,GBPUSD_merged,32.193346942569114
2023-12-28 06:00:00,2023-12-28 10:00:00,-1.1,30.0,0.4352410910895592,6217.72987270799,1,1.07124,1.06607136117877,1.076925502703353,1.09892,1.11558,28.913155671447047,0.001970228150439292,GBPCHF_merged,-33.43524109108956
2023-12-28 07:00:00,2023-12-28 12:00:00,1.0,15.0,0.19819845184576565,2831.4064549395093,1,0.57188,0.568850339604533,0.5749096603954671,0.57058,0.58644,31.791861780099918,0.001436074324526261,AUDCHF_merged,14.801801548154234
2023-12-28 07:00:00,2023-12-28 14:00:00,1.1,30.0,0.32016672990469836,4573.810427209977,1,0.57188,0.5681289918913266,0.5760061089195408,0.57058,0.58644,33.22527305659833,0.001436074324526261,AUDCHF_merged,32.6798332700953
2024-01-05 01:00:00,2024-01-05 08:00:00,-1.1,30.0,0.5844222187149724,8348.88883878532,-1,158.297,158.8658074295514,157.67131182749344,153.129,158.566,69.05040459750339,0.2442883676969365,EURJPY_merged,-33.58442221871497
2024-01-04 13:00:00,2024-01-05 09:00:00,-1.1,30.0,0.38790956043724945,5541.565149103564,-1,169.835,170.75442436169396,168.82363320213665,162.125,170.208,64.5097394088782,0.34450870060498323,CHFJPY_merged,-33.38790956043725
2024-01-04 12:00:00,2024-01-05 09:00:00,-1.1,30.0,0.4726424599321161,6752.035141887373,-1,170.033,170.78847444478703,169.27752555521295,162.125,170.208,66.16278444473731,0.35362475449767433,CHFJPY_merged,-33.47264245993212
2024-01-04 22:00:00,2024-01-08 05:00:00,1.1,30.0,0.5058181032179747,7225.972903113925,-1,90.28,90.65481458016994,89.86770396181306,87.674,90.424,65.7504722760494,0.13971949291783586,NZDJPY_merged,32.494181896782024
2024-01-10 09:00:00,2024-01-10 10:00:00,-1.1,30.0,0.5600565220014415,8000.807457163451,-1,158.957,159.55302859155552,158.30136854928892,155.063,158.566,67.67763002237184,0.22986735412696993,EURJPY_merged,-33.56005652200144
2024-01-10 20:00:00,2024-01-11 09:00:00,-1.1,30.0,0.7242901487184024,10347.002124548606,-1,159.7,160.16303266804528,159.2369673319547,155.063,158.566,64.50518521336132,0.21974233621050185,EURJPY_merged,-33.7242901487184
2024-01-10 21:00:00,2024-01-11 09:00:00,-1.1,30.0,0.5865980370457293,8379.971957796133,-1,159.591,160.16233007414732,158.96253691843796,155.063,158.566,67.0210615513427,0.2237607407668933,EURJPY_merged,-33.58659803704573
2024-01-11 03:00:00,2024-01-11 10:00:00,1.1,30.0,0.6320996401928435,9029.994859897764,-1,97.648,97.97241214479641,97.29114664072394,95.836,97.591,64.31829064880559,0.12214719457014632,AUDJPY_merged,32.36790035980716
2024-01-10 18:00:00,2024-01-11 10:00:00,1.0,30.0,0.7242685499662425,10346.693570946321,-1,97.554,97.83685557892794,97.27114442107207,95.836,97.591,75.47008774911224,0.13707219476405383,AUDJPY_merged,29.275731450033756
2024-01-10 20:00:00,2024-01-11 12:00:00,1.0,30.0,0.6600685803339605,9429.551147628008,-1,171.123,171.66742570167204,170.57857429832794,162.125,170.208,67.41208045257329,0.2507324531202997,CHFJPY_merged,29.33993141966604
2024-01-10 20:00:00,2024-01-11 17:00:00,1.1,30.0,0.5331323148851218,7616.175926930313,-1,171.123,171.79705086873685,170.38154404438947,162.125,170.208,64.57809045607087,0.2507324531202997,CHFJPY_merged,32.46686768511488
2024-01-11 03:00:00,2024-01-11 17:00:00,1.1,30.000000000000004,0.57764246234478,8252.035176354,-1,90.862,91.19232578530577,90.49864163616364,88.565,90.424,64.39624621519387,0.1275449233234905,NZDJPY_merged,32.42235753765523
2024-01-17 05:00:00,2024-01-17 10:00:00,-1.1,30.0,0.5224226884511657,7463.181263588082,1,0.65526,0.6526260294041217,0.6578939705958782,0.664,0.68706,31.17187289615068,0.0012646808757284535,AUDUSD_merged,-33.522422688451165
2024-01-17 08:00:00,2024-01-17 12:00:00,-1.1,30.000000000000004,0.6696274781578905,9566.106830827008,-1,2.07147,2.077966279113227,2.064973720886773,2.00557,2.06029,72.8937876563728,0.003020361512651414,GBPNZD_merged,-33.6696274781579
2024-01-17 08:00:00,2024-01-17 19:00:00,-1.1,15.0,0.2418992684462261,3455.7038349460877,-1,1.93265,1.9410389567464776,1.9200665648802833,1.85867,1.92637,70.70261012168632,0.0028304048695618647,GBPAUD_merged,-16.741899268446225
2024-01-17 08:00:00,2024-01-17 19:00:00,-1.1,30.0,0.5396214449954275,7708.877785648965,-1,1.93265,1.9401711336347731,1.9213682995478403,1.85867,1.92637,71.44606802610186,0.0028304048695618647,GBPAUD_merged,-33.539621444995426
2024-01-17 11:00:00,2024-01-19 01:00:00,-1.1,30.0,0.5941066294644612,8487.237563778019,-1,1.78,1.7862917998463836,1.7730790201689781,1.73973,1.77382,64.19817573498584,0.0023827856594227453,EURNZD_merged,-33.59410662946446
2024-01-22 17:00:00,2024-01-23 16:00:00,1.3,15.0,0.29362461213976015,4194.637316282288,-1,2.09062,2.0980960456352857,2.0809011406741282,2.00557,2.06029,70.03302357811114,0.002908983948643375,GBPNZD_merged,19.20637538786024
2024-01-22 20:00:00,2024-01-23 16:00:00,1.3,15.0,0.2704837656713226,3864.053795304609,-1,2.09041,2.09852483267601,2.0798607175211865,2.00557,2.06029,65.02636991173894,0.0028675720609218276,GBPNZD_merged,19.229516234328678
2024-01-22 17:00:00,2024-01-23 16:00:00,1.4,15.0,0.2831380188490545,4044.8288407007785,-1,2.09062,2.0983729362143704,2.079765889299881,2.00557,2.06029,67.10135088548397,0.002908983948643375,GBPNZD_merged,20.716861981150945
2024-01-22 20:00:00,2024-01-23 16:00:00,1.4,15.0,0.2704837656713226,3864.053795304609,-1,2.09041,2.09852483267601,2.0790492342535853,2.00557,2.06029,64.50955462087086,0.0028675720609218276,GBPNZD_merged,20.729516234328678
2024-01-25 05:00:00,2024-01-25 08:00:00,1.3,60.00000000000001,1.7203862383624227,24576.946262320325,-1,1.47157,1.475162561869062,1.4668996695702192,1.45486,1.47168,58.04344228666553,0.0013162514364499299,EURCAD_merged,76.27961376163759
2024-01-24 22:00:00,2024-01-25 09:00:00,1.3,60.0,1.5976828796744056,22824.041138205797,-1,1.47055,1.4744157921910377,1.465524470151651,1.45486,1.47168,61.86273852232307,0.0013220229204972324,EURCAD_merged,76.40231712032559
2024-01-25 05:00:00,2024-01-25 09:00:00,1.4,60.0,1.6589438727066217,23699.19818152317,-1,1.47157,1.4752956197160645,1.46635413239751,1.45486,1.47168,58.22651861765641,0.0013162514364499299,EURCAD_merged,82.34105612729338
2024-01-31 04:00:00,2024-01-31 23:00:00,-1.1,15.000000000000002,0.30739916349389435,4391.416621341348,1,0.88356,0.8805419761724289,0.8880870357413567,0.88768,0.9065,46.94259797984612,0.0010965161311752441,AUDCAD_merged,-16.807399163493898
2024-02-01 07:00:00,2024-02-01 11:00:00,1.1,15.0,0.17942334162543977,2563.1905946491397,1,0.65179,0.6479756718652098,0.6559857609482693,0.65245,0.68706,36.82944858584572,0.0014315457624250881,AUDUSD_merged,16.32057665837456
2024-02-01 07:00:00,2024-02-01 11:00:00,1.1,15.0,0.18660027529045736,2665.7182184351054,1,0.65179,0.6481223767934708,0.655824385527182,0.65245,0.68706,35.128285154074945,0.0014315457624250881,AUDUSD_merged,16.313399724709544
2024-02-01 07:00:00,2024-02-01 12:00:00,1.3,60.0,0.6911121307053976,9873.030438648537,1,0.65179,0.6478289669369486,0.6569393429819669,0.65245,0.68706,33.70515974064704,0.0014315457624250881,AUDUSD_merged,77.30888786929461
2024-02-01 07:00:00,2024-02-01 13:00:00,1.5,15.0,0.1943752867608931,2776.789810869902,1,0.65179,0.648269081721732,0.6570713774174018,0.65245,0.68706,36.309591013069394,0.0014315457624250881,AUDUSD_merged,22.30562471323911
2024-02-01 07:00:00,2024-02-01 14:00:00,1.3,60.0,0.6664295546087763,9520.422208696806,1,0.65179,0.6476822620086874,0.6571300593887064,0.65245,0.68706,34.45153920159897,0.0014315457624250881,AUDUSD_merged,77.33357044539122
2024-02-01 08:00:00,2024-02-01 19:00:00,1.1,60.00000000000001,1.0660674220293913,15229.534600419876,1,0.87682,0.8733655805853352,0.8806198613561314,0.88125,0.9065,32.103754813817865,0.0013987843540183575,AUDCAD_merged,64.93393257797062
2024-02-01 07:00:00,2024-02-01 19:00:00,1.4,15.0,0.16660738865219407,2380.1055521742014,1,0.65179,0.6476822620086874,0.6575408331878376,0.65245,0.68706,36.82944858584572,0.0014315457624250881,AUDUSD_merged,20.833392611347804
2024-02-01 07:00:00,2024-02-01 19:00:00,1.4,60.0,0.6664295546087763,9520.422208696806,1,0.65179,0.6476822620086874,0.6575408331878376,0.65245,0.68706,35.128285154074945,0.0014315457624250881,AUDUSD_merged,83.33357044539122
2024-02-01 07:00:00,2024-02-01 19:00:00,1.5,15.0,0.160862306284877,2298.0329469268145,1,0.65179,0.6475355570804262,0.6581716643793606,0.65245,0.68706,35.128285154074945,0.0014315457624250881,AUDUSD_merged,22.339137693715124
2024-02-01 08:00:00,2024-02-01 20:00:00,1.1,60.0,1.0250648288744146,14643.783269634496,1,0.87682,0.8732274038087486,0.8807718558103766,0.88125,0.9065,33.84510615253195,0.0013987843540183575,AUDCAD_merged,64.97493517112558
2024-02-01 11:00:00,2024-02-01 21:00:00,1.4,90.0,1.108682102547711,15838.315750681588,1,95.749,95.20491373883115,96.51072076563638,95.836,97.88,39.573626625588474,0.2033653417141582,AUDJPY_merged,124.89131789745227
2024-02-01 12:00:00,2024-02-01 21:00:00,1.1,60.0,0.7927580906416365,11325.115580594807,1,95.964,95.4555866457146,96.52325468971394,95.836,97.88,43.65649721580856,0.2027678173060046,AUDJPY_merged,65.20724190935836
2024-02-01 07:00:00,2024-02-01 21:00:00,1.4,60.0,0.9255471199304292,13222.101713291846,1,0.87641,0.872432977198312,0.8819778319223632,0.88768,0.9065,34.17089521305984,0.0013817677658659268,AUDCAD_merged,83.07445288006957
2024-02-01 08:00:00,2024-02-01 21:00:00,1.3,90.0,1.4277688687893633,20396.698125562336,1,0.87682,0.8729510502555754,0.881849634667752,0.88125,0.9065,31.37468551840336,0.0013987843540183575,AUDCAD_merged,115.57223113121064
2024-02-01 08:00:00,2024-02-01 21:00:00,1.3,90.0,1.4806491972630433,21152.131389472048,1,0.87682,0.8730892270321621,0.8816700048581895,0.88125,0.9065,30.538136744492927,0.0013987843540183575,AUDCAD_merged,115.51935080273695
2024-02-01 08:00:00,2024-02-01 21:00:00,1.3,90.0,1.2093574595300223,17276.535136143175,1,95.812,95.31287908645754,96.46085718760519,95.836,97.88,27.54164026527994,0.18794105492200686,AUDJPY_merged,115.79064254046997
2024-02-01 11:00:00,2024-02-01 21:00:00,1.3,90.0,1.108682102547711,15838.315750681588,1,95.749,95.20491373883115,96.4563121395195,95.836,97.88,40.11523715990961,0.2033653417141582,AUDJPY_merged,115.89131789745228
2024-02-01 12:00:00,2024-02-01 22:00:00,1.1,60.0,0.7622673948477272,10889.53421211039,1,95.964,95.43525011154318,96.54562487730249,95.836,97.88,42.215950828065296,0.2027678173060046,AUDJPY_merged,65.23773260515227
2024-02-01 08:00:00,2024-02-02 01:00:00,1.4,60.0,0.9518459125262422,13597.79875037489,1,0.87682,0.8729510502555754,0.8822365296421945,0.88125,0.9065,33.84510615253195,0.0013987843540183575,AUDCAD_merged,83.04815408747376
2024-02-01 08:00:00,2024-02-02 01:00:00,1.4,90.0,1.4277688687893633,20396.698125562336,1,0.87682,0.8729510502555754,0.8822365296421945,0.88125,0.9065,32.103754813817865,0.0013987843540183575,AUDCAD_merged,124.57223113121063
2024-02-01 12:00:00,2024-02-02 03:00:00,1.5,90.0,1.2386845166275569,17695.493094679383,1,95.964,95.47592317988602,96.69611523017097,95.836,97.88,42.57284987334693,0.2027678173060046,AUDJPY_merged,133.76131548337244
2024-02-01 08:00:00,2024-02-02 03:00:00,1.5,60.0,0.9169553460092551,13099.362085846502,1,89.526,89.11593728360224,90.14109407459664,89.737,90.983,35.23886234219836,0.1716552176538941,NZDJPY_merged,89.08304465399074
2024-02-01 12:00:00,2024-02-02 04:00:00,1.5,60.0,0.683412147104859,9763.030672926558,1,95.964,95.37424050902894,96.84863923645659,95.836,97.88,43.65649721580856,0.2027678173060046,AUDJPY_merged,89.31658785289514
2024-02-01 08:00:00,2024-02-02 04:00:00,1.5,15.0,0.2467748662105072,3525.3552315786746,1,0.87682,0.8730892270321621,0.882416159451757,0.88768,0.9065,32.747748300904604,0.0013987843540183575,AUDCAD_merged,22.253225133789492
2024-02-01 12:00:00,2024-02-02 04:00:00,1.4,59.99999999999999,0.7078197237871753,10111.710339816791,1,95.964,95.39457704320036,96.7611921395195,95.836,97.88,42.215950828065296,0.2027678173060046,AUDJPY_merged,83.2921802762128
2024-02-01 11:00:00,2024-02-02 05:00:00,1.5,90.0,1.5368225513854306,21954.607876934722,1,0.87772,0.8741219033980109,0.8831171449029834,0.88125,0.9065,41.73183799310357,0.001503549280531463,AUDCAD_merged,133.46317744861457
2024-02-01 08:00:00,2024-02-02 05:00:00,1.5,60.0,0.9190236396805096,13128.909138292995,1,0.87682,0.8728128734789888,0.8828306897815168,0.88125,0.9065,32.103754813817865,0.0013987843540183575,AUDCAD_merged,89.0809763603195
2024-02-01 12:00:00,2024-02-02 08:00:00,1.1,90.0,2.3972534771603273,34246.47824514753,1,1.07041,1.0675969545443362,1.0735043500012302,1.06905,1.08325,38.674374342584706,0.001056087662737076,AUDNZD_merged,96.60274652283968
2024-02-01 09:00:00,2024-02-04 18:00:00,1.5,60.0,1.7117573746657264,24453.67678093895,1,1.06986,1.0672349714378315,1.0737975428432527,1.06905,1.08325,34.265595957159434,0.001073493193696138,AUDNZD_merged,88.28824262533428
2024-02-04 23:00:00,2024-02-05 07:00:00,-1.1,90.0,1.5821981128787683,22602.830183982405,1,1.26111,1.2560885093691305,1.2666336396939564,1.25963,1.27745,36.573585342528155,0.0018376752253105087,GBPUSD_merged,-100.58219811287879
2024-02-04 21:00:00,2024-02-05 07:00:00,-1.1,15.0,0.24387816923587108,3483.97384622673,1,1.26107,1.2556405533867634,1.2692141699198545,1.25963,1.27854,32.990112055240516,0.001962984284975498,GBPUSD_merged,-16.74387816923587
2024-02-04 21:00:00,2024-02-05 07:00:00,-1.1,90.0,1.4632690154152264,20903.84307736038,1,1.26107,1.2556405533867634,1.2681282805972072,1.25963,1.27854,29.229889343686192,0.001962984284975498,GBPUSD_merged,-100.46326901541524
2024-02-02 14:00:00,2024-02-05 08:00:00,-1.1,90.0,1.6448854648818272,23498.363784026107,1,1.07882,1.0746880612449279,1.0850179081326081,1.08767,1.09323,37.86211744533624,0.0016672382088076447,EURUSD_merged,-100.64488546488184
2024-02-02 14:00:00,2024-02-05 10:00:00,-1.1,90.0,0.9694191412196778,13848.844874566828,1,0.65121,0.646977957506143,0.6575580637407854,0.65245,0.68706,36.19502235844241,0.0014129446408901662,AUDUSD_merged,-99.96941914121969
2024-02-02 15:00:00,2024-02-05 10:00:00,-1.1,89.99999999999999,1.2096170571357696,17280.24367336814,1,0.60709,0.6039281175038518,0.6118328237442224,0.60615,0.62776,36.3601888479367,0.0012647759657716787,NZDUSD_merged,-100.20961705713576
2024-02-02 14:00:00,2024-02-05 10:00:00,-1.1,90.0,1.171381462307111,16734.020890101587,1,0.65121,0.6477076200050839,0.6564635699923741,0.65245,0.68706,37.66330227321833,0.0014129446408901662,AUDUSD_merged,-100.17138146230712
2024-02-02 15:00:00,2024-02-05 10:00:00,-1.1,59.99999999999999,0.7741549165668925,11059.355950955609,1,0.60709,0.6037963723998455,0.6107129903601699,0.60615,0.6369,34.46088339941412,0.0012647759657716787,NZDUSD_merged,-66.77415491656689
2024-02-04 21:00:00,2024-02-05 10:00:00,-1.1,90.0,1.113221985330802,15903.171219011463,1,0.65063,0.6469479230611567,0.6546802846327278,0.65245,0.68706,37.47411034401447,0.0014014560495869274,AUDUSD_merged,-100.11322198533081
2024-02-02 14:00:00,2024-02-05 10:00:00,-1.1,90.0,1.0040412534060952,14343.446477229932,1,0.65121,0.6471238900059312,0.6565219429922894,0.65245,0.68706,35.27503519222865,0.0014129446408901662,AUDUSD_merged,-100.00404125340611
2024-02-02 14:00:00,2024-02-05 10:00:00,-1.1,90.0,1.0412279664952098,14874.685235645855,1,0.65121,0.6472698225057193,0.6563322307425647,0.65245,0.68706,34.19104098033382,0.0014129446408901662,AUDUSD_merged,-100.04122796649523
2024-02-02 14:00:00,2024-02-05 10:00:00,-1.1,30.0,0.34707598883173657,4958.228411881952,1,0.65121,0.6472698225057193,0.6571202662414208,0.65245,0.68706,36.98255371430315,0.0014129446408901662,AUDUSD_merged,-33.34707598883173
2024-02-02 14:00:00,2024-02-05 10:00:00,-1.1,90.00000000000001,1.1245262038148265,16064.660054497523,1,0.65121,0.6475616875052956,0.6552231437441747,0.65245,0.68706,36.19502235844241,0.0014129446408901662,AUDUSD_merged,-100.12452620381485
2024-02-05 20:00:00,2024-02-06 11:00:00,1.1,30.0,0.9969877242016686,14242.681774309553,-1,1.35362,1.3564711905723577,1.3504836903704067,1.31767,1.35415,62.80001436156205,0.0011782993554470917,USDCAD_merged,32.00301227579833
2024-02-05 13:00:00,2024-02-06 12:00:00,1.1,90.00000000000001,2.3373362394819663,33390.517706885235,-1,1.35271,1.3563560620667436,1.3486993317265823,1.31767,1.35415,68.6607738667725,0.0013685935952655437,USDCAD_merged,96.66266376051806
2024-02-05 21:00:00,2024-02-06 13:00:00,1.3,90.0,2.582049702340359,36886.42431914799,-1,1.35219,1.355489238195252,1.3479009903461725,1.31767,1.35415,63.14987480058439,0.0011334208300580332,USDCAD_merged,114.41795029765964
2024-02-05 12:00:00,2024-02-06 13:00:00,1.4,60.0,1.455522595586618,20793.17993695169,-1,1.35346,1.3573654921010754,1.3479923110584948,1.31767,1.35415,68.31894398341248,0.0014023315641320993,USDCAD_merged,82.54447740441339
2024-02-02 14:00:00,2024-02-06 20:00:00,1.1,90.0,1.0868416243265866,15526.30891895124,1,0.60671,0.603193137087827,0.6105785492033903,0.60615,0.6369,36.60791346762459,0.0013174510400617886,NZDUSD_merged,97.91315837567343
2024-02-05 22:00:00,2024-02-06 21:00:00,1.5,30.0,0.9280322746999933,13257.603924285619,-1,1.35238,1.3554402362411566,1.347789645638265,1.31767,1.35415,62.0700424729887,0.0011024621993396125,USDCAD_merged,44.071967725300006
2024-02-05 21:00:00,2024-02-07 04:00:00,1.4,90.0,2.582049702340359,36886.42431914799,-1,1.35219,1.355489238195252,1.3475710665266474,1.31767,1.35415,63.23548173702879,0.0011334208300580332,USDCAD_merged,123.41795029765963
2024-02-05 21:00:00,2024-02-07 04:00:00,1.4,90.0,2.582049702340359,36886.42431914799,-1,1.35219,1.355489238195252,1.3475710665266474,1.31767,1.35415,63.27392812360246,0.0011334208300580332,USDCAD_merged,123.41795029765963
2024-02-05 12:00:00,2024-02-07 04:00:00,1.5,60.0,1.405332161256045,20076.173732229217,-1,1.35346,1.357504973961828,1.3473925390572583,1.31767,1.35415,71.20449252180882,0.0014023315641320993,USDCAD_merged,88.59466783874396
2024-02-01 12:00:00,2024-02-07 07:00:00,-1.1,59.99999999999999,1.5389775408930495,21985.39344132928,1,1.07041,1.0674887604883492,1.0747918592674763,1.06905,1.08316,38.6109592291766,0.001056087662737076,AUDNZD_merged,-67.53897754089304
2024-02-01 12:00:00,2024-02-07 07:00:00,-1.1,90.0,2.22602108593459,31800.301227637006,1,1.07041,1.0673805664323621,1.0746512069946932,1.06905,1.08325,38.674374342584706,0.001056087662737076,AUDNZD_merged,-101.2260210859346
2024-02-02 15:00:00,2024-02-07 08:00:00,1.3,90.0,1.075215161898462,15360.216598549461,1,0.60709,0.6035328821918332,0.6117142531506169,0.60837,0.6369,32.04388688109276,0.0012647759657716787,NZDUSD_merged,115.92478483810154
2024-02-02 15:00:00,2024-02-07 09:00:00,1.3,90.0,1.0368146204020885,14811.637434315551,1,0.60709,0.603401137087827,0.6118855217858249,0.60615,0.6369,33.325334125210574,0.0012647759657716787,NZDUSD_merged,115.96318537959792
2024-02-02 14:00:00,2024-02-07 09:00:00,1.4,60.0,0.6728067198212203,9611.524568874576,1,0.60671,0.602922609171506,0.6120123471598915,0.60837,0.6369,34.81784298691594,0.0013174510400617886,NZDUSD_merged,83.32719328017878
2024-02-02 14:00:00,2024-02-07 09:00:00,1.4,60.0,0.6728067198212203,9611.524568874576,1,0.60671,0.602922609171506,0.6120123471598915,0.60615,0.6369,36.60791346762459,0.0013174510400617886,NZDUSD_merged,83.32719328017878
2024-02-02 14:00:00,2024-02-07 09:00:00,1.4,90.0,1.0092100797318304,14417.286853311864,1,0.60671,0.602922609171506,0.6120123471598915,0.60837,0.6369,33.74667614507547,0.0013174510400617886,NZDUSD_merged,124.99078992026816
2024-02-06 07:00:00,2024-02-07 13:00:00,-1.1,30.0,0.6940083363015449,9914.404804307786,-1,0.87216,0.8747990691641552,0.8682013962537674,0.83323,0.8728,65.12850362422007,0.0010069020934925,USDCHF_merged,-33.69400833630154
2024-02-07 09:00:00,2024-02-07 13:00:00,-1.1,30.0,0.7032249749179347,10046.07107025621,-1,0.64702,0.6489521583397384,0.6441217624903924,0.63027,0.64741,59.5277895862005,0.000778784614195758,CADCHF_merged,-33.70322497491794
2024-02-07 09:00:00,2024-02-07 13:00:00,-1.1,90.0,2.1096749247538042,30138.21321076863,-1,0.64702,0.6489521583397384,0.6445081941583402,0.63027,0.64741,60.069248721135125,0.000778784614195758,CADCHF_merged,-101.10967492475382
2024-02-06 07:00:00,2024-02-07 13:00:00,-1.1,90.0,2.007666972872327,28680.956755318955,-1,0.87216,0.8748968124665313,0.8686021437935094,0.83323,0.8728,65.8521747116816,0.0010069020934925,USDCHF_merged,-101.00766697287234
2024-02-07 09:00:00,2024-02-07 13:00:00,-1.1,90.0,2.0343293917268825,29061.848453241182,-1,0.64702,0.6490237197597287,0.6444151643123528,0.63027,0.64741,59.92447149346931,0.000778784614195758,CADCHF_merged,-101.0343293917269
2024-02-06 06:00:00,2024-02-07 13:00:00,-1.1,90.0,2.015154326443329,28787.918949190418,-1,0.87248,0.875207644194726,0.8686612981273837,0.83323,0.8728,64.713110294554,0.0009774330237611536,USDCHF_merged,-101.01515432644334
2024-02-08 07:00:00,2024-02-08 18:00:00,-1.1,90.0,1.7648736696019252,25212.48099431322,-1,90.868,91.19236791927952,90.44632170493661,88.565,90.983,65.42627987631033,0.11634081879983786,NZDJPY_merged,-100.76487366960194
2024-02-02 15:00:00,2024-02-09 02:00:00,1.5,60.0,0.6673749280749074,9533.92754392725,1,0.60709,0.6032693919838208,0.6128209120242688,0.60837,0.6369,34.46088339941412,0.0012647759657716787,NZDUSD_merged,89.3326250719251
2024-02-09 01:00:00,2024-02-09 03:00:00,-1.1,89.99999999999999,1.8225279832353096,26036.114046218714,-1,91.406,91.72196650657608,91.05843684276633,88.565,90.983,70.79436322227633,0.12220232377716961,NZDJPY_merged,-100.82252798323529
2024-02-09 00:00:00,2024-02-09 03:00:00,-1.1,90.0,1.5838374749259418,22626.24964179917,-1,91.434,91.79769527121267,90.88845709318097,88.565,90.983,70.67629254155273,0.12152557945233647,NZDJPY_merged,-100.58383747492596
2024-02-08 12:00:00,2024-02-09 08:00:00,-1.1,90.0,1.782691361135112,25467.019444787315,-1,110.84,111.23170661575169,110.40912272267315,106.162,110.394,67.46681468083027,0.14653807705417354,CADJPY_merged,-100.78269136113512
2024-02-08 18:00:00,2024-02-09 08:00:00,-1.1,15.0,0.31147997489022705,4449.713927003244,-1,110.87,111.24374312759923,110.30938530860118,104.195,110.394,65.06492905519653,0.13246456769285395,CADJPY_merged,-16.811479974890226
2024-02-08 12:00:00,2024-02-09 08:00:00,-1.1,30.0,0.6179996718601722,8828.566740859604,-1,110.84,111.21664097668432,110.42569492564726,106.162,110.394,69.67457333208473,0.14653807705417354,CADJPY_merged,-33.617999671860176
2024-02-08 12:00:00,2024-02-09 08:00:00,-1.1,90.0,1.6553562639111756,23647.94662730251,-1,110.84,111.26183789388644,110.249426948559,106.162,110.394,67.46681468083027,0.14653807705417354,CADJPY_merged,-100.65535626391119
2024-02-09 09:00:00,2024-02-12 10:00:00,1.1,90.0,2.340535293899907,33436.218484284385,1,1.0617,1.0588422306608951,1.0648435462730155,1.06905,1.08325,39.182636367731384,0.001074917621108911,AUDNZD_merged,96.65946470610011
2024-02-09 09:00:00,2024-02-12 21:00:00,1.5,89.99999999999999,2.0984109531516406,29977.299330737722,1,1.0617,1.0585124880448447,1.0664812679327333,1.06905,1.08325,40.17451292583897,0.001074917621108911,AUDNZD_merged,132.90158904684833
2024-02-09 09:00:00,2024-02-12 21:00:00,1.4,59.99999999999999,1.4489028009856568,20698.611442652244,1,1.0617,1.0586224022501949,1.0660086368497275,1.06905,1.08325,39.182636367731384,0.001074917621108911,AUDNZD_merged,82.55109719901432
2024-02-13 07:00:00,2024-02-13 10:00:00,-1.1,15.000000000000002,0.3751008368945482,5358.583384207832,-1,189.218,189.74766797313717,188.4234980402942,178.731,188.928,64.37767070246136,0.19344665742813405,GBPJPY_merged,-16.875100836894553
2024-02-13 05:00:00,2024-02-13 10:00:00,-1.1,90.0,1.6824118180605319,24034.454543721884,-1,1.11305,1.1172179539603353,1.1067980690594974,1.06359,1.10603,77.76106552739742,0.001499566539023562,GBPCHF_merged,-100.68241181806054
2024-02-13 14:00:00,2024-02-14 02:00:00,1.1,90.0,1.8843899203376668,26919.856004823814,-1,189.814,190.44859700516,189.11594329432398,185.221,188.928,65.08872495219364,0.2397846447000067,GBPJPY_merged,97.11561007966235
2024-02-13 14:00:00,2024-02-14 03:00:00,1.4,89.99999999999999,1.7497906403135473,24997.009147336394,-1,189.814,190.4974121594031,188.85722297683566,185.221,188.928,65.08872495219364,0.2397846447000067,GBPJPY_merged,124.25020935968642
2024-02-13 18:00:00,2024-02-14 10:00:00,1.1,90.0,1.7431271035189946,24901.815764557068,-1,1.11674,1.120776115315858,1.1123002731525564,1.08944,1.10603,71.08777683695946,0.0015264697556635304,GBPCHF_merged,97.25687289648101
2024-02-13 16:00:00,2024-02-14 19:00:00,1.1,90.00000000000001,1.2969193775255028,18527.41967893576,1,0.60583,0.6028870807514016,0.6090672111734582,0.60615,0.61734,36.15037267228347,0.001082471160213714,NZDUSD_merged,97.70308062247453
2024-02-14 03:00:00,2024-02-15 02:00:00,1.4,90.0,1.928791598006267,27554.16568580382,-1,1.11399,1.1176286186082802,1.108895933948408,1.08944,1.10603,60.12931340093187,0.0013223990282561673,GBPCHF_merged,124.07120840199372
2024-02-13 14:00:00,2024-02-15 02:00:00,1.5,90.0,1.461278432301758,20875.4061757394,-1,1.11665,1.1214642057286912,1.109428691406963,1.08944,1.10603,73.01498985664954,0.0016207801594331343,GBPCHF_merged,133.53872156769825
2024-02-14 03:00:00,2024-02-15 03:00:00,1.5,30.0,0.6667427746194503,9524.896780277862,-1,1.11399,1.1174986679436987,1.108726998084452,1.06359,1.10603,59.11086115642108,0.0013223990282561673,GBPCHF_merged,44.33325722538055
2024-02-13 16:00:00,2024-02-15 08:00:00,1.5,90.0,1.1627553039883818,16610.790056976883,1,0.60583,0.6025475131457941,0.6107537302813087,0.60837,0.61734,34.51094517603654,0.001082471160213714,NZDUSD_merged,133.83724469601162
2024-02-13 16:00:00,2024-02-15 08:00:00,1.5,15.0,0.20814755441767324,2973.5364916810468,1,0.60583,0.6027738915495324,0.6104141626757013,0.60837,0.6369,35.0588579304945,0.001082471160213714,NZDUSD_merged,22.291852445582325
2024-02-13 16:00:00,2024-02-15 08:00:00,1.4,90.00000000000001,1.204282279130824,17204.03255901177,1,0.60583,0.6026607023476633,0.6102670167132713,0.60615,0.61734,36.15037267228347,0.001082471160213714,NZDUSD_merged,124.79571772086919
2024-02-14 00:00:00,2024-02-15 09:00:00,1.5,30.0,0.810318408468996,11575.977263842802,-1,1.35577,1.3592835780826937,1.350499632875959,1.33581,1.35415,64.7540516767026,0.001234087700397354,USDCAD_merged,44.189681591531006
2024-02-20 10:00:00,2024-02-21 00:00:00,-1.1,90.0,1.80161961980575,25737.42314008214,-1,0.54361,0.545510924569399,0.5415189829736612,0.5222,0.54361,63.97493069825134,0.000724615917642515,NZDCHF_merged,-100.80161961980576
2024-02-20 10:00:00,2024-02-21 00:00:00,-1.1,30.0,0.5782976557401172,8261.395082001674,-1,0.54361,0.5455840370528374,0.540648944420744,0.5222,0.54361,64.46197284409182,0.000724615917642515,NZDCHF_merged,-33.578297655740116
2024-02-20 10:00:00,2024-02-21 00:00:00,-1.1,90.0,1.6729325041053391,23899.035772933417,-1,0.54361,0.5456571495362759,0.5407439906492139,0.5222,0.54361,63.97493069825134,0.000724615917642515,NZDCHF_merged,-100.67293250410535
2024-02-20 10:00:00,2024-02-22 01:00:00,-1.1,90.0,1.7035755759791384,24336.793942559125,-1,0.61798,0.62026535443622,0.615466110120158,0.60379,0.61734,67.7651109891435,0.0009147694415071692,NZDUSD_merged,-100.70357557597916
2024-02-22 05:00:00,2024-02-23 03:00:00,-1.1,15.0,0.39950207179073477,5707.172454153354,-1,190.356,190.85630729278594,189.60553906082106,185.221,188.928,62.3208792044092,0.23908145599378658,GBPJPY_merged,-16.899502071790735
2024-02-22 05:00:00,2024-02-23 04:00:00,-1.1,15.0,0.349564312816893,4993.775897384186,-1,190.356,190.92777976318393,189.61268630786088,185.221,188.928,62.575115102769374,0.23908145599378658,GBPJPY_merged,-16.84956431281689
2024-02-22 05:00:00,2024-02-23 05:00:00,-1.1,15.0,0.32267475029251647,4609.639289893093,-1,190.356,190.9754280767826,189.48880069250436,185.221,188.928,63.21959504240514,0.23908145599378658,GBPJPY_merged,-16.822674750292517
2024-02-22 05:00:00,2024-02-23 05:00:00,-1.1,15.0,0.289294603710532,4132.7800530076,-1,190.356,191.0469005471806,189.3196491792291,185.221,188.928,62.3208792044092,0.23908145599378658,GBPJPY_merged,-16.78929460371053
2024-02-22 05:00:00,2024-02-23 05:00:00,-1.1,15.0,0.3107238336150158,4438.911908785941,-1,190.356,190.99925223358193,189.45544687298528,185.221,188.928,63.03636591793469,0.23908145599378658,GBPJPY_merged,-16.810723833615015
2024-02-22 05:00:00,2024-02-23 05:00:00,-1.1,15.0,0.33558174030421717,4794.024861488817,-1,190.356,190.95160391998326,189.5221545120234,185.221,188.928,62.06096096521172,0.23908145599378658,GBPJPY_merged,-16.835581740304217
2024-03-05 04:00:00,2024-03-05 11:00:00,1.4,15.0,0.36962667893769346,5280.381127681336,-1,1.67379,1.678544742014432,1.6671333611797952,1.64509,1.66722,66.78039938239517,0.0018366935765828582,EURAUD_merged,20.630373321062308
2024-03-05 04:00:00,2024-03-05 23:00:00,1.5,15.000000000000002,0.33138943628896655,4734.134804128094,-1,1.67379,1.67909336609302,1.6658349508604695,1.64509,1.6611,63.95198675186253,0.0018366935765828582,EURAUD_merged,22.168610563711038
2024-03-06 04:00:00,2024-03-06 19:00:00,-1.1,15.0,0.4734542414261596,6763.63202037371,1,169.345,168.9694362507676,169.90834562384862,169.197,171.691,37.35115885750477,0.20047476466246272,CHFJPY_merged,-16.97345424142616
2024-03-06 04:00:00,2024-03-06 19:00:00,-1.1,15.0,0.4283633612903348,6119.476589861926,1,169.345,168.92990322453258,169.96764516320113,169.197,171.82,37.85838097875644,0.20047476466246272,CHFJPY_merged,-16.928363361290334
2024-03-06 04:00:00,2024-03-06 20:00:00,-1.1,15.0,0.31019415817575974,4431.345116796568,1,169.345,168.77177111959261,170.20484332061108,169.197,171.82,34.0041823970367,0.20047476466246272,CHFJPY_merged,-16.81019415817576
2024-03-06 22:00:00,2024-03-07 02:00:00,-1.1,15.000000000000002,0.27388373322188003,3912.624760312572,1,168.697,168.0502589616905,169.66711155746424,169.197,171.691,35.02340067340031,0.22122742605969173,CHFJPY_merged,-16.773883733221883
2024-03-06 07:00:00,2024-03-07 03:00:00,1.4,60.0,2.1470233156766336,30671.76165252334,-1,0.96237,0.9642525850518191,0.9597343809274531,0.93049,0.94729,64.02087625939465,0.000730208947078279,EURCHF_merged,81.85297668432337
2024-03-06 07:00:00,2024-03-07 06:00:00,1.5,60.0,1.924917455434223,27498.820791917475,-1,0.96237,0.9644698064039521,0.9592202903940718,0.93049,0.94729,61.99424148714026,0.000730208947078279,EURCHF_merged,88.07508254456577
2024-03-07 01:00:00,2024-03-08 00:00:00,-1.1,60.0,1.2393852960271114,17705.504228958736,-1,0.57974,0.5817046093977436,0.5767930859033847,0.56166,0.57925,65.11734062663236,0.0006754906938587818,AUDCHF_merged,-67.23938529602711
2024-03-07 18:00:00,2024-03-08 04:00:00,-1.1,60.0,1.2669820347978564,18099.743354255093,-1,0.6616,0.663793180269082,0.6585295476232852,0.64422,0.65946,73.58920192420983,0.0008225643818149972,AUDUSD_merged,-67.26698203479786
2024-03-08 08:00:00,2024-03-08 08:00:00,-1.1,60.0,1.286688568899505,18381.265269992928,-1,0.66388,0.6660470325418254,0.6608461544414445,0.64422,0.65946,71.87874902276906,0.0011110830506519378,AUDUSD_merged,-67.2866885688995
2024-03-07 05:00:00,2024-03-10 18:00:00,-1.1,60.0,1.0367378426428693,14810.540609183849,1,168.003,167.3223914884005,168.95585191623923,169.197,171.691,28.353207168457605,0.2556458969998067,CHFJPY_merged,-67.03673784264286
2024-03-07 05:00:00,2024-03-10 18:00:00,-1.1,60.0,0.9294891003005035,13278.415718578623,1,168.003,167.24385973706214,169.14171039440677,169.197,171.691,30.620688200824883,0.2556458969998067,CHFJPY_merged,-66.9294891003005
2024-03-10 18:00:00,2024-03-12 00:00:00,1.5,60.0,1.3950198711901296,19928.85530271614,1,108.993,108.66485370656443,109.48521944015334,108.818,111.797,32.296971429581404,0.17572939152865966,CADJPY_merged,88.60498012880987
2024-03-08 14:00:00,2024-03-12 02:00:00,1.5,15.0,0.4204098073255535,6005.854390365051,-1,1.28425,1.287457495345026,1.2794387569824608,1.25352,1.27093,65.72870825792144,0.0016918586272683463,GBPUSD_merged,22.079590192674445
2024-03-08 14:00:00,2024-03-12 03:00:00,1.4,15.0,0.2958439384883524,4226.341978405035,-1,1.28425,1.2888080197008263,1.277868772418843,1.25181,1.27093,65.44551533036636,0.0016918586272683463,GBPUSD_merged,20.704156061511647
2024-03-08 14:00:00,2024-03-12 03:00:00,1.5,15.0,0.3803707780564531,5433.868257949331,-1,1.28425,1.287795126433976,1.2789323103490358,1.25181,1.27854,65.76776791285238,0.0016918586272683463,GBPUSD_merged,22.119629221943548
2024-03-08 14:00:00,2024-03-12 03:00:00,1.5,15.0,0.3803707780564531,5433.868257949331,-1,1.28425,1.287795126433976,1.2789323103490358,1.25181,1.27854,65.76776791285238,0.0016918586272683463,GBPUSD_merged,22.119629221943548
2024-03-08 14:00:00,2024-03-12 03:00:00,1.4,60.0,1.228890206028541,17555.5743718363,-1,1.28425,1.2886392041563512,1.278105114181108,1.25181,1.27854,65.15994751181147,0.0016918586272683463,GBPUSD_merged,82.77110979397146
2024-03-08 14:00:00,2024-03-12 03:00:00,1.3,15.0,0.3328244307993965,4754.634725705665,-1,1.28425,1.2883015730674012,1.2789829550123781,1.25181,1.27093,65.72870825792144,0.0016918586272683463,GBPUSD_merged,19.167175569200605
2024-03-08 14:00:00,2024-03-12 03:00:00,1.4,60.00000000000001,1.2780458142696827,18257.797346709754,-1,1.28425,1.2884703886118762,1.278341455943373,1.25181,1.27854,65.7579368764074,0.0016918586272683463,GBPUSD_merged,82.72195418573031
2024-03-07 07:00:00,2024-03-12 07:00:00,1.4,60.00000000000001,1.3467513195236294,19239.30456462328,-1,0.58086,0.5826714791978544,0.5783239291230039,0.56166,0.57388,66.22771337247671,0.0006805282849480088,AUDCHF_merged,82.65324868047637
2024-03-10 18:00:00,2024-03-12 07:00:00,1.5,60.0,1.2621608358386889,18030.86908340984,1,108.993,108.63031199146594,109.53703201280106,108.818,111.797,32.819308031309205,0.17572939152865966,CADJPY_merged,88.73783916416131
2024-03-10 17:00:00,2024-03-12 07:00:00,1.3,60.0,1.0652913966094582,15218.44852299226,1,109.054,108.6240455279581,109.61294081365448,108.818,111.797,33.98705730110337,0.17270857549240246,CADJPY_merged,76.93470860339055
2024-03-10 18:00:00,2024-03-12 07:00:00,1.5,60.0,1.2621608358386889,18030.86908340984,1,108.993,108.63031199146594,109.53703201280106,108.818,111.797,32.819308031309205,0.17572939152865966,CADJPY_merged,88.73783916416131
2024-03-07 20:00:00,2024-03-12 07:00:00,1.5,30.0,0.7627262114484916,10896.088734978453,-1,1.09513,1.0981452012156925,1.0906071981764613,1.06949,1.08882,66.13123747530632,0.0010111728030542354,EURUSD_merged,44.237273788551505
2024-03-08 14:00:00,2024-03-12 07:00:00,1.5,15.0,0.2754409082477764,3934.8701178253777,-1,1.28425,1.2891456507897765,1.276906523815335,1.25181,1.27093,65.7579368764074,0.0016918586272683463,GBPUSD_merged,22.224559091752223
2024-03-08 14:00:00,2024-03-12 07:00:00,1.5,60.0,1.1017636329911056,15739.480471301511,-1,1.28425,1.2891456507897765,1.276906523815335,1.25181,1.27093,65.76776791285238,0.0016918586272683463,GBPUSD_merged,88.89823636700889
2024-03-10 17:00:00,2024-03-13 08:00:00,1.4,60.0,0.9469256858750739,13527.509798215342,1,109.054,108.57030121895286,109.731178293466,108.818,111.797,33.032587732959676,0.17270857549240246,CADJPY_merged,83.05307431412493
2024-03-08 12:00:00,2024-03-14 10:00:00,1.4,30.0,0.4430944150398281,6329.920214854687,-1,0.66254,0.6656800395779643,0.65814394459085,0.64422,0.65946,53.32807147304704,0.0012007284207015316,AUDUSD_merged,41.55690558496017
2024-03-08 12:00:00,2024-03-14 10:00:00,1.4,15.0,0.23040909582071062,3291.5585117244377,-1,0.66254,0.6655592688249657,0.6583130236450481,0.64422,0.65946,58.88487979037269,0.0012007284207015316,AUDUSD_merged,20.76959090417929
2024-03-08 12:00:00,2024-03-14 10:00:00,1.5,60.00000000000001,0.7945141235196918,11350.201764567026,-1,0.66254,0.6660423518369601,0.6572864722445597,0.64422,0.65946,58.24463635692933,0.0012007284207015316,AUDUSD_merged,89.20548587648032
2024-03-10 17:00:00,2024-03-15 03:00:00,1.5,15.0,0.2204051165398878,3148.6445219983975,1,109.054,108.53447167961603,109.83329248057595,108.818,111.797,31.301932171621115,0.17270857549240246,CADJPY_merged,22.279594883460113
2024-03-10 17:00:00,2024-03-15 03:00:00,1.5,60.0,0.8816204661595513,12594.57808799359,1,109.054,108.53447167961603,109.83329248057595,108.818,111.797,34.788307764703646,0.17270857549240246,CADJPY_merged,89.11837953384045
2024-03-15 14:00:00,2024-03-18 20:00:00,-1.1,90.0,2.2154380231325765,31649.114616179664,1,0.82423,0.8218861524421894,0.8275113865809348,0.82342,0.83735,32.44184281070491,0.0008339422817867251,NZDCAD_merged,-101.21543802313259
2024-03-17 17:00:00,2024-03-18 20:00:00,-1.1,89.99999999999999,3.100882967858701,44298.32811226716,1,0.82371,0.8220364853740729,0.8262202719388908,0.82342,0.83735,37.26584018395475,0.000907883087859164,NZDCAD_merged,-102.10088296785868
2024-03-18 22:00:00,2024-03-18 23:00:00,-1.1,60.00000000000001,2.0317493348137536,29024.99049733934,1,0.60747,0.6062142476508875,0.6093536285236686,0.60684,0.62163,35.41078306865315,0.0007522849826489544,NZDUSD_merged,-68.03174933481377
2024-03-17 17:00:00,2024-03-18 23:00:00,-1.1,59.99999999999999,1.7356393273166446,24794.847533094926,-1,2.09264,2.0977038907874874,2.086056941976266,2.03734,2.09431,64.66159745663336,0.002122100602301785,GBPNZD_merged,-67.73563932731665
2024-03-17 17:00:00,2024-03-19 00:00:00,-1.1,60.00000000000001,1.542790513170351,22039.86447386216,-1,2.09264,2.098336877135923,2.0846643720097067,2.03734,2.09431,65.39406782865784,0.002122100602301785,GBPNZD_merged,-67.54279051317036
2024-03-18 22:00:00,2024-03-19 00:00:00,-1.1,60.00000000000001,1.4297495319059748,20424.993312942497,1,0.60747,0.6056855098196823,0.6099682862524447,0.60684,0.62175,34.99574381101129,0.0007522849826489544,NZDUSD_merged,-67.42974953190598
2024-03-18 22:00:00,2024-03-19 00:00:00,-1.1,60.0,1.331146115912459,19016.3730844637,1,0.60747,0.605553325361881,0.6103450119571784,0.60684,0.62175,35.787039907917695,0.0007522849826489544,NZDUSD_merged,-67.33114611591246
2024-03-17 17:00:00,2024-03-19 00:00:00,-1.1,60.0,1.666213754223979,23803.05363177113,-1,2.09264,2.0979148862369663,2.085255159268247,2.03734,2.09431,63.79298493092961,0.002122100602301785,GBPNZD_merged,-67.66621375422397
2024-03-18 16:00:00,2024-03-19 07:00:00,1.5,60.0,1.3122853416794606,18746.933452563724,-1,0.65571,0.6578086152268343,0.6525620771597486,0.6462,0.65587,63.267047128112004,0.0008676846785430235,CADCHF_merged,88.68771465832054
2024-03-19 17:00:00,2024-03-19 19:00:00,-1.1,90.0,2.3266552535155642,33237.93219307949,-1,191.846,192.3654709436105,191.0667935845843,185.221,191.311,70.7897288314224,0.23634089343320258,GBPJPY_merged,-101.32665525351558
2024-03-20 04:00:00,2024-03-20 13:00:00,-1.1,90.0,2.0817383352792755,29739.119075418224,-1,164.352,164.84938124261478,163.65566626033933,158.076,163.716,68.94613248559979,0.19835044379098926,EURJPY_merged,-101.08173833527928
2024-03-20 04:00:00,2024-03-20 13:00:00,-1.1,90.0,2.5773903198695787,36819.86171242256,-1,164.352,164.7537310036504,163.74940349452442,158.076,163.716,68.92527096509623,0.19835044379098926,EURJPY_merged,-101.5773903198696
2024-03-20 04:00:00,2024-03-20 13:00:00,-1.1,60.0,1.7182602132463858,24546.57447494837,-1,164.352,164.7537310036504,163.74940349452442,158.076,163.716,68.92527096509623,0.19835044379098926,EURJPY_merged,-67.71826021324638
2024-03-20 02:00:00,2024-03-20 13:00:00,-1.1,90.0,1.8560386496576324,26514.837852251894,-1,98.915,99.25074974320441,98.4113753851934,95.5,99.056,76.52825435645127,0.11707750398170591,AUDJPY_merged,-100.85603864965765
2024-03-20 14:00:00,2024-03-20 14:00:00,-1.1,90.0,2.1407588244789744,30582.268921128205,-1,111.737,112.06582877414803,111.24375683877795,108.818,111.797,73.5850176482132,0.1736861926504897,CADJPY_merged,-101.140758824479
2024-03-20 14:00:00,2024-03-20 15:00:00,-1.1,60.0,1.4008387254478423,20011.981792112034,-1,150.785,151.23708416107823,150.10687375838265,145.896,150.842,57.736944878523374,0.23197258823187608,USDJPY_merged,-67.40083872544784
2024-03-20 14:00:00,2024-03-20 15:00:00,-1.1,60.0,1.1527162901040633,16467.375572915193,-1,111.737,112.14412133942136,111.16703012481007,108.818,111.797,75.57957651044356,0.1736861926504897,CADJPY_merged,-67.15271629010407
2024-03-20 14:00:00,2024-03-20 15:00:00,-1.1,30.0,0.5883522646880938,8405.032352687054,-1,150.785,151.32319542985505,150.03152639820294,145.896,150.842,58.44522697890609,0.23197258823187608,USDJPY_merged,-33.58835226468809
2024-03-20 14:00:00,2024-03-20 15:00:00,-1.1,60.0,1.198824941708226,17126.0705958318,-1,111.737,112.1284628263667,111.18895204308662,108.818,111.797,73.13819768270565,0.1736861926504897,CADJPY_merged,-67.19882494170822
2024-03-20 02:00:00,2024-03-20 19:00:00,1.5,59.99999999999999,1.2422670852683173,17746.672646690247,-1,151.472,151.98411402728473,150.70382895907295,145.896,150.842,79.25688790437182,0.17619168361333118,USDJPY_merged,88.75773291473166
2024-03-20 18:00:00,2024-03-21 02:00:00,-1.1,60.0,1.3006957517984645,18581.36788283521,-1,111.905,112.26634584075495,111.36298123886759,108.818,111.797,65.14670836145963,0.17027877312293474,CADJPY_merged,-67.30069575179846
2024-03-21 04:00:00,2024-03-21 09:00:00,1.0,60.0,0.9045239553430686,12921.770790615266,-1,0.6606,0.6636673814481205,0.6575326185518794,0.6477,0.65946,64.08591684675798,0.0010822438475910229,AUDUSD_merged,59.095476044656934
2024-03-21 04:00:00,2024-03-21 10:00:00,1.3,59.99999999999999,0.8442223583201974,12060.31940457425,-1,0.6606,0.6638864801229863,0.6563275758401177,0.6477,0.65946,65.049818387697,0.0010822438475910229,AUDUSD_merged,77.1557776416798
2024-03-21 04:00:00,2024-03-21 10:00:00,1.5,30.0,0.5763683667106398,8233.833810151998,-1,192.966,193.66907224234504,191.91139163648245,187.953,191.311,60.4610486684914,0.304349041940544,GBPJPY_merged,44.42363163328936
2024-03-21 04:00:00,2024-03-21 10:00:00,1.1,30.0,0.4909804605312858,7014.006579018369,-1,192.966,193.79134567579635,192.05811975662402,187.953,191.311,58.66066689398792,0.304349041940544,GBPJPY_merged,32.50901953946872
2024-03-21 04:00:00,2024-03-21 10:00:00,1.0,60.0,0.9468908881674798,13527.012688106855,-1,192.966,193.8219140341592,192.11008596584082,185.221,191.311,60.87898773432113,0.304349041940544,GBPJPY_merged,59.05310911183252
2024-03-21 04:00:00,2024-03-21 20:00:00,1.3,60.00000000000001,1.1985069834875934,17121.528335537052,-1,0.89154,0.8946642771644966,0.8874784396861544,0.88047,0.8889,62.69797398143013,0.0010098953128203814,AUDCAD_merged,76.80149301651242
2024-03-21 07:00:00,2024-03-21 21:00:00,1.1,30.0,0.4735383697489087,6764.83385355584,-1,99.718,100.16021928649845,99.23155878485171,96.895,99.056,63.801871508089235,0.16201456943068235,AUDJPY_merged,32.52646163025109
2024-03-21 20:00:00,2024-03-21 21:00:00,1.5,90.0,2.4003596652434003,34290.85236062001,1,1.9274,1.9223413330944432,1.934988000358335,1.9275,1.95682,44.02434790376167,0.0021380953234131288,GBPAUD_merged,132.5996403347566
2024-03-21 20:00:00,2024-03-21 21:00:00,1.1,60.0,1.5409716369463806,22013.88052780544,1,1.9274,1.922146768982691,1.9331785541190398,1.9275,1.95682,46.28403438267883,0.0021380953234131288,GBPAUD_merged,64.45902836305362
2024-03-21 07:00:00,2024-03-21 21:00:00,1.5,30.0,0.49175138397002066,7025.019771000296,-1,99.718,100.14384079440592,99.07923880839114,96.895,99.056,65.53207744596148,0.16201456943068235,AUDJPY_merged,44.50824861602998
2024-03-21 04:00:00,2024-03-21 21:00:00,1.5,60.0,1.044745747860552,14924.939255150744,-1,99.867,100.26847701089854,99.26478448365222,95.5,99.056,68.22627505137612,0.16922984912052375,AUDJPY_merged,88.95525425213945
2024-03-21 20:00:00,2024-03-21 21:00:00,1.5,60.0,1.8089667042414035,25842.381489162908,1,1.9274,1.9229250254297,1.9341124618554502,1.9275,1.95682,47.51643792469305,0.0021380953234131288,GBPAUD_merged,88.1910332957586
2024-03-21 07:00:00,2024-03-21 21:00:00,1.0,90.0,1.3698788553450578,19569.69793350083,-1,99.718,100.17659777859099,99.25940222140902,95.5,99.056,65.53207744596148,0.16201456943068235,AUDJPY_merged,88.63012114465494
2024-03-21 20:00:00,2024-03-21 21:00:00,1.5,90.0,2.713450056362105,38763.57223374436,1,1.9274,1.9229250254297,1.9341124618554502,1.9275,1.95682,44.327663347689395,0.0021380953234131288,GBPAUD_merged,132.2865499436379
2024-03-21 07:00:00,2024-03-21 21:00:00,1.5,30.0,0.5558928688356757,7941.32669765251,-1,99.718,100.0947053181283,99.15294202280755,96.895,99.056,65.26648500551364,0.16201456943068235,AUDJPY_merged,44.44410713116432
2024-03-21 07:00:00,2024-03-21 21:00:00,1.5,60.0,0.8817611022910714,12596.587175586736,-1,99.718,100.19297627068352,99.00553559397473,95.5,99.056,65.26648500551364,0.16201456943068235,AUDJPY_merged,89.11823889770893
2024-03-21 04:00:00,2024-03-21 21:00:00,1.5,60.0,0.91423947823067,13060.563974723858,-1,192.966,193.852482392522,191.63627641121698,185.221,191.311,60.4610486684914,0.304349041940544,GBPJPY_merged,89.08576052176933
2024-03-21 20:00:00,2024-03-21 21:00:00,1.1,60.0,1.6002397768289336,22860.56824041334,1,1.9274,1.9223413330944432,1.9329645335961123,1.9275,1.95682,46.28403438267883,0.0021380953234131288,GBPAUD_merged,64.39976022317107
2024-03-21 04:00:00,2024-03-21 21:00:00,1.1,15.0,0.2310495403922374,3300.707719889106,-1,99.867,100.32084357753747,99.36777206470879,95.5,99.056,68.70936040273509,0.16922984912052375,AUDJPY_merged,16.268950459607762
2024-03-21 04:00:00,2024-03-21 21:00:00,1.5,15.0,0.21454600179279193,3064.9428827541706,-1,99.867,100.35575462196343,99.13386806705486,95.5,99.056,69.41955052459322,0.16922984912052375,AUDJPY_merged,22.28545399820721
2024-03-21 07:00:00,2024-03-21 21:00:00,1.3,90.0,1.2785535983220537,18265.05140460077,-1,99.718,100.20935476277606,99.07923880839114,95.5,99.056,64.90649047399425,0.16201456943068235,AUDJPY_merged,115.72144640167795
2024-03-21 04:00:00,2024-03-21 21:00:00,1.3,90.0,1.3256472434344715,18937.817763349594,-1,192.966,193.88305075088485,191.77383402384973,185.221,191.311,59.95997953313182,0.304349041940544,GBPJPY_merged,115.67435275656553
2024-03-21 16:00:00,2024-03-22 01:00:00,1.1,60.0,0.8473851732583346,12105.502475119067,-1,0.5894,0.5923213161595469,0.5861865522244984,0.56965,0.57925,64.97951375172987,0.0010725425945531737,AUDCHF_merged,65.15261482674167
2024-03-21 16:00:00,2024-03-22 03:00:00,-1.1,90.0,1.5232044446173245,21760.063494533213,-1,0.89727,0.9009811242814291,0.8917033135778565,0.87294,0.88923,65.02702009531882,0.0015382799893968204,USDCHF_merged,-100.52320444461733
2024-03-21 16:00:00,2024-03-22 03:00:00,-1.1,90.0,1.2080586974551195,17257.981392215996,-1,0.89727,0.9019492436591932,0.8902511345112103,0.87294,0.88923,65.02702009531882,0.0015382799893968204,USDCHF_merged,-100.20805869745513
2024-03-21 04:00:00,2024-03-22 07:00:00,1.5,15.0,0.27302446631562693,3900.349518794671,-1,112.005,112.43574985764845,111.35887521352733,108.676,111.797,61.74020039391369,0.1824052220319824,CADJPY_merged,22.226975533684374
2024-03-21 04:00:00,2024-03-22 07:00:00,1.1,15.0,0.23257639723183032,3322.5199604547192,-1,112.005,112.51066287636992,111.44877083599309,108.676,111.797,60.484791881522625,0.1824052220319824,CADJPY_merged,16.26742360276817
2024-03-21 04:00:00,2024-03-22 07:00:00,1.0,15.0,0.2242700973306935,3203.858533295622,-1,112.005,112.52939113105028,111.48060886894972,108.818,111.797,62.013869462101646,0.1824052220319824,CADJPY_merged,14.775729902669307
2024-03-21 04:00:00,2024-03-22 07:00:00,1.5,15.0,0.27302446631562693,3900.349518794671,-1,112.005,112.43574985764845,111.35887521352733,108.818,111.797,59.87381223631687,0.1824052220319824,CADJPY_merged,22.226975533684374
2024-03-21 16:00:00,2024-03-22 09:00:00,1.5,60.0,0.9947565077380451,14210.807253400646,-1,0.5894,0.5918885285803548,0.585667207129468,0.56965,0.57925,65.33260150220217,0.0010725425945531737,AUDCHF_merged,89.00524349226195
2024-03-21 04:00:00,2024-03-22 10:00:00,1.5,15.0,0.24152164327920844,3450.309189702978,-1,112.005,112.49193462168955,111.27459806746567,108.676,111.797,62.013869462101646,0.1824052220319824,CADJPY_merged,22.25847835672079
2024-03-22 01:00:00,2024-03-22 10:00:00,-1.1,90.0,1.8788930228949265,26841.328898498952,1,0.6016,0.5995828122443286,0.6046257816335071,0.60684,0.62163,33.60929135364075,0.0008779640007369056,NZDUSD_merged,-100.87889302289494
2024-03-22 01:00:00,2024-03-22 10:00:00,-1.1,90.0,1.662097674099358,23744.252487133686,1,0.6016,0.5993197007979367,0.6050204488030949,0.60684,0.62163,34.357206999153306,0.0008779640007369056,NZDUSD_merged,-100.66209767409937
2024-03-22 01:00:00,2024-03-22 10:00:00,-1.1,60.0,1.1080651160662387,15829.501658089124,1,0.6016,0.5993197007979367,0.6041083291222696,0.60684,0.62163,30.535775820995763,0.0008779640007369056,NZDUSD_merged,-67.10806511606624
2024-03-21 04:00:00,2024-03-22 10:00:00,1.3,15.0,0.2093187575086473,2990.2679644092477,-1,112.005,112.56684764041101,111.27459806746567,108.818,111.797,61.40236658746281,0.1824052220319824,CADJPY_merged,19.290681242491353
2024-03-21 04:00:00,2024-03-22 10:00:00,1.5,15.0,0.21653664569860062,3093.380652837152,-1,112.005,112.54811938573064,111.19032092140402,108.818,111.797,61.74020039391369,0.1824052220319824,CADJPY_merged,22.2834633543014
2024-03-21 14:00:00,2024-03-22 14:00:00,1.5,30.0,0.40426541099387503,5775.220157055358,-1,0.58986,0.5929240909816021,0.5852638635275969,0.56965,0.57925,67.45022741880932,0.001112889636286484,AUDCHF_merged,44.59573458900613
2024-03-21 16:00:00,2024-03-22 14:00:00,1.0,89.99999999999999,1.2804815100281783,18292.59300040255,-1,0.66303,0.666292123636528,0.659767876363472,0.6462,0.65587,65.67709771805083,0.0011225410019098205,CADCHF_merged,88.7195184899718
2024-03-21 16:00:00,2024-03-22 15:00:00,1.5,90.0,1.1834172247228465,16905.960353183524,-1,0.5894,0.592537709949143,0.5846934350762856,0.56965,0.57925,65.33260150220217,0.0010725425945531737,AUDCHF_merged,133.81658277527714
2024-03-21 16:00:00,2024-03-22 15:00:00,1.5,90.0,1.5588470556864782,22269.243652663976,-1,0.66303,0.6657096015585766,0.6590105976621351,0.64747,0.65391,65.80900058836819,0.0011225410019098205,CADCHF_merged,133.44115294431353
2024-03-21 16:00:00,2024-03-22 15:00:00,1.1,60.0,0.8852711674268887,12646.730963241269,-1,0.66303,0.6661756192209377,0.6595698188569685,0.6462,0.65391,65.98091396805947,0.0011225410019098205,CADCHF_merged,65.1147288325731
2024-03-21 15:00:00,2024-03-22 15:00:00,1.5,60.0,1.0194665119474016,14563.80731353431,-1,0.66352,0.6662535709092363,0.6594196436361456,0.6462,0.65587,65.3847584083152,0.001165044155902861,CADCHF_merged,88.9805334880526
2024-03-21 15:00:00,2024-03-24 16:00:00,1.5,60.0,0.901835760568855,12883.368008126501,-1,0.66352,0.6666101236365279,0.6588848145452081,0.6462,0.65391,65.32487353989795,0.001165044155902861,CADCHF_merged,89.09816423943114
2024-03-21 04:00:00,2024-03-24 18:00:00,-1.1,60.00000000000001,1.7966093766124227,25665.848237320326,-1,1.08542,1.0879574263650988,1.081613860452352,1.05691,1.07025,63.97579869054351,0.0010829982219342832,AUDNZD_merged,-67.79660937661244
2024-03-21 04:00:00,2024-03-24 21:00:00,-1.1,60.0,1.5893082946956045,22704.40420993721,-1,1.08542,1.088288395021416,1.081117407467876,1.05691,1.08325,63.93518394234712,0.0010829982219342832,AUDNZD_merged,-67.5893082946956
2024-03-21 04:00:00,2024-03-24 22:00:00,-1.1,60.0,1.5304450245216932,21863.500350309903,-1,1.08542,1.088398717906855,1.0821434103024594,1.05691,1.08325,63.83774795306889,0.0010829982219342832,AUDNZD_merged,-67.5304450245217
2024-03-25 19:00:00,2024-03-26 02:00:00,-1.1,30.0,1.086760534491487,15525.15049273553,-1,0.97481,0.9766936725617367,0.9727379601820895,0.93049,0.96318,67.91205196063878,0.000676395325465047,EURCHF_merged,-34.08676053449149
2024-03-24 16:00:00,2024-03-26 06:00:00,1.1,15.0,0.43899435575714246,6271.34793938775,-1,1.35988,1.363132602183318,1.3563021375983502,1.34194,1.36056,65.07711603775445,0.0011729055127813763,USDCAD_merged,16.061005644242858
2024-03-21 16:00:00,2024-03-26 07:00:00,-1.1,90.00000000000001,1.2363269751996204,17661.813931423152,-1,0.66303,0.6664086280521183,0.6579620579218226,0.6462,0.65587,65.80900058836819,0.0011225410019098205,CADCHF_merged,-100.23632697519965
2024-03-24 16:00:00,2024-03-26 07:00:00,1.5,60.0,2.061364800946582,29448.068584951176,-1,1.35988,1.362650735193197,1.3557238972102046,1.34194,1.36056,65.87137945749699,0.0011729055127813763,USDCAD_merged,87.93863519905342
2024-03-26 07:00:00,2024-03-26 07:00:00,-1.1,89.99999999999999,2.9676740476853247,42395.34353836178,-1,0.66497,0.6663816479548242,0.6628525280677636,0.6462,0.65587,79.09254114249268,0.0007149199817613584,CADCHF_merged,-101.9676740476853
2024-03-21 16:00:00,2024-03-26 08:00:00,-1.1,90.0,1.1951160760262998,17073.086800375713,-1,0.66303,0.6665251324677086,0.6584863277919788,0.6462,0.65587,65.91374253293066,0.0011225410019098205,CADCHF_merged,-100.19511607602631
2024-03-26 07:00:00,2024-03-26 08:00:00,-1.1,30.000000000000004,0.8426728777378082,12038.183967682975,-1,0.66497,0.6666271519469675,0.6631471328583356,0.6462,0.65391,77.38761867181414,0.0007149199817613584,CADCHF_merged,-33.84267287773782
2024-03-26 10:00:00,2024-03-27 03:00:00,-1.1,90.0,2.3543366330766937,33633.3804725242,-1,1.14082,1.1438727350672906,1.136240897399064,1.08944,1.11843,63.5113999772456,0.0013296135364837668,GBPCHF_merged,-101.35433663307671
2024-03-26 23:00:00,2024-03-27 04:00:00,1.5,59.99999999999999,1.9434654412834553,27763.79201833508,-1,151.699,152.02683490072212,151.20724764891685,146.481,150.842,58.53160401158122,0.14099856240333222,USDJPY_merged,88.05653455871654
2024-03-22 01:00:00,2024-03-27 19:00:00,-1.1,14.999999999999998,0.30656957798732926,4379.56539981899,1,0.81554,0.812746777640424,0.8188918668314913,0.82342,0.83735,32.86763740116995,0.0009067116827259329,NZDCAD_merged,-16.80656957798733
2024-03-21 09:00:00,2024-03-28 03:00:00,1.5,90.0,1.7722677471692165,25318.11067384595,1,1.93021,1.9233485519939506,1.9405021720090743,1.9275,1.95682,39.00434547170217,0.0024184439428237272,GBPAUD_merged,133.22773225283078
2024-03-21 09:00:00,2024-03-28 03:00:00,1.5,59.99999999999999,1.2237086825692212,17481.552608131733,1,1.93021,1.9235851536493316,1.9401472695260027,1.9275,1.95682,39.28208396215561,0.0024184439428237272,GBPAUD_merged,88.77629131743076
2024-03-27 09:00:00,2024-03-28 08:00:00,1.1,60.0,1.1101387297343737,15859.124710491053,1,166.879,166.24764485381235,167.57349066080639,167.07,171.691,35.19508313169553,0.23884112363843957,CHFJPY_merged,64.88986127026563
2024-03-27 09:00:00,2024-03-28 09:00:00,1.5,89.99999999999999,1.8824091504191554,26891.559291702222,1,166.879,166.3204935245263,167.7167597132105,167.07,171.691,35.04556425206631,0.23884112363843957,CHFJPY_merged,133.1175908495808
2024-03-22 09:00:00,2024-04-01 10:00:00,-1.1,59.99999999999999,1.1184298764059295,15977.56966294185,1,1.26205,1.2573106684497435,1.2691589973253845,1.25995,1.28934,34.843108693596086,0.0017381456671768669,GBPUSD_merged,-67.11842987640593
2024-03-22 09:00:00,2024-04-01 10:00:00,-1.1,60.0,1.3615668060593924,19450.954372277036,1,1.26205,1.2581569776551464,1.2678895335172802,1.25995,1.28934,34.59099886301526,0.0017381456671768669,GBPUSD_merged,-67.36156680605939
2024-03-22 09:00:00,2024-04-01 10:00:00,-1.1,60.0,1.20446294382177,17206.613483168145,1,1.26205,1.2576491921319046,1.2686512118021427,1.25995,1.28934,34.843108693596086,0.0017381456671768669,GBPUSD_merged,-67.20446294382177
2024-04-02 09:00:00,2024-04-03 02:00:00,-1.1,90.0,2.6464624070456146,37806.60581493736,-1,1.14007,1.1427839780942584,1.1359990328586125,1.08944,1.11843,49.21462086534668,0.0012814197274956148,GBPCHF_merged,-101.64646240704563
2024-04-03 12:00:00,2024-04-04 05:00:00,-1.1,15.0,0.50020299956242,7145.757136606001,-1,112.161,112.39644251054676,111.83138048523453,108.676,112.288,60.51953388193291,0.11816973703957147,CADJPY_merged,-17.00020299956242
2024-04-03 12:00:00,2024-04-04 08:00:00,-1.1,14.999999999999998,0.400162399649936,5716.6057092848005,-1,112.161,112.45530313818347,111.77840592036151,108.676,111.797,61.91827958760615,0.11816973703957147,CADJPY_merged,-16.900162399649936
2024-04-03 12:00:00,2024-04-04 08:00:00,-1.1,15.0,0.3847715381249385,5496.736258927693,-1,112.161,112.4670752637108,111.8549247362892,108.676,112.288,61.91827958760615,0.11816973703957147,CADJPY_merged,-16.884771538124937
2024-04-03 12:00:00,2024-04-04 08:00:00,-1.1,15.0,0.4349591300542784,6213.701857918263,-1,112.161,112.43175888712878,111.7819375580197,108.676,111.797,60.96043949926121,0.11816973703957147,CADJPY_merged,-16.934959130054278
2024-04-04 04:00:00,2024-04-04 10:00:00,-1.1,60.0,1.4987047906734767,21410.068438192528,1,1.64674,1.6421251431962849,1.6527393138448299,1.644,1.67437,37.33300663725338,0.0015441223440070863,EURAUD_merged,-67.49870479067347
2024-04-04 09:00:00,2024-04-04 14:00:00,1.0,59.99999999999999,1.2533230496152084,17904.61499450298,-1,0.67089,0.6731382136595709,0.668641786340429,0.6462,0.65587,58.24686811971833,0.0008120096320005769,CADCHF_merged,58.74667695038478
2024-04-03 12:00:00,2024-04-04 14:00:00,1.0,15.000000000000002,0.3572878568303001,5104.112240432859,-1,112.161,112.49061951476547,111.83138048523453,108.676,111.797,60.10733325677122,0.11816973703957147,CADJPY_merged,14.642712143169701
2024-04-03 12:00:00,2024-04-04 14:00:00,1.3,15.0,0.3334686663749467,4763.838091070667,-1,112.161,112.51416376582016,111.70188710443381,108.676,111.797,61.428437980974934,0.11816973703957147,CADJPY_merged,19.166531333625052
2024-04-04 12:00:00,2024-04-04 14:00:00,1.3,60.0,2.1560048414769506,30800.069163956443,-1,112.378,112.59691769022034,112.09340700271356,108.676,111.797,60.08099544042529,0.08652657065326792,CADJPY_merged,75.84399515852304
2024-04-04 12:00:00,2024-04-04 14:00:00,1.0,60.0,2.073081578343222,29615.451119188885,-1,112.378,112.60567439782915,112.15032560217085,108.676,112.288,60.08099544042529,0.08652657065326792,CADJPY_merged,57.92691842165678
2024-04-04 09:00:00,2024-04-04 14:00:00,1.0,15.0,0.33743312874255604,4820.473267750801,-1,0.67089,0.6729776269696015,0.6688023730303985,0.6462,0.65587,59.03830992450718,0.0008120096320005769,CADCHF_merged,14.662566871257443
2024-04-04 09:00:00,2024-04-04 14:00:00,1.3,15.0,0.3509304538922583,5013.292198460833,-1,0.67089,0.6728973336246169,0.668280466287998,0.6462,0.65587,59.03830992450718,0.0008120096320005769,CADCHF_merged,19.149069546107743
2024-04-03 12:00:00,2024-04-04 14:00:00,1.1,15.0,0.3334686663749467,4763.838091070667,-1,112.161,112.51416376582016,111.77251985759783,108.676,111.797,60.51953388193291,0.11816973703957147,CADJPY_merged,16.166531333625052
2024-04-03 12:00:00,2024-04-04 14:00:00,1.4,15.000000000000002,0.3572878568303001,5104.112240432859,-1,112.161,112.49061951476547,111.69953267932834,108.676,111.797,60.10733325677122,0.11816973703957147,CADJPY_merged,20.6427121431697
2024-04-04 12:00:00,2024-04-04 14:00:00,1.4,15.0,0.6737515129615471,9625.021613736388,-1,112.378,112.55313415217627,112.13281218695322,108.676,112.288,60.327174046938254,0.08652657065326792,CADJPY_merged,20.326248487038452
2024-04-04 12:00:00,2024-04-04 14:00:00,1.4,60.0,2.3434835233445117,33478.33604777874,-1,112.378,112.57940427500272,112.0960340149962,108.676,111.797,60.332093037375856,0.08652657065326792,CADJPY_merged,81.65651647665548
2024-04-04 09:00:00,2024-04-04 14:00:00,1.3,60.0,1.2997424218231788,18567.74888318827,-1,0.67089,0.6730579203145862,0.6680717035910378,0.6462,0.65587,58.602083073081026,0.0008120096320005769,CADCHF_merged,76.70025757817682
2024-04-03 12:00:00,2024-04-04 14:00:00,1.3,14.999999999999998,0.3705207404166074,5293.153434522963,-1,112.161,112.47884738923814,111.74779839399042,108.676,111.797,60.96043949926121,0.11816973703957147,CADJPY_merged,19.12947925958339
2024-04-04 09:00:00,2024-04-04 14:00:00,1.1,60.00000000000001,1.1697681796408612,16710.973994869448,-1,0.67089,0.6732988003495403,0.6682403196155057,0.6462,0.65587,58.41515081169952,0.0008120096320005769,CADCHF_merged,64.83023182035916
2024-04-04 10:00:00,2024-04-04 15:00:00,1.3,29.999999999999996,0.49115767395189347,7016.538199312765,-1,0.54626,0.5485955962063465,0.5432237249317495,0.53398,0.54637,66.50373152143301,0.0007800654924405921,NZDCHF_merged,38.508842326048104
2024-04-04 10:00:00,2024-04-04 15:00:00,1.3,60.0,1.1787784174845446,16839.69167835064,-1,0.54626,0.5482063301719554,0.543729770776458,0.53398,0.54613,66.62743391005147,0.0007800654924405921,NZDCHF_merged,76.82122158251545
2024-04-04 10:00:00,2024-04-04 15:00:00,1.0,30.0,0.5667203930214156,8096.005614591653,-1,0.54626,0.5482841833788336,0.5442358166211664,0.53398,0.54613,66.62743391005147,0.0007800654924405921,NZDCHF_merged,29.433279606978584
2024-04-04 09:00:00,2024-04-04 15:00:00,1.5,60.0,1.01603865736252,14514.837962321715,-1,0.54664,0.5488996463071196,0.5432505305393206,0.53398,0.54637,65.65329795645798,0.0007785320687821572,NZDCHF_merged,88.98396134263749
2024-04-04 10:00:00,2024-04-04 15:00:00,1.4,30.0,0.5262403649484575,7517.719499263679,-1,0.54626,0.5484398897925901,0.543208154290374,0.53398,0.54637,65.82498848166338,0.0007800654924405921,NZDCHF_merged,41.47375963505154
2024-04-04 10:00:00,2024-04-04 15:00:00,1.4,15.0,0.3203202221425393,4576.003173464847,-1,0.54626,0.5480506237581989,0.5437531267385214,0.53398,0.54637,66.31729472029012,0.0007800654924405921,NZDCHF_merged,20.679679777857462
2024-04-04 10:00:00,2024-04-04 15:00:00,1.3,90.0,1.6371922465063118,23388.46066437588,-1,0.54626,0.5483620365857118,0.5435273524385746,0.53398,0.54637,66.31729472029012,0.0007800654924405921,NZDCHF_merged,115.36280775349368
2024-04-03 12:00:00,2024-04-04 15:00:00,1.5,15.0,0.3449675859051172,4928.108370073103,-1,112.161,112.50239164029281,111.64891253956078,108.676,111.797,61.91827958760615,0.11816973703957147,CADJPY_merged,22.155032414094883
2024-04-04 15:00:00,2024-04-04 17:00:00,1.1,60.0,0.9313815249617484,13305.450356596408,-1,0.54493,0.5473873238127028,0.5422269438060269,0.53398,0.54613,44.60408256279869,0.0009463145134556637,NZDCHF_merged,65.06861847503825
2024-04-04 14:00:00,2024-04-04 22:00:00,1.3,30.0,0.7079624407371219,10113.749153387456,1,1.64172,1.6368502331852375,1.6480506968591915,1.644,1.67437,40.42509146728921,0.001705165918855131,EURAUD_merged,38.29203755926288
2024-04-04 08:00:00,2024-04-07 20:00:00,1.3,60.0,1.535460329886228,21935.14756980326,1,1.64372,1.6392238734211313,1.6495649645525294,1.644,1.67437,33.69245461892265,0.0017027154900871508,EURAUD_merged,76.46453967011377
2024-04-04 08:00:00,2024-04-09 09:00:00,-1.1,60.0,1.4806224609617202,21151.74944231029,1,1.64372,1.6390573502145065,1.650247709699691,1.644,1.67437,34.869019132142775,0.0017027154900871508,EURAUD_merged,-67.48062246096173
2024-04-11 01:00:00,2024-04-11 08:00:00,1.3,60.0,1.446132726169002,20659.03894527146,-1,0.9125,0.9151501716824795,0.9090547768127766,0.87294,0.88923,67.02082137175239,0.0010172066249209658,USDCHF_merged,76.553867273831
2024-04-11 01:00:00,2024-04-11 08:00:00,1.0,60.0,1.2911899340794664,18445.57048684952,-1,0.9125,0.915468192284377,0.9095318077156229,0.87294,0.88923,65.32661869219807,0.0010172066249209658,USDCHF_merged,58.70881006592053
2024-04-10 23:00:00,2024-04-11 08:00:00,1.3,29.999999999999996,0.5475538210701465,7822.197443859236,-1,0.91276,0.9162606531344331,0.908209150925237,0.87294,0.88923,67.23524887736531,0.0011185354939911804,USDCHF_merged,38.452446178929854
2024-04-11 01:00:00,2024-04-11 08:00:00,1.0,59.99999999999999,1.3905122367009635,19864.46052429948,-1,0.9125,0.9152561785497787,0.9097438214502213,0.87294,0.88923,67.02082137175239,0.0010172066249209658,USDCHF_merged,58.60948776329903
2024-04-11 01:00:00,2024-04-11 08:00:00,1.4,60.0,1.571883398009785,22455.477114425503,-1,0.9125,0.9149381579478811,0.9090865788729664,0.87294,0.88923,66.22931462103318,0.0010172066249209658,USDCHF_merged,82.42811660199021
2024-04-11 06:00:00,2024-04-11 08:00:00,1.4,30.0,0.8904842441234443,12721.203487477776,-1,0.91313,0.9152834047487697,0.9101152333517224,0.87294,0.88923,59.75734663886191,0.0011026522047859206,USDCHF_merged,41.10951575587656
2024-04-11 01:00:00,2024-04-11 08:00:00,1.3,90.0,2.0085176752347254,28693.109646210363,-1,0.9125,0.9153621854170778,0.9087791589577987,0.87294,0.88923,66.22931462103318,0.0010172066249209658,USDCHF_merged,114.99148232476527
2024-04-11 06:00:00,2024-04-11 08:00:00,1.1,60.0,1.1873123254979259,16961.60464997037,-1,0.91313,0.9163601071231545,0.90957688216453,0.87294,0.88923,59.75734663886191,0.0011026522047859206,USDCHF_merged,64.81268767450207
2024-04-10 18:00:00,2024-04-11 09:00:00,1.0,60.0,0.7572047734746736,10817.211049638196,1,0.59759,0.5942753378532168,0.6009046621467831,0.60684,0.62163,32.333613802559725,0.0012373793381368443,NZDUSD_merged,59.242795226525324
2024-04-11 01:00:00,2024-04-11 10:00:00,-1.1,90.0,2.3537921955180043,33625.60279311435,-1,1.36765,1.3713105589127226,1.3628912734134608,1.34194,1.36056,65.5992240466012,0.0012903509488199094,USDCAD_merged,-101.35379219551803
2024-04-11 01:00:00,2024-04-11 10:00:00,-1.1,60.0,1.8420982399706123,26315.68914243732,-1,1.36765,1.3707682538886155,1.3632844445559384,1.34194,1.36056,65.5992240466012,0.0012903509488199094,USDCAD_merged,-67.84209823997061
2024-04-11 01:00:00,2024-04-11 10:00:00,-1.1,60.00000000000001,2.118412975966204,30263.04251380292,-1,1.36765,1.3703615251205352,1.3638538648312508,1.34554,1.36139,65.2761758255161,0.0012903509488199094,USDCAD_merged,-68.11841297596622
2024-04-15 05:00:00,2024-04-15 08:00:00,-1.1,30.0,0.663898032959985,9484.257613714071,-1,153.868,154.35470546372815,153.23528289715338,146.481,151.97,67.03554168541521,0.16028978639204758,USDJPY_merged,-33.663898032959985
2024-04-14 18:00:00,2024-04-15 10:00:00,-1.1,30.0,0.5220276895870023,7457.538422671462,1,0.59375,0.5913614772743445,0.5961385227256555,0.59392,0.62163,36.82599836759536,0.0009309009734484181,NZDUSD_merged,-33.522027689587006
2024-04-14 19:00:00,2024-04-15 13:00:00,-1.1,90.0,1.4494011350389204,20705.73050055601,1,0.64736,0.6445461702730829,0.6510179786449923,0.6477,0.66671,37.51825345355722,0.0010355763611090798,AUDUSD_merged,-100.44940113503894
2024-04-12 12:00:00,2024-04-15 13:00:00,-1.1,30.0,0.43645303275385205,6235.0433250550295,1,0.6476,0.6444840633517445,0.6519623113075577,0.6477,0.66671,30.991360049973956,0.0011504891945745372,AUDUSD_merged,-33.43645303275385
2024-04-12 12:00:00,2024-04-15 13:00:00,-1.1,60.0,0.9400526859313735,13429.324084733908,1,0.6476,0.6447066302551913,0.6504933697448086,0.64802,0.66671,27.952218688388214,0.0011504891945745372,AUDUSD_merged,-66.94005268593138
2024-04-15 19:00:00,2024-04-16 02:00:00,-1.1,60.0,1.7163643397396107,24519.490567708726,-1,154.173,154.5502664025974,153.64482703636367,146.481,151.97,65.3652587543966,0.15909823707348061,USDJPY_merged,-67.71636433973961
2024-04-15 19:00:00,2024-04-16 02:00:00,-1.1,30.0,0.9869094953502762,14098.707076432518,-1,154.173,154.50105774138902,153.71371916205536,146.481,151.97,65.25482259047736,0.15909823707348061,USDJPY_merged,-33.986909495350275
2024-04-15 19:00:00,2024-04-16 07:00:00,-1.1,90.0,2.1931322118895022,31330.460169850037,-1,154.173,154.6158779508752,153.59725866386225,146.481,151.97,65.3652587543966,0.15909823707348061,USDJPY_merged,-101.19313221188952
2024-04-15 11:00:00,2024-04-16 09:00:00,1.3,30.0,0.5249689048296725,7499.555783281036,-1,112.089,112.53738255720378,111.50610267563508,108.676,111.797,61.57300529503015,0.18097066410426355,CADJPY_merged,38.47503109517033
2024-04-16 07:00:00,2024-04-16 09:00:00,-1.1,30.0,0.8808384574928113,12583.406535611592,-1,2.11525,2.1202929507955903,2.1081898688861735,2.03734,2.11734,64.5579015668913,0.0025656557265241278,GBPNZD_merged,-33.880838457492814
2024-04-15 11:00:00,2024-04-16 09:00:00,1.3,30.0,0.43747408735806054,6249.629819400865,-1,112.089,112.62705906864454,111.38952321076209,108.676,111.797,60.899152093133154,0.18097066410426355,CADJPY_merged,38.56252591264194
2024-04-15 11:00:00,2024-04-16 09:00:00,1.4,60.0,1.1412367496297229,16303.382137567472,-1,112.089,112.50151195262748,111.51148326632152,108.676,111.797,60.28251719832167,0.18097066410426355,CADJPY_merged,82.85876325037027
2024-04-15 11:00:00,2024-04-16 09:00:00,1.4,30.000000000000004,0.6562111310370908,9374.444729101298,-1,112.089,112.44770604576303,111.58681153593176,108.676,112.288,59.721332642995336,0.18097066410426355,CADJPY_merged,41.34378886896291
2024-04-15 11:00:00,2024-04-16 09:00:00,1.1,60.0,0.8749481747161211,12499.25963880173,-1,112.089,112.62705906864454,111.497135024491,108.676,111.797,59.721332642995336,0.18097066410426355,CADJPY_merged,65.12505182528388
2024-04-15 11:00:00,2024-04-16 09:00:00,1.3,60.0,0.9721646385734677,13888.066265335254,-1,112.089,112.57325316178009,111.45947088968589,108.676,111.797,60.28251719832167,0.18097066410426355,CADJPY_merged,77.02783536142653
2024-04-16 09:00:00,2024-04-16 18:00:00,1.4,60.00000000000001,1.4345816192699157,20494.02313242737,-1,2.11684,2.1230374361587905,2.1081635893776927,2.03734,2.11734,70.7515910234563,0.002759213356033547,GBPNZD_merged,82.56541838073008
2024-04-16 11:00:00,2024-04-16 18:00:00,1.0,30.0,0.548995286132509,7842.789801892987,-1,2.11545,2.1235419547256873,2.107358045274313,2.03734,2.11734,58.749313509689514,0.002955699271273851,GBPNZD_merged,29.45100471386749
2024-04-16 11:00:00,2024-04-16 21:00:00,1.1,60.0,1.0247912007806836,14639.87429686691,-1,2.11545,2.124119951491808,2.1059130533590116,2.03734,2.11734,58.61351628489136,0.002955699271273851,GBPNZD_merged,64.97520879921932
2024-04-16 11:00:00,2024-04-17 02:00:00,1.4,14.999999999999998,0.2914686881777258,4163.8384025389405,-1,1.80772,1.814232212381601,1.7986029026657586,1.74401,1.80986,61.768335416108634,0.002374662269408523,EURNZD_merged,20.70853131182227
2024-04-16 12:00:00,2024-04-17 02:00:00,1.1,59.99999999999999,1.0645581195129956,15207.973135899938,-1,1.80569,1.8128139868082256,1.7978536145109518,1.74401,1.80986,60.07088298655086,0.002321472107307916,EURNZD_merged,64.935441880487
2024-04-16 11:00:00,2024-04-17 02:00:00,1.3,30.0,0.5440748845984215,7772.498351406022,-1,1.80772,1.8146973704088583,1.7986494184684843,1.74401,1.80986,62.23475314436337,0.002374662269408523,EURNZD_merged,38.45592511540158
2024-04-16 08:00:00,2024-04-17 22:00:00,1.3,30.0,0.5766307555239668,8237.582221770956,-1,2.11348,2.1211769671795726,2.103473942666556,2.03734,2.11734,69.0523745603513,0.0026945374603438163,GBPNZD_merged,38.423369244476035
2024-04-10 16:00:00,2024-04-18 21:00:00,1.5,60.0,0.8648329954024043,12354.757077177206,-1,0.91323,0.9176650366144568,0.9065774450783148,0.87294,0.88923,69.34393649877465,0.0014736570440378885,USDCHF_merged,89.13516700459759
2024-04-10 16:00:00,2024-04-18 21:00:00,1.4,30.0,0.44785994404767376,6397.999200681054,-1,0.91323,0.9175121043174065,0.9072350539556309,0.87294,0.88923,66.81379744502593,0.0014736570440378885,USDCHF_merged,41.55214005595233
2024-04-19 02:00:00,2024-04-21 21:00:00,1.4,90.0,2.2571229894673386,32244.6141352477,-1,1.80811,1.8131567311941599,1.8010445763281764,1.74401,1.80986,57.800945516747994,0.0021932144572694824,EURNZD_merged,123.74287701053265
2024-04-19 02:00:00,2024-04-21 21:00:00,1.1,89.99999999999999,1.730460958591626,24720.870837023234,-1,1.80811,1.8146926928619476,1.8008690378518577,1.74401,1.80986,57.6152695296458,0.0021932144572694824,EURNZD_merged,97.26953904140836
2024-04-22 00:00:00,2024-04-22 06:00:00,-1.1,90.0,1.5360517368609705,21943.596240871007,1,1.92326,1.9153718946001383,1.9335145370198201,1.91916,1.95682,38.17703471647135,0.0025686992904333985,GBPAUD_merged,-100.53605173686098
2024-04-21 23:00:00,2024-04-22 07:00:00,-1.1,60.0,1.0902493280126735,15574.99040018105,1,1.92114,1.9137391350852673,1.931501210880626,1.91916,1.95682,37.10529326922962,0.002629368466620574,GBPAUD_merged,-67.09024932801267
2024-04-19 02:00:00,2024-04-22 17:00:00,1.3,59.99999999999999,1.153640639061084,16480.58055801549,-1,1.80811,1.8146926928619476,1.7995524992794683,1.74401,1.80986,58.001454148913005,0.0021932144572694824,EURNZD_merged,76.84635936093892
2024-04-22 13:00:00,2024-04-23 03:00:00,-1.1,90.00000000000001,3.1093549606439703,44419.356580628155,-1,0.8624,0.8641473463367061,0.8599537151286116,0.84983,0.8602,64.12654246236252,0.0007283075272415687,EURGBP_merged,-102.109354960644
2024-04-22 13:00:00,2024-04-23 03:00:00,-1.1,29.999999999999996,1.1919194015801884,17027.420022574122,-1,0.8624,0.8639194315971357,0.8602727957640101,0.84983,0.8586,64.30042347837033,0.0007283075272415687,EURGBP_merged,-34.191919401580186
2024-04-22 11:00:00,2024-04-23 07:00:00,1.1,90.0,1.733320650624506,24761.723580350088,1,1.69227,1.686119204418029,1.6990358751401677,1.70214,1.7343,30.536529213542178,0.0020102462515624118,GBPCAD_merged,97.26667934937551
2024-04-22 11:00:00,2024-04-23 07:00:00,1.0,29.999999999999996,0.6190430895087523,8843.47270726789,1,1.69227,1.6865292574568271,1.6980107425431727,1.70214,1.7343,30.721489540814847,0.0020102462515624118,GBPCAD_merged,29.380956910491243
2024-04-22 11:00:00,2024-04-23 07:00:00,1.4,15.0,0.43333016265612656,6190.430895087523,1,1.69227,1.6881694696120193,1.6980107425431727,1.70214,1.72393,30.536529213542178,0.0020102462515624118,GBPCAD_merged,20.566669837343873
2024-04-22 11:00:00,2024-04-23 07:00:00,1.4,90.0,2.2608530225537042,32297.900322195776,1,1.69227,1.6875543900538224,1.6988718539246486,1.70214,1.7343,30.40674102138636,0.0020102462515624118,GBPCAD_merged,123.73914697744628
2024-04-22 12:00:00,2024-04-23 10:00:00,1.4,30.0,0.8291518764641097,11845.02680663014,-1,0.86283,0.8650152968695276,0.8597705843826613,0.84983,0.8602,63.79327622300657,0.0007597157985678442,EURGBP_merged,41.17084812353589
2024-04-22 13:00:00,2024-04-23 10:00:00,1.1,90.0,2.3838388031603768,34054.840045148245,-1,0.8624,0.8646791473957036,0.8598929378647262,0.84983,0.8602,64.30042347837033,0.0007283075272415687,EURGBP_merged,96.61616119683964
2024-04-22 12:00:00,2024-04-23 10:00:00,1.3,60.0,1.5477501693996714,22110.716705709594,-1,0.86283,0.8651713895030654,0.859786193646015,0.84983,0.8602,63.09117133032045,0.0007597157985678442,EURGBP_merged,76.45224983060032
2024-04-22 13:00:00,2024-04-23 10:00:00,1.0,60.0,1.7027420022574122,24324.885746534463,-1,0.8624,0.86452720423599,0.8602727957640101,0.84983,0.8602,64.39096414656966,0.0007283075272415687,EURGBP_merged,58.29725799774259
2024-04-19 01:00:00,2024-04-23 21:00:00,1.4,30.0,0.49609295098365824,7087.042156909404,1,0.88175,0.8780174837521306,0.8869755227470173,0.87968,0.89494,38.32904285720461,0.001304967123017921,AUDCAD_merged,41.50390704901634
2024-04-19 01:00:00,2024-04-23 21:00:00,1.3,60.0,0.9260401751694954,13229.145359564222,1,0.88175,0.8777508754487113,0.8869488619166753,0.87968,0.89494,37.771906280367276,0.001304967123017921,AUDCAD_merged,77.07395982483051
2024-04-23 17:00:00,2024-04-24 09:00:00,1.0,60.0,1.5461051728050186,22087.21675435741,-1,113.308,113.61580157027521,113.0001984297248,108.676,112.478,62.812612672363855,0.11057705136677777,CADJPY_merged,58.45389482719498
2024-04-24 04:00:00,2024-04-24 17:00:00,1.0,90.0,2.1594103694269506,30848.71956324215,-1,1.09567,1.098866576758975,1.092473423241025,1.05691,1.09549,63.478547636270996,0.0011050892312927843,AUDNZD_merged,87.84058963057305
2024-04-24 04:00:00,2024-04-24 17:00:00,1.4,90.0,2.6288474062588962,37554.962946555665,-1,1.09567,1.0982957594805867,1.0919939367271785,1.05691,1.09549,63.709241597587585,0.0011050892312927843,AUDNZD_merged,123.37115259374109
2024-04-23 12:00:00,2024-04-24 20:00:00,-1.1,30.0,0.9928194601388035,14183.135144840051,-1,113.197,113.43643295789828,112.86179385894242,108.676,112.478,64.79736413377682,0.11952244473848408,CADJPY_merged,-33.992819460138804
2024-04-23 12:00:00,2024-04-24 21:00:00,-1.1,89.99999999999999,2.589963809057748,36999.48298653926,-1,113.197,113.47234790158302,112.81151293778379,108.676,112.478,65.33617961940085,0.11952244473848408,CADJPY_merged,-101.58996380905774
2024-04-24 15:00:00,2024-04-24 21:00:00,-1.1,15.0,0.35334599126481375,5047.7998752116255,-1,100.769,101.06844431977638,100.34977795231309,96.895,100.806,64.52742455862973,0.1519562913247439,AUDJPY_merged,-16.853345991264813
2024-04-23 12:00:00,2024-04-25 00:00:00,-1.1,90.0,1.9856389202776066,28366.2702896801,-1,113.197,113.5561494368474,112.80193561946786,108.676,112.478,64.79736413377682,0.11952244473848408,CADJPY_merged,-100.98563892027762
2024-04-24 15:00:00,2024-04-25 00:00:00,-1.1,90.0,1.4133839650592552,20191.199500846506,-1,100.769,101.21816647966456,100.27491687236899,96.895,100.806,64.52742455862973,0.1519562913247439,AUDJPY_merged,-100.41338396505927
2024-04-24 15:00:00,2024-04-25 00:00:00,-1.1,90.0,1.5143399625634875,21633.42803662125,-1,100.769,101.18822204768692,100.34977795231309,96.895,100.806,64.30697901538818,0.1519562913247439,AUDJPY_merged,-100.5143399625635
2024-04-25 07:00:00,2024-04-25 09:00:00,1.0,90.0,2.196283212987434,31375.474471249057,-1,113.694,114.02012925134811,113.3678707486519,108.676,112.478,64.38839400741897,0.11922653743687125,CADJPY_merged,87.80371678701256
2024-04-25 07:00:00,2024-04-25 09:00:00,1.3,30.0,0.6832881107072017,9761.258724388597,-1,113.694,114.04342419787297,113.23974854276514,108.676,112.478,65.18098345454786,0.11922653743687125,CADJPY_merged,38.3167118892928
2024-04-25 06:00:00,2024-04-25 09:00:00,1.4,30.0,0.7428335156285611,10611.907366122303,-1,113.798,114.11970842452872,113.34760820565978,108.676,112.478,62.87326563874606,0.1164747326243228,CADJPY_merged,41.25716648437144
2024-04-25 07:00:00,2024-04-25 09:00:00,1.4,90.0,2.6737360853760066,38196.22979108582,-1,113.694,113.96189188503594,113.31895136094968,108.676,112.478,64.90850421618231,0.11922653743687125,CADJPY_merged,123.32626391462398
2024-04-25 09:00:00,2024-04-25 12:00:00,-1.1,90.0,2.148252639599801,30689.323422854304,-1,166.453,166.9411427261718,165.7696001833595,160.21,165.351,60.95555150735497,0.24414768447929527,EURJPY_merged,-101.14825263959982
2024-04-25 09:00:00,2024-04-25 13:00:00,-1.1,30.0,0.5882120322713741,8403.029032448201,-1,166.453,167.04726071012217,165.62103500582896,160.21,165.351,61.263091361196366,0.24414768447929527,EURJPY_merged,-33.58821203227137
2024-04-25 09:00:00,2024-04-25 13:00:00,-1.1,60.0,1.1764240645427482,16806.058064896402,-1,166.453,167.04726071012217,165.85873928987783,160.21,165.351,61.263091361196366,0.24414768447929527,EURJPY_merged,-67.17642406454274
2024-04-25 09:00:00,2024-04-25 18:00:00,-1.1,15.0,0.30822582519045016,4403.226074149288,-1,92.305,92.61944558527864,91.86477618060992,90.102,92.363,53.15064491448645,0.17220687887936353,NZDJPY_merged,-16.80822582519045
2024-04-25 09:00:00,2024-04-25 19:00:00,-1.1,90.00000000000001,1.608134740124088,22973.353430344116,-1,92.305,92.66661242307043,91.79874260770141,90.102,92.363,52.56648309993224,0.17220687887936353,NZDJPY_merged,-100.60813474012411
2024-04-25 09:00:00,2024-04-25 19:00:00,-1.1,30.0,0.4403226074149288,6290.322963070412,-1,92.305,92.74522381939009,91.68868665285389,90.102,92.363,53.62533205866028,0.17220687887936353,NZDJPY_merged,-33.44032260741493
2024-04-25 09:00:00,2024-04-25 19:00:00,-1.1,90.0,1.3209678222447865,18870.968889211235,-1,92.305,92.74522381939009,91.86477618060992,90.102,92.363,53.62533205866028,0.17220687887936353,NZDJPY_merged,-100.3209678222448
2024-04-24 04:00:00,2024-04-26 08:00:00,-1.1,90.0,2.0154496781318207,28792.13825902601,-1,1.09567,1.0990949036703304,1.0919026059626364,1.05691,1.09549,63.61679974407139,0.0011050892312927843,AUDNZD_merged,-101.01544967813183
2024-04-28 20:00:00,2024-04-28 21:00:00,-1.1,15.0,0.2207189593381325,3153.12799054475,-1,173.106,173.92949654304752,171.8707551854287,166.565,170.799,77.17990873093503,0.33854330534576954,CHFJPY_merged,-16.720718959338132
2024-05-01 01:00:00,2024-05-01 14:00:00,1.5,15.0,0.3054919193162861,4364.1702759469445,1,0.64709,0.6448659002545121,0.6504261496182321,0.64802,0.6644,33.54685867695038,0.0009162290681947715,AUDUSD_merged,22.194508080683715
2024-05-01 05:00:00,2024-05-01 14:00:00,1.5,60.0,1.4921464342160193,21316.377631657422,-1,0.92101,0.9236024010615167,0.9171213984077249,0.87294,0.88923,67.38511510410211,0.0010565837440392018,USDCHF_merged,88.50785356578398
2024-04-30 18:00:00,2024-05-01 20:00:00,-1.1,15.0,0.4318128001435178,6168.754287764541,-1,1.09911,1.101782606045065,1.0951010909324026,1.08536,1.09549,66.29946033164785,0.0012147582912453879,AUDNZD_merged,-16.93181280014352
2024-05-01 10:00:00,2024-05-01 21:00:00,-1.1,15.0,0.46205187124032854,6600.7410177189795,-1,1.09962,1.1021188558035717,1.0961216018749997,1.08536,1.09549,52.784982680833316,0.0009867178698980314,AUDNZD_merged,-16.962051871240327
2024-05-02 16:00:00,2024-05-03 08:00:00,-1.1,15.0,0.32254148349042827,4607.73547843469,1,1.90928,1.9030645390357068,1.9161170070607227,1.91128,1.94799,28.859320158079363,0.0023455217729618978,GBPAUD_merged,-16.82254148349043
2024-05-02 23:00:00,2024-05-03 08:00:00,-1.1,60.00000000000001,1.5233796294497302,21762.56613499615,1,1.90842,1.9031584329913251,1.9163123505130122,1.91128,1.94799,36.03688786266726,0.00214001104502302,GBPAUD_merged,-67.52337962944975
2024-05-05 20:00:00,2024-05-06 20:00:00,-1.1,59.99999999999999,1.4532875497870696,20761.250711243854,1,1.89742,1.8919364575302613,1.9056453137046083,1.91128,1.94799,26.507685158085273,0.002270894407934671,GBPAUD_merged,-67.45328754978706
2024-05-05 17:00:00,2024-05-06 20:00:00,-1.1,15.000000000000002,0.3367179455843725,4810.256365491036,-1,0.90449,0.9073105045571651,0.9008233440756853,0.87809,0.90065,69.7709849435955,0.0011940445498041955,AUDCAD_merged,-16.836717945584375
2024-05-05 18:00:00,2024-05-06 20:00:00,-1.1,15.000000000000002,0.26496121945523776,3785.1602779319683,-1,0.90393,0.9075121336494126,0.8996314396207049,0.87809,0.90065,70.43239372500652,0.0011801842248181816,AUDCAD_merged,-16.76496121945524
2024-05-05 18:00:00,2024-05-06 20:00:00,-1.1,15.000000000000002,0.3179534633462853,4542.192333518362,-1,0.90393,0.9069151113745105,0.9009448886254895,0.87809,0.90065,70.43239372500652,0.0011801842248181816,AUDCAD_merged,-16.81795346334629
2024-05-05 17:00:00,2024-05-06 20:00:00,-1.1,15.0,0.31177587554108566,4453.941079158367,-1,0.90449,0.9075361449217384,0.9014438550782616,0.87809,0.90065,70.46506723069032,0.0011940445498041955,AUDCAD_merged,-16.811775875541084
2024-05-05 17:00:00,2024-05-06 20:00:00,-1.1,14.999999999999998,0.3237672553695889,4625.246505279842,-1,0.90449,0.9074233247394518,0.9015566752605483,0.87809,0.90065,70.46506723069032,0.0011940445498041955,AUDCAD_merged,-16.82376725536959
2024-05-03 10:00:00,2024-05-07 21:00:00,1.5,60.0,0.8331190525542008,11901.700750774298,-1,0.66266,0.6660006654084639,0.6576490018873042,0.63618,0.6644,64.58872558822232,0.0016403764973223283,AUDUSD_merged,89.1668809474458
2024-05-08 06:00:00,2024-05-09 03:00:00,-1.1,15.0,0.3604683594929187,5149.547992755982,-1,155.391,155.84363487266822,154.71204769099765,150.81,151.97,71.09417926616796,0.18205515906806252,USDJPY_merged,-16.86046835949292
2024-05-08 11:00:00,2024-05-09 10:00:00,-1.1,60.0,1.6061321205741377,22944.74457963054,-1,167.243,167.68033674895244,166.5869948765713,162.27,165.17,69.01746173628759,0.18527909929707895,EURJPY_merged,-67.60613212057413
2024-05-09 14:00:00,2024-05-13 04:00:00,-1.1,15.0,0.4070630552116086,5815.186503022981,-1,167.647,168.07943754928456,167.04158743100157,162.27,165.17,63.54305395551615,0.169405375448556,EURJPY_merged,-16.90706305521161
2024-05-05 17:00:00,2024-05-15 08:00:00,-1.1,15.0,0.2805982879869771,4008.54697124253,-1,0.90449,0.9078746054685982,0.9004284734376823,0.87809,0.90065,70.14626773479186,0.0011940445498041955,AUDCAD_merged,-16.780598287986976
2024-05-15 01:00:00,2024-05-15 08:00:00,-1.1,15.0,0.4772983766232966,6818.548237475667,-1,0.90611,0.9081033348752009,0.9031199976871986,0.87809,0.90065,69.67752924911697,0.0008355164695717848,AUDCAD_merged,-16.977298376623295
2024-05-15 22:00:00,2024-05-16 08:00:00,1.3,15.0,0.32170359454186037,4595.7656363122915,1,0.8999,0.8969628397816144,0.9037183082839013,0.90054,0.9224,32.172929181425964,0.0011659452239717904,USDCHF_merged,19.17829640545814
2024-05-15 22:00:00,2024-05-16 09:00:00,1.0,15.0,0.42354538730010294,6050.648390001471,-1,1.08865,1.0913488429912708,1.085951157008729,1.0601,1.0885,68.92610722797411,0.0009760306583735847,EURUSD_merged,14.576454612699898
2024-05-15 22:00:00,2024-05-16 09:00:00,1.0,15.0,0.43983559450395304,6283.365635770759,-1,1.08865,1.091248885843446,1.0860511141565539,1.0601,1.0885,68.92610722797411,0.0009760306583735847,EURUSD_merged,14.560164405496048
2024-05-16 23:00:00,2024-05-17 10:00:00,-1.1,15.0,0.3132517140645062,4475.024486635803,-1,0.55415,0.5560074758696458,0.5515495337824959,0.528,0.54952,66.1608905987906,0.0007092053230113052,NZDCHF_merged,-16.813251714064506
2024-05-16 20:00:00,2024-05-17 11:00:00,-1.1,15.0,0.326305443478348,4661.506335404972,-1,0.55482,0.5566053241851868,0.5521420137222198,0.528,0.54952,71.71088247850571,0.0007400361430782409,NZDCHF_merged,-16.826305443478347
2024-05-16 20:00:00,2024-05-17 12:00:00,-1.1,30.0,0.6024100494984885,8605.857849978409,-1,0.55482,0.556754101200619,0.552885898799381,0.528,0.54952,71.17341982957323,0.0007400361430782409,NZDCHF_merged,-33.60241004949849
2024-05-16 20:00:00,2024-05-17 12:00:00,-1.1,15.0,0.3132532257392141,4475.046081988773,-1,0.55482,0.556679712692903,0.552960287307097,0.528,0.54952,69.155912576642,0.0007400361430782409,NZDCHF_merged,-16.813253225739214
2024-05-16 20:00:00,2024-05-17 12:00:00,-1.1,30.0,0.5800985661837297,8287.122374053282,-1,0.55482,0.5568284897083351,0.5528115102916649,0.528,0.54952,71.17341982957323,0.0007400361430782409,NZDCHF_merged,-33.58009856618373
2024-05-15 17:00:00,2024-05-17 12:00:00,-1.1,29.999999999999996,0.6101310410481078,8716.157729258683,-1,0.83204,0.8349037847977681,0.8277443228033479,0.8074,0.82482,73.3704898100793,0.0011458691181840913,NZDCAD_merged,-33.610131041048106
2024-05-16 20:00:00,2024-05-17 12:00:00,-1.1,60.0,1.2530129029568564,17900.184327955092,-1,0.55482,0.556679712692903,0.5524023734992262,0.528,0.54952,70.27635204489806,0.0007400361430782409,NZDCHF_merged,-67.25301290295685
2024-05-16 20:00:00,2024-05-17 13:00:00,-1.1,15.0,0.2610443547826784,3729.2050683239777,-1,0.55482,0.5570516552314835,0.5521420137222198,0.528,0.54952,70.70202343672466,0.0007400361430782409,NZDCHF_merged,-16.76104435478268
2024-05-20 03:00:00,2024-05-20 08:00:00,1.0,30.0,0.6892430531992988,9846.329331418556,-1,0.6089,0.6107552091226232,0.6070447908773768,0.57405,0.59951,69.67431849525501,0.0006966063120132853,AUDCHF_merged,29.3107569468007
2024-05-20 03:00:00,2024-05-20 08:00:00,1.0,15.0,0.3721912487276214,5317.0178389660205,-1,0.6089,0.6106177862246511,0.6071822137753489,0.57405,0.60204,68.98250620856041,0.0006966063120132853,AUDCHF_merged,14.62780875127238
2024-05-20 03:00:00,2024-05-20 08:00:00,1.1,29.999999999999996,0.7157524013992719,10225.034305703884,-1,0.6089,0.6106864976736371,0.6069348525589991,0.57405,0.59951,69.41457616762408,0.0006966063120132853,AUDCHF_merged,32.28424759860073
2024-05-20 03:00:00,2024-05-20 08:00:00,1.0,29.999999999999996,0.7157524013992719,10225.034305703884,-1,0.6089,0.6106864976736371,0.6071135023263629,0.57405,0.59951,69.67431849525501,0.0006966063120132853,AUDCHF_merged,29.284247598600725
2024-05-20 03:00:00,2024-05-20 09:00:00,1.2,15.0,0.3101593739396845,4430.8481991383505,-1,0.6089,0.6109613434695813,0.6064263878365024,0.57405,0.59951,69.72021815906635,0.0006966063120132853,AUDCHF_merged,17.689840626060317
2024-05-20 03:00:00,2024-05-20 09:00:00,1.2,15.0,0.3101593739396845,4430.8481991383505,-1,0.6089,0.6109613434695813,0.6064263878365024,0.57405,0.59951,68.98250620856041,0.0006966063120132853,AUDCHF_merged,17.689840626060317
2024-05-20 03:00:00,2024-05-20 09:00:00,1.5,15.0,0.38769921742460567,5538.560248922939,-1,0.6089,0.610549074775665,0.6064263878365024,0.57405,0.59951,69.41457616762408,0.0006966063120132853,AUDCHF_merged,22.112300782575396
2024-05-20 03:00:00,2024-05-20 09:00:00,1.3,30.0,0.7443824974552428,10634.035677932041,-1,0.6089,0.6106177862246511,0.6066668779079536,0.57405,0.59951,69.63261739531491,0.0006966063120132853,AUDCHF_merged,38.25561750254476
2024-05-20 08:00:00,2024-05-20 13:00:00,-1.1,30.0,1.077518400308981,15393.120004414015,-1,1.15458,1.1568301870959277,1.1512047193561084,1.11678,1.15119,77.61743071888687,0.001032036674019667,GBPCHF_merged,-34.07751840030898
2024-05-20 05:00:00,2024-05-20 13:00:00,-1.1,15.0,0.5344410155497592,7634.871650710847,-1,1.15467,1.1569385450119372,1.1512671824820944,1.11678,1.15119,73.3457237024837,0.0009398537248566076,GBPCHF_merged,-17.03444101554976
2024-05-20 08:00:00,2024-05-20 13:00:00,-1.1,60.0,2.0688353285932437,29554.79040847491,-1,1.15458,1.1569239448915913,1.151532871640931,1.11678,1.15119,76.60878464585332,0.001032036674019667,GBPCHF_merged,-68.06883532859324
2024-05-20 10:00:00,2024-05-20 16:00:00,-1.1,60.0,1.6453316835391432,23504.738336273476,-1,1.15433,1.1572766313987046,1.151088705461425,1.11678,1.15119,62.0067033026524,0.0011545112138230717,GBPCHF_merged,-67.64533168353914
2024-05-20 08:00:00,2024-05-20 16:00:00,-1.1,60.0,1.9892647390319649,28418.067700456642,-1,1.15458,1.157017702687255,1.1521422973127449,1.11678,1.15119,77.36700238248145,0.001032036674019667,GBPCHF_merged,-67.98926473903197
2024-05-20 05:00:00,2024-05-21 02:00:00,1.4,30.0,0.7155731490031716,10222.473557188167,-1,0.60823,0.6100149789386023,0.6057310294859568,0.57405,0.59951,63.4960664141739,0.000699420748623735,AUDCHF_merged,41.28442685099683
2024-05-22 04:00:00,2024-05-22 17:00:00,-1.1,30.0,1.2319240522058,17598.915031511428,1,0.8517,0.8502481491356569,0.8532970359507774,0.85272,0.86203,33.70398585084488,0.000578518165836805,EURGBP_merged,-34.2319240522058
2024-05-22 04:00:00,2024-05-22 17:00:00,-1.1,30.0,1.2319240522058,17598.915031511428,1,0.8517,0.8502481491356569,0.8531518508643431,0.85272,0.86203,33.867445525696354,0.000578518165836805,EURGBP_merged,-34.2319240522058
2024-05-22 04:00:00,2024-05-22 17:00:00,-1.1,29.999999999999996,1.1862972354574368,16947.10336367767,1,0.8517,0.8501923087177976,0.8532076912822024,0.85272,0.86203,33.867445525696354,0.000578518165836805,EURGBP_merged,-34.18629723545744
2024-05-22 04:00:00,2024-05-22 17:00:00,-1.1,30.000000000000004,1.281201014294032,18302.871632771887,1,0.8517,0.8503039895535163,0.8535148135804288,0.85272,0.86203,34.17354973205087,0.000578518165836805,EURGBP_merged,-34.28120101429404
2024-05-22 05:00:00,2024-05-24 02:00:00,1.4,30.0,0.822483947513235,11749.7706787605,-1,1.27282,1.2760698166171893,1.268270256735935,1.22991,1.2709,55.76126987164048,0.0012820747435274707,GBPUSD_merged,41.177516052486766
2024-05-24 10:00:00,2024-05-24 13:00:00,1.0,15.0,0.5218123054307419,7454.461506153456,-1,1.48432,1.487306775098593,1.481333224901407,1.45794,1.47635,47.248964400436215,0.001311516465191733,EURCAD_merged,14.478187694569257
2024-05-24 10:00:00,2024-05-24 14:00:00,1.0,15.0,0.5017426013757134,7167.751448224477,-1,1.48432,1.487426246102537,1.4812137538974632,1.45794,1.47635,42.95819261314418,0.001311516465191733,EURCAD_merged,14.498257398624286
2024-05-22 01:00:00,2024-05-27 06:00:00,-1.1,30.0,0.46519701015732773,6645.671573676111,-1,0.61172,0.6144814364923918,0.6075778452614123,0.58517,0.60823,62.47868463716645,0.0011605557857468413,NZDUSD_merged,-33.465197010157326
2024-05-24 10:00:00,2024-05-27 09:00:00,1.0,15.000000000000002,0.48315954206550177,6902.279172364311,-1,1.48432,1.4875457171064805,1.4810942828935196,1.45794,1.47635,42.95819261314418,0.001311516465191733,EURCAD_merged,14.5168404579345
2024-05-24 10:00:00,2024-05-27 09:00:00,1.5,15.0,0.5435544848236894,7765.06406890985,-1,1.48432,1.4871873040946495,1.480019043858026,1.45794,1.47635,41.574274508364994,0.001311516465191733,EURCAD_merged,21.95644551517631
2024-05-24 10:00:00,2024-05-27 09:00:00,1.4,30.0,1.0436246108614837,14908.923012306912,-1,1.48432,1.487306775098593,1.4801385148619697,1.45794,1.47635,46.64088768088108,0.001311516465191733,EURCAD_merged,40.956375389138515
2024-05-27 08:00:00,2024-05-27 20:00:00,-1.1,15.000000000000002,0.3847316137893634,5496.16591127662,-1,0.61418,0.6158562048578442,0.6123361746563712,0.58517,0.60823,73.05351761644405,0.0006707874492301123,NZDUSD_merged,-16.884731613789366
2024-05-27 08:00:00,2024-05-27 20:00:00,-1.1,30.000000000000004,0.7694632275787268,10992.33182255324,-1,0.61418,0.6158562048578442,0.6125037951421557,0.58517,0.60823,71.3087552836322,0.0006707874492301123,NZDUSD_merged,-33.76946322757873
2024-05-27 08:00:00,2024-05-27 20:00:00,-1.1,30.0,0.7409645895202553,10585.208421717934,-1,0.61418,0.6159206742754536,0.6124393257245463,0.58737,0.60823,71.3087552836322,0.0006707874492301123,NZDUSD_merged,-33.74096458952025
2024-05-27 10:00:00,2024-05-27 21:00:00,-1.1,30.0,0.8088741596402551,11555.345137717932,-1,0.61476,0.6163560406011414,0.6123659390982878,0.58517,0.60823,74.82201576806798,0.0006625157087749744,NZDUSD_merged,-33.808874159640254
2024-05-27 13:00:00,2024-05-27 21:00:00,-1.1,60.0,1.633577495662782,23336.821366611173,-1,0.6148,0.6163806779946809,0.6125870508074468,0.58517,0.60823,65.56954077159156,0.0006085375408814694,NZDUSD_merged,-67.63357749566278
2024-05-30 17:00:00,2024-05-31 10:00:00,-1.1,30.0,0.7038952828118702,10055.646897312432,-1,173.368,173.88522579890807,172.59216130163787,167.301,172.713,69.88022479370822,0.2159742674346732,CHFJPY_merged,-33.70389528281187
2024-05-30 22:00:00,2024-05-31 10:00:00,-1.1,15.0,0.2644424223273915,3777.7488903913077,-1,173.454,174.1427196781707,172.62753638619517,167.301,172.713,61.97111394508586,0.22046085276712007,CHFJPY_merged,-16.76444242232739
2024-05-30 22:00:00,2024-05-31 10:00:00,-1.1,30.0,0.5876498273942032,8394.997534202905,-1,173.454,174.07384771035365,172.83415228964637,167.301,172.713,61.617410804254504,0.22046085276712007,CHFJPY_merged,-33.5876498273942
2024-05-30 22:00:00,2024-05-31 10:00:00,-1.1,30.0,0.528884844654783,7555.497780782615,-1,173.454,174.1427196781707,172.62753638619517,167.301,172.713,61.82477234563433,0.22046085276712007,CHFJPY_merged,-33.52888484465478
2024-05-30 22:00:00,2024-05-31 10:00:00,-1.1,30.0,0.6102517438324419,8717.88205474917,-1,173.454,174.05089038774796,172.85710961225206,167.301,172.713,61.617410804254504,0.22046085276712007,CHFJPY_merged,-33.61025174383244
2024-05-30 22:00:00,2024-05-31 10:00:00,-1.1,30.0,0.6346618135857395,9066.597336939136,-1,173.454,174.02793306514226,172.88006693485775,170.804,172.713,61.97111394508586,0.22046085276712007,CHFJPY_merged,-33.63466181358574
2024-06-03 15:00:00,2024-06-04 03:00:00,-1.1,15.0,0.29135464970462965,4162.20928149471,1,0.65624,0.6538750059945893,0.6597874910081162,0.65956,0.6703,33.97010308869661,0.0009778845854267958,CADCHF_merged,-16.79135464970463
2024-06-03 22:00:00,2024-06-04 04:00:00,1.0,30.0,0.9473402962050884,13533.432802929836,-1,1.09076,1.0931779231150367,1.0883420768849632,1.0601,1.08949,69.82265862345568,0.000855846573954422,EURUSD_merged,29.052659703794912
2024-06-03 22:00:00,2024-06-04 04:00:00,1.0,30.0,0.9837764614437456,14053.949449196367,-1,1.09076,1.0930883704070724,1.0884316295929275,1.0601,1.08949,69.82265862345568,0.000855846573954422,EURUSD_merged,29.016223538556254
2024-06-03 20:00:00,2024-06-04 05:00:00,1.4,30.0,1.002624457095419,14323.20652993456,-1,1.09072,1.0930045163847644,1.0875216770613299,1.0601,1.08949,69.18767894592524,0.0009121060857696238,EURUSD_merged,40.99737554290458
2024-06-03 22:00:00,2024-06-04 05:00:00,1.5,30.000000000000004,1.0657578332307245,15225.111903296067,-1,1.09076,1.0929092649911436,1.0875361025132844,1.0601,1.08949,70.79824551050044,0.000855846573954422,EURUSD_merged,43.93424216676928
2024-06-03 21:00:00,2024-06-04 05:00:00,1.0,30.0,0.7686028821619558,10980.041173742227,-1,0.91125,0.913739744762103,0.908760255237897,0.87809,0.9125,59.868356852905826,0.0009691945578939299,AUDCAD_merged,29.231397117838043
2024-06-03 21:00:00,2024-06-04 06:00:00,1.0,30.0,0.7401361087485501,10573.372982122144,-1,0.91125,0.91383550417603,0.90866449582397,0.87809,0.9125,59.868356852905826,0.0009691945578939299,AUDCAD_merged,29.25986389125145
2024-06-03 22:00:00,2024-06-04 10:00:00,-1.1,60.0,1.5185932999093452,21694.189998704933,-1,0.84273,0.845060753072736,0.8394669456981696,0.8074,0.82482,65.97605529757347,0.0009378511413019455,NZDCAD_merged,-67.51859329990934
2024-06-04 08:00:00,2024-06-04 17:00:00,-1.1,15.0,0.5232984589055285,7475.692270078979,1,1.07715,1.0749886951447067,1.0795274353408226,1.08536,1.10296,20.993739082375104,0.0008340374483190324,AUDNZD_merged,-17.02329845890553
2024-06-04 08:00:00,2024-06-04 17:00:00,-1.1,30.0,1.046596917811057,14951.384540157958,1,1.07715,1.0749886951447067,1.0793113048552934,1.08536,1.10296,22.360561092511425,0.0008340374483190324,AUDNZD_merged,-34.04659691781106
2024-06-04 08:00:00,2024-06-04 17:00:00,-1.1,30.0,1.00783406900324,14397.629557189144,1,1.07715,1.0749055680348878,1.0793944319651123,1.08536,1.10296,22.360561092511425,0.0008340374483190324,AUDNZD_merged,-34.00783406900324
2024-06-04 08:00:00,2024-06-04 17:00:00,-1.1,15.0,0.5442303972617496,7774.719960882138,1,1.07715,1.0750718222545257,1.0798516310691166,1.08536,1.10296,24.812010805975532,0.0008340374483190324,AUDNZD_merged,-17.04423039726175
2024-06-03 21:00:00,2024-06-04 21:00:00,-1.1,30.0,0.7939761664098267,11342.516662997525,-1,0.84334,0.8455705631767363,0.8399941552348955,0.8074,0.82482,65.60928327016242,0.0009323012290943977,NZDCAD_merged,-33.79397616640983
2024-06-03 19:00:00,2024-06-04 21:00:00,-1.1,30.0,0.7516179756560135,10737.399652228765,-1,0.84344,0.8457965482164713,0.8410834517835286,0.80878,0.82482,69.30840015935958,0.0009224321946893654,NZDCAD_merged,-33.75161797565601
2024-06-03 21:00:00,2024-06-04 21:00:00,-1.1,15.0,0.3664505383429969,5235.007690614242,-1,0.84334,0.8457564434414643,0.8406819122143893,0.8074,0.82482,65.60928327016242,0.0009323012290943977,NZDCAD_merged,-16.866450538342995
2024-06-03 21:00:00,2024-06-04 21:00:00,-1.1,30.0,0.7329010766859938,10470.015381228484,-1,0.84334,0.8457564434414643,0.8409235565585357,0.8074,0.82482,65.40673500906537,0.0009323012290943977,NZDCAD_merged,-33.73290107668599
2024-06-04 22:00:00,2024-06-05 08:00:00,-1.1,15.0,0.5404080416151213,7720.1148802160205,1,1.0766,1.074508191749661,1.0797377123755083,1.08536,1.10296,35.74209576973908,0.0008700448587620925,AUDNZD_merged,-17.040408041615123
2024-06-04 15:00:00,2024-06-05 10:00:00,1.0,30.000000000000004,0.5632589169856496,8046.555956937852,1,0.9679,0.9642913753716006,0.9715086246283994,0.97259,0.98367,26.30248026313153,0.001350937367285526,EURCHF_merged,29.436741083014354
2024-06-04 15:00:00,2024-06-05 10:00:00,1.0,30.0,0.5423974756158105,7748.535365940152,1,0.9679,0.9641525821166621,0.9716474178833379,0.97259,0.98367,26.30248026313153,0.001350937367285526,EURCHF_merged,29.45760252438419
2024-06-03 21:00:00,2024-06-07 08:00:00,1.5,30.000000000000004,0.8326531223421189,11895.044604887413,-1,0.91125,0.9135482259342489,0.9078026610986266,0.87809,0.9125,59.7423833658987,0.0009691945578939299,AUDCAD_merged,44.16734687765789
2024-06-03 21:00:00,2024-06-07 08:00:00,1.4,60.0,1.5986939948968681,22838.48564138383,-1,0.91125,0.9136439853481759,0.9078984205125536,0.87809,0.9125,59.1827007205,0.0009691945578939299,AUDCAD_merged,82.40130600510314
2024-06-09 20:00:00,2024-06-10 08:00:00,-1.1,30.0,0.8998580617134797,12855.115167335425,1,0.84681,0.844833798334802,0.8487862016651979,0.85272,0.86203,28.202591167644908,0.0007060746467612145,EURGBP_merged,-33.89985806171348
2024-06-09 20:00:00,2024-06-10 08:00:00,-1.1,15.0,0.46723399358199913,6674.771336885702,1,0.84681,0.8449069909890685,0.8489033099120245,0.85272,0.86203,27.465956361163954,0.0007060746467612145,EURGBP_merged,-16.967233993582
2024-06-09 20:00:00,2024-06-10 08:00:00,-1.1,30.0,0.9344679871639983,13349.542673771404,1,0.84681,0.8449069909890685,0.8487130090109314,0.85272,0.86203,28.202591167644908,0.0007060746467612145,EURGBP_merged,-33.934467987164
2024-06-07 15:00:00,2024-06-10 09:00:00,-1.1,29.999999999999996,0.7999206847799477,11427.438353999254,-1,1.3745,1.378108420253308,1.369087369620038,1.35893,1.37431,73.4615483392325,0.0015089721218156365,USDCAD_merged,-33.79992068477995
2024-06-07 13:00:00,2024-06-11 07:00:00,-1.1,60.0,1.4890793137332137,21272.561624760197,-1,1.37447,1.3783467404440852,1.369042563378281,1.35893,1.37431,67.22242706821423,0.0015099321649459001,USDCAD_merged,-67.48907931373321
2024-06-07 13:00:00,2024-06-11 09:00:00,-1.1,15.0,0.3102248570277528,4431.783671825041,-1,1.37447,1.379122088532902,1.3688874937605175,1.35893,1.37431,70.41788973065101,0.0015099321649459001,USDCAD_merged,-16.81022485702775
2024-06-07 13:00:00,2024-06-11 09:00:00,-1.1,30.0,0.7159035162178912,10227.193088827018,-1,1.37447,1.3785018100618485,1.3704381899381517,1.35893,1.37431,71.78388818361775,0.0015099321649459001,USDCAD_merged,-33.71590351621789
2024-06-07 13:00:00,2024-06-11 09:00:00,-1.1,30.0,0.6893885711727842,9848.408159611203,-1,1.37447,1.378656879679612,1.3702831203203882,1.35893,1.37431,71.78388818361775,0.0015099321649459001,USDCAD_merged,-33.689388571172785
2024-06-12 10:00:00,2024-06-12 14:00:00,1.0,30.0,0.6865472123544023,9807.817319348605,1,0.89109,0.8883643476831219,0.8938156523168782,0.89876,0.91579,23.85160299331676,0.0011613043988850488,USDCHF_merged,29.3134527876456
2024-06-12 10:00:00,2024-06-12 14:00:00,1.0,30.0,0.6611195378227578,9444.564826039397,1,0.89109,0.8882595149017035,0.8939204850982966,0.89876,0.91579,23.85160299331676,0.0011613043988850488,USDCHF_merged,29.338880462177244
2024-06-12 10:00:00,2024-06-12 23:00:00,1.5,60.00000000000001,1.4875189601012053,21250.27085858865,1,0.89109,0.8885740132459587,0.894863980131062,0.89876,0.91579,22.019743469623787,0.0011613043988850488,USDCHF_merged,88.5124810398988
2024-06-12 12:00:00,2024-06-13 11:00:00,1.1,15.0,0.3961905347933426,5659.864782762038,-1,1.48451,1.4884443077714187,1.4801822614514393,1.45794,1.47635,69.42232578083906,0.0014822527755066954,EURCAD_merged,16.10380946520666
2024-06-12 12:00:00,2024-06-13 11:00:00,1.0,30.0,0.7923810695866852,11319.729565524076,-1,1.48451,1.4884443077714187,1.4805756922285813,1.45794,1.47635,67.46285454155945,0.0014822527755066954,EURCAD_merged,29.207618930413314
2024-06-12 12:00:00,2024-06-13 11:00:00,1.0,30.0,0.7630336225649563,10900.48032235652,-1,1.48451,1.4885956273010887,1.4804243726989113,1.45794,1.47635,67.46285454155945,0.0014822527755066954,EURCAD_merged,29.236966377435042
2024-06-12 13:00:00,2024-06-13 12:00:00,1.5,60.0,1.7518503206123834,25026.43315160548,-1,1.48382,1.487377406661216,1.4784838900081758,1.45794,1.47635,70.80355108670197,0.0014570918629705084,EURCAD_merged,88.24814967938762
2024-06-12 10:00:00,2024-06-13 17:00:00,1.0,30.0,0.7852252332615888,11217.503332308412,-1,1.75663,1.7613279170354437,1.7519320829645562,1.70778,1.72252,63.62289492640462,0.001844256084087106,GBPCAD_merged,29.21477476673841
2024-06-12 10:00:00,2024-06-13 17:00:00,1.0,30.0,0.7561428172148631,10802.040245926617,-1,1.75663,1.7615086061521916,1.7517513938478082,1.70778,1.72252,63.62289492640462,0.001844256084087106,GBPCAD_merged,29.24385718278514
2024-06-12 10:00:00,2024-06-14 02:00:00,1.4,60.0,1.6332684851841046,23332.406931201498,-1,1.75663,1.761147227918696,1.7503058809138254,1.68863,1.72393,61.68097500046011,0.001844256084087106,GBPCAD_merged,82.3667315148159
2024-06-13 19:00:00,2024-06-14 03:00:00,-1.1,29.999999999999996,0.7860757126853003,11229.653038361434,1,0.95995,0.9573854951215659,0.9627709553662774,0.97259,0.99298,25.421782274978682,0.0009351803137264728,EURCHF_merged,-33.7860757126853
2024-06-13 19:00:00,2024-06-14 03:00:00,-1.1,29.999999999999996,0.7860757126853003,11229.653038361434,1,0.95995,0.9573854951215659,0.962514504878434,0.97259,0.99298,26.887122244169323,0.0009351803137264728,EURCHF_merged,-33.7860757126853
2024-06-13 19:00:00,2024-06-14 03:00:00,-1.1,30.0,0.7569617974006596,10813.739962866566,1,0.95995,0.9572868603185491,0.9626131396814508,0.97259,0.99298,26.887122244169323,0.0009351803137264728,EURCHF_merged,-33.756961797400656
2024-06-12 10:00:00,2024-06-14 03:00:00,1.5,30.0,0.8506606693667212,12152.295276667448,-1,1.75663,1.7609665388019482,1.7501251917970777,1.70778,1.72252,64.24128108798163,0.001844256084087106,GBPCAD_merged,44.14933933063328
2024-06-18 11:00:00,2024-06-20 03:00:00,1.3,15.000000000000002,0.33482758135301866,4783.251162185981,1,0.88447,0.8816963530493898,0.8880757410357932,0.89876,0.91579,30.949641822370527,0.0011337831530838056,USDCHF_merged,19.165172418646986
2024-06-18 11:00:00,2024-06-20 03:00:00,1.0,30.000000000000004,0.6200510765796642,8857.872522566631,1,0.88447,0.881474461293341,0.887465538706659,0.89876,0.91579,29.771832200497254,0.0011337831530838056,USDCHF_merged,29.37994892342034
2024-06-18 11:00:00,2024-06-20 03:00:00,1.0,30.0,0.6547238343972509,9353.197634246442,1,0.6443,0.6422334340237581,0.6463665659762419,0.65956,0.67053,29.203276104246584,0.0007850094627287171,CADCHF_merged,29.345276165602748
2024-06-18 11:00:00,2024-06-20 03:00:00,1.0,30.0,0.6438991949096512,9198.559927280732,1,0.88447,0.8815854071713654,0.8873545928286346,0.89876,0.91579,29.771832200497254,0.0011337831530838056,USDCHF_merged,29.35610080509035
2024-06-18 11:00:00,2024-06-20 03:00:00,1.0,30.0,0.6799055203356067,9712.936004794383,1,0.6443,0.6423099735043596,0.6462900264956404,0.65956,0.67053,29.203276104246584,0.0007850094627287171,CADCHF_merged,29.320094479664395
2024-06-20 07:00:00,2024-06-20 09:00:00,-1.1,30.0,1.1144745595230765,15921.065136043951,-1,158.417,158.7155045258838,158.1184954741162,154.548,157.707,71.02154830230216,0.11196590210135864,USDJPY_merged,-34.114474559523075
2024-06-20 08:00:00,2024-06-20 09:00:00,-1.1,30.0,1.0961958962188967,15659.941374555669,-1,115.525,115.74631308905353,115.30368691094648,112.959,115.542,78.58222334486265,0.1013975318048301,CADJPY_merged,-34.096195896218894
2024-06-20 08:00:00,2024-06-20 09:00:00,-1.1,30.0,1.0555960482107891,15079.943545868418,-1,115.525,115.7548251309402,115.2951748690598,112.959,115.542,78.58222334486265,0.1013975318048301,CADJPY_merged,-34.05559604821079
2024-06-20 07:00:00,2024-06-20 09:00:00,-1.1,60.0,2.318107083807999,33115.81548297142,-1,158.417,158.7040235825806,158.01516698438718,154.548,157.707,66.35395273816636,0.11196590210135864,USDJPY_merged,-68.318107083808
2024-06-20 07:00:00,2024-06-20 10:00:00,-1.1,30.0,1.0731977239851846,15331.396056931211,-1,158.417,158.72698546918704,158.10701453081296,154.548,157.707,71.02154830230216,0.11196590210135864,USDJPY_merged,-34.07319772398518
2024-06-18 23:00:00,2024-06-20 11:00:00,1.0,30.000000000000004,0.8601544362467305,12287.920517810437,-1,0.91411,0.9163417283026246,0.9118782716973753,0.87809,0.9125,68.12937402434993,0.0008477601080802481,AUDCAD_merged,29.139845563753273
2024-06-19 04:00:00,2024-06-20 11:00:00,1.3,30.0,0.9079442877385638,12970.632681979485,-1,0.91507,0.9171864811827677,0.9123185744624022,0.87809,0.9125,68.04679773016592,0.0008211215821708214,AUDCAD_merged,38.092055712261434
2024-06-20 07:00:00,2024-06-20 11:00:00,-1.1,15.0,0.4829389757933331,6899.128225619045,-1,158.417,158.7614282990967,158.00368604108397,154.548,157.707,69.63760234455846,0.11196590210135864,USDJPY_merged,-16.98293897579333
2024-06-18 23:00:00,2024-06-20 12:00:00,1.0,30.0,0.8282968645338885,11832.812350484122,-1,0.91411,0.9164275640065718,0.9117924359934282,0.87809,0.9125,68.12937402434993,0.0008477601080802481,AUDCAD_merged,29.17170313546611
2024-06-18 23:00:00,2024-06-20 12:00:00,1.4,30.0,0.8945606136965997,12779.437338522854,-1,0.91411,0.9162558925986776,0.9111057503618514,0.87809,0.9125,64.34244296888188,0.0008477601080802481,AUDCAD_merged,41.1054393863034
2024-06-19 00:00:00,2024-06-20 17:00:00,1.5,60.0,1.886241148596995,26946.302122814217,-1,0.91376,0.9157946242593926,0.9107080636109112,0.87809,0.9125,70.75021539617255,0.0008386343860745121,AUDCAD_merged,88.113758851403
2024-06-20 22:00:00,2024-06-21 10:00:00,-1.1,30.0,0.9713720078447657,13876.74296921094,-1,158.961,159.30465628956168,158.61734371043835,154.548,157.707,70.19384893216382,0.13394867484345377,USDJPY_merged,-33.971372007844764
2024-06-23 21:00:00,2024-06-24 06:00:00,1.0,15.0,0.3415256095096966,4878.937278709952,-1,116.655,117.01364879994168,116.29635120005833,112.959,115.542,63.048052983097016,0.14066028569345362,CADJPY_merged,14.658474390490303
2024-06-23 21:00:00,2024-06-24 06:00:00,1.0,15.0,0.3288765128611893,4698.23589801699,-1,116.655,117.02744298455481,116.28255701544519,112.959,115.542,63.048052983097016,0.14066028569345362,CADJPY_merged,14.67112348713881
2024-06-23 18:00:00,2024-06-24 06:00:00,1.3,30.0,0.678030349927903,9686.1478561129,-1,116.569,116.93003826329608,116.09965025771511,112.959,115.542,69.98743502393006,0.14181421208139952,CADJPY_merged,38.3219696500721
2024-06-23 18:00:00,2024-06-25 08:00:00,-1.1,15.0,0.28251264580329283,4035.894940047041,-1,116.569,117.0022459159553,116.04910490085365,112.959,115.542,70.18586763514084,0.14181421208139952,CADJPY_merged,-16.782512645803294
2024-06-26 05:00:00,2024-06-26 08:00:00,0.42837594050987526,30.0,0.6550238091435584,9357.482987765121,1,1.6019,1.5967643240855651,1.607035675914435,1.62128,1.64199,29.280460884862155,0.0019133806054935092,EURAUD_merged,12.196254406152699
2024-06-26 05:00:00,2024-06-26 08:00:00,0.4448519382217936,29.999999999999996,0.6802170325721568,9717.386179602241,1,1.6019,1.5969545343046183,1.606845465695382,1.62128,1.64199,29.280460884862155,0.0019133806054935092,EURAUD_merged,12.665341114081649
2024-06-26 11:00:00,2024-06-27 09:00:00,1.5,30.0,0.7983992084721458,11405.702978173513,1,1.068,1.0651908789785853,1.0722136815321222,1.06676,1.0916,37.24702822036116,0.0010589569650368076,EURUSD_merged,44.20160079152785
2024-06-26 14:00:00,2024-06-27 20:00:00,-1.1,15.0,0.3797693149076754,5425.275927252506,-1,160.635,161.079129484345,160.0576316703515,154.548,157.707,74.86263356472669,0.1660462444089297,USDJPY_merged,-16.879769314907676
2024-06-26 14:00:00,2024-06-27 20:00:00,-1.1,15.0,0.3404828340551572,4864.0404865022465,-1,160.635,161.13037519407712,160.04054976710745,154.548,157.707,74.86263356472669,0.1660462444089297,USDJPY_merged,-16.84048283405516
2024-06-26 08:00:00,2024-06-27 21:00:00,1.5,15.0,0.35592566316745367,5084.652330963624,1,1.60605,1.6013120654408766,1.613156901838685,1.62128,1.64199,40.604624816504135,0.0020074151568037196,EURAUD_merged,22.144074336832546
2024-06-26 08:00:00,2024-06-27 21:00:00,1.4,15.0,0.3285467660007264,4693.525228581806,1,1.60605,1.6009172375609495,1.6132358674146705,1.62128,1.64199,40.604624816504135,0.0020074151568037196,EURAUD_merged,20.671453233999273
2024-06-26 08:00:00,2024-06-27 21:00:00,1.4,14.999999999999998,0.3416886366407555,4881.266237725079,1,1.60605,1.6011146515009131,1.6129594878987217,1.62128,1.64199,40.868995990934906,0.0020074151568037196,EURAUD_merged,20.658311363359243
2024-06-26 08:00:00,2024-06-27 21:00:00,1.5,14.999999999999998,0.3163783672599587,4519.690960856554,1,1.60605,1.600719823620986,1.6140452645685208,1.62128,1.64199,40.69937210405593,0.0020074151568037196,EURAUD_merged,22.18362163274004
2024-06-26 11:00:00,2024-06-27 21:00:00,-1.1,60.0,1.134702880244355,16210.041146347932,1,0.60856,0.6063074702457355,0.6119387946313967,0.60991,0.62215,28.433792103940068,0.000845393830831714,NZDUSD_merged,-67.13470288024436
2024-06-27 22:00:00,2024-06-28 08:00:00,1.5,30.0,0.8424142971709465,12034.489959584951,-1,161.06,161.4614960348321,160.45775594775185,154.548,157.707,62.37705510587836,0.17355501347670255,USDJPY_merged,44.15758570282905
2024-06-26 15:00:00,2024-06-28 10:00:00,-1.1,60.0,1.218118080186194,17401.686859802772,-1,106.876,107.24450220623226,106.32324669065163,102.612,104.86,70.00040040876951,0.1523609726493808,AUDJPY_merged,-67.21811808018619
2024-06-27 23:00:00,2024-06-30 17:00:00,-1.1227527427078536,30.0,0.7814698023737732,11163.854319625332,-1,172.101,172.56347737136122,171.40728394295814,167.52,170.888,60.3302289400361,0.1892204115385703,EURJPY_merged,-34.46405208360938
2024-07-01 11:00:00,2024-07-02 03:00:00,1.1,15.0,0.5022053171753723,7174.361673933891,-1,204.425,204.85240736240561,203.95485190135383,197.196,200.734,65.14924275233638,0.25188637442323447,GBPJPY_merged,15.997794682824628
2024-07-01 13:00:00,2024-07-02 19:00:00,-1.1,15.0,0.35919500103561847,5131.357157651692,-1,204.288,204.88517534871465,203.39223697692805,197.196,200.734,59.307084071963764,0.24326427182411509,GBPJPY_merged,-16.85919500103562
2024-07-01 11:00:00,2024-07-02 23:00:00,-1.1,29.999999999999996,0.6567300301524098,9381.857573605856,-1,204.425,205.07868184838506,203.50984541226094,197.196,200.734,65.62674726847682,0.25188637442323447,GBPJPY_merged,-33.65673003015241
2024-07-01 11:00:00,2024-07-02 23:00:00,-1.1,60.0,1.3659984627170125,19514.263753100182,-1,204.425,205.0535402388318,203.54504366563552,197.196,200.734,65.14924275233638,0.25188637442323447,GBPJPY_merged,-67.36599846271702
2024-07-01 04:00:00,2024-07-03 00:00:00,-1.1,30.0,0.6415427210085942,9164.89601440849,-1,173.165,173.73183130848759,172.3147530372686,167.52,170.888,72.80541937590506,0.24130973245056098,EURJPY_merged,-33.64154272100859
2024-07-01 11:00:00,2024-07-03 00:00:00,-1.1,29.999999999999996,0.6324066957023206,9034.381367176009,-1,204.425,205.10382345793835,203.40676481309254,197.196,200.734,65.4010917681414,0.25188637442323447,GBPJPY_merged,-33.63240669570232
2024-07-01 04:00:00,2024-07-03 01:00:00,-1.1,30.0,0.5702601964520836,8146.574235029767,-1,173.165,173.80268522204855,172.20847216692715,167.52,170.888,72.10545341413346,0.24130973245056098,EURJPY_merged,-33.57026019645208
2024-07-01 02:00:00,2024-07-03 01:00:00,-1.1,60.0,1.2334280872372343,17620.401246246205,-1,173.196,173.78575728502287,172.37033980096797,167.52,170.888,74.5847526168899,0.23027045893674458,EURJPY_merged,-67.23342808723723
2024-07-03 13:00:00,2024-07-04 20:00:00,-1.1,60.00000000000001,1.5825441015023034,22607.772878604337,-1,0.67138,0.6731618119553971,0.6694200068490631,0.65753,0.6704,65.71241492615553,0.001037544345384983,AUDUSD_merged,-67.58254410150232
2024-07-03 14:00:00,2024-07-04 23:00:00,1.1,30.0,1.000467300134591,14292.390001922728,-1,205.688,206.1197430464163,205.21308264894205,197.196,200.734,68.77940035457031,0.25439746232823096,GBPJPY_merged,31.99953269986541
2024-07-03 13:00:00,2024-07-04 23:00:00,1.4,60.00000000000001,1.3425469109908759,19179.241585583943,-1,206.019,206.66350619409744,205.11669132826358,197.196,200.734,63.94131440231311,0.2539664978919417,GBPJPY_merged,82.65745308900912
2024-07-03 11:00:00,2024-07-05 08:00:00,1.3,14.999999999999998,0.36894535453694716,5270.647921956388,-1,118.348,118.68481248041722,117.91014377545761,112.959,115.542,70.94412310393162,0.13757588586329336,CADJPY_merged,19.131054645463053
2024-07-03 11:00:00,2024-07-05 08:00:00,1.2,15.0,0.3307785937227801,4725.408481754002,-1,118.348,118.7236754589269,117.89718944928772,112.959,115.542,70.94412310393162,0.13757588586329336,CADJPY_merged,17.66922140627722
2024-07-03 13:00:00,2024-07-05 08:00:00,-1.1,30.0,0.5380649945107832,7686.642778725474,-1,0.67138,0.6740003116991133,0.6677115636212412,0.65753,0.6704,65.71241492615553,0.001037544345384983,AUDUSD_merged,-33.53806499451078
2024-07-03 14:00:00,2024-07-05 09:00:00,-1.1,60.0,1.4789516610685258,21127.880872407513,-1,205.688,206.27212294515147,204.8118155822728,197.196,200.734,68.79351169421585,0.25439746232823096,GBPJPY_merged,-67.47895166106852
2024-07-03 08:00:00,2024-07-07 22:00:00,1.4,15.0,0.447174642884619,6388.209184065986,-1,174.187,174.59600429599539,173.6143939856065,167.52,170.888,80.86219237266319,0.16564439142691423,EURJPY_merged,20.55282535711538
2024-07-03 08:00:00,2024-07-07 22:00:00,1.5,15.000000000000002,0.5055017702173955,7221.453860248508,-1,174.187,174.5488114926113,173.6442827610831,167.52,170.888,74.92401180149143,0.16564439142691423,EURJPY_merged,21.994498229782607
2024-07-07 18:00:00,2024-07-07 23:00:00,-1.1,30.0,1.0985887326072612,15694.124751532305,-1,0.91953,0.921287721468176,0.9175965063850064,0.9045,0.91819,70.20261727317393,0.0010386713901801444,AUDCAD_merged,-34.09858873260726
2024-07-07 17:00:00,2024-07-07 23:00:00,-1.1,30.0,0.8386046711546086,11980.066730780123,-1,0.91885,0.9211509471165278,0.9153985793252082,0.9045,0.91819,67.06755674072309,0.0010339538048093869,AUDCAD_merged,-33.838604671154606
2024-07-03 14:00:00,2024-07-09 11:00:00,-1.1,60.0,1.1858001412960215,16940.002018514595,-1,108.325,108.70867764023265,107.82621906769756,102.612,104.86,69.48555486065914,0.14267058579737438,AUDJPY_merged,-67.18580014129603
2024-07-03 14:00:00,2024-07-09 13:00:00,-1.1,60.0,1.0631311611619503,15187.588016599291,-1,108.325,108.75294813718257,107.81146223538092,102.612,104.86,69.48555486065914,0.14267058579737438,AUDJPY_merged,-67.06313116116195
2024-07-07 17:00:00,2024-07-11 08:00:00,-1.1,60.0,1.4836851874273842,21195.502677534063,-1,0.91885,0.9214510706534662,0.9152085010851472,0.9045,0.91819,69.29503762397424,0.0010339538048093869,AUDCAD_merged,-67.48368518742738
2024-07-07 18:00:00,2024-07-11 08:00:00,-1.1,15.0,0.37352016908646885,5336.002415520984,-1,0.91953,0.9221148845120234,0.9159111616831671,0.9045,0.91819,70.20261727317393,0.0010386713901801444,AUDCAD_merged,-16.87352016908647
2024-07-07 18:00:00,2024-07-11 08:00:00,-1.1,15.0,0.345852008413397,4940.742977334244,-1,0.91953,0.9223216752729853,0.9153424870905219,0.90574,0.91819,70.8307717364411,0.0010386713901801444,AUDCAD_merged,-16.8458520084134
2024-07-11 09:00:00,2024-07-11 13:00:00,-1.1,30.0,0.7504280585358175,10720.400836225965,-1,2.11121,2.1171180160310774,2.1023479759533834,2.06104,2.08583,58.43222189767873,0.002508696678690729,GBPNZD_merged,-33.75042805853582
2024-07-11 10:00:00,2024-07-11 14:00:00,-1.1,30.0,0.9247543802006506,13210.776860009295,-1,1.15344,1.1560593160604165,1.1495110259093755,1.12177,1.14621,54.651479409780386,0.0011555687138515881,GBPCHF_merged,-33.92475438020065
2024-07-10 10:00:00,2024-07-11 19:00:00,-1.1,30.0,1.1007086922909644,15724.40988987092,-1,1.10837,1.1104846167158502,1.106043921612565,1.07254,1.10296,67.09650631975693,0.0012378998868089088,AUDNZD_merged,-34.100708692290965
2024-07-14 20:00:00,2024-07-15 10:00:00,-1.1,15.0,0.4188889937183745,5984.128481691065,-1,1.76952,1.7739555331074874,1.7633102536495173,1.72487,1.76046,72.63298809560716,0.0017231980113525435,GBPCAD_merged,-16.918888993718376
2024-07-14 20:00:00,2024-07-15 10:00:00,-1.1,60.0,1.6111115143014405,23015.878775734865,-1,1.76952,1.774132954431787,1.763061863795498,1.72487,1.76046,72.17519070907098,0.0017231980113525435,GBPCAD_merged,-67.61111151430144
2024-07-14 20:00:00,2024-07-15 10:00:00,-1.1,15.0,0.4027778785753601,5753.969693933716,-1,1.76952,1.774132954431787,1.763061863795498,1.72487,1.76046,72.45474467764718,0.0017231980113525435,GBPCAD_merged,-16.90277787857536
2024-07-12 16:00:00,2024-07-16 08:00:00,1.3,30.0,0.839493851205869,11992.769302940986,-1,1.29857,1.3018183823390521,1.2943471029592322,1.26125,1.28604,72.8422132314724,0.0011951365496614815,GBPUSD_merged,38.160506148794134
2024-07-12 16:00:00,2024-07-16 08:00:00,1.2,30.000000000000004,0.7526496597018134,10752.137995740193,-1,1.29857,1.302193195685866,1.294222165176961,1.26125,1.28604,72.8422132314724,0.0011951365496614815,GBPUSD_merged,35.24735034029818
2024-07-12 13:00:00,2024-07-17 04:00:00,-1.1,15.0,0.5006839013575076,7152.627162250109,-1,1.09046,1.0927468380566971,1.087029742914954,1.0666,1.0916,69.59259682113085,0.0009297885338411912,EURUSD_merged,-17.000683901357508
2024-07-17 05:00:00,2024-07-17 07:00:00,-1.1,15.000000000000002,0.6209745986993538,8871.065695705054,1,0.83979,0.8383700071341937,0.8417779900121288,0.8397,0.84989,41.528587159095785,0.0005909973501566225,EURGBP_merged,-17.12097459869936
2024-07-17 07:00:00,2024-07-17 12:00:00,-1.1,14.999999999999998,0.49136842966640937,7019.5489952344205,-1,1.49382,1.497012128157409,1.4890318077638864,1.45762,1.49282,67.882737650317,0.0012349647102200439,EURCAD_merged,-16.99136842966641
2024-07-17 10:00:00,2024-07-17 20:00:00,-1.1,15.0,0.41746296505874236,5963.75664369632,-1,1.62286,1.6269418063939163,1.6167372904091257,1.59967,1.61766,73.10714421159133,0.0017785560452652268,EURAUD_merged,-16.917462965058743
2024-07-17 17:00:00,2024-07-17 21:00:00,-1.1,30.0,1.324791382288177,18925.591175545385,-1,1.62527,1.6278463052550243,1.6224360642194733,1.59967,1.61766,70.73444440739013,0.0014836541308956613,EURAUD_merged,-34.324791382288176
2024-07-17 10:00:00,2024-07-17 21:00:00,-1.1,15.0,0.3710781911633265,5301.11701661895,-1,1.62286,1.6274520321931558,1.6159719517102664,1.59967,1.61766,72.41733969604658,0.0017785560452652268,EURAUD_merged,-16.871078191163328
2024-07-17 08:00:00,2024-07-18 02:00:00,1.4,30.0,0.9819370369672709,14027.6719566753,-1,1.78171,1.7855204184475573,1.7763754141734194,1.72487,1.76046,77.52872876595991,0.0014951494455562586,GBPCAD_merged,41.018062963032726
2024-07-17 10:00:00,2024-07-18 02:00:00,1.1,14.999999999999998,0.7256832499749832,10366.90357107119,-1,1.78058,1.7831563430533424,1.7777460226413233,1.72487,1.76046,70.32826895005948,0.001562246205607221,GBPCAD_merged,15.774316750025017
2024-07-17 07:00:00,2024-07-18 04:00:00,1.4,15.0,0.412565963079407,5893.799472562958,-1,1.30325,1.3065668332399167,1.2986064334641167,1.26125,1.28604,70.27466941607949,0.0012552975856845187,GBPUSD_merged,20.587434036920595
2024-07-17 16:00:00,2024-07-18 10:00:00,1.5,15.0,0.4735096754459872,6764.423934942675,-1,1.62576,1.6293650963444246,1.6203523554833632,1.59967,1.61766,69.71715097347446,0.001515473679426087,EURAUD_merged,22.02649032455401
2024-07-17 10:00:00,2024-07-18 14:00:00,1.4,15.0,0.4934646099829887,7049.49442832841,-1,1.78058,1.784368739784327,1.7752757643019421,1.72487,1.76046,70.32826895005948,0.001562246205607221,GBPCAD_merged,20.50653539001701
2024-07-17 10:00:00,2024-07-18 15:00:00,1.4,30.0,0.9489704038134399,13556.720054477713,-1,1.78058,1.7845202893757002,1.7750635948740199,1.72487,1.76046,71.11494909763879,0.001562246205607221,GBPCAD_merged,41.05102959618656
2024-07-18 00:00:00,2024-07-18 20:00:00,-1.1,15.0,0.41832455320123885,5976.065045731984,-1,1.62274,1.6268130982366706,1.616630352644994,1.59967,1.61766,53.55028709068696,0.0016259011034737705,EURAUD_merged,-16.918324553201238
2024-07-18 23:00:00,2024-07-19 06:00:00,-1.1,30.0,0.9821270131940221,14030.385902771744,1,0.60334,0.6020499285703592,0.6047590785726048,0.60472,0.61532,31.989716436876563,0.0007560894363583981,NZDUSD_merged,-33.982127013194024
2024-07-18 23:00:00,2024-07-19 09:00:00,-1.1,30.000000000000004,0.7259199662738426,10370.285232483466,1,0.60334,0.6015946092422507,0.6059580861366238,0.60472,0.61532,33.85473563323733,0.0007560894363583981,NZDUSD_merged,-33.72591996627385
2024-07-18 19:00:00,2024-07-19 11:00:00,-1.1,30.0,0.5335468527646816,7622.097896638309,1,0.53649,0.5343784159954048,0.5394462176064333,0.54026,0.55254,38.9990768312668,0.0008100169159925123,NZDCHF_merged,-33.53354685276468
2024-07-18 23:00:00,2024-07-19 11:00:00,-1.1,30.0,0.6421599701653221,9173.713859504602,1,0.60334,0.6013669495781965,0.6061022705905249,0.60472,0.62215,29.670948480559492,0.0007560894363583981,NZDUSD_merged,-33.642159970165324
2024-07-19 02:00:00,2024-07-19 13:00:00,-1.1,30.0,0.6534496194130985,9334.994563044265,1,0.60308,0.6011418735364212,0.6057933770490103,0.60472,0.62215,39.20421940651704,0.0007998755436149871,NZDUSD_merged,-33.653449619413095
2024-07-21 19:00:00,2024-07-22 00:00:00,-1.1,30.0,0.5383950698380258,7691.358140543226,1,0.53473,0.5326442955370342,0.5376499862481523,0.54026,0.55254,44.28122906853596,0.0007777515939164047,NZDCHF_merged,-33.538395069838025
2024-07-22 04:00:00,2024-07-22 20:00:00,-1.1,30.0,0.49744389145915185,7106.341306559313,1,94.045,93.64798135449873,94.64052796825193,95.264,99.016,35.73225857251578,0.17428703079244356,NZDJPY_merged,-33.49744389145915
2024-07-22 11:00:00,2024-07-23 04:00:00,-1.1,30.0,0.7406680756865814,10580.972509808307,-1,1.94484,1.9503541623273206,1.937671588974483,1.89003,1.93457,70.86908156588618,0.0020693436883287954,GBPAUD_merged,-33.74066807568658
2024-07-22 11:00:00,2024-07-23 04:00:00,-1.1,30.0,0.6640472402707281,9486.389146724689,-1,1.94484,1.9509904118266268,1.9374595058080477,1.89003,1.93457,70.86908156588618,0.0020693436883287954,GBPAUD_merged,-33.664047240270726
2024-07-22 13:00:00,2024-07-23 23:00:00,-1.1,30.0,0.6656777073149126,9509.681533070181,-1,1.63957,1.6447423183188574,1.633363218017371,1.59961,1.61766,72.96937508167764,0.0017011610380578367,EURAUD_merged,-33.66567770731491
2024-07-22 12:00:00,2024-07-23 23:00:00,-1.1,60.0,1.4443760266016596,20633.943237166568,-1,1.63901,1.643775962514759,1.6323376524793376,1.59967,1.61766,79.57684870628091,0.0017835580409853527,EURAUD_merged,-67.44437602660166
2024-07-22 13:00:00,2024-07-23 23:00:00,-1.1,30.0,0.7424866735435564,10606.952479193664,-1,1.63957,1.644207250906562,1.6335415738214696,1.59961,1.61766,72.96937508167764,0.0017011610380578367,EURAUD_merged,-33.74248667354355
2024-07-24 02:00:00,2024-07-24 03:00:00,1.1,15.0,0.5366640417742785,7666.62916820398,-1,1.83068,1.8342617827362626,1.8267400389901112,1.73743,1.81554,65.30735098087142,0.002146435948378701,EURNZD_merged,15.963335958225722
2024-07-24 03:00:00,2024-07-24 04:00:00,-1.1,30.0,0.9311336738715534,13301.909626736478,1,0.52797,0.5267792611929821,0.5292798126877197,0.54026,0.55254,29.57083444875633,0.0006939749786232339,NZDCHF_merged,-33.93113367387156
2024-07-24 04:00:00,2024-07-24 05:00:00,-1.1,30.000000000000004,1.1424455531579205,16320.650759398866,-1,1.64083,1.643846111350318,1.6375122775146502,1.59961,1.61766,56.747189430747554,0.001822455779585516,EURAUD_merged,-34.14244555315793
2024-07-24 02:00:00,2024-07-24 06:00:00,-1.1,30.0,0.5994461897933591,8563.516997047987,1,0.52786,0.5260107831413824,0.5304489036020648,0.54026,0.55254,28.204539197507355,0.0007004345923634656,NZDCHF_merged,-33.59944618979336
2024-07-24 14:00:00,2024-07-24 17:00:00,-1.1,15.0,0.4790131727536773,6843.045325052533,1,0.64189,0.6404829729319853,0.6434377297748161,0.6435,0.66331,28.2256307026168,0.0008221156253861693,CADCHF_merged,-16.979013172753678
2024-07-25 05:00:00,2024-07-26 01:00:00,1.3,15.000000000000002,0.2973123274946824,4247.318964209749,-1,1.97128,1.9782418505813117,1.9622295942442947,1.89003,1.93457,73.93609919928451,0.0027528037790399223,GBPAUD_merged,19.20268767250532
2024-07-25 05:00:00,2024-07-26 02:00:00,1.2,15.0,0.26655587982281864,3807.941140325981,-1,1.97128,1.9790451410330014,1.961961830760398,1.89003,1.93457,73.93609919928451,0.0027528037790399223,GBPAUD_merged,17.733444120177182
2024-07-25 10:00:00,2024-07-29 08:00:00,-1.1,14.999999999999998,0.323612426711158,4623.034667302257,-1,2.18062,2.1876952876311626,2.1700070685532555,2.06104,2.08583,59.5230796013136,0.002944605333485575,GBPNZD_merged,-16.823612426711158
2024-07-31 04:00:00,2024-08-01 08:00:00,1.5,15.000000000000002,0.2946219452599504,4208.884932285006,1,0.90005,0.8968423214302107,0.904861517854684,0.9045,0.92632,33.20930855892684,0.0014378826523994358,AUDCAD_merged,22.205378054740052
2024-08-01 06:00:00,2024-08-01 10:00:00,-1.1,29.999999999999996,0.5632058726888585,8045.798181269408,1,0.87691,0.8736403057562091,0.8818145413656864,0.88265,0.90501,39.74549110677208,0.0011994980203513725,USDCHF_merged,-33.56320587268886
2024-07-31 03:00:00,2024-08-01 10:00:00,-1.1,15.0,0.17052176282008627,2436.0251831440896,1,0.57356,0.5700282631117565,0.5788576053323652,0.58608,0.60819,34.59045738902507,0.0013174756493959127,AUDCHF_merged,-16.670521762820087
2024-08-01 06:00:00,2024-08-01 10:00:00,-1.1,30.0,0.5108930290031701,7298.471842902431,1,0.63389,0.63128442716101,0.6377983592584849,0.6435,0.66331,40.60189536794628,0.0009596679075891718,CADCHF_merged,-33.51089302900317
2024-08-01 06:00:00,2024-08-01 10:00:00,-1.1,29.999999999999996,0.5305427608879074,7579.182298398678,1,0.63389,0.6313809298587503,0.6374026981977494,0.6435,0.66331,40.602045746255875,0.0009596679075891718,CADCHF_merged,-33.530542760887904
2024-07-31 03:00:00,2024-08-01 10:00:00,-1.1,15.000000000000002,0.17708029215932036,2529.7184594188625,1,0.57356,0.5701590681816915,0.5783213045456319,0.58608,0.60819,34.05027536801857,0.0013174756493959127,AUDCHF_merged,-16.677080292159324
2024-08-01 06:00:00,2024-08-01 12:00:00,-1.1,15.0,0.29991412631680936,4284.487518811563,1,0.94514,0.9418310628312596,0.9497725120362366,0.94778,0.97732,29.408997185879,0.0012889061316930194,EURCHF_merged,-16.79991412631681
2024-08-01 12:00:00,2024-08-02 01:00:00,-1.1,29.999999999999996,0.580745089265678,8296.358418081116,1,0.87443,0.871268022337267,0.8791729664940997,0.88265,0.90501,33.02844240620208,0.0014137176899232935,USDCHF_merged,-33.580745089265676
2024-08-01 12:00:00,2024-08-02 02:00:00,-1.1,30.0,0.5137360405042537,7339.08629291791,1,0.87443,0.8708555904682148,0.8794341733444994,0.88265,0.90501,31.067604055621555,0.0014137176899232935,USDCHF_merged,-33.513736040504256
2024-10-10 09:00:00,2024-10-10 09:00:00,-1.1,15.0,0.7430271502755081,10614.673575364402,-1,1.37403,1.375971694189055,1.3713116281353233,1.3419,1.36471,74.37057279551544,0.0011810911450268607,USDCAD_merged,-17.24302715027551
2024-10-23 13:00:00,2024-10-23 17:00:00,1.4,15.0,0.41376126921888406,5910.8752745554875,-1,176.299,176.746393131671,175.67264961566062,165.279,172.812,71.25252513967939,0.23272220720762674,CHFJPY_merged,20.586238730781115
2024-11-12 13:00:00,2024-11-13 08:00:00,1.4,60.0,1.7707594182915514,25296.563118450737,1,1.06068,1.0581642116021057,1.0642021037570522,1.07612,1.1214,34.401604551036684,0.0013052349313017293,EURUSD_merged,82.22924058170845
2024-11-12 16:00:00,2024-11-13 09:00:00,-1.1,60.00000000000001,1.5842508838138625,22632.15548305518,1,1.27454,1.2711610730543428,1.2792704977239202,1.30016,1.34341,26.57946703407133,0.0016899267027648288,GBPUSD_merged,-67.58425088381388
2024-11-21 23:00:00,2024-11-22 03:00:00,-1.1,30.0,1.0336746102700798,14766.780146715428,1,1.60843,1.6051623343666945,1.6130047318866276,1.61624,1.65997,35.83175764673842,0.0017334080162771475,EURAUD_merged,-34.03367461027008
2024-11-21 23:00:00,2024-11-24 19:00:00,-1.1,60.0,2.0652249914452168,29503.2141635031,-1,1.11429,1.1165561056395241,1.1111174521046663,1.09632,1.10888,70.36887883118347,0.0011646380945042412,AUDNZD_merged,-68.06522499144522
2024-11-27 15:00:00,2024-11-28 20:00:00,-1.1,15.0,0.2236379082782577,3194.8272611179673,1,151.021,150.31194288521647,152.0136799606969,151.283,156.746,29.595121522644042,0.35853167263855446,USDJPY_merged,-16.723637908278256
2024-12-02 13:00:00,2024-12-03 02:00:00,1.3,15.0,0.226245146062024,3232.0735151717718,1,96.655,96.20642573546229,97.23814654389903,99.533,102.401,36.628423592758445,0.24290735869009042,AUDJPY_merged,19.273754853937977
2024-12-06 13:00:00,2024-12-09 07:00:00,1.2,15.0,0.42416532760881237,6059.504680125891,1,0.62077,0.6192333149916461,0.6226140220100248,0.62657,0.64065,24.6042428890349,0.0009303975494911492,CADCHF_merged,17.57583467239119
2024-12-06 13:00:00,2024-12-09 22:00:00,-1.1,60.0,1.7653595743027686,25219.422490039553,-1,1.49331,1.4968627617666657,1.489046685880001,1.44847,1.4859,73.64118694699894,0.002165442096725605,EURCAD_merged,-67.76535957430276
2024-12-10 01:00:00,2024-12-10 18:00:00,-1.1,15.0,0.22776643948885397,3253.8062784122,-1,1.99371,2.0029009743362454,1.9835999282301304,1.92267,1.98824,61.63412398919002,0.0032230272033466397,GBPAUD_merged,-16.727766439488853
2024-12-10 01:00:00,2024-12-10 18:00:00,-1.1,15.0,0.22776643948885397,3253.8062784122,-1,1.99371,2.0029009743362454,1.9845190256637548,1.92267,1.98824,62.636260166447734,0.0032230272033466397,GBPAUD_merged,-16.727766439488853
2024-12-10 13:00:00,2024-12-11 09:00:00,-1.1,60.0,2.884213387216994,41203.048388814204,1,0.8245,0.8232993606799872,0.8260608311160167,0.82598,0.83753,32.43266542560264,0.0006586631412764352,EURGBP_merged,-68.88421338721699
2024-12-11 10:00:00,2024-12-12 06:00:00,1.1,15.0,0.28841771987681314,4120.253141097331,-1,2.20395,2.2119735968198775,2.1951240434981343,2.13603,2.18405,60.64694112305944,0.002953743843326817,GBPNZD_merged,16.21158228012319
2024-12-11 10:00:00,2024-12-12 06:00:00,1.0,15.0,0.28841771987681314,4120.253141097331,-1,2.20395,2.2119735968198775,2.195926403180122,2.13603,2.18405,59.75566630640344,0.002953743843326817,GBPNZD_merged,14.711582280123187
2024-12-13 04:00:00,2024-12-16 09:00:00,-1.1,30.0,0.7845916565987242,11208.452237124633,-1,1.42259,1.426397635443067,1.418782364556933,1.38152,1.41774,60.113876087388356,0.0013241648153028726,USDCAD_merged,-33.78459165659872
2024-12-16 17:00:00,2024-12-17 02:00:00,-1.1,30.0,0.635193738729129,9074.196267558986,-1,1.13354,1.13728757157519,1.129417671267291,1.11066,1.13493,63.01438684374056,0.0013578171040171273,GBPCHF_merged,-33.63519373872913
2024-12-16 17:00:00,2024-12-17 02:00:00,-1.1,30.0,0.635193738729129,9074.196267558986,-1,1.13354,1.13728757157519,1.12979242842481,1.11066,1.13493,64.50323729298441,0.0013578171040171273,GBPCHF_merged,-33.63519373872913
2024-12-17 09:00:00,2024-12-17 10:00:00,-1.1,30.0,0.6219970642921702,8885.672347031003,-1,1.81304,1.8191612250323606,1.8063066524644034,1.74781,1.81498,64.60533557358522,0.002187140954609377,GBPCAD_merged,-33.621997064292174
2024-12-17 09:00:00,2024-12-17 10:00:00,-1.1,15.0,0.40090988851980736,5727.284121711534,-1,1.42743,1.4311684997050926,1.4236915002949073,1.38152,1.41774,66.16242398039344,0.001439808575668468,USDCAD_merged,-16.900909888519806
2024-12-17 09:00:00,2024-12-18 02:00:00,1.1,30.0,0.5700217359799511,8143.167656856445,-1,1.13739,1.141580224423449,1.132780753134206,1.11066,1.13493,59.546431442266424,0.0015346152424703362,GBPCHF_merged,32.42997826402005
2024-12-18 02:00:00,2024-12-18 05:00:00,-1.1,29.999999999999996,0.6588218967675615,9411.741382393737,-1,2.2125,2.219552361226602,2.2047424026507376,2.13603,2.18405,64.53524734298753,0.002705936121067032,GBPNZD_merged,-33.65882189676756
2024-12-18 08:00:00,2024-12-18 15:00:00,-1.1,15.0,0.2663420596895373,3804.88656699339,-1,2.01017,2.0180946909123567,2.001452839996408,1.92267,1.98824,57.32816749601019,0.0029888005576692933,GBPAUD_merged,-16.76634205968954
2024-12-18 08:00:00,2024-12-18 15:00:00,-1.1,15.0,0.2663420596895373,3804.88656699339,-1,2.01017,2.0180946909123567,2.0022453090876433,1.92267,1.98824,56.287520760345885,0.0029888005576692933,GBPAUD_merged,-16.76634205968954
2024-12-18 20:00:00,2024-12-19 04:00:00,-1.1,14.999999999999998,0.40114862886541647,5730.694698077378,-1,2.02264,2.0279342272444176,2.015757504582257,1.92267,1.98824,69.0564735545547,0.003401664484639391,GBPAUD_merged,-16.901148628865418
2024-12-18 23:00:00,2024-12-19 04:00:00,1.2,15.0,0.27823619466585336,3974.8027809407627,1,0.56298,0.5608554417601567,0.565529469887812,0.57965,0.59284,22.042759554940172,0.0012787168356234006,NZDUSD_merged,17.721763805334145
2024-12-18 23:00:00,2024-12-19 05:00:00,1.1,15.0,0.22258895573268273,3179.8422247526105,1,0.56298,0.5603243022001958,0.5659012675797847,0.57965,0.59284,22.042759554940172,0.0012787168356234006,NZDUSD_merged,16.277411044267318
2024-12-18 23:00:00,2024-12-19 07:00:00,1.3,60.0,1.1674627592446802,16678.039417781147,-1,2.23535,2.2433917725753187,2.2248956956520853,2.13603,2.18405,71.69578070339757,0.004068761033050626,GBPNZD_merged,76.83253724075531
2024-12-18 23:00:00,2024-12-19 07:00:00,1.0,15.000000000000002,0.369696540427482,5281.379148964029,-1,2.23535,2.24169876782262,2.2290012321773798,2.13603,2.18405,71.69578070339757,0.004068761033050626,GBPNZD_merged,14.63030345957252
2024-12-18 20:00:00,2024-12-19 08:00:00,1.3,15.0,0.24022853958762752,3431.8362798232506,1,0.62193,0.6192116447990693,0.6254638617612098,0.64334,0.65494,27.739889513831315,0.0013870908876728733,AUDUSD_merged,19.259771460412374
2024-12-18 23:00:00,2024-12-19 08:00:00,1.0,60.0,1.5590357121347616,22271.93874478231,-1,1.84307,1.848035180681718,1.838104819318282,1.77413,1.82742,70.53379903185399,0.003219397564873057,EURNZD_merged,58.44096428786524
2024-12-19 06:00:00,2024-12-19 09:00:00,1.1,15.0,0.2237077919604898,3195.8255994355686,-1,2.02319,2.032686090777094,2.012744300145197,1.92267,1.98824,58.98786973715028,0.0033642137781178328,GBPAUD_merged,16.27629220803951
2024-12-19 02:00:00,2024-12-19 09:00:00,1.0,14.999999999999998,0.23708561846320547,3386.9374066172213,-1,2.02172,2.03067375271499,2.0127662472850103,1.92267,1.98824,65.5532944225094,0.003117213910583406,GBPAUD_merged,14.762914381536794
2024-12-19 04:00:00,2024-12-19 09:00:00,1.0,30.0,0.6240870705316535,8915.529579023621,-1,1.43959,1.4444340981118622,1.4347459018881377,1.38152,1.41774,56.9993638824588,0.0016821753942400383,USDCAD_merged,29.375912929468345
2024-12-19 06:00:00,2024-12-19 10:00:00,1.0,30.000000000000004,0.4336535512333208,6195.050731904583,-1,2.23375,2.2445671027002065,2.2229328972997937,2.13603,2.18405,61.31471656046198,0.00377587589547659,GBPNZD_merged,29.566346448766684
2024-12-18 23:00:00,2024-12-19 10:00:00,1.3,15.0,0.3897589280336904,5567.9846861955775,-1,1.84307,1.848035180681718,1.8366152651137666,1.77413,1.82742,70.53379903185399,0.003219397564873057,EURNZD_merged,19.11024107196631
2024-12-18 23:00:00,2024-12-19 11:00:00,1.3,60.00000000000001,1.230817667474812,17583.10953535446,-1,1.84307,1.8493592288635095,1.8348940024774376,1.77855,1.80716,70.53379903185399,0.003219397564873057,EURNZD_merged,76.7691823325252
2024-12-18 23:00:00,2024-12-19 12:00:00,1.5,15.000000000000002,0.19122234849697342,2731.747835671049,-1,2.23535,2.2476242844570655,2.2169385733144016,2.13603,2.18405,71.69578070339757,0.004068761033050626,GBPNZD_merged,22.30877765150303
2024-12-18 19:00:00,2024-12-19 17:00:00,-1.7516530604226688,15.0,0.25826850327798395,3689.550046828342,1,0.50634,0.5042814563012828,0.5086043980685888,0.51486,0.52342,22.233410116148715,0.001064323860118684,NZDCHF_merged,-26.533064409618017
2024-12-18 19:00:00,2024-12-19 17:00:00,-2.164566325528336,30.0,0.6456712581949597,9223.875117070855,1,0.50634,0.5046931650410263,0.5083162019507684,0.51486,0.52342,22.233410116148715,0.001064323860118684,NZDCHF_merged,-65.58266102404505
2024-12-18 20:00:00,2024-12-19 17:00:00,-1.1,15.0,0.41941626315294933,5991.660902184991,1,0.89861,0.8963603483224352,0.9017595123485908,0.90439,0.91644,29.813296687951578,0.0013259441936278446,AUDCAD_merged,-16.91941626315295
2024-12-19 16:00:00,2024-12-19 19:00:00,-1.1,60.0,1.240879002679051,17726.842895415015,-1,157.331,157.86351783499708,156.63872681450377,148.646,156.746,71.85647601514553,0.3383681835696299,USDJPY_merged,-67.24087900267905
2024-12-19 15:00:00,2024-12-20 02:00:00,1.0,60.0,1.1833727831058687,16905.325472940982,-1,157.42,157.97871151461223,156.86128848538775,148.646,156.746,71.31026166834936,0.3550118899980619,USDJPY_merged,58.81662721689413
2024-12-18 20:00:00,2024-12-20 04:00:00,-1.1,30.000000000000004,0.7922307192889041,11317.581704127202,1,0.89861,0.8962280158708137,0.9017065793679422,0.90439,0.91644,32.18020300092566,0.0013259441936278446,AUDCAD_merged,-33.79223071928891
2024-12-19 15:00:00,2024-12-20 08:00:00,1.3,90.0,1.4013625063095816,20019.464375851167,-1,157.42,158.12770125184218,156.49998837260515,148.646,156.746,71.31026166834936,0.3550118899980619,USDJPY_merged,115.59863749369042
2024-12-19 23:00:00,2024-12-20 09:00:00,1.3,30.0,0.6257114006070692,8938.734294386704,-1,157.064,157.59113503330767,156.3787244567,148.646,156.746,65.02668823951784,0.3443931158571316,USDJPY_merged,38.37428859939293
2024-12-19 22:00:00,2024-12-20 12:00:00,1.0,30.0,0.33258154844054433,4751.164977722062,-1,156.976,157.96718427208518,155.98481572791482,148.646,156.746,62.028429660405955,0.3514233555384505,USDJPY_merged,29.667418451559456
2024-12-19 05:00:00,2024-12-26 10:00:00,-1.1,30.0,0.4240733649176579,6058.190927395113,-1,1.84009,1.8492020766350188,1.8309779233649812,1.77413,1.82742,58.88440477435786,0.003161147863654209,EURNZD_merged,-33.42407336491766
2024-12-19 05:00:00,2024-12-26 10:00:00,-1.1,15.0,0.21203668245882895,3029.0954636975566,-1,1.84009,1.8492020766350188,1.8300667157014794,1.77413,1.82742,59.74709230027939,0.003161147863654209,EURNZD_merged,-16.71203668245883
2024-12-19 22:00:00,2024-12-26 10:00:00,-1.1,30.0,0.33258154844054433,4751.164977722062,-1,156.976,157.96718427208518,155.8856973007063,148.646,156.746,62.98889065259188,0.3514233555384505,USDJPY_merged,-33.332581548440544
2024-12-18 23:00:00,2024-12-26 15:00:00,-1.1,60.0,0.8063977821386696,11519.96831626671,-1,1.84307,1.8526693493179882,1.8286709760230178,1.77413,1.82742,70.53379903185399,0.003219397564873057,EURNZD_merged,-66.80639778213867
2024-12-26 14:00:00,2024-12-27 11:00:00,1.1,30.0,0.790616748596502,11294.524979950029,-1,157.927,158.34647846486774,157.46557368864546,148.646,156.746,64.78736816108464,0.1467556133490018,USDJPY_merged,32.2093832514035
2024-12-26 14:00:00,2024-12-27 11:00:00,1.0,30.0,0.790616748596502,11294.524979950029,-1,157.927,158.34647846486774,157.50752153513224,148.646,156.746,65.9328171181898,0.1467556133490018,USDJPY_merged,29.209383251403498
2024-12-26 19:00:00,2024-12-29 21:00:00,1.1,30.000000000000004,0.6703941749398764,9577.059641998236,-1,1.85248,1.8582828666498314,1.846096846685185,1.77413,1.82742,65.13180764366362,0.002083705776729874,EURNZD_merged,32.32960582506013
2024-12-26 21:00:00,2024-12-29 21:00:00,1.0,60.0,1.3619693788984668,19456.705412835243,-1,1.85216,1.8578716350194977,1.8464483649805024,1.77413,1.82742,62.2505611521258,0.001998450389119133,EURNZD_merged,58.638030621101535
2024-12-30 09:00:00,2024-12-31 07:00:00,-1.1,30.0,1.2287157067931889,17553.081525616984,-1,0.94105,0.9426583500756719,0.9391199799091938,0.92555,0.94177,56.223273314220144,0.0010205603117738498,EURCHF_merged,-34.22871570679319
2024-12-30 09:00:00,2024-12-31 09:00:00,1.1,30.0,0.9829725654345511,14042.465220493588,-1,0.94105,0.9430604375945898,0.9388385186459512,0.92555,0.94177,56.223273314220144,0.0010205603117738498,EURCHF_merged,32.01702743456545
2024-12-30 15:00:00,2024-12-31 12:00:00,-1.1,60.0,1.097733827170794,15681.91181672563,-1,0.90398,0.9074386854354168,0.9005213145645832,0.8734,0.89572,55.48786175921865,0.0011820130270515149,USDCHF_merged,-67.0977338271708
2024-12-30 15:00:00,2024-12-31 12:00:00,-1.1,30.0,0.548866913585397,7840.955908362815,-1,0.90398,0.9074386854354168,0.9001754460210415,0.8734,0.89572,55.86426428865884,0.0011820130270515149,USDCHF_merged,-33.5488669135854
2024-12-26 19:00:00,2025-01-01 20:00:00,1.1,30.000000000000004,0.6144706218372612,8778.151740532303,-1,1.67449,1.6802126967002684,1.6681950336297047,1.59636,1.65997,59.06326650169994,0.0020049759465176203,EURAUD_merged,32.385529378162744
2024-12-26 19:00:00,2025-01-01 20:00:00,1.0,30.000000000000004,0.6144706218372612,8778.151740532303,-1,1.67449,1.6802126967002684,1.6687673032997317,1.59636,1.65997,59.7551624903029,0.0020049759465176203,EURAUD_merged,29.385529378162744
2025-01-02 16:00:00,2025-01-03 04:00:00,1.2,30.0,0.7324180187480632,10463.11455354376,1,1.02613,1.0231878645734531,1.0296605625118562,1.03429,1.06298,27.857405731853568,0.0017610607386209956,EURUSD_merged,35.267581981251936
2025-01-02 18:00:00,2025-01-03 09:00:00,1.0,60.00000000000001,1.1195725937573613,15993.894196533734,-1,0.91179,0.9152105178130949,0.908369482186905,0.8734,0.89572,66.12470426376429,0.0011786411114855996,USDCHF_merged,58.880427406242646
2025-01-02 16:00:00,2025-01-03 10:00:00,1.1,60.0,1.1718688299969013,16740.98328567002,1,1.02613,1.0224523307168163,1.030175436211502,1.03325,1.06298,27.857405731853568,0.0017610607386209956,EURUSD_merged,64.8281311700031
2025-01-02 16:00:00,2025-01-05 20:00:00,1.0,60.0,0.9596450575339731,13709.215107628188,1,1.23779,1.2323726657896208,1.243207334210379,1.24869,1.2811,23.5244325943119,0.001832279202421648,GBPUSD_merged,59.040354942466024
2025-01-02 18:00:00,2025-01-06 03:00:00,1.1,30.000000000000004,0.5597862968786806,7996.947098266867,-1,0.91179,0.9152105178130949,0.9080274304055955,0.8734,0.89572,65.38792098148747,0.0011786411114855996,USDCHF_merged,32.44021370312133
2024-12-19 15:00:00,2025-01-08 06:00:00,-1.1,30.0,0.30604468528600043,4372.06693265715,-1,157.42,158.500175594917,155.79973660762445,148.646,156.746,71.31026166834936,0.3550118899980619,USDJPY_merged,-33.306044685286004
2025-01-09 06:00:00,2025-01-09 10:00:00,1.0,90.0,2.9955177800906223,42793.11114415175,-1,0.83864,0.8404037792154384,0.8368762207845617,0.82198,0.83274,70.08409645379007,0.001231863323842821,EURGBP_merged,87.00448221990938
2025-01-09 10:00:00,2025-01-12 21:00:00,-1.1,90.0,1.4962641204574676,21375.20172082097,-1,0.837,0.8405241772678395,0.8334758227321605,0.82198,0.83274,63.50118770106936,0.001224446542905941,EURGBP_merged,-100.49626412045748
2025-01-09 10:00:00,2025-01-12 21:00:00,-1.1,30.0,0.4987547068191559,7125.067240273656,-1,0.837,0.8405241772678395,0.8331234050053765,0.82198,0.83753,63.779215765699576,0.001224446542905941,EURGBP_merged,-33.498754706819156
2025-01-09 06:00:00,2025-01-12 22:00:00,-1.1,90.0,2.3648824579662806,33784.03511380401,-1,0.83864,0.8408741203395553,0.8357356435585782,0.82198,0.83284,70.08409645379007,0.001231863323842821,EURGBP_merged,-101.36488245796629
2025-01-13 01:00:00,2025-01-13 04:00:00,-1.1,15.0,0.40628049289808615,5804.007041401232,1,1.02193,1.0192889022393228,1.0253634270888805,1.03325,1.06298,31.59590929426754,0.0014374710670160605,EURUSD_merged,-16.906280492898087
2025-01-13 01:00:00,2025-01-13 04:00:00,-1.1,15.0,0.32975797218771136,4710.828174110163,1,1.21466,1.210792336114458,1.220074729439759,1.24869,1.2811,26.119964824185185,0.0022475895173129116,GBPUSD_merged,-16.82975797218771
2025-01-12 17:00:00,2025-01-13 10:00:00,-1.1,30.000000000000004,0.5615333164186073,8021.904520265818,-1,0.91525,0.9186728156082679,0.9114849028309054,0.8734,0.89572,62.14213448946885,0.001240117421109247,USDCHF_merged,-33.56153331641861
2025-01-12 17:00:00,2025-01-13 10:00:00,-1.1,60.00000000000001,1.1230666328372145,16043.809040531636,-1,0.91525,0.9186728156082679,0.9118271843917322,0.8734,0.89572,62.33780488652409,0.001240117421109247,USDCHF_merged,-67.12306663283722
2025-01-13 06:00:00,2025-01-13 13:00:00,1.2,30.0,0.6217105766471663,8881.579666388092,1,1.21313,1.2090323167761776,1.2180472198685868,1.24748,1.2811,27.570578123092936,0.002571691156682601,GBPUSD_merged,35.37828942335283
2025-01-13 06:00:00,2025-01-13 16:00:00,1.1,60.0,0.9947369226354663,14210.527466220949,1,1.21313,1.208007895970222,1.2187643144327558,1.24748,1.2811,27.570578123092936,0.002571691156682601,GBPUSD_merged,65.00526307736453
2025-01-13 14:00:00,2025-01-14 03:00:00,1.0,30.0,0.567157471094472,8102.249587063886,-1,0.91821,0.9216098335528914,0.9148101664471086,0.8734,0.89572,62.57779340269783,0.001193210106826236,USDCHF_merged,29.432842528905528
2025-01-13 14:00:00,2025-01-14 03:00:00,1.1,30.0,0.567157471094472,8102.249587063886,-1,0.91821,0.9216098335528914,0.9144701830918195,0.8734,0.89572,62.40127630237959,0.001193210106826236,USDCHF_merged,32.432842528905525
2025-01-20 06:00:00,2025-01-20 08:00:00,1.1,30.0,0.7444979067988565,10635.68438284081,-1,1.44689,1.450971232428261,1.4424006443289128,1.42791,1.4463,60.22507868614351,0.001438469937943748,USDCAD_merged,32.255502093201144
2025-01-19 20:00:00,2025-01-20 08:00:00,1.0,60.0,1.2755397790078873,18221.99684296982,-1,1.4461,1.4508616076738303,1.4413383923261696,1.42791,1.4463,62.97058778644303,0.0016848188714233862,USDCAD_merged,58.724460220992114
2025-01-24 07:00:00,2025-01-24 10:00:00,-1.1,90.0,3.2078790010796734,45826.84287256676,-1,0.94939,0.9512545207621568,0.9473390271616274,0.92555,0.94407,71.97024321971121,0.0009313846395728294,EURCHF_merged,-102.20787900107969
2025-01-24 07:00:00,2025-01-24 10:00:00,-1.1,30.0,1.3366162504498638,19094.517863569483,-1,0.94939,0.9508816166097255,0.9476000600683294,0.9337,0.94407,71.97024321971121,0.0009313846395728294,EURCHF_merged,-34.336616250449865
2025-01-24 14:00:00,2025-01-27 09:00:00,-1.1,60.0,1.099093406578209,15701.334379688702,-1,1.50507,1.5108213710501457,1.4987434918448395,1.46823,1.50591,61.590744787932316,0.001978056725813666,EURCAD_merged,-67.0990934065782
2025-01-24 14:00:00,2025-01-27 09:00:00,-1.1,60.0,1.099093406578209,15701.334379688702,-1,1.50507,1.5108213710501457,1.4993186289498541,1.46823,1.50591,62.08448924225916,0.001978056725813666,EURCAD_merged,-67.0990934065782
2025-01-30 21:00:00,2025-01-31 12:00:00,1.1,30.0,0.41944673480273825,5992.0962114676895,-1,1.44828,1.4555309516647694,1.4403039531687536,1.42791,1.4463,61.79836143719539,0.0025317951949490568,USDCAD_merged,32.58055326519726
2025-01-30 21:00:00,2025-01-31 12:00:00,1.0,60.0,0.8388934696054765,11984.192422935379,-1,1.44828,1.4555309516647694,1.4410290483352306,1.42605,1.4463,62.69077901542927,0.0025317951949490568,USDCAD_merged,59.16110653039453
2025-02-06 12:00:00,2025-02-06 14:00:00,-1.1,15.000000000000002,0.2577792047768926,3682.560068241323,1,167.896,167.21211706168236,168.5798829383176,169.948,175.813,30.964986883917835,0.2866732359667416,CHFJPY_merged,-16.757779204776895
2025-02-06 12:00:00,2025-02-06 19:00:00,-1.1,15.0,0.1776508873865351,2537.8698198076445,1,189.008,187.89087414197832,190.5719762012304,189.325,194.745,36.15029424919576,0.4510070284012546,GBPJPY_merged,-16.677650887386534
2025-02-06 12:00:00,2025-02-06 19:00:00,-1.1,15.0,0.1776508873865351,2537.8698198076445,1,189.008,187.89087414197832,190.23683844382387,189.325,198.948,35.59064581635242,0.4510070284012546,GBPJPY_merged,-16.677650887386534
2025-02-10 17:00:00,2025-02-10 17:00:00,1.2,15.0,1.0499999999999998,15000.0,-1,1.1123,1.1134123,1.11096524,1.10199,1.11021,72.40096787315025,0.0008595981877585085,AUDNZD_merged,16.95
2025-02-07 14:00:00,2025-02-11 10:00:00,1.4,15.0,0.16704700387050428,2386.385769578633,1,156.308,155.32550168397376,157.68349764243675,159.616,164.079,35.34910312336325,0.40699041989110685,EURJPY_merged,20.832952996129496
2025-02-10 18:00:00,2025-02-12 10:00:00,-1.1,60.0,3.398276708350453,48546.81011929219,-1,1.11282,1.1141953571004135,1.1111695714795036,1.10199,1.11021,71.71070565681119,0.0008731983172043449,AUDNZD_merged,-69.39827670835045
2025-02-14 06:00:00,2025-02-19 12:00:00,1.4,60.0,1.5241673986127469,21773.8199801821,1,1.41824,1.4143318938395995,1.4237113486245605,1.42605,1.47926,36.41460189698137,0.001612064883488289,USDCAD_merged,82.47583260138725
2025-02-19 22:00:00,2025-02-20 01:00:00,-1.1,15.0,0.24497938714036877,3499.705530576697,1,189.79,188.97654584646415,190.68479956888942,189.325,194.745,28.827341425527514,0.3443721427370842,GBPJPY_merged,-16.74497938714037
2025-02-19 22:00:00,2025-02-20 01:00:00,-1.1,15.0,0.26711479198371785,3815.925599767398,1,157.272,156.65378039945438,157.8902196005456,159.616,164.079,26.732297564899483,0.27630604990972135,EURJPY_merged,-16.76711479198372
2025-02-20 05:00:00,2025-02-20 20:00:00,1.0,15.0,0.2493916936482255,3562.738480688936,1,156.878,156.21750526743546,157.53849473256452,159.616,164.079,33.17017226608469,0.279516506935991,EURJPY_merged,14.750608306351774
2025-02-20 14:00:00,2025-02-20 21:00:00,1.4,60.0,0.9358085542058328,13368.693631511898,1,149.625,148.95346841677645,150.565144216513,150.927,158.877,35.184569237843405,0.2736044816043551,USDJPY_merged,83.06419144579417
2025-02-25 14:00:00,2025-02-26 06:00:00,1.0,30.000000000000004,0.7138326330313464,10197.609043304949,1,0.89277,0.8901435902321551,0.8953964097678448,0.89649,0.91964,27.03211142954567,0.0011060660553411387,USDCHF_merged,29.28616736696866
2025-02-26 12:00:00,2025-02-26 16:00:00,-1.1,15.0,0.6767918497358312,9668.45499622616,-1,2.22321,2.226659170525489,2.2180362442117665,2.18313,2.22102,69.40715918055906,0.0022930579443503282,GBPNZD_merged,-17.17679184973583
2025-02-26 12:00:00,2025-02-26 23:00:00,-1.1,15.0,0.6344923591273418,9064.176558962026,-1,2.22321,2.226889115227188,2.2195308847728117,2.18313,2.22102,69.40715918055906,0.0022930579443503282,GBPNZD_merged,-17.134492359127343
2025-02-26 12:00:00,2025-02-26 23:00:00,-1.1,30.0,1.2689847182546836,18128.353117924053,-1,2.22321,2.226889115227188,2.218795061727374,2.18313,2.22102,69.95845883718182,0.0022930579443503282,GBPNZD_merged,-34.268984718254686
2025-02-26 12:00:00,2025-02-27 00:00:00,-1.1,15.0,0.3904568363860564,5577.954805515092,-1,2.22321,2.2291885622441807,2.2142421566337287,2.18313,2.22102,70.50173110144989,0.0022930579443503282,GBPNZD_merged,-16.890456836386058
2025-02-18 21:00:00,2025-02-27 07:00:00,-1.1,60.0,1.9364401931801039,27663.431331144344,1,0.82816,0.8263637803118061,0.8306747075634714,0.82911,0.84731,40.199028645228445,0.0007306802365035681,EURGBP_merged,-67.9364401931801
2025-02-26 13:00:00,2025-02-27 08:00:00,-1.1,60.00000000000001,1.3172228382257913,18817.469117511308,-1,1.81589,1.821680013487978,1.810099986512022,1.76746,1.81586,64.83465244319343,0.0025682973709228174,GBPCAD_merged,-67.3172228382258
2025-02-26 13:00:00,2025-02-27 08:00:00,-1.1,15.0,0.3986332273578052,5694.760390825789,-1,1.81589,1.8206730546205037,1.8111069453794963,1.76746,1.81586,65.64609426304027,0.0025682973709228174,GBPCAD_merged,-16.898633227357806
2025-02-27 17:00:00,2025-02-27 19:00:00,-1.1,15.000000000000002,0.4324490795852295,6177.843994074708,-1,2.23516,2.240587038952773,2.228647553256672,2.18313,2.22102,73.2445949021074,0.0024147472138706383,GBPNZD_merged,-16.932449079585233
2025-02-27 17:00:00,2025-02-27 19:00:00,-1.1,60.00000000000001,1.729796318340918,24711.37597629883,-1,2.23516,2.240587038952773,2.2275621454661176,2.18313,2.22102,73.5907945814522,0.0024147472138706383,GBPNZD_merged,-67.72979631834093
2025-02-27 17:00:00,2025-02-27 19:00:00,-1.1,14.999999999999998,0.41515111640182023,5930.730234311718,-1,2.23516,2.2408131655758057,2.2283762013090334,2.18313,2.22102,73.2445949021074,0.0024147472138706383,GBPNZD_merged,-16.91515111640182
2025-02-28 02:00:00,2025-02-28 06:00:00,1.0,30.0,0.5856987373642161,8367.124819488801,1,0.50375,0.5019438240045374,0.5055561759954627,0.50574,0.51772,36.642665028414534,0.0008534872031370873,NZDCHF_merged,29.414301262635785
2025-02-28 05:00:00,2025-03-03 01:00:00,-1.1,60.0,1.6480813076103087,23544.01868014727,-1,1.85571,1.8604391246882115,1.8490892254365037,1.82061,1.84938,77.40369322772231,0.0019754351472247365,EURNZD_merged,-67.64808130761031
2025-02-28 11:00:00,2025-03-03 05:00:00,-1.1,30.0,0.7659776631881671,10942.538045545245,-1,2.24685,2.253009951166671,2.2382260683666604,2.18313,2.22102,70.50861766782646,0.002516171582343039,GBPNZD_merged,-33.76597766318817
2025-02-27 13:00:00,2025-03-04 03:00:00,1.0,30.000000000000004,1.1006430641731437,15723.472345330627,1,0.82511,0.8235357103357103,0.8266842896642898,0.82911,0.84731,30.029928382604215,0.0006620113551480417,EURGBP_merged,28.89935693582686
2025-03-03 17:00:00,2025-03-04 07:00:00,-1.1,60.00000000000001,0.8432046165899596,12045.780236999424,1,0.61884,0.6157575595711142,0.6219224404288857,0.61934,0.63974,28.916791060952864,0.0013080349557613399,CADCHF_merged,-66.84320461658997
2025-03-04 01:00:00,2025-03-04 07:00:00,-1.1,30.0,0.554533648066315,7921.909258090215,1,0.50232,0.50041773130327,0.5042222686967299,0.50574,0.51772,30.53585335881502,0.0007987109645183116,NZDCHF_merged,-33.55453364806632
2025-03-04 09:00:00,2025-03-04 10:00:00,1.2,15.0,0.3684013179781429,5262.8759711163275,-1,1.05389,1.0568937473971949,1.0502855031233662,1.02103,1.0533,61.748275338433096,0.0019425319715862875,EURUSD_merged,17.631598682021856
2025-03-04 11:00:00,2025-03-04 13:00:00,-1.1,29.999999999999996,0.6804905327573875,9721.293325105536,-1,1.0526,1.0558483332149282,1.0487020001420861,1.02103,1.0533,63.91941633144581,0.0020587648122351197,EURUSD_merged,-33.68049053275739
2025-03-04 11:00:00,2025-03-04 15:00:00,1.0,30.0,0.4616077079957507,6594.395828510725,1,0.5002,0.4979244314126365,0.5024755685873635,0.50574,0.51772,28.585973230513083,0.0009737078147741049,NZDCHF_merged,29.53839229200425
2025-03-04 15:00:00,2025-03-04 16:00:00,1.0,30.0,0.3732001758774885,5331.431083964122,1,0.61358,0.6101273810483332,0.6170326189516668,0.61934,0.63974,31.825439779081723,0.0015239144835922055,CADCHF_merged,29.62679982412251
2025-03-04 15:00:00,2025-03-05 02:00:00,-1.1,30.0,0.8352508874076311,11932.155534394731,-1,1.87813,1.8828520219211515,1.8724635736946185,1.82286,1.8514,67.69257383218064,0.0028718877220967874,EURNZD_merged,-33.83525088740763
2025-03-04 21:00:00,2025-03-05 02:00:00,-1.1,15.0,0.3430552768151757,4900.789668788225,-1,1.06126,1.064508231627116,1.0573621220474612,1.02103,1.0533,68.48727208463887,0.001970134426451103,EURUSD_merged,-16.843055276815175
2025-03-04 18:00:00,2025-03-05 02:00:00,-1.1,15.0,0.22228942220854916,3175.5631744078455,-1,1.06191,1.0669260079095166,1.0563923912995314,1.02103,1.0533,75.72543412717889,0.0020678602030868615,EURUSD_merged,-16.72228942220855
2025-03-05 06:00:00,2025-03-05 09:00:00,-1.1,15.0,0.20490585999414507,2927.2265713449297,-1,1.0697,1.0751814684169214,1.0620259442163102,1.02103,1.0533,70.73078469932173,0.0022779490898802565,EURUSD_merged,-16.704905859994145
2025-03-06 04:00:00,2025-03-06 05:00:00,1.0,15.0,0.36213040312297806,5173.291473185402,-1,0.9593,0.9620814980220204,0.9565185019779797,0.93589,0.95128,59.99714323424599,0.0018014051020654013,EURCHF_merged,14.637869596877023
2025-03-06 05:00:00,2025-03-06 08:00:00,-1.1,15.0,0.3485867430818467,4979.810615454953,-1,0.95687,0.9597522481633046,0.9534113022040345,0.93589,0.95128,59.54747497892793,0.0018563047376321795,EURCHF_merged,-16.848586743081846
2025-03-07 10:00:00,2025-03-10 16:00:00,-1.3865042538805374,30.0,0.3490996766904155,4987.138238434507,1,0.55434,0.5510053821881584,0.5576746178118417,0.55768,0.57621,38.750890518631074,0.001504131414718666,AUDCHF_merged,-41.944227293106536
2025-03-11 12:00:00,2025-03-11 13:00:00,1.2,14.999999999999998,0.2685173290486028,3835.9618435514694,-1,1.58216,1.5883468185784735,1.5747358177058317,1.47415,1.51705,68.35738844380394,0.0037934214964355723,EURCAD_merged,17.731482670951394
2025-03-17 17:00:00,2025-03-17 18:00:00,-1.1,15.0,0.31265325347631645,4466.475049661664,-1,86.737,87.02829346644364,86.30005980033452,83.144,85.631,76.38811863027075,0.19946738398892347,NZDJPY_merged,-16.812653253476316
2025-03-17 17:00:00,2025-03-18 10:00:00,1.0,15.000000000000002,0.3944426617867751,5634.895168382503,-1,0.58159,0.5831381831940636,0.5800418168059365,0.55847,0.57592,77.13296704428747,0.0008309165986025329,NZDUSD_merged,14.605557338213227
2025-03-18 02:00:00,2025-03-18 10:00:00,-1.1,15.000000000000002,0.6908174540792718,9868.820772561026,1,1.09534,1.093675150634645,1.097670789111497,1.10012,1.11743,34.732293519014995,0.0007234238615956782,AUDNZD_merged,-17.190817454079276
2025-03-17 16:00:00,2025-03-18 10:00:00,1.0,30.0,0.6573088201196242,9390.126001708919,-1,0.58189,0.5837490485363905,0.5800309514636095,0.55847,0.57719,77.0238462660388,0.0008148332600334767,NZDUSD_merged,29.342691179880376
2025-03-18 18:00:00,2025-03-19 05:00:00,1.0,30.0,0.8357132233989446,11938.760334270639,1,0.87672,0.8745169571996098,0.8789230428003904,0.89649,0.91964,28.603945683705938,0.0009237129318345962,USDCHF_merged,29.164286776601056
2025-03-18 20:00:00,2025-03-19 16:00:00,-1.1,15.0,0.7148339275682702,10211.91325097529,1,1.09363,1.0920235968121907,1.0953970435065905,1.10012,1.11743,37.0776999660111,0.0006586679000453341,AUDNZD_merged,-17.21483392756827
2025-03-31 11:00:00,2025-03-31 14:00:00,1.2,30.0,0.8823001155722303,12604.287365317577,-1,2.07182,2.0767512268277084,2.06590252780675,1.96372,2.01481,58.85772591583368,0.0032133012839379426,GBPAUD_merged,35.11769988442777
2025-04-03 20:00:00,2025-04-03 23:00:00,-1.1,15.0,0.23109867313886862,3301.409616269552,1,1.12452,1.1194107279130483,1.130651126504342,1.12848,1.15018,28.987559946354164,0.0023899162289242283,GBPCHF_merged,-16.73109867313887
2025-04-04 02:00:00,2025-04-04 06:00:00,-1.1,15.0,0.24070739774839137,3438.6771106913056,1,0.88025,0.8764102239538722,0.8856256864645787,0.89513,0.91297,30.607313837464563,0.0021694995209941056,AUDCAD_merged,-16.74070739774839
2025-04-04 02:00:00,2025-04-04 06:00:00,-1.1,14.999999999999998,0.2153697769327712,3076.711099039589,1,0.88025,0.8759584855955044,0.8853998172853947,0.89513,0.91297,29.37491962015395,0.0021694995209941056,AUDCAD_merged,-16.71536977693277
2025-04-10 23:00:00,2025-04-11 03:00:00,-1.1,15.0,0.17916140052284715,2559.448578897817,-1,1.13021,1.1368337509672104,1.1215991237426262,1.07328,1.09545,76.97442150524603,0.004472560122558888,EURUSD_merged,-16.679161400522847
2025-04-10 23:00:00,2025-04-11 04:00:00,-1.1,15.0,0.11684439164533514,1669.2055949333592,-1,1.13021,1.1403664181497228,1.115991014590388,1.07328,1.09545,78.13400272562095,0.004472560122558888,EURUSD_merged,-16.616844391645333
2025-04-10 23:00:00,2025-04-11 04:00:00,-1.1,15.0,0.08958070026142358,1279.7242894489084,-1,1.13021,1.1434575019344209,1.1156377478721369,1.07328,1.09545,75.89545983521329,0.004472560122558888,EURUSD_merged,-16.589580700261422
2025-04-21 07:00:00,2025-04-21 23:00:00,-1.1,15.0,0.24141906183969017,3448.843740567003,1,140.986,140.37281188274062,141.7218257407112,146.538,151.208,31.634048851418193,0.23395623080348324,USDJPY_merged,-16.74141906183969
2025-04-21 06:00:00,2025-04-21 23:00:00,-1.1,15.0,0.32368205384243226,4624.0293406061755,1,140.652,140.19573559409045,141.2451437276824,146.538,151.208,34.36684090858812,0.2271067100960583,USDJPY_merged,-16.823682053842433
2025-04-21 07:00:00,2025-04-21 23:00:00,-1.1,15.0,0.3103959366510302,4434.227666443289,1,140.986,140.50907590879828,141.51061650032187,146.538,151.208,32.039833115531145,0.23395623080348324,USDJPY_merged,-16.81039593665103
2025-04-21 07:00:00,2025-04-21 23:00:00,-1.1,15.0,0.2715964445696515,3879.9492081378785,1,140.986,140.44094389576944,141.53105610423054,146.538,151.208,32.039833115531145,0.23395623080348324,USDJPY_merged,-16.771596444569653
2025-05-25 17:00:00,2025-05-27 03:00:00,1.2,14.999999999999998,0.39614113136567664,5659.159019509667,1,1.3714,1.3677650076046488,1.3757619908744212,1.37499,1.44146,25.727619243672724,0.0017615952768559062,USDCAD_merged,17.60385886863432
2025-06-12 05:00:00,2025-06-12 05:00:00,-1.1,15.0,0.5677621329784508,8110.8876139778695,-1,0.85094,0.8525136995267945,0.8492089305205262,0.83551,0.84589,74.36047377613795,0.0009725434066796866,EURGBP_merged,-17.06776213297845
2025-06-12 08:00:00,2025-06-17 15:00:00,-1.1,15.000000000000002,0.3377072470215305,4824.389243164722,-1,0.85261,0.8552609365964033,0.8486335951053949,0.83551,0.84589,77.60632854859,0.0010903344987154774,EURGBP_merged,-16.837707247021534
2025-06-23 08:00:00,2025-06-23 10:00:00,1.2,14.999999999999998,0.3434360858061086,4906.229797230124,-1,107.091,107.41841332273243,106.69810401272107,103.001,106.247,61.722241085460084,0.18247512680641514,CADJPY_merged,17.65656391419389
2025-06-23 08:00:00,2025-06-23 10:00:00,1.1,15.0,0.30909247722549776,4415.606817507111,-1,107.091,107.45479258081382,106.69082816110479,103.001,106.247,61.30633625078528,0.18247512680641514,CADJPY_merged,16.190907522774502
2025-06-23 08:00:00,2025-06-23 10:00:00,1.1,14.999999999999998,0.3434360858061086,4906.229797230124,-1,107.091,107.41841332273243,106.73084534499432,103.001,106.247,61.04051735881811,0.18247512680641514,CADJPY_merged,16.156563914193892
2025-06-23 08:00:00,2025-06-23 11:00:00,1.5,15.0,0.23776344401961366,3396.620628851624,-1,107.091,107.56393035505796,106.38160446741306,103.001,105.567,61.78869970043336,0.18247512680641514,CADJPY_merged,22.262236555980387
2025-06-23 03:00:00,2025-06-24 02:00:00,1.2,15.0,0.2583824962916797,3691.1785184525675,-1,2.26548,2.2746863279600595,2.254432406447929,2.2176,2.25881,71.65666029075601,0.0034644028428783063,GBPNZD_merged,17.74161750370832
2025-06-26 01:00:00,2025-06-26 03:00:00,-1.1,60.0,2.043617604571898,29194.537208169975,-1,1.37002,1.3728356363436718,1.366922800021961,1.31394,1.34438,69.27456840342458,0.0015596536693544523,GBPUSD_merged,-68.04361760457189
2025-06-26 01:00:00,2025-06-26 03:00:00,-1.1,60.0,1.8392558441147084,26275.08348735298,-1,1.37002,1.373148484826302,1.366578666691068,1.31394,1.35929,69.79848455507418,0.0015596536693544523,GBPUSD_merged,-67.8392558441147
2025-06-26 01:00:00,2025-06-26 03:00:00,-1.1,60.0,2.043617604571898,29194.537208169975,-1,1.37002,1.3728356363436718,1.366641236387594,1.31394,1.35929,70.915205706723,0.0015596536693544523,GBPUSD_merged,-68.04361760457189
2025-06-26 05:00:00,2025-06-26 07:00:00,1.1,29.999999999999996,1.1692089415631504,16702.984879473577,-1,1.88134,1.884719048739328,1.8776230463867392,1.8278,1.86926,68.43401976636358,0.0018610172067961906,GBPCAD_merged,31.83079105843685
2025-06-26 05:00:00,2025-06-26 07:00:00,1.1,30.0,1.0522880474068352,15032.686391526218,-1,1.88134,1.8850944985992533,1.8772100515408214,1.8278,1.86926,68.66887315434839,0.0018610172067961906,GBPCAD_merged,31.947711952593163
2025-06-26 07:00:00,2025-06-27 08:00:00,-1.1,30.0,0.7590033781047509,10842.905401496442,-1,1.17148,1.174721234585995,1.1679146419554058,1.10651,1.15729,61.57508968102984,0.001827065461029059,EURUSD_merged,-33.75900337810475
2025-06-26 07:00:00,2025-06-27 09:00:00,-1.1,30.000000000000004,0.6831030402942759,9758.6148613468,-1,1.17148,1.1750813717622166,1.167518491061562,1.10651,1.15729,61.56306886134629,0.001827065461029059,EURUSD_merged,-33.683103040294284
2025-07-07 02:00:00,2025-07-07 08:00:00,1.1,15.0,0.4441627376980374,6345.1819671148205,-1,1.80806,1.812334250941984,1.8033583239638176,1.74606,1.79905,66.06302240271337,0.0024363992954678972,EURAUD_merged,16.055837262301964
2025-07-07 03:00:00,2025-07-07 12:00:00,1.1,15.0,0.432431512885904,6177.5930412272,-1,1.80613,1.8105155187318422,1.8013059293949736,1.74606,1.79905,65.10387618743896,0.002419513631505903,EURAUD_merged,16.067568487114094
2025-07-07 02:00:00,2025-07-07 13:00:00,1.2,59.99999999999999,1.2299891197791801,17571.273139702575,-1,1.80806,1.8142339180273102,1.8006512983672278,1.74606,1.79905,66.60857844768577,0.0024363992954678972,EURAUD_merged,70.77001088022081
2025-07-07 02:00:00,2025-07-08 00:00:00,1.5,59.99999999999999,1.2299891197791801,17571.273139702575,-1,1.80806,1.8142339180273102,1.7987991229590348,1.74606,1.79905,68.77196685808913,0.0024363992954678972,EURAUD_merged,88.77001088022081
2025-07-23 09:00:00,2025-07-23 21:00:00,-1.1,30.000000000000004,0.8311499236387475,11873.570337696394,-1,0.65878,0.660444486707697,0.6569490646215335,0.6372,0.65141,65.13673044778021,0.0009400923492087275,AUDUSD_merged,-33.831149923638755
2025-07-23 09:00:00,2025-07-23 21:00:00,-1.1,90.0,1.7262344567881676,24660.492239830965,-1,0.65878,0.6611842585777845,0.6551736121333234,0.64849,0.65947,67.49682999950343,0.0009400923492087275,AUDUSD_merged,-100.72623445678818
2025-07-23 09:00:00,2025-07-23 21:00:00,-1.1,15.0,0.3740174656374364,5343.106651963377,-1,0.65878,0.6606294296752189,0.6567456273572594,0.6372,0.65947,65.64213912501782,0.0009400923492087275,AUDUSD_merged,-16.874017465637436
2025-07-23 09:00:00,2025-07-23 21:00:00,-1.1,15.000000000000002,0.41557496181937376,5936.785168848197,-1,0.65878,0.660444486707697,0.6567826159507637,0.6372,0.65947,66.63463587012065,0.0009400923492087275,AUDUSD_merged,-16.915574961819377
2025-07-23 09:00:00,2025-07-23 21:00:00,-1.1,30.000000000000004,0.8311499236387475,11873.570337696394,-1,0.65878,0.660444486707697,0.6569490646215335,0.64849,0.65947,65.13673044778021,0.0009400923492087275,AUDUSD_merged,-33.831149923638755
2025-07-30 17:00:00,2025-07-31 06:00:00,-1.1,30.000000000000004,1.142370461117629,16319.57801596613,-1,1.38268,1.385221756898335,1.3798840674118313,1.35558,1.37979,67.12861775204068,0.0013897952253316141,USDCAD_merged,-34.142370461117636
2025-08-01 13:00:00,2025-08-01 16:00:00,-0.3861892820747706,60.0,1.3205616176949648,18865.165967070927,-1,0.87115,0.873920662081173,0.8669940068782404,0.85078,0.86699,76.48458379351507,0.0010659507432760954,EURGBP_merged,-24.4919185421812
2025-08-03 17:00:00,2025-08-04 03:00:00,1.2,15.0,0.2572880874531177,3675.5441064731103,1,195.414,194.6165099100735,196.37098810791176,197.427,199.97,23.772142200470718,0.3960489703230119,GBPJPY_merged,17.74271191254688
2025-08-03 17:00:00,2025-08-04 03:00:00,1.3,15.0,0.2708295657401239,3868.9937962874847,1,195.414,194.65638441456983,196.3989002610592,197.427,199.97,28.282594140535462,0.3960489703230119,GBPJPY_merged,19.229170434259878
2025-08-03 17:00:00,2025-08-06 05:00:00,1.1,15.0,0.2058304699624941,2940.4352851784874,1,195.414,194.41713738759188,196.5105488736489,197.427,199.97,23.772142200470718,0.3960489703230119,GBPJPY_merged,16.294169530037507
2025-08-03 19:00:00,2025-08-06 11:00:00,1.5,15.0,0.2509936195704115,3585.6231367201644,1,195.511,194.69310450787012,196.7378432381948,195.357,199.97,31.44306219830806,0.3879401835948437,GBPJPY_merged,22.249006380429588
2025-08-06 22:00:00,2025-08-07 04:00:00,-1.1,60.00000000000001,2.610111099032798,37287.301414754256,-1,0.93929,0.9408014368125792,0.937022844781131,0.92884,0.93625,63.463775688576135,0.0006933224001200982,EURCHF_merged,-68.6101110990328
2025-08-07 10:00:00,2025-08-11 04:00:00,-1.1,30.0,0.9474434544909343,13534.906492727634,-1,0.94005,0.9421336124738027,0.936924581289296,0.92884,0.93625,48.663461202908664,0.0010027538149467515,EURCHF_merged,-33.94744345449094
2025-08-07 12:00:00,2025-08-11 05:00:00,-1.1,60.0,1.046937865480978,14956.25522115683,-1,1.08442,1.0887703670563176,1.0796345962380505,1.06908,1.08011,70.71583683999813,0.0016958506209179968,GBPCHF_merged,-67.04693786548098
2025-08-12 10:00:00,2025-08-13 21:00:00,1.5,15.0,0.36765705652318326,5252.243664616904,-1,199.897,200.46789030735565,199.0406645389665,195.357,199.97,65.24534295268413,0.2777916325042058,GBPJPY_merged,22.132342943476818
2025-08-12 11:00:00,2025-08-14 02:00:00,-1.1,29.999999999999996,0.7656975914157004,10938.537020224292,-1,2.26951,2.2757343515631128,2.260173472655331,2.22922,2.26901,52.638341807336055,0.0030036928680430754,GBPNZD_merged,-33.7656975914157
2025-08-13 10:00:00,2025-08-14 08:00:00,1.5,30.0,0.9181698106149215,13116.711580213167,-1,0.90121,0.9032712102229026,0.8981181846656461,0.888,0.90145,66.12648856074563,0.0010035623434603244,AUDCAD_merged,44.08183018938508
2025-08-14 18:00:00,2025-08-14 22:00:00,-1.1,30.000000000000004,0.8669558968947557,12385.084241353654,-1,2.28482,2.290354447619753,2.2765183285703703,2.22922,2.26901,63.226137253898415,0.0026257761583941756,GBPNZD_merged,-33.866955896894765
2025-08-20 07:00:00,2025-08-20 10:00:00,-1.1,59.99999999999999,1.0112537448090615,14446.48206870088,1,85.914,85.55717679726553,86.37787016355482,86.642,89.063,27.975180481417638,0.18095870810331435,NZDJPY_merged,-67.01125374480907
2025-08-20 09:00:00,2025-08-20 17:00:00,-1.1,15.0,0.33525172138440085,4789.310305491441,1,0.58362,0.5817921167680528,0.5863618248479209,0.58562,0.6059,29.425532486192644,0.0012529753340625904,NZDUSD_merged,-16.835251721384402
2025-08-20 09:00:00,2025-08-20 17:00:00,-1.1,30.0,0.5293448232385276,7562.0689034075385,1,0.58362,0.5813046812395335,0.5866299143886066,0.58562,0.6059,30.05405363985136,0.0012529753340625904,NZDUSD_merged,-33.529344823238524
2025-08-20 08:00:00,2025-08-21 08:00:00,-1.1,30.0,1.5747193509091797,22495.990727274,-1,1.38718,1.3890299029673563,1.3844051455489659,1.3575,1.38787,48.49177950994137,0.0009522700195792298,USDCAD_merged,-34.57471935090918
2025-08-20 19:00:00,2025-08-21 10:00:00,1.5,15.0,0.36032521875288875,5147.5031250412685,1,0.46812,0.46675588232402604,0.4701661765139609,0.4723,0.49839,31.46169770543683,0.0008923109422695955,NZDCHF_merged,22.139674781247113
2025-08-20 14:00:00,2025-08-21 10:00:00,1.3,30.0,0.5271523669733935,7530.748099619908,1,85.751,85.40939648784298,86.19508456580414,86.642,89.063,30.36576556976059,0.17409194203162823,NZDJPY_merged,38.4728476330266
2025-08-20 13:00:00,2025-08-21 13:00:00,1.3,15.0,0.340850920182743,4869.298859753471,1,0.51727,0.5156765365007412,0.5193415025490365,0.51795,0.52949,28.583522715311943,0.000818760356780652,AUDCHF_merged,19.159149079817258
2025-08-20 13:00:00,2025-08-21 13:00:00,1.2,60.0,1.2952334966944232,18503.33566706319,1,0.51727,0.5155926700007801,0.5192827959990638,0.51795,0.52949,26.09807947551682,0.000818760356780652,AUDCHF_merged,70.70476650330558
2025-08-20 13:00:00,2025-08-21 14:00:00,1.2,15.0,0.29437124924873254,4205.303560696179,1,0.51727,0.5154249370008581,0.5194840755989703,0.51795,0.52949,28.583522715311943,0.000818760356780652,AUDCHF_merged,17.705628750751266
2025-08-20 19:00:00,2025-08-21 14:00:00,1.2,60.0,0.982705142053333,14038.644886476188,1,0.46812,0.46611929407523817,0.47052084710971415,0.47261,0.48252,31.50484263404289,0.0008923109422695955,NZDCHF_merged,71.01729485794667
2025-08-20 13:00:00,2025-08-21 14:00:00,1.1,30.0,0.5180933986777693,7401.334266825275,1,0.51727,0.5151733375009752,0.5195763287489273,0.51795,0.52949,26.09807947551682,0.000818760356780652,AUDCHF_merged,32.48190660132223
2025-08-20 13:00:00,2025-08-21 20:00:00,1.5,14.999999999999998,0.3083889277843864,4405.556111205521,1,0.51727,0.5155088035008192,0.5199117947487712,0.51723,0.52604,23.849759557712687,0.000818760356780652,AUDCHF_merged,22.19161107221561
2025-08-20 13:00:00,2025-08-21 21:00:00,1.2,60.0,0.9998631925125949,14283.759893037071,1,0.46852,0.46655194675558054,0.4708816638933033,0.47261,0.48252,23.569001068739027,0.0009473104349090315,NZDCHF_merged,71.00013680748741
2025-08-20 13:00:00,2025-08-21 21:00:00,1.3,15.0,0.2631218927664724,3758.8841823781772,1,0.46852,0.46665034941780154,0.470950545756858,0.4723,0.49839,23.569001068739027,0.0009473104349090315,NZDCHF_merged,19.236878107233526
2025-08-20 09:00:00,2025-08-22 00:00:00,-1.1,15.0,0.2285807191257278,3265.438844653255,1,0.58362,0.580939104593144,0.5868370744882272,0.58562,0.6059,30.05405363985136,0.0012529753340625904,NZDUSD_merged,-16.728580719125727
2025-08-20 13:00:00,2025-08-25 01:00:00,1.1,30.0,0.399945277005038,5713.503957214829,1,0.46852,0.46605993344447566,0.47122607321107673,0.47261,0.48252,23.569001068739027,0.0009473104349090315,NZDCHF_merged,32.60005472299496
2025-08-20 13:00:00,2025-08-25 01:00:00,-1.1,30.0,0.8093936256009758,11562.766080013942,-1,1.10392,1.1067841589539067,1.09962376156914,1.08944,1.0989,60.394720755112814,0.001306464843564172,AUDNZD_merged,-33.809393625600975
2025-08-20 13:00:00,2025-08-25 02:00:00,1.5,30.0,0.47612532976790234,6801.790425255748,1,0.46852,0.4664535440933596,0.4716196838599606,0.4723,0.49839,21.901407697988013,0.0009473104349090315,NZDCHF_merged,44.5238746702321
2025-08-20 20:00:00,2025-08-25 11:00:00,1.5,30.0,0.7296452582663436,10423.503689519195,-1,1.99901,2.004763372549798,1.9903799411753027,1.92813,1.96766,67.45911292983965,0.002726151127461793,EURNZD_merged,44.270354741733655
2025-08-26 01:00:00,2025-08-27 10:00:00,-1.1,60.0,2.244482533614931,32064.036194499015,-1,1.10925,1.1113256900221882,1.1061364649667178,1.08944,1.0989,63.73870633832399,0.0009492506900831932,AUDNZD_merged,-68.24448253361493
2025-08-27 14:00:00,2025-08-27 17:00:00,1.5,29.999999999999996,1.5240724472816707,21772.4635325953,-1,1.1105,1.1120301437960902,1.1082047843058649,1.08944,1.0989,61.06473002886343,0.0007101656241215141,AUDNZD_merged,43.475927552718325
2025-08-20 13:00:00,2025-08-28 12:00:00,1.5,30.0,0.5638493335482301,8054.990479260431,-1,2.30906,2.317659861188956,2.2961602082165666,2.22922,2.26901,56.771990753897,0.0038933739951165034,GBPNZD_merged,44.43615066645177
2025-08-28 00:00:00,2025-08-31 21:00:00,1.5,30.0,1.2726557033282981,18180.795761832833,-1,1.11073,1.1125628075644496,1.1079807886533257,1.08944,1.0989,56.8533206875292,0.0008482822563892782,AUDNZD_merged,43.7273442966717
2025-09-01 04:00:00,2025-09-02 03:00:00,-1.1,60.0,1.8751898417948265,26788.426311354666,-1,1.98655,1.9909994215007127,1.979875867748931,1.92813,1.96766,53.27687498335691,0.002189574132968209,EURNZD_merged,-67.87518984179482
2025-09-02 05:00:00,2025-09-02 10:00:00,1.1,60.0,1.2571517270102472,17959.310385860677,-1,107.807,108.16717084515075,107.41081207033419,105.94,107.753,73.04017815205202,0.14263488534170612,CADJPY_merged,64.74284827298975
2025-09-02 06:00:00,2025-09-02 17:00:00,1.5,30.0,1.509654024145002,21566.486059214316,-1,1.11152,1.113066176781347,1.1092007348279795,1.08944,1.0989,66.38373280518229,0.0007208264679425532,AUDNZD_merged,43.490345975855
2025-09-03 00:00:00,2025-09-03 07:00:00,-1.1,30.0,1.2355699939773086,17650.999913961554,-1,1.1125,1.1143908277243604,1.1096637584134597,1.08944,1.0989,57.20790664082428,0.0008782231434246345,AUDNZD_merged,-34.23556999397731
2025-09-02 10:00:00,2025-09-04 10:00:00,-1.1,29.999999999999996,0.5363857827173021,7662.654038818602,1,0.58566,0.5833670868773414,0.5890993696839878,0.58562,0.59956,43.760614629894064,0.0011138731494748904,NZDUSD_merged,-33.5363857827173
2025-09-03 11:00:00,2025-09-04 11:00:00,-1.1,29.999999999999996,1.306495043914413,18664.214913063042,-1,1.11374,1.1155301744142805,1.111054738378579,1.08944,1.0989,59.05005291983541,0.0008315737206002925,AUDNZD_merged,-34.30649504391441
2025-09-03 10:00:00,2025-09-04 17:00:00,1.5,30.0,0.8362458061209873,11946.368658871248,-1,0.90204,0.9043052239163827,0.8986421641254259,0.89027,0.9027,66.9610717970327,0.0010830581943188878,AUDCAD_merged,44.163754193879015
2025-09-04 16:00:00,2025-09-05 08:00:00,1.5,29.999999999999996,1.5364292986516284,21948.98998073755,-1,1.11489,1.1164138377724602,1.1126042433413095,1.08944,1.0989,58.82900077020638,0.0007073772463259856,AUDNZD_merged,43.46357070134837
2025-09-07 17:00:00,2025-09-07 21:00:00,-1.1,30.0,0.7665090874837389,10950.129821196271,-1,0.90561,0.9080910938722763,0.9018883591915856,0.89027,0.9027,59.913216611674656,0.0012013680387616286,AUDCAD_merged,-33.76650908748374
2025-09-05 11:00:00,2025-09-08 03:00:00,-1.1,30.0,0.5728620169792007,8183.743099702868,-1,0.65568,0.6580835945117479,0.6520746082323783,0.64068,0.65684,62.879964109790684,0.001168528185466723,AUDUSD_merged,-33.5728620169792
2025-09-12 02:00:00,2025-09-12 05:00:00,-1.1,15.0,0.42061763326857043,6008.823332408149,-1,98.11,98.3549148391604,97.7426277412594,94.399,97.432,64.75937205966713,0.11686710575119753,AUDJPY_merged,-16.92061763326857
2025-09-16 07:00:00,2025-09-16 10:00:00,-1.1,15.0,0.5948563407106183,8497.947724437405,-1,1.62506,1.6279284455106615,1.6207573317340074,1.60128,1.62248,57.73765697247792,0.0013790745455306806,EURCAD_merged,-17.094856340710617
2025-09-16 20:00:00,2025-09-17 13:00:00,1.3,30.0,1.1519515291602729,16456.450416575328,1,1.07294,1.0709840374937976,1.0754827512580631,1.0728,1.09599,32.286273572651005,0.0010023500970162075,GBPCHF_merged,37.84804847083973
2025-09-16 20:00:00,2025-09-18 01:00:00,1.2,60.0,1.9897344594586526,28424.777992266467,1,1.07294,1.0706752013086078,1.0756577584296707,1.0728,1.09599,32.286273572651005,0.0010023500970162075,GBPCHF_merged,70.01026554054135
2025-09-16 20:00:00,2025-09-18 01:00:00,1.1,60.0,1.7509663243236142,25013.80463319449,1,1.07294,1.0703663651234179,1.0757709983642403,1.0728,1.09599,29.74250619622838,0.0010023500970162075,GBPCHF_merged,64.24903367567639
2025-09-18 13:00:00,2025-09-23 21:00:00,-1.1,15.0,0.39930884868024974,5704.412124003568,-1,1.12517,1.1281286834950057,1.1207319747574913,1.08944,1.0989,61.24861752832748,0.0013482614093563042,AUDNZD_merged,-16.89930884868025
2025-09-24 13:00:00,2025-09-24 17:00:00,1.5,15.0,0.5492200821958062,7846.001174225804,-1,1.13174,1.1339036626891883,1.1284945059662175,1.10601,1.0989,66.83623884899076,0.0009960073115458685,AUDNZD_merged,21.950779917804194
2025-09-24 18:00:00,2025-09-24 21:00:00,-1.1,30.0,1.014501624804799,14492.880354354274,-1,1.13163,1.1339724536165303,1.1281163195752042,1.10601,1.0989,64.47371530179986,0.0010850645243161824,AUDNZD_merged,-34.0145016248048
2025-09-24 21:00:00,2025-09-25 08:00:00,-1.1,30.0,1.5534895417182395,22192.707738831996,-1,1.38917,1.3910478736011145,1.3863531895983283,1.372,1.38911,63.178867735068856,0.0008632094154587604,USDCAD_merged,-34.55348954171824
2025-09-24 14:00:00,2025-09-25 09:00:00,-1.1,15.0,0.7161758327260428,10231.083324657755,-1,1.39003,1.3920679513428211,1.3875844583886148,1.372,1.38911,74.80809770429016,0.0010467055434839553,USDCAD_merged,-17.216175832726044
2025-09-24 14:00:00,2025-09-25 09:00:00,-1.1,60.0,2.864703330904171,40924.33329863102,-1,1.39003,1.3920679513428211,1.3873806632543328,1.372,1.38911,75.87952402646697,0.0010467055434839553,USDCAD_merged,-68.86470333090418
2025-09-24 14:00:00,2025-09-25 11:00:00,-1.1,90.0,3.265761797230756,46653.73996043937,-1,1.39003,1.3927115149247646,1.387080333582759,1.372,1.38911,75.87952402646697,0.0010467055434839553,USDCAD_merged,-102.26576179723077
2025-09-25 16:00:00,2025-09-28 20:00:00,1.1,60.0,1.346661956385017,19238.027948357387,-1,149.77,150.23710608925836,149.25618330181584,145.481,149.136,74.84393208411291,0.1782108331531005,USDJPY_merged,64.65333804361498
2025-09-25 16:00:00,2025-09-28 20:00:00,1.3,30.0,0.8859618134111956,12656.597334445652,-1,149.77,150.12500062783636,149.30849918381276,146.213,149.136,74.84393208411291,0.1782108331531005,USDJPY_merged,38.11403818658881
2025-09-26 07:00:00,2025-09-28 21:00:00,-1.1,15.0,0.5015874458215913,7165.534940308447,-1,2.02547,2.029710025378858,2.019109961931713,1.9621,2.00328,61.5862314199582,0.0019355554396309775,EURNZD_merged,-17.001587445821592
2025-10-01 05:00:00,2025-10-01 08:00:00,-1.1,60.0,1.6895106403523485,24135.86629074784,1,105.728,105.46516791750575,106.06968170724252,105.976,108.03,28.58503671568246,0.1363803410686172,CADJPY_merged,-67.68951064035235
2025-10-01 05:00:00,2025-10-01 08:00:00,-1.1,60.0,2.140046811112975,30572.097301613932,1,105.728,105.52050098750453,106.03924851874318,105.94,108.03,27.324028459403866,0.1363803410686172,CADJPY_merged,-68.14004681111298
2025-10-01 12:00:00,2025-10-02 02:00:00,0.6213826163089421,30.0,0.9360862807858297,13372.661154083282,1,105.452,105.21543078138684,105.80685382791974,105.94,108.03,30.020349370598137,0.15573332580814447,CADJPY_merged,17.705392208482433
2025-10-01 12:00:00,2025-10-02 02:00:00,0.46603696223170654,90.0,2.1061941317681163,30088.48759668738,1,105.452,105.13657437518246,105.83051074978106,105.976,108.03,29.749349611805844,0.15573332580814447,CADJPY_merged,39.837132469085475
2025-10-01 12:00:00,2025-10-02 02:00:00,0.4236699656651877,90.0,1.9147219379710148,27353.17054244307,1,105.452,105.1050318127007,105.86836182475915,105.976,108.03,30.50085983425546,0.15573332580814447,CADJPY_merged,36.215574971895876
2025-10-01 12:00:00,2025-10-02 02:00:00,0.49056522340179637,15.000000000000002,0.36950774241545903,5278.682034506558,1,105.452,105.15234565642334,105.811585212292,105.976,108.03,29.850042942670722,0.15573332580814447,CADJPY_merged,6.988970608611487
2025-10-01 12:00:00,2025-10-02 02:00:00,0.49056522340179637,30.000000000000004,0.7390154848309181,10557.364069013116,1,105.452,105.15234565642334,105.84155064664967,105.976,108.03,30.50085983425546,0.15573332580814447,CADJPY_merged,13.977941217222973
2025-10-01 12:00:00,2025-10-02 02:00:00,0.37282956978536524,60.0,1.1233035369429956,16047.193384899938,1,105.452,105.05771796897807,105.88571023412412,105.976,108.03,29.749349611805844,0.15573332580814447,CADJPY_merged,21.24647065017892
2025-10-01 12:00:00,2025-10-02 02:00:00,0.49056522340179637,30.000000000000004,0.7390154848309181,10557.364069013116,1,105.452,105.15234565642334,105.84155064664967,105.976,108.03,29.749349611805844,0.15573332580814447,CADJPY_merged,13.977941217222973
2025-10-02 08:00:00,2025-10-03 12:00:00,1.2,15.0,0.2886995815400058,4124.279736285797,1,197.823,197.10351800805532,198.68637839033363,197.855,201.522,45.14588770992933,0.25641109274478363,GBPJPY_merged,17.711300418459995
2025-10-06 09:00:00,2025-10-06 13:00:00,-1.1,15.0,0.2596950362110135,3709.9290887287643,-1,99.002,99.40228527890511,98.52165766531385,94.399,98.422,71.0977716112835,0.20327530806309002,AUDJPY_merged,-16.759695036211014
2025-10-06 09:00:00,2025-10-06 14:00:00,-1.1,15.0,0.24732860591525094,3533.2657987892994,-1,99.002,99.42229954285037,98.58170045714962,94.399,98.222,70.52575636997443,0.20327530806309002,AUDJPY_merged,-16.74732860591525
2025-10-06 09:00:00,2025-10-06 14:00:00,-1.1,15.0,0.24732860591525094,3533.2657987892994,-1,99.002,99.42229954285037,98.37155068572443,94.399,98.422,70.1571374700686,0.20327530806309002,AUDJPY_merged,-16.74732860591525
2025-10-06 09:00:00,2025-10-06 20:00:00,-1.1,15.0,0.1854964544364382,2649.9493490919745,-1,99.002,99.56239939046716,98.3295207314394,94.399,98.422,70.52575636997443,0.20327530806309002,AUDJPY_merged,-16.68549645443644
2025-10-06 09:00:00,2025-10-06 20:00:00,-1.1,15.0,0.1791000249731127,2558.5717853301817,-1,99.002,99.58241365441242,98.30550361470509,94.399,98.222,71.25034228565397,0.20327530806309002,AUDJPY_merged,-16.679100024973113
2025-10-06 09:00:00,2025-10-06 20:00:00,-1.1,15.0,0.1854964544364382,2649.9493490919745,-1,99.002,99.56239939046716,98.21744085334596,94.399,98.422,70.52575636997443,0.20327530806309002,AUDJPY_merged,-16.68549645443644
2025-10-06 09:00:00,2025-10-06 20:00:00,-1.1,60.0,0.6925200965627026,9893.144236610038,-1,99.002,99.60242791835768,98.28148649797079,94.399,98.422,71.0977716112835,0.20327530806309002,AUDJPY_merged,-66.6925200965627
2025-10-06 09:00:00,2025-10-06 20:00:00,-1.1,15.0,0.17313002414067566,2473.2860591525096,-1,99.002,99.60242791835768,98.28148649797079,94.399,98.422,70.1571374700686,0.20327530806309002,AUDJPY_merged,-16.673130024140676
2025-10-06 09:00:00,2025-10-07 04:00:00,-1.1,30.0,0.33125193151246723,4732.170450178104,-1,149.782,150.73155582164858,148.64253301402172,145.481,149.136,65.96152325328828,0.31741013527218015,USDJPY_merged,-33.33125193151247
2025-10-06 07:00:00,2025-10-07 10:00:00,-1.1,15.0,0.18298916622680908,2614.130946097273,-1,107.688,108.30591854857599,106.76112217713602,105.976,107.623,77.45262948538095,0.19947478884494813,CADJPY_merged,-16.682989166226807
2025-10-06 07:00:00,2025-10-07 12:00:00,-1.1,15.0,0.17928634777858274,2561.2335396940393,-1,99.109,99.68943711241482,98.35443175386072,94.399,98.422,74.91062710173163,0.19023053479506347,AUDJPY_merged,-16.679286347778582
2025-10-08 06:00:00,2025-10-08 12:00:00,1.2,15.0,0.32534155563949235,4647.736509135605,-1,2.32607,2.333577105863557,2.3170614729637315,2.26882,2.32141,56.2141022328936,0.0037518705795086395,GBPNZD_merged,17.674658444360507
2025-10-08 06:00:00,2025-10-08 17:00:00,1.5,15.0,0.3098491006090403,4426.41572298629,-1,2.32607,2.333952461156735,2.314246308264898,2.26882,2.32141,56.66889797866404,0.0037518705795086395,GBPNZD_merged,22.19015089939096
2025-10-08 06:00:00,2025-10-08 21:00:00,1.2,15.0,0.23238682545678024,3319.811792239718,-1,2.32607,2.3365799482089797,2.3134580621492242,2.26882,2.32141,56.6072598315757,0.0037518705795086395,GBPNZD_merged,17.76761317454322
2025-10-08 06:00:00,2025-10-08 21:00:00,1.2,14.999999999999998,0.22437348664792567,3205.3355235417957,-1,2.32607,2.3369553035021577,2.313007635797411,2.26882,2.32551,55.194616990267754,0.0037518705795086395,GBPNZD_merged,17.77562651335207
2025-10-08 06:00:00,2025-10-08 21:00:00,1.2,15.0,0.21689437042632823,3098.4910060904035,-1,2.32607,2.3373306587953357,2.3125572094455973,2.26882,2.32141,56.66889797866404,0.0037518705795086395,GBPNZD_merged,17.783105629573672
2025-10-08 06:00:00,2025-10-08 23:00:00,1.4,15.0,0.23238682545678024,3319.811792239718,-1,2.32607,2.3365799482089797,2.3113560725074285,2.26882,2.32141,56.6072598315757,0.0037518705795086395,GBPNZD_merged,20.76761317454322
2025-10-08 09:00:00,2025-10-09 02:00:00,-1.1,30.0,0.5997423999757742,8567.74857108249,-1,152.505,153.03899676263165,151.7040048560525,145.481,149.136,70.01248382393257,0.256692446061615,USDJPY_merged,-33.599742399975774
2025-10-08 09:00:00,2025-10-09 02:00:00,-1.1,30.0,0.6297295199745631,8996.135999636615,-1,152.505,153.01356834536347,151.89471798556383,145.481,149.136,69.2424744843876,0.256692446061615,USDJPY_merged,-33.62972951997456
2025-10-08 16:00:00,2025-10-09 03:00:00,-1.1,15.0,0.36843524931723626,5263.360704531947,-1,109.416,109.72782358423332,108.94826462365,105.976,108.03,69.96998349596444,0.14166689098752525,CADJPY_merged,-16.868435249317237
2025-10-09 03:00:00,2025-10-09 07:00:00,-1.1,30.0,0.6875508083464164,9822.154404948806,1,2.03242,2.0262123394923135,2.039869192609224,2.03401,2.10039,34.330289873925906,0.0022642758714267776,GBPAUD_merged,-33.687550808346415
2025-10-08 07:00:00,2025-10-09 11:00:00,-1.1,14.999999999999998,0.17778417409440544,2539.7739156343637,1,0.57733,0.5739202673672287,0.5814216791593256,0.57995,0.6007,43.466088208020274,0.0011003934339530433,NZDUSD_merged,-16.677784174094406
2025-10-08 07:00:00,2025-10-09 11:00:00,-1.1,14.999999999999998,0.17778417409440544,2539.7739156343637,1,0.57733,0.5739202673672287,0.5817626524226028,0.57995,0.6007,43.05138285081051,0.0011003934339530433,NZDUSD_merged,-16.677784174094406
2025-10-08 09:00:00,2025-10-09 11:00:00,-1.1,30.0,0.44980679998183076,6425.811428311868,-1,152.505,153.21699568350886,151.50820604308757,145.481,149.136,69.85822913093006,0.256692446061615,USDJPY_merged,-33.44980679998183
2025-10-08 09:00:00,2025-10-09 11:00:00,-1.1,60.0,0.8996135999636615,12851.622856623737,-1,152.505,153.21699568350886,151.65060517978935,145.481,149.136,69.85822913093006,0.256692446061615,USDJPY_merged,-66.89961359996366
2025-10-08 07:00:00,2025-10-10 02:00:00,1.5,15.0,0.22487665246197122,3212.523606599589,-1,109.513,110.02434098956515,108.7459885156523,105.976,107.623,77.79986392020676,0.16955792534159045,CADJPY_merged,22.275123347538027
2025-10-08 11:00:00,2025-10-10 02:00:00,1.2,15.0,0.24629895791412337,3518.5565416303343,-1,109.327,109.79307322650558,108.7677121281933,105.976,108.03,72.49967618190998,0.16549367205542567,CADJPY_merged,17.753701042085876
2025-10-08 09:00:00,2025-10-10 02:00:00,1.2,60.0,0.9208347869194267,13154.782670277526,-1,109.417,109.91605955609843,108.81812853268188,105.976,107.623,72.8627390632892,0.16779739480984224,CADJPY_merged,71.07916521308057
2025-10-08 15:00:00,2025-10-10 02:00:00,1.2,30.0,0.49495306350112367,7070.758050016053,-1,109.424,109.88826705266666,108.86687953680001,105.976,108.03,69.9125852305157,0.14848742106348894,CADJPY_merged,35.50504693649888
2025-10-10 09:00:00,2025-10-10 11:00:00,1.2,30.0,0.5116400097757903,7309.142996797004,1,1.3279,1.3224497030202507,1.3344403563756995,1.33235,1.37261,36.40819612436064,0.0017819966842081857,GBPUSD_merged,35.48835999022421
2025-10-09 11:00:00,2025-10-10 11:00:00,1.2,30.0,0.5325945584880164,7608.493692685949,1,2.03116,2.0231512137065213,2.040770543552174,2.03401,2.10039,44.203601299833,0.0026210529003623377,GBPAUD_merged,35.467405441511985
2025-10-09 19:00:00,2025-10-10 11:00:00,1.2,30.0,0.5771275146294204,8244.678780420292,1,1.15645,1.1522420131367166,1.1614995842359401,1.16454,1.19186,35.57905794485765,0.0013710435529210576,EURUSD_merged,35.42287248537058
2025-10-09 19:00:00,2025-10-10 11:00:00,1.3,15.0,0.2885637573147102,4122.339390210146,1,1.15645,1.1522420131367166,1.1619203829222684,1.1574,1.19186,35.79410401643907,0.0013710435529210576,EURUSD_merged,19.21143624268529
2025-10-10 08:00:00,2025-10-10 11:00:00,1.3,29.999999999999996,0.5069284921652084,7241.835602360121,1,1.32719,1.3216919878679623,1.3343374157716494,1.33235,1.37261,37.00701289858376,0.0018167656599165035,GBPUSD_merged,38.49307150783479
2025-10-08 07:00:00,2025-10-10 14:00:00,-1.1,60.0,0.8487995388295266,12125.707697564667,1,0.80508,0.8010963314830934,0.8106571359236692,0.80403,0.82706,39.98763359958644,0.0013782574163210737,NZDCAD_merged,-66.84879953882952
2025-10-08 07:00:00,2025-10-10 16:00:00,-1.1,15.0,0.19805322572688955,2829.3317960984223,1,0.80508,0.8008117837318859,0.8106286811485485,0.80403,0.82706,40.116859733087765,0.0013782574163210737,NZDCAD_merged,-16.69805322572689
2025-10-14 10:00:00,2025-10-14 21:00:00,1.2,59.99999999999999,0.8409555862882394,12013.651232689135,1,0.90712,0.9025895538478841,0.9125565353825392,0.90701,0.92263,46.23505843960149,0.0016358523804168533,AUDCAD_merged,71.15904441371174
2025-10-14 09:00:00,2025-10-14 22:00:00,1.3,60.0,0.9420032113737921,13457.188733911316,1,0.56914,0.5666024417718132,0.5724388256966428,0.57995,0.6007,38.377830063046666,0.0008511489753911613,NZDUSD_merged,77.05799678862621
2025-10-14 08:00:00,2025-10-15 02:00:00,1.5,60.00000000000001,0.9274518126407617,13249.31160915374,1,0.5688,0.5662241680619526,0.572663747907071,0.57538,0.6007,32.24743231781263,0.000845852742728949,NZDUSD_merged,89.07254818735925
2025-10-14 10:00:00,2025-10-15 02:00:00,1.2,30.000000000000004,0.46856427197919825,6693.775313988547,1,0.56974,0.5671865530738266,0.5728041363114083,0.57995,0.6007,47.109240810104076,0.0009039240485775056,NZDUSD_merged,35.5314357280208
2025-10-16 02:00:00,2025-10-16 12:00:00,-1.1,30.0,0.5971637426980588,8530.91060997227,1,0.56709,0.5650957580277406,0.5694830903667113,0.57781,0.57805,40.708665578819875,0.0006701225152231701,CADCHF_merged,-33.59716374269806
2025-10-15 23:00:00,2025-10-16 14:00:00,-1.1,60.0,1.1094832345323111,15849.760493318732,1,0.56646,0.56431563952122,0.5690332325745359,0.57781,0.57805,33.819571260740396,0.0006937306243842748,CADCHF_merged,-67.1094832345323
2025-10-16 01:00:00,2025-10-16 14:00:00,-1.1,30.0,0.5903854080563538,8434.07725794791,1,0.5668,0.5647838932606437,0.5694209387611631,0.57781,0.57805,36.44827161419507,0.0006647473240864767,CADCHF_merged,-33.590385408056356
2025-10-15 23:00:00,2025-10-16 14:00:00,-1.1,60.0,1.1094832345323111,15849.760493318732,1,0.56646,0.56431563952122,0.5696765407181699,0.56926,0.57805,30.717048405438955,0.0006937306243842748,CADCHF_merged,-67.1094832345323
2025-10-16 01:00:00,2025-10-16 19:00:00,-1.1,60.00000000000001,0.6572355099818534,9389.078714026478,1,0.51625,0.5129509542742755,0.5211985685885867,0.52017,0.53089,36.80822026102368,0.0010789903436766394,AUDCHF_merged,-66.65723550998187
2025-10-16 01:00:00,2025-10-16 19:00:00,-1.1,60.00000000000001,0.6572355099818534,9389.078714026478,1,0.51625,0.5129509542742755,0.5205387594434419,0.52017,0.53089,37.974801172896605,0.0010789903436766394,AUDCHF_merged,-66.65723550998187
2025-10-16 01:00:00,2025-10-16 19:00:00,-1.1,60.00000000000001,0.6572355099818534,9389.078714026478,1,0.51625,0.5129509542742755,0.5202088548708694,0.52017,0.53089,37.667931552804674,0.0010789903436766394,AUDCHF_merged,-66.65723550998187
2025-10-16 01:00:00,2025-10-16 22:00:00,-1.1,60.0,0.8339546170900712,11913.63738700102,-1,2.06652,2.07692750158598,2.0540309980968243,2.02907,2.05502,67.28167902428544,0.003481022675313683,GBPAUD_merged,-66.83395461709007
2025-10-17 01:00:00,2025-10-17 03:00:00,-1.1,15.000000000000002,0.17645493122384745,2520.7847317692494,1,0.51165,0.5086054123748547,0.5159124226752035,0.51612,0.53089,29.802595068546246,0.001062541814461474,AUDCHF_merged,-16.67645493122385
2025-10-14 11:00:00,2025-10-17 03:00:00,-1.1,60.0,0.665290367435836,9504.14810622623,1,0.64842,0.6443265031852237,0.6537415458592093,0.652,0.66286,47.385512256291285,0.001357034728383167,AUDUSD_merged,-66.66529036743583
2025-10-14 11:00:00,2025-10-17 03:00:00,-1.1,60.0,0.665290367435836,9504.14810622623,1,0.64842,0.6443265031852237,0.6533321961777316,0.652,0.66286,47.99239615434098,0.001357034728383167,AUDUSD_merged,-66.66529036743583
2025-10-17 01:00:00,2025-10-17 07:00:00,1.2,30.0,0.4258837411935573,6084.053445622248,-1,1.80855,1.8174678210686233,1.7978486147176522,1.75909,1.79311,72.5086512019184,0.0030354599480813442,EURAUD_merged,35.57411625880644
2025-10-17 01:00:00,2025-10-17 07:00:00,1.2,30.000000000000004,0.441093874807613,6301.341068680186,-1,1.80855,1.8171603099972915,1.7982176280032505,1.75909,1.79311,69.55194327011502,0.0030354599480813442,EURAUD_merged,35.55890612519239
2025-10-17 01:00:00,2025-10-17 08:00:00,1.2,30.0,0.8438623185725351,12055.175979607646,-1,1.64395,1.6480410642933314,1.6390407228480022,1.6169,1.64029,73.41039799393302,0.0015231590768701403,EURCAD_merged,35.15613768142747
2025-10-17 01:00:00,2025-10-17 08:00:00,1.2,30.0,0.8147636179321028,11639.4802561729,-1,1.64395,1.648187173732379,1.6388653915211453,1.6169,1.64029,76.71772069908113,0.0015231590768701403,EURCAD_merged,35.1852363820679
2025-10-17 01:00:00,2025-10-17 08:00:00,1.2,15.0,0.39380241533384974,5625.748790483568,-1,1.64395,1.6483332831714266,1.6386900601942882,1.6169,1.64029,74.95147129865427,0.0015231590768701403,EURCAD_merged,17.606197584666152
2025-10-17 01:00:00,2025-10-17 08:00:00,1.2,30.0,0.7876048306676995,11251.497580967136,-1,1.64395,1.6483332831714266,1.6386900601942882,1.6169,1.64029,72.70473939350113,0.0015231590768701403,EURCAD_merged,35.212395169332304
2025-10-17 05:00:00,2025-10-17 10:00:00,1.5,14.999999999999998,0.48418654113144566,6916.950587592081,-1,1.64333,1.646893701907054,1.637984447139419,1.6169,1.64029,61.286359215101086,0.0017322151289694534,EURCAD_merged,22.01581345886855
2025-10-17 01:00:00,2025-10-17 14:00:00,1.2,30.0,0.41168761648710545,5881.251664101507,-1,1.80855,1.8177753321399552,1.797479601432054,1.75909,1.79311,68.94200461933644,0.0030354599480813442,EURAUD_merged,35.58831238351289
2025-10-17 07:00:00,2025-10-17 14:00:00,1.0,15.0,0.461336084230779,6590.515489011129,-1,1.6403,1.6440333195014905,1.6365666804985097,1.6169,1.64029,52.94447480614166,0.0018457875346726488,EURCAD_merged,14.53866391576922
2025-10-17 07:00:00,2025-10-17 16:00:00,1.5,30.0,0.5339535291960859,7627.907559944084,-1,1.80444,1.8115367299452168,1.793794905082175,1.75909,1.79311,53.90903008862699,0.0037780098397216743,EURAUD_merged,44.46604647080392
2025-10-17 08:00:00,2025-10-20 10:00:00,-1.1,60.0,1.2626189566910566,18037.413667015095,1,0.92483,0.9217536276871848,0.9285216467753783,0.93007,0.93726,41.405866037980545,0.0010350676206332845,EURCHF_merged,-67.26261895669106
2025-10-17 08:00:00,2025-10-20 10:00:00,-1.1,60.0,1.2626189566910566,18037.413667015095,1,0.92483,0.9217536276871848,0.9288292840066599,0.93007,0.93726,41.26758409818271,0.0010350676206332845,EURCHF_merged,-67.26261895669106
2025-10-17 08:00:00,2025-10-20 10:00:00,-1.1,90.0,1.8939284350365848,27056.120500522644,1,0.92483,0.9217536276871848,0.9294445584692229,0.93007,0.93726,42.47377986203756,0.0010350676206332845,EURCHF_merged,-100.8939284350366
2025-10-28 18:00:00,2025-10-28 19:00:00,-1.1,30.0,0.8377143097759241,11967.347282513203,1,2.01608,2.0110260478941413,2.023660928158788,2.02406,2.08487,27.909230454257983,0.002338312155651787,GBPAUD_merged,-33.837714309775926
2025-10-28 14:00:00,2025-10-28 19:00:00,-1.1,15.0,0.40886190520406596,5840.884360058086,1,2.01513,2.0099549360650415,2.0213400767219505,2.02406,2.10039,22.11270980596246,0.0024819939698021605,GBPAUD_merged,-16.908861905204066
2025-10-28 17:00:00,2025-10-28 22:00:00,-1.1,59.99999999999999,1.2086541226711807,17266.487466731152,1,2.01585,2.008845043130049,2.024255948243941,2.02406,2.10039,26.987136350349278,0.0024066438599327144,GBPAUD_merged,-67.20865412267118
2025-10-28 15:00:00,2025-10-28 22:00:00,-1.1,60.0,1.1760296987838048,16800.42426834007,1,2.01543,2.0082322174875737,2.0240673390149113,2.02406,2.08487,19.180550095523593,0.0024611372576734446,GBPAUD_merged,-67.17602969878381
2025-10-29 05:00:00,2025-10-29 07:00:00,-1.1,30.0,0.8959808646981722,12799.726638545319,1,1.84305,1.838730259308547,1.8495296110371797,1.85595,1.89143,27.235693988317227,0.0020536608499622457,GBPCAD_merged,-33.895980864698174
2025-10-29 05:00:00,2025-10-29 08:00:00,-1.1,30.0,0.6719856485236292,9599.794978908989,1,1.84305,1.8372903457447294,1.849961585106325,1.85595,1.88399,26.577086382468377,0.0020536608499622457,GBPCAD_merged,-33.67198564852363
2025-10-29 11:00:00,2025-10-29 13:00:00,-1.1,30.0,0.7833259732361307,11190.37104623044,1,1.83968,1.834748045574897,1.8470779316376544,1.85595,1.89143,26.89428940429303,0.002321510460079532,GBPCAD_merged,-33.78332597323613
2025-10-29 12:00:00,2025-10-29 13:00:00,-1.1,90.0,2.104228676903616,30060.409670051653,1,1.61996,1.615109886458625,1.6257801362496502,1.61729,1.64671,33.540359779754766,0.0016333684770923125,EURCAD_merged,-101.10422867690363
2025-10-29 10:00:00,2025-10-29 16:00:00,1.0,30.0,1.0853197785764437,15504.568265377768,-1,0.88074,0.8824441558041317,0.8790358441958682,0.86533,0.8751,72.22228132736356,0.0008171097093099483,EURGBP_merged,28.914680221423556
2025-10-29 03:00:00,2025-10-30 21:00:00,1.5,30.0,0.7561004549268306,10801.435070383295,1,2.28549,2.2791422601345817,2.2950116097981272,2.30336,2.35207,30.335077813763416,0.003100395178586385,GBPNZD_merged,44.24389954507317
2025-10-29 10:00:00,2025-10-31 09:00:00,1.2,15.000000000000002,0.569792883752633,8139.898339323329,-1,0.88074,0.8823630055277445,0.8787923933667066,0.86533,0.8751,72.91184797610484,0.0008171097093099483,EURGBP_merged,17.430207116247367
2025-10-29 13:00:00,2025-10-31 12:00:00,1.2,30.0,0.8033283401982609,11476.119145689443,-1,0.8805,0.8828017362981911,0.8777379164421706,0.86533,0.8751,68.55023076512168,0.0008733309152164577,EURGBP_merged,35.19667165980174
2025-10-29 10:00:00,2025-10-31 12:00:00,1.2,30.0,0.7859212189691489,11227.445985273556,-1,0.88074,0.8830933580152295,0.8779159703817245,0.86533,0.8751,73.39540268828657,0.0008171097093099483,EURGBP_merged,35.21407878103085
2025-10-29 10:00:00,2025-10-31 12:00:00,1.4,30.0,0.8139898339323328,11628.426199033327,-1,0.88074,0.8830122077388423,0.8775589091656207,0.86533,0.8751,72.22228132736356,0.0008171097093099483,EURGBP_merged,41.18601016606767
2025-10-29 10:00:00,2025-10-31 12:00:00,1.3,30.0,0.7597238450035104,10853.197785764436,-1,0.88074,0.8831745082916167,0.8775751392208982,0.86533,0.8751,72.58218853528395,0.0008171097093099483,EURGBP_merged,38.24027615499649
2025-10-29 10:00:00,2025-10-31 12:00:00,1.2,60.0,1.5194476900070208,21706.395571528872,-1,0.88074,0.8831745082916167,0.8778185900500599,0.86533,0.8751,72.91184797610484,0.0008171097093099483,EURGBP_merged,70.48055230999297
2025-10-29 13:00:00,2025-10-31 12:00:00,1.2,90.0,2.2493193525551303,32133.13360793043,-1,0.8805,0.8829661460337762,0.8775406247594685,0.86533,0.8751,68.46751805538099,0.0008733309152164577,EURGBP_merged,105.75068064744487
2025-10-28 22:00:00,2025-10-31 13:00:00,1.2,90.00000000000001,2.1582737773856984,30832.482534081406,1,1.05262,1.0495474027838891,1.0563071166593327,1.06522,1.07791,31.146855441136708,0.0010017562811771173,GBPCHF_merged,105.84172622261431
2025-10-29 04:00:00,2025-10-31 13:00:00,1.2,60.00000000000001,1.3369628951405725,19099.46993057961,1,1.05229,1.0489842852220777,1.0562568577335067,1.06522,1.07791,36.59814327659038,0.0011010545741188158,GBPCHF_merged,70.66303710485943
2025-10-29 03:00:00,2025-10-31 13:00:00,1.3,30.0,0.6730139728753467,9614.485326790667,1,1.05217,1.048886922546853,1.0564380006890912,1.06522,1.07791,35.247769808184145,0.0011019049259741065,GBPCHF_merged,38.326986027124654
2025-10-29 03:00:00,2025-10-31 13:00:00,1.4,30.0,0.7210863995093002,10301.234278704289,1,1.05217,1.0491057943770628,1.0564598878721123,1.06522,1.07791,35.38152281702634,0.0011019049259741065,GBPCHF_merged,41.2789136004907
2025-10-29 07:00:00,2025-10-31 14:00:00,1.5,90.0,2.3859879156124126,34085.5416516059,-1,0.88062,0.8829452028913046,0.8771321956630429,0.86533,0.8751,78.27507285659269,0.0007839913711181149,EURGBP_merged,132.61401208438758
2025-10-28 22:00:00,2025-10-31 15:00:00,1.5,60.00000000000001,1.4388491849237988,20554.98835605427,1,1.05262,1.0495474027838891,1.057228895824166,1.06522,1.07791,26.85680347412237,0.0010017562811771173,GBPCHF_merged,88.56115081507622
2025-10-29 16:00:00,2025-11-03 06:00:00,1.2,30.0,0.6618313907268263,9454.734153240377,1,1.83774,1.8319088259969631,1.8447374088036441,1.85595,1.89143,35.526831596379076,0.0029209022156956722,GBPCAD_merged,35.338168609273175
2025-10-29 07:00:00,2025-11-03 09:00:00,1.5,89.99999999999999,1.6012806429475335,22875.437756393338,1,2.28624,2.2772451295109097,2.299732305733635,2.30336,2.35207,28.082896910513032,0.0030812694370993456,GBPNZD_merged,133.39871935705244
2025-10-29 16:00:00,2025-11-03 10:00:00,1.2,90.0,1.3236627814536526,18909.468306480754,1,1.83774,1.8289932389954446,1.8482361132054663,1.85595,1.89143,35.01397116035122,0.0029209022156956722,GBPCAD_merged,106.67633721854635
2025-10-29 16:00:00,2025-11-03 10:00:00,1.2,90.0,1.3236627814536526,18909.468306480754,1,1.83774,1.8289932389954446,1.8482361132054663,1.85595,1.89143,35.526831596379076,0.0029209022156956722,GBPCAD_merged,106.67633721854635
2025-10-29 15:00:00,2025-11-03 10:00:00,1.2,60.0,0.8752010692530862,12502.872417901232,1,2.28878,2.277796379963745,2.301960344043506,2.30336,2.35207,42.807992548348025,0.003521120487412281,GBPNZD_merged,71.12479893074692
2025-10-29 12:00:00,2025-11-03 10:00:00,1.2,29.999999999999996,0.5938396676243151,8483.4238232045,1,1.83814,1.8316397707117775,1.8459402751458673,1.85595,1.89143,26.21070883214638,0.0022921168557881425,GBPCAD_merged,35.40616033237568
2025-10-29 17:00:00,2025-11-03 10:00:00,1.5,14.999999999999998,0.31478458780963087,4496.922682994727,1,1.83891,1.832776105347039,1.8481108419794414,1.85595,1.89143,35.99856788682538,0.002790123486003111,GBPCAD_merged,22.185215412190367
2025-10-29 16:00:00,2025-11-03 10:00:00,1.2,59.99999999999999,0.9128708837611398,13041.012625159141,1,1.83774,1.8292847976955964,1.847886242765284,1.85595,1.89143,36.453399011519465,0.0029209022156956722,GBPCAD_merged,71.08712911623884
2025-10-29 16:00:00,2025-11-03 11:00:00,1.4,90.0,1.4182101229860566,20260.144614086523,1,1.83774,1.8295763563957483,1.8491691010459521,1.85595,1.88399,35.1076817083042,0.0029209022156956722,GBPCAD_merged,124.58178987701393
2025-10-29 16:00:00,2025-11-03 11:00:00,1.3,90.0,1.3236627814536526,18909.468306480754,1,1.83774,1.8289932389954446,1.8491107893059218,1.85595,1.88399,35.270877073903996,0.0029209022156956722,GBPCAD_merged,115.67633721854635
2025-10-31 11:00:00,2025-11-03 20:00:00,-1.1,90.0,1.7804553080889132,25435.07582984162,1,1.15406,1.1499764501535263,1.159368614800416,1.1542,1.17283,33.64954077458055,0.0013725273334323895,EURUSD_merged,-100.78045530808893
2025-10-31 11:00:00,2025-11-03 20:00:00,-1.1,90.0,1.7804553080889132,25435.07582984162,1,1.15406,1.1499764501535263,1.1589602598157687,1.1542,1.17283,33.03484303174659,0.0013725273334323895,EURUSD_merged,-100.78045530808893
2025-10-30 09:00:00,2025-11-04 03:00:00,-1.1,90.0,1.2031759301758016,17188.227573940025,1,1.31566,1.3087710174396616,1.323926779072406,1.32484,1.34714,36.91075207851493,0.002335875554390451,GBPUSD_merged,-100.20317593017582
2025-10-30 09:00:00,2025-11-04 03:00:00,-1.1,90.0,1.2031759301758016,17188.227573940025,1,1.31566,1.3087710174396616,1.3246156773284399,1.32484,1.37261,37.06165935132592,0.002335875554390451,GBPUSD_merged,-100.20317593017582
2025-11-04 11:00:00,2025-11-04 16:00:00,-1.1,89.99999999999999,1.46714098368625,20959.156909803572,1,0.56664,0.5642068105248954,0.5700464652651465,0.56823,0.6007,31.665351964539045,0.000845496509601016,NZDUSD_merged,-100.46714098368624
2025-11-04 11:00:00,2025-11-04 16:00:00,-1.1,90.0,1.3693315847738332,19561.87978248333,1,0.56664,0.5640330112766737,0.5697683864679917,0.56823,0.6007,32.05099489232811,0.000845496509601016,NZDUSD_merged,-100.36933158477385
2025-11-04 11:00:00,2025-11-04 16:00:00,-1.1,90.0,1.3693315847738332,19561.87978248333,1,0.56664,0.5640330112766737,0.5705504830849896,0.56823,0.58446,30.163728605751455,0.000845496509601016,NZDUSD_merged,-100.36933158477385
2025-11-04 18:00:00,2025-11-04 20:00:00,-1.1,90.0,1.4419953973906228,20599.93424843747,1,200.113,199.23871711235603,201.42442433146596,200.675,205.32,27.40119571992057,0.2880399414136124,GBPJPY_merged,-100.44199539739064
2025-11-04 23:00:00,2025-11-06 02:00:00,1.2,90.0,2.028934111936689,28984.773027666983,1,1.30196,1.2979173117965026,1.3068112258441968,1.32484,1.37261,33.51510402236921,0.0013020225391777772,GBPUSD_merged,105.97106588806331
2025-11-04 23:00:00,2025-11-06 03:00:00,1.4,90.0,2.1738579770750235,31055.113958214624,1,1.30196,1.2981868243434025,1.3072424459192367,1.32484,1.37261,33.27101780495456,0.0013020225391777772,GBPUSD_merged,123.82614202292496
2025-10-29 17:00:00,2025-11-06 07:00:00,1.2,90.0,1.7671129381677844,25244.470545254066,1,1.61735,1.6115839254159021,1.6242692895009176,1.61729,1.64671,37.74895118027826,0.0018561659426970236,EURCAD_merged,106.23288706183222
2025-10-29 15:00:00,2025-11-06 07:00:00,1.2,90.0,1.7354239797163045,24791.771138804354,1,1.61766,1.6117875111332356,1.6247069866401174,1.61729,1.64671,36.28504551826664,0.001939103696855672,EURCAD_merged,106.2645760202837
2025-10-29 15:00:00,2025-11-06 08:00:00,1.4,60.0,1.2395885569402176,17708.407956288826,1,1.61766,1.61217901039102,1.6253333854525722,1.61729,1.62248,35.88869896776237,0.001939103696855672,EURCAD_merged,82.76041144305978
2025-10-29 15:00:00,2025-11-06 08:00:00,1.3,60.0,1.1569493198108696,16527.847425869568,1,1.61766,1.6117875111332356,1.6252942355267939,1.61729,1.64029,35.490365651507496,0.001939103696855672,EURCAD_merged,76.84305068018914
2025-10-29 15:00:00,2025-11-06 09:00:00,1.5,90.0,1.7354239797163045,24791.771138804354,1,1.61766,1.6117875111332356,1.6264687333001466,1.61729,1.64671,34.16180878956873,0.001939103696855672,EURCAD_merged,133.2645760202837
2025-11-04 23:00:00,2025-11-06 10:00:00,-1.1,60.0,0.871859315951529,12455.133085021844,1,0.56534,0.5626165927294031,0.5688804294517759,0.56823,0.6007,38.08347277463858,0.0008879593932799822,NZDUSD_merged,-66.87185931595153
2025-11-04 22:00:00,2025-11-06 10:00:00,-1.1,30.0,0.6195750749550353,8851.072499357648,1,0.56473,0.562815892980627,0.5676011605290595,0.56823,0.58446,36.45223784327298,0.0009078024235322869,NZDUSD_merged,-33.61957507495504
2025-10-29 16:00:00,2025-11-06 11:00:00,1.5,90.0,1.3236627814536526,18909.468306480754,1,1.83774,1.8289932389954446,1.8508601415068329,1.85595,1.89143,37.222154399208826,0.0029209022156956722,GBPCAD_merged,133.67633721854634
2025-11-07 04:00:00,2025-11-07 09:00:00,-1.1,90.0,1.6680130650454936,23828.758072078483,1,0.79313,0.7901343885718223,0.7973238559994488,0.79938,0.81545,36.923813045845826,0.001057013994038536,NZDCAD_merged,-100.66801306504551
2025-11-07 04:00:00,2025-11-07 09:00:00,-1.1,89.99999999999999,1.5568121940424609,22240.174200606583,1,0.79313,0.7899204163269524,0.796981500407657,0.79938,0.80876,37.16553154111795,0.001057013994038536,NZDCAD_merged,-100.55681219404245
2025-11-07 13:00:00,2025-11-09 17:00:00,1.2,30.000000000000004,0.7146698663492741,10209.569519275345,-1,2.05942,2.0654714402574323,2.0521582716910807,2.00016,2.04838,65.65481391634877,0.00301531154809374,EURNZD_merged,35.285330133650724
2025-11-07 13:00:00,2025-11-09 17:00:00,1.0,60.0,1.3612759359033793,19446.79908433399,-1,2.05942,2.065774012270304,2.0530659877296955,2.00724,2.04838,66.03103349623618,0.00301531154809374,EURNZD_merged,58.63872406409662
2025-11-07 13:00:00,2025-11-10 04:00:00,1.2,30.0,0.5104784759637673,7292.549656625248,-1,2.05942,2.0678920163604055,2.049253580367513,2.00016,2.04838,66.03103349623618,0.00301531154809374,EURNZD_merged,35.489521524036235
2025-11-07 13:00:00,2025-11-10 04:00:00,1.2,90.0,1.478627309688153,21123.247281259333,-1,2.05942,2.0681945883732773,2.048890493952067,2.00724,2.04838,64.73976475534457,0.00301531154809374,EURNZD_merged,106.52137269031185
2025-11-07 13:00:00,2025-11-10 04:00:00,1.5,30.0,0.6806379679516896,9723.399542166995,-1,2.05942,2.065774012270304,2.0498889815945436,2.00724,2.04838,66.09637901590628,0.00301531154809374,EURNZD_merged,44.31936203204831
2025-11-07 13:00:00,2025-11-10 04:00:00,1.2,90.0,1.4293397326985482,20419.13903855069,-1,2.05942,2.0684971603861486,2.048527407536621,2.00016,2.04838,66.09637901590628,0.00301531154809374,EURNZD_merged,106.57066026730145
2025-11-07 13:00:00,2025-11-10 05:00:00,1.4,90.0,1.5314354278913018,21877.648969875743,-1,2.05942,2.0678920163604055,2.047559177095432,2.00016,2.04838,66.03103349623618,0.00301531154809374,EURNZD_merged,124.46856457210869
2025-11-11 16:00:00,2025-11-11 23:00:00,-1.1,30.0,1.0287163945593474,14695.948493704964,-1,192.558,192.9510838490945,191.96837422635824,183.967,192.693,68.05473250184976,0.18216972919144492,CHFJPY_merged,-34.028716394559346
2025-11-11 16:00:00,2025-11-11 23:00:00,-1.1,30.0,0.7715372959195107,11021.961370278725,-1,192.558,193.08211179879265,191.9290658414488,183.967,192.693,68.4259887860911,0.18216972919144492,CHFJPY_merged,-33.77153729591951
2025-11-11 16:00:00,2025-11-11 23:00:00,-1.1,90.0,2.2347976847323747,31925.6812104625,-1,192.558,193.10083007732095,191.90660390721482,183.967,192.693,69.4724473287762,0.18216972919144492,CHFJPY_merged,-101.23479768473238
2025-11-12 18:00:00,2025-11-13 02:00:00,-1.1,30.0,1.0681180668996197,15258.829527137426,-1,193.861,194.2421452241246,193.28928216381308,183.967,192.693,70.60888648474534,0.1829621739326502,CHFJPY_merged,-34.06811806689962
2025-11-26 06:00:00,2025-11-26 10:00:00,-1.1,15.0,0.2586853219127293,3695.504598753276,-1,88.706,89.06605637780802,88.27393234663037,85.881,88.824,68.70291162364872,0.17445474683943904,NZDJPY_merged,-16.75868532191273
2025-11-26 06:00:00,2025-11-26 20:00:00,-1.1,30.0,0.3695504598753276,5279.292283933251,-1,88.706,89.21007892893124,88.10110528528253,85.881,88.824,66.75310333987763,0.17445474683943904,NZDJPY_merged,-33.36955045987533
2025-11-26 16:00:00,2025-11-26 21:00:00,-1.1,15.0,0.3009679313353112,4299.541876218732,-1,89.049,89.35966914533107,88.73833085466894,85.881,88.824,72.06767877491411,0.14715642480625357,NZDJPY_merged,-16.80096793133531
2025-11-27 06:00:00,2025-11-28 12:00:00,-1.1,30.0,0.472486738870783,6749.810555296901,-1,89.232,89.62859779753363,88.75608264295964,85.881,88.824,68.84583216198119,0.1409533512228879,NZDJPY_merged,-33.472486738870785
2025-11-27 01:00:00,2025-12-02 02:00:00,0.08830421009184289,90.0,1.3072852707752975,18675.50386821854,-1,89.296,89.72633055797101,88.6935372188406,85.881,88.824,72.03303926993617,0.14964023606181093,NZDJPY_merged,6.640093637490563
2025-12-03 20:00:00,2025-12-04 06:00:00,-1.1,15.0,0.3924730619507683,5606.758027868119,-1,1.86135,1.8663297494133373,1.8538803758799942,1.83221,1.85455,75.36242495478365,0.0016077795803186698,GBPCAD_merged,-16.892473061950767
2025-12-03 20:00:00,2025-12-04 06:00:00,-1.1,15.0,0.3924730619507683,5606.758027868119,-1,1.86135,1.8663297494133373,1.8543783508213278,1.83221,1.85455,72.637313405668,0.0016077795803186698,GBPCAD_merged,-16.892473061950767
2025-12-04 13:00:00,2025-12-05 10:00:00,-1.1,15.000000000000002,0.3891864389412721,5559.806270589602,-1,1.07078,1.0736688956230298,1.0664466565654553,1.03622,1.06256,75.78326900492785,0.000994301554172101,GBPCHF_merged,-16.889186438941277
2025-12-08 00:00:00,2025-12-08 07:00:00,-1.1,15.0,0.5922996751324757,8461.42393046394,1,1.61104,1.608184026797547,1.6144671678429436,1.61741,1.63405,29.90805379719716,0.0013695589868532193,EURCAD_merged,-17.092299675132477
2025-12-08 02:00:00,2025-12-08 07:00:00,-1.1,14.999999999999998,0.46882873289917376,6697.553327131054,1,1.61153,1.6079207790174543,1.6169438314738185,1.61393,1.63405,32.35138660940976,0.0013440074937663396,EURCAD_merged,-16.968828732899173
2025-12-04 13:00:00,2025-12-08 08:00:00,-1.1,15.0,0.3762135576432297,5374.479394903282,-1,1.07078,1.0737685127134793,1.0665960822011293,1.03622,1.06256,72.61851156586678,0.000994301554172101,GBPCHF_merged,-16.87621355764323
2025-12-08 02:00:00,2025-12-08 08:00:00,-1.1,15.0,0.4514647057547599,6449.495796496571,1,1.61153,1.6077819628258179,1.6164024483264365,1.61393,1.63405,32.889809759460434,0.0013440074937663396,EURCAD_merged,-16.95146470575476
2025-12-08 00:00:00,2025-12-08 10:00:00,-1.1,14.999999999999998,0.49358306261039636,7051.186608719949,1,1.61104,1.6076128321570564,1.6158380349801211,1.61393,1.63405,28.93782238152865,0.0013695589868532193,EURCAD_merged,-16.993583062610398
2025-12-08 02:00:00,2025-12-08 10:00:00,-1.1,15.0,0.42032920880615576,6004.702982945083,1,1.61153,1.6075043304425451,1.617568504336182,1.61741,1.63341,32.35138660940976,0.0013440074937663396,EURCAD_merged,-16.920329208806155
2025-12-08 02:00:00,2025-12-08 10:00:00,-1.1,15.0,0.40631823517928395,5804.546216846914,1,1.61153,1.6073655142509087,1.6173602800487275,1.61741,1.63341,32.45393969295828,0.0013440074937663396,EURCAD_merged,-16.906318235179285
2025-12-03 18:00:00,2025-12-08 16:00:00,-1.1,15.0,0.33052160103684247,4721.7371576691785,-1,207.138,207.7960353578033,206.15094696329504,199.064,204.237,66.90392253936562,0.23077240520795533,GBPJPY_merged,-16.830521601036843
2025-12-08 14:00:00,2025-12-09 10:00:00,-1.1,15.0,0.36796745247741436,5256.677892534492,1,1.6126,1.607998424538366,1.6195023631924508,1.61741,1.63341,45.06327516750746,0.0015619822906709708,EURCAD_merged,-16.867967452477416
2025-12-07 19:00:00,2025-12-10 15:00:00,-1.1,15.0,0.35609727688547915,5087.1039555068455,1,1.38348,1.3794006259236091,1.388375248891669,1.39709,1.41305,26.83001214966008,0.0014729593384413139,USDCAD_merged,-16.856097276885478
2025-12-04 08:00:00,2025-12-10 18:00:00,-1.1,14.999999999999998,0.35346457251323005,5049.493893046144,-1,1.33489,1.3388554172129161,1.3289418741806258,1.30377,1.32157,64.69045200570773,0.001430962470664514,GBPUSD_merged,-16.85346457251323
2025-12-08 12:00:00,2025-12-11 02:00:00,1.3,15.0,0.4054347239431667,5791.924627759525,1,1.60955,1.6053815669571585,1.614968962955694,1.61393,1.63405,41.309887007493245,0.0015557309406597827,EURCAD_merged,19.094565276056834
2025-12-11 15:00:00,2025-12-16 07:00:00,-1.1,15.0,0.3994124216630939,5705.891738044199,-1,1.17409,1.177176520180987,1.1697688717466184,1.14909,1.16559,70.03127340391661,0.0012599036414532624,EURUSD_merged,-16.899412421663094
2025-12-11 15:00:00,2025-12-16 07:00:00,-1.1,29.999999999999996,0.7100665274010556,10143.807534300795,-1,1.17409,1.1775623352036104,1.1695759642353067,1.14909,1.16559,70.92534727902678,0.0012599036414532624,EURUSD_merged,-33.710066527401054
2025-12-11 15:00:00,2025-12-16 08:00:00,-1.1,15.0,0.319529937330475,4564.713390435358,-1,1.17409,1.1779481502262337,1.168688589683273,1.14909,1.16559,70.03127340391661,0.0012599036414532624,EURUSD_merged,-16.819529937330476
2025-12-11 15:00:00,2025-12-16 08:00:00,-1.1,15.0,0.319529937330475,4564.713390435358,-1,1.17409,1.1779481502262337,1.1683027746606496,1.14909,1.16559,69.14686520245,0.0012599036414532624,EURUSD_merged,-16.819529937330476
2025-12-11 13:00:00,2025-12-16 08:00:00,-1.1,15.0,0.34633936310774094,4947.705187253442,-1,1.1755,1.1790637733722344,1.1712234719533188,1.14909,1.16559,77.51759882798423,0.0012842077735197817,EURUSD_merged,-16.84633936310774
2025-12-11 13:00:00,2025-12-16 09:00:00,-1.1,15.0,0.3502847793428556,5004.0682763265095,1,1.37724,1.3731116390626137,1.3834325414060793,1.39709,1.41305,34.73525555784664,0.0013285402901433555,USDCAD_merged,-16.850284779342857
2025-12-11 12:00:00,2025-12-16 09:00:00,-1.1,15.0,0.4046121239178535,5780.173198826479,1,1.37689,1.373316863125106,1.3822497053123408,1.38874,1.41305,34.920476404896085,0.0013761203124620762,USDCAD_merged,-16.904612123917854
2025-12-11 12:00:00,2025-12-16 09:00:00,-1.1,60.0,1.558505958794695,22264.370839924217,1,1.37689,1.373179434783764,1.3817137347811066,1.38874,1.41305,34.4023748446919,0.0013761203124620762,USDCAD_merged,-67.5585059587947
2025-12-21 18:00:00,2025-12-22 20:00:00,1.4,30.0,0.46582646230700914,6654.663747242988,-1,157.477,158.18692467530119,156.48310545457835,154.343,156.953,72.38619813209536,0.2362385899741738,USDJPY_merged,41.53417353769299
2025-12-21 18:00:00,2025-12-22 21:00:00,1.5,15.0,0.23291323115350457,3327.331873621494,-1,157.477,158.18692467530119,156.41211298704823,154.343,156.953,73.14478666593303,0.2362385899741738,USDJPY_merged,22.267086768846497
2025-12-21 18:00:00,2025-12-22 21:00:00,1.5,15.0,0.24094472188293573,3442.0674554705106,-1,157.477,158.16326051945782,156.4476092208133,154.343,156.953,73.37938216962498,0.2362385899741738,USDJPY_merged,22.259055278117064
2025-12-23 02:00:00,2025-12-23 04:00:00,-1.1,30.0,0.7917124624953228,11310.17803564747,1,0.79075,0.7886525529107294,0.7938961706339057,0.79239,0.80853,35.543208505922706,0.0007187392157762859,USDCHF_merged,-33.791712462495326
2025-12-23 02:00:00,2025-12-23 04:00:00,-1.1,30.000000000000004,0.8566700748146079,12238.14392592297,-1,1.34804,1.3513445207054917,1.3430832189417623,1.30377,1.32157,75.39594702340199,0.0012173834771278826,GBPUSD_merged,-33.856670074814616
2025-12-23 02:00:00,2025-12-23 04:00:00,-1.1,60.0,1.5306440941576243,21866.344202251777,1,0.79075,0.7885802271490304,0.7937876819913572,0.79239,0.80853,36.36832109105733,0.0007187392157762859,USDCHF_merged,-67.53064409415762
2025-12-22 12:00:00,2025-12-23 04:00:00,-1.1,30.000000000000004,0.9222687448041533,13175.267782916477,1,1.37451,1.371380249570679,1.3792046256439812,1.39709,1.41305,31.85216628129647,0.0010465894185992973,USDCAD_merged,-33.92226874480416
2025-12-23 02:00:00,2025-12-23 04:00:00,-1.1,30.0,0.7653220470788121,10933.172101125889,1,0.79075,0.7885802271490304,0.7940046592764541,0.79239,0.80853,35.736014188310975,0.0007187392157762859,USDCHF_merged,-33.76532204707881
2025-12-23 07:00:00,2025-12-23 16:00:00,-1.1,30.0,1.2604010178077623,18005.728825825176,1,1.37082,1.3685360269157771,1.3740175623179118,1.38874,1.41305,31.291150415818404,0.0009622514909195421,USDCAD_merged,-34.260401017807766
2025-12-23 09:00:00,2025-12-23 19:00:00,-1.1,30.000000000000004,0.808797669521106,11554.252421730087,-1,0.66856,0.6702958803726912,0.6661297674782325,0.6421,0.65799,63.9836263908847,0.0007609060965769164,AUDUSD_merged,-33.80879766952111
2025-12-23 09:00:00,2025-12-23 20:00:00,-1.1,29.999999999999996,0.6092346151075554,8703.35164439365,1,0.78922,0.7864995997487645,0.7930285603517299,0.79239,0.80853,45.41335583031743,0.000964885792049117,USDCHF_merged,-33.60923461510755
2025-12-23 07:00:00,2025-12-23 20:00:00,-1.1,30.0,1.0083208142462097,14404.58306066014,1,1.37082,1.3679650336447213,1.37481695289739,1.39709,1.41305,31.291150415818404,0.0009622514909195421,USDCAD_merged,-34.00832081424621
2025-12-23 07:00:00,2025-12-23 20:00:00,-1.1,15.000000000000002,0.3844113203370279,5491.59029052897,-1,0.66915,0.6709777492436592,0.6667739259832431,0.6421,0.65799,80.41133816088134,0.00066430529543832,AUDUSD_merged,-16.88441132033703
2025-12-23 09:00:00,2025-12-23 20:00:00,-1.1,15.0,0.315121352641839,4501.733609169129,1,0.78922,0.786590279757139,0.7931645803642916,0.79239,0.80853,47.580606535055814,0.000964885792049117,USDCHF_merged,-16.81512135264184
2025-12-23 09:00:00,2025-12-23 20:00:00,-1.1,14.999999999999998,0.3046173075537777,4351.675822196825,1,0.78922,0.7864995997487645,0.7933006003768533,0.79239,0.80853,46.65661928891963,0.000964885792049117,USDCHF_merged,-16.804617307553777
2025-12-23 07:00:00,2025-12-23 20:00:00,-1.1,15.0,0.3991963711192213,5702.805301703162,-1,0.66915,0.6709100548272273,0.6665099177591591,0.6421,0.65799,79.40641029384962,0.00066430529543832,AUDUSD_merged,-16.89919637111922
2025-12-23 09:00:00,2025-12-23 21:00:00,-1.1,29.999999999999996,0.5158043355653482,7368.633365219262,-1,0.5828,0.5851727602030692,0.5794781357157032,0.55792,0.5831,62.22319687787852,0.0008137114914261949,NZDUSD_merged,-33.51580433556535
2025-12-19 16:00:00,2025-12-24 17:00:00,1.4,15.0,0.30168821748536384,4309.831678362341,-1,210.897,211.63100894421984,209.8693874780922,199.064,204.237,75.15126749235364,0.29770584151363033,GBPJPY_merged,20.698311782514637
2025-12-19 08:00:00,2025-12-26 09:00:00,-1.1,15.0,0.21606482506738028,3086.640358105433,-1,114.008,114.56203927947396,113.17694108078905,108.198,113.457,76.88669172936768,0.18491691983718025,CADJPY_merged,-16.71606482506738
2025-12-19 08:00:00,2025-12-26 09:00:00,-1.1,15.0,0.22351533627660028,3193.0762325228616,-1,114.008,114.54357130349149,113.20464304476275,110.6,113.457,78.09806019347894,0.18491691983718025,CADJPY_merged,-16.723515336276602
2025-12-23 07:00:00,2025-12-29 03:00:00,1.4,30.000000000000004,0.6854232375391539,9791.760536273629,-1,0.58366,0.5854482177505398,0.5811564951492442,0.55792,0.58012,74.2481618713996,0.0007332985344350747,NZDUSD_merged,41.314576762460845
2025-12-23 05:00:00,2025-12-31 03:00:00,1.4,30.0,0.7207370808628532,10296.244012326475,-1,1.35053,1.354465017463795,1.345020975550687,1.30377,1.32157,73.67167490777578,0.0013365530245079947,GBPUSD_merged,41.279262919137146
2025-12-19 16:00:00,2026-01-05 15:00:00,-1.1,15.0,0.27848143152495125,3978.306164642161,-1,210.897,211.69217635623815,209.70423546564274,199.064,204.237,78.45018202340412,0.29770584151363033,GBPJPY_merged,-16.778481431524952
2025-12-19 16:00:00,2026-01-05 15:00:00,-1.1,15.0,0.26816730443143455,3830.9614918776365,-1,210.897,211.72276006224732,209.82351191907847,199.064,204.237,79.68857742899833,0.29770584151363033,GBPJPY_merged,-16.768167304431433
2026-01-06 03:00:00,2026-01-06 13:00:00,-1.1,15.0,0.3498815629554185,4998.308042220265,-1,0.92627,0.9290497506441456,0.9221003740337816,0.90866,0.92562,64.56862359584359,0.0009907822259579576,AUDCAD_merged,-16.849881562955417
2025-12-21 18:00:00,2026-01-06 17:00:00,1.4,15.0,0.24610881843872706,3515.840263410387,-1,197.939,198.78348802492522,196.7567167651047,192.395,195.716,69.95661158185642,0.2809605791435203,CHFJPY_merged,20.753891181561272
2026-01-06 17:00:00,2026-01-06 20:00:00,-1.1,60.0,1.685757603514787,24082.251478782673,-1,0.93018,0.9324975075656514,0.926935489408088,0.90866,0.92562,75.33201799213317,0.0010109404271865738,AUDCAD_merged,-67.68575760351479
2026-01-06 17:00:00,2026-01-06 21:00:00,-1.1,30.0,0.7492256015621275,10703.222879458965,-1,0.93018,0.932787196011358,0.9267906451852348,0.90866,0.92562,79.06818914565486,0.0010109404271865738,AUDCAD_merged,-33.74922560156213
2026-01-06 17:00:00,2026-01-06 22:00:00,-1.1,15.0,0.3371515207029574,4816.450295756535,-1,0.93018,0.9330768844570644,0.9258346733144035,0.90866,0.92562,77.05077203464585,0.0010109404271865738,AUDCAD_merged,-16.837151520702957
2026-01-06 15:00:00,2026-01-06 22:00:00,-1.1,60.0,1.5964373125366718,22806.247321952455,1,1.73623,1.7316622252789162,1.7426248846095174,1.74798,1.78061,27.99660171974726,0.0019387223623240945,EURAUD_merged,-67.59643731253666
2026-01-06 15:00:00,2026-01-06 22:00:00,-1.1,60.0,1.9157247750440056,27367.49678634294,1,1.73623,1.7324235210657635,1.7407977747210837,1.74798,1.78061,29.457066129287522,0.0019387223623240945,EURAUD_merged,-67.91572477504401
2026-01-06 15:00:00,2026-01-06 23:00:00,-1.1,14.999999999999998,0.3192874625073342,4561.249464390489,1,1.73623,1.7305202815986451,1.7442236057618967,1.74798,1.78061,28.75207167971158,0.0019387223623240945,EURAUD_merged,-16.819287462507333
2026-01-06 20:00:00,2026-01-06 23:00:00,-1.1,15.0,0.33409832370862935,4772.833195837563,1,1.736,1.7305441210845771,1.7441838183731342,1.74798,1.78061,29.42870821593172,0.0023156710412224096,EURAUD_merged,-16.83409832370863
2026-01-06 15:00:00,2026-01-06 23:00:00,-1.1,14.999999999999998,0.3192874625073342,4561.249464390489,1,1.73623,1.7305202815986451,1.7442236057618967,1.74798,1.78061,27.99660171974726,0.0019387223623240945,EURAUD_merged,-16.819287462507333
2026-01-06 19:00:00,2026-01-06 23:00:00,-1.1,30.0,0.7353817518323051,10505.45359760436,1,1.73518,1.7302249164792016,1.7416216085770377,1.74798,1.78061,34.61011591074817,0.0020984149674702934,EURAUD_merged,-33.73538175183231
2026-01-07 00:00:00,2026-01-07 08:00:00,1.4,30.000000000000004,0.6316327721477374,9023.325316396249,-1,0.93353,0.9366337227427798,0.9291847881601082,0.90866,0.92562,72.58893785752421,0.0013065593945279113,AUDCAD_merged,41.36836722785226
2026-01-06 02:00:00,2026-01-07 12:00:00,1.3,30.0,1.255597709692499,17937.110138464275,1,0.86578,0.8643319741028794,0.8676624336662567,0.87202,0.87966,31.67042872073033,0.0005479983244065438,EURGBP_merged,37.7444022903075
2026-01-05 14:00:00,2026-01-07 22:00:00,1.2,14.999999999999998,0.5827916443105474,8325.594918722107,1,0.86595,0.8643898412213413,0.8678221905343904,0.87202,0.87966,30.189556715308253,0.000757216575805795,EURGBP_merged,17.41720835568945
2026-01-05 19:00:00,2026-01-07 22:00:00,1.4,30.0,1.1645886427280903,16636.98061040129,1,0.86564,0.8640790677245987,0.8678253051855617,0.87202,0.87966,29.76782531148531,0.0006210749875064337,EURGBP_merged,40.83541135727191
2026-01-07 01:00:00,2026-01-08 08:00:00,1.3,30.0,0.5551824830366661,7931.17832909523,-1,0.93263,0.9361577103652253,0.928043976525207,0.90866,0.92562,71.98551668778609,0.0012818051520616294,AUDCAD_merged,38.44481751696333
2026-01-07 02:00:00,2026-01-08 09:00:00,1.5,15.0,0.26338165748065995,3762.595106866571,-1,0.93243,0.9361472349409787,0.9268541475885319,0.90866,0.92562,67.0740899683475,0.0012788190697715144,AUDCAD_merged,22.23661834251934
2026-01-06 00:00:00,2026-01-09 05:00:00,1.4,60.00000000000001,1.8489274160169957,26413.2488002428,-1,1.86573,1.8699681685360483,1.8597965640495326,1.8346,1.86666,70.32667736826377,0.0017354818740662643,GBPCAD_merged,82.15107258398301
2026-01-06 00:00:00,2026-01-09 05:00:00,1.3,15.0,0.41087275911488796,5869.6108444984,-1,1.86573,1.8704979396030543,1.8595316785160296,1.8346,1.86666,72.25217817758855,0.0017354818740662643,GBPCAD_merged,19.089127240885112
2026-01-05 19:00:00,2026-01-12 07:00:00,-1.1,15.0,0.3277375229316562,4681.964613309375,-1,1.86372,1.8696909549962275,1.8547635675056589,1.8346,1.85456,74.82006714124577,0.0019188670226418666,GBPCAD_merged,-16.827737522931656
2026-01-05 19:00:00,2026-01-12 07:00:00,-1.1,15.0,0.3390388168258513,4843.411668940733,-1,1.86372,1.86949192316302,1.8550621152554703,1.8346,1.85456,75.97026472884636,0.0019188670226418666,GBPCAD_merged,-16.839038816825852
2026-01-06 00:00:00,2026-01-12 08:00:00,-1.1,15.0,0.4266755575423836,6095.365107748338,-1,1.86573,1.8703213492473856,1.8588429761289218,1.8346,1.86666,71.91363677975738,0.0017354818740662643,GBPCAD_merged,-16.926675557542385
2026-01-06 00:00:00,2026-01-12 09:00:00,-1.1,15.0,0.3697854832033992,5282.649760048561,-1,1.86573,1.8710277106700604,1.85778343399491,1.8346,1.86666,69.18022220733802,0.0017354818740662643,GBPCAD_merged,-16.869785483203398
2026-01-13 02:00:00,2026-01-14 04:00:00,1.5,30.0,0.5824685135482597,8320.97876497514,-1,199.01,199.72749972793227,197.93375040810156,192.395,198.566,71.7723866754768,0.24436896340761347,CHFJPY_merged,44.41753148645174
2026-01-13 02:00:00,2026-01-14 04:00:00,1.3,30.000000000000004,0.5889076880603629,8412.966972290898,-1,91.649,91.97581335955029,91.22414263258463,85.881,91.36,80.02065403718049,0.11846755751729425,NZDJPY_merged,38.41109231193965
2026-01-13 02:00:00,2026-01-14 04:00:00,1.4,30.0,0.5824685135482597,8320.97876497514,-1,199.01,199.72749972793227,198.0055003808948,192.395,198.566,73.06139494454817,0.24436896340761347,CHFJPY_merged,41.41753148645174
2026-01-13 02:00:00,2026-01-14 04:00:00,1.5,30.0,0.6025536347050963,8607.909067215662,-1,199.01,199.70358307033453,197.96962539449817,192.395,198.566,75.10689587614186,0.24436896340761347,CHFJPY_merged,44.397446365294904
2026-01-13 00:00:00,2026-01-14 05:00:00,1.4,15.0,0.2604860550328143,3721.229357611633,-1,91.715,92.08469637391096,91.19742507652467,89.674,91.36,79.53762343556568,0.11942983002005696,NZDJPY_merged,20.739513944967186
2026-01-13 06:00:00,2026-01-14 05:00:00,1.4,60.0,1.3065127324745298,18664.467606779,-1,91.512,91.80618037072784,91.10014748098102,85.881,91.36,67.0980576707116,0.11939121486493819,NZDJPY_merged,82.69348726752547
2026-01-13 02:00:00,2026-01-14 05:00:00,1.5,30.0,0.6115579837549922,8736.542625071317,-1,91.649,91.96370916104843,91.17693625842736,85.881,91.36,79.46203883013068,0.11846755751729425,NZDJPY_merged,44.38844201624501
2026-01-13 06:00:00,2026-01-14 07:00:00,1.5,30.0,0.5226050929898118,7465.787042711599,-1,91.512,91.8797254634098,90.9604118048853,85.881,91.36,66.99126640142276,0.11939121486493819,NZDJPY_merged,44.477394907010186
2026-01-13 00:00:00,2026-01-14 07:00:00,1.3,30.0,0.6673793629259008,9533.990898941442,-1,213.849,214.52190498470188,212.97422351988754,199.064,204.237,78.5811610474866,0.24213663495038046,GBPJPY_merged,38.3326206370741
2026-01-13 06:00:00,2026-01-14 07:00:00,1.4,30.0,0.6261470366341059,8944.957666201513,-1,185.264,185.88534670810134,184.39411460865816,180.092,184.919,69.27779677903474,0.20489302869802756,EURJPY_merged,41.37385296336589
2026-01-13 06:00:00,2026-01-14 07:00:00,1.4,60.0,1.2138285134676934,17340.407335252763,-1,213.929,214.66922136572913,212.89269008797925,199.064,211.589,71.35071759564597,0.2434018512971089,GBPJPY_merged,82.78617148653231
2026-01-13 06:00:00,2026-01-14 07:00:00,1.4,30.0,0.5226050929898118,7465.787042711599,-1,91.512,91.8797254634098,90.99718435122628,87.23,91.36,67.0980576707116,0.11939121486493819,NZDJPY_merged,41.477394907010186
2026-01-13 06:00:00,2026-01-14 07:00:00,1.5,60.0,1.25568466910451,17938.352415778718,-1,213.929,214.64454732020482,212.8556790196928,199.064,211.589,71.80041631943612,0.2434018512971089,GBPJPY_merged,88.74431533089549
2026-01-13 06:00:00,2026-01-14 07:00:00,1.5,30.0,0.5406259582653226,7723.227975218895,-1,91.512,91.86746794796281,90.97879807805579,89.674,91.36,66.14791013247842,0.11939121486493819,NZDJPY_merged,44.45937404173468
2026-01-13 06:00:00,2026-01-14 07:00:00,1.5,30.0,0.6477383137594198,9253.404482277427,-1,185.264,185.86463515116463,184.3630472732531,180.092,184.919,69.6965027757145,0.20489302869802756,EURJPY_merged,44.35226168624058
2026-01-13 00:00:00,2026-01-14 07:00:00,1.4,59.99999999999999,1.5016035665832772,21451.479522618247,-1,213.849,214.44713776417944,213.01160713014878,199.064,204.237,75.5260421610364,0.24213663495038046,GBPJPY_merged,82.49839643341672
2026-01-13 06:00:00,2026-01-14 07:00:00,1.5,30.0,0.5226050929898118,7465.787042711599,-1,91.512,91.8797254634098,90.9604118048853,89.221,91.36,66.67816087767133,0.11939121486493819,NZDJPY_merged,44.477394907010186
2026-01-13 00:00:00,2026-01-14 07:00:00,1.5,30.0,0.6930477999615126,9900.682856593037,-1,213.849,214.49698257786105,212.8770261332084,199.064,204.237,77.79093134715517,0.24213663495038046,GBPJPY_merged,44.30695220003849
2026-01-13 06:00:00,2026-01-14 10:00:00,1.5,30.0,0.6069142567338467,8670.203667626382,-1,213.929,214.66922136572913,212.81866795140633,199.064,211.589,71.74538941799406,0.2434018512971089,GBPJPY_merged,44.393085743266155
2026-01-13 06:00:00,2026-01-14 10:00:00,1.5,60.0,1.2138285134676934,17340.407335252763,-1,213.929,214.66922136572913,212.81866795140633,199.064,211.589,70.73794253632366,0.2434018512971089,GBPJPY_merged,88.78617148653231
2026-01-13 06:00:00,2026-01-14 11:00:00,1.5,60.0,1.2522940732682117,17889.915332403027,-1,185.264,185.88534670810134,184.33197993784802,180.092,184.919,68.76354713888385,0.20489302869802756,EURJPY_merged,88.74770592673178
2026-01-15 14:00:00,2026-01-18 18:00:00,1.4,90.0,2.487279635306007,35532.566218657244,1,1.99686,1.9918021778631447,2.0039409509915975,1.99962,2.02873,29.82003700517508,0.002042609755330911,GBPAUD_merged,123.51272036469398
2026-01-16 03:00:00,2026-01-18 19:00:00,1.3,60.0,1.8732056010154945,26760.080014507068,1,1.99839,1.9939093183303265,2.0042148861705757,1.99962,2.02873,39.42458871877119,0.0016438323202581156,GBPAUD_merged,76.1267943989845
2026-01-16 07:00:00,2026-01-19 05:00:00,-1.1,30.0,0.7403512815210727,10576.446878872468,1,2.01628,2.0105608392371517,2.024858741144273,2.01513,2.04389,38.86174675940875,0.001931644998024547,EURNZD_merged,-33.74035128152107
2026-01-16 07:00:00,2026-01-19 05:00:00,-1.1,60.0,1.531761272112564,21882.303887322345,1,2.01628,2.0107514779292464,2.0245727831061306,2.01513,2.04389,38.79435061141783,0.001931644998024547,EURNZD_merged,-67.53176127211256
2026-01-16 07:00:00,2026-01-19 05:00:00,-1.1,60.0,1.7085029573563215,24407.18510509031,1,2.01628,2.0113233940055313,2.0237149089917033,2.01513,2.04389,38.79435061141783,0.001931644998024547,EURNZD_merged,-67.70850295735632
2026-01-16 03:00:00,2026-01-19 23:00:00,-1.1,60.0,1.9452519702853213,27789.313861218878,1,1.99839,1.9940752695032775,2.004862095745084,1.99962,2.02873,38.74981596655903,0.0016438323202581156,GBPAUD_merged,-67.94525197028533
2026-01-16 03:00:00,2026-01-21 01:00:00,-1.1,30.0,0.8429425204569728,12042.036006528184,1,1.99839,1.993411464811474,2.0058578027827894,1.99962,2.02873,38.443929626494814,0.0016438323202581156,GBPAUD_merged,-33.84294252045697
2026-01-15 14:00:00,2026-01-21 01:00:00,-1.1,30.000000000000004,0.6632745694149351,9475.350991641932,1,1.99686,1.9905377223289311,2.0057111887394967,1.99665,2.02873,30.92710497589129,0.002042609755330911,GBPAUD_merged,-33.663274569414945
2026-01-16 03:00:00,2026-01-21 01:00:00,-1.1,60.0,1.7440190078420121,24914.55725488589,1,1.99839,1.9935774159844248,2.0056088760233632,1.99665,2.02873,38.74981596655903,0.0016438323202581156,GBPAUD_merged,-67.74401900784201
2026-01-15 19:00:00,2026-01-21 01:00:00,-1.1,60.0,1.508088639415319,21544.123420218846,1,1.99669,1.991129253913317,2.0044750445213566,1.99962,2.02873,31.88153218875288,0.001791897598259047,GBPAUD_merged,-67.50808863941532
2026-01-15 14:00:00,2026-01-21 01:00:00,-1.1,90.00000000000001,1.9898237082448054,28426.052974925795,1,1.99686,1.9905377223289311,2.0063434165066036,1.99962,2.02873,31.93877992106311,0.002042609755330911,GBPAUD_merged,-100.98982370824483
2026-01-20 05:00:00,2026-01-21 03:00:00,-1.1,60.0,1.1731011684446928,16758.58812063847,1,2.00853,2.0013389526914507,2.0178783615011135,2.00728,2.04389,53.56414566106417,0.0026652543653740146,EURNZD_merged,-67.17310116844469
2026-01-20 04:00:00,2026-01-21 08:00:00,-1.1,90.0,1.4713197901008161,21018.854144297376,-1,92.13,92.52448867873939,91.57771584976484,89.674,91.36,64.59879951230175,0.1697009768932189,NZDJPY_merged,-100.47131979010084
2026-01-20 04:00:00,2026-01-21 08:00:00,-1.1,15.0,0.21797330223715794,3113.904317673685,-1,92.13,92.57379976358182,91.59744028370181,89.674,91.36,64.59879951230175,0.1697009768932189,NZDJPY_merged,-16.71797330223716
2026-01-20 04:00:00,2026-01-21 08:00:00,-1.1,30.0,0.4527137815694819,6467.339736706885,-1,92.13,92.55736273530101,91.48895589704847,89.674,91.36,64.65905397955481,0.1697009768932189,NZDJPY_merged,-33.45271378156948
2026-01-20 04:00:00,2026-01-21 08:00:00,-1.1,90.0,1.3078398134229476,18683.42590604211,-1,92.13,92.57379976358182,91.55306030734363,85.881,91.36,64.35929396208279,0.1697009768932189,NZDJPY_merged,-100.30783981342296
2026-01-20 04:00:00,2026-01-21 09:00:00,-1.1,30.0,0.39235194402688434,5605.027771812634,-1,92.13,92.62311084842425,91.39033372736363,89.674,91.36,64.75887619949178,0.1697009768932189,NZDJPY_merged,-33.392351944026885
2026-01-20 04:00:00,2026-01-21 09:00:00,-1.1,30.0,0.4058813214071217,5798.30459153031,-1,92.13,92.60667382014344,91.41498926978484,89.674,91.36,64.65905397955481,0.1697009768932189,NZDJPY_merged,-33.40588132140712
2026-01-20 16:00:00,2026-01-21 09:00:00,1.2,30.000000000000004,0.7618011237387088,10882.87319626727,1,1.06154,1.058613732329168,1.0650515212049982,1.06092,1.07612,30.888728834252866,0.0014014814186005227,GBPCHF_merged,35.23819887626129
2026-01-20 04:00:00,2026-01-21 09:00:00,-1.1,60.0,0.7847038880537687,11210.055543625267,-1,92.13,92.62311084842425,91.43964481220605,89.674,91.36,64.59879951230175,0.1697009768932189,NZDJPY_merged,-66.78470388805377
2026-01-20 04:00:00,2026-01-21 09:00:00,-1.1,60.0,0.7847038880537687,11210.055543625267,-1,92.13,92.62311084842425,91.39033372736363,89.674,91.36,64.19197517681793,0.1697009768932189,NZDJPY_merged,-66.78470388805377
2026-01-20 20:00:00,2026-01-21 10:00:00,1.3,15.0,0.2946710149122647,4209.585927318068,1,1.0618,1.058016492482873,1.0667185597722653,1.06092,1.07612,33.29028202233492,0.001336206288959033,GBPCHF_merged,19.205328985087736
2026-01-20 15:00:00,2026-01-21 10:00:00,1.4,60.0,1.232764282234353,17610.918317633616,1,1.0612,1.0575845156253865,1.066261678124459,1.06092,1.07612,30.42076692219021,0.0014631338354159527,GBPCHF_merged,82.76723571776564
2026-01-20 16:00:00,2026-01-21 14:00:00,1.4,30.0,0.5078674158258059,7255.248797511514,1,1.06154,1.0571505984937521,1.0676851621087469,1.06092,1.07612,30.46708583159391,0.0014014814186005227,GBPCHF_merged,41.49213258417419
2026-01-20 20:00:00,2026-01-21 14:00:00,1.5,15.0,0.27434887595279817,3919.2696564685457,1,1.0618,1.0577362326667896,1.0678956509998159,1.06092,1.07612,33.12051313367865,0.001336206288959033,GBPCHF_merged,22.2256511240472
2026-01-20 20:00:00,2026-01-21 14:00:00,1.5,14.999999999999998,0.3060045154858133,4371.493078368762,1,1.0618,1.058156622390915,1.067265066413628,1.06092,1.07612,33.12051313367865,0.001336206288959033,GBPCHF_merged,22.193995484514183
2026-01-21 12:00:00,2026-01-21 19:00:00,-1.1,30.0,0.52021065797225,7431.580828175,1,1.98531,1.9772956486288629,1.9973315270567054,1.99962,2.02873,37.959194628409016,0.0026942039958281327,GBPAUD_merged,-33.52021065797225
2026-01-20 07:00:00,2026-01-22 08:00:00,-1.1,90.0,1.737170922052301,24816.727457890018,-1,199.696,200.42021474710944,198.68209935404676,192.395,198.566,73.66134940646825,0.3048449914411568,CHFJPY_merged,-100.73717092205231
2026-01-20 10:00:00,2026-01-22 14:00:00,-1.1,30.0,0.45149909648337927,6449.9870926197045,-1,199.61,200.53842046255443,198.31021135242383,195.894,198.566,73.120293956684,0.3145110955525571,CHFJPY_merged,-33.45149909648338
2026-01-20 07:00:00,2026-01-22 14:00:00,-1.1,30.0,0.5147173102377188,7353.104431967412,-1,199.696,200.51074159049813,198.63683593235243,192.395,198.566,76.71600083398371,0.3048449914411568,CHFJPY_merged,-33.51471731023772
2026-01-22 22:00:00,2026-01-23 02:00:00,-1.1,14.999999999999998,0.35950359703480866,5135.765671925838,-1,186.271,186.81504059267607,185.5093431702535,182.632,184.919,68.85569377544915,0.18725065963783505,EURJPY_merged,-16.85950359703481
2026-01-21 09:00:00,2026-01-23 04:00:00,1.5,15.0,0.2464130334870188,3520.1861926716974,1,1.06207,1.057544372908693,1.0688584406369606,1.06092,1.07612,53.220968120651385,0.0016893607663569425,GBPCHF_merged,22.25358696651298
2026-01-22 22:00:00,2026-01-23 07:00:00,-1.1,15.0,0.29488454005216447,4212.636286459493,-1,0.68404,0.6864756719408652,0.6803864920887022,0.6592,0.67661,74.90411964145606,0.0008096127436011363,AUDUSD_merged,-16.794884540052166
2026-01-25 19:00:00,2026-01-27 07:00:00,-1.1,30.0,0.48231253486858383,6890.179069551198,-1,1.36645,1.3723995550966384,1.359310533884034,1.30377,1.35674,76.90389808972095,0.0022182861443465632,GBPUSD_merged,-33.48231253486858
2026-01-25 21:00:00,2026-01-27 09:00:00,-1.1,30.000000000000004,0.4099315175318148,5856.164536168783,-1,0.69193,0.695474623767279,0.6876764514792653,0.6592,0.67661,72.24009372375042,0.0013140505019742393,AUDUSD_merged,-33.409931517531824
2026-01-26 14:00:00,2026-01-27 12:00:00,-1.1,15.0,0.1249492957599151,1784.9899394273589,1,154.159,152.86353891704184,156.10219162443724,154.393,159.452,34.50422116642615,0.41861890662990997,USDJPY_merged,-16.624949295759915
2026-01-27 20:00:00,2026-01-28 08:00:00,1.4,15.0,0.15358167938165135,2194.023991166448,1,0.56141,0.5575717785247996,0.5667835100652806,0.57367,0.5786,39.18894301222408,0.001271592361371575,CADCHF_merged,20.846418320618348
2026-01-29 02:00:00,2026-01-29 10:00:00,1.4,30.0,0.2785563346688479,3979.37620955497,-1,0.70817,0.7135088015812598,0.7006956777862361,0.6592,0.67661,66.52095020820094,0.0018210576322947253,AUDUSD_merged,41.72144366533115
2026-01-27 20:00:00,2026-01-30 12:00:00,1.4,30.0,0.3735203996736273,5336.005709623248,-1,1.38168,1.3894480576550445,1.3708047192829378,1.33407,1.35674,65.14218571671685,0.002542970226561395,GBPUSD_merged,41.62647960032637
2026-02-03 00:00:00,2026-02-03 21:00:00,-1.1,15.0,0.12313485867760492,1759.0694096800703,-1,108.913,109.84172685467091,107.51990971799361,102.321,109.003,63.48340117867964,0.3117327367172895,AUDJPY_merged,-16.623134858677606
2026-02-03 00:00:00,2026-02-03 21:00:00,-1.1,15.0,0.12313485867760492,1759.0694096800703,-1,108.913,109.84172685467091,107.61278240346071,102.321,109.003,62.035901817060896,0.3117327367172895,AUDJPY_merged,-16.623134858677606
2026-02-03 10:00:00,2026-02-04 02:00:00,-1.1,60.0,0.7215441544337715,10307.773634768166,-1,93.952,94.49888046126527,93.18636735422862,89.674,94.022,62.24568759067046,0.20146665015883014,NZDJPY_merged,-66.72154415443377
2026-02-03 10:00:00,2026-02-04 02:00:00,-1.1,60.0,0.7215441544337715,10307.773634768166,-1,93.952,94.49888046126527,93.1316793081021,89.674,94.022,63.20224321202448,0.20146665015883014,NZDJPY_merged,-66.72154415443377
2026-02-04 10:00:00,2026-02-05 07:00:00,-1.1,30.000000000000004,0.6121384581868362,8744.835116954804,-1,201.55,202.24143670739736,200.51284493890398,195.894,201.316,62.15811873476548,0.24761027576762557,CHFJPY_merged,-33.61213845818684
2026-02-04 10:00:00,2026-02-05 07:00:00,-1.1,60.00000000000001,1.2242769163736724,17489.67023390961,-1,201.55,202.24143670739736,200.5819886096437,195.894,201.316,62.515948533478785,0.24761027576762557,CHFJPY_merged,-67.22427691637368
2026-02-04 10:00:00,2026-02-05 10:00:00,1.5,29.999999999999996,0.3613645393321681,5162.350561888116,-1,109.704,110.34152353904386,108.7477146914342,102.321,109.003,54.05730021505419,0.22463315289581842,AUDJPY_merged,44.63863546066783
2026-02-03 05:00:00,2026-02-05 10:00:00,1.4,15.0,0.12804273918144327,1829.1819883063324,-1,0.54561,0.5500842130921472,0.539346101670994,0.53002,0.53773,59.85132336039945,0.001502629807830376,AUDCHF_merged,20.871957260818558
2026-02-03 05:00:00,2026-02-05 10:00:00,1.4,59.99999999999999,0.6185053111247537,8835.790158925054,-1,0.9586,0.965109434806111,0.9494867912714445,0.91331,0.93444,60.884268832702226,0.00218073035663654,AUDCAD_merged,83.38149468887524
2026-02-04 06:00:00,2026-02-05 10:00:00,1.4,60.0,0.7378874812447835,10541.249732068338,-1,94.307,94.8437883451984,93.55549631672224,89.674,94.022,59.57325201005441,0.1814494701374175,NZDJPY_merged,83.26211251875522
2026-02-04 10:00:00,2026-02-05 10:00:00,1.4,59.99999999999999,0.7227290786643362,10324.701123776233,-1,109.704,110.34152353904386,108.81146704533859,102.321,109.003,55.72433108718869,0.22463315289581842,AUDJPY_merged,83.27727092133566
2026-02-04 06:00:00,2026-02-05 16:00:00,1.5,30.0,0.36894374062239177,5270.624866034169,-1,94.307,94.8437883451984,93.50181748220241,89.674,94.022,59.47333095293007,0.1814494701374175,NZDJPY_merged,44.63105625937761
2026-02-03 05:00:00,2026-02-05 17:00:00,1.5,14.999999999999998,0.15462632778118843,2208.9475397312635,-1,0.9586,0.965109434806111,0.9488358477908335,0.91331,0.93444,61.50436811022211,0.00218073035663654,AUDCAD_merged,22.34537367221881
2026-02-05 12:00:00,2026-02-06 07:00:00,1.3,15.000000000000002,0.32142231328007886,4591.747332572556,1,1.05304,1.0496000023572833,1.0575119969355316,1.06092,1.07979,34.032694320096866,0.0017719161411772957,GBPCHF_merged,19.178577686719926
2026-02-05 12:00:00,2026-02-09 04:00:00,-1.1,15.000000000000002,0.32142231328007886,4591.747332572556,1,1.05304,1.0496000023572833,1.0578559966998033,1.06092,1.07979,33.47867059045941,0.0017719161411772957,GBPCHF_merged,-16.82142231328008
2026-02-05 12:00:00,2026-02-09 09:00:00,-1.1,15.0,0.27759199783279537,3965.599969039934,1,1.05304,1.049056844834749,1.0586164172313512,1.06092,1.07979,34.582477285574996,0.0017719161411772957,GBPCHF_merged,-16.777591997832797
2026-02-08 20:00:00,2026-02-09 09:00:00,-1.1,90.0,1.3670455415750102,19529.22202250015,1,1.93774,1.9288099668527976,1.9502420464060832,1.99665,2.01438,38.75011253103402,0.0030543702195475514,GBPAUD_merged,-100.36704554157502
2026-02-05 15:00:00,2026-02-09 09:00:00,-1.1,90.0,1.3554848984668613,19364.06997809802,1,1.05322,1.0483248617306582,1.0600731935770786,1.05136,1.07979,36.56438691779889,0.0016195516625971164,GBPCHF_merged,-100.35548489846687
2026-02-05 12:00:00,2026-02-09 09:00:00,-1.1,15.0,0.2908106643962618,4154.438062803741,1,1.05304,1.0492378973422605,1.0576025231892874,1.06092,1.07979,34.582477285574996,0.0017719161411772957,GBPCHF_merged,-16.79081066439626
2026-02-05 12:00:00,2026-02-09 09:00:00,-1.1,30.0,0.4211740656773447,6016.772366819211,1,1.05304,1.0477894772821694,1.060915784076746,1.06092,1.07979,31.92234277634431,0.0017719161411772957,GBPCHF_merged,-33.42117406567734
2026-02-05 12:00:00,2026-02-09 09:00:00,-1.1,15.0,0.2181079982971964,3115.828547102806,1,1.05304,1.0479705297896806,1.0591233642523832,1.05136,1.07979,34.032694320096866,0.0017719161411772957,GBPCHF_merged,-16.718107998297196
2026-02-06 15:00:00,2026-02-09 09:00:00,-1.1,29.999999999999996,0.42903748285854953,6129.10689797928,-1,0.60174,0.604685323078955,0.5973220153815677,0.57108,0.5853,63.83735226313036,0.0009645123159215385,NZDUSD_merged,-33.42903748285855
2026-02-05 12:00:00,2026-02-09 09:00:00,-1.1,15.0,0.2655227805357174,3793.182579081677,1,1.05304,1.0488757923272378,1.0588698907418672,1.06092,1.07979,34.582477285574996,0.0017719161411772957,GBPCHF_merged,-16.76552278053572
2026-02-06 14:00:00,2026-02-09 22:00:00,1.4,60.0,0.7450654339363815,10643.79191337688,-1,94.558,95.09103184111198,93.81175542244324,89.674,94.022,63.97644650271695,0.17531807720334072,NZDJPY_merged,83.25493456606362
2026-02-09 11:00:00,2026-02-10 09:00:00,-1.1,60.0,1.3261122187088306,18944.46026726901,1,1.04834,1.0450197470546747,1.052656328828923,1.06092,1.07979,38.73361224885657,0.0017691085823018967,GBPCHF_merged,-67.32611221870883
2026-02-10 02:00:00,2026-02-10 09:00:00,-1.1,30.0,1.4031468943018557,20044.955632883655,1,1.35578,1.3537508909939777,1.358417841707829,1.3642,1.39282,32.44688270073392,0.001075241243544685,USDCAD_merged,-34.403146894301855
2026-02-08 17:00:00,2026-02-10 09:00:00,1.5,15.0,0.17443822464774125,2491.974637824875,-1,110.396,111.06050917070544,109.39923624394184,102.321,109.003,69.19211242350285,0.24813101525051104,AUDJPY_merged,22.32556177535226
2026-02-09 18:00:00,2026-02-10 10:00:00,-1.1,15.0,0.44857352805188416,6408.19325788406,1,1.35594,1.3527660788678655,1.3591139211321344,1.3642,1.39282,29.972354794979665,0.0012780051999329988,USDCAD_merged,-16.948573528051885
2026-02-08 20:00:00,2026-02-10 11:00:00,1.4,60.0,0.579127135383045,8273.244791186358,-1,110.194,110.99315923762386,109.0751770673266,102.321,109.003,54.23967666850234,0.29588842584015,AUDJPY_merged,83.42087286461695
2026-02-08 20:00:00,2026-02-10 17:00:00,1.5,30.0,0.5015561526796846,7165.087895424065,-1,0.82204,0.8254818558934566,0.816877216159815,0.78728,0.80032,56.95595837550879,0.0011735006555403124,NZDCAD_merged,44.49844384732032
2026-02-08 20:00:00,2026-02-10 17:00:00,1.4,90.0,1.5046684580390537,21495.263686272196,-1,0.82204,0.8254818558934566,0.8172214017491607,0.78728,0.80032,56.105663493371566,0.0011735006555403124,NZDCAD_merged,124.49533154196094
2026-02-09 06:00:00,2026-02-10 20:00:00,-1.1,90.00000000000001,2.1354770437430255,30506.814910614652,-1,1.16889,1.1723384130941967,1.1640622216681245,1.15241,1.16779,59.4347805477618,0.001167028823264982,AUDNZD_merged,-101.13547704374305
2026-02-09 06:00:00,2026-02-10 20:00:00,-1.1,30.000000000000004,0.7118256812476752,10168.938303538218,-1,1.16889,1.1723384130941967,1.1637173803587049,1.15241,1.16926,59.55562140636187,0.001167028823264982,AUDNZD_merged,-33.71182568124768
2026-02-11 04:00:00,2026-02-11 08:00:00,-1.1,30.0,0.44093440687256075,6299.062955322297,1,209.694,208.69530860024432,211.19203709963352,209.609,214.852,33.05542207086054,0.34342089154738564,GBPJPY_merged,-33.44093440687256
2026-02-11 03:00:00,2026-02-11 09:00:00,-1.1,30.0,0.7773819293157666,11105.45613308238,-1,1.1731,1.1762689828475539,1.1683465257286691,1.1527,1.16926,59.544525367835504,0.0010511275127635714,AUDNZD_merged,-33.777381929315766
2026-02-11 16:00:00,2026-02-11 22:00:00,-1.1,15.0,0.18593938193335838,2656.276884762263,1,181.876,180.84894592455706,183.10846489053156,181.789,186.873,32.16942830059048,0.3486760964479189,EURJPY_merged,-16.68593938193336
2026-02-11 16:00:00,2026-02-11 22:00:00,-1.1,15.0,0.2366501224606379,3380.7160351519706,1,181.876,181.0690289407234,183.00575948298726,181.789,186.873,32.303519456406775,0.3486760964479189,EURJPY_merged,-16.736650122460638
2026-02-11 16:00:00,2026-02-11 22:00:00,-1.1,15.0,0.2479191759111445,3541.7025130163506,1,181.876,181.1057094434178,182.80034866789867,181.789,186.873,32.303519456406775,0.3486760964479189,EURJPY_merged,-16.747919175911143
2026-02-11 16:00:00,2026-02-11 22:00:00,-1.1,30.0,0.43385855784450295,6197.979397778614,1,181.876,180.9956679353346,182.7563320646654,181.789,186.873,32.303519456406775,0.3486760964479189,EURJPY_merged,-33.4338585578445
2026-02-11 16:00:00,2026-02-11 22:00:00,-1.1,60.0,0.9054439468059192,12934.913525798847,1,181.876,181.032348438029,183.0571121867594,181.789,186.873,32.303519456406775,0.3486760964479189,EURJPY_merged,-66.90544394680592
2026-02-11 14:00:00,2026-02-12 04:00:00,1.4,15.0,0.44608135134366594,6372.590733480943,-1,1.17718,1.17995088247755,1.17330076453143,1.15241,1.16926,67.92846694956123,0.001162250689694125,AUDNZD_merged,20.553918648656335
2026-02-12 02:00:00,2026-02-12 11:00:00,-1.1,30.0,0.4390586717891925,6272.266739845608,1,181.832,180.96230484412493,182.70169515587506,181.789,186.873,37.674035258475925,0.3656320543564223,EURJPY_merged,-33.43905867178919
2026-02-11 16:00:00,2026-02-12 11:00:00,-1.1,15.000000000000002,0.17952767910807013,2564.681130115288,1,181.876,180.81226542186266,183.47160186720603,181.789,186.873,32.6287280245459,0.3486760964479189,EURJPY_merged,-16.679527679108073
2026-02-12 01:00:00,2026-02-12 11:00:00,-1.1,15.0,0.2861101511280789,4087.2878732582703,1,181.65,180.98335989915782,182.51663213109487,181.789,186.873,39.08577772764552,0.3623729816146097,EURJPY_merged,-16.786110151128078
2026-02-11 22:00:00,2026-02-12 17:00:00,1.5,15.0,0.17351574233864123,2478.796319123446,-1,0.54969,0.5530163523656174,0.5447004714515739,0.53002,0.53684,64.20992115653947,0.001105088195887348,AUDCHF_merged,22.32648425766136
2026-02-11 00:00:00,2026-02-13 01:00:00,1.5,30.0,0.40044086078236824,5720.583725462404,-1,0.71115,0.7148794271046222,0.7055558593430666,0.6592,0.70938,65.3196152455065,0.0012541515359627625,AUDUSD_merged,44.59955913921763
2026-02-11 23:00:00,2026-02-13 01:00:00,1.5,29.999999999999996,0.7221724219357566,10316.748884796523,-1,1.17742,1.1808438111632293,1.1722842832551559,1.1527,1.16926,57.96674765226966,0.0011920085005414328,AUDNZD_merged,44.27782757806423
2026-02-11 23:00:00,2026-02-13 02:00:00,1.5,30.0,0.4555395362461934,6507.707660659907,-1,0.96743,0.9718897731664328,0.9607403402503508,0.91331,0.93444,57.04280910957618,0.0015908633291533449,AUDCAD_merged,44.54446046375381
2026-02-11 15:00:00,2026-02-16 05:00:00,1.0,15.0,0.19821851346054475,2831.6930494363537,1,208.498,207.39354766516004,209.60245233483994,209.609,214.852,31.931730130810745,0.44903215336068986,GBPJPY_merged,14.801781486539456
2026-02-18 05:00:00,2026-02-18 19:00:00,-1.1,30.0,0.6666235630315599,9523.193757593714,-1,1.1774,1.1811090498102945,1.1718364252845583,1.1527,1.16926,65.69307221929688,0.001219769643690337,AUDNZD_merged,-33.66662356303156
2026-02-17 12:00:00,2026-02-19 00:00:00,-1.1,30.0,0.5041356410309953,7201.937729014219,1,1.35378,1.3481407676811226,1.3622388484783161,1.35083,1.3869,38.329314848177326,0.0019156655208228263,GBPUSD_merged,-33.504135641031
2026-02-17 06:00:00,2026-02-19 01:00:00,1.5,30.0,0.45336328080155874,6476.618297165125,1,207.993,207.0295666596824,209.43815001047642,209.609,215.003,35.74245289271052,0.33298850798347496,GBPJPY_merged,44.54663671919844
2026-02-19 13:00:00,2026-02-22 19:00:00,1.5,15.0,0.2690297953951779,3843.2827913596843,1,1.34523,1.3399796837741516,1.3531054743387727,1.35083,1.3869,36.57035222192419,0.0017904214516263634,GBPUSD_merged,22.230970204604823
2026-02-25 21:00:00,2026-02-26 10:00:00,1.5,60.0,0.9210356713701289,13157.6524481447,-1,111.13,111.63676213148798,110.36985680276801,107.673,110.792,61.23045699326797,0.17233516525477502,AUDJPY_merged,89.07896432862987
2026-02-27 04:00:00,2026-02-27 08:00:00,-1.1,90.0,2.742328926955908,39176.12752794154,-1,0.87498,0.8769901067912809,0.8719648398130787,0.86122,0.87454,55.92715304238305,0.0006972016819372123,EURGBP_merged,-101.74232892695592
2026-02-25 03:00:00,2026-03-01 17:00:00,1.5,30.0,0.7825684317509237,11179.549025013197,-1,1.18709,1.1902755220564192,1.1823117169153712,1.1527,1.16926,63.76792486437832,0.0010699947471293307,AUDNZD_merged,44.217431568249076
2026-02-25 03:00:00,2026-03-01 17:00:00,1.5,30.0,0.557865175989278,7969.502514132544,-1,0.97198,0.9756388733046122,0.9664916900430816,0.91331,0.93444,61.98477375121347,0.0012408461320187114,AUDCAD_merged,44.44213482401072
2026-02-25 18:00:00,2026-03-01 17:00:00,1.5,59.99999999999999,0.9183575338702449,13119.393341003499,-1,0.54967,0.5521838509946891,0.5458992235079663,0.53002,0.5506,59.441073350882164,0.0008456419441122899,AUDCHF_merged,89.08164246612974
2026-03-02 02:00:00,2026-03-02 07:00:00,1.5,60.0,0.9939086641829785,14198.69520261398,-1,203.651,204.51157625898966,202.36013561151552,197.639,203.653,55.45110641057635,0.33005397455333835,CHFJPY_merged,89.00609133581702
2026-02-27 14:00:00,2026-03-02 09:00:00,1.5,60.0,1.4982598525462532,21403.71217923219,-1,0.87715,0.8796088725338526,0.8734616911992211,0.86122,0.87454,58.37331508631588,0.0008273237177360485,EURGBP_merged,88.50174014745375
2026-03-02 06:00:00,2026-03-02 17:00:00,-1.1,60.00000000000001,1.205177883528219,17216.826907545987,1,1.60226,1.5966761836256909,1.6106357245614635,1.60746,1.63919,33.41350609222753,0.0018979214991630047,EURCAD_merged,-67.20517788352824
2026-03-03 05:00:00,2026-03-03 10:00:00,1.5,90.0,1.8251570879826033,26073.672685465768,-1,1.1954,1.1995262311335209,1.1892106532997189,1.1527,1.16926,66.22035597560145,0.001402635584624916,AUDNZD_merged,133.1748429120174
2026-03-03 08:00:00,2026-03-03 10:00:00,-1.1,90.0,1.0251104588949609,14644.435127070868,1,0.80733,0.8023684088311003,0.8147723867533496,0.81341,0.82524,34.561451483030645,0.001680115398908804,NZDCAD_merged,-100.02511045889497
2026-03-03 05:00:00,2026-03-03 10:00:00,1.5,60.0,0.5833864956957485,8334.09279565355,-1,0.55317,0.5571524610565064,0.5471963084152406,0.53002,0.5506,58.7625070098066,0.0013858865451867506,AUDCHF_merged,89.41661350430425
2026-03-03 14:00:00,2026-03-04 09:00:00,1.0,15.0,0.38027060900972204,5432.437271567458,1,1.58759,1.5832063598750348,1.5919736401249653,1.60895,1.63919,29.367988122009766,0.0021981186294481843,EURCAD_merged,14.619729390990278
2026-03-03 16:00:00,2026-03-05 00:00:00,-1.1,15.0,0.4127418959926635,5896.312799895193,1,1.58792,1.5838803907037593,1.593171492085113,1.60746,1.63919,31.317537741321345,0.0020713880019221933,EURCAD_merged,-16.912741895992664
2026-03-03 14:00:00,2026-03-05 06:00:00,-1.1,15.000000000000002,0.3306700947910627,4723.8584970151815,1,1.58759,1.58254881385629,1.5946476606011941,1.60746,1.63919,30.103299700022784,0.0021981186294481843,EURCAD_merged,-16.830670094791067
2026-03-03 14:00:00,2026-03-06 06:00:00,-1.1,60.0,1.0490223696819918,14986.033852599883,1,1.58759,1.5812337218188004,1.5971244172717995,1.60746,1.63919,29.055428789070557,0.0021981186294481843,EURCAD_merged,-67.04902236968199
2026-03-03 14:00:00,2026-03-06 08:00:00,-1.1,90.0,0.9624620042527565,13749.457203610811,1,0.80575,0.800475791794824,0.813661312307764,0.81341,0.82524,38.00115185565567,0.0018530715927903571,NZDCAD_merged,-99.96246200425277
2026-03-08 22:00:00,2026-03-09 04:00:00,1.3,15.0,0.2636289566982569,3766.127952832242,1,0.79716,0.7939850149358287,0.8012874805834226,0.81341,0.82524,31.659519492882858,0.0017081130012866833,NZDCAD_merged,19.236371043301745
2026-03-08 22:00:00,2026-03-09 04:00:00,1.2,15.0,0.23852143701270861,3407.449100181552,1,0.79716,0.7936508059817055,0.8013710328219533,0.81341,0.82524,32.149754880453465,0.0017081130012866833,NZDCAD_merged,17.761478562987293
2026-03-09 02:00:00,2026-03-09 07:00:00,1.0,59.99999999999999,1.1577367364701547,16539.096235287925,1,1.80455,1.7980035116998119,1.8110964883001883,1.84599,1.8816,38.36373268663402,0.0034672981393731295,GBPCAD_merged,58.84226326352984
2026-03-09 02:00:00,2026-03-09 08:00:00,1.0,15.0,0.24119515343128223,3445.645049018318,1,1.80455,1.7966942140397741,1.812405785960226,1.85123,1.8816,38.487656555622756,0.0034672981393731295,GBPCAD_merged,14.758804846568717
2026-03-09 02:00:00,2026-03-09 08:00:00,1.2,30.0,0.5513032078429309,7875.760112041869,1,1.80455,1.7976761872848024,1.8127985752582374,1.85123,1.8816,38.487656555622756,0.0034672981393731295,GBPCAD_merged,35.44869679215707
2026-03-09 02:00:00,2026-03-09 08:00:00,1.4,15.000000000000002,0.2631219855613988,3758.8855080199833,1,1.80455,1.7973488628697931,1.81463159198229,1.85123,1.8816,38.487656555622756,0.0034672981393731295,GBPCAD_merged,20.736878014438602
2026-03-09 00:00:00,2026-03-09 08:00:00,1.0,60.0,1.177947727509866,16827.82467871237,-1,117.11,117.52755842684104,116.69244157315896,111.775,115.317,69.97677900342477,0.21565212674762607,CADJPY_merged,58.82205227249013
2026-03-09 02:00:00,2026-03-09 08:00:00,1.4,29.999999999999996,0.6093351244579761,8704.787492256803,1,1.80455,1.7983308361148214,1.8132568294392504,1.85123,1.8816,38.35990591332682,0.0034672981393731295,GBPCAD_merged,41.390664875542015
2026-03-08 22:00:00,2026-03-09 08:00:00,1.4,15.0,0.2636289566982569,3766.127952832242,1,0.79716,0.7939850149358287,0.8016049790898396,0.81341,0.82524,31.14041726501114,0.0017081130012866833,NZDCAD_merged,20.736371043301745
2026-03-09 02:00:00,2026-03-09 08:00:00,1.3,29.999999999999996,0.6093351244579761,8704.787492256803,1,1.80455,1.7983308361148214,1.8126349130507327,1.85123,1.8816,38.40735035726068,0.0034672981393731295,GBPCAD_merged,38.39066487554202
2026-03-09 02:00:00,2026-03-09 09:00:00,1.2,30.0,0.4134774058821981,5906.820084031402,1,1.80455,1.7953849163797366,1.8155481003443164,1.83954,1.85601,38.40735035726068,0.0034672981393731295,GBPCAD_merged,35.5865225941178
2026-03-08 22:00:00,2026-03-09 09:00:00,1.2,15.0,0.1788910777595315,2555.5868251361644,1,0.79716,0.792481074642274,0.8027747104292712,0.8135,0.82129,31.659519492882858,0.0017081130012866833,NZDCAD_merged,17.82110892224047
2026-03-09 02:00:00,2026-03-09 09:00:00,1.4,30.0,0.5033637984652847,7190.911406646925,1,1.80455,1.7970215384547836,1.8150898461633032,1.85123,1.8816,38.487656555622756,0.0034672981393731295,GBPCAD_merged,41.49663620153471
2026-03-09 00:00:00,2026-03-09 10:00:00,1.2,30.0,0.5609274892904124,8013.249847005891,-1,117.11,117.54843634818309,116.58387638218029,111.775,115.317,68.56512962399913,0.21565212674762607,CADJPY_merged,35.439072510709586
2026-03-09 01:00:00,2026-03-09 14:00:00,1.4,15.0,0.24738725168686063,3534.1035955265806,-1,116.861,117.35699989151955,116.16660015187264,111.775,115.317,70.10389023498207,0.21467697483708123,CADJPY_merged,20.75261274831314
2026-03-10 14:00:00,2026-03-10 21:00:00,-1.1,30.0,0.405697743697838,5795.682052826258,1,1.62955,1.6211150134782393,1.639671983826113,1.66228,1.74653,36.14348524516504,0.0029501741016043238,EURAUD_merged,-33.405697743697836
2026-03-10 14:00:00,2026-03-10 21:00:00,-1.1,60.00000000000001,1.195740718267312,17082.010260961604,1,1.62955,1.623826259145948,1.6375632371956728,1.66228,1.74653,35.78369426422313,0.0029501741016043238,EURAUD_merged,-67.19574071826733
2026-03-10 14:00:00,2026-03-10 21:00:00,-1.1,30.000000000000004,0.597870359133656,8541.005130480802,1,1.62955,1.623826259145948,1.6369908631102676,1.66228,1.74653,36.14348524516504,0.0029501741016043238,EURAUD_merged,-33.597870359133665
2026-03-10 14:00:00,2026-03-10 21:00:00,-1.1,29.999999999999996,0.5163425828881574,7376.322612687963,1,1.62955,1.622922510590045,1.6388284851739368,1.72905,1.74653,36.511772239551625,0.0029501741016043238,EURAUD_merged,-33.51634258288816
2026-03-10 14:00:00,2026-03-10 21:00:00,-1.1,59.99999999999999,1.0818606498609011,15455.15214087002,1,1.62955,1.6232237601086794,1.6371414878695847,1.66228,1.74653,36.511772239551625,0.0029501741016043238,EURAUD_merged,-67.0818606498609
2026-03-11 01:00:00,2026-03-11 09:00:00,-1.1,90.0,2.4869623424526397,35528.033463609136,-1,1.20677,1.2098270028625773,1.2037129971374225,1.1527,1.16779,76.30606011689497,0.0015000370433395443,AUDNZD_merged,-101.48696234245266
2026-03-11 01:00:00,2026-03-11 09:00:00,-1.1,29.999999999999996,0.8726183657728559,12465.976653897942,-1,1.20677,1.2096741527194486,1.2027041861927719,1.1527,1.16926,75.54383101881473,0.0015000370433395443,AUDNZD_merged,-33.87261836577286
2026-03-11 01:00:00,2026-03-11 10:00:00,-1.1,30.0,0.7895118547468696,11278.740782098137,-1,1.20677,1.2099798530057062,1.2029181763931522,1.15241,1.16926,74.00862113526878,0.0015000370433395443,AUDNZD_merged,-33.78951185474687
2026-03-11 03:00:00,2026-03-12 09:00:00,1.3,30.0,0.6049542692361335,8642.203846230479,1,1.8753,1.8687902021520195,1.8837627372023746,1.99962,2.02873,32.030841666408904,0.003409337294125812,GBPAUD_merged,38.39504573076387
2026-03-11 03:00:00,2026-03-12 09:00:00,1.2,29.999999999999996,0.5473395769279301,7819.136813256146,1,1.8753,1.8681049602732847,1.8839340476720583,1.99962,2.02873,32.68076433064134,0.003409337294125812,GBPAUD_merged,35.45266042307206
2026-03-11 03:00:00,2026-03-12 10:00:00,1.4,30.0,0.5224605052493879,7463.721503562686,1,1.8753,1.8677623393339173,1.8858527249325157,1.99962,2.02873,32.68076433064134,0.003409337294125812,GBPAUD_merged,41.47753949475061
2026-03-11 01:00:00,2026-03-12 10:00:00,1.4,30.0,0.45521920870555277,6503.131552936468,-1,113.463,113.98642321115477,112.7302075043833,107.673,110.792,69.90392690452076,0.22760564425503638,AUDJPY_merged,41.54478079129445
2026-03-11 03:00:00,2026-03-12 17:00:00,1.4,30.0,0.4997448311081102,7139.211872973004,1,1.8753,1.8674197183945498,1.88633239424763,1.99962,2.02873,32.68076433064134,0.003409337294125812,GBPAUD_merged,41.50025516889189
2026-03-11 03:00:00,2026-03-12 19:00:00,1.2,30.0,0.4105046826959477,5864.352609942111,1,1.8753,1.865706613697713,1.8868120635627443,1.99665,2.01438,32.030841666408904,0.003409337294125812,GBPAUD_merged,35.58949531730405
2026-03-11 13:00:00,2026-03-12 23:00:00,-1.1,60.00000000000001,1.8900397877630075,27000.568396614395,-1,1.20849,1.2111754767994105,1.2058045232005896,1.1527,1.16779,70.72961513107614,0.001321114228297669,AUDNZD_merged,-67.89003978776302
2026-03-11 14:00:00,2026-03-12 23:00:00,-1.1,30.0,0.914811129963615,13068.730428051644,-1,1.20857,1.211344339879425,1.2052407921446897,1.15241,1.16926,70.91907578910595,0.00126817749770498,AUDNZD_merged,-33.91481112996362
2026-03-13 07:00:00,2026-03-13 10:00:00,-1.1,30.0,0.5037256239713176,7196.080342447394,1,0.58304,0.5806093434248052,0.5859567878902338,0.5928,0.60922,37.92920865180344,0.00117549440399773,NZDUSD_merged,-33.50372562397132
2026-03-13 07:00:00,2026-03-13 10:00:00,-1.1,30.0,0.5567493738630352,7953.562483757647,1,0.58304,0.5808408345272047,0.5858989151146339,0.5928,0.60757,37.72160502793291,0.00117549440399773,NZDUSD_merged,-33.556749373863035
2026-03-13 07:00:00,2026-03-13 12:00:00,-1.1,30.000000000000004,0.3777942179784882,5397.060256835546,1,0.58304,0.5797991245664069,0.5869290505203117,0.58356,0.60757,37.72160502793291,0.00117549440399773,NZDUSD_merged,-33.3777942179785
2026-03-13 04:00:00,2026-03-13 13:00:00,-1.1,30.0,0.5327540785243405,7610.772550347722,1,0.58176,0.5794668293810459,0.5840531706189542,0.58356,0.60757,27.458400107022992,0.0011339720730858646,NZDUSD_merged,-33.53275407852434
2026-03-13 04:00:00,2026-03-13 13:00:00,-1.1,29.999999999999996,0.44396173210361706,6342.310458623101,1,0.58176,0.5790081952572551,0.584511804742745,0.5928,0.60757,30.39273159736678,0.0011339720730858646,NZDUSD_merged,-33.44396173210362
2026-03-30 16:00:00,2026-03-31 00:00:00,0.126935573526821,30.0,0.5970850873071094,8529.786961530135,1,210.553,209.8124668508735,211.44163977895178,210.792,213.298,30.764608657858904,0.25608497292460125,GBPJPY_merged,3.2109821184975207
2026-03-30 16:00:00,2026-03-31 00:00:00,0.18706295046057833,15.0,0.4399574327526069,6285.1061821800995,1,210.553,210.05049536309272,211.25650649167017,210.792,213.298,30.237919834500378,0.25608497292460125,GBPJPY_merged,2.365986824156068
