entry_time,exit_time,r_mult,risk_usd,fee_usd,notional,trade_type,entry_price,sl_price,tp_price,zone_lower,zone_upper,momentum,atr,asset,pnl_usd
2021-06-30 10:00:00,2021-07-01 04:00:00,-1.1,60.0,1.3438449022179944,19197.78431739992,-1,0.92376,0.9266470831697888,0.9194293752453169,0.8926,0.92385,64.54793138963744,0.0010429066954108109,USDCHF_merged,-67.343844902218
2021-06-30 14:00:00,2021-07-02 08:00:00,-1.1,60.0,1.3186337961693235,18837.625659561767,1,1.18529,1.1815147152966488,1.1909529270550268,1.18472,1.22664,30.83981359443029,0.001225683360561086,EURUSD_merged,-67.31863379616932
2021-06-30 07:00:00,2021-07-02 13:00:00,1.5,15.0,0.3601067782651535,5144.382546645051,-1,1.58433,1.5889495922998569,1.5774006115502146,1.56586,1.58506,63.2531836285416,0.0015913023785271642,EURAUD_merged,22.139893221734848
2021-07-01 08:00:00,2021-07-02 14:00:00,1.5,30.000000000000004,0.6724307726659466,9606.15389522781,-1,0.92491,0.9277984921377103,0.9205772617934347,0.8926,0.92385,50.28671300554673,0.0009747713759579329,USDCHF_merged,44.32756922733406
2021-06-30 09:00:00,2021-07-05 23:00:00,1.5,60.0,1.1386693508557104,16266.705012224436,-1,1.84534,1.8521465659220349,1.8351301511169478,1.8194,1.84494,57.7903657132606,0.0023939370711060282,GBPAUD_merged,88.86133064914429
2021-07-02 14:00:00,2021-07-06 10:00:00,1.5,60.0,1.258041197608948,17972.01710869926,1,1.46322,1.4583350057631814,1.4705474913552277,1.46658,1.48243,27.99106692043481,0.0016534505971105059,EURCAD_merged,88.74195880239105
2021-07-07 13:00:00,2021-07-08 02:00:00,-1.1,59.99999999999999,0.8182447588178248,11689.21084025464,-1,1.24826,1.2546672417739337,1.238649137339099,1.20064,1.24866,60.95680544614,0.0021081938824080923,USDCAD_merged,-66.81824475881783
2021-07-08 06:00:00,2021-07-12 09:00:00,1.5,60.0,0.9549259913171776,13641.799875959681,1,130.057,129.4849772412032,130.91503413819515,130.037,134.123,35.384595478264174,0.19734037772281166,EURJPY_merged,89.04507400868282
2021-07-09 08:00:00,2021-07-13 11:00:00,-1.1,60.0,1.7423623852926475,24890.891218466397,1,1.08534,1.0827237658351225,1.0892643512473161,1.0869,1.10279,46.898362198139466,0.0008562153367477864,EURCHF_merged,-67.74236238529265
2021-07-14 06:00:00,2021-07-14 20:00:00,1.5,15.0,0.446762097403549,6382.315677193557,1,0.85176,0.8497581560539765,0.854762765919035,0.85303,0.86713,33.02679432074348,0.0007296183642453293,EURGBP_merged,22.05323790259645
2021-07-08 07:00:00,2021-07-15 02:00:00,-1.1,90.0,1.4293475399556332,20419.25057079476,-1,1.72945,1.737072733236969,1.718015900144546,1.70144,1.72582,62.310831396339985,0.0025515602876333364,GBPCAD_merged,-100.42934753995564
2021-07-13 12:00:00,2021-07-15 11:00:00,-1.1,30.0,0.4696718920058668,6709.598457226669,-1,1.25095,1.2565432557274838,1.2425601164087743,1.20064,1.24866,59.55429699839466,0.0018291029632688234,USDCAD_merged,-33.46967189200587
2021-07-15 00:00:00,2021-07-15 13:00:00,-1.1,30.0,0.442550754239442,6322.15363199203,1,87.611,87.19526666718446,88.23459999922333,87.959,91.183,32.07153515175207,0.1336079363476714,CADJPY_merged,-33.44255075423944
2021-07-15 16:00:00,2021-07-18 20:00:00,-1.1,15.0,0.2229693159541134,3185.27594220162,1,81.481,81.09729227037855,82.05656159443217,82.133,84.193,31.51326992065678,0.12750493805612828,AUDJPY_merged,-16.722969315954114
2021-07-19 12:00:00,2021-07-20 09:00:00,-1.1,15.0,0.1293836146776731,1848.3373525381874,1,76.019,75.40207528199107,76.9443870770134,75.971,78.767,32.057722832153836,0.2151088998550779,NZDJPY_merged,-16.629383614677675
2021-07-19 16:00:00,2021-07-20 09:00:00,-1.1,30.0,0.3397741854098818,4853.916934426883,1,149.644,148.71911396246625,151.03132905630062,150.661,155.482,33.076522583275256,0.3017172041364195,GBPJPY_merged,-33.33977418540988
2021-07-19 20:00:00,2021-07-20 15:00:00,1.5,60.0,0.7625392933792785,10893.418476846837,1,0.72048,0.7165116589239751,0.7264325116140373,0.73616,0.74835,36.23850824990874,0.0013085082263133965,CADCHF_merged,89.23746070662072
2021-07-19 20:00:00,2021-07-21 04:00:00,1.5,30.0,0.3285955031105809,4694.221473008299,1,85.9,85.35102717994502,86.72345923008247,87.959,91.183,33.94146154166743,0.18242233154469772,CADJPY_merged,44.671404496889416
2021-07-19 16:00:00,2021-07-22 02:00:00,1.5,15.0,0.1481750588725098,2116.786555321569,1,80.326,79.75679286998921,81.17981069501617,81.319,84.193,33.576270506384375,0.19032986921527498,AUDJPY_merged,22.35182494112749
2021-07-21 15:00:00,2021-07-29 13:00:00,-1.1,60.0,0.9536517515300112,13623.596450428733,1,0.92392,0.919850942302812,0.930023586545782,0.92467,0.93764,35.036986847599636,0.0013671859621537824,AUDCAD_merged,-66.95365175153002
2021-08-01 19:00:00,2021-08-03 00:00:00,1.5,30.000000000000004,0.41216320356709446,5888.045765244207,1,0.66512,0.6617311676444871,0.6702032485332693,0.67171,0.70023,33.01814294510779,0.0011108083896962352,AUDCHF_merged,44.58783679643291
2021-07-29 16:00:00,2021-08-03 06:00:00,-1.1,59.99999999999999,1.429793188923592,20425.616984622746,1,0.90592,0.9032588710832616,0.9099116933751074,0.91174,0.92325,31.936739149087018,0.0008720856137339337,USDCHF_merged,-67.4297931889236
2021-08-03 11:00:00,2021-08-04 10:00:00,1.5,30.0,0.8068494693346705,11526.420990495293,1,108.95,108.66643409496363,109.37534885755456,109.063,110.592,40.41696968193413,0.10336839323824538,USDJPY_merged,44.19315053066533
2021-08-08 23:00:00,2021-08-09 20:00:00,-1.1,30.0,0.9121726088596921,13031.037269424174,1,1.17599,1.1732826406953973,1.180051038956904,1.17518,1.19085,32.134584390007845,0.000886174161572306,EURUSD_merged,-33.91217260885969
2021-08-04 00:00:00,2021-08-11 08:00:00,-1.1,60.0,1.302483226197272,18606.903231389602,1,1.04939,1.0460061268634009,1.054465809704899,1.05999,1.07386,35.62707991452103,0.0011513633196007116,AUDNZD_merged,-67.30248322619727
2021-08-16 12:00:00,2021-08-16 21:00:00,-1.1,30.000000000000004,0.4627997020517365,6611.424315024808,1,80.183,79.81916160673075,80.7287575899039,80.154,84.193,33.108640422771145,0.12199997814040604,AUDJPY_merged,-33.46279970205175
2021-08-16 10:00:00,2021-08-16 22:00:00,1.5,29.999999999999996,0.9952117498991531,14217.310712845045,1,1.04349,1.0412881278856263,1.0467928081715605,1.05999,1.06063,39.98301001893344,0.000788604371597483,AUDNZD_merged,44.00478825010084
2021-08-17 01:00:00,2021-08-17 02:00:00,-1.1,30.0,0.506652626244233,7237.894660631901,1,79.922,79.59073516230606,80.41889725654089,80.154,84.193,34.144198135213614,0.11128430763598843,AUDJPY_merged,-33.50665262624423
2021-08-17 12:00:00,2021-08-17 22:00:00,-1.1,15.0,0.15346520420660303,2192.360060094329,1,75.746,75.22775027419942,76.52337458870085,76.035,77.31,29.955111341956325,0.18044203042875306,NZDJPY_merged,-16.653465204206604
2021-08-17 20:00:00,2021-08-18 20:00:00,-1.1,14.999999999999998,0.28581456357865626,4083.065193980804,1,0.72546,0.7227948698874458,0.7294576951688312,0.7289,0.74263,30.474097782890947,0.000898366784807973,AUDUSD_merged,-16.785814563578658
2021-08-19 13:00:00,2021-08-20 01:00:00,-1.1,59.99999999999999,1.0627837786049525,15182.62540864218,-1,1.74782,1.754727184836445,1.7374592227453323,1.71485,1.75063,69.72193141020405,0.0023066601693050985,GBPCAD_merged,-67.06278377860495
2021-08-19 06:00:00,2021-08-24 00:00:00,1.5,15.0,0.13866090203307663,1980.870029043952,1,74.882,74.31496128290551,75.73255807564173,76.035,78.767,34.82773664089839,0.19220697838000794,NZDJPY_merged,22.361339097966923
2021-08-19 06:00:00,2021-08-24 02:00:00,1.5,60.0,0.6086979691006726,8695.685272866753,1,0.62531,0.6209953774230917,0.6317819338653625,0.62837,0.65453,38.661678358116056,0.0015551008251184278,NZDCHF_merged,89.39130203089933
2021-08-26 23:00:00,2021-08-30 08:00:00,1.5,60.0,1.6304958500464277,23292.797857806112,-1,1.49128,1.495121393401781,1.4855179098973281,1.46602,1.49248,69.75174608394664,0.0012614313848067925,EURCAD_merged,88.36950414995357
2021-08-31 08:00:00,2021-09-02 07:00:00,-1.1,90.0,1.5747688677505534,22496.698110722195,1,1.95152,1.943712774284672,1.9632308385729917,1.96458,2.00734,33.931221330002494,0.0026562791699326197,GBPNZD_merged,-100.57476886775056
2021-09-01 17:00:00,2021-09-02 09:00:00,-1.1,60.0,1.259088482182132,17986.978316887602,-1,0.92934,0.9324400426540599,0.9246899360189104,0.91421,0.93106,71.55989634268741,0.00109619592371372,AUDCAD_merged,-67.25908848218214
2021-09-03 12:00:00,2021-09-07 10:00:00,1.5,30.0,0.40941667153583117,5848.809593369017,-1,0.74411,0.7479267253769568,0.7383849119345648,0.71056,0.74263,70.70277318228909,0.0013149613275970154,AUDUSD_merged,44.59058332846417
2021-09-03 16:00:00,2021-09-07 10:00:00,1.5,30.0,0.42160485766990885,6022.926538141555,-1,0.71565,0.7192146292319921,0.710303056152012,0.68046,0.70882,61.44345324759017,0.0012263837442339058,NZDUSD_merged,44.57839514233009
2021-09-02 11:00:00,2021-09-07 15:00:00,-1.1,29.999999999999996,0.5815078928614672,8307.255612306675,-1,0.89434,0.8975697308825135,0.8894954036762298,0.86784,0.88409,56.31087243168153,0.0011477217111496233,NZDCAD_merged,-33.58150789286147
2021-09-03 10:00:00,2021-09-08 04:00:00,1.5,15.0,0.1938733445374886,2769.619207678409,-1,81.671,82.11332253899874,81.00751619150189,77.894,81.581,57.987189215110966,0.15563036963013913,AUDJPY_merged,22.30612665546251
2021-09-13 09:00:00,2021-09-14 17:00:00,1.5,59.99999999999999,1.3075961335161732,18679.94476451676,-1,0.92269,0.9256536811402762,0.9182444782895857,0.9101,0.92419,58.246719659984,0.001078961941467753,USDCHF_merged,88.69240386648382
2021-09-16 20:00:00,2021-09-17 07:00:00,-1.1,60.0,1.9244799735461104,27492.571050658724,-1,1.09103,1.0934110723223875,1.0874583915164184,1.06959,1.08401,66.82642136805389,0.0008009837485477751,EURCHF_merged,-67.92447997354611
2021-09-16 11:00:00,2021-09-17 09:00:00,-1.1,90.0,1.6689002417192165,23841.432024560236,-1,0.92519,0.9286825376929633,0.919951193460555,0.9101,0.92419,66.73409698436554,0.0011811573893724986,USDCHF_merged,-100.66890024171923
2021-09-16 09:00:00,2021-09-17 11:00:00,-1.1,90.0,1.8038248006296511,25768.925723280732,1,118.398,117.9844856721453,119.01827149178204,119.28,120.6,31.012297408189692,0.145048922712094,CHFJPY_merged,-100.80382480062967
2021-09-16 10:00:00,2021-09-20 05:00:00,1.5,60.00000000000001,0.9678790281634913,13826.843259478448,-1,0.73126,0.7344332188740856,0.7265001716888716,0.70874,0.73176,52.30078462259299,0.001238912447367305,CADCHF_merged,89.03212097183652
2021-09-20 02:00:00,2021-09-20 09:00:00,1.5,30.0,0.8328753177082071,11898.21882440296,-1,0.93207,0.9344201080634565,0.9285448379048151,0.9101,0.92419,71.46691189959266,0.0008024976557865848,USDCHF_merged,44.16712468229179
2021-09-20 08:00:00,2021-09-21 04:00:00,1.5,30.0,0.6180335041177754,8829.050058825364,1,117.76,117.35986635295282,118.36020047057079,119.28,120.6,42.94292517206935,0.14162161112348395,CHFJPY_merged,44.381966495882224
2021-09-28 23:00:00,2021-09-29 07:00:00,-1.1,30.0,0.5745019026331997,8207.17003761714,1,1.35459,1.3496385124819226,1.362017231277116,1.36019,1.3913,30.826495414684658,0.0016233088112070396,GBPUSD_merged,-33.5745019026332
2021-09-29 07:00:00,2021-09-29 09:00:00,-1.1,59.99999999999999,1.0426363429858643,14894.804899798062,1,1.3503,1.3448606538289671,1.3584590192565495,1.37261,1.3913,26.107950583540777,0.0020510076587609417,GBPUSD_merged,-67.04263634298586
2021-09-29 21:00:00,2021-09-30 06:00:00,-1.1,90.0,2.531275908051385,36161.08440073408,1,1.16033,1.157442097114049,1.1646618543289267,1.16638,1.1909,27.65454773833849,0.0009912943244225452,EURUSD_merged,-101.5312759080514
2021-09-29 07:00:00,2021-09-30 10:00:00,1.5,15.0,0.30565850919396803,4366.550131342401,-1,0.86338,0.8663458883123869,0.8589311675314196,0.85003,0.86133,66.40192033319562,0.001086442552577295,EURGBP_merged,22.194341490806032
2021-09-29 20:00:00,2021-09-30 10:00:00,1.5,60.0,0.8271677813480626,11816.682590686609,1,0.7178,0.7141553222599086,0.7232670166101369,0.72196,0.74775,38.23310890296025,0.0013322655770710986,AUDUSD_merged,89.17283221865193
2021-09-29 15:00:00,2021-10-01 07:00:00,1.5,29.999999999999996,0.4301269269629154,6144.670385184506,1,1.34349,1.3369307059331972,1.3533289411002043,1.37261,1.3913,23.79990370539605,0.0023545618078682977,GBPUSD_merged,44.56987307303708
2021-09-29 15:00:00,2021-10-01 08:00:00,1.5,30.0,0.5367311339596065,7667.587627994379,-1,0.93435,0.9380057130299575,0.9288664304550638,0.9101,0.93325,74.34016159634915,0.0012673538109552983,USDCHF_merged,44.463268866040394
2021-09-30 17:00:00,2021-10-04 09:00:00,-1.1,29.999999999999996,0.4610670631754326,6586.67233107761,1,1.46748,1.4607961393512348,1.4775057909731477,1.46602,1.50976,30.355991461986576,0.0023223007253558073,EURCAD_merged,-33.461067063175435
2021-09-30 10:00:00,2021-10-06 05:00:00,-1.1,60.0,1.3575527315895546,19393.610451279354,1,1.15851,1.1549257988954853,1.1638863016567718,1.16638,1.1909,39.08679781355047,0.0013264952642522668,EURUSD_merged,-67.35755273158955
2021-10-06 15:00:00,2021-10-14 02:00:00,-1.1,15.0,0.5061914563069921,7231.3065186713175,1,1.0717,1.0694769577380667,1.0750345633929,1.08127,1.09376,29.758882866030543,0.0007650905460492962,EURCHF_merged,-17.006191456306993
2021-10-14 15:00:00,2021-10-14 21:00:00,-1.1,30.0,0.6947918445897759,9925.597779853942,1,1.65043,1.6454415951604955,1.657912607259257,1.65315,1.69134,24.75136278119811,0.001944160394538658,EURNZD_merged,-33.69479184458977
2021-10-14 12:00:00,2021-10-15 00:00:00,-1.1,30.0,0.5978693876353074,8540.991251932963,-1,155.422,155.96791555739443,154.60312666390834,149.226,152.568,64.30336056881771,0.20110587952718637,GBPJPY_merged,-33.597869387635306
2021-10-14 11:00:00,2021-10-15 00:00:00,-1.1,60.0,1.4286955856531405,20409.93693790201,-1,123.123,123.48495016292684,122.58007475560976,119.009,120.6,59.859827263766,0.13626592904891094,CHFJPY_merged,-67.42869558565314
2021-10-14 10:00:00,2021-10-15 07:00:00,1.5,15.0,0.5441929121832088,7774.184459760126,1,1.0694,1.067336632442537,1.072495051336194,1.06959,1.09376,47.07230704353999,0.0007917666202914154,EURCHF_merged,21.95580708781679
2021-10-14 12:00:00,2021-10-18 07:00:00,1.5,30.0,0.6650411635974027,9500.588051391469,1,1.56217,1.5572371369238944,1.5695692946141586,1.59086,1.6234,34.509665941717074,0.0018222015870204785,EURAUD_merged,44.3349588364026
2021-10-15 09:00:00,2021-10-19 04:00:00,-1.1,15.0,0.3181125997132781,4544.465710189687,-1,123.577,123.98489283454019,122.9651607481897,119.009,120.6,64.67404953939587,0.15456631875721072,CHFJPY_merged,-16.818112599713277
2021-10-19 15:00:00,2021-10-20 10:00:00,-1.1,30.0,0.5633618822974039,8048.026889962914,1,1.62563,1.619570266270628,1.6347196005940576,1.65315,1.69134,35.04566272862606,0.0021868925524295,EURNZD_merged,-33.56336188229741
2021-10-19 13:00:00,2021-10-20 11:00:00,-1.1,30.0,0.5950499098151713,8500.71299735959,1,1.55534,1.5498510251323043,1.5635734623015434,1.59086,1.6234,28.64076100795464,0.001940599822223347,EURAUD_merged,-33.595049909815174
2021-10-20 03:00:00,2021-10-20 15:00:00,-1.1,15.000000000000002,0.24872820173877666,3553.260024839667,-1,82.004,82.35017787367124,81.48473318949316,76.418,78.154,61.59459311657406,0.1343415967652399,NZDJPY_merged,-16.748728201738782
2021-10-20 09:00:00,2021-10-20 21:00:00,-1.1,15.0,0.3380678547405863,4829.5407820083765,1,1.83926,1.8335474692967129,1.8478287960549304,1.85298,1.89597,35.71926291771947,0.0021031983900193577,GBPAUD_merged,-16.838067854740586
2021-10-21 00:00:00,2021-10-21 02:00:00,1.5,15.0,0.33781085321217047,4825.8693316024355,1,1.54839,1.5435772194615995,1.5556091708076007,1.59086,1.6234,49.57053573054382,0.002022331931195947,EURAUD_merged,22.162189146787828
2021-10-21 01:00:00,2021-10-21 20:00:00,1.5,30.0,0.4887771325572961,6982.530465104231,-1,0.75074,0.7539655068721227,0.7459017396918158,0.717,0.74775,46.95557028740048,0.0012214441623702472,AUDUSD_merged,44.511222867442704
2021-10-21 13:00:00,2021-10-22 08:00:00,-1.1,30.0,1.1688031957877645,16697.18851125378,1,1.06823,1.0663107008330535,1.07110894875042,1.06959,1.09376,31.594617081072823,0.0006822192902197225,EURCHF_merged,-34.16880319578777
2021-10-19 10:00:00,2021-10-22 09:00:00,1.5,15.0,0.271288512393627,3875.5501770518144,-1,157.705,158.31538430466136,156.78942354300796,149.226,152.568,63.22742112867638,0.2257062423438558,GBPJPY_merged,22.228711487606372
2021-10-25 17:00:00,2021-10-25 21:00:00,-1.1,30.0,0.5916185362568175,8451.693375097393,-1,0.68832,0.6907632500190842,0.6846551249713738,0.66631,0.68246,57.27855668976969,0.0010638425991559186,AUDCHF_merged,-33.59161853625682
2021-12-28 15:00:00,2021-12-30 09:00:00,-1.1,15.0,0.7286644612162644,10409.492303089492,1,1.03704,1.0355456331714292,1.039281550242856,1.03754,1.04662,38.918308385349754,0.0005003992564624007,EURCHF_merged,-17.228664461216265
2021-12-31 12:00:00,2022-01-04 09:00:00,-1.1,15.0,0.19706011805810236,2815.144543687177,-1,90.946,91.43058968228084,90.21911547657874,87.436,90.361,69.16171967088884,0.15649204451549664,CADJPY_merged,-16.6970601180581
2022-01-10 06:00:00,2022-01-11 13:00:00,-1.1146649443483314,15.000000000000002,0.2793827012287565,3991.1814461250933,1,0.85488,0.8516671167540003,0.8596993248689995,0.85479,0.87696,35.134566151724286,0.0010573210047141793,NZDCAD_merged,-16.999356866453727
2022-01-11 14:00:00,2022-01-12 05:00:00,-1.1,15.0,0.26973913937704935,3853.4162768149913,1,0.85317,0.8498489079921109,0.8581516380118336,0.85479,0.87696,38.66599963557228,0.0011086713357752,NZDCAD_merged,-16.769739139377048
2022-01-13 01:00:00,2022-01-13 03:00:00,-1.1,15.0,0.35791660177393375,5113.094311056197,1,1.25069,1.2470209204057838,1.2561936193913246,1.26063,1.29633,33.44276942937406,0.001207096064876482,USDCAD_merged,-16.857916601773933
2022-01-14 02:00:00,2022-01-16 19:00:00,1.5,15.0,0.33292422513622305,4756.060359088901,1,0.91032,0.9074489683122071,0.9146265475316894,0.91008,0.92939,36.194896300514415,0.0009915098081263792,USDCHF_merged,22.167075774863775
2022-01-17 13:00:00,2022-01-18 03:00:00,-1.1,30.0,0.5855171907883908,8364.531296977013,1,0.85026,0.8472104806552379,0.8548342790171433,0.85479,0.87696,37.89003215771538,0.0009903274162359125,NZDCAD_merged,-33.585517190788394
2022-01-17 23:00:00,2022-01-18 06:00:00,-1.1,30.000000000000004,0.6991179623587973,9987.399462268533,1,1.7073,1.702171637988097,1.7149925430178548,1.70771,1.71123,39.947335403281464,0.0016487787179700318,GBPCAD_merged,-33.699117962358805
2022-01-20 22:00:00,2022-01-24 03:00:00,-1.1,15.000000000000002,0.19323489579749675,2760.498511392811,1,0.67377,0.6701088677956936,0.6792616983064595,0.67327,0.68564,35.30889943413724,0.0012110647299043535,NZDUSD_merged,-16.6932348957975
2022-01-24 14:00:00,2022-01-25 05:00:00,1.5,15.0,0.15396920440567746,2199.5600629382498,1,0.65073,0.6462923171358362,0.6573865242962457,0.65637,0.66742,40.78538172913299,0.0014649970770030682,AUDCHF_merged,22.346030795594324
2022-01-24 14:00:00,2022-01-26 15:00:00,-1.1,30.0,0.3597855009528569,5139.792870755099,1,0.66845,0.6645483836305734,0.6743024245541398,0.67327,0.68564,38.39643552886144,0.001302643161965358,NZDUSD_merged,-33.35978550095286
2022-01-24 14:00:00,2022-01-26 20:00:00,-1.1,30.0,0.3278819254521362,4684.027506459089,1,0.71241,0.7078471958809959,0.7192542061785061,0.71293,0.7555,37.95195963590512,0.0015058679415965073,AUDUSD_merged,-33.32788192545214
2022-01-28 09:00:00,2022-01-31 07:00:00,1.5,15.0,0.24090083087850522,3441.4404411215037,1,0.89301,0.8891176908843337,0.8988484636734995,0.89703,0.93024,35.871660794736684,0.001329762345325296,AUDCAD_merged,22.259099169121495
2022-01-28 16:00:00,2022-02-01 16:00:00,1.5,30.0,0.302857997728429,4326.542824691843,1,75.431,74.90796576881539,76.21555134677692,76.021,79.239,37.224814859034055,0.17203440489047503,NZDJPY_merged,44.69714200227157
2022-02-04 10:00:00,2022-02-07 20:00:00,1.5,30.0,0.32686978228799973,4669.568318399996,1,0.70657,0.7020305868134589,0.7133791197798118,0.71293,0.73138,33.59643505041155,0.0015629136053579883,AUDUSD_merged,44.673130217712
2022-02-04 08:00:00,2022-02-08 04:00:00,1.5,30.0,0.39262078025460595,5608.868289351514,-1,1.72934,1.7385896734320712,1.7154654898518937,1.65144,1.68277,74.12003540778721,0.003357279871831507,EURNZD_merged,44.6073792197454
2022-02-10 13:00:00,2022-02-10 23:00:00,1.5,30.0,0.4995061924277171,7135.802748967388,-1,133.01,133.56919426872855,132.17120859690718,128.244,131.598,66.38386320798662,0.19208394032074122,EURJPY_merged,44.50049380757228
2022-02-10 14:00:00,2022-02-11 13:00:00,1.5,60.0,0.9557012888516696,13652.875555023853,-1,157.64,158.33277713415615,156.60083429876576,152.899,157.766,59.68625006529827,0.2393595891435699,GBPJPY_merged,89.04429871114833
2022-02-13 19:00:00,2022-02-17 08:00:00,-1.1,60.0,1.0184925719864788,14549.893885521127,1,0.83747,0.8340164902771557,0.8426502645842665,0.83802,0.84223,38.4661796812973,0.0011082291999280004,EURGBP_merged,-67.01849257198649
2022-02-18 14:00:00,2022-02-21 05:00:00,-1.1,60.0,0.9853061624324491,14075.80232046356,1,0.72267,0.7195895219559909,0.7272907170660137,0.72241,0.73682,38.79361691387409,0.000996338442193281,CADCHF_merged,-66.98530616243245
2022-02-21 09:00:00,2022-02-22 10:00:00,1.5,30.0,0.4578106257339934,6540.151796199906,1,0.71969,0.7163887463482813,0.7246418804775782,0.72241,0.73682,34.79982684663411,0.00108324517791295,CADCHF_merged,44.54218937426601
2022-02-22 11:00:00,2022-02-23 04:00:00,-1.1,60.0,0.839442670939866,11992.038156283801,1,1.88121,1.871797705064893,1.8953284424026606,1.87593,1.92205,41.50152558508068,0.0030361865275331176,GBPAUD_merged,-66.83944267093986
2022-02-23 11:00:00,2022-02-25 01:00:00,-1.1,30.0,0.47604525509160284,6800.646501308613,1,1.87183,1.8635727115217364,1.8842159327173957,1.87593,1.92205,34.98278280226578,0.0027951131004149703,GBPAUD_merged,-33.476045255091606
2022-03-02 17:00:00,2022-03-03 09:00:00,-1.1,15.0,0.16046935368286935,2292.419338326705,-1,84.257,84.80831928913256,83.48515299521443,80.365,83.988,64.73675734463974,0.17500358949341024,AUDJPY_merged,-16.66046935368287
2022-03-01 15:00:00,2022-03-04 06:00:00,-1.1,15.0,0.15298822598002806,2185.5460854289727,1,127.746,126.86924429451511,128.97345798767884,128.244,133.152,34.79219754291045,0.2855196231262734,EURJPY_merged,-16.652988225980028
2022-03-04 16:00:00,2022-03-06 19:00:00,-1.1,15.0,0.15561147073160164,2223.021010451452,-1,0.62957,0.6338180705110754,0.6236227012844943,0.60722,0.62846,57.022397192608885,0.0014248789677138497,NZDCHF_merged,-16.6556114707316
2022-03-07 03:00:00,2022-03-07 13:00:00,1.4,30.0,0.32052081423414314,4578.868774773474,1,1.38137,1.3723194894834478,1.394040714723173,1.41,1.46337,30.350646642445245,0.003074205636075688,EURCAD_merged,41.67947918576586
2022-03-07 19:00:00,2022-03-08 10:00:00,-1.1,30.0,0.3955094110952247,5650.134444217496,-1,1.27986,1.2866555551109575,1.2703462228446594,1.26355,1.27962,65.51340719518348,0.002204814677201172,USDCAD_merged,-33.395509411095226
2022-03-07 03:00:00,2022-03-08 11:00:00,1.4,15.0,0.2244349908942121,3206.2141556316014,1,1.67754,1.6696917719096207,1.6885275193265312,1.69476,1.73768,26.435915769764634,0.00278992774226029,GBPCAD_merged,20.775565009105787
2022-03-08 20:00:00,2022-03-10 08:00:00,1.4,30.000000000000004,0.42476830388237136,6068.11862689102,-1,1.28742,1.2937848393142553,1.2785092249600427,1.26355,1.27962,61.984244444490436,0.0020600693115551717,USDCAD_merged,41.575231696117626
2022-03-10 21:00:00,2022-03-11 08:00:00,-1.1,60.0,0.9870297315942291,14100.424737060417,1,1.67212,1.66500481007694,1.6820812658922841,1.69476,1.73768,35.4956284193614,0.002336606404756713,GBPCAD_merged,-66.98702973159423
2022-03-10 16:00:00,2022-03-13 23:00:00,1.4,60.0,0.6389357783560476,9127.653976514966,-1,0.68464,0.6891404335293267,0.6783393930589426,0.64832,0.66781,63.214822151412804,0.0014458484733630191,AUDCHF_merged,83.36106422164396
2022-03-14 03:00:00,2022-03-14 04:00:00,-1.1,30.0,0.5254314064629495,7506.162949470709,-1,125.778,126.2806989189285,125.07422151350012,124.005,125.58,60.04046629212189,0.1686687130016755,CHFJPY_merged,-33.52543140646295
2022-03-11 16:00:00,2022-03-14 12:00:00,1.4,30.0,0.2800827791419894,4001.182559171278,1,1.39033,1.3799056068654267,1.404924150388403,1.41,1.46337,34.22864124660083,0.0033537407321298784,EURCAD_merged,41.71991722085801
2022-03-13 16:00:00,2022-03-14 13:00:00,-1.1,60.0,1.0559819369832224,15085.456242617465,-1,0.93348,0.9371927680528329,0.9282821247260338,0.91497,0.93427,59.99268486406398,0.0012077615401625927,USDCHF_merged,-67.05598193698322
2022-03-11 16:00:00,2022-03-15 01:00:00,1.4,30.0,0.39945774144257334,5706.539163465334,1,1.66107,1.652337544378029,1.6732954378707594,1.69476,1.73768,31.828627783439046,0.002888617216324323,GBPCAD_merged,41.600542258557425
2022-03-14 07:00:00,2022-03-15 03:00:00,1.4,30.0,0.38029293007696635,5432.7561439566625,-1,92.351,92.86096767139675,91.63704526004454,89.23,91.708,66.430114287096,0.17056142209899683,CADJPY_merged,41.61970706992303
2022-03-11 08:00:00,2022-03-16 06:00:00,-1.1,60.0,0.7403934879917198,10577.04982845314,-1,80.0,80.45381274342564,79.3646621592041,75.225,79.239,63.50459865087888,0.14960870629841197,NZDJPY_merged,-66.74039348799172
2022-03-06 23:00:00,2022-03-16 07:00:00,-1.1,15.000000000000002,0.11621367751779414,1660.195393111345,-1,0.63399,0.6397181510594834,0.6259705885167235,0.60722,0.62846,65.44397403511634,0.0018579991374591263,NZDCHF_merged,-16.6162136775178
2022-03-15 03:00:00,2022-03-16 10:00:00,-1.1,30.0,0.5408057439690717,7725.7963424153095,-1,117.98,118.43812753056515,117.33862145720879,114.406,116.337,48.340796340740276,0.16758709279397557,USDJPY_merged,-33.540805743969074
2022-03-14 08:00:00,2022-03-17 10:00:00,-1.1,30.0,0.42200419219748675,6028.631317106954,-1,126.08,126.70740608954921,125.2016314746311,124.005,125.58,62.16159150973459,0.20548283724142236,CHFJPY_merged,-33.422004192197484
2022-03-18 04:00:00,2022-03-22 05:00:00,-1.1,15.0,0.18317894042431787,2616.842006061684,-1,0.68842,0.6923660922654407,0.6828954708283832,0.65289,0.68902,57.80222957961733,0.0012842666535887478,NZDUSD_merged,-16.68317894042432
2022-03-24 23:00:00,2022-03-27 21:00:00,-1.1,15.0,0.21830576126162654,3118.653732308951,-1,131.11,131.7406086436034,130.22714789895528,124.005,125.58,58.14115818158141,0.21533124682961974,CHFJPY_merged,-16.718305761261625
2022-03-29 07:00:00,2022-03-29 20:00:00,1.4,15.0,0.2963214008878847,4233.162869826925,-1,1.08664,1.0904904542587246,1.0812493640377856,1.05999,1.07956,55.932255331868305,0.0012782358419862177,AUDNZD_merged,20.703678599112116
2022-04-04 13:00:00,2022-04-05 00:00:00,-1.1,30.0,0.34903989416177167,4986.284202311024,-1,92.546,93.10280340055893,91.76647523921751,80.365,83.988,64.2486755039361,0.17941533826823636,AUDJPY_merged,-33.34903989416177
2022-04-05 11:00:00,2022-04-05 15:00:00,1.3,60.0,1.368289290157975,19546.989859399644,1,1.24382,1.2400020617631253,1.2487833197079368,1.25865,1.29006,43.31783120012689,0.001590948487981963,USDCAD_merged,76.63171070984203
2022-04-05 11:00:00,2022-04-05 17:00:00,1.3,60.0,0.7609312325064576,10870.44617866368,-1,0.69846,0.7023151867431399,0.6934482572339181,0.6728,0.69252,51.319186946691275,0.0016069265045948245,NZDUSD_merged,77.23906876749355
2022-04-05 06:00:00,2022-04-06 08:00:00,1.3,15.000000000000002,0.2708619377944153,3869.4562542059334,1,1.87522,1.867950684067193,1.8846701107126496,2.02184,2.05315,35.54109684820285,0.0028543173464712903,GBPNZD_merged,19.22913806220559
2022-04-05 12:00:00,2022-04-06 14:00:00,1.3,90.0,0.9773863649895712,13962.662356993877,-1,93.791,94.39555447422401,93.00507918350877,82.012,83.988,67.21069440412684,0.2349773761403507,AUDJPY_merged,116.02261363501043
2022-04-11 17:00:00,2022-04-13 02:00:00,-1.1,90.0,1.8095024471833807,25850.034959762586,-1,134.618,135.08668872784344,134.0087046538035,124.005,133.554,69.97340051271082,0.1796558131989983,CHFJPY_merged,-100.80950244718339
2022-04-08 11:00:00,2022-04-13 11:00:00,1.3,89.99999999999999,1.7927067503539855,25610.096433628365,1,1.30066,1.2960891698860497,1.3066020791481354,1.3,1.32984,42.981956422487265,0.0018798797566101032,GBPUSD_merged,115.207293249646
2022-04-13 19:00:00,2022-04-15 02:00:00,-1.1,90.0,1.6545647100850613,23636.63871550088,-1,164.736,165.3632567000094,163.92056628998773,150.975,164.627,62.437363461207575,0.255481060003499,GBPJPY_merged,-100.65456471008507
2022-04-13 20:00:00,2022-04-17 23:00:00,-1.1,90.0,1.3626198988146985,19465.998554495694,1,0.85447,0.8505194037958181,0.8596057750654363,0.86019,0.87792,37.115405388131684,0.0015245071615532589,NZDCAD_merged,-100.36261989881471
2022-04-18 16:00:00,2022-04-18 20:00:00,-1.1,15.0,0.3441633104716079,4916.618721022971,-1,126.938,127.32527225112217,126.51200052376561,114.406,125.097,67.84499293033197,0.1285748587337012,USDJPY_merged,-16.844163310471608
2022-04-19 08:00:00,2022-04-19 14:00:00,-1.1,15.0,0.2521298271147392,3601.854673067703,-1,0.94657,0.9505120107940965,0.9422337881264938,0.91947,0.94598,51.89080658584868,0.0015279344907205676,USDCHF_merged,-16.75212982711474
2022-04-21 05:00:00,2022-04-22 01:00:00,1.1,15.0,0.16369033054121457,2338.4332934459226,-1,139.862,140.7591519546356,138.8751328499008,124.391,137.537,65.25116393605907,0.3099082613365264,EURJPY_merged,16.336309669458785
2022-04-28 07:00:00,2022-04-28 13:00:00,-1.1,30.0,0.20929171412360997,2989.8816303372855,-1,101.358,102.37501016158856,100.23928882225259,89.23,100.185,63.93109719021013,0.34950079065643674,CADJPY_merged,-33.20929171412361
2022-04-29 10:00:00,2022-04-29 14:00:00,1.1,15.0,0.18750858026057568,2678.69400372251,-1,0.76138,0.7656435328948095,0.7566901138157095,0.73576,0.75111,52.3206873908296,0.0017373134884858179,CADCHF_merged,16.312491419739423
2022-04-28 10:00:00,2022-05-03 00:00:00,-1.1,30.0,0.46639175850683756,6662.739407240537,-1,1.09351,1.0984336954944314,1.0880939349561256,1.05999,1.07956,59.450594251882734,0.0016622670302366244,AUDNZD_merged,-33.46639175850684
2022-05-03 06:00:00,2022-05-04 14:00:00,-1.1,30.0,0.4040210929357043,5771.729899081491,-1,1.10406,1.1097986261275448,1.0977475112597008,1.05999,1.07956,62.63428397029094,0.0019132054102975696,AUDNZD_merged,-33.40402109293571
2022-05-04 12:00:00,2022-05-06 04:00:00,-1.1,30.0,0.4991157380736672,7130.224829623818,-1,1.03599,1.0403488667598353,1.0311952465641812,1.00878,1.03704,68.3183053665511,0.001494267681720693,EURCHF_merged,-33.49911573807367
2022-05-24 11:00:00,2022-05-25 10:00:00,1.1,15.0,0.18702487413704547,2671.783916243507,-1,0.85646,0.8612683604074025,0.8511708035518573,0.82495,0.8512,65.69203931571296,0.0016503370762618705,EURGBP_merged,16.312975125862955
2022-05-24 16:00:00,2022-05-27 05:00:00,1.1,30.0,0.373608943770476,5337.2706252925145,-1,1.37453,1.3822560275700824,1.3660313696729096,1.33856,1.37678,64.23629507282185,0.002606708335248003,EURCAD_merged,32.62639105622952
2022-06-07 02:00:00,2022-06-07 05:00:00,1.1,29.999999999999996,0.4613071143664185,6590.10163380598,-1,136.602,137.22385080408742,135.91796411550385,127.502,136.18,57.8235965996498,0.2259005037718306,CHFJPY_merged,32.53869288563358
2022-06-08 11:00:00,2022-06-09 03:00:00,1.1,30.0,0.34371688996067906,4910.241285152559,-1,137.34,138.17910336798693,136.41698629521437,127.502,136.18,66.66146961613029,0.28639270403522427,CHFJPY_merged,32.65628311003932
2022-06-08 22:00:00,2022-06-09 03:00:00,1.1,90.0,1.1051710949212166,15788.158498874524,-1,168.227,169.18597377778917,167.1721288444319,155.594,168.423,64.70212976273022,0.32198914067141154,GBPJPY_merged,97.8948289050788
2022-06-08 22:00:00,2022-06-09 03:00:00,1.1,60.0,0.6716449712121216,9594.928160173167,-1,106.887,107.55539687519706,106.15176343728324,97.799,102.951,63.47407139401781,0.22601870388083176,CADJPY_merged,65.32835502878788
2022-06-08 22:00:00,2022-06-09 03:00:00,1.1,60.0,0.7285671694739728,10408.102421056756,-1,143.907,144.73658637902446,142.99445498307313,132.656,138.315,68.15039153720303,0.28027396372703883,EURJPY_merged,65.27143283052602
2022-06-07 10:00:00,2022-06-10 02:00:00,1.1,30.0,0.5389701621407236,7699.573744867481,-1,1.11374,1.1180794869777397,1.1089665643244861,1.09209,1.1109,68.2399129273595,0.0014809194756309951,AUDNZD_merged,32.46102983785928
2022-06-15 20:00:00,2022-06-16 09:00:00,1.1,90.0,1.3394491080670687,19134.987258100984,-1,1.11537,1.1206160604570041,1.1095993334972956,1.09209,1.1109,65.03395180148146,0.001789773052735295,AUDNZD_merged,97.66055089193294
2022-06-16 17:00:00,2022-06-17 16:00:00,-0.14332340626699336,90.0,0.6469112792640864,9241.589703772665,1,0.74511,0.7378536834841711,0.7530919481674119,0.74564,0.78115,24.23430366900175,0.0024170225296989154,CADCHF_merged,-13.54601784329349
2022-06-17 12:00:00,2022-06-17 16:00:00,0.4299406690094848,90.0,1.1259345117246047,16084.778738922923,-1,1.30525,1.3125533332883674,1.297216333382796,1.24583,1.30761,64.88045538411797,0.002504934304157061,USDCAD_merged,37.56872569912903
2022-06-21 10:00:00,2022-06-22 22:00:00,1.2,15.0,0.20849292617699405,2978.470373957058,-1,136.164,136.849741250898,135.34111049892238,126.359,131.345,74.73848634680542,0.2557655095681011,USDJPY_merged,17.791507073823006
2022-06-23 13:00:00,2022-06-27 08:00:00,1.2,60.0,0.8930673375539819,12758.104822199743,1,1.00934,1.004593182126657,1.0150361814480113,1.02181,1.05136,31.549751852027406,0.001691074929985657,EURCHF_merged,71.10693266244601
2022-06-28 16:00:00,2022-06-29 05:00:00,-1.1,60.0,0.9186181928752563,13123.117041075091,1,1.16669,1.161355794736045,1.1730910463167459,1.20768,1.22942,26.562786670681106,0.0019288007521538267,GBPCHF_merged,-66.91861819287526
2022-06-29 09:00:00,2022-06-29 13:00:00,-1.1,59.99999999999999,0.8273393868500335,11819.134097857623,1,1.00213,0.9970426730010704,1.0082347923987154,1.02181,1.05136,28.504407487223144,0.00199175267158953,EURCHF_merged,-66.82733938685003
2022-06-29 07:00:00,2022-06-30 09:00:00,1.2,60.0,1.0028252514407878,14326.075020582684,1,0.88569,0.8819805820384403,0.8901413015538715,0.8883,0.91461,35.961456809025535,0.0013500114682612394,AUDCAD_merged,70.99717474855922
2022-06-29 08:00:00,2022-07-01 03:00:00,-1.1,60.0,0.6253554973920101,8933.649962743002,1,0.65572,0.6513160665389759,0.6610047201532288,0.677,0.70446,32.50934031189404,0.0015938660051140808,AUDCHF_merged,-66.62535549739201
2022-07-01 11:00:00,2022-07-04 02:00:00,1.2,60.0,0.4382931512947932,6261.330732782761,1,83.401,82.60179928475907,84.36004085828911,82.967,86.81,39.497960483144595,0.3024288174109016,NZDJPY_merged,71.56170684870521
2022-07-01 07:00:00,2022-07-04 03:00:00,1.2,30.0,0.3170523269047971,4529.318955782816,1,0.6525,0.6481781581974907,0.6576862101630111,0.677,0.70446,31.07051692484013,0.001607061995571983,AUDCHF_merged,35.6829476730952
2022-07-05 07:00:00,2022-07-05 11:00:00,1.2,60.0,0.9440560180015874,13486.514542879822,1,1.33201,1.3260840359752777,1.3391211568296666,1.33889,1.37143,34.354669844253955,0.002224458527020898,EURCAD_merged,71.05594398199841
2022-07-05 16:00:00,2022-07-06 06:00:00,-1.1,90.0,1.1227500160582187,16039.28594368884,1,1.02658,1.0208196313449132,1.0334924423861043,1.0359,1.07867,26.95860750275695,0.0020239363099504933,EURUSD_merged,-100.12275001605823
2022-07-05 11:00:00,2022-07-06 08:00:00,-1.1,90.0,1.3596987720999298,19424.268172856144,1,0.99378,0.9891754404251386,0.9993054714898336,1.02181,1.05136,28.471764843428247,0.0016914358326242864,EURCHF_merged,-100.35969877209995
2022-07-06 11:00:00,2022-07-07 05:00:00,-1.1,90.0,1.0936294691671038,15623.278130958626,1,1.33259,1.3249134356455357,1.3418018772253573,1.33889,1.37143,35.570282968196544,0.003052231127196751,EURCAD_merged,-100.09362946916711
2022-07-05 15:00:00,2022-07-07 10:00:00,1.2,60.0,0.8433365904295402,12047.665577564861,-1,1.30473,1.3112278397263766,1.2969325923283481,1.25172,1.30785,71.9594962616942,0.0023789924984892923,USDCAD_merged,71.15666340957046
2022-06-29 12:00:00,2022-07-07 12:00:00,1.2,30.0,0.3255955988458764,4651.365697798235,1,1.15948,1.1520016802418986,1.1684539837097219,1.20768,1.22942,35.616167053403736,0.0027254803400878005,GBPCHF_merged,35.67440440115412
2022-07-05 15:00:00,2022-07-07 20:00:00,1.2,90.0,0.9911011923777742,14158.588462539632,1,1.19487,1.1872747301548088,1.2039843238142296,1.19332,1.26663,32.40057479223593,0.002720701269510216,GBPUSD_merged,107.00889880762223
2022-07-07 16:00:00,2022-07-08 03:00:00,-1.1,60.0,0.872345191211579,12462.074160165415,1,1.3191,1.3127490507934074,1.326721139047911,1.33889,1.37143,25.362871428959203,0.002392760309145586,EURCAD_merged,-66.87234519121158
2022-07-19 20:00:00,2022-07-20 06:00:00,-1.1,60.0,0.982910020631682,14041.571723309744,-1,95.282,95.68914245617601,94.67128631573597,91.421,95.318,67.19094535496748,0.18894571212075173,AUDJPY_merged,-66.98291002063168
2022-07-19 20:00:00,2022-07-21 15:00:00,1.5,15.0,0.2833217135423048,4047.4530506043543,-1,107.328,107.72576125377405,106.73135811933892,103.361,106.422,66.5405025147744,0.17908684158579743,CADJPY_merged,22.216678286457697
2022-08-10 15:00:00,2022-08-11 09:00:00,-1.1,30.000000000000004,0.4355195393689441,6221.707705270631,-1,1.03037,1.0353382661841883,1.0229176007237175,1.00966,1.02939,62.78777192133705,0.002085107465666089,EURUSD_merged,-33.435519539368954
2022-08-12 05:00:00,2022-08-15 02:00:00,1.5,15.000000000000002,0.26342120905920574,3763.160129417225,-1,0.71185,0.7146874423709824,0.7075938364435264,0.6681,0.70466,59.933205153850736,0.0012169798392164923,AUDUSD_merged,22.236578790940797
2022-08-18 20:00:00,2022-08-18 20:00:00,-1.1,30.0,0.6370291712695997,9100.416732422853,-1,135.804,136.25168499287344,135.13247251068987,130.392,135.58,69.85536595622231,0.22124238842716315,USDJPY_merged,-33.6370291712696
2022-08-22 15:00:00,2022-08-23 09:00:00,1.5,30.0,0.7420840394717336,10601.20056388191,-1,1.30532,1.3090138835147989,1.2997791747278018,1.27272,1.29841,63.52419013407527,0.0015734622885834146,USDCAD_merged,44.257915960528265
2022-08-25 06:00:00,2022-08-26 06:00:00,-1.1,30.0,0.5306183953685631,7580.262790979474,-1,95.213,95.58981938987644,94.64777091518533,90.52,95.147,62.621909037583784,0.16520348038489943,AUDJPY_merged,-33.53061839536856
2022-08-26 01:00:00,2022-08-26 10:00:00,-1.1,29.999999999999996,0.8216276338973753,11737.537627105361,-1,1.12242,1.1252887959152726,1.118116806127091,1.09887,1.11792,64.64018398848938,0.001215352388153602,AUDNZD_merged,-33.82162763389738
2022-08-30 07:00:00,2022-08-30 12:00:00,1.5,15.0,0.19128644349747168,2732.66347853531,-1,0.67379,0.677488534444284,0.6682421983335739,0.65591,0.67133,61.71756936355657,0.001598911421605378,AUDCHF_merged,22.30871355650253
2022-08-31 02:00:00,2022-08-31 08:00:00,-1.1,30.0,0.9762269961851083,13946.099945501548,-1,0.8588,0.8606473982045647,0.8560289026931529,0.83864,0.8584,57.82805269358767,0.0008758439956317312,EURGBP_merged,-33.97622699618511
2022-08-30 14:00:00,2022-08-31 19:00:00,-1.1,30.0,0.5642269023116085,8060.384318737265,-1,1.30946,1.3143336882072336,1.3021494676891499,1.27272,1.29841,65.60947960040613,0.0020904952389452164,USDCAD_merged,-33.56422690231161
2022-09-01 01:00:00,2022-09-01 10:00:00,1.5,15.0,0.24967037131710534,3566.7195902443623,-1,1.47062,1.4768047586954514,1.4613428619568232,1.43919,1.47142,57.22310803328648,0.002892666554064161,EURAUD_merged,22.250329628682895
2022-09-02 10:00:00,2022-09-04 17:00:00,1.5,30.0,0.44828012104630643,6404.001729232949,-1,95.627,96.07497145929933,94.95504281105099,90.52,95.147,62.908387946797184,0.21914375685998327,AUDJPY_merged,44.55171987895369
2022-09-02 10:00:00,2022-09-04 17:00:00,1.5,30.0,0.49353146588237223,7050.449512605318,-1,0.98083,0.9850034785771307,0.9745697821343039,0.95519,0.98008,57.57560617303928,0.0018613733385931448,EURCHF_merged,44.50646853411763
2022-09-07 12:00:00,2022-09-07 23:00:00,-1.1,30.0,0.48423253907731284,6917.60770110447,-1,1.47704,1.483445567056502,1.4674316494152468,1.42829,1.47142,64.72013069592283,0.0028082413582151446,EURAUD_merged,-33.48423253907731
2022-09-07 12:00:00,2022-09-08 03:00:00,0.6098281543502736,30.0,0.39123927959046023,5589.132565578004,-1,97.15,97.67145837762905,96.36781243355642,90.52,95.147,67.01838495894985,0.22916953134092083,AUDJPY_merged,17.903605350917747
2022-09-07 22:00:00,2022-09-08 03:00:00,0.6509247388322675,30.0,0.4513083120484905,6447.261600692722,-1,87.162,87.56757684206875,86.5536347368969,84.245,86.232,63.58429727276881,0.17338506046253493,NZDJPY_merged,19.076433852919536
2023-01-18 01:00:00,2023-01-18 06:00:00,-1.1,14.999999999999998,0.2977867144361153,4254.095920515933,1,0.87757,0.874475676259786,0.8812831884882568,0.87687,0.88767,34.01783377067179,0.0012028916749366242,EURGBP_merged,-16.797786714436114
2023-01-23 12:00:00,2023-01-24 08:00:00,-1.1,14.999999999999998,0.17582208647437447,2511.7440924910643,1,1.76083,1.7503144183852324,1.7734486979377209,1.77029,1.82746,33.8339587556824,0.004055787456913654,GBPAUD_merged,-16.675822086474376
2023-02-02 11:00:00,2023-02-05 17:00:00,1.2,15.0,0.18913572771131695,2701.938967304528,1,1.73067,1.721062066469992,1.7421995202360094,1.73151,1.79602,39.83943205480053,0.0037858038825743447,GBPAUD_merged,17.810864272288683
2023-02-05 20:00:00,2023-02-06 10:00:00,-1.1,30.0,0.3184016372335328,4548.594817621898,1,0.58556,0.5816979721201053,0.5901944334558735,0.58352,0.60181,36.3557813725305,0.0014944674982465894,NZDCHF_merged,-33.318401637233535
2023-02-07 06:00:00,2023-02-09 01:00:00,1.2,30.0,0.7400178757969954,10571.683939957078,1,1.43774,1.4336600255848573,1.4426359692981712,1.44404,1.46417,32.99312935018513,0.0016018476399101617,EURCAD_merged,35.259982124203006
2023-02-10 14:00:00,2023-02-13 10:00:00,1.2,30.0,0.45623978044744096,6517.711149249157,1,1.61057,1.6031567994310294,1.619465840682765,1.61019,1.66921,29.65853824759385,0.00295347449704624,GBPCAD_merged,35.54376021955256
2023-02-17 05:00:00,2023-02-17 10:00:00,1.2,59.99999999999999,0.9630475300805954,13757.82185829422,1,1.1942,1.1889919081422904,1.2004497102292513,1.19608,1.24476,34.6463210867704,0.0020422912614349526,GBPUSD_merged,71.03695246991938
2023-02-17 09:00:00,2023-02-20 09:00:00,1.2,60.0,0.7877511085149126,11253.587264498752,1,0.62124,0.6179277761620432,0.6252146686055482,0.62696,0.65375,35.27555617841367,0.001340254568383975,NZDUSD_merged,71.21224889148509
2023-02-28 21:00:00,2023-03-01 03:00:00,-1.1,90.0,1.8354720222589171,26221.028889413108,1,1.08758,1.0838470343557907,1.0920595587730513,1.088,1.09368,37.486276601136765,0.0014629586678492127,AUDNZD_merged,-100.83547202225893
2023-03-07 05:00:00,2023-03-08 03:00:00,0.2634950444271175,60.0,1.1248245491060946,16068.922130087069,1,1.07738,1.0733571539449454,1.0822074152660655,1.088,1.1087,29.846555837856393,0.0016477713918774382,AUDNZD_merged,14.684878116520958
2023-03-09 03:00:00,2023-03-09 21:00:00,-1.1,15.0,0.34360093873918196,4908.584839131171,-1,1.37951,1.3837256040240027,1.3736081543663963,1.32733,1.34749,66.67077045076637,0.0013791155312389252,USDCAD_merged,-16.843600938739183
2023-03-20 22:00:00,2023-03-21 09:00:00,1.4,60.0,0.7579495263281081,10827.85037611583,-1,1.13893,1.1452411141756018,1.1300944401541575,1.10747,1.13575,67.66481312838165,0.002032725816257699,GBPCHF_merged,83.2420504736719
2023-03-15 21:00:00,2023-03-22 13:00:00,1.4,15.0,0.11667512547967758,1666.787506852537,-1,0.93071,0.9390857827213155,0.9189839041901584,0.90591,0.92906,65.6112971791422,0.0027046470327881248,USDCHF_merged,20.883324874520323
2023-03-21 19:00:00,2023-03-22 13:00:00,-1.1,30.0,0.5019788687000987,7171.126695715696,-1,1.47675,1.4829278994961097,1.4681009407054466,1.42373,1.46417,64.97843198069442,0.001987206986891078,EURCAD_merged,-33.5019788687001
2023-03-21 18:00:00,2023-03-22 14:00:00,-1.1,60.0,0.7515438490623743,10736.340700891062,-1,1.61401,1.6230298888706989,1.6013821555810213,1.53549,1.56508,62.65877598995367,0.002919013221883048,EURAUD_merged,-66.75154384906237
2023-03-21 17:00:00,2023-03-30 09:00:00,-1.132028164236887,60.0,0.7285092799906184,10407.275428437408,-1,1.73786,1.7478791064142574,1.7238332510200396,1.66633,1.71069,65.55986707846435,0.0031825805567939312,EURNZD_merged,-68.65019913420385
2023-03-30 22:00:00,2023-04-02 21:00:00,1.4,15.0,0.1442162850103842,2060.2326430054886,-1,145.179,146.23600926902273,143.69918702336818,139.546,145.567,64.18582688897914,0.3460981070784632,EURJPY_merged,20.855783714989617
2023-04-11 18:00:00,2023-04-12 10:00:00,-1.1,30.0,0.4636368556227295,6623.383651753279,-1,145.817,146.47746453444412,144.89234965177823,138.821,145.567,67.00686424901068,0.21257235589936962,EURJPY_merged,-33.46363685562273
2023-04-11 19:00:00,2023-04-12 20:00:00,-1.1,30.0,0.4675681093177115,6679.54441882445,-1,1.76211,1.7700242074197485,1.7510301096123522,1.69693,1.71069,68.80419007973641,0.002581064201350724,EURNZD_merged,-33.46756810931771
2023-05-17 20:00:00,2023-05-19 08:00:00,-1.1,15.0,0.2596200374493789,3708.85767784827,-1,171.755,172.44964110617872,171.06035889382127,158.254,165.906,66.1392469653179,0.2901885232239123,GBPJPY_merged,-16.75962003744938
2023-06-12 20:00:00,2023-06-13 09:00:00,-1.1,15.0,0.3627315417686214,5181.879168123163,-1,0.61347,0.6152458133104699,0.610983861365342,0.58777,0.60505,71.6510875996543,0.0008816276084324725,AUDCHF_merged,-16.86273154176862
2023-06-26 10:00:00,2023-06-27 09:00:00,1.4,15.000000000000002,0.37754716381820524,5393.5309116886465,1,0.8791,0.8766551266478472,0.882522822693014,0.87917,0.91063,29.149447666772012,0.0013115483420709515,AUDCAD_merged,20.622452836181793
2023-06-28 11:00:00,2023-06-30 13:00:00,1.4,60.0,1.0056992982174946,14367.132831678495,1,0.54546,0.5431820507123148,0.5486491290027592,0.5446,0.56012,36.32002374168256,0.0011397621692823912,NZDCHF_merged,82.9943007017825
2023-07-09 23:00:00,2023-07-10 10:00:00,-1.1,60.0,1.376184688295716,19659.781261367374,1,0.89002,0.8873037337664109,0.8938227727270248,0.89012,0.91449,36.26398319882677,0.0013211236084520804,USDCHF_merged,-67.37618468829572
2023-07-10 20:00:00,2023-07-11 02:00:00,-1.1,60.0,1.3528488896476756,19326.41270925251,1,0.88516,0.8824119680295053,0.8890072447586924,0.89012,0.91449,29.84273752187887,0.0013223005577296613,USDCHF_merged,-67.35284888964767
2023-07-11 06:00:00,2023-07-11 13:00:00,-1.1818831276918949,30.0,0.74823602274002,10689.086039143143,1,0.88262,0.8801428377895887,0.8860880270945757,0.89012,0.91449,27.888375251553605,0.001250111026262377,USDCHF_merged,-36.20472985349687
2023-07-14 02:00:00,2023-07-14 04:00:00,-1.1,15.000000000000002,0.3780420076689814,5400.600109556877,1,0.65524,0.6534200911379076,0.6577878724069295,0.66185,0.68312,28.438691525376182,0.0009263862574000668,CADCHF_merged,-16.878042007668984
2023-07-14 11:00:00,2023-07-16 22:00:00,-1.1,30.0,0.6905502739913512,9865.00391416216,1,0.6529,0.6509144964796334,0.6556797049285134,0.66185,0.68312,32.45338266786712,0.0011911266344559602,CADCHF_merged,-33.69055027399135
2023-07-17 09:00:00,2023-07-18 09:00:00,-1.1,30.0,0.5802231099821096,8288.901571172995,1,0.58506,0.582942493856479,0.5880245086009295,0.59153,0.61683,40.04696263713154,0.0010874135666347688,AUDCHF_merged,-33.58022310998211
2023-08-02 04:00:00,2023-08-02 10:00:00,-1.1,15.0,0.21305485022115073,3043.6407174450105,1,0.87553,0.8712151181794465,0.8811393463667196,0.87389,0.90495,36.3992589986068,0.0014584158015999002,AUDCAD_merged,-16.713054850221152
2023-08-08 11:00:00,2023-08-10 02:00:00,1.3,15.0,0.27053900233173817,3864.8428904534026,-1,1.34683,1.3520572370630906,1.3400345918179823,1.3092,1.33867,64.7329944724341,0.00177581147190898,USDCAD_merged,19.229460997668262
2023-08-11 11:00:00,2023-08-13 22:00:00,-1.1,60.00000000000001,0.925425454323012,13220.363633185887,-1,2.11699,2.126597859777862,2.1044997822887788,2.04484,2.09182,72.66022989879032,0.003445289931243084,GBPNZD_merged,-66.92542545432303
2023-08-17 00:00:00,2023-08-17 08:00:00,1.3,30.0,0.4030664626800439,5758.092324000628,1,0.86376,0.8592597595484894,0.8696103125869636,0.87389,0.90495,33.60116801261264,0.0014786458540389773,AUDCAD_merged,38.596933537319956
2023-08-17 01:00:00,2023-08-22 21:00:00,1.3,30.0,0.4109498507299008,5870.7121532842975,-1,1.99009,2.000259583934821,1.9768695408847323,1.885,1.93919,75.29463433184411,0.003419871217920877,GBPAUD_merged,38.5890501492701
2023-08-30 19:00:00,2023-08-31 05:00:00,1.3,60.0,1.1271275423119105,16101.822033027294,-1,185.857,186.5495564061711,184.95667667197756,176.303,184.008,62.970167711334064,0.22936269714819787,GBPJPY_merged,76.87287245768809
2023-09-05 06:00:00,2023-09-05 09:00:00,1.3,60.0,1.7838124402395206,25483.03486056458,-1,1.36532,1.3685346563566012,1.3611409467364188,1.3092,1.33867,74.9905374342291,0.0011014412532336568,USDCAD_merged,76.21618755976048
2023-09-05 09:00:00,2023-09-05 10:00:00,-1.1,90.0,1.9185267453526076,27407.52493360868,-1,147.195,147.6783544813729,146.5666391742152,137.237,145.067,77.85232829991804,0.18260972042495496,USDJPY_merged,-100.91852674535262
2023-09-05 09:00:00,2023-09-05 10:00:00,-1.1,90.0,1.8609096926633537,26584.424180905058,1,1.07441,1.0707726483183544,1.0791385571861396,1.08337,1.1065,25.82198420673815,0.001288704091937971,EURUSD_merged,-100.86090969266337
2023-09-05 09:00:00,2023-09-11 00:00:00,1.3,60.0,0.7392938693662963,10561.34099094709,1,0.58829,0.5849478675917901,0.5926347721306728,0.60501,0.64114,29.48123899817969,0.0011630409834935522,NZDUSD_merged,77.26070613063371
2023-09-07 10:00:00,2023-09-11 02:00:00,-1.1,60.0,0.9183388884390076,13119.126977700109,1,183.58,182.74040144906573,184.6714781162146,183.349,186.761,25.969802393242926,0.2786614562415652,GBPJPY_merged,-66.91833888843901
2023-09-14 15:00:00,2023-09-18 09:00:00,-0.44980615269268526,30.0,0.5178633105576053,7398.047293680076,-1,0.66337,0.6660600476855563,0.6598729380087769,0.6453,0.66179,67.54682348659794,0.0008840623788626624,CADCHF_merged,-14.012047891338163
2023-09-19 11:00:00,2023-09-19 22:00:00,1.1,15.0,0.40165348712363574,5737.906958909082,1,1.34133,1.3378235036165478,1.3451871460217975,1.34889,1.36941,36.08132307461957,0.0015706662417664234,USDCAD_merged,16.098346512876365
2023-09-19 10:00:00,2023-09-20 03:00:00,-1.1,15.0,0.3472132931475686,4960.1899021081235,-1,87.718,87.98326605351154,87.42620734113731,86.295,87.526,62.31248346492268,0.11259499054813601,NZDJPY_merged,-16.84721329314757
2023-09-22 14:00:00,2023-09-25 07:00:00,-1.1131740983587517,30.0,0.5255042587145057,7507.203695921511,-1,0.5409,0.5430615238719066,0.5385223237409028,0.51639,0.5292,69.30341558641828,0.000911236345800819,NZDCHF_merged,-33.92072720947706
2023-09-25 12:00:00,2023-09-26 02:00:00,-1.1,30.0,1.0883544389301587,15547.920556145127,-1,148.741,149.0279985078639,148.42530164134973,144.441,147.872,66.24672076618,0.12529753423076462,USDJPY_merged,-34.08835443893016
2023-09-27 15:00:00,2023-09-28 05:00:00,1.1,15.000000000000002,0.31930091150328666,4561.441592904095,-1,0.92092,0.9239483847153691,0.9175887768130938,0.87445,0.8876,71.59632005411291,0.0013176397919192374,USDCHF_merged,16.180699088496716
2023-09-28 09:00:00,2023-09-28 17:00:00,1.1,30.000000000000004,0.7232899519483097,10332.713599261568,-1,1.11979,1.1230411982140298,1.1162136819645674,1.10871,1.12071,52.49492136000122,0.0014918812665337467,GBPCHF_merged,32.2767100480517
2023-09-29 02:00:00,2023-09-29 04:00:00,-1.1,30.0,0.4857914091055385,6939.8772729362645,-1,89.498,89.88488580423038,89.0724256153466,86.295,87.526,69.49924745290556,0.1774818464284096,NZDJPY_merged,-33.48579140910554
2023-09-29 08:00:00,2023-10-01 17:00:00,1.1,30.0,0.44168062083726617,6309.723154818089,-1,89.941,90.36863048929328,89.4706064617774,86.295,87.526,69.99885589739245,0.18643156400039254,NZDJPY_merged,32.55831937916273
2023-10-06 16:00:00,2023-10-08 17:00:00,1.1,30.0,0.44593755438406135,6370.536491200877,-1,89.516,89.9375469142527,89.05229839432202,86.295,87.526,65.47548278594662,0.18654689084736634,NZDJPY_merged,32.55406244561594
2023-10-08 18:00:00,2023-10-09 14:00:00,-1.1,30.0,0.39313872072241124,5616.267438891589,-1,88.949,89.42413228830974,88.4263544828593,86.295,87.526,53.73572721375059,0.20618073751635105,NZDJPY_merged,-33.39313872072241
2023-10-06 16:00:00,2023-10-11 09:00:00,-1.1,30.0,0.5778934985543771,8255.621407919674,-1,109.283,109.68012213508906,108.84616565140203,106.675,108.281,67.4237950052042,0.16504309801732192,CADJPY_merged,-33.577893498554374
2023-10-11 12:00:00,2023-10-12 13:00:00,1.1,30.0,0.64921950229783,9274.56431854043,-1,183.293,183.88588930575506,182.64082176366946,180.724,183.016,64.23869593345178,0.25657953337936723,GBPJPY_merged,32.35078049770217
2023-10-13 16:00:00,2023-10-16 03:00:00,1.1,60.0,1.3919434079665578,19884.905828093684,1,0.94804,0.945179418185243,0.9511866399962327,0.9526,0.96936,22.764854106931004,0.001229178993535448,EURCHF_merged,64.60805659203345
2023-10-12 17:00:00,2023-10-16 20:00:00,1.1,30.0,0.7100972559299576,10144.24651328511,-1,1.66682,1.671749355761861,1.661397708661953,1.63197,1.66425,71.55305142984285,0.0021172554318072316,EURAUD_merged,32.28990274407004
2023-10-19 07:00:00,2023-10-19 19:00:00,-1.1,60.0,2.1795078121927975,31135.825888468542,-1,0.87048,0.8721574502846685,0.8686348046868647,0.85217,0.87058,69.86043123654801,0.000743660052816469,EURGBP_merged,-68.1795078121928
2023-10-19 10:00:00,2023-10-23 03:00:00,-1.1,60.0,1.623480364469423,23192.576635277474,-1,1.45041,1.4541622609655898,1.4462825129378514,1.41568,1.44969,69.27236762803962,0.001615602253188409,EURCAD_merged,-67.62348036446943
2023-10-23 16:00:00,2023-10-24 04:00:00,1.1,30.0,0.7439146255119663,10627.35179302809,-1,159.602,160.0525412160291,159.106404662368,154.342,158.473,72.58132533225488,0.19360980771361427,EURJPY_merged,32.25608537448803
2023-10-25 20:00:00,2023-10-25 22:00:00,-1.1,30.0,1.4636389606952733,20909.12800993248,-1,150.094,150.30935187875176,149.85711293337306,147.277,150.159,66.45052767495574,0.10008616222897107,USDJPY_merged,-34.46363896069527
2023-10-26 04:00:00,2023-10-26 10:00:00,-1.1,30.0,0.9689725666826963,13842.465238324234,-1,1.38024,1.383231316885186,1.3769495514262953,1.34163,1.37851,58.61552740126717,0.0012848173760067977,USDCAD_merged,-33.968972566682694
2023-10-31 07:00:00,2023-11-03 09:00:00,-1.1,15.0,0.23340310840678136,3334.3301200968767,-1,183.583,184.40887653316102,182.67453581352288,180.984,183.811,70.38694355001665,0.3498569854376831,GBPJPY_merged,-16.733403108406783
2023-11-05 18:00:00,2023-11-06 01:00:00,-1.1,15.0,0.3859606687836092,5513.723839765846,-1,184.713,185.2155088452957,184.16024027017474,180.984,183.811,69.93576713415959,0.2229476704609874,GBPJPY_merged,-16.88596066878361
2023-11-06 09:00:00,2023-11-08 09:00:00,-1.1,15.0,0.46187622741199913,6598.231820171417,-1,160.85,161.21566614598535,160.4477672394161,154.342,158.473,67.95248922244403,0.15862918937296816,EURJPY_merged,-16.961876227412
2023-11-08 18:00:00,2023-11-10 06:00:00,-1.1,15.0,0.6120321730926892,8743.31675846699,-1,161.541,161.81813910715329,161.20843307141604,157.695,158.473,67.59077922847138,0.14115821026289038,EURJPY_merged,-17.11203217309269
2023-11-13 20:00:00,2023-11-14 04:00:00,-1.1,15.0,0.5170916421735471,7387.023459622102,-1,186.202,186.58009951670883,185.74828057994938,180.76,183.811,68.6887496223929,0.19114262094793052,GBPJPY_merged,-17.017091642173547
2023-11-15 17:00:00,2023-11-16 07:00:00,1.2,15.0,0.4314963035968393,6164.232908526276,-1,110.577,110.84607727605584,110.254107268733,107.484,109.981,65.20736684931349,0.1427896461927024,CADJPY_merged,17.568503696403162
2023-11-20 09:00:00,2023-11-20 09:00:00,-1.1,30.0,1.1836586233887467,16909.408905553526,-1,1.49833,1.500988277427145,1.4951400670874258,1.43261,1.47465,74.05419082942153,0.0017020152839431373,EURCAD_merged,-34.183658623388745
2023-11-20 09:00:00,2023-11-20 14:00:00,-1.1,30.0,0.7947378823362724,11353.398319089607,-1,0.898,0.9003728578213188,0.8951525706144174,0.8584,0.89087,68.71399856986638,0.0012982387848550704,AUDCAD_merged,-33.79473788233627
2023-11-24 12:00:00,2023-11-27 06:00:00,-1.1,15.0,0.4639903224372633,6628.433177675191,-1,1.25992,1.2627711715353263,1.2564985941576083,1.20691,1.24282,66.62703559208232,0.0014741439834301394,GBPUSD_merged,-16.96399032243726
2023-11-28 13:00:00,2023-11-28 20:00:00,-1.1,15.0,0.3533158673673515,5047.369533819307,-1,1.2692,1.2729718656960698,1.2646737611647165,1.20691,1.24282,64.37645662612125,0.0019848215807859158,GBPUSD_merged,-16.85331586736735
2023-12-07 07:00:00,2023-12-07 09:00:00,-1.1,15.0,0.24135635210866102,3447.9478872665863,1,106.679,106.21490220840937,107.23591734990876,107.227,109.982,20.010790546122106,0.24574328160444311,CADJPY_merged,-16.74135635210866
2023-12-28 09:00:00,2023-12-28 09:00:00,-1.1,15.0,0.42531255416675773,6075.893630953682,-1,1.10732,1.110053721327079,1.1040395344075056,1.07236,1.10171,54.9112176989281,0.001568886362858021,EURUSD_merged,-16.92531255416676
2024-01-10 20:00:00,2024-01-12 03:00:00,1.5,15.0,0.23899034805195116,3414.1478293135883,-1,171.123,171.8748259689757,169.99526104653643,162.125,170.208,65.76438728469925,0.2507324531202997,CHFJPY_merged,22.261009651948047
2024-01-10 20:00:00,2024-01-12 08:00:00,1.5,60.0,1.0489719395232036,14985.313421760053,-1,159.7,160.33942606539586,158.7408609019062,153.129,158.566,65.50409567573527,0.21974233621050185,EURJPY_merged,88.9510280604768
2024-01-17 05:00:00,2024-01-17 10:00:00,-1.1,90.00000000000001,1.5903333419809882,22719.04774258555,1,0.88575,0.8822411601532236,0.8910132597701647,0.88768,0.9065,34.07355868971209,0.0012199487194111736,AUDCAD_merged,-100.59033334198102
2024-01-17 08:00:00,2024-01-18 21:00:00,-1.1,60.0,0.969805313194186,13854.3616170598,-1,2.07147,2.080441052108742,2.058013421836887,2.00557,2.06029,69.82560577100598,0.003020361512651414,GBPNZD_merged,-66.96980531319419
2024-01-17 18:00:00,2024-01-19 00:00:00,-1.1,90.0,1.8027549262369256,25753.641803384657,-1,161.154,161.71717704931712,160.30923442602432,155.063,158.566,73.06083256605022,0.18818476948577578,EURJPY_merged,-100.80275492623694
2024-01-17 15:00:00,2024-01-19 04:00:00,1.5,90.0,1.1531948029910943,16474.21147130135,1,0.6542,0.6506260504909405,0.6595609242635893,0.6525,0.68706,38.6662673422178,0.0012172252122604277,AUDUSD_merged,133.8468051970089
2024-01-17 16:00:00,2024-01-19 04:00:00,1.5,90.0,1.5432534545504222,22046.477922148893,-1,1.93649,1.9443953035417012,1.9246320446874483,1.85867,1.92637,63.149981913349194,0.0027326834000520974,GBPAUD_merged,133.4567465454496
2024-01-16 15:00:00,2024-01-22 01:00:00,1.5,60.0,0.897245981508951,12817.799735842158,1,1.26315,1.2572372067311153,1.272019189903327,1.26105,1.28272,33.89149013684937,0.0019496874998892043,GBPUSD_merged,89.10275401849105
2024-01-17 14:00:00,2024-01-24 10:00:00,1.5,60.0,0.976628292922259,13951.832756032272,1,0.8841,0.8802979188736286,0.889803121689557,0.88768,0.9065,37.5677357427,0.001266700853271615,AUDCAD_merged,89.02337170707774
2024-01-24 20:00:00,2024-01-25 09:00:00,1.5,90.0,1.4406253187437024,20580.36169633861,1,0.56801,0.5655260349096735,0.57173594763549,0.57058,0.58644,36.80844471581027,0.0008432154230109951,AUDCHF_merged,133.5593746812563
2024-02-01 12:00:00,2024-02-02 04:00:00,1.5,90.0,1.0251182206572884,14644.546009389836,1,95.964,95.37424050902894,96.84863923645659,95.836,97.88,43.65649721580856,0.2027678173060046,AUDJPY_merged,133.97488177934272
2024-02-02 14:00:00,2024-02-05 10:00:00,-1.1,90.0,0.9694191412196778,13848.844874566828,1,0.65121,0.646977957506143,0.6575580637407854,0.65245,0.68706,36.19502235844241,0.0014129446408901662,AUDUSD_merged,-99.96941914121969
2024-02-05 14:00:00,2024-02-06 20:00:00,1.5,90.0,1.234118281627983,17630.261166114044,1,0.64863,0.645318835210666,0.6535967471840011,0.65245,0.68706,36.23069063878256,0.0011009394645650897,AUDUSD_merged,133.76588171837201
2024-02-05 13:00:00,2024-02-07 08:00:00,1.5,90.0,2.095542835397625,29936.32621996607,-1,1.35271,1.3567767615359831,1.3466098576960255,1.31767,1.35415,71.60807724453248,0.0013685935952655437,USDCAD_merged,132.90445716460238
2024-01-29 13:00:00,2024-02-07 10:00:00,-1.1,90.0,1.914556358493088,27350.80512132983,1,1.45373,1.4489463857912188,1.4609054213131718,1.45486,1.47637,35.279492563175886,0.0016224134166048368,EURCAD_merged,-100.9145563584931
2024-02-06 07:00:00,2024-02-07 23:00:00,1.5,90.0,2.265148554640455,32359.265066292217,1,1.07384,1.0708533561500235,1.0783199657749647,1.07236,1.11394,38.10166230951209,0.0010756002475294148,EURUSD_merged,132.73485144535954
2024-02-07 10:00:00,2024-02-08 17:00:00,-1.1,89.99999999999999,2.270246251354461,32432.08930506373,1,1.06745,1.0644877949105795,1.0718933076341308,1.06905,1.08325,39.80337704395011,0.001080632171489332,AUDNZD_merged,-101.27024625135445
2024-02-02 16:00:00,2024-02-08 22:00:00,1.5,90.0,1.0429948570230378,14899.926528900542,1,0.60723,0.6035621496992621,0.6127317754511068,0.60837,0.6369,32.57547844194511,0.0012472919682165763,NZDUSD_merged,133.95700514297695
2024-02-09 00:00:00,2024-02-09 03:00:00,-1.1,90.0,1.5838374749259418,22626.24964179917,-1,91.434,91.79769527121267,90.88845709318097,88.565,90.983,70.67629254155273,0.12152557945233647,NZDJPY_merged,-100.58383747492596
2024-02-08 12:00:00,2024-02-09 08:00:00,-1.1,90.0,1.5982750134314792,22832.50019187828,-1,110.84,111.27690353295381,110.1846447005693,106.162,110.394,69.67457333208473,0.14653807705417354,CADJPY_merged,-100.59827501343149
2024-02-08 13:00:00,2024-02-09 08:00:00,1.5,90.0,1.6006924127673052,22867.034468104364,1,0.6489,0.6463460614872707,0.6527309077690939,0.65245,0.68706,35.30242268585921,0.0008877635631891821,AUDUSD_merged,133.3993075872327
2024-02-08 19:00:00,2024-02-12 07:00:00,1.5,90.00000000000001,2.191758915806974,31310.841654385342,1,0.87467,0.8721558452906207,0.8784412320640688,0.88125,0.9065,35.21511808962276,0.0009135963355155197,AUDCAD_merged,132.80824108419304
2024-02-09 07:00:00,2024-02-12 11:00:00,1.5,89.99999999999999,2.149734814457352,30710.497349390746,1,1.06048,1.0573721636496425,1.0651417545255366,1.06905,1.08325,38.39441475304525,0.0010936914422327846,AUDNZD_merged,132.8502651855426
2024-02-09 08:00:00,2024-02-13 08:00:00,1.5,90.0,1.5890385001887957,22700.55000269708,-1,91.674,92.03745639198257,91.12881541202617,88.565,90.983,73.65501186840977,0.12502051960032715,NZDJPY_merged,133.4109614998112
2024-02-13 17:00:00,2024-02-14 02:00:00,1.5,89.99999999999999,1.9671525509798973,28102.17929971282,-1,1.95048,1.956726604511622,1.941110093232567,1.91808,1.94145,70.2057609309317,0.00219014430175095,GBPAUD_merged,133.03284744902007
2024-02-13 14:00:00,2024-02-14 20:00:00,1.5,90.00000000000001,1.6894530320268735,24135.043314669623,-1,189.814,190.52181973652463,188.75227039521306,178.731,188.928,65.79513845667297,0.2397846447000067,GBPJPY_merged,133.31054696797315
2024-02-13 17:00:00,2024-02-15 02:00:00,1.5,90.0,1.6304664164636564,23292.37737805224,-1,1.11673,1.121044961000705,1.1102575584989425,1.08944,1.10603,70.05423091228234,0.001552352044560723,GBPCHF_merged,133.36953358353634
2024-02-13 01:00:00,2024-02-15 08:00:00,1.5,90.0,1.7364184363658446,24805.977662369212,1,0.82138,0.8183999037906842,0.8258501443139737,0.8265,0.83804,37.34057268675204,0.0009956465694853864,NZDCAD_merged,133.26358156363415
2024-02-13 16:00:00,2024-02-15 08:00:00,1.5,90.0,1.6731198027133938,23901.711467334197,1,1.07072,1.0666882887088776,1.0767675669366834,1.07236,1.11394,34.38051183243504,0.0013130848961721855,EURUSD_merged,133.3268801972866
2024-02-13 17:00:00,2024-02-15 08:00:00,1.5,90.0,1.216162686701831,17373.752667169014,1,0.60599,0.6028508336353803,0.6106987495469297,0.60837,0.61734,35.19723504813869,0.0010780089344841804,NZDUSD_merged,133.78383731329816
2024-02-13 18:00:00,2024-02-15 08:00:00,1.5,90.0,1.8081060419113693,25830.08631301956,-1,150.635,151.15985887331962,149.84771169002056,140.248,148.802,70.11324835632968,0.18077254564421325,USDJPY_merged,133.19189395808863
2024-02-13 17:00:00,2024-02-15 10:00:00,1.5,90.0,1.726921616311437,24670.3088044491,-1,1.3563,1.3612479315791128,1.3488781026313308,1.33581,1.35415,68.70251070776678,0.0016628844957750641,USDCAD_merged,133.27307838368856
2024-02-20 10:00:00,2024-02-22 02:00:00,-1.1,90.0,1.5273436198433652,21819.194569190935,-1,0.61798,0.6205290491788608,0.6141564262317087,0.60379,0.61734,69.59274954040055,0.0009147694415071692,NZDUSD_merged,-100.52734361984338
2024-02-13 15:00:00,2024-02-22 12:00:00,-1.1,89.99999999999999,1.6863148014931038,24090.211449901482,-1,0.95025,0.9538000933720675,0.9449248599418988,0.93049,0.94729,69.04703339732798,0.0011795865477063634,EURCHF_merged,-100.68631480149308
2024-02-22 05:00:00,2024-02-26 07:00:00,-1.1,90.0,1.8669276061798175,26670.39437399739,-1,162.979,163.52897724421732,162.15403413367403,158.076,161.864,64.16923860173239,0.1856010880498791,EURJPY_merged,-100.86692760617983
2024-02-13 05:00:00,2024-02-27 11:00:00,1.5,90.0,1.6900673378947095,24143.81911278157,-1,0.65386,0.6562973691554393,0.650203946266841,0.63027,0.64741,69.6815099308736,0.0008482955423820629,CADCHF_merged,133.3099326621053
2024-02-28 11:00:00,2024-03-06 13:00:00,1.5,90.0,2.0523758973606423,29319.6556765806,-1,1.35645,1.360613776728712,1.3502043349069317,1.33581,1.35858,60.73307134119553,0.0014539432875187047,USDCAD_merged,132.94762410263937
2024-03-07 07:00:00,2024-03-08 00:00:00,-1.1,90.0,1.5157554335613128,21653.649050875898,-1,0.66037,0.6631147244508471,0.6562529133237295,0.64422,0.65946,71.73648934205667,0.000909566942389451,AUDUSD_merged,-100.51575543356132
2024-03-08 08:00:00,2024-03-08 08:00:00,-1.1,90.0,1.7303742823131274,24719.632604473256,-1,0.66388,0.6662970747581899,0.6602543878627152,0.64422,0.65946,71.68252569709733,0.0011110830506519378,AUDUSD_merged,-100.73037428231314
2024-03-08 08:00:00,2024-03-08 08:00:00,-1.1,15.0,0.6843767771754765,9776.811102506808,-1,1.28387,1.2858397680356188,1.2815062783572577,1.25181,1.27854,78.66339833639115,0.0015666380026488685,GBPUSD_merged,-17.184376777175476
2024-03-10 21:00:00,2024-03-11 21:00:00,1.2,15.0,0.422196887683656,6031.3841097665145,1,167.417,167.00063537219697,167.91663755336364,169.197,171.691,39.425692072594,0.24235462863190335,CHFJPY_merged,17.577803112316342
2024-03-14 08:00:00,2024-03-14 17:00:00,-1.1,60.0,2.94056516942673,42008.07384895329,-1,1.12548,1.1270875195507133,1.123550976539144,1.08944,1.11843,53.90162967129384,0.000964485468877017,GBPCHF_merged,-68.94056516942673
2024-03-18 16:00:00,2024-03-18 16:00:00,1.2,30.0,1.119302203197187,15990.031474245532,-1,0.65571,0.6569402227191787,0.6542337327369855,0.6462,0.65587,65.47978056121508,0.0008676846785430235,CADCHF_merged,34.880697796802814
2024-03-18 17:00:00,2024-03-19 03:00:00,1.2,30.0,0.9333419047436593,13333.455782052277,-1,0.65559,0.6570650639535232,0.6538199232557722,0.6462,0.65587,64.86587914166667,0.0008421357729328163,CADCHF_merged,35.066658095256344
2024-03-19 17:00:00,2024-03-19 19:00:00,-1.1,29.999999999999996,0.9466871830803132,13524.102615433047,-1,150.807,151.14152940491866,150.40556471409758,145.896,150.842,71.29863095545566,0.18808328840096164,USDJPY_merged,-33.946687183080314
2024-03-19 17:00:00,2024-03-19 19:00:00,-1.1,29.999999999999996,0.9578434416837842,13683.477738339776,-1,163.855,164.2142398141758,163.42391222298903,158.076,163.716,71.08413119014408,0.20143771362544244,EURJPY_merged,-33.957843441683785
2024-03-19 08:00:00,2024-03-20 03:00:00,-1.1,60.00000000000001,1.6945150679434586,24207.35811347798,1,0.60514,0.603640108940852,0.6069398692709776,0.60684,0.62175,33.27504454251385,0.0009049825112993553,NZDUSD_merged,-67.69451506794347
2024-03-20 16:00:00,2024-03-20 19:00:00,1.2,15.0,0.43984507502916703,6283.501071845244,-1,165.175,165.56930644980736,164.70183226023119,158.076,163.716,75.20789147849747,0.22716318686956447,EURJPY_merged,17.56015492497083
2024-03-20 18:00:00,2024-03-21 01:00:00,-1.1,30.0,0.8033709055225813,11476.727221751162,-1,111.905,112.19751806156353,111.55397832612377,108.818,111.797,63.757454461476414,0.17027877312293474,CADJPY_merged,-33.803370905522584
2024-03-20 20:00:00,2024-03-21 01:00:00,-1.1,30.0,0.8575403038134745,12250.575768763922,-1,164.685,165.0882912487752,164.20105050146975,158.076,163.716,56.12706420206866,0.24778513588561243,EURJPY_merged,-33.85754030381347
2024-03-21 16:00:00,2024-03-21 20:00:00,1.2,30.0,1.0750376810596998,15357.681157995714,1,1.92584,1.9220780258187662,1.9303543690174805,1.9275,1.95682,30.06696643028946,0.002162716989749539,GBPAUD_merged,34.9249623189403
2024-03-21 14:00:00,2024-03-21 21:00:00,1.2,30.0,0.6182882756376912,8832.689651967017,-1,0.58986,0.5918634441033552,0.5874558670759737,0.56965,0.57388,67.7860221858649,0.001112889636286484,AUDCHF_merged,35.38171172436231
2024-03-21 05:00:00,2024-03-22 01:00:00,1.2,15.0,0.37928674180616756,5418.382025802394,-1,112.012,112.32208887745438,111.63989334705475,108.818,111.797,59.10706129386521,0.17866199188684045,CADJPY_merged,17.62071325819383
2024-03-21 16:00:00,2024-03-22 02:00:00,-1.1,30.0,1.507607693159671,21537.25275942387,-1,0.85753,0.8587244838223967,0.856096619413124,0.84983,0.85778,69.04637087683915,0.0007353062895444069,EURGBP_merged,-34.50760769315967
2024-03-22 05:00:00,2024-03-22 08:00:00,1.2,30.0,0.846480911029614,12092.5844432802,-1,0.90047,0.902703939330894,0.8977892728029272,0.87294,0.88923,68.07474751186544,0.0012802189622529963,USDCHF_merged,35.153519088970384
2024-03-22 08:00:00,2024-03-22 10:00:00,-1.1,30.000000000000004,0.8456185967862391,12080.265668374845,1,0.60103,0.599537408653503,0.6028211096157963,0.60684,0.62163,37.08666653428333,0.0008881381304395058,NZDUSD_merged,-33.845618596786245
2024-03-24 20:00:00,2024-03-24 21:00:00,1.2,30.0,0.9096065195725105,12994.378851035864,1,0.59924,0.5978565402589777,0.6009001516892267,0.60684,0.62163,42.574487966026204,0.0008678141442559025,NZDUSD_merged,35.09039348042749
2024-03-24 16:00:00,2024-03-25 09:00:00,1.2,30.0,1.3944526594638642,19920.752278055206,-1,1.35988,1.361927934708015,1.3574224783503819,1.34194,1.36056,65.87137945749699,0.0011729055127813763,USDCAD_merged,34.605547340536134
2024-03-26 06:00:00,2024-03-26 07:00:00,-1.1,29.999999999999996,1.0805225725910117,15436.03675130017,-1,0.59033,0.5914773087480508,0.5889532295023391,0.56965,0.57388,73.41448240244851,0.0007138241060781719,AUDCHF_merged,-34.080522572591015
2024-03-26 10:00:00,2024-03-27 02:00:00,-1.1,30.0,1.061759658054195,15167.995115059932,-1,1.14082,1.1430763693975625,1.1381123567229248,1.08944,1.11843,63.5113999772456,0.0013296135364837668,GBPCHF_merged,-34.06175965805419
2024-03-26 10:00:00,2024-03-27 03:00:00,-1.1,30.0,1.1214658323555644,16020.94046222235,-1,0.97898,0.9808131882619034,0.9767801740857158,0.93049,0.94729,59.509926205962635,0.00112132131952711,EURCHF_merged,-34.12146583235556
2024-03-27 09:00:00,2024-03-28 08:00:00,1.2,15.0,0.4244648084278488,6063.782977540697,1,166.879,166.46619086595422,167.3743709608549,167.07,171.691,35.04556425206631,0.23884112363843957,CHFJPY_merged,17.57553519157215
2024-03-28 06:00:00,2024-03-28 11:00:00,1.2,30.0,0.9488972829629485,13555.675470899265,1,90.279,90.07920398055307,90.51875522333631,90.358,93.449,30.23377494341567,0.11684656524411927,NZDJPY_merged,35.051102717037054
2024-03-28 23:00:00,2024-03-29 07:00:00,-1.1,30.000000000000004,1.1685674768619805,16693.821098028293,1,0.80874,0.807286635916515,0.8104840369001821,0.82342,0.83735,36.64925164113303,0.0008445686170296877,NZDCAD_merged,-34.16856747686199
2024-03-28 08:00:00,2024-04-01 10:00:00,-1.1,30.0,0.8107648158664458,11582.354512377799,1,0.59727,0.5957229829422116,0.5991264204693459,0.60684,0.62163,44.64769155028288,0.0009171521744222055,NZDUSD_merged,-33.81076481586645
2024-04-02 06:00:00,2024-04-02 09:00:00,1.2,30.0,1.2336254168173475,17623.22024024782,1,166.965,166.68077555454022,167.30606933455175,167.07,171.691,33.07995642989412,0.1646057895368544,CHFJPY_merged,34.76637458318265
2024-04-02 08:00:00,2024-04-02 09:00:00,1.2,30.000000000000004,1.278535494861514,18264.792783735917,-1,0.90783,0.9093211146445774,0.9060406624265072,0.87294,0.88923,69.6014981811662,0.0009023315285506703,USDCHF_merged,34.721464505138485
2024-04-02 10:00:00,2024-04-02 11:00:00,-1.1,30.0,1.3351868660421613,19074.098086316593,-1,0.9753,0.9768339650591914,0.9734592419289703,0.93049,0.94729,65.52395411448691,0.0009300229314911405,EURCHF_merged,-34.335186866042164
2024-04-02 10:00:00,2024-04-02 14:00:00,-1.1,30.0,1.09804961327176,15686.423046739432,-1,0.90606,0.9077928233414978,0.9039806119902025,0.87294,0.88923,55.29293605276958,0.0010943572873727797,USDCHF_merged,-34.09804961327176
2024-04-03 04:00:00,2024-04-03 09:00:00,-1.1,15.000000000000002,0.631237318478585,9017.6759782655,-1,0.97848,0.9801076033908709,0.976689636270042,0.93049,0.96318,65.53286033561183,0.0007249641019044177,EURCHF_merged,-17.13123731847859
2024-04-04 10:00:00,2024-04-04 14:00:00,1.1,15.0,0.5926400131523732,8466.285902176762,-1,112.396,112.59513572722209,112.17695070005571,108.676,112.288,69.00928663472632,0.08761069732568379,CADJPY_merged,15.907359986847627
2024-04-04 11:00:00,2024-04-04 14:00:00,1.1,29.999999999999996,0.8829092231352414,12612.988901932022,-1,0.98329,0.9856287557247023,0.9807173687028274,0.93049,0.98198,66.79477551525007,0.0009706467211531143,EURCHF_merged,32.11709077686476
2024-04-04 15:00:00,2024-04-04 15:00:00,1.1,60.0,1.2216564787211208,17452.235410301728,-1,0.59589,0.5979386430052906,0.5936364926941804,0.57728,0.59324,43.46454421948231,0.0010399490394030543,AUDCHF_merged,64.77834352127888
2024-04-04 16:00:00,2024-04-07 17:00:00,1.1,60.0,1.0413068774775016,14875.812535392883,-1,0.59302,0.5954118827906271,0.5903889289303103,0.57728,0.59324,46.11025678134913,0.0010213812508742808,AUDCHF_merged,64.9586931225225
2024-04-05 11:00:00,2024-04-08 09:00:00,-1.1,90.0,2.242271552831603,32032.450754737187,-1,0.8937,0.8962109848951568,0.8909379166153275,0.88309,0.89494,64.1123354747,0.0010694659514608313,AUDCAD_merged,-101.24227155283161
2024-04-08 13:00:00,2024-04-09 07:00:00,-1.1,60.0,1.765867966646275,25226.685237803933,-1,0.89649,0.8986222420878107,0.8941445337034082,0.88309,0.89494,63.55886360408219,0.0008965573646441008,AUDCAD_merged,-67.76586796664627
2024-04-09 11:00:00,2024-04-10 08:00:00,1.1,30.000000000000004,0.6043798360099207,8633.997657284583,-1,100.435,100.78397507731634,100.05112741495202,98.17,100.168,57.66176218102557,0.1503905591649834,AUDJPY_merged,32.39562016399009
2024-04-09 12:00:00,2024-04-10 08:00:00,1.1,60.0,1.854838642780907,26497.6948968701,-1,0.89921,0.9012461242821304,0.8969702632896566,0.87968,0.89494,63.55230026327998,0.000860609182226558,AUDCAD_merged,64.1451613572191
2024-04-10 21:00:00,2024-04-11 04:00:00,-1.1,60.0,1.7247439708925687,24639.199584179554,-1,152.834,153.20617280409905,152.42460991549106,146.481,151.97,65.15642416920389,0.1601132438909171,USDJPY_merged,-67.72474397089258
2024-04-10 22:00:00,2024-04-11 08:00:00,1.1,60.00000000000001,1.3506395071027495,19294.85010146785,-1,0.91296,0.915798975152019,0.909837127332779,0.87294,0.88923,67.44188610048627,0.001166884378144349,USDCHF_merged,64.64936049289726
2024-04-11 08:00:00,2024-04-12 09:00:00,1.1,59.99999999999999,1.8738605162873505,26769.435946962152,-1,153.086,153.42912116318772,152.70856672049356,146.481,151.97,56.81840174735107,0.16959860625589962,USDJPY_merged,64.12613948371265
2024-04-12 10:00:00,2024-04-12 14:00:00,-1.1,89.99999999999999,2.6440974151247163,37772.820216067375,-1,1.37509,1.3783663796637922,1.3714859823698287,1.34775,1.36139,68.28483708815205,0.0014927619760651714,USDCAD_merged,-101.6440974151247
2024-04-14 18:00:00,2024-04-15 09:00:00,1.1,30.000000000000004,0.845530799069549,12079.011415279272,-1,1.37664,1.3800590877531385,1.372879003471548,1.34775,1.36139,63.04114220978143,0.001513234186049669,USDCAD_merged,32.15446920093046
2024-04-12 12:00:00,2024-04-15 21:00:00,-1.1,59.99999999999999,1.3454356516175139,19220.509308821627,1,1.06467,1.0613464564365274,1.0683258979198198,1.07246,1.09812,29.346336224783066,0.001407517587737386,EURUSD_merged,-67.34543565161752
2024-04-15 19:00:00,2024-04-16 08:00:00,-1.1,60.0,1.3573453727396185,19390.64818199455,-1,169.069,169.59214599825597,168.4935394019184,166.565,168.476,68.32057772063833,0.21835086886110863,CHFJPY_merged,-67.35734537273962
2024-04-16 11:00:00,2024-04-17 02:00:00,1.4,14.999999999999998,0.3022638247769007,4318.054639670011,-1,1.80772,1.8139996333679724,1.7989285132848385,1.74401,1.80986,62.23475314436337,0.002374662269408523,EURNZD_merged,20.697736175223096
2024-04-19 00:00:00,2024-04-21 20:00:00,1.4,60.0,1.061502335119568,15164.319073136689,-1,1.66437,1.670955340200135,1.655150523719811,1.64763,1.66791,58.476535622266226,0.0024947995397289623,EURAUD_merged,82.93849766488043
2024-04-19 00:00:00,2024-04-21 21:00:00,1.4,59.99999999999999,1.2354108058675304,17648.725798107578,-1,1.80944,1.8155915149162576,1.8008278791172392,1.74401,1.80986,58.896697452862384,0.0022691717965965534,EURNZD_merged,82.76458919413245
2024-04-24 18:00:00,2024-04-25 00:00:00,-1.1,60.0,2.0711470133240923,29587.814476058466,-1,155.228,155.54278093819795,154.7873066865229,150.81,151.97,66.30758099444826,0.11154370890405174,USDJPY_merged,-68.0711470133241
2024-04-25 07:00:00,2024-04-25 23:00:00,-1.1,60.00000000000001,2.1947965049093123,31354.23578441875,-1,155.542,155.8396478222645,155.1252930488297,150.81,151.97,68.01648958754807,0.1082942245883211,USDJPY_merged,-68.19479650490932
2024-04-26 11:00:00,2024-04-26 16:00:00,-1.1,15.0,0.19151605695640894,2735.9436708058424,-1,93.373,93.88492391676232,92.65630651653277,90.102,92.363,74.60585445705588,0.22839164341335724,NZDJPY_merged,-16.69151605695641
2024-05-01 02:00:00,2024-05-01 14:00:00,1.4,15.0,0.3226144049703276,4608.777213861824,1,0.64748,0.645372673143152,0.6504302575995872,0.64802,0.6644,33.202064211081876,0.0009043555633237105,AUDUSD_merged,20.677385595029673
2024-05-01 07:00:00,2024-05-01 14:00:00,1.4,60.00000000000001,1.632438663701023,23320.552338586047,-1,0.92113,0.9234999181390552,0.9178121146053227,0.87294,0.88923,60.543419041060616,0.0010489421058297189,USDCHF_merged,82.36756133629898
2024-05-02 22:00:00,2024-05-03 08:00:00,-1.1,60.0,1.5383179627599186,21975.970896570267,1,1.9079,1.902690946869252,1.9151926743830467,1.91128,1.94799,34.507240365676935,0.002192319586947849,GBPAUD_merged,-67.53831796275992
2024-05-03 11:00:00,2024-05-06 20:00:00,-1.1,59.99999999999999,1.1839035000291398,16912.907143273427,1,1.62881,1.6230316557347524,1.6368996819713468,1.63598,1.66809,36.37615538179468,0.002453586194044096,EURAUD_merged,-67.18390350002915
2024-05-06 02:00:00,2024-05-06 20:00:00,-1.1,30.0,0.8442882444014185,12061.26063430598,1,1.89706,1.8923414385058452,1.9036659860918166,1.91128,1.94799,30.489331981519577,0.002020009298882353,GBPAUD_merged,-33.84428824440142
2024-05-07 01:00:00,2024-05-08 08:00:00,-1.1,30.0,0.6593124177270647,9418.748824672353,-1,92.835,93.13069214041514,92.42103100341879,89.954,92.363,67.7935686730126,0.1287359573104623,NZDJPY_merged,-33.659312417727065
2024-05-06 00:00:00,2024-05-10 08:00:00,1.4,29.999999999999996,0.7711612176269852,11016.588823242646,-1,0.90515,0.907614873695087,0.9016991768268783,0.87809,0.90065,72.20573202772587,0.0010401353427369798,AUDCAD_merged,41.22883878237301
2024-05-17 08:00:00,2024-05-17 11:00:00,-1.1,30.0,1.0391739665568618,14845.342379383741,-1,1.14987,1.152193698512195,1.146616822082927,1.11678,1.15119,73.09175655167705,0.00102885343660049,GBPCHF_merged,-34.03917396655686
2024-05-20 03:00:00,2024-05-20 08:00:00,1.2,15.0,0.5473400716582669,7819.143880832385,-1,0.6089,0.6100680946327628,0.6074982864406847,0.57405,0.59951,69.46144513905169,0.0006966063120132853,AUDCHF_merged,17.452659928341735
2024-05-20 11:00:00,2024-05-20 13:00:00,-1.1,60.0,2.471334617845482,35304.78025493546,-1,1.15486,1.1568226690634993,1.152504797123801,1.11678,1.15119,68.4654589959302,0.0011549032699785702,GBPCHF_merged,-68.47133461784549
2024-05-22 05:00:00,2024-05-22 08:00:00,-1.1,30.0,1.1602332286810022,16574.760409728606,-1,1.16178,1.1638827996265662,1.1592566404481206,1.11678,1.15119,69.96020460374216,0.0012278737456033475,GBPCHF_merged,-34.160233228681
2024-06-03 15:00:00,2024-06-04 03:00:00,-1.1,15.0,0.4113242113477125,5876.06016211018,1,0.65624,0.6545647959128341,0.6582502449045992,0.65956,0.6703,35.14154281199835,0.0009778845854267958,CADCHF_merged,-16.91132421134771
2024-06-10 13:00:00,2024-06-11 02:00:00,1.2,15.0,0.7399383921003024,10570.54845857575,1,0.84482,0.8436211691115498,0.8462585970661403,0.85272,0.86203,33.48581605209676,0.0006919664516744711,EURGBP_merged,17.260061607899697
2024-06-11 11:00:00,2024-06-11 17:00:00,-1.1,30.000000000000004,1.2514823741958723,17878.319631369606,1,0.84347,0.8420546488640017,0.845168421363198,0.85272,0.86203,38.63658692277078,0.0008166623852091654,EURGBP_merged,-34.25148237419588
2024-06-12 14:00:00,2024-06-12 14:00:00,1.2,30.0,0.6822203601841039,9746.0051454872,-1,0.62105,0.6229617063578227,0.6187559523706129,0.58517,0.60823,64.23164162093475,0.0012434950693989315,NZDUSD_merged,35.317779639815896
2024-06-12 12:00:00,2024-06-12 15:00:00,1.2,30.0,0.9159835191238814,13085.47884462688,1,0.89177,0.88972551234176,0.894223385189888,0.89876,0.91579,32.37168651965123,0.001196736956181502,USDCHF_merged,35.084016480876116
2024-06-14 04:00:00,2024-06-14 05:00:00,1.2,30.0,0.7441100905217203,10630.14415031029,-1,176.397,176.89482109491388,175.79961468610333,167.301,172.713,64.48821518777224,0.3141333711714535,CHFJPY_merged,35.25588990947828
2024-06-18 07:00:00,2024-06-18 07:00:00,-1.1,29.999999999999996,1.2981042778821585,18544.34682688798,1,1.12674,1.1249172234786404,1.1289273318256317,1.13176,1.16766,30.59756886142499,0.0011634913772132084,GBPCHF_merged,-34.29810427788216
2024-06-18 07:00:00,2024-06-18 09:00:00,-1.1,30.0,1.0992903357044523,15704.14765292075,-1,178.036,178.3761063284709,177.6278724058349,167.301,172.713,70.08618084918324,0.20341522143369364,CHFJPY_merged,-34.09929033570445
2024-06-18 14:00:00,2024-06-18 21:00:00,-1.1,30.0,1.0085494619620916,14407.84945660131,1,1.90978,1.9058034592835957,1.9145518488596853,1.90919,1.94799,32.235143973355335,0.0022999171980360254,GBPAUD_merged,-34.00854946196209
2024-06-18 11:00:00,2024-06-20 03:00:00,1.2,30.0,1.0398555016897517,14855.078595567882,1,0.6443,0.6429988288297735,0.6458614054042716,0.65956,0.67053,31.420846029902627,0.0007850094627287171,CADCHF_merged,34.96014449831025
2024-06-19 04:00:00,2024-06-20 04:00:00,-1.1,29.999999999999996,1.2423277500591903,17747.539286559862,1,1.60903,1.6063101356165157,1.612293837260181,1.62128,1.64046,34.14514114269388,0.0016113544951804524,EURAUD_merged,-34.24232775005919
2024-07-03 06:00:00,2024-07-03 08:00:00,-1.1,15.0,0.6950497432105601,9929.282045865146,-1,174.089,174.35199333506065,173.7734079979272,167.52,170.888,74.80991698600847,0.16079467881464643,EURJPY_merged,-17.19504974321056
2024-07-10 10:00:00,2024-07-11 19:00:00,-1.1,15.0,0.5503543461454822,7862.20494493546,-1,1.10837,1.1104846167158502,1.10583245994098,1.07254,1.10296,67.00415877063618,0.0012378998868089088,AUDNZD_merged,-17.050354346145483
2024-11-17 17:00:00,2024-11-17 20:00:00,1.3,15.0,0.24945700068367133,3563.6714383381623,1,99.704,99.28433168156,100.24956881397198,99.533,101.69,35.30174500579216,0.22538677216991976,AUDJPY_merged,19.25054299931633
2024-11-22 11:00:00,2024-11-25 07:00:00,1.3,60.0,1.3656963782761327,19509.94826108761,-1,0.6393,0.6412660738965927,0.6367441039344294,0.61878,0.63346,73.41868394012705,0.0010230060396882181,CADCHF_merged,76.63430362172387
2024-11-25 21:00:00,2024-11-26 11:00:00,-1.1,60.0,0.7987682070044281,11410.974385777545,1,99.633,99.10912011052703,100.31404385631485,99.533,102.401,40.98183199329999,0.2719600963589689,AUDJPY_merged,-66.79876820700443
2024-11-27 06:00:00,2024-11-27 11:00:00,-1.1,60.0,1.2573567081169994,17962.238687385707,1,171.672,171.0985570022052,172.41747589713322,172.4,177.304,32.923923825357846,0.295968382380912,CHFJPY_merged,-67.257356708117
2024-11-28 22:00:00,2024-12-01 17:00:00,-1.101027849537452,30.0,0.5161644167128182,7373.77738161169,1,97.725,97.32740866407073,98.24186873670804,99.533,102.401,38.22730438257141,0.21395441229625842,AUDJPY_merged,-33.546999902836376
2024-12-06 09:00:00,2024-12-06 10:00:00,-1.1,15.0,0.30322524025944214,4331.789146563459,1,0.5136,0.5118215200834251,0.5159120238915472,0.51381,0.5264,33.05912412179198,0.0009434676284012509,NZDCHF_merged,-16.803225240259444
2024-12-10 07:00:00,2024-12-10 11:00:00,-1.1,15.0,0.7942459199845544,11346.370285493635,1,0.82537,0.8242788536960733,0.8267884901951047,0.82598,0.84475,34.3955488416389,0.0005775527049265824,EURGBP_merged,-17.294245919984554
2024-12-19 02:00:00,2024-12-19 11:00:00,-1.1,15.0,0.3301855168136429,4716.935954480613,1,0.81303,0.8104445398373672,0.8163910982114226,0.81364,0.83669,35.16745432479341,0.001343570756173947,NZDCAD_merged,-16.830185516813643
2024-12-19 22:00:00,2024-12-26 07:00:00,-1.1,15.0,0.24506008832461157,3500.8584046373085,-1,156.976,157.64858932748638,155.96711600877046,148.646,156.746,63.29580756585334,0.3514233555384505,USDJPY_merged,-16.74506008832461
2024-12-30 09:00:00,2024-12-31 10:00:00,1.5,15.0,0.5173539818076585,7390.771168680836,-1,0.94105,0.9429599157148604,0.9381851264277096,0.92555,0.94177,57.358521064358285,0.0010205603117738498,EURCHF_merged,21.98264601819234
2025-01-07 02:00:00,2025-01-07 04:00:00,-1.1,60.0,1.141292132874121,16304.17332677316,-1,89.337,89.66576367863424,88.84385448204866,86.715,89.301,62.69921011394945,0.17060254970845695,NZDJPY_merged,-67.14129213287413
2025-01-07 08:00:00,2025-01-07 13:00:00,1.5,30.0,0.5808962410646551,8298.517729495074,-1,89.458,89.78139992363471,88.97290011454793,86.715,89.301,59.90687295979407,0.16683830854328008,NZDJPY_merged,44.41910375893534
2025-01-09 10:00:00,2025-01-12 19:00:00,-1.1,30.0,0.7350069363650718,10500.099090929598,-1,0.837,0.8393914060031767,0.8334128909952349,0.82198,0.83274,63.78232170901298,0.001224446542905941,EURGBP_merged,-33.735006936365075
2025-01-12 17:00:00,2025-01-12 22:00:00,-1.1,30.0,0.8275227820905788,11821.754029865413,-1,0.91525,0.9175726248770388,0.9117660626844417,0.8734,0.89572,61.987897097630054,0.001240117421109247,USDCHF_merged,-33.827522782090576
2025-01-20 13:00:00,2025-01-21 11:00:00,-1.1,15.0,0.4935284865771195,7050.406951101708,-1,0.94316,0.9451666075757215,0.9401500886364178,0.92555,0.94407,60.41293832902188,0.001021387161066905,EURCHF_merged,-16.99352848657712
2025-02-10 22:00:00,2025-02-12 10:00:00,-1.1,15.0,0.6883226821835987,9833.181174051411,-1,1.11203,1.1137263431980708,1.109485485202894,1.10199,1.11021,61.66969337772803,0.0008783256231173322,AUDNZD_merged,-17.1883226821836
2025-02-16 18:00:00,2025-02-16 20:00:00,-1.1,14.999999999999998,0.3311031229184215,4730.044613120307,-1,0.57207,0.5738841583646374,0.569348762453044,0.55158,0.5723,65.51077184484289,0.0009730473210633652,NZDUSD_merged,-16.83110312291842
2025-02-26 12:00:00,2025-02-26 23:00:00,-1.1,15.0,0.5639932081131926,8057.045830188467,-1,2.22321,2.227349004630587,2.218243194443296,2.18313,2.22102,71.51625220787315,0.0022930579443503282,GBPNZD_merged,-17.063993208113192
2025-03-31 11:00:00,2025-03-31 17:00:00,1.2,15.0,0.392133384698769,5601.905495696701,-1,2.07182,2.0773676301811723,2.065162843782594,1.96372,2.01481,58.4467609734307,0.0032133012839379426,GBPAUD_merged,17.60786661530123
2025-04-03 01:00:00,2025-04-03 01:00:00,-1.1,60.0,1.3348590178543565,19069.41454077652,-1,1.30584,1.3099486945712182,1.3009095665145378,1.25589,1.30144,75.75546670838088,0.0024245646597554774,GBPUSD_merged,-67.33485901785436
2025-06-23 08:00:00,2025-06-23 10:00:00,1.1,59.99999999999999,1.3737443432244345,19624.919188920496,-1,107.091,107.41841332273243,106.73084534499432,103.001,105.567,61.54073536905347,0.18247512680641514,CADJPY_merged,64.62625565677557
2025-06-23 06:00:00,2025-06-23 20:00:00,1.1,15.0,0.36497877042295324,5213.982434613618,-1,197.909,198.4783603761095,197.28270358627952,192.726,196.311,73.41387663127321,0.3067176543422078,GBPJPY_merged,16.135021229577045
2025-06-26 07:00:00,2025-06-26 12:00:00,-1.1,59.99999999999999,1.7844400036427466,25492.00005203924,-1,1.3728,1.3760311313287248,1.3692457555384026,1.31394,1.3632,62.46910921293901,0.00188113917751679,GBPUSD_merged,-67.78444000364274
2025-07-08 10:00:00,2025-07-09 00:00:00,-1.1,60.0,1.128368446755909,16119.54923937013,-1,95.762,96.11844421036085,95.36991136860307,92.312,94.84,66.16854357768779,0.19645137836075208,AUDJPY_merged,-67.12836844675591
2025-07-15 15:00:00,2025-07-16 10:00:00,1.1,30.0,0.7798678353987689,11140.969077125272,-1,148.85,149.2508179153076,148.4091002931616,142.679,148.025,70.76114164333018,0.21484257535710502,USDJPY_merged,32.22013216460123
2025-07-24 03:00:00,2025-07-24 12:00:00,1.1,30.0,0.8696041099634727,12422.915856621039,-1,0.66111,0.6627065092437964,0.6593538398318239,0.64849,0.65947,66.5360163043426,0.0008800246098949581,AUDUSD_merged,32.130395890036525
2025-08-13 07:00:00,2025-08-14 03:00:00,1.1,60.0,2.531662656042666,36166.60937203809,-1,1.61173,1.6144038420238744,1.6087887737737385,1.57561,1.61222,68.18003877031926,0.00143936294882405,EURCAD_merged,63.46833734395734
2025-08-20 19:00:00,2025-08-21 17:00:00,1.4,15.0,0.4009337444343437,5727.624920490625,-1,2.00047,2.00570900402288,1.9931353943679675,1.92813,1.96766,66.92926816727943,0.002739701214189619,EURNZD_merged,20.599066255565656
2025-09-02 04:00:00,2025-09-02 17:00:00,1.4,60.0,2.0908856391095476,29869.79484442211,-1,173.117,173.46474326553297,172.6301594282538,169.719,173.016,61.41931832220998,0.2068068590950727,EURJPY_merged,81.90911436089046
2025-09-05 13:00:00,2025-09-08 09:00:00,-1.1,60.00000000000001,1.47168317255435,21024.045322205002,1,0.5761,0.5744558825397178,0.578401764444395,0.57781,0.58974,23.653217267243477,0.0008513731948747355,CADCHF_merged,-67.47168317255436
2025-09-10 12:00:00,2025-09-11 10:00:00,-1.1,60.0,1.7980761571403545,25686.80224486221,-1,0.91714,0.9192822830088165,0.9141408037876567,0.89027,0.9027,69.60804131145083,0.001108408989271261,AUDCAD_merged,-67.79807615714036
2025-09-11 17:00:00,2025-09-11 20:00:00,-1.1,30.0,1.000224572197201,14288.922459960015,-1,0.9205,0.9224326159881812,0.9177943376165463,0.89027,0.9027,67.0530009465543,0.0010259401445998312,AUDCAD_merged,-34.0002245721972
2025-09-25 23:00:00,2025-09-26 06:00:00,-1.1,15.0,0.7796308439810747,11137.583485443925,-1,1.39385,1.3957272249857724,1.391221885019919,1.372,1.38911,67.55407001057074,0.0009438693539488552,USDCAD_merged,-17.279630843981074
2025-10-08 17:00:00,2025-10-09 00:00:00,-1.1,30.0,0.7993154031799272,11418.791473998961,-1,100.535,100.79913040354293,100.16521743503988,94.399,98.422,68.17436306855562,0.14401485887436818,AUDJPY_merged,-33.799315403179925
2025-10-08 10:00:00,2025-10-09 09:00:00,1.4,15.0,0.38779752060541045,5539.964580077292,-1,177.489,177.96956895698833,176.81620346021634,169.719,173.016,61.45161674999654,0.2627930992800071,EURJPY_merged,20.61220247939459
2025-10-09 04:00:00,2025-10-09 10:00:00,1.4,30.0,0.69104956010544,9872.136572934858,-1,100.766,101.07221334881932,100.33730131165296,94.399,98.422,59.82430417575017,0.16965314040041626,AUDJPY_merged,41.30895043989456
2025-10-09 05:00:00,2025-10-09 13:00:00,1.4,30.0,0.7840324545339773,11200.463636199676,-1,109.522,109.81535035644247,109.11130950098055,105.976,108.03,60.29406899649202,0.1606524298403009,CADJPY_merged,41.21596754546602
2025-10-09 16:00:00,2025-10-10 08:00:00,1.4,30.0,1.2247557421461133,17496.510602087335,-1,1.40243,1.4048346451865084,1.3990634967388884,1.37261,1.38911,63.82096460131943,0.001243059677616818,USDCAD_merged,40.775244257853885
2025-10-09 16:00:00,2025-10-10 11:00:00,1.4,60.0,1.5272912004430599,21818.445720615142,-1,0.80664,0.8088582331692982,0.8035344735629826,0.78288,0.80137,64.59116778310835,0.0011419560601833253,USDCHF_merged,82.47270879955694
2025-10-10 15:00:00,2025-10-12 17:00:00,1.4,60.0,1.4393445918730015,20562.065598185738,-1,2.02833,2.0342486563440754,2.020043881118294,1.9621,2.03098,69.41673414470829,0.003016862123044472,EURNZD_merged,82.560655408127
2025-10-14 05:00:00,2025-10-14 06:00:00,-1.1,90.0,5.177016427970395,73957.37754243423,-1,1.40581,1.4075207542777244,1.4034149440111858,1.37261,1.38911,70.44126641824386,0.0009160829176848722,USDCAD_merged,-104.17701642797041
2025-10-16 10:00:00,2025-10-17 01:00:00,-1.1,60.0,1.7851217000257273,25501.738571796108,-1,1.8851,1.8895352270211525,1.8788906821703864,1.85369,1.88399,62.05247737521891,0.002308306438909175,GBPCAD_merged,-67.78512170002573
2025-10-17 07:00:00,2025-10-19 18:00:00,1.2,15.0,0.1460875037281886,2086.964338974123,1,0.51171,0.5080320981515318,0.5161234822181617,0.52017,0.53089,44.63789623716551,0.0013883981911925211,AUDCHF_merged,17.85391249627181
2025-10-17 07:00:00,2025-10-19 18:00:00,1.2,89.99999999999999,1.3761052536484815,19658.646480692594,1,0.5629,0.5603229660190615,0.5659924407771261,0.57781,0.57805,43.50825354690727,0.0009383676607666669,CADCHF_merged,106.62389474635151
2025-10-17 07:00:00,2025-10-19 18:00:00,1.2,60.0,0.5141433132872849,7344.904475532642,1,97.125,96.33159281282519,98.07708862460977,96.854,98.422,46.29945235428919,0.2942212722207732,AUDJPY_merged,71.48585668671271
2025-10-17 08:00:00,2025-10-21 12:00:00,1.2,90.0,0.9799399374133504,13999.141963047865,1,0.45339,0.45047517135495097,0.45688779437405885,0.45817,0.46577,41.060666470659996,0.0010086374377532745,NZDCHF_merged,107.02006006258665
2025-10-17 07:00:00,2025-10-27 03:00:00,1.2,60.0,1.3735221414959236,19621.744878513196,1,0.92346,0.9206362144323528,0.9268485426811766,0.93007,0.93726,40.67380455598624,0.0010254574376050718,EURCHF_merged,70.62647785850407
2025-10-29 03:00:00,2025-10-29 13:00:00,-1.1,90.0,1.9952282162201331,28503.260231716187,1,1.32279,1.3186132462170228,1.3278021045395725,1.32484,1.34714,28.186575388438865,0.0014420904566357653,GBPUSD_merged,-100.99522821622014
2025-10-29 03:00:00,2025-10-29 15:00:00,1.2,90.0,2.01904191862604,28843.455980372004,1,1.05217,1.048886922546853,1.0561096929437765,1.06522,1.07791,35.1923295743805,0.0011019049259741065,GBPCHF_merged,105.98095808137396
2025-10-29 11:00:00,2025-10-30 22:00:00,1.2,90.0,1.4920888529070857,21315.5550415298,1,2.28376,2.274117351727434,2.2953311779270797,2.30336,2.35207,29.307497465163028,0.0031839149415086496,GBPNZD_merged,106.50791114709291
2025-10-29 07:00:00,2025-10-31 12:00:00,1.2,90.0,2.3859879156124126,34085.5416516059,-1,0.88062,0.8829452028913046,0.8778297565304344,0.86533,0.8751,76.35743056700468,0.0007839913711181149,EURGBP_merged,105.61401208438758
2025-10-29 16:00:00,2025-11-03 10:00:00,1.2,90.0,1.3236627814536526,18909.468306480754,1,1.83774,1.8289932389954446,1.8482361132054663,1.85595,1.89143,35.526831596379076,0.0029209022156956722,GBPCAD_merged,106.67633721854635
2025-11-04 11:00:00,2025-11-04 16:00:00,-1.1,90.0,1.3693315847738332,19561.87978248333,1,0.56664,0.5640330112766737,0.5697683864679917,0.56823,0.58446,30.935733959950948,0.000845496509601016,NZDUSD_merged,-100.36933158477385
2025-11-04 18:00:00,2025-11-04 20:00:00,-1.1,90.0,1.4419953973906228,20599.93424843747,1,200.113,199.23871711235603,201.16213946517277,200.675,205.32,29.417422180764426,0.2880399414136124,GBPJPY_merged,-100.44199539739064
2025-10-29 15:00:00,2025-11-06 07:00:00,1.2,90.0,1.7354239797163045,24791.771138804354,1,1.61766,1.6117875111332356,1.6247069866401174,1.61729,1.64671,35.1004254545465,0.001939103696855672,EURCAD_merged,106.2645760202837
2025-10-29 15:00:00,2025-11-06 10:00:00,1.2,90.0,1.1600650410688524,16572.357729555035,1,2.00708,1.9961800904670401,2.020159891439552,2.02406,2.08487,40.28020876896079,0.003500924379249527,GBPAUD_merged,106.83993495893115
2025-11-04 22:00:00,2025-11-06 22:00:00,-1.1,90.0,1.3011076574055742,18587.252248651064,1,0.56473,0.5619955614008957,0.5680113263189251,0.56823,0.58446,37.37817902065837,0.0009078024235322869,NZDUSD_merged,-100.3011076574056
2025-11-07 04:00:00,2025-11-09 20:00:00,-1.1,15.0,0.33320851232305243,4760.121604615035,-1,1.15385,1.1574859890434774,1.1491232142434795,1.1276,1.1444,63.09900423575662,0.0012413758020986666,AUDNZD_merged,-16.833208512323054
2025-11-10 05:00:00,2025-11-11 23:00:00,-1.1,15.0,0.30956438371212497,4422.348338744643,-1,178.336,178.9408912919328,177.5496413204874,174.811,177.934,65.71852165189487,0.2038272609636955,EURJPY_merged,-16.809564383712125
2025-11-26 03:00:00,2025-11-26 20:00:00,-1.1,30.0,0.3260946619677194,4658.495170967421,-1,0.56775,0.5714062236033107,0.562996909315696,0.56057,0.5691,67.10777369608377,0.0012557119912078771,NZDUSD_merged,-33.32609466196772
2025-11-25 16:00:00,2025-11-28 10:00:00,1.3,15.000000000000002,0.2824806708049052,4035.438154355789,-1,1.85573,1.862627875505775,1.8467627618424929,1.83213,1.85455,56.491260952559784,0.002321536491996894,GBPCAD_merged,19.2175193291951
2025-12-03 23:00:00,2025-12-04 06:00:00,-1.1,30.0,0.8881105709743076,12687.293871061538,-1,1.86115,1.8655508202669093,1.855428933653018,1.83221,1.85455,65.40198783524714,0.0014648439278280726,GBPCAD_merged,-33.888110570974305
2025-12-03 08:00:00,2025-12-08 10:00:00,1.3,30.0,0.949971288297366,13571.018404248087,-1,1.16628,1.1688581705512275,1.1629283782834041,1.14909,1.16559,68.99124551309102,0.0009219511617231158,EURUSD_merged,38.05002871170264
2025-12-05 16:00:00,2025-12-08 23:00:00,-1.1,29.999999999999996,0.648471204983561,9263.874356908016,-1,0.53388,0.5356089094587144,0.5316324177036713,0.51348,0.5291,69.80800056349113,0.0005857345557459849,AUDCHF_merged,-33.64847120498356
2025-12-09 13:00:00,2025-12-10 22:00:00,1.3,30.0,0.4444975473815228,6349.964962593183,-1,104.166,104.65812555004773,103.52623678493795,98.824,102.488,67.72068920477619,0.16329143228129353,AUDJPY_merged,38.55550245261848
2025-12-09 13:00:00,2025-12-11 08:00:00,1.3,15.0,0.26653467714065476,3807.6382448664967,-1,113.255,113.70116239536158,112.67498888602994,108.198,112.287,68.73052331232601,0.14943130885962025,CADJPY_merged,19.233465322859345
2025-12-10 22:00:00,2025-12-11 08:00:00,-1.1,60.00000000000001,1.475399054732155,21077.1293533165,-1,1.16937,1.1726988309249267,1.1650425197975953,1.14909,1.16559,63.55347378789718,0.0011194532518238182,EURUSD_merged,-67.47539905473216
2025-12-09 13:00:00,2025-12-14 21:00:00,1.3,30.0,0.4558531749784332,6512.188213977618,-1,90.661,91.07865224078786,90.1180520869758,87.23,88.824,65.04291590767154,0.1382310130601502,NZDJPY_merged,38.54414682502156
2025-12-22 08:00:00,2025-12-22 23:00:00,1.3,30.0,0.551968117589018,7885.258822700257,-1,211.437,212.24142635335437,210.39124574063936,199.064,204.237,65.13197889332808,0.3004320835863705,GBPJPY_merged,38.44803188241098
2025-12-21 18:00:00,2025-12-26 09:00:00,-1.1,30.0,0.4595919531251756,6565.5993303596515,-1,114.07,114.59121669748808,113.3924182932655,108.198,113.457,67.43431586043833,0.186034903136577,CADJPY_merged,-33.45959195312518
2025-12-31 03:00:00,2026-01-01 22:00:00,-1.1,30.0,0.8824916679402096,12607.023827717281,-1,1.15847,1.1612267251775628,1.1548862572691687,1.14193,1.15187,67.08706909441784,0.00096126668247081,AUDNZD_merged,-33.88249166794021
2025-12-31 12:00:00,2026-01-04 21:00:00,1.3,30.0,0.5136292690383161,7337.560986261658,-1,2.03941,2.04774823393285,2.0285702958872958,2.00728,2.04131,63.18180157527942,0.002757735003129172,EURNZD_merged,38.48637073096168
2026-01-07 01:00:00,2026-01-07 23:00:00,1.5,60.00000000000001,0.9764595164375698,13949.421663393856,-1,0.67523,0.6781343354611837,0.6708734968082243,0.6592,0.66855,63.56876901571145,0.0010181724743721675,AUDUSD_merged,89.02354048356244
2026-01-09 07:00:00,2026-01-09 09:00:00,-1.1,90.0,2.5119234242796256,35884.62034685179,-1,157.576,157.97120663345248,156.98319004982125,154.343,157.778,67.13948270675596,0.1415634243592433,USDJPY_merged,-101.51192342427964
2026-01-07 01:00:00,2026-01-12 16:00:00,1.5,60.0,1.2796105288373216,18280.15041196174,-1,1.16799,1.1718236336638754,1.162239549504187,1.14193,1.15187,64.56946389396884,0.0013513581028157967,AUDNZD_merged,88.72038947116268
2026-01-09 14:00:00,2026-01-12 21:00:00,-1.1,60.0,1.119754970967298,15996.499585247115,-1,157.914,158.5063070825281,157.0255393762078,154.343,157.778,64.46843978535482,0.20285694063432574,USDJPY_merged,-67.11975497096729
2026-01-12 22:00:00,2026-01-13 08:00:00,1.2,15.0,0.4521087640815506,6458.696629736438,-1,0.80116,0.8030206540435219,0.7989272151477738,0.78728,0.80032,66.24305101438446,0.0007527530525531109,NZDCAD_merged,17.54789123591845
2026-01-13 00:00:00,2026-01-13 19:00:00,-1.1,60.0,1.341699782713302,19167.139753047173,-1,158.716,159.21283782362394,158.11979461165126,154.393,157.778,66.19413478101195,0.20094320556878814,USDJPY_merged,-67.3416997827133
2026-01-13 06:00:00,2026-01-14 03:00:00,1.2,30.0,0.7063757382452811,10091.081974932587,-1,198.916,199.50736176029724,198.2063658876433,192.395,198.566,64.39056308953027,0.2415149667816745,CHFJPY_merged,35.29362426175472
2026-01-13 02:00:00,2026-01-14 05:00:00,1.2,30.0,0.6631968026137312,9474.240037339017,-1,106.493,106.83020804913205,106.08835034104152,102.321,104.393,67.57904461567962,0.1374673999618111,AUDJPY_merged,35.33680319738627
2026-01-13 06:00:00,2026-01-14 05:00:00,1.2,60.0,1.3065127324745298,18664.467606779,-1,91.512,91.80618037072784,91.1589835551266,87.23,91.36,66.99126640142276,0.11939121486493819,NZDJPY_merged,70.69348726752547
2026-01-13 23:00:00,2026-01-14 05:00:00,1.2,90.0,2.4369307825119924,34813.29689302846,-1,159.164,159.57547381254972,158.6702314249403,154.393,157.778,66.08239352298563,0.16741546318888326,USDJPY_merged,105.563069217488
2026-01-13 08:00:00,2026-01-14 07:00:00,1.2,60.0,1.5750422609913883,22500.60372844841,-1,185.187,185.6808187496699,184.59441750039613,180.092,184.919,66.92253752382207,0.2141322543365641,EURJPY_merged,70.42495773900862
2026-01-20 04:00:00,2026-01-20 16:00:00,-1.1,90.0,2.0746076897485546,29637.25271069364,-1,184.9,185.46148929060473,184.22621285127434,182.632,184.919,64.56243603495224,0.23874288029348958,EURJPY_merged,-101.07460768974858
2026-01-20 04:00:00,2026-01-21 01:00:00,-1.1,60.0,0.9951921226651406,14217.030323787723,-1,106.293,106.74158735296704,105.75469517643957,102.321,104.393,51.42980651104075,0.1988462972789122,AUDJPY_merged,-66.99519212266515
2026-01-21 09:00:00,2026-01-21 19:00:00,-1.1,15.0,0.3261739716540318,4659.628166486169,1,1.98502,1.9786299407643393,1.993966082929925,1.99962,2.02873,34.56277452853126,0.0025607354413074187,GBPAUD_merged,-16.826173971654033
2026-01-22 22:00:00,2026-01-23 02:00:00,1.4,15.0,0.2561966320590941,3659.9518865584873,-1,93.713,94.09707472108104,93.17529539048653,89.674,91.36,70.48713189024801,0.14574097181465967,NZDJPY_merged,20.743803367940906
2026-01-22 23:00:00,2026-01-23 02:00:00,-1.1,30.0,0.5798817906392139,8284.0255805602,-1,108.537,108.93005890214064,107.9867175370031,102.321,104.393,73.00533339083148,0.15309246505023072,AUDJPY_merged,-33.57988179063921
2026-01-22 22:00:00,2026-01-23 07:00:00,-1.1,60.0,1.3610055694715282,19442.93670673612,-1,0.68404,0.6861509156820832,0.6810847180450835,0.6592,0.67661,73.32327188962715,0.0008096127436011363,AUDUSD_merged,-67.36100556947153
2026-01-27 20:00:00,2026-01-28 03:00:00,1.4,14.999999999999998,0.17720963005575155,2531.566143653594,1,0.56141,0.5580835413881596,0.5660670420565764,0.57367,0.5786,38.86191506528943,0.001271592361371575,CADCHF_merged,20.822790369944244
2026-01-28 07:00:00,2026-01-28 22:00:00,-1.1,30.000000000000004,0.6445232526609271,9207.475038013246,1,1.35737,1.3529473868697028,1.363561658382416,1.3642,1.39282,31.909131598934724,0.001747361832248947,USDCAD_merged,-33.64452325266093
2026-01-29 04:00:00,2026-01-30 08:00:00,-1.1,30.0,0.5340754907917947,7629.64986845421,1,1.97278,1.965022973003951,1.9836398377944684,2.01513,2.04389,36.47243404984026,0.0029996524985888766,EURNZD_merged,-33.53407549079179
2026-01-27 20:00:00,2026-01-30 10:00:00,1.4,30.0,0.43098507654649304,6156.929664949901,-1,1.38168,1.3884123166343718,1.3722547567118795,1.33407,1.35674,65.51645046260194,0.002542970226561395,GBPUSD_merged,41.56901492345351
2026-02-05 12:00:00,2026-02-09 09:00:00,-1.1,30.0,0.4697710732554998,6711.015332221426,1,1.05304,1.0483326348047035,1.0596303112734151,1.05136,1.07979,34.582477285574996,0.0017719161411772957,GBPCHF_merged,-33.4697710732555
2026-02-11 04:00:00,2026-02-11 08:00:00,-1.1,15.0,0.2459057269096974,3512.93895585282,1,209.694,208.7986215036673,210.94752989486574,209.609,214.852,34.10792103839908,0.34342089154738564,GBPJPY_merged,-16.745905726909697
2026-02-11 16:00:00,2026-02-11 22:00:00,-1.1,15.0,0.20024241131284748,2860.6058758978215,1,181.876,180.92230692994582,183.21117029807584,181.789,186.873,32.303519456406775,0.3486760964479189,EURJPY_merged,-16.700242411312846
2026-02-19 13:00:00,2026-02-22 18:00:00,1.4,15.0,0.3000716948638522,4286.738498055032,1,1.34523,1.3405228199354462,1.3518200520903754,1.35083,1.3869,36.616429020307876,0.0017904214516263634,GBPUSD_merged,20.699928305136147
2026-02-27 15:00:00,2026-03-01 17:00:00,-1.9851613640181314,29.999999999999996,0.6072976116977492,8675.680167110704,1,1.03547,1.031889404657428,1.0404828334796006,1.05136,1.07979,34.46549448153368,0.0013316411937756762,GBPCHF_merged,-60.16213853224168
2026-03-02 02:00:00,2026-03-02 07:00:00,1.4,15.0,0.24847716604574463,3549.673800653495,-1,203.651,204.51157625898966,202.4461932374145,197.639,203.653,56.81954757555073,0.33005397455333835,CHFJPY_merged,20.751522833954255
2026-03-03 05:00:00,2026-03-03 08:00:00,1.4,60.0,1.2167713919884022,17382.448456977178,-1,1.1954,1.1995262311335209,1.189623276413071,1.15241,1.16926,66.09815614101784,0.001402635584624916,AUDNZD_merged,82.7832286080116
2026-03-03 01:00:00,2026-03-03 09:00:00,1.4,60.0,0.5805065456091675,8292.950651559537,-1,0.55379,0.55779670417516,0.5481806141547759,0.53002,0.5506,63.366554483892315,0.0013386491201251448,AUDCHF_merged,83.41949345439083
2026-03-03 14:00:00,2026-03-06 06:00:00,-1.1,90.0,1.5735335545229878,22479.050778899826,1,1.58759,1.5812337218188004,1.5964887894536797,1.60746,1.63919,29.595708157943054,0.0021981186294481843,EURCAD_merged,-100.573533554523
2026-03-09 02:00:00,2026-03-09 10:00:00,1.4,90.00000000000001,1.19765869290016,17109.409898573715,1,1.80455,1.7950575919647271,1.8178393712493823,1.85123,1.8816,38.35990591332682,0.0034672981393731295,GBPCAD_merged,124.80234130709985
2026-03-09 00:00:00,2026-03-09 14:00:00,1.4,60.0,0.9528316332579472,13611.880475113532,-1,158.72,159.41962412742393,157.7405262216065,152.268,157.66,57.9989910851276,0.25601757774657385,USDJPY_merged,83.04716836674206
2026-03-09 08:00:00,2026-03-09 16:00:00,1.4,89.99999999999999,1.1612155989929995,16588.794271328567,-1,116.869,117.50305512347448,115.98132282713573,111.775,115.317,59.03007718346471,0.22287971933911996,CADJPY_merged,124.83878440100698
2026-03-11 01:00:00,2026-03-11 10:00:00,-1.1,90.0,1.2090106257998394,17271.580368569135,1,1.6215,1.6130505705392442,1.6333292012450582,1.72905,1.74653,29.750813964914848,0.0028547680539365884,EURAUD_merged,-100.20901062579985
2026-03-11 11:00:00,2026-03-12 19:00:00,1.4,89.99999999999999,0.9819932145932191,14028.474494188846,-1,113.553,114.28150187696698,112.53309737224622,107.673,110.792,65.65779319531833,0.24562129065445226,AUDJPY_merged,125.01800678540675
2026-03-10 14:00:00,2026-03-13 01:00:00,1.4,90.00000000000001,0.7417018378735731,10595.740541051047,-1,0.71325,0.7193083306802672,0.7047683370476261,0.68967,0.71467,58.90544242442249,0.0020870024345682955,AUDUSD_merged,125.25829816212644
2026-03-13 04:00:00,2026-03-13 14:00:00,-1.1,89.99999999999999,1.1022498176365663,15746.425966236664,1,0.58176,0.5784349026025165,0.5864151363564769,0.5928,0.60922,28.477606019670667,0.0011339720730858646,NZDUSD_merged,-100.10224981763655
2026-03-11 05:00:00,2026-03-15 16:00:00,1.4,89.99999999999999,0.9865923827957856,14094.176897082656,-1,0.55635,0.5599026374023561,0.5513763076367014,0.53002,0.5506,66.26475049201069,0.0012332582815426148,AUDCHF_merged,125.01340761720418
2026-03-15 18:00:00,2026-03-16 06:00:00,1.4,90.0,0.9804593874018578,14006.562677169399,1,0.57904,0.5753193441045358,0.58424891825365,0.5928,0.60922,35.16897696050184,0.0012549144492865977,NZDUSD_merged,125.01954061259813
2026-03-11 22:00:00,2026-03-17 00:00:00,-1.1,90.0,1.8971874529719523,27102.677899599323,-1,1.20838,1.2123926735964201,1.2027622569650118,1.15241,1.16926,62.5716837866015,0.0014334176540261529,AUDNZD_merged,-100.89718745297196
2026-03-17 04:00:00,2026-03-19 08:00:00,1.4,90.0,1.6090942902322827,22987.061289032616,-1,1.21321,1.2179600156121344,1.2065599781430114,1.15241,1.16926,64.23927586731523,0.0015816552452647928,AUDNZD_merged,124.39090570976771
2026-03-19 07:00:00,2026-03-19 14:00:00,1.4,90.0,1.317072756978264,18815.32509968949,-1,0.57852,0.5812872548693224,0.5746458431829486,0.56122,0.5786,62.26310527055512,0.0009703525443643331,CADCHF_merged,124.68292724302172
2026-03-23 08:00:00,2026-03-24 12:00:00,-1.1,90.0,1.0969288692932218,15670.4124184746,-1,1.98408,1.9954751819027736,1.968126745336117,1.94992,1.98081,49.81288753696996,0.004087989279213204,EURNZD_merged,-100.09692886929324
2026-03-25 23:00:00,2026-03-26 10:00:00,-1.1,90.00000000000001,2.7421045485481335,39172.92212211619,-1,1.38193,1.3851049916335647,1.3774850117130095,1.35252,1.37526,64.44054530967679,0.0010459086511414042,USDCAD_merged,-101.74210454854816
2026-03-26 14:00:00,2026-03-27 11:00:00,-1.1,90.0,2.405024018005934,34357.48597151335,-1,1.38462,1.3882470348797733,1.3795421511683175,1.35252,1.37526,64.73894988080838,0.001246365848203268,USDCAD_merged,-101.40502401800595
2026-03-30 07:00:00,2026-03-31 00:00:00,0.29924725461057594,15.0,0.30302861231047057,4328.980175863866,1,199.634,198.94226433054698,200.4640828033436,199.484,204.006,27.654641215826963,0.25375565351558604,CHFJPY_merged,4.185680206848169
2026-03-30 19:00:00,2026-03-31 00:00:00,0.07347373699327339,60.0,1.3262933197128244,18947.04742446892,1,210.598,209.93109503497197,211.39828595803365,210.792,213.298,30.471166787706785,0.2400731361207538,GBPJPY_merged,3.082130899883579
