entry_time,exit_time,r_mult,risk_usd,fee_usd,notional,trade_type,entry_price,sl_price,tp_price,zone_lower,zone_upper,momentum,atr,asset,pnl_usd
2021-06-30 21:00:00,2021-07-01 04:00:00,-1.1,60.0,1.8207812838447672,26011.161197782392,-1,111.079,111.33522616188961,110.72028337335452,108.559,110.329,64.32401185968807,0.08590000257549431,USDJPY_merged,-67.82078128384477
2021-06-30 21:00:00,2021-07-01 04:00:00,-1.1,60.0,1.760088574383275,25144.122491189646,-1,111.079,111.34406154678236,110.68140767982645,109.187,110.329,62.835791070573904,0.08590000257549431,USDJPY_merged,-67.76008857438327
2021-06-30 14:00:00,2021-07-02 08:00:00,-1.1,15.000000000000002,0.3410259817679285,4871.799739541836,1,1.18529,1.1816405581200937,1.1907641628198593,1.18472,1.22664,28.639836329949,0.001225683360561086,EURUSD_merged,-16.84102598176793
2021-06-30 14:00:00,2021-07-02 08:00:00,-1.1,15.0,0.3296584490423309,4709.406414890442,1,1.18529,1.1815147152966488,1.1898203416440214,1.18472,1.22664,30.83981359443029,0.001225683360561086,EURUSD_merged,-16.82965844904233
2021-06-30 16:00:00,2021-07-02 13:00:00,1.4,15.0,0.3176152802547996,4537.361146497138,-1,0.92525,0.9283087712883984,0.9209677201962422,0.8926,0.92385,62.46916429916007,0.0010172666686990048,USDCHF_merged,20.6823847197452
2021-07-02 07:00:00,2021-07-02 13:00:00,1.5,30.0,0.9233801991156853,13191.145701652647,-1,111.447,111.7004586514029,111.06681202289566,109.187,110.329,57.46154657841631,0.08416577305327748,USDJPY_merged,44.076619800884316
2021-06-30 16:00:00,2021-07-02 14:00:00,1.5,15.0,0.30702810424630633,4386.115774947234,-1,0.92525,0.9284142461604121,0.9205036307593818,0.8926,0.92385,61.756198884114866,0.0010172666686990048,USDCHF_merged,22.192971895753693
2021-07-06 07:00:00,2021-07-06 10:00:00,1.5,90.0,1.5495557071598323,22136.51010228332,1,1.82817,1.8207372430188973,1.8393191354716543,1.82603,1.85232,35.914060234881326,0.0024056152560556483,GBPAUD_merged,133.45044429284016
2021-07-06 04:00:00,2021-07-06 10:00:00,1.5,60.0,0.7642254077255586,10917.505824650838,1,1.67516,1.6659537214218785,1.6889694178671824,1.68451,1.71224,29.9014425119129,0.0030909909884661983,EURNZD_merged,89.23577459227444
2021-07-02 14:00:00,2021-07-06 10:00:00,1.5,30.0,0.629020598804474,8986.00855434963,1,1.46322,1.4583350057631814,1.4705474913552277,1.46549,1.48243,32.02285417105915,0.0016534505971105059,EURCAD_merged,44.37097940119553
2021-07-06 07:00:00,2021-07-06 10:00:00,1.4,29.999999999999996,0.5343295541930454,7633.279345614936,1,1.82817,1.820985001584934,1.8382289977810926,1.82603,1.85232,34.8043685891195,0.0024056152560556483,GBPAUD_merged,41.46567044580695
2021-07-02 14:00:00,2021-07-06 10:00:00,1.4,30.000000000000004,0.6507109642804904,9295.87091829272,1,1.46322,1.4584978389044088,1.4698310255338276,1.46549,1.48243,30.180412541142474,0.0016534505971105059,EURCAD_merged,41.34928903571951
2021-07-02 14:00:00,2021-07-06 10:00:00,1.4,15.0,0.314510299402237,4493.004277174815,1,1.46322,1.4583350057631814,1.4700589919315459,1.46658,1.48243,25.42247244438368,0.0016534505971105059,EURCAD_merged,20.685489700597763
2021-07-06 10:00:00,2021-07-06 10:00:00,1.3,15.0,0.27338852665609614,3905.5503808013736,1,1.56792,1.5618981086641175,1.575748458736647,1.56586,1.58715,54.629091961804576,0.0027270558001650904,EURAUD_merged,19.226611473343905
2021-07-02 14:00:00,2021-07-06 10:00:00,1.4,15.000000000000002,0.3253554821402452,4647.93545914636,1,1.46322,1.4584978389044088,1.4698310255338276,1.46658,1.48243,31.14140783708746,0.0016534505971105059,EURCAD_merged,20.674644517859754
2021-07-06 04:00:00,2021-07-06 10:00:00,1.4,60.0,0.7299882914583024,10428.404163690035,-1,0.70859,0.7126668845676343,0.7028823616053121,0.69224,0.70948,67.1879506509524,0.0014420280453888916,NZDUSD_merged,83.2700117085417
2021-07-06 02:00:00,2021-07-06 10:00:00,1.4,60.0,0.8034625745277388,11478.036778967698,1,1.6762,1.6674378743911773,1.6884669758523514,1.68451,1.71224,27.299749296549592,0.003118664104966678,EURNZD_merged,83.19653742547226
2021-07-02 11:00:00,2021-07-06 10:00:00,1.4,15.0,0.34849711698121166,4978.5302425887385,1,1.46482,1.4604065890274125,1.4709987753616225,1.46549,1.48243,25.191658903006278,0.0016629169041744256,EURCAD_merged,20.65150288301879
2021-07-06 07:00:00,2021-07-06 10:00:00,1.2,60.0,1.0330371381065548,14757.673401522214,1,1.82817,1.8207372430188973,1.8370893083773234,1.82603,1.85232,33.66728732832085,0.0024056152560556483,GBPAUD_merged,70.96696286189345
2021-07-06 04:00:00,2021-07-06 10:00:00,1.2,15.0,0.17033060134027053,2433.2943048610077,-1,0.70859,0.7129580906081795,0.7033482912701847,0.69224,0.70948,67.1879506509524,0.0014420280453888916,NZDUSD_merged,17.82966939865973
2021-07-06 09:00:00,2021-07-06 10:00:00,1.3,60.0,0.8266820081156119,11809.74297308017,1,1.67133,1.6628387229054362,1.6823686602229329,1.66844,1.71224,37.232388210476635,0.0029268238626030643,EURNZD_merged,77.17331799188439
2021-07-02 14:00:00,2021-07-06 10:00:00,1.3,15.0,0.314510299402237,4493.004277174815,1,1.46322,1.4583350057631814,1.469570492507864,1.46658,1.48243,25.42247244438368,0.0016534505971105059,EURCAD_merged,19.185489700597763
2021-07-06 07:00:00,2021-07-06 10:00:00,1.4,90.0,1.6602382576712489,23717.68939530356,1,1.82817,1.8212327601509708,1.837882135788641,1.82603,1.85232,33.66728732832085,0.0024056152560556483,GBPAUD_merged,124.33976174232873
2021-07-07 13:00:00,2021-07-08 02:00:00,-1.1,89.99999999999999,1.2273671382267373,17533.81626038196,-1,1.24826,1.2546672417739337,1.238649137339099,1.20064,1.24866,60.33821579790745,0.0021081938824080923,USDCAD_merged,-100.22736713822673
2021-07-07 13:00:00,2021-07-08 02:00:00,-1.1,60.00000000000001,0.8464600953287842,12092.287076125489,-1,1.24826,1.2544536670481359,1.2395888661326095,1.20064,1.24866,60.692065605957055,0.0021081938824080923,USDCAD_merged,-66.8464600953288
2021-07-06 10:00:00,2021-07-08 05:00:00,1.4,59.99999999999999,1.6600841807547675,23715.488296496682,1,0.85514,0.8529765024848517,0.8581688965212076,0.85602,0.86713,49.929810677485804,0.0008341740812051386,EURGBP_merged,82.33991581924522
2021-07-08 05:00:00,2021-07-08 08:00:00,-1.1,90.0,1.3190128546407063,18843.04078058152,1,151.431,150.70772024071377,152.44359166300077,151.309,155.482,29.788040366195446,0.2642203283347265,GBPJPY_merged,-100.31901285464072
2021-07-08 06:00:00,2021-07-08 08:00:00,-1.1,60.0,0.8301512187523029,11859.3031250329,1,151.451,150.68476104782928,152.52373453303898,151.309,155.482,29.318239094159164,0.27949030488224663,GBPJPY_merged,-66.8301512187523
2021-07-08 23:00:00,2021-07-09 07:00:00,1.3,90.0,1.004828290031294,14354.689857589912,1,81.525,81.01386043009,82.18948144088301,82.133,85.052,37.64319365281525,0.1775820002252563,AUDJPY_merged,115.9951717099687
2021-07-08 05:00:00,2021-07-09 09:00:00,1.5,90.0,1.231078664331326,17586.838061876086,1,151.431,150.65605740076475,152.5934138988529,151.309,155.482,32.54270400844013,0.2642203283347265,GBPJPY_merged,133.76892133566867
2021-07-08 05:00:00,2021-07-09 09:00:00,1.4,60.0,0.8207191095542173,11724.558707917391,1,151.431,150.65605740076475,152.51591963892938,151.309,156.073,27.803421752890948,0.2642203283347265,GBPJPY_merged,83.17928089044578
2021-07-08 05:00:00,2021-07-09 09:00:00,1.4,60.0,0.9941777947188062,14202.539924554376,1,129.868,129.31936010591116,130.63609585172438,130.037,134.123,36.52538163770324,0.1906742529322593,EURJPY_merged,83.00582220528119
2021-07-08 05:00:00,2021-07-09 09:00:00,1.3,60.0,0.9941777947188062,14202.539924554376,1,129.868,129.31936010591116,130.5812318623155,130.037,134.123,36.52538163770324,0.1906742529322593,EURJPY_merged,77.00582220528119
2021-07-08 14:00:00,2021-07-09 09:00:00,1.3,60.0,0.7484988552530307,10692.840789329011,1,151.332,150.48284118627657,152.43590645784045,151.309,155.482,37.90757594276512,0.296465933122562,GBPJPY_merged,77.25150114474697
2021-07-08 05:00:00,2021-07-09 09:00:00,1.3,90.0,1.231078664331326,17586.838061876086,1,151.431,150.65605740076475,152.43842537900585,151.309,156.073,27.803421752890948,0.2642203283347265,GBPJPY_merged,115.76892133566868
2021-07-08 20:00:00,2021-07-09 09:00:00,1.3,90.0,1.5306525410178158,21866.464871683085,1,1.26143,1.2562380908063462,1.26817948195175,1.26125,1.28561,36.491316912715526,0.0017753780489158304,GBPCHF_merged,115.46934745898218
2021-07-08 06:00:00,2021-07-09 10:00:00,1.2,60.0,0.9549259913171776,13641.799875959681,1,130.057,129.4849772412032,130.74342731055611,130.037,134.123,35.384595478264174,0.19734037772281166,EURJPY_merged,71.04507400868282
2021-07-08 06:00:00,2021-07-09 10:00:00,1.4,90.0,1.5347024860454637,21924.321229220914,1,130.057,129.52311209178967,130.80444307149443,130.037,134.123,35.384595478264174,0.19734037772281166,EURJPY_merged,124.46529751395452
2021-07-08 16:00:00,2021-07-09 10:00:00,1.3,90.0,0.7870144896505769,11243.064137865384,1,76.258,75.64755965065739,77.0515724541454,76.218,80.181,35.61424399088568,0.2066562383023985,NZDJPY_merged,116.21298551034943
2021-07-09 02:00:00,2021-07-09 10:00:00,1.3,90.00000000000001,1.3055959289184318,18651.370413120458,1,0.68025,0.6769675334228025,0.6845172065503569,0.68832,0.69828,34.79493464209602,0.001158573099580834,AUDCHF_merged,115.69440407108159
2021-07-08 06:00:00,2021-07-09 15:00:00,1.4,30.0,0.4939272368881952,7056.103384117075,1,130.057,129.50404466649644,130.83113746690495,130.037,134.123,35.3822345326001,0.19734037772281166,EURJPY_merged,41.5060727631118
2021-07-08 06:00:00,2021-07-09 15:00:00,1.4,60.0,0.9878544737763904,14112.20676823415,1,130.057,129.50404466649644,130.83113746690495,130.037,134.123,35.42180865040084,0.19734037772281166,EURJPY_merged,83.0121455262236
2021-07-09 01:00:00,2021-07-11 18:00:00,1.3,90.0,1.0271489048661266,14673.55578380181,1,0.63526,0.631363643803698,0.6403252630551927,0.63777,0.65698,37.0765298254091,0.0013507303712226148,NZDCHF_merged,115.97285109513388
2021-07-08 06:00:00,2021-07-11 21:00:00,-1.1,90.0,1.4977033973986336,21395.762819980482,-1,1.85257,1.8603627251953037,1.8408809122070449,1.82603,1.85232,65.28375694746339,0.002595605417593941,GBPAUD_merged,-100.49770339739865
2021-07-08 06:00:00,2021-07-12 09:00:00,1.5,90.0,1.4323889869757664,20462.699813939522,1,130.057,129.4849772412032,130.91503413819515,130.037,134.123,35.48219268528863,0.19734037772281166,EURJPY_merged,133.56761101302425
2021-07-08 06:00:00,2021-07-12 09:00:00,1.5,15.0,0.2469636184440976,3528.0516920585374,1,130.057,129.50404466649644,130.88643300025532,130.037,134.123,35.55651136804895,0.19734037772281166,EURJPY_merged,22.2530363815559
2021-07-08 10:00:00,2021-07-12 22:00:00,1.3,60.0,0.7510194517467927,10728.84931066847,1,0.74404,0.7398790318749646,0.7494492585625461,0.74761,0.77753,34.098924763932814,0.0015584843271801263,AUDUSD_merged,77.2489805482532
2021-07-08 20:00:00,2021-07-13 08:00:00,1.3,90.0,1.1272814985636965,16104.02140805281,1,0.72992,0.7258407207730642,0.7352230629950166,0.73616,0.74835,36.179351474070955,0.0013963936211777044,CADCHF_merged,115.87271850143631
2021-07-09 08:00:00,2021-07-13 11:00:00,-1.1,90.0,2.6135435779389713,37336.3368276996,1,1.08534,1.0827237658351225,1.0884794809978529,1.0869,1.10024,46.898362198139466,0.0008562153367477864,EURCHF_merged,-101.61354357793898
2021-07-09 08:00:00,2021-07-13 11:00:00,-1.1,29.999999999999996,0.9012219234272314,12874.598906103307,1,1.08534,1.0828109736406184,1.088880636903134,1.0869,1.10024,44.35577014261779,0.0008562153367477864,EURCHF_merged,-33.90122192342723
2021-07-09 08:00:00,2021-07-13 11:00:00,-1.1,90.0,2.6135435779389713,37336.3368276996,1,1.08534,1.0827237658351225,1.0892643512473161,1.0869,1.09866,42.76014647959927,0.0008562153367477864,EURCHF_merged,-101.61354357793898
2021-07-13 10:00:00,2021-07-13 15:00:00,-1.1,90.0,1.771413661597031,25305.909451386164,1,1.18209,1.1778859187278223,1.1875553056538313,1.18472,1.22664,41.77719645944734,0.0015463534831201898,EURUSD_merged,-100.77141366159705
2021-07-13 22:00:00,2021-07-14 08:00:00,1.3,90.0,2.270969221770078,32442.41745385826,1,1.17813,1.174861695467799,1.1823787958918612,1.18472,1.22664,36.630388034080646,0.0011331622173115436,EURUSD_merged,114.72903077822993
2021-07-08 07:00:00,2021-07-14 10:00:00,-1.1,30.0,0.49287846205366653,7041.120886480951,-1,1.72945,1.7368186421290701,1.7191339010193016,1.70144,1.72582,62.02746931730448,0.0025515602876333364,GBPCAD_merged,-33.49287846205367
2021-07-14 06:00:00,2021-07-14 20:00:00,1.4,90.0,2.680572584421294,38293.894063161344,1,0.85176,0.8497581560539765,0.8545625815244327,0.85303,0.86713,31.455607035722554,0.0007296183642453293,EURGBP_merged,123.31942741557869
2021-07-14 06:00:00,2021-07-14 20:00:00,1.4,90.0,2.8720420547371006,41029.172210530014,1,0.85176,0.8498916123170448,0.8543757427561371,0.85303,0.86421,33.02679432074348,0.0007296183642453293,EURGBP_merged,123.12795794526289
2021-07-14 06:00:00,2021-07-14 20:00:00,1.2,60.0,1.787048389614196,25529.26270877423,1,0.85176,0.8497581560539765,0.854162212735228,0.85303,0.86421,33.02679432074348,0.0007296183642453293,EURGBP_merged,70.2129516103858
2021-07-14 06:00:00,2021-07-14 20:00:00,1.3,90.0,2.680572584421294,38293.894063161344,1,0.85176,0.8497581560539765,0.8543623971298303,0.85303,0.86713,31.455607035722554,0.0007296183642453293,EURGBP_merged,114.3194274155787
2021-07-14 06:00:00,2021-07-14 20:00:00,1.5,30.0,0.9243353739383771,13204.791056262531,1,0.85176,0.8498248841855107,0.8546626737217339,0.85303,0.86713,31.455607035722554,0.0007296183642453293,EURGBP_merged,44.075664626061624
2021-07-08 07:00:00,2021-07-15 02:00:00,-1.1,90.0,1.4293475399556332,20419.25057079476,-1,1.72945,1.737072733236969,1.718015900144546,1.70144,1.72582,61.69093035503677,0.0025515602876333364,GBPCAD_merged,-100.42934753995564
2021-07-08 06:00:00,2021-07-15 06:00:00,-1.1,60.0,1.1067283818727873,15810.405455325534,-1,1.7313,1.7378702299851527,1.721444655022271,1.70144,1.72582,64.85931034432764,0.002540911078989741,GBPCAD_merged,-67.10672838187278
2021-07-15 00:00:00,2021-07-15 13:00:00,-1.1,60.0,0.9156222501505695,13080.317859293851,1,87.611,87.20912444494498,88.21381333258256,87.959,91.183,30.091657366742112,0.1336079363476714,CADJPY_merged,-66.91562225015056
2021-07-15 00:00:00,2021-07-15 13:00:00,-1.1,90.0,1.327652262718326,18966.460895976088,1,87.611,87.19526666718446,88.15145333266022,87.959,91.183,30.091657366742112,0.1336079363476714,CADJPY_merged,-100.32765226271835
2021-07-15 00:00:00,2021-07-15 13:00:00,-1.1,90.0,1.327652262718326,18966.460895976088,1,87.611,87.19526666718446,88.10987999937866,87.959,91.183,32.07153515175207,0.1336079363476714,CADJPY_merged,-100.32765226271835
2021-07-14 01:00:00,2021-07-15 13:00:00,1.4,90.0,1.1181835992014997,15974.051417164284,1,1.68042,1.670952282884886,1.6936748039611598,1.68451,1.71224,31.114013929554535,0.0032576612881756277,EURNZD_merged,124.88181640079848
2021-07-15 19:00:00,2021-07-18 19:00:00,-1.1,90.0,1.2980744705534801,18543.921007906858,1,81.588,81.19202549186501,82.06316940976198,82.133,84.193,32.57413508832483,0.13292068108940192,AUDJPY_merged,-100.29807447055349
2021-07-15 16:00:00,2021-07-18 20:00:00,-1.1,90.0,1.2932220325338575,18474.600464769395,1,81.481,81.08406096935711,82.03671464290002,82.133,85.189,26.481801651909336,0.12750493805612828,AUDJPY_merged,-100.29322203253388
2021-07-15 16:00:00,2021-07-18 20:00:00,-1.1,90.0,1.3855950348577046,19794.2147836815,1,81.481,81.11052357139998,81.99966700004002,82.133,84.193,29.227716494942978,0.12750493805612828,AUDJPY_merged,-100.38559503485772
2021-07-15 16:00:00,2021-07-18 20:00:00,-1.1,90.0,1.2932220325338575,18474.600464769395,1,81.481,81.08406096935711,81.99702073983573,82.133,85.189,26.481801651909336,0.12750493805612828,AUDJPY_merged,-100.29322203253388
2021-07-15 16:00:00,2021-07-19 02:00:00,-1.1,30.0,0.5370111407849896,7671.587725499852,-1,1.48818,1.4939995775890826,1.4794506336163762,1.46054,1.48243,68.22420289011225,0.0019512686861594376,EURCAD_merged,-33.53701114078499
2021-07-18 21:00:00,2021-07-20 00:00:00,1.3,90.0,2.3011484814875685,32873.5497355367,1,1.05686,1.053966567414678,1.0606214623609183,1.05999,1.08121,36.208201983460214,0.0010095567247240737,AUDNZD_merged,114.69885151851243
2021-07-19 12:00:00,2021-07-20 02:00:00,-1.1,15.0,0.16927809055230056,2418.2584364614368,1,0.63735,0.6333966384171953,0.643280042374207,0.63777,0.65453,28.59363614325085,0.001382283265430077,NZDCHF_merged,-16.6692780905523
2021-07-19 07:00:00,2021-07-20 07:00:00,-1.1,90.0,1.831245741648552,26160.653452122173,1,129.321,128.8760994159492,129.89937075926605,130.037,134.123,32.354906026109866,0.1706149896086856,EURJPY_merged,-100.83124574164857
2021-07-19 06:00:00,2021-07-20 08:00:00,-1.1,30.0,0.6141538866145355,8773.626951636223,1,119.205,118.79739775981892,119.69412268821729,118.992,122.766,33.76808700187037,0.14023402672271457,CHFJPY_merged,-33.61415388661454
2021-07-20 08:00:00,2021-07-21 04:00:00,1.5,60.0,0.643262585452248,9189.465506460687,1,85.949,85.38782046280336,86.79076930579494,87.959,91.183,37.38658674706162,0.20168802915163064,CADJPY_merged,89.35673741454775
2021-07-20 08:00:00,2021-07-21 09:00:00,1.3,90.0,0.9548180989497073,13640.25855642439,1,149.3,148.31490137123015,150.58062821740083,151.309,156.073,33.06383559327676,0.3438400517621003,GBPJPY_merged,116.0451819010503
2021-07-20 08:00:00,2021-07-21 09:00:00,1.3,15.0,0.1215742354413638,1736.774792019483,1,75.765,75.11064054866404,76.61566728673675,76.218,78.767,38.32521870121653,0.22382554446113148,NZDJPY_merged,19.378425764558635
2021-07-20 08:00:00,2021-07-21 09:00:00,1.5,90.0,0.9877428609824553,14110.612299749362,1,149.3,148.34773799218914,150.72839301171632,151.309,156.073,34.00921087649568,0.3438400517621003,GBPJPY_merged,134.01225713901755
2021-07-20 08:00:00,2021-07-21 09:00:00,1.5,60.0,0.6820129278212193,9743.04182601742,1,149.3,148.38057461314816,150.67913808027782,151.309,156.073,33.352416588248396,0.3438400517621003,GBPJPY_merged,89.31798707217878
2021-07-20 08:00:00,2021-07-21 11:00:00,1.5,60.0,0.5030658018263329,7186.654311804757,1,75.765,75.13245253037523,76.71382120443715,76.218,78.767,37.66401356944226,0.22382554446113148,NZDJPY_merged,89.49693419817366
2021-07-20 10:00:00,2021-07-21 13:00:00,1.4,15.0,0.1977265231388204,2824.664616268863,1,1.36136,1.3541306815590115,1.3714810458173836,1.37313,1.39097,35.321462913004964,0.0024905206830751225,GBPUSD_merged,20.80227347686118
2021-07-20 10:00:00,2021-07-21 13:00:00,1.5,15.0,0.2123729322602145,3033.899032288779,1,1.36136,1.3546292552445969,1.3714561171331043,1.37313,1.39097,35.59752926089634,0.0024905206830751225,GBPUSD_merged,22.287627067739784
2021-07-20 08:00:00,2021-07-21 13:00:00,1.5,60.0,0.9203651607507553,13148.07372501079,1,1.36233,1.356113134951205,1.3716552975731926,1.37313,1.42491,29.713703786490036,0.0023338583069983463,GBPUSD_merged,89.07963483924925
2021-07-20 08:00:00,2021-07-21 13:00:00,1.3,60.0,0.8590074833673715,12271.535476676738,1,1.36233,1.3556690731620054,1.3709892048893932,1.37313,1.42491,28.36218160691998,0.0023338583069983463,GBPUSD_merged,77.14099251663262
2021-07-20 08:00:00,2021-07-21 15:00:00,1.5,90.00000000000001,1.332942646604542,19042.037808636316,1,1.36233,1.355891104056605,1.3719883439150924,1.37313,1.42491,31.716800416338828,0.0023338583069983463,GBPUSD_merged,133.66705735339548
2021-07-21 16:00:00,2021-07-21 17:00:00,-1.1,90.0,1.5217937117510978,21739.910167872826,1,0.9247,0.9208718793059694,0.9304421810410458,0.92467,0.93958,32.65646351282095,0.001337386964857084,AUDCAD_merged,-100.52179371175112
2021-07-20 10:00:00,2021-07-22 02:00:00,1.5,15.0,0.1911356390341931,2730.5091290599016,1,1.36136,1.3538813947162187,1.3725779079256717,1.37313,1.42491,35.76287067919984,0.0024905206830751225,GBPUSD_merged,22.308864360965806
2021-07-20 08:00:00,2021-07-22 03:00:00,1.5,90.0,0.8499242407661143,12141.774868087346,1,80.333,79.73753763320858,81.22619355018715,82.133,85.189,37.584325561548255,0.2106652898593251,AUDJPY_merged,134.15007575923389
2021-07-20 08:00:00,2021-07-22 08:00:00,1.5,90.0,1.325902513527411,18941.46447896302,-1,1.60798,1.6156202856896693,1.596519571465496,1.56155,1.58506,60.039197294195766,0.002567825467135468,EURAUD_merged,133.6740974864726
2021-07-20 08:00:00,2021-07-22 14:00:00,1.3,60.00000000000001,0.6079443129805725,8684.918756865321,1,0.63569,0.6312983181584342,0.6413991863940356,0.63777,0.65453,43.34133672424154,0.001423615808103713,NZDCHF_merged,77.39205568701944
2021-07-20 08:00:00,2021-07-22 17:00:00,1.5,15.0,0.18599469677498973,2657.0670967855676,1,0.674,0.6701950528038112,0.6797074207942834,0.68832,0.70023,42.309824695771105,0.0012811899889274767,AUDCHF_merged,22.31400530322501
2021-07-20 08:00:00,2021-07-22 20:00:00,1.5,15.0,0.16284222669122475,2326.317524160354,1,0.63569,0.6315910969478719,0.6418383545781922,0.63777,0.65453,41.8696606849235,0.001423615808103713,NZDCHF_merged,22.337157773308775
2021-07-20 08:00:00,2021-07-22 22:00:00,1.5,89.99999999999999,0.9433618649698536,13476.598070997912,1,0.63569,0.631444707553153,0.6420579386702705,0.63777,0.65453,41.21582168107498,0.001423615808103713,NZDCHF_merged,134.0566381350301
2021-07-27 17:00:00,2021-07-28 05:00:00,-1.1,15.0,0.30196510812477,4313.787258925287,-1,1.99253,1.9994584710177028,1.985601528982297,1.95268,1.99562,71.26854223648476,0.002885658429468405,GBPNZD_merged,-16.80196510812477
2021-07-28 02:00:00,2021-07-28 05:00:00,-1.1,90.0,1.6557305331559964,23653.293330799952,-1,1.99198,1.999559418117077,1.9806108728243847,1.95268,1.99562,65.88681216473992,0.0026490501360098653,GBPNZD_merged,-100.65573053315602
2021-07-27 17:00:00,2021-07-28 08:00:00,-1.1,30.0,0.5184603716252077,7406.576737502968,-1,1.88413,1.891761582308976,1.8726826265365362,1.82549,1.85232,67.04514497036469,0.0025478707146830083,GBPAUD_merged,-33.51846037162521
2021-07-27 21:00:00,2021-07-28 08:00:00,-1.1,89.99999999999999,1.754033406497637,25057.620092823392,-1,1.88434,1.8911080250307797,1.8741879624538302,1.82549,1.85232,66.06969531210173,0.0023835301822694058,GBPAUD_merged,-100.75403340649763
2021-07-27 15:00:00,2021-07-28 10:00:00,-1.1,60.0,0.8284820506400413,11835.457866286306,1,0.63593,0.632706145001649,0.6407657824975265,0.63777,0.65453,37.60128091912963,0.0011862784433306936,NZDCHF_merged,-66.82848205064005
2021-07-27 15:00:00,2021-07-28 11:00:00,-1.1,90.0,1.1998705560993699,17141.007944276716,1,0.63593,0.6325910073231364,0.6409384890152954,0.63777,0.65453,39.4095465567074,0.0011862784433306936,NZDCHF_merged,-100.19987055609938
2021-07-27 15:00:00,2021-07-28 11:00:00,-1.1,60.00000000000001,0.7732499139307052,11046.427341867218,1,0.63593,0.6324758696446239,0.6404203694619889,0.63777,0.65453,37.08545902901702,0.0011862784433306936,NZDCHF_merged,-66.77324991393073
2021-07-27 19:00:00,2021-07-28 14:00:00,1.5,90.0,1.4168207017438503,20240.295739197863,1,87.134,86.74655210392935,87.71517184410598,87.959,91.183,38.88152476982722,0.1302739568699135,CADJPY_merged,133.58317929825614
2021-07-27 20:00:00,2021-07-28 23:00:00,1.5,89.99999999999999,2.1773089396047096,31104.41342292443,-1,1.48826,1.492566250633271,1.481800624050093,1.46054,1.48243,62.001964220988036,0.0014495630106533682,EURCAD_merged,132.82269106039527
2021-07-28 04:00:00,2021-07-29 04:00:00,1.5,90.0,2.1610639798804945,30872.342569721353,-1,1.74541,1.750498272768587,1.7377775908471196,1.70171,1.72582,66.19997175045927,0.0018142499012716812,GBPCAD_merged,132.83893602011952
2021-07-21 16:00:00,2021-07-29 09:00:00,-1.1,60.0,0.9468938650895716,13527.05521556531,1,0.9247,0.9205984421135386,0.930852336829692,0.92467,0.93764,34.02259227181719,0.001337386964857084,AUDCAD_merged,-66.94689386508958
2021-07-21 16:00:00,2021-07-29 09:00:00,-1.1,90.0,1.4693180665183005,20990.258093118584,1,0.9247,0.920735160709754,0.9306472589353689,0.92467,0.93958,33.66125111384231,0.001337386964857084,AUDCAD_merged,-100.46931806651831
2021-07-29 15:00:00,2021-07-30 06:00:00,-1.1,15.0,0.4415221061428906,6307.458659184153,1,1.05514,1.0526307326618851,1.0589039010071721,1.05999,1.08121,33.54519620981512,0.0008466779856069526,AUDNZD_merged,-16.94152210614289
2021-07-28 12:00:00,2021-07-30 06:00:00,-1.1,15.0,0.284295911506652,4061.3701643807435,-1,1.88938,1.8963581130143112,1.8789128304785334,1.82549,1.85232,65.76280414369383,0.002251320694905823,GBPAUD_merged,-16.784295911506653
2021-07-28 15:00:00,2021-07-30 06:00:00,-1.1,90.0,1.5525016216268326,22178.59459466904,-1,1.8874,1.895059006492721,1.8759114902609182,1.82549,1.85232,57.60411988792183,0.002648819812940266,GBPAUD_merged,-100.55250162162685
2021-07-27 06:00:00,2021-07-30 12:00:00,-1.1,60.0,0.798070519275936,11401.007418227658,1,81.021,80.5946113641828,81.66058295372582,82.133,85.189,38.69964246992926,0.14833296595979015,AUDJPY_merged,-66.79807051927594
2021-07-27 06:00:00,2021-07-30 13:00:00,-1.1,90.0,1.1172987269863104,15961.41038551872,1,81.021,80.56415503305298,81.61489845703112,82.133,85.189,36.07257238967145,0.14833296595979015,AUDJPY_merged,-100.11729872698632
2021-07-29 21:00:00,2021-08-01 17:00:00,-1.1052880599690622,15.000000000000002,0.3936472234528414,5623.531763612021,1,0.90622,0.9038027823916711,0.9098458264124935,0.91174,0.92325,35.70526134700252,0.0007917578311494297,USDCHF_merged,-16.972968122988778
2021-08-01 19:00:00,2021-08-03 00:00:00,1.5,15.0,0.22134690561936554,3162.0986517052224,1,0.66512,0.6619648802207294,0.6698526796689059,0.68832,0.70023,33.349623370609905,0.0011108083896962352,AUDCHF_merged,22.278653094380633
2021-08-01 19:00:00,2021-08-03 00:00:00,1.4,15.000000000000002,0.20608160178354723,2944.0228826221037,1,0.66512,0.6617311676444871,0.6698643652977181,0.67171,0.70023,32.69268820288268,0.0011108083896962352,AUDCHF_merged,20.79391839821645
2021-07-28 16:00:00,2021-08-03 00:00:00,1.5,90.0,1.3207460348417144,18867.80049773878,-1,1.99904,2.0085754834826433,1.9847367747760347,1.95268,1.99562,59.72982582776425,0.0032253764845902844,GBPNZD_merged,133.6792539651583
2021-08-01 19:00:00,2021-08-03 01:00:00,1.5,14.999999999999998,0.19921221505742903,2845.8887865347006,1,0.66512,0.6616143113563661,0.670378532965451,0.68832,0.70023,33.681098239801855,0.0011108083896962352,AUDCHF_merged,22.300787784942568
2021-07-29 17:00:00,2021-08-03 05:00:00,-1.1,29.999999999999996,0.8080781545243282,11543.973636061832,1,0.90606,0.9037053688429184,0.9095919467356224,0.91174,0.92325,30.53709499626724,0.0008683652127529335,USDCHF_merged,-33.80807815452433
2021-07-29 17:00:00,2021-08-03 06:00:00,-1.1,30.0,0.7523486266260986,10747.83752322998,1,0.90606,0.9035309517201716,0.9096006675917597,0.91174,0.92325,29.532236684020617,0.0008683652127529335,USDCHF_merged,-33.7523486266261
2021-08-02 15:00:00,2021-08-03 09:00:00,-1.1,90.0,2.2585946917855346,32265.63845407907,1,129.715,129.35318010244507,130.25772984633244,130.037,134.123,38.17668929732217,0.12335366177867836,EURJPY_merged,-101.25859469178555
2021-08-03 04:00:00,2021-08-03 09:00:00,-1.1,90.0,2.724064606339524,38915.20866199321,1,109.212,108.95942317109558,109.59086524335663,109.063,111.657,36.7599733739925,0.08980292551126695,USDJPY_merged,-101.72406460633954
2021-07-30 08:00:00,2021-08-03 19:00:00,-1.1,29.999999999999996,0.837787030961624,11968.38615659463,1,1.05298,1.0503405965259909,1.056675164863613,1.05999,1.07386,32.48474392351707,0.000880129191185217,AUDNZD_merged,-33.83778703096162
2021-07-30 12:00:00,2021-08-03 19:00:00,-1.1,90.0,2.504313704367171,35775.91006238816,1,1.0529,1.0502512623484699,1.056873106477295,1.05999,1.08121,35.336319194539,0.0008874036815244012,AUDNZD_merged,-101.50431370436719
2021-07-27 14:00:00,2021-08-04 02:00:00,1.5,90.0,0.9590813632419677,13701.16233202811,1,76.295,75.79383449056373,77.04674826415442,76.218,78.767,36.876009886536956,0.16718600055841346,NZDJPY_merged,134.04091863675802
2021-08-01 21:00:00,2021-08-04 03:00:00,1.5,89.99999999999999,1.3101909111981067,18717.01301711581,1,0.66559,0.6623895374077465,0.6703906938883802,0.68832,0.70023,34.22053671858808,0.0010947786625442062,AUDCHF_merged,133.68980908880187
2021-07-28 16:00:00,2021-08-04 03:00:00,1.4,30.0,0.31280665276035824,4468.666468005118,1,0.63301,0.6287603429410167,0.6389595198825766,0.63299,0.64616,33.210169986789126,0.0014414419154380055,NZDCHF_merged,41.68719334723964
2021-07-28 16:00:00,2021-08-04 03:00:00,1.5,90.0,0.9384199582810747,13405.999404015354,1,0.63301,0.6287603429410167,0.6393844855884749,0.63777,0.65453,34.28922801448492,0.0014414419154380055,NZDCHF_merged,134.0615800417189
2021-08-03 13:00:00,2021-08-04 08:00:00,-1.1,90.0,2.3764474794172408,33949.24970596058,1,109.063,108.7738722553513,109.49669161697305,109.063,111.657,42.38663731691669,0.0982921349860375,USDJPY_merged,-101.37644747941725
2021-08-08 23:00:00,2021-08-09 20:00:00,-1.1,30.0,0.9121726088596921,13031.037269424174,1,1.17599,1.1732826406953973,1.1797803030264438,1.17518,1.19085,31.865923193162562,0.000886174161572306,EURUSD_merged,-33.91217260885969
2021-08-08 23:00:00,2021-08-09 20:00:00,-1.1,60.0,1.8243452177193842,26062.07453884835,1,1.17599,1.1732826406953973,1.1797803030264438,1.17518,1.19085,31.693317698760257,0.000886174161572306,EURUSD_merged,-67.82434521771938
2021-08-08 23:00:00,2021-08-10 03:00:00,-1.1,30.0,0.8817668552310358,12596.66936044337,1,1.17599,1.1731892834779973,1.1801910747830042,1.17518,1.22664,32.82890520411011,0.000886174161572306,EURUSD_merged,-33.881766855231035
2021-08-08 23:00:00,2021-08-10 03:00:00,-1.1,30.0,0.8817668552310358,12596.66936044337,1,1.17599,1.1731892834779973,1.1801910747830042,1.17518,1.22664,31.693317698760257,0.000886174161572306,EURUSD_merged,-33.881766855231035
2021-08-08 23:00:00,2021-08-10 03:00:00,-1.1,60.0,1.7635337104620716,25193.33872088674,1,1.17599,1.1731892834779973,1.1801910747830042,1.17518,1.19085,31.693317698760257,0.000886174161572306,EURUSD_merged,-67.76353371046207
2021-08-11 12:00:00,2021-08-12 09:00:00,1.5,29.999999999999996,0.5851041739211917,8358.631056017026,1,1.66563,1.6596518799388174,1.674597180091774,1.66932,1.70632,30.21670342287234,0.0019317990665565555,EURNZD_merged,44.4148958260788
2021-08-11 12:00:00,2021-08-12 09:00:00,1.5,60.00000000000001,1.3002314976026486,18574.735680037837,1,1.66563,1.6602496919449354,1.6737004620825966,1.66932,1.70965,32.70138387680325,0.0019317990665565555,EURNZD_merged,88.69976850239736
2021-08-11 12:00:00,2021-08-12 09:00:00,1.4,60.00000000000001,1.2105603598369483,17293.71942624212,1,1.66563,1.6598511506075233,1.6737203891494672,1.66932,1.70632,30.21670342287234,0.0019317990665565555,EURNZD_merged,82.78943964016305
2021-08-11 12:00:00,2021-08-12 09:00:00,1.4,30.000000000000004,0.6052801799184742,8646.85971312106,1,1.66563,1.6598511506075233,1.6737203891494672,1.66932,1.70632,31.11576344624535,0.0019317990665565555,EURNZD_merged,41.39471982008153
2021-08-11 12:00:00,2021-08-12 09:00:00,1.5,29.999999999999996,0.5851041739211917,8358.631056017026,1,1.66563,1.6596518799388174,1.674597180091774,1.66932,1.70965,33.39222484570908,0.0019317990665565555,EURNZD_merged,44.4148958260788
2021-08-11 12:00:00,2021-08-12 09:00:00,1.5,29.999999999999996,0.5851041739211917,8358.631056017026,1,1.66563,1.6596518799388174,1.674597180091774,1.66932,1.70979,30.21670342287234,0.0019317990665565555,EURNZD_merged,44.4148958260788
2021-08-10 22:00:00,2021-08-13 07:00:00,1.4,30.000000000000004,0.883354512972189,12619.350185316987,1,1.46758,1.4640911198791182,1.4724644321692348,1.47642,1.50994,34.537211220573035,0.0011649862456025815,EURCAD_merged,41.11664548702781
2021-08-10 22:00:00,2021-08-13 07:00:00,1.4,30.000000000000004,0.883354512972189,12619.350185316987,1,1.46758,1.4640911198791182,1.4724644321692348,1.47642,1.50994,34.36706135015659,0.0011649862456025815,EURCAD_merged,41.11664548702781
2021-08-10 22:00:00,2021-08-13 08:00:00,1.5,30.0,0.8539093625397828,12198.705179139755,1,1.46758,1.4639708136680534,1.4729937794979204,1.47642,1.50994,34.36706135015659,0.0011649862456025815,EURCAD_merged,44.14609063746022
2021-08-10 14:00:00,2021-08-13 10:00:00,1.5,29.999999999999996,0.6173760773368976,8819.658247669966,-1,0.73661,0.7391155732750005,0.7328516400874991,0.71728,0.73339,74.85799190826411,0.0008874193802911946,CADCHF_merged,44.38262392266309
2021-08-10 14:00:00,2021-08-13 10:00:00,1.4,30.0,0.5747984168309045,8211.405954727208,-1,0.73661,0.739301171295371,0.7328423601864806,0.71728,0.73339,76.87312028799317,0.0008874193802911946,CADCHF_merged,41.4252015831691
2021-08-13 16:00:00,2021-08-16 03:00:00,-1.1,90.0,4.522490142576716,64607.002036810234,1,1.07973,1.0782258952290553,1.081986157156417,1.08042,1.09866,32.70194458898107,0.0005687132810127302,EURCHF_merged,-103.52249014257673
2021-08-15 21:00:00,2021-08-16 04:00:00,-1.1,29.999999999999996,1.3453088115928957,19218.697308469942,1,1.07975,1.0780645319643634,1.0822782020534547,1.0869,1.09866,29.84651139878743,0.0005381210586494004,EURCHF_merged,-34.34530881159289
2021-08-15 21:00:00,2021-08-16 04:00:00,-1.1,60.0,2.783397541226681,39762.82201752402,1,1.07975,1.078120714232218,1.0820310000748947,1.08042,1.09866,29.84651139878743,0.0005381210586494004,EURCHF_merged,-68.78339754122668
2021-08-17 01:00:00,2021-08-17 02:00:00,-1.1,30.0,0.5441824504104726,7774.035005863896,1,79.922,79.61358101318152,80.38462848022773,80.154,84.193,34.17378549490261,0.11128430763598843,AUDJPY_merged,-33.544182450410474
2021-08-16 18:00:00,2021-08-17 03:00:00,-1.1,60.0,1.8468816962825634,26384.02423260805,1,128.678,128.38537291885677,129.0876779136005,129.133,130.56,34.073601356763106,0.0969126121887139,EURJPY_merged,-67.84688169628257
2021-08-17 00:00:00,2021-08-17 03:00:00,-1.1,30.000000000000004,0.48820989729392167,6974.427104198881,1,79.877,79.53341479017575,80.35801929375393,80.154,84.193,33.545571736946044,0.11422925437721772,AUDJPY_merged,-33.48820989729393
2021-08-16 18:00:00,2021-08-17 03:00:00,-1.1,30.000000000000004,0.8926594865365726,12752.278379093896,1,128.678,128.37528232985184,129.13207650522224,129.133,130.56,34.37386297560315,0.0969126121887139,EURJPY_merged,-33.89265948653658
2021-08-17 01:00:00,2021-08-17 03:00:00,-1.1,30.0,0.4897642053694254,6996.631505277506,1,79.922,79.57931223686835,80.43603164469748,80.154,85.052,34.247359458061396,0.11128430763598843,AUDJPY_merged,-33.489764205369426
2021-08-17 12:00:00,2021-08-17 22:00:00,-1.1,15.0,0.15346520420660303,2192.360060094329,1,75.746,75.22775027419942,76.47154961612078,76.035,77.31,29.72249707432556,0.18044203042875306,NZDJPY_merged,-16.653465204206604
2021-08-17 07:00:00,2021-08-17 22:00:00,-1.1,30.0,0.39599867094025015,5657.123870575003,1,79.671,79.24850085473079,80.30474871790382,80.154,85.052,32.48140612913779,0.13627354496428007,AUDJPY_merged,-33.39599867094025
2021-08-17 04:00:00,2021-08-17 22:00:00,-1.1,30.0,0.41191254562966,5884.464937566572,1,79.683,79.27676255524287,80.25173242266,80.154,84.193,33.85767651719632,0.14050460053799904,AUDJPY_merged,-33.41191254562966
2021-08-17 12:00:00,2021-08-17 22:00:00,-1.1,15.0,0.15346520420660303,2192.360060094329,1,75.746,75.22775027419942,76.47154961612078,76.035,77.31,29.507151679029697,0.18044203042875306,NZDJPY_merged,-16.653465204206604
2021-08-17 15:00:00,2021-08-18 10:00:00,1.5,15.0,0.3351494035858616,4787.848622655166,1,1.25646,1.252523597351257,1.2623646039731142,1.25488,1.2714,33.92918099929701,0.0013995035564459963,GBPCHF_merged,22.164850596414137
2021-08-17 15:00:00,2021-08-18 11:00:00,1.5,15.0,0.30163446322727544,4309.063760389649,1,1.25646,1.2520862192791744,1.2630206710812382,1.25488,1.2714,33.855053518735545,0.0013995035564459963,GBPCHF_merged,22.198365536772723
2021-08-17 22:00:00,2021-08-18 11:00:00,-1.1,15.0,0.2774079337284107,3962.9704818344394,1,0.72572,0.7229731210994635,0.7298403183508048,0.7289,0.74263,36.39551605307454,0.0010502244215946335,AUDUSD_merged,-16.777407933728412
2021-08-17 19:00:00,2021-08-18 20:00:00,-1.1,15.0,0.2732876117203819,3904.1087388625992,1,0.72554,0.7227523983403262,0.7294426423235432,0.7289,0.74263,30.861128400486667,0.0009190103836393625,AUDUSD_merged,-16.77328761172038
2021-08-17 19:00:00,2021-08-19 02:00:00,-1.1,29.999999999999996,0.42568824865902355,6081.260695128908,1,0.66397,0.6606945114132411,0.6688832328801383,0.6622,0.70023,34.22983449901009,0.0010424131339967953,AUDCHF_merged,-33.42568824865902
2021-08-17 12:00:00,2021-08-19 02:00:00,-1.1,15.000000000000002,0.14834969739971632,2119.281391424519,1,75.746,75.2098795939994,76.55018060900088,76.035,77.31,29.507151679029697,0.18044203042875306,NZDJPY_merged,-16.64834969739972
2021-08-17 05:00:00,2021-08-19 03:00:00,-1.1,30.0,0.4871116783785752,6958.738262551075,1,86.658,86.28440641134749,87.18103102411352,86.574,88.292,32.214093374214585,0.12505213429760278,CADJPY_merged,-33.487111678378575
2021-08-19 21:00:00,2021-08-19 21:00:00,-1.1,30.0,0.389597033700093,5565.67191000133,1,85.71,85.24800726281053,86.35678983206523,86.574,88.459,28.356301368045465,0.18221442323800344,CADJPY_merged,-33.38959703370009
2021-08-19 21:00:00,2021-08-19 21:00:00,-1.1,30.0,0.389597033700093,5565.67191000133,1,85.71,85.24800726281053,86.35678983206523,86.574,88.459,27.950179321984063,0.18221442323800344,CADJPY_merged,-33.38959703370009
2021-08-19 21:00:00,2021-08-19 23:00:00,-1.1,30.000000000000004,0.4243454542509993,6062.077917871419,1,0.71626,0.7127153738353226,0.721576939247016,0.71864,0.74835,23.881610051500587,0.0013135747652572903,CADCHF_merged,-33.424345454251004
2021-08-19 21:00:00,2021-08-19 23:00:00,-1.1,30.0,0.4389780561217233,6271.11508745319,1,0.71626,0.7128335280408119,0.7210570607428634,0.71864,0.73339,24.771087587762054,0.0013135747652572903,CADCHF_merged,-33.43897805612173
2021-08-19 21:00:00,2021-08-19 23:00:00,-1.1,30.0,0.4389780561217233,6271.11508745319,1,0.71626,0.7128335280408119,0.7210570607428634,0.71864,0.73339,23.881610051500587,0.0013135747652572903,CADCHF_merged,-33.43897805612173
2021-08-19 21:00:00,2021-08-19 23:00:00,-1.1,30.000000000000004,0.4243454542509993,6062.077917871419,1,0.71626,0.7127153738353226,0.721576939247016,0.71864,0.73339,23.881610051500587,0.0013135747652572903,CADCHF_merged,-33.424345454251004
2021-08-19 21:00:00,2021-08-20 01:00:00,-1.1,29.999999999999996,0.5185939866277899,7408.485523254141,-1,1.28145,1.286639117246613,1.2736663241300807,1.24217,1.28072,79.14435272498724,0.001964726766808754,USDCAD_merged,-33.51859398662779
2021-08-20 01:00:00,2021-08-20 03:00:00,-1.1,15.0,0.2516489171813487,3594.9845311621248,-1,1.28601,1.2913758506268356,1.279034394185114,1.24217,1.28072,76.9940962722985,0.0019815728130681202,USDCAD_merged,-16.75164891718135
2021-08-20 01:00:00,2021-08-20 03:00:00,-1.1,15.0,0.22914992950137103,3273.570421448158,1,78.338,77.97904331090571,78.87643503364141,80.154,81.581,34.89862966816354,0.17543663123216452,AUDJPY_merged,-16.72914992950137
2021-08-20 01:00:00,2021-08-20 03:00:00,-1.1,15.0,0.17804710320601025,2543.5300458001466,1,85.331,84.82777614301688,86.08583578547469,86.574,88.292,29.02278398805412,0.18140262239953756,CADJPY_merged,-16.678047103206012
2021-08-20 07:00:00,2021-08-20 15:00:00,1.3,15.0,0.23505819913361156,3357.974273337308,-1,1.75818,1.766033752844208,1.7479701213025298,1.71485,1.75063,67.74974055602226,0.002715209213683404,GBPCAD_merged,19.26494180086639
2021-08-20 07:00:00,2021-08-20 16:00:00,1.4,15.0,0.2431636542761498,3473.7664896592833,-1,1.75818,1.7657719610827345,1.747551254484172,1.71485,1.75063,67.84615946487263,0.002715209213683404,GBPCAD_merged,20.75683634572385
2021-08-20 09:00:00,2021-08-20 16:00:00,1.5,60.0,1.305820870393939,18654.583862770556,-1,1.75529,1.7609356579666826,1.746821513049976,1.71485,1.75063,57.810091325516936,0.0028535222301657856,GBPCAD_merged,88.69417912960606
2021-08-20 07:00:00,2021-08-20 16:00:00,1.4,15.0,0.23505819913361156,3357.974273337308,-1,1.75818,1.766033752844208,1.747184746018109,1.71485,1.75063,67.74974055602226,0.002715209213683404,GBPCAD_merged,20.76494180086639
2021-08-20 08:00:00,2021-08-22 17:00:00,1.5,15.0,0.23426390645547737,3346.6272350782483,-1,1.75678,1.764654106719682,1.7449688399204772,1.71485,1.75063,63.920245197884,0.0026884085555631617,GBPCAD_merged,22.265736093544522
2021-08-20 08:00:00,2021-08-22 17:00:00,-1.1,90.0,1.1317720301652219,16168.17185950317,1,0.65429,0.6506478999214195,0.6590247301021547,0.6622,0.68039,37.224563640308055,0.0012982883868134078,AUDCHF_merged,-100.13177203016524
2021-08-20 09:00:00,2021-08-22 17:00:00,1.3,90.0,1.5234576821262618,21763.681173232315,-1,1.75529,1.7625487031000207,1.7458536859699734,1.71485,1.75063,57.810091325516936,0.0028535222301657856,GBPCAD_merged,115.47654231787374
2021-08-20 08:00:00,2021-08-22 17:00:00,-1.1,60.0,0.9700903115701902,13858.43302243129,1,0.65429,0.6514572554944374,0.658539116758344,0.6622,0.68039,37.224563640308055,0.0012982883868134078,AUDCHF_merged,-66.97009031157019
2021-08-20 10:00:00,2021-08-22 17:00:00,-1.1,60.0,1.0250409581660318,14643.44225951474,1,0.71459,0.7116620409013023,0.7189819386480465,0.7289,0.74263,37.12608666518557,0.001457532934798289,AUDUSD_merged,-67.02504095816603
2021-08-20 09:00:00,2021-08-22 17:00:00,1.3,60.0,0.9140746092757572,13058.20870393939,-1,1.75529,1.7633552256666896,1.7448052066333037,1.71485,1.75063,55.54771189469081,0.0028535222301657856,GBPCAD_merged,77.08592539072424
2021-08-20 09:00:00,2021-08-22 22:00:00,1.5,90.0,0.8924992123044331,12749.98874720619,1,85.077,84.47645594056482,85.97781608915275,86.574,88.292,49.09864128047933,0.21531125649184016,CADJPY_merged,134.10750078769556
2021-08-20 09:00:00,2021-08-22 22:00:00,1.5,90.0,1.3711119139136358,19587.313055909086,-1,1.75529,1.7633552256666896,1.7431921614999657,1.71485,1.75063,51.389242753959856,0.0028535222301657856,GBPCAD_merged,133.62888808608636
2021-08-20 07:00:00,2021-08-22 23:00:00,1.5,15.0,0.20959993300041987,2994.2847571488555,1,78.116,77.72467449323166,78.70298826015251,80.154,81.581,37.49735727720466,0.18574937374110373,AUDJPY_merged,22.29040006699958
2021-08-20 08:00:00,2021-08-23 01:00:00,1.5,90.0,1.0024328285291613,14320.46897898802,1,0.71118,0.7067104396738743,0.7178843404891887,0.71864,0.74835,35.54355865860011,0.0014612924818960817,CADCHF_merged,133.99756717147085
2021-08-20 01:00:00,2021-08-23 05:00:00,1.3,15.0,0.1782277229455108,2546.110327793012,1,78.338,77.87648425687878,78.93797046605758,80.154,81.581,34.89862966816354,0.17543663123216452,AUDJPY_merged,19.32177227705449
2021-08-20 05:00:00,2021-08-23 05:00:00,1.3,60.0,0.9890907086484336,14129.867266406196,1,149.401,148.76659488981812,150.22572664323647,151.162,153.313,36.153643426465756,0.23311022307843038,GBPJPY_merged,77.01090929135157
2021-08-20 05:00:00,2021-08-23 06:00:00,1.5,59.99999999999999,0.8901816377835903,12716.880539765576,1,149.401,148.69610543313124,150.45834185030319,151.162,153.313,34.660346395726805,0.23311022307843038,GBPJPY_merged,89.1098183622164
2021-08-20 10:00:00,2021-08-23 10:00:00,1.3,90.0,1.1958811178603705,17084.015969433865,1,0.71459,0.7108254811588173,0.7194838744935375,0.7289,0.74263,37.12608666518557,0.001457532934798289,AUDUSD_merged,115.80411888213963
2021-08-20 07:00:00,2021-08-23 10:00:00,1.5,60.0,1.2753194694274788,18218.8495632497,-1,1.63908,1.6444779698146461,1.630983045278031,1.59001,1.61835,63.20532632078661,0.0026047145438911285,EURAUD_merged,88.72468053057253
2021-08-20 07:00:00,2021-08-23 11:00:00,1.3,89.99999999999999,1.4878727143320585,21255.324490457977,-1,1.63908,1.646020246904545,1.6300576790240917,1.59001,1.61835,63.20532632078661,0.0026047145438911285,EURAUD_merged,115.51212728566793
2021-08-22 19:00:00,2021-08-23 17:00:00,-1.1260282715184495,89.99999999999999,1.2950445772983332,18500.636818547617,1,0.91559,0.9111359316990977,0.9213802887911731,0.91421,0.93106,45.45940492186894,0.0014064973312316823,AUDCAD_merged,-102.63758901395877
2021-08-22 19:00:00,2021-08-23 17:00:00,-1.1260282715184495,89.99999999999999,1.2950445772983332,18500.636818547617,1,0.91559,0.9111359316990977,0.9222711024513536,0.91421,0.93106,43.980430239705036,0.0014064973312316823,AUDCAD_merged,-102.63758901395877
2021-08-20 05:00:00,2021-08-24 01:00:00,1.5,15.0,0.16983215622333217,2426.173660333317,1,0.6534,0.6493603056614449,0.6594595415078326,0.6622,0.70023,32.15214321875054,0.0013553815809813378,AUDCHF_merged,22.330167843776668
2021-08-20 08:00:00,2021-08-24 01:00:00,1.3,60.0,0.6790632180991332,9700.903115701904,1,0.65429,0.6502432221349106,0.6595508112246163,0.6622,0.70023,39.005409265423495,0.0012982883868134078,AUDCHF_merged,77.32093678190087
2021-08-20 05:00:00,2021-08-25 13:00:00,1.3,60.0,1.22159983973686,17451.426281955144,1,1.25032,1.24602125680343,1.2559083661555412,1.25488,1.27928,37.10062213379393,0.0015719751734236034,GBPCHF_merged,76.77840016026315
2021-08-20 05:00:00,2021-08-25 13:00:00,1.3,15.0,0.27485996394079354,3926.570913439908,1,1.25032,1.2455436186704778,1.2565292957283791,1.25488,1.28561,36.56083587739088,0.0015719751734236034,GBPCHF_merged,19.225140036059205
2021-08-20 05:00:00,2021-08-25 16:00:00,1.5,60.0,1.0994398557631742,15706.283653759632,1,1.25032,1.2455436186704778,1.2574845719942838,1.25488,1.2714,36.60862893875976,0.0015719751734236034,GBPCHF_merged,88.90056014423682
2021-08-29 19:00:00,2021-08-30 20:00:00,-1.1,90.0,1.5435249378717362,22050.35625531052,1,1.96343,1.9554161294777292,1.9754508057834061,1.96458,2.00661,37.4429454799042,0.00266191230451237,GBPNZD_merged,-100.54352493787175
2021-08-29 19:00:00,2021-08-30 20:00:00,-1.1,60.0,1.0290166252478241,14700.237503540346,1,1.96343,1.9554161294777292,1.973848031678952,1.96458,2.00661,38.46681129697362,0.00266191230451237,GBPNZD_merged,-67.02901662524782
2021-08-31 03:00:00,2021-09-01 10:00:00,-1.1,15.0,0.23951684426189668,3421.6692037413814,-1,0.88775,0.891641740903954,0.8819123886440691,0.86784,0.88409,67.5732251327671,0.001286729327414336,NZDCAD_merged,-16.739516844261896
2021-08-31 10:00:00,2021-09-01 20:00:00,-1.1,90.0,1.631813728088746,23311.624686982086,-1,0.88907,0.892502463462947,0.8846077974981689,0.86784,0.88409,68.26765400054641,0.0012919054237648519,NZDCAD_merged,-100.63181372808876
2021-08-31 08:00:00,2021-09-02 07:00:00,-1.1,15.0,0.26246147795842556,3749.4496851203658,1,1.95152,1.943712774284672,1.9624501160014591,1.96458,2.00734,35.550619072715214,0.0026562791699326197,GBPNZD_merged,-16.762461477958425
2021-08-31 08:00:00,2021-09-02 07:00:00,-1.1,60.0,1.0498459118337022,14997.798740481463,1,1.95152,1.943712774284672,1.9632308385729917,1.96458,2.00734,34.3582099554063,0.0026562791699326197,GBPNZD_merged,-67.0498459118337
2021-09-01 06:00:00,2021-09-02 09:00:00,-1.1,90.0,1.3303590439247408,19005.12919892487,-1,77.75,78.11819007788675,77.27135289874722,74.563,77.93,60.46207252254472,0.13476907440549826,NZDJPY_merged,-100.33035904392476
2021-09-03 10:00:00,2021-09-07 00:00:00,-1.1,60.0,1.2005013431486833,17150.019187838334,-1,0.67997,0.6823489011285148,0.6764016483072277,0.65038,0.68039,63.67553771563159,0.001129752199683441,AUDCHF_merged,-67.20050134314869
2021-09-05 19:00:00,2021-09-07 01:00:00,1.3,90.0,1.8105268989316052,25864.669984737222,1,1.66104,1.6552601620941534,1.6685537892776008,1.66366,1.71627,39.84113530644521,0.002096346369735656,EURNZD_merged,115.1894731010684
2021-09-05 19:00:00,2021-09-07 01:00:00,1.5,59.99999999999999,1.5518801990842335,22169.717129774766,1,1.66104,1.656544570517675,1.6677831442234878,1.66366,1.71627,39.84113530644521,0.002096346369735656,EURNZD_merged,88.44811980091575
2021-09-03 10:00:00,2021-09-07 06:00:00,1.3,90.0,1.4005849003401305,20008.35571914472,-1,0.67997,0.6830285871652333,0.6759938366851965,0.65038,0.68039,63.67553771563159,0.001129752199683441,AUDCHF_merged,115.59941509965986
2021-09-03 12:00:00,2021-09-07 06:00:00,1.3,90.0,1.3192314971710117,18846.16424530017,-1,0.74411,0.7476635029371668,0.7394904461816834,0.71056,0.74263,69.98954331828789,0.0013149613275970154,AUDUSD_merged,115.68076850282898
2021-09-03 12:00:00,2021-09-07 06:00:00,1.5,60.0,1.1307698547180098,16153.855067400144,-1,0.74411,0.7468738356177964,0.7399642465733056,0.71056,0.74263,69.98954331828789,0.0013149613275970154,AUDUSD_merged,88.86923014528199
2021-09-03 10:00:00,2021-09-08 03:00:00,1.5,30.0,0.5354597134844924,7649.4244783498925,-1,81.671,81.99130252824048,81.1905462076393,77.894,81.581,59.4739334601473,0.15563036963013913,AUDJPY_merged,44.46454028651551
2021-09-03 10:00:00,2021-09-08 04:00:00,1.3,90.0,1.2494059981304821,17848.65711614975,-1,81.671,82.08281753630918,81.13563720279808,77.894,81.581,59.4739334601473,0.15563036963013913,AUDJPY_merged,115.75059400186952
2021-09-03 10:00:00,2021-09-09 09:00:00,-1.1,89.99999999999999,1.5107149003704827,21581.64143386404,1,1.66454,1.657598516866797,1.6749522246998043,1.66366,1.71627,34.88123154298606,0.002307125731705666,EURNZD_merged,-100.51071490037047
2021-09-03 10:00:00,2021-09-09 09:00:00,-1.1,29.999999999999996,0.5035716334568275,7193.880477954679,1,1.66454,1.657598516866797,1.6735639280731636,1.66366,1.71627,35.905876747595855,0.002307125731705666,EURNZD_merged,-33.50357163345683
2021-09-08 14:00:00,2021-09-09 12:00:00,1.5,15.0,0.31206815216345685,4458.116459477956,-1,0.92136,0.9244600536046154,0.9167099195930768,0.9101,0.91994,63.931050688499354,0.0010238261157142915,USDCHF_merged,22.187931847836545
2021-09-13 09:00:00,2021-09-14 08:00:00,1.3,90.00000000000001,2.1066826595538353,30095.46656505479,-1,0.92269,0.9254492893374986,0.9191029238612519,0.9101,0.91994,57.411646278485705,0.001078961941467753,USDCHF_merged,114.89331734044619
2021-09-13 09:00:00,2021-09-15 04:00:00,-1.1,90.0,2.877204054222998,41102.915060328545,1,119.272,119.01083896107504,119.66374155838746,119.686,120.6,40.73779043815946,0.12383651381035805,CHFJPY_merged,-101.87720405422301
2021-09-13 09:00:00,2021-09-15 10:00:00,-1.1,90.0,2.2378253755067767,31968.933935811096,1,119.272,118.9362215213822,119.70851202220317,119.28,120.6,40.73779043815946,0.12383651381035805,CHFJPY_merged,-101.23782537550679
2021-09-16 11:00:00,2021-09-16 16:00:00,-1.1,60.0,1.5364478415827707,21949.25487975387,-1,0.92519,0.9277190790190424,0.9213963814714363,0.9101,0.91994,63.5663897557302,0.0011811573893724986,USDCHF_merged,-67.53644784158277
2021-09-16 11:00:00,2021-09-17 09:00:00,-1.1,89.99999999999999,1.7925224818465657,25607.464026379515,-1,0.92519,0.9284416730244831,0.920962825068172,0.9101,0.91994,63.5663897557302,0.0011811573893724986,USDCHF_merged,-100.79252248184655
2021-09-16 20:00:00,2021-09-17 14:00:00,-1.1,60.0,1.8603306410945737,26576.15201563677,-1,1.09103,1.093493178264539,1.0873352326031915,1.06959,1.08401,63.91344326927097,0.0008009837485477751,EURCHF_merged,-67.86033064109458
2021-09-20 02:00:00,2021-09-20 03:00:00,-1.1,30.0,0.7141331717958533,10201.902454226478,1,1.37111,1.3670780755442864,1.3763515017924277,1.37261,1.38915,27.708998625952916,0.0014186909029589537,GBPUSD_merged,-33.71413317179585
2021-09-20 02:00:00,2021-09-20 03:00:00,-1.1,30.0,0.7141331717958533,10201.902454226478,1,1.37111,1.3670780755442864,1.3771578866835703,1.37261,1.38915,29.511069250020533,0.0014186909029589537,GBPUSD_merged,-33.71413317179585
2021-09-16 10:00:00,2021-09-20 04:00:00,1.3,90.0,1.5593606564856248,22276.580806937498,-1,0.73126,0.7342143761931141,0.7274193109489516,0.70874,0.73176,53.140036963398344,0.001238912447367305,CADCHF_merged,115.44063934351438
2021-09-20 00:00:00,2021-09-20 07:00:00,-1.1,29.999999999999996,0.47290692614982127,6755.813230711733,-1,1.27935,1.2850311073203629,1.270828339019456,1.24932,1.27617,66.9911055133163,0.0018212951229694245,USDCAD_merged,-33.47290692614982
2021-09-20 01:00:00,2021-09-20 08:00:00,1.4,15.0,0.3939965060945423,5628.521515636319,-1,0.9322,0.9346843113704291,0.9287219640813993,0.9101,0.92419,70.24439235808728,0.0008103820908470886,USDCHF_merged,20.606003493905458
2021-09-20 02:00:00,2021-09-20 09:00:00,1.5,15.0,0.41643765885410355,5949.10941220148,-1,0.93207,0.9344201080634565,0.9285448379048151,0.9101,0.91994,71.23178697386545,0.0008024976557865848,USDCHF_merged,22.083562341145896
2021-09-20 07:00:00,2021-09-20 12:00:00,-1.1,30.0,0.5992702495313194,8561.003564733135,1,1.36927,1.3644717190870916,1.3764674213693626,1.37261,1.38915,28.520760364182614,0.001802109651916503,GBPUSD_merged,-33.59927024953132
2021-09-20 07:00:00,2021-09-20 13:00:00,-1.1,30.0,0.5792945745469421,8275.636779242031,1,1.36927,1.3643062611245775,1.3757228605380492,1.37261,1.38915,29.04863964920651,0.001802109651916503,GBPUSD_merged,-33.57929457454694
2021-09-20 07:00:00,2021-09-20 13:00:00,-1.1,15.0,0.28964728727347105,4137.818389621016,1,1.36927,1.3643062611245775,1.3767156083131338,1.37261,1.38915,30.113116322599947,0.001802109651916503,GBPUSD_merged,-16.78964728727347
2021-09-20 08:00:00,2021-09-20 23:00:00,1.3,89.99999999999999,1.3377282862166524,19110.404088809322,-1,1.28591,1.2919659629959772,1.2780372481052298,1.24932,1.27617,67.54740257891478,0.002504167167928656,USDCAD_merged,115.66227171378333
2021-09-20 09:00:00,2021-09-22 08:00:00,-1.1,90.00000000000001,1.6974670025863388,24249.52860837627,1,1.36702,1.3619464250869806,1.373615647386925,1.37261,1.38915,36.66825081319225,0.0018784516896627012,GBPUSD_merged,-100.69746700258636
2021-09-20 19:00:00,2021-09-23 07:00:00,1.3,90.0,1.3483454797920986,19262.078282744267,1,149.499,148.80048191682653,150.4070735081255,149.181,153.313,36.00937103186264,0.25501680109140723,GBPJPY_merged,115.6516545202079
2021-09-23 22:00:00,2021-09-24 02:00:00,-1.1,30.0,0.9266953775427905,13238.505393468437,-1,110.319,110.56899574360055,109.94400638459918,109.112,110.446,71.37225723065548,0.0854764696257916,USDJPY_merged,-33.92669537754279
2021-09-24 04:00:00,2021-09-24 10:00:00,-1.1,30.0,0.9575812547589053,13679.732210841506,-1,110.467,110.7092569352179,110.12784029069495,108.721,110.446,65.8607651352208,0.08971281176927723,USDJPY_merged,-33.95758125475891
2021-09-24 04:00:00,2021-09-24 10:00:00,-1.1,30.0,0.9256618796002755,13223.741137146793,-1,110.467,110.7176106226392,110.11614512830512,109.113,110.446,65.73364557645745,0.08971281176927723,USDJPY_merged,-33.92566187960028
2021-09-24 16:00:00,2021-09-27 07:00:00,-1.1,29.999999999999996,0.8555307104639989,12221.867292342842,-1,110.747,111.01884143965313,110.36642198448561,109.113,110.446,67.3617677104009,0.0930699694164455,USDJPY_merged,-33.855530710464
2021-09-24 16:00:00,2021-09-27 07:00:00,-1.1,30.0,0.8850317694455161,12643.310992078803,-1,110.747,111.00978005833136,110.37910791833609,108.721,110.446,67.30283474575799,0.0930699694164455,USDJPY_merged,-33.88503176944552
2021-09-28 22:00:00,2021-09-29 07:00:00,-1.1,89.99999999999999,1.9030897422039486,27186.99631719927,1,1.71768,1.711993781552168,1.7250720839821818,1.72737,1.7602,38.901889406775936,0.0020770063444925002,GBPCAD_merged,-100.90308974220393
2021-09-28 13:00:00,2021-09-29 10:00:00,-1.1,90.0,1.8173094591209682,25961.56370172812,-1,111.417,111.80324522448672,110.91488120816727,109.112,110.446,66.13436481418347,0.14147851635786288,USDJPY_merged,-100.81730945912098
2021-09-29 15:00:00,2021-09-30 11:00:00,1.5,30.0,0.3411837590982584,4874.053701403692,1,0.71838,0.7139583417007094,0.725012487448936,0.72196,0.74775,27.257203108021002,0.0015258019184920828,AUDUSD_merged,44.65881624090174
2021-09-29 15:00:00,2021-09-30 11:00:00,1.5,14.999999999999998,0.16490548356415818,2355.7926223451173,1,0.71838,0.7138058707248718,0.7252411939126924,0.72196,0.74775,30.522743080449224,0.0015258019184920828,AUDUSD_merged,22.335094516435838
2021-09-29 15:00:00,2021-10-01 08:00:00,1.5,15.0,0.2591115819115341,3701.5940273076308,-1,0.93435,0.9381362742095989,0.9286705886856017,0.9101,0.93325,70.49185451480814,0.0012673538109552983,USDCHF_merged,22.240888418088467
2021-09-29 15:00:00,2021-10-01 08:00:00,1.4,15.0,0.25047452918114965,3578.20755973071,-1,0.93435,0.9382668353892402,0.9288664304550638,0.9101,0.92419,69.67600184043269,0.0012673538109552983,USDCHF_merged,20.74952547081885
2021-09-29 17:00:00,2021-10-01 09:00:00,1.5,30.0,0.5187964272901714,7411.377532716735,-1,0.93413,0.9379111999019469,0.9284582001470797,0.9101,0.93325,63.41081151475609,0.001233228541078803,USDCHF_merged,44.48120357270983
2021-10-05 08:00:00,2021-10-07 10:00:00,-1.1,15.0,0.3366796296532028,4809.708995045755,1,0.85154,0.8488843091852007,0.8549923980592389,0.85003,0.86133,33.72583269794541,0.0008841423950568833,EURGBP_merged,-16.836679629653204
2021-10-07 13:00:00,2021-10-08 08:00:00,-1.1,30.000000000000004,0.6032080044048092,8617.25720578299,1,1.451,1.4459485086773565,1.458072087851701,1.46602,1.50976,30.205941310555776,0.0016942711236753714,EURCAD_merged,-33.60320800440481
2021-10-07 13:00:00,2021-10-08 08:00:00,-1.1,15.0,0.312004140209384,4457.2020029912,1,1.451,1.4461168917214446,1.4578363515899777,1.46602,1.50976,28.795889947228318,0.0016942711236753714,EURCAD_merged,-16.812004140209385
2021-10-07 13:00:00,2021-10-08 08:00:00,-1.1,30.000000000000004,0.6032080044048092,8617.25720578299,1,1.451,1.4459485086773565,1.4585772369839654,1.46602,1.50976,31.366474993793954,0.0016942711236753714,EURCAD_merged,-33.60320800440481
2021-10-07 18:00:00,2021-10-08 09:00:00,-1.1,15.0,0.3233417749174215,4619.1682131060215,1,1.45007,1.4453611327328835,1.456662414173963,1.46602,1.50976,33.83764982089281,0.0015499082382392825,EURCAD_merged,-16.82334177491742
2021-10-08 10:00:00,2021-10-08 10:00:00,-1.1,29.999999999999996,0.5331710356910406,7616.729081300581,1,1.25053,1.2456045392675048,1.2574256450254933,1.24932,1.28956,25.48452265730789,0.0019016902267246908,USDCAD_merged,-33.53317103569104
2021-10-08 00:00:00,2021-10-08 10:00:00,-1.1,30.0,0.492268785083152,7032.411215473601,-1,89.116,89.49616548209204,88.54575177686193,84.894,87.888,64.68997307737237,0.12295598255229839,CADJPY_merged,-33.492268785083155
2021-10-07 13:00:00,2021-10-11 03:00:00,-1.1,30.0,0.7978165008871023,11397.378584101463,-1,1.05469,1.057466138369584,1.0505257924456237,1.02791,1.04527,65.0582281095017,0.0008942809239188906,AUDNZD_merged,-33.7978165008871
2021-10-08 12:00:00,2021-10-12 09:00:00,-1.1,30.0,0.5277632962693931,7539.475660991331,1,1.44386,1.438114799412098,1.4524778008818529,1.46602,1.50976,30.577578636002524,0.00197459624735777,EURCAD_merged,-33.52776329626939
2021-10-08 12:00:00,2021-10-14 02:00:00,-1.1,30.0,0.4517433414902032,6453.476307002903,1,1.24776,1.2419595913180341,1.2564606130229485,1.24932,1.28956,31.312440359209024,0.001982273715900378,USDCAD_merged,-33.4517433414902
2021-10-14 06:00:00,2021-10-14 15:00:00,-1.1,15.0,0.20975846574432425,2996.5495106332037,-1,79.551,79.94921300991882,78.95368048512178,76.418,78.154,67.91650945373013,0.13475640783201426,NZDJPY_merged,-16.709758465744326
2021-11-01 21:00:00,2021-11-04 07:00:00,-1.1,15.0,0.3193352359091874,4561.93194155982,1,1.24312,1.2390325212215192,1.2492512181677213,1.25028,1.28183,30.59462927745727,0.0014012557173533786,GBPCHF_merged,-16.819335235909186
2021-11-16 20:00:00,2021-11-16 22:00:00,-1.1,15.0,0.32753217075963864,4679.031010851981,1,1.1322,1.1285704023417218,1.1376443964874177,1.15242,1.16921,30.253463161138033,0.001250121672388222,EURUSD_merged,-16.82753217075964
2021-11-26 02:00:00,2021-11-26 02:00:00,-1.1,14.999999999999998,0.2539473551142355,3627.8193587747933,1,152.468,151.83758823639653,153.4136176454052,152.374,158.215,21.220902076034672,0.2594222685419635,GBPJPY_merged,-16.753947355114235
2021-12-07 10:00:00,2021-12-08 14:00:00,1.5,15.0,0.25864505721597947,3694.929388799707,1,0.85728,0.8537997711114644,0.8625003433328035,0.86178,0.894,31.77648114633747,0.0012698718252796668,NZDCAD_merged,22.24135494278402
2021-12-15 13:00:00,2021-12-15 15:00:00,1.5,30.0,0.6337337031662987,9053.338616661411,-1,1.29015,1.2944251631899384,1.283737255215092,1.22879,1.28956,67.04112439907077,0.0015192122823775767,USDCAD_merged,44.3662662968337
2021-12-20 05:00:00,2021-12-20 09:00:00,-1.1,15.0,0.2250761457738765,3215.373511055379,-1,1.45578,1.4625713416357133,1.4455929875464302,1.4163,1.45533,62.86769045730706,0.00222779622057792,EURCAD_merged,-16.725076145773876
2021-12-20 06:00:00,2021-12-20 09:00:00,-1.1,14.999999999999998,0.23652189609613652,3378.884229944808,-1,1.45531,1.461770609039676,1.445619086440486,1.42092,1.45533,64.36256574908853,0.002182953633393786,EURCAD_merged,-16.736521896096136
2021-12-20 05:00:00,2021-12-20 10:00:00,-1.1,15.0,0.20609479314200999,2944.211330600143,1,0.71468,0.7110388890890469,0.7183211109109531,0.71359,0.7331,41.2441449609381,0.0012330158089258812,CADCHF_merged,-16.70609479314201
2021-12-20 13:00:00,2021-12-21 05:00:00,1.2,60.0,1.063169216151548,15188.13165930783,1,0.61853,0.6160865263172277,0.6214621684193268,0.61762,0.66335,38.38818058341655,0.0011454475468041072,NZDCHF_merged,70.93683078384845
2021-12-20 14:00:00,2021-12-21 06:00:00,1.0,14.999999999999998,0.19570320722772164,2795.7601032531666,1,0.61913,0.615808202114268,0.6224517978857319,0.61762,0.65412,38.465921412570054,0.00110648700774669,NZDCHF_merged,14.804296792772277
2021-12-20 13:00:00,2021-12-21 06:00:00,1.4,59.99999999999999,0.8269093903400927,11812.991290572754,1,0.61853,0.6153883909792928,0.6229282526289902,0.61762,0.66335,38.60876617968359,0.0011454475468041072,NZDCHF_merged,83.1730906096599
2021-12-20 12:00:00,2021-12-21 10:00:00,1.0,15.0,0.1798487608160186,2569.268011657409,1,0.71077,0.7066203550615873,0.7149196449384128,0.71359,0.7331,37.36704975950466,0.001382271052365855,CADCHF_merged,14.820151239183982
2021-12-20 13:00:00,2021-12-21 11:00:00,1.2,15.0,0.2575327027146484,3679.0386102092634,1,0.71196,0.7090572307900317,0.715443323051962,0.71359,0.7331,36.56255122812873,0.0013513945486254373,CADCHF_merged,17.74246729728535
2021-12-20 13:00:00,2021-12-22 00:00:00,1.0,15.0,0.20030321322250436,2861.474474607205,1,0.71196,0.7082278681586123,0.7156921318413878,0.71359,0.74235,38.621351748512126,0.0013513945486254373,CADCHF_merged,14.799696786777496
2021-12-20 13:00:00,2021-12-23 03:00:00,1.4,15.0,0.20030321322250436,2861.474474607205,1,0.71196,0.7082278681586123,0.717184984577943,0.71359,0.7331,37.488986578268616,0.0013513945486254373,CADCHF_merged,20.799696786777496
2021-12-22 18:00:00,2021-12-23 05:00:00,-1.1,30.0,0.6805632648105143,9722.33235443592,-1,123.961,124.34350389561135,123.38724415658298,122.125,123.705,66.97690653936243,0.13547661682136813,CHFJPY_merged,-33.680563264810516
2021-12-20 13:00:00,2021-12-23 10:00:00,1.5,15.0,0.20310414609044772,2901.4878012921104,-1,1.4599,1.467447334850158,1.4485789977247632,1.42092,1.45533,65.18166407358737,0.002528062883055489,EURCAD_merged,22.296895853909554
2021-12-20 13:00:00,2021-12-24 11:00:00,1.5,15.0,0.1963340078874328,2804.77154124904,-1,1.4599,1.4677075877760255,1.4481886183359618,1.4163,1.45533,64.66095784860687,0.002528062883055489,EURCAD_merged,22.303665992112567
2021-12-28 16:00:00,2021-12-29 04:00:00,-1.1,60.0,4.146488974960946,59235.55678515638,1,1.03745,1.036399161561429,1.0387110061262852,1.03754,1.04662,33.95566503665182,0.0004996564524293635,EURCHF_merged,-70.14648897496095
2021-12-22 10:00:00,2021-12-29 09:00:00,-1.1,60.0,0.9317534322795368,13310.763318279098,-1,1.71763,1.7253724410257882,1.7060163384613178,1.66385,1.71123,53.603560279591754,0.0026743269841725333,GBPCAD_merged,-66.93175343227954
2021-12-22 10:00:00,2021-12-29 09:00:00,-1.1,60.0,0.9638828609788309,13769.755156840443,-1,1.71763,1.7251143596582619,1.7064034605126073,1.66385,1.71123,53.09378347751435,0.0026743269841725333,GBPCAD_merged,-66.96388286097883
2021-12-28 16:00:00,2021-12-30 06:00:00,-1.1,30.000000000000004,1.5013149736927567,21447.356767039382,1,1.03745,1.035998842156259,1.038901157843741,1.03801,1.04662,35.67788294496113,0.0004996564524293635,EURCHF_merged,-34.501314973692764
2021-12-29 23:00:00,2021-12-30 10:00:00,-1.1,15.0,0.340551703460649,4865.024335152129,-1,155.162,155.64040048469712,154.44439927295434,148.975,154.731,64.56400662872052,0.15343348335862964,GBPJPY_merged,-16.840551703460648
2021-12-29 23:00:00,2021-12-30 10:00:00,-1.1,15.0,0.35229486564894724,5032.783794984961,-1,155.162,155.62445380187387,154.4683192971892,148.975,154.731,64.35775339341257,0.15343348335862964,GBPJPY_merged,-16.852294865648947
2021-12-30 15:00:00,2021-12-31 05:00:00,-1.1,60.0,2.491099638352156,35587.13769074509,1,1.0351,1.0333548189028376,1.0371942173165947,1.03754,1.04662,30.23463853748805,0.0008088215735751675,EURCHF_merged,-68.49109963835215
2021-12-30 15:00:00,2021-12-31 07:00:00,-1.1,59.99999999999999,1.9375219409405657,27678.884870579514,1,1.0351,1.0328561957322198,1.03734380426778,1.03754,1.04662,35.42180694120247,0.0008088215735751675,EURCHF_merged,-67.93752194094057
2021-12-29 12:00:00,2021-12-31 07:00:00,-1.1,30.0,0.5180798292323886,7401.140417605552,1,0.91489,0.9111815579962905,0.9185984420037094,0.9157,0.92939,41.2132263531569,0.0012481464543897208,USDCHF_merged,-33.51807982923239
2021-12-29 12:00:00,2021-12-31 11:00:00,-1.1,15.0,0.2799543538601228,3999.3479122874687,-1,1.13366,1.1379119181558959,1.1272821227661558,1.12215,1.13603,61.07436378825862,0.0014271659119864178,EURUSD_merged,-16.779954353860123
2021-12-31 10:00:00,2021-12-31 11:00:00,-1.1,15.0,0.27734271212443706,3962.0387446348154,-1,125.934,126.41077726588564,125.21883410117152,122.125,125.507,64.00980814506512,0.1842167727741301,CHFJPY_merged,-16.777342712124437
2021-12-29 12:00:00,2021-12-31 12:00:00,-1.1,15.000000000000002,0.2706225420647854,3866.036315211221,-1,1.13366,1.1380585360233406,1.1270621959649887,1.12215,1.13603,59.967775238539794,0.0014271659119864178,EURUSD_merged,-16.77062254206479
2021-12-31 16:00:00,2022-01-03 09:00:00,1.5,29.999999999999996,0.5430295623426217,7757.565176323168,-1,1.1376,1.1419993185006245,1.131001022249063,1.12215,1.13603,60.71017185921399,0.0015107916381310465,EURUSD_merged,44.45697043765737
2021-12-31 14:00:00,2022-01-04 04:00:00,-1.1,30.0,0.5138393258838839,7340.561798341199,-1,155.794,156.43071148454283,154.8389327731858,148.975,154.731,58.83698006276962,0.21651599258759793,GBPJPY_merged,-33.513839325883886
2021-12-23 09:00:00,2022-01-05 03:00:00,-1.1,30.0,0.6010486541182236,8586.409344546053,-1,1.0607,1.0644059728604964,1.0551410407092554,1.0359,1.05019,57.923683177934706,0.0012313725520584095,AUDNZD_merged,-33.60104865411822
2022-01-03 17:00:00,2022-01-05 05:00:00,1.0,30.0,0.6048834642351064,8641.192346215807,-1,1.87267,1.8791714291719364,1.8661685708280638,1.83862,1.86451,67.48063619784557,0.0024009412496077197,GBPAUD_merged,29.395116535764892
2022-01-03 17:00:00,2022-01-05 05:00:00,1.2,60.0,1.555414622318845,22220.208890269216,-1,1.87267,1.8777266671337283,1.8666019994395262,1.83862,1.86451,71.93545667340707,0.0024009412496077197,GBPAUD_merged,70.44458537768115
2022-01-03 17:00:00,2022-01-05 06:00:00,1.1,59.99999999999999,1.256296425719067,17947.09179598667,-1,1.87267,1.8789306354989017,1.8657833009512084,1.83862,1.86451,67.48063619784557,0.0024009412496077197,GBPAUD_merged,64.74370357428093
2022-01-04 14:00:00,2022-01-05 06:00:00,1.2,90.0,1.5989888443536384,22842.697776480552,-1,91.329,91.68883534346206,90.89719758784551,87.436,90.361,63.77427016671366,0.16668229472812304,CADJPY_merged,106.40101115564636
2022-01-04 13:00:00,2022-01-05 07:00:00,1.2,60.0,1.260138284582248,18001.975494032115,-1,157.242,157.76608248212133,156.61310102145438,148.975,154.731,70.68767278700024,0.24530858052984683,GBPJPY_merged,70.73986171541775
2022-01-03 17:00:00,2022-01-05 09:00:00,1.0,29.999999999999996,0.5631673632533748,8045.248046476784,-1,1.87267,1.8796530165180056,1.8656869834819945,1.83862,1.86451,70.5011593214262,0.0024009412496077197,GBPAUD_merged,29.436832636746622
2022-01-03 17:00:00,2022-01-05 09:00:00,1.0,60.0,1.0887902356231915,15554.14622318845,-1,1.87267,1.8798938101910403,1.8654461898089598,1.83862,1.86451,68.19318641387292,0.0024009412496077197,GBPAUD_merged,58.91120976437681
2022-01-04 22:00:00,2022-01-05 12:00:00,-1.1,30.0,0.5137932103573866,7339.903005105523,-1,156.946,157.5874771416904,155.98378428746437,148.975,154.731,59.8053100941131,0.21832765620629227,GBPJPY_merged,-33.513793210357385
2022-01-04 22:00:00,2022-01-05 13:00:00,-1.1,15.0,0.24833338500607016,3547.6197858010028,-1,156.946,157.60959704312802,155.95060443530798,148.975,154.731,60.84132644524888,0.21832765620629227,GBPJPY_merged,-16.74833338500607
2022-01-04 14:00:00,2022-01-05 13:00:00,-1.1,60.0,0.9960597361586002,14229.42480226572,-1,157.077,157.73933316743057,156.41466683256942,148.975,154.731,68.83045089451963,0.2398579676348586,GBPJPY_merged,-66.9960597361586
2022-01-04 14:00:00,2022-01-05 13:00:00,-1.1,15.0,0.24901493403965005,3557.35620056643,-1,157.077,157.73933316743057,156.21596688234024,149.521,154.731,70.42228767541393,0.2398579676348586,GBPJPY_merged,-16.74901493403965
2022-01-04 14:00:00,2022-01-05 13:00:00,-1.1,90.0,1.5515545890162814,22165.06555737545,-1,157.077,157.7148023093776,156.37541745968463,149.521,154.731,68.83045089451963,0.2398579676348586,GBPJPY_merged,-100.55155458901629
2022-01-03 21:00:00,2022-01-05 20:00:00,-1.1,15.0,0.2796550495975717,3995.0721371081677,-1,1.87211,1.8791390720758616,1.8615663918862075,1.83862,1.86451,62.24991084771146,0.0023263794520524237,GBPAUD_merged,-16.779655049597572
2022-01-04 14:00:00,2022-01-05 20:00:00,1.0,60.0,0.8291053267018864,11844.36181002695,-1,91.329,91.79164544159407,90.86635455840592,87.436,90.361,62.56430962765603,0.16668229472812304,CADJPY_merged,59.170894673298115
2022-01-03 17:00:00,2022-01-05 20:00:00,-1.1,15.0,0.3024417321175532,4320.596173107903,-1,1.87267,1.8791714291719364,1.864218142076483,1.83862,1.86451,69.7164541311382,0.0024009412496077197,GBPAUD_merged,-16.802441732117554
2022-01-03 21:00:00,2022-01-05 20:00:00,-1.1,30.0,0.5785966543398035,8265.666490568621,-1,1.87211,1.878904769673333,1.8619178454900005,1.83862,1.86451,61.56985468297282,0.0023263794520524237,GBPAUD_merged,-33.578596654339805
2022-01-03 17:00:00,2022-01-05 20:00:00,-1.1,60.0,1.2097669284702128,17282.384692431613,-1,1.87267,1.8791714291719364,1.8635679991592893,1.83862,1.86451,69.7164541311382,0.0024009412496077197,GBPAUD_merged,-67.20976692847022
2022-01-04 14:00:00,2022-01-05 21:00:00,1.4,90.0,1.2436579900528297,17766.542715040425,-1,91.329,91.79164544159407,90.68129638176828,87.436,90.361,63.18160140877793,0.16668229472812304,CADJPY_merged,124.75634200994716
2022-01-04 14:00:00,2022-01-05 23:00:00,1.5,30.0,0.3859628244991541,5513.754635702202,-1,91.329,91.82591547430475,90.58362678854286,87.436,90.361,63.77427016671366,0.16668229472812304,CADJPY_merged,44.61403717550085
2022-01-06 03:00:00,2022-01-06 23:00:00,-1.1,90.0,2.233185775135344,31902.653930504923,-1,1.88612,1.8914408990189273,1.8797349211772874,1.83862,1.86451,79.43060452291388,0.0026906356206140942,GBPAUD_merged,-101.23318577513535
2022-01-06 03:00:00,2022-01-07 03:00:00,-1.1,30.0,0.5789740898499041,8271.058426427202,-1,1.88612,1.8929611558814778,1.8792788441185222,1.83862,1.86451,71.71467402201776,0.0026906356206140942,GBPAUD_merged,-33.57897408984991
2022-01-06 03:00:00,2022-01-07 03:00:00,-1.1,90.0,1.7369222695497122,24813.175279281604,-1,1.88612,1.8929611558814778,1.876542381765931,1.83862,1.86451,74.80851005376522,0.0026906356206140942,GBPAUD_merged,-100.73692226954972
2022-01-05 14:00:00,2022-01-09 17:00:00,1.5,29.999999999999996,0.5519872584589803,7885.53226369972,-1,1.7255,1.732064553700236,1.7156531694496462,1.66385,1.71123,69.18924683300135,0.002429093549336621,GBPCAD_merged,44.448012741541014
2022-01-09 19:00:00,2022-01-10 08:00:00,1.5,29.999999999999996,0.6879226262592131,9827.46608941733,-1,1.13533,1.1387957865710345,1.1301313201434482,1.12215,1.13603,66.28292743909783,0.0011198863196059234,EURUSD_merged,44.31207737374078
2022-01-09 21:00:00,2022-01-10 08:00:00,1.5,60.0,1.5121906038374275,21602.722911963254,-1,1.13501,1.1381624081606532,1.1302813877590205,1.12215,1.13603,54.1012178106667,0.0011008203470071526,EURUSD_merged,88.48780939616258
2022-01-07 16:00:00,2022-01-10 10:00:00,1.5,30.0,0.435146878000352,6216.383971433601,-1,91.405,91.8461165739763,90.74332513903555,87.436,90.361,60.23907709584031,0.1478932252783802,CADJPY_merged,44.56485312199965
2022-01-07 16:00:00,2022-01-10 10:00:00,1.5,60.0,0.9003038855179697,12861.48407882814,-1,91.405,91.8314126881771,90.76538096773436,87.436,90.361,60.72511524794765,0.1478932252783802,CADJPY_merged,89.09969611448203
2022-01-10 12:00:00,2022-01-10 13:00:00,-1.1,60.00000000000001,1.4698188587858017,20997.412268368596,-1,1.25507,1.2586563562155915,1.2511250081628493,1.21409,1.23713,73.70476186895063,0.001379412934139817,GBPCHF_merged,-67.46981885878581
2022-01-10 12:00:00,2022-01-10 18:00:00,-1.1,90.0,1.9107645164215419,27296.63594887917,-1,1.25507,1.2592081033256823,1.2509318966743175,1.21409,1.23713,74.79166662165095,0.001379412934139817,GBPCHF_merged,-100.91076451642155
2022-01-10 17:00:00,2022-01-11 03:00:00,-1.1,90.0,2.6788883986846184,38269.83426692312,-1,1.25751,1.2604673135647941,1.2539612237222468,1.21409,1.23713,74.18560121654075,0.0014269413721879588,GBPCHF_merged,-101.67888839868463
2022-01-10 06:00:00,2022-01-11 13:00:00,-1.2274054937203682,30.0,0.6208504471750145,8869.292102500207,1,0.85488,0.8519884050786003,0.8577715949213996,0.85479,0.87696,35.40883312579467,0.0010573210047141793,NZDCAD_merged,-37.44301525878606
2022-01-11 00:00:00,2022-01-11 13:00:00,-1.1,90.0,1.5678091167965662,22397.273097093806,-1,0.732,0.7349414295086015,0.7275878557370976,0.70962,0.7331,66.95719770129357,0.000976837034773904,CADCHF_merged,-100.56780911679658
2022-01-10 06:00:00,2022-01-11 13:00:00,-1.1496533907051703,60.0,1.1560663499120958,16515.233570172797,1,0.85488,0.8517742128622003,0.8579857871377996,0.85479,0.87696,34.28712688545435,0.0010573210047141793,NZDCAD_merged,-70.13526979222232
2022-01-11 14:00:00,2022-01-12 05:00:00,-1.1,90.0,1.674242934064444,23917.756200920634,1,0.85317,0.8499596110590405,0.8579855834114392,0.85479,0.87696,36.84343182992078,0.0011086713357752,NZDCAD_merged,-100.67424293406445
2022-01-11 15:00:00,2022-01-12 06:00:00,-1.1,60.0,1.101230170099392,15731.859572848458,1,1.25816,1.2533614827204351,1.2634383690075213,1.26063,1.29633,32.39890627933707,0.0017858990284159916,USDCAD_merged,-67.1012301700994
2022-01-11 15:00:00,2022-01-12 08:00:00,-1.1,30.0,0.47719974037640317,6817.1391482343315,1,1.25816,1.2526232492928098,1.266465126060785,1.26063,1.29633,28.134648194690485,0.0017858990284159916,USDCAD_merged,-33.477199740376406
2022-01-11 15:00:00,2022-01-12 08:00:00,-1.1,30.0,0.4141543645652152,5916.490922360218,-1,91.671,92.1358245110301,90.97376323345489,87.436,90.361,64.4039936255043,0.1492313962712157,CADJPY_merged,-33.41415436456521
2022-01-11 15:00:00,2022-01-12 08:00:00,-1.1,90.0,1.4315992211292095,20451.417444702995,1,1.25816,1.2526232492928098,1.2636967507071901,1.26063,1.29633,31.7070175824938,0.0017858990284159916,USDCAD_merged,-100.43159922112922
2022-01-11 15:00:00,2022-01-12 08:00:00,-1.1,90.0,1.2853066486506677,18361.523552152397,-1,91.671,92.12033036066242,90.99700445900639,87.436,90.361,65.73615416886967,0.1492313962712157,CADJPY_merged,-100.28530664865067
2022-01-07 06:00:00,2022-01-12 10:00:00,1.5,30.0,0.566996445351889,8099.9492193127,-1,1.89206,1.8990676735622816,1.881548489656578,1.83862,1.86451,66.49667228457474,0.0024138363623068602,GBPAUD_merged,44.43300355464811
2022-01-07 06:00:00,2022-01-12 10:00:00,1.5,30.000000000000004,0.5480965638401594,7829.950912002278,-1,1.89206,1.8993093174782223,1.8811860237826667,1.83862,1.86451,66.75171495564912,0.0024138363623068602,GBPAUD_merged,44.451903436159846
2022-01-12 07:00:00,2022-01-13 05:00:00,1.0,60.0,1.340055789521461,19143.654136020876,1,1.71041,1.7050492366227041,1.7157707633772958,1.70771,1.71123,40.2548071996791,0.0018672148745036187,GBPCAD_merged,58.65994421047854
2022-01-10 23:00:00,2022-01-14 07:00:00,1.5,90.00000000000001,1.2979536973404213,18542.195676291733,-1,0.66606,0.6692929180991573,0.661210622851264,0.65336,0.66742,63.53331448187057,0.0010723136770700728,AUDCHF_merged,133.7020463026596
2022-01-12 13:00:00,2022-01-14 08:00:00,1.5,30.0,0.5013426815659686,7162.038308085266,-1,125.386,125.91121081823222,124.59818377265165,122.125,125.507,61.71187592931872,0.17020811040521233,CHFJPY_merged,44.498657318434034
2022-01-14 02:00:00,2022-01-14 11:00:00,1.5,90.0,2.3341150137969295,33344.500197099,-1,1.14696,1.1500557549038022,1.142316367644297,1.12721,1.13863,57.353821413785475,0.0010439241368911392,EURUSD_merged,132.66588498620308
2022-01-14 02:00:00,2022-01-14 11:00:00,1.0,30.0,0.7398316114138289,10569.023020197557,1,0.91032,0.9077360714809863,0.9129039285190137,0.91008,0.92939,36.06964138850107,0.0009915098081263792,USDCHF_merged,29.26016838858617
2022-01-14 02:00:00,2022-01-14 11:00:00,1.0,30.000000000000004,0.688808741661151,9840.124880873587,1,0.91032,0.9075446693684669,0.9130953306315331,0.91008,0.92939,37.445279884280964,0.0009915098081263792,USDCHF_merged,29.31119125833885
2022-01-14 10:00:00,2022-01-14 12:00:00,-1.1,90.0,1.5005168782100182,21435.955403000262,-1,1.88774,1.8956657768924179,1.8758513346613732,1.83862,1.86451,62.60143099523947,0.002801788085748396,GBPAUD_merged,-100.50051687821004
2022-01-12 10:00:00,2022-01-14 14:00:00,1.5,30.0,0.8121615668161339,11602.308097373343,-1,1.06318,1.0659290564577595,1.0590564153133608,1.0359,1.05019,49.68106625075251,0.0009444698559731858,AUDNZD_merged,44.18783843318386
2022-01-17 14:00:00,2022-01-17 22:00:00,-1.1,90.0,1.4674063294328956,20962.947563327085,-1,91.535,91.92798624275585,90.9455206358662,87.436,90.361,61.498323742349235,0.12492431323395685,CADJPY_merged,-100.4674063294329
2022-01-17 14:00:00,2022-01-18 06:00:00,-1.1,30.000000000000004,0.7054901153152271,10078.430218788959,1,1.70837,1.7032847735423664,1.7134552264576335,1.70771,1.73114,33.939051147290854,0.0016925601957940152,GBPCAD_merged,-33.705490115315236
2022-01-17 23:00:00,2022-01-18 06:00:00,-1.1,30.0,0.7767977359542192,11097.110513631704,1,1.7073,1.7026844741892873,1.7119155258107128,1.70771,1.71123,40.25739301832934,0.0016487787179700318,GBPCAD_merged,-33.77679773595422
2022-01-14 16:00:00,2022-01-19 19:00:00,1.5,90.0,1.5206143539208876,21723.062198869826,-1,1.89551,1.9033632160170713,1.8837301759743932,1.83862,1.86451,63.36882095916527,0.0025186144814744464,GBPAUD_merged,133.47938564607912
2022-01-18 20:00:00,2022-01-20 12:00:00,-1.1,90.0,1.5996863682488427,22852.662403554896,1,1.41674,1.4111604925558188,1.4223195074441815,1.42092,1.46455,30.02127631370584,0.0018912761136752074,EURCAD_merged,-100.59968636824885
2022-01-18 12:00:00,2022-01-20 12:00:00,-1.1,30.0,0.6341247976581523,9058.92568083075,1,1.70329,1.6976492980227083,1.7089307019772917,1.70771,1.73114,42.80087296780348,0.002110638246158508,GBPCAD_merged,-33.63412479765815
2022-01-18 18:00:00,2022-01-20 12:00:00,-1.1,60.0,1.1380415411776763,16257.736302538235,1,1.41691,1.411680821815659,1.423707931639643,1.42092,1.46455,27.696993390701454,0.0018998231850907835,EURCAD_merged,-67.13804154117767
2022-01-18 20:00:00,2022-01-20 12:00:00,-1.1,90.0,1.7774292980542694,25391.847115060995,1,1.41674,1.4117184433002368,1.4237701793796687,1.42092,1.46455,28.8436856472048,0.0018912761136752074,EURCAD_merged,-100.77742929805429
2022-01-20 21:00:00,2022-01-21 03:00:00,1.0,60.0,1.1418704704298668,16312.435291855241,1,124.241,123.78401979645417,124.69798020354582,124.126,127.072,34.38699649434287,0.15366053919275274,CHFJPY_merged,58.858129529570135
2022-01-20 21:00:00,2022-01-21 03:00:00,1.3,30.0,0.6343724835721483,9062.46405103069,1,124.241,123.82971781680877,124.77566683814861,124.126,127.072,33.18690359659737,0.15366053919275274,CHFJPY_merged,38.36562751642785
2022-01-20 21:00:00,2022-01-21 04:00:00,1.4,90.0,1.9031174507164448,27187.39215309207,1,124.241,123.82971781680877,124.81679505646773,124.126,127.072,33.18690359659737,0.15366053919275274,CHFJPY_merged,124.09688254928354
2022-01-20 22:00:00,2022-01-23 17:00:00,-1.1,30.0,0.4294108795499927,6134.441136428468,1,0.67377,0.6704749810161242,0.6770650189838757,0.67327,0.68564,35.97134767730382,0.0012110647299043535,NZDUSD_merged,-33.42941087954999
2022-01-24 13:00:00,2022-01-24 19:00:00,1.3,30.0,0.36995170888011375,5285.024412573054,1,0.71103,0.7069938975461961,0.7162769331899452,0.71293,0.73138,36.279281165081834,0.0015209347063346976,AUDUSD_merged,38.630048291119884
2022-01-24 14:00:00,2022-01-24 19:00:00,1.0,30.0,0.3643132505023735,5204.475007176765,1,0.71241,0.7083034762928963,0.7165165237071037,0.71293,0.7555,38.077557669141676,0.0015058679415965073,AUDUSD_merged,29.635686749497626
2022-01-24 14:00:00,2022-01-24 19:00:00,1.0,90.0,0.9836457763564086,14052.082519377265,1,0.71241,0.7078471958809959,0.7169728041190041,0.71293,0.73138,37.95195963590512,0.0015058679415965073,AUDUSD_merged,89.01635422364359
2022-01-24 05:00:00,2022-01-25 04:00:00,1.0,30.0,0.42462932686343485,6066.133240906212,1,0.61121,0.6081872671862281,0.614232732813772,0.61823,0.6314,32.60220945343818,0.0011588499094983022,NZDCHF_merged,29.575370673136565
2022-01-24 11:00:00,2022-01-26 14:00:00,1.0,90.0,0.8969346506417655,12813.352152025222,1,76.048,75.5138446970945,76.5821553029055,76.021,79.239,32.566814193176704,0.18390521280408578,NZDJPY_merged,89.10306534935823
2022-01-24 06:00:00,2022-01-26 14:00:00,1.0,30.0,0.36213520833274293,5173.3601190391855,1,76.094,75.65273553213535,76.53526446786464,76.021,79.239,35.34155701724445,0.1610433355090054,NZDJPY_merged,29.63786479166726
2022-01-25 12:00:00,2022-01-26 14:00:00,-1.1,30.0,0.7105344494000844,10150.49213428692,1,1.12842,1.1250849301775574,1.1317550698224426,1.12721,1.13603,40.69423554657862,0.0011969816849669826,EURUSD_merged,-33.710534449400086
2022-01-24 14:00:00,2022-01-26 15:00:00,-1.1,90.0,1.0793565028585705,15419.378612265296,1,0.66845,0.6645483836305734,0.6723516163694265,0.67327,0.68902,38.39643552886144,0.001302643161965358,NZDUSD_merged,-100.07935650285859
2022-01-27 16:00:00,2022-01-28 05:00:00,-1.1,15.000000000000002,0.2801989981390545,4002.842830557922,1,0.89577,0.89241324816917,0.8991267518308299,0.89703,0.93024,36.824773683507125,0.0012122956031954972,AUDCAD_merged,-16.78019899813906
2022-01-27 14:00:00,2022-01-28 06:00:00,-1.1,15.0,0.24969221331147726,3567.0316187353897,1,0.89517,0.8914056515346056,0.9000636530050128,0.89757,0.93024,34.83731486667663,0.0012819522971971409,AUDCAD_merged,-16.749692213311477
2022-01-27 14:00:00,2022-01-28 06:00:00,-1.1,15.0,0.24969221331147726,3567.0316187353897,1,0.89517,0.8914056515346056,0.9008165226980916,0.89703,0.93024,34.83731486667663,0.0012819522971971409,AUDCAD_merged,-16.749692213311477
2022-01-27 14:00:00,2022-01-28 06:00:00,-1.1,15.0,0.24969221331147726,3567.0316187353897,1,0.89517,0.8914056515346056,0.8993107833119339,0.89703,0.93024,34.83731486667663,0.0012819522971971409,AUDCAD_merged,-16.749692213311477
2022-01-27 14:00:00,2022-01-28 06:00:00,-1.1,14.999999999999998,0.2913075821967234,4161.536888524621,1,0.89517,0.8919434156010905,0.8990419012786914,0.89703,0.93024,34.83731486667663,0.0012819522971971409,AUDCAD_merged,-16.791307582196723
2022-01-28 16:00:00,2022-01-31 01:00:00,1.0,30.0,0.336508886364921,4807.269805213157,1,75.431,74.96026919193385,75.90173080806615,76.021,79.239,37.70029558799938,0.17203440489047503,NZDJPY_merged,29.66349111363508
2022-01-28 10:00:00,2022-01-31 03:00:00,1.1,15.0,0.25183635344861466,3597.6621921230667,1,0.89302,0.8892966654330892,0.897115668023602,0.89703,0.93024,37.689957958811746,0.0014404936063734887,AUDCAD_merged,16.248163646551387
2022-01-28 10:00:00,2022-01-31 03:00:00,1.2,15.0,0.29380907902338377,4197.272557476911,1,0.89302,0.8898285703712193,0.8968497155545369,0.89703,0.93024,37.689957958811746,0.0014404936063734887,AUDCAD_merged,17.706190920976617
2022-01-28 09:00:00,2022-01-31 03:00:00,1.0,15.0,0.2676675898650058,3823.8227123572256,1,0.89301,0.8895069217959003,0.8965130782040996,0.89703,0.93024,36.12212736756442,0.001329762345325296,AUDCAD_merged,14.732332410134994
2022-01-28 10:00:00,2022-01-31 04:00:00,1.3,15.0,0.25183635344861466,3597.6621921230667,1,0.89302,0.8892966654330892,0.8978603349369841,0.89757,0.93024,37.689957958811746,0.0014404936063734887,AUDCAD_merged,19.248163646551387
2022-01-28 09:00:00,2022-01-31 07:00:00,1.5,60.0,0.9636033235140209,13765.761764486015,1,0.89301,0.8891176908843337,0.8988484636734995,0.89703,0.93024,35.871660794736684,0.001329762345325296,AUDCAD_merged,89.03639667648598
2022-01-28 10:00:00,2022-01-31 07:00:00,1.5,15.0,0.25183635344861466,3597.6621921230667,1,0.89302,0.8892966654330892,0.8986050018503663,0.89703,0.93024,37.689957958811746,0.0014404936063734887,AUDCAD_merged,22.248163646551387
2022-01-28 09:00:00,2022-01-31 07:00:00,1.5,60.0,0.996831024324849,14240.443204640702,1,0.89301,0.8892474345215226,0.8986538482177162,0.89703,0.93024,36.12212736756442,0.001329762345325296,AUDCAD_merged,89.00316897567515
2022-01-28 09:00:00,2022-01-31 07:00:00,1.5,60.00000000000001,1.0324321323364511,14749.030461949304,1,0.89301,0.8893771781587114,0.8984592327619328,0.89703,0.93024,35.871660794736684,0.001329762345325296,AUDCAD_merged,88.96756786766356
2022-01-28 09:00:00,2022-01-31 07:00:00,1.4,60.0,0.996831024324849,14240.443204640702,1,0.89301,0.8892474345215226,0.8982775916698684,0.89703,0.93024,36.388717776794245,0.001329762345325296,AUDCAD_merged,83.00316897567515
2022-01-27 23:00:00,2022-01-31 10:00:00,1.4,15.0,0.3551630515442391,5073.757879203416,1,1.11531,1.1120127102202546,1.1199262056916435,1.12721,1.14827,28.523985136196973,0.0010541611223021381,EURUSD_merged,20.64483694845576
2022-01-28 09:00:00,2022-01-31 13:00:00,1.4,15.0,0.2895577201211837,4136.538858874053,1,1.11686,1.1128100199148232,1.1225299721192474,1.12215,1.14827,40.97631860089714,0.0015110773671748545,EURUSD_merged,20.710442279878816
2022-01-28 09:00:00,2022-01-31 13:00:00,1.5,15.0,0.2998990672683689,4284.272389548128,1,1.11686,1.112949674400519,1.1227254883992215,1.12215,1.14827,42.59057598013491,0.0015110773671748545,EURUSD_merged,22.20010093273163
2022-01-28 09:00:00,2022-01-31 13:00:00,1.5,15.0,0.2799057961171443,3998.654230244919,1,1.11686,1.1126703654291275,1.1231444518563087,1.12215,1.14827,42.59057598013491,0.0015110773671748545,EURUSD_merged,22.220094203882855
2022-01-28 09:00:00,2022-01-31 13:00:00,1.5,15.0,0.2895577201211837,4136.538858874053,1,1.11686,1.1128100199148232,1.122934970127765,1.12215,1.14827,41.71255772509093,0.0015110773671748545,EURUSD_merged,22.210442279878816
2022-02-03 16:00:00,2022-02-04 02:00:00,-1.1,59.99999999999999,0.9103894340024637,13005.563342892341,-1,131.376,131.98209139275062,130.7699086072494,127.516,131.598,79.58763848938251,0.22165841549624435,EURJPY_merged,-66.91038943400247
2022-02-03 16:00:00,2022-02-04 02:00:00,-1.1,30.0,0.43893776282261665,6270.539468894524,-1,131.376,132.00453922211176,130.6846068556771,127.516,131.598,78.73527795966439,0.22165841549624435,EURJPY_merged,-33.43893776282262
2022-02-03 16:00:00,2022-02-04 02:00:00,-1.1,60.0,0.8778755256452333,12541.078937789049,-1,131.376,132.00453922211176,130.55889901125474,128.244,131.598,78.73527795966439,0.22165841549624435,EURJPY_merged,-66.87787552564524
2022-02-03 16:00:00,2022-02-04 02:00:00,-1.1,60.0,0.8778755256452333,12541.078937789049,-1,131.376,132.00453922211176,130.4331911668324,127.516,131.598,78.73527795966439,0.22165841549624435,EURJPY_merged,-66.87787552564524
2022-02-03 14:00:00,2022-02-04 04:00:00,-1.1,60.0,0.7311519778778972,10445.028255398533,-1,1.44897,1.457293404961118,1.437317233054435,1.41,1.43721,74.42909844994648,0.002691292011774573,EURCAD_merged,-66.7311519778779
2022-02-04 10:00:00,2022-02-07 07:00:00,1.0,30.0,0.36318864698666636,5188.409242666663,1,0.70657,0.7024845281321129,0.7106554718678871,0.71293,0.73138,34.727543298482374,0.0015629136053579883,AUDUSD_merged,29.636811353013332
2022-02-04 10:00:00,2022-02-07 08:00:00,1.2,60.0,0.8171744557199995,11673.920795999993,1,0.70657,0.7029384694507671,0.7109278366590795,0.71293,0.73138,35.76122397819181,0.0015629136053579883,AUDUSD_merged,71.18282554428
2022-02-04 10:00:00,2022-02-07 09:00:00,1.1,30.0,0.3502176238799997,5003.108912571425,1,0.70657,0.7023332143592282,0.711230464204849,0.71293,0.73138,35.76122397819181,0.0015629136053579883,AUDUSD_merged,32.64978237612
2022-02-04 10:00:00,2022-02-07 10:00:00,1.3,30.0,0.3502176238799997,5003.108912571425,1,0.70657,0.7023332143592282,0.7120778213330033,0.71293,0.73138,35.76122397819181,0.0015629136053579883,AUDUSD_merged,38.64978237612
2022-02-04 10:00:00,2022-02-07 19:00:00,1.5,30.0,0.3502176238799997,5003.108912571425,1,0.70657,0.7023332143592282,0.7129251784611578,0.71293,0.73138,35.76122397819181,0.0015629136053579883,AUDUSD_merged,44.64978237612
2022-02-04 08:00:00,2022-02-07 22:00:00,1.2,60.0,0.9815519506365148,14022.170723378784,-1,1.72934,1.736739738745657,1.720460313505212,1.65144,1.68277,72.59119249728981,0.003357279871831507,EURNZD_merged,71.01844804936349
2022-02-04 08:00:00,2022-02-08 03:00:00,1.4,30.0,0.39262078025460595,5608.868289351514,-1,1.72934,1.7385896734320712,1.7163904571951007,1.65144,1.68277,74.96137358571386,0.003357279871831507,EURNZD_merged,41.6073792197454
2022-02-04 08:00:00,2022-02-08 04:00:00,1.5,60.0,0.7852415605092119,11217.736578703028,-1,1.72934,1.7385896734320712,1.7154654898518937,1.65144,1.68277,74.12003540778721,0.003357279871831507,EURNZD_merged,89.2147584394908
2022-02-10 13:00:00,2022-02-10 17:00:00,1.2,90.0,1.21873000586953,17410.428655279004,-1,0.66685,0.6702971580906082,0.6627134102912703,0.64832,0.66781,57.17431027275131,0.0015158647374376591,AUDCHF_merged,106.78126999413047
2022-02-10 13:00:00,2022-02-10 23:00:00,1.5,90.0,0.974984004695624,13928.342924223201,-1,0.66685,0.6711589476132602,0.6603865785801099,0.64832,0.66781,56.69505973161677,0.0015158647374376591,AUDCHF_merged,134.0250159953044
2022-02-10 13:00:00,2022-02-11 01:00:00,1.4,30.0,0.5033374619741863,7190.535171059805,-1,157.913,158.57183691370665,156.99062832081074,152.899,157.766,67.5679915209282,0.23092571138538376,GBPJPY_merged,41.49666253802582
2022-02-10 14:00:00,2022-02-11 01:00:00,1.2,90.0,1.7919399165968808,25599.141665669726,-1,157.64,158.1942217073249,156.9749339512101,152.899,157.766,59.66947296195288,0.2393595891435699,GBPJPY_merged,106.20806008340313
2022-02-10 14:00:00,2022-02-11 13:00:00,1.5,90.0,1.4335519332775044,20479.313332535778,-1,157.64,158.33277713415615,156.60083429876576,152.899,157.766,59.68625006529827,0.2393595891435699,GBPJPY_merged,133.5664480667225
2022-02-10 11:00:00,2022-02-11 13:00:00,1.2,90.0,2.0700164827691765,29571.66403955967,-1,115.953,116.30589762476808,115.52952285027831,113.466,115.685,57.49058614291815,0.15268062863050377,USDJPY_merged,105.92998351723082
2022-02-21 09:00:00,2022-02-22 02:00:00,-1.1,90.0,1.7167898465024756,24525.569235749652,1,0.71969,0.717048997078625,0.72285920350565,0.72241,0.73682,35.69798356630051,0.00108324517791295,CADCHF_merged,-100.7167898465025
2022-02-21 14:00:00,2022-02-22 08:00:00,1.4,60.0,1.0141379747629393,14487.685353756277,1,0.71825,0.7152754047525386,0.7224144333464461,0.71957,0.73682,34.3236674968629,0.0010017423206157268,CADCHF_merged,82.98586202523705
2022-02-21 20:00:00,2022-02-22 08:00:00,1.3,60.0,0.9908670313353349,14155.2433047905,1,89.965,89.58366427275233,90.46073644542197,89.948,91.708,37.91360413814841,0.13989195036274696,CADJPY_merged,77.00913296866466
2022-02-21 09:00:00,2022-02-22 09:00:00,1.0,30.0,0.5086784730377705,7266.835329111007,1,0.71969,0.7167188717134532,0.7226611282865469,0.72241,0.73682,35.25614399127475,0.00108324517791295,CADCHF_merged,29.49132152696223
2022-02-21 09:00:00,2022-02-22 09:00:00,1.1,30.0,0.490511384714993,7007.305495928472,1,0.71969,0.7166088299250626,0.7230792870824313,0.72241,0.73682,35.69798356630051,0.00108324517791295,CADCHF_merged,32.50948861528501
2022-02-21 09:00:00,2022-02-22 10:00:00,1.3,60.0,1.313058936763215,18757.984810903075,1,0.91698,0.9140469130743714,0.9207930130033172,0.91767,0.92968,34.23680810214791,0.001045564541662553,USDCHF_merged,76.68694106323679
2022-02-21 09:00:00,2022-02-22 10:00:00,1.3,30.0,0.490511384714993,7007.305495928472,1,0.71969,0.7166088299250626,0.7236955210974189,0.72241,0.73181,35.69798356630051,0.00108324517791295,CADCHF_merged,38.50948861528501
2022-02-21 09:00:00,2022-02-22 10:00:00,1.5,30.0,0.490511384714993,7007.305495928472,1,0.71969,0.7166088299250626,0.7243117551124063,0.71957,0.73682,35.69798356630051,0.00108324517791295,CADCHF_merged,44.50948861528501
2022-02-22 08:00:00,2022-02-23 07:00:00,-1.1,60.0,0.9615297054447883,13736.138649211263,1,1.87801,1.869806777618689,1.8862132223813108,1.88009,1.92205,34.890476646325375,0.0030426426179111753,GBPAUD_merged,-66.96152970544479
2022-02-22 08:00:00,2022-02-23 07:00:00,-1.1,60.0,0.9271893588217603,13245.562268882291,1,1.87801,1.8695029545675295,1.8873677499757175,1.88009,1.92205,35.64446407870083,0.0030426426179111753,GBPAUD_merged,-66.92718935882176
2022-02-22 08:00:00,2022-02-23 07:00:00,-1.1,90.0,1.3907840382326406,19868.343403323437,1,1.87801,1.8695029545675295,1.8890691590622117,1.88009,1.92205,35.64446407870083,0.0030426426179111753,GBPAUD_merged,-100.39078403823265
2022-02-24 07:00:00,2022-02-24 14:00:00,1.1,30.0,0.30891260282633737,4413.037183233391,1,89.568,88.95911322011766,90.23777545787057,89.567,91.708,39.34084646768015,0.21699816679771383,CADJPY_merged,32.69108739717366
2022-02-24 07:00:00,2022-02-24 14:00:00,1.2,90.0,1.0811941098921811,15445.630141316873,1,89.568,89.04609704581513,90.19428354502183,89.567,91.708,39.34084646768015,0.21699816679771383,CADJPY_merged,106.91880589010782
2022-02-24 07:00:00,2022-02-24 14:00:00,1.0,30.0,0.32035381033842386,4576.483004834627,1,89.568,88.98085917654203,90.15514082345797,89.567,91.708,38.92599101664881,0.21699816679771383,CADJPY_merged,29.679646189661575
2022-02-24 07:00:00,2022-02-24 15:00:00,1.3,90.0,0.9267378084790121,13239.111549700174,1,89.568,88.95911322011766,90.35955281384703,89.948,91.708,39.34084646768015,0.21699816679771383,CADJPY_merged,116.07326219152098
2022-02-24 12:00:00,2022-02-24 23:00:00,1.2,90.00000000000001,1.4521652875613116,20745.218393733023,-1,1.28408,1.289650787340321,1.2773950551916151,1.26355,1.27962,61.93817316692464,0.002308221292386061,USDCAD_merged,106.5478347124387
2022-02-23 12:00:00,2022-02-25 02:00:00,-1.1,30.0,0.5018940940999984,7169.915629999978,1,1.5618,1.5552651950709218,1.5716022073936176,1.55869,1.62242,38.63966596189855,0.00233572612443927,EURAUD_merged,-33.501894094099995
2022-02-23 10:00:00,2022-02-25 03:00:00,-1.1,60.00000000000001,1.0334112205559067,14763.017436512953,1,1.55999,1.5536498733692137,1.5695001899461796,1.55869,1.62242,41.056223832764076,0.0023172326650301436,EURAUD_merged,-67.03341122055592
2022-02-23 10:00:00,2022-02-25 03:00:00,-1.1,60.0,1.070318764147189,15290.268059245558,1,1.55999,1.5538684984254476,1.5691722523618286,1.55869,1.62242,41.13264610032672,0.0023172326650301436,EURAUD_merged,-67.07031876414719
2022-02-23 10:00:00,2022-02-25 03:00:00,-1.1,90.00000000000001,1.55011683083386,22144.52615476943,1,1.55999,1.5536498733692137,1.568866177283101,1.55869,1.62242,41.01435616195696,0.0023172326650301436,EURAUD_merged,-100.55011683083389
2022-02-24 12:00:00,2022-02-25 14:00:00,1.5,90.0,1.1617322300490491,16596.174714986417,-1,1.28408,1.2910434841754013,1.2736347737368985,1.26355,1.27962,62.60760003605168,0.002308221292386061,USDCAD_merged,133.83826776995096
2022-02-25 11:00:00,2022-02-28 11:00:00,-1.1,60.00000000000001,0.7906946623105184,11295.638033007408,1,1.99049,1.9799169451932674,2.002120360287406,2.02184,2.05315,38.05403291652654,0.0037170845022327513,GBPNZD_merged,-66.79069466231053
2022-02-25 11:00:00,2022-02-28 11:00:00,-1.1,90.00000000000001,1.1860419934657775,16943.45704951111,1,1.99049,1.9799169451932674,2.0042349712487524,2.02184,2.04888,38.05403291652654,0.0037170845022327513,GBPNZD_merged,-100.1860419934658
2022-02-25 11:00:00,2022-02-28 11:00:00,-1.1,60.0,0.8199796498035005,11713.994997192865,1,1.99049,1.980294554293508,2.000685445706492,2.02184,2.05315,37.84241286488543,0.0037170845022327513,GBPNZD_merged,-66.8199796498035
2022-03-02 06:00:00,2022-03-02 10:00:00,-1.1,30.000000000000004,0.46824050978583565,6689.150139797653,1,1.41088,1.404552380031033,1.4172076199689667,1.41,1.46337,36.45381407491479,0.0024075941692213447,EURCAD_merged,-33.46824050978584
2022-03-02 06:00:00,2022-03-02 10:00:00,-1.1,30.0,0.4515176344363416,6450.251920519166,1,1.41088,1.4043180237358863,1.418098173890525,1.41,1.46337,36.70350718734379,0.0024075941692213447,EURCAD_merged,-33.45151763443634
2022-03-02 06:00:00,2022-03-02 11:00:00,1.0,14.999999999999998,0.20245498565146947,2892.2140807352785,1,1.0198,1.0145109724339247,1.0250890275660753,1.02996,1.06113,40.88824129510315,0.001926120591507364,EURCHF_merged,14.797545014348529
2022-03-01 15:00:00,2022-03-02 11:00:00,1.5,90.0,1.086772510217071,15525.321574529591,1,152.901,152.0146357508642,154.23054637370373,152.899,158.062,33.333019286714496,0.292636553303943,GBPJPY_merged,133.91322748978294
2022-03-02 06:00:00,2022-03-02 11:00:00,1.1,15.0,0.1952244504496313,2788.920720709019,1,1.0198,1.01431508252407,1.025833409223523,1.02996,1.06113,40.8204721423247,0.001926120591507364,EURCHF_merged,16.304775549550367
2022-03-02 14:00:00,2022-03-03 03:00:00,-1.1,30.0,0.3677650720250573,5253.786743215105,1,1.40627,1.3982399633689009,1.414300036631099,1.41,1.46337,37.15933517394608,0.0029245099524943946,EURCAD_merged,-33.36776507202506
2022-03-02 14:00:00,2022-03-03 03:00:00,-1.1,30.0,0.35463060516701966,5066.151502385996,1,1.40627,1.3979425546047861,1.4154301899347352,1.41,1.46337,37.27309030628714,0.0029245099524943946,EURCAD_merged,-33.35463060516702
2022-03-02 06:00:00,2022-03-03 19:00:00,-1.1,15.0,0.18849257284791984,2692.7510406845695,1,1.0198,1.0141191926142155,1.0283212110786768,1.02996,1.06113,40.88824129510315,0.001926120591507364,EURCHF_merged,-16.68849257284792
2022-03-02 06:00:00,2022-03-03 19:00:00,-1.1,90.00000000000001,1.0932569225179352,15617.956035970506,1,1.0198,1.0139233027043608,1.0286150459434589,1.02996,1.06113,41.00378164509892,0.001926120591507364,EURCHF_merged,-100.09325692251797
2022-03-02 06:00:00,2022-03-03 19:00:00,-1.1,15.0,0.1952244504496313,2788.920720709019,1,1.0198,1.01431508252407,1.028027376213895,1.02996,1.06113,40.8204721423247,0.001926120591507364,EURCHF_merged,-16.695224450449633
2022-03-02 06:00:00,2022-03-03 19:00:00,-1.1,15.0,0.1952244504496313,2788.920720709019,1,1.0198,1.01431508252407,1.028027376213895,1.02996,1.06113,41.00378164509892,0.001926120591507364,EURCHF_merged,-16.695224450449633
2022-03-04 13:00:00,2022-03-07 05:00:00,-1.1,15.0,0.18508507506265007,2644.072500895001,1,1.32281,1.3153056104670793,1.333316145346089,1.33577,1.36432,34.57799632281231,0.0024285015220945083,GBPUSD_merged,-16.68508507506265
2022-03-06 23:00:00,2022-03-07 08:00:00,1.1,30.0,0.45745800003191306,6535.114286170187,1,0.82296,0.8191821318681072,0.8271156549450821,0.82845,0.84778,38.66375933698139,0.0013050072886379338,EURGBP_merged,32.54254199996809
2022-03-07 08:00:00,2022-03-07 11:00:00,-1.1,30.0,0.35419552984782865,5059.936140683267,1,1.31856,1.3107423519308963,1.3271594128760138,1.33577,1.36432,36.450942147259866,0.002814015941284345,GBPUSD_merged,-33.35419552984783
2022-03-07 08:00:00,2022-03-07 11:00:00,-1.1,15.0,0.17709776492391432,2529.9680703416334,1,1.31856,1.3107423519308963,1.3302864721036554,1.33577,1.36432,36.450942147259866,0.002814015941284345,GBPUSD_merged,-16.677097764923914
2022-03-06 21:00:00,2022-03-08 11:00:00,1.1,15.0,0.20663009765822607,2951.8585379746582,1,1.67929,1.670756613431522,1.6886767252253256,1.69476,1.73768,34.358398082652016,0.0029520924844442203,GBPCAD_merged,16.293369902341773
2022-03-06 21:00:00,2022-03-10 16:00:00,-1.1,15.0,0.20663009765822607,2951.8585379746582,1,1.67929,1.670756613431522,1.692090079852717,1.69476,1.73061,34.358398082652016,0.0029520924844442203,GBPCAD_merged,-16.706630097658227
2022-03-07 21:00:00,2022-03-11 03:00:00,-1.1,30.0,0.41469194291291755,5924.17061304168,1,1.31224,1.305594816636554,1.3195497016997906,1.33577,1.36432,35.61147496400451,0.0022959026460407515,GBPUSD_merged,-33.41469194291292
2022-03-10 22:00:00,2022-03-11 08:00:00,-1.1,30.000000000000004,0.5372663523665681,7675.233605236687,1,1.67384,1.6672975020666811,1.6836537468999782,1.69476,1.73768,35.97615509515216,0.002273277375845516,GBPCAD_merged,-33.53726635236657
2022-03-11 08:00:00,2022-03-11 09:00:00,-1.1,15.0,0.2279087027816713,3255.8386111667332,1,1.67155,1.6638489886802115,1.683101516979683,1.69476,1.73768,26.8312237169642,0.0029029320751726884,GBPCAD_merged,-16.727908702781672
2022-03-11 16:00:00,2022-03-13 17:00:00,-1.1,15.0,0.47881785777286273,6840.255111040897,-1,117.252,117.50912198908505,116.89202921528093,114.406,116.337,73.55703830505036,0.1388565816708582,USDJPY_merged,-16.978817857772864
2022-03-11 16:00:00,2022-03-13 20:00:00,-1.1,15.0,0.3078114799968404,4397.30685709772,-1,117.252,117.65196753857674,116.7720389537079,114.406,116.337,72.2046259912688,0.1388565816708582,USDJPY_merged,-16.80781147999684
2022-03-11 16:00:00,2022-03-13 20:00:00,-1.1,15.0,0.297197291031432,4245.675586163315,-1,117.252,117.66625209352591,116.7963226971215,114.406,116.337,73.55703830505036,0.1388565816708582,USDJPY_merged,-16.79719729103143
2022-03-11 10:00:00,2022-03-14 04:00:00,-1.1,15.0,0.1952917127697515,2789.88161099645,-1,91.947,92.44135968700743,91.20546046948886,89.23,91.967,76.59357911879655,0.18516073891790072,CADJPY_merged,-16.69529171276975
2022-03-11 10:00:00,2022-03-14 04:00:00,-1.1,15.0,0.1952917127697515,2789.88161099645,-1,91.947,92.44135968700743,91.30433240689034,89.23,91.967,73.40490072461269,0.18516073891790072,CADJPY_merged,-16.69529171276975
2022-03-11 12:00:00,2022-03-14 05:00:00,-1.1,15.0,0.19547697389911514,2792.528198558788,-1,92.025,92.51931013828703,91.28353479256947,89.23,91.967,73.54848161726841,0.1805008412098224,CADJPY_merged,-16.695476973899115
2022-03-14 00:00:00,2022-03-14 05:00:00,-1.1,60.0,1.1822292318441823,16888.98902634546,-1,117.641,118.0589326535762,117.01410101963569,114.649,116.337,75.62658078392822,0.1560191665738286,USDJPY_merged,-67.18222923184418
2022-03-11 12:00:00,2022-03-14 05:00:00,-1.1,15.0,0.18849565340271823,2692.795048610261,-1,92.025,92.53761792118655,91.40985849457616,89.23,91.967,70.39864454341551,0.1805008412098224,CADJPY_merged,-16.68849565340272
2022-03-11 16:00:00,2022-03-14 12:00:00,1.5,15.0,0.1400413895709947,2000.591279585639,1,1.39033,1.3799056068654267,1.4059665897018603,1.41,1.46337,33.066863218090475,0.0033537407321298784,EURCAD_merged,22.359958610429004
2022-03-11 16:00:00,2022-03-14 12:00:00,1.5,14.999999999999998,0.1556015439677719,2222.8791995395986,1,1.39033,1.380948046178884,1.404402930731674,1.43722,1.46337,34.22864124660083,0.0033537407321298784,EURCAD_merged,22.344398456032224
2022-03-13 16:00:00,2022-03-14 12:00:00,1.2,15.0,0.21538289894694942,3076.898556384992,1,1.65909,1.6510018717942918,1.6687957538468496,1.69476,1.73768,31.804789130059124,0.0030051445580154485,GBPCAD_merged,17.78461710105305
2022-03-14 00:00:00,2022-03-14 14:00:00,-1.1,60.0,1.064006308659764,15200.090123710916,-1,117.641,118.10536961508468,116.94444557737299,114.406,116.337,75.7815343462367,0.1560191665738286,USDJPY_merged,-67.06400630865977
2022-03-14 03:00:00,2022-03-14 14:00:00,-1.1,60.0,1.1833081581885287,16904.402259836126,-1,117.72,118.1378319878711,117.21860161455469,114.649,116.337,71.50653552120806,0.1479953021001092,USDJPY_merged,-67.18330815818852
2022-03-11 16:00:00,2022-03-14 22:00:00,1.3,15.0,0.2219209674680963,3170.299535258519,1,1.66107,1.6532107899402262,1.671286973077706,1.69476,1.73768,32.42001734584364,0.002888617216324323,GBPCAD_merged,19.278079032531902
2022-03-11 16:00:00,2022-03-15 00:00:00,1.5,15.0,0.2219209674680963,3170.299535258519,1,1.66107,1.6532107899402262,1.6728588150896608,1.69476,1.73768,31.828627783439046,0.002888617216324323,GBPCAD_merged,22.278079032531902
2022-03-14 08:00:00,2022-03-15 02:00:00,1.3,60.0,0.843591830154355,12051.31185934793,-1,92.497,92.9575158396673,91.89832940843252,89.23,91.967,65.10902312796382,0.17037846337763934,CADJPY_merged,77.15640816984565
2022-03-14 08:00:00,2022-03-15 02:00:00,1.5,60.0,0.843591830154355,12051.31185934793,-1,92.497,92.9575158396673,91.80622624049906,89.23,91.967,64.97457388889656,0.17037846337763934,CADJPY_merged,89.15640816984565
2022-03-15 15:00:00,2022-03-15 16:00:00,-1.1,14.999999999999998,0.4507282119281346,6438.97445611621,1,1.06321,1.0607331847697654,1.0661821782762815,1.06652,1.07956,35.84384704283032,0.0010418630355074321,AUDNZD_merged,-16.950728211928134
2022-03-16 11:00:00,2022-03-16 14:00:00,-1.1,30.0,0.46903689026964945,6700.527003852136,-1,92.989,93.40533590886153,92.36449613670771,89.658,91.967,67.25653333876221,0.16004145013756335,CADJPY_merged,-33.46903689026965
2022-03-16 11:00:00,2022-03-16 14:00:00,-1.1,30.0,0.46903689026964945,6700.527003852136,-1,92.989,93.40533590886153,92.44776331848001,89.658,91.967,65.88494091292567,0.16004145013756335,CADJPY_merged,-33.46903689026965
2022-03-16 07:00:00,2022-03-16 17:00:00,-1.1,59.99999999999999,1.0392000683998528,14845.715262855041,-1,0.73953,0.742518862389879,0.7350467064151815,0.71848,0.73089,73.04234349669302,0.0011507727795880183,CADCHF_merged,-67.03920006839985
2022-03-16 10:00:00,2022-03-16 17:00:00,-1.1,60.0,0.819919570816114,11713.136725944487,-1,0.64055,0.6438311876868875,0.6356282184696685,0.6093,0.62624,69.60326454548672,0.0012034507917867564,NZDCHF_merged,-66.81991957081611
2022-03-16 07:00:00,2022-03-16 17:00:00,-1.1,59.99999999999999,1.0392000683998528,14845.715262855041,-1,0.73953,0.742518862389879,0.7356444788931573,0.71848,0.73089,69.88972425411757,0.0011507727795880183,CADCHF_merged,-67.03920006839985
2022-03-16 21:00:00,2022-03-17 08:00:00,-1.1,30.0,0.27687788217632964,3955.39831680471,-1,86.61,87.26689970816871,85.82172035019755,82.012,83.988,68.62105519068548,0.24084939301513192,AUDJPY_merged,-33.27687788217633
2022-03-16 21:00:00,2022-03-17 15:00:00,-1.1,30.0,0.38282740902866796,5468.962986123828,-1,93.549,94.06216310004672,92.93320427994396,89.658,91.967,66.90161717041946,0.1821816403216115,CADJPY_merged,-33.38282740902867
2022-03-16 16:00:00,2022-03-18 01:00:00,-1.1,30.0,0.3666135930820611,5237.337044029445,-1,0.64274,0.6464216801817216,0.6372174797274175,0.6093,0.62624,63.46022849268034,0.0014240434487402783,NZDCHF_merged,-33.366613593082064
2022-03-16 07:00:00,2022-03-18 03:00:00,-1.1,30.0,0.5025529930448095,7179.328472068708,1,1.66365,1.6566981659678655,1.674077751048202,1.69476,1.73768,38.81802725585697,0.0023917581528035466,GBPCAD_merged,-33.50255299304481
2022-03-22 20:00:00,2022-03-23 07:00:00,1.3,15.000000000000002,0.19454048646505315,2779.1498066436166,-1,133.536,134.2567384053971,132.59904007298377,124.391,133.152,68.19009524414999,0.2739444251365721,EURJPY_merged,19.30545951353495
2022-03-23 00:00:00,2022-03-23 13:00:00,-1.1,30.0,0.49267641638455506,7038.234519779358,-1,129.522,130.07407879036714,128.80429757252273,124.249,125.912,65.64076578029369,0.19608265277176515,CHFJPY_merged,-33.492676416384555
2022-03-22 20:00:00,2022-03-23 13:00:00,-1.1,14.999999999999998,0.16248463343473693,2321.2090490676705,-1,90.281,90.86440932306117,89.40588601540827,82.012,83.988,74.04981448616164,0.22528627512685365,AUDJPY_merged,-16.662484633434737
2022-03-22 21:00:00,2022-03-24 06:00:00,-1.1,29.999999999999996,0.3529658349744042,5042.369071062918,-1,96.323,96.89608181120325,95.57799364543577,89.658,91.967,66.43726656979837,0.21016305676302388,CADJPY_merged,-33.352965834974405
2022-03-23 18:00:00,2022-03-24 09:00:00,-1.1,14.999999999999998,0.278294422120116,3975.6346017159435,1,1.76283,1.7561788731613848,1.770811352206338,1.77315,1.81751,35.63575269449615,0.002741924074464193,GBPAUD_merged,-16.778294422120116
2022-03-23 18:00:00,2022-03-24 09:00:00,-1.1,15.0,0.2385380761029566,3407.686801470809,1,1.76283,1.7550703520216155,1.7721415775740612,1.77315,1.92205,35.63575269449615,0.002741924074464193,GBPAUD_merged,-16.738538076102955
2022-03-24 13:00:00,2022-03-24 23:00:00,1.2,15.0,0.18470320528772244,2638.6172183960352,-1,97.506,98.06030169628359,96.8408379644597,89.658,91.967,70.53352233360069,0.19625311356343367,CADJPY_merged,17.81529679471228
2022-03-24 13:00:00,2022-03-27 21:00:00,-1.1,15.0,0.1723896582685409,2462.709403836299,-1,97.506,98.09989467458956,96.61515798811567,89.23,91.708,74.54191277285673,0.19625311356343367,CADJPY_merged,-16.672389658268543
2022-03-24 11:00:00,2022-03-27 21:00:00,-1.1,15.000000000000002,0.1456901904398464,2081.2884348549487,-1,91.617,92.27729050898742,90.62656423651887,82.012,83.988,70.68083311557109,0.2428697517681598,AUDJPY_merged,-16.64569019043985
2022-03-24 13:00:00,2022-03-27 21:00:00,-1.1,15.0,0.19154406474282326,2736.3437820403324,-1,97.506,98.04050520713061,96.7042421893041,89.658,91.967,72.77314500656796,0.19625311356343367,CADJPY_merged,-16.691544064742825
2022-03-27 20:00:00,2022-03-27 23:00:00,-1.1,15.0,0.395121688455945,5644.595549370643,1,1.37117,1.367526240262016,1.3762712636331775,1.37615,1.46337,34.104231106228404,0.001986145896579008,EURCAD_merged,-16.895121688455944
2022-03-24 22:00:00,2022-03-28 02:00:00,-1.1,30.0,0.4934682352502773,7049.546217861104,-1,131.381,131.94010407254495,130.71007511294607,124.249,125.912,63.669524887862536,0.21020288120113031,CHFJPY_merged,-33.493468235250276
2022-03-24 22:00:00,2022-03-28 02:00:00,-1.1,15.0,0.25587241827792145,3655.320261113164,-1,131.381,131.92013606995405,130.57229589506892,124.249,125.912,60.920671243311666,0.21020288120113031,CHFJPY_merged,-16.75587241827792
2022-03-24 13:00:00,2022-03-28 04:00:00,-1.1,15.0,0.19635174965780322,2805.0249951114747,1,1.75476,1.745376340301469,1.7660203916382375,1.77315,1.81751,37.210237287579076,0.003279070818390424,GBPAUD_merged,-16.696351749657804
2022-03-28 03:00:00,2022-03-28 07:00:00,-1.1,15.0,0.28999855598978896,4142.836514139843,1,1.64343,1.6374796203710036,1.6523555694434944,1.69476,1.73768,32.59136893692337,0.0020082127423083924,GBPCAD_merged,-16.78999855598979
2022-03-27 20:00:00,2022-03-28 09:00:00,1.2,15.0,0.2963412663419588,4233.446662027983,1,1.37117,1.366311653682688,1.3770000155807742,1.37615,1.42322,35.947175117963546,0.001986145896579008,EURCAD_merged,17.70365873365804
2022-03-27 20:00:00,2022-03-28 09:00:00,1.2,15.0,0.25400679972167894,3628.668567452557,1,1.37117,1.3655019292964694,1.3779716848442367,1.37615,1.42322,35.947175117963546,0.001986145896579008,EURCAD_merged,17.74599320027832
2022-03-29 12:00:00,2022-03-30 20:00:00,-1.1,15.0,0.21112784557198003,3016.112079599715,-1,0.84588,0.8500868065327611,0.8395697902008582,0.82022,0.84577,72.67379425785664,0.001561785315499878,EURGBP_merged,-16.71112784557198
2022-03-29 12:00:00,2022-03-30 20:00:00,-1.1,30.0,0.4071751307459615,5816.787582085165,-1,0.84588,0.8502426141821227,0.8406448629814527,0.82022,0.84577,70.40132060888106,0.001561785315499878,EURGBP_merged,-33.40717513074596
2022-04-04 12:00:00,2022-04-05 00:00:00,-1.1,30.0,0.6050594210941956,8643.706015631367,1,1.37309,1.368324370543664,1.378808755347603,1.37615,1.42322,34.510894011273045,0.001983844730129929,EURCAD_merged,-33.6050594210942
2022-04-05 00:00:00,2022-04-05 00:00:00,-1.1,30.0,0.5667577916619763,8096.539880885375,1,1.45537,1.4499774371716396,1.4618410753940325,1.4564,1.53287,22.36890964154212,0.002771921346139933,EURAUD_merged,-33.56675779166198
2022-04-04 12:00:00,2022-04-05 03:00:00,-1.1,30.0,0.518622360937882,7408.890870541172,1,1.37309,1.367530098967608,1.3797618812388701,1.37615,1.42322,34.510894011273045,0.001983844730129929,EURCAD_merged,-33.51862236093788
2022-04-04 12:00:00,2022-04-05 08:00:00,-1.1,30.000000000000004,0.6376143124293415,9108.775891847738,1,1.01762,1.0142684409801626,1.0216418708238049,1.01943,1.04019,34.14727056079834,0.0013595912874370996,EURCHF_merged,-33.63761431242935
2022-04-05 06:00:00,2022-04-05 09:00:00,-1.1,15.0,0.2969107404257253,4241.5820060817905,1,1.36748,1.3626440213555724,1.3732831743733132,1.36722,1.42322,33.220841706492045,0.0017437684279989528,EURCAD_merged,-16.796910740425727
2022-04-05 06:00:00,2022-04-05 09:00:00,-1.1,15.000000000000002,0.30790743451556696,4398.677635936671,1,1.36748,1.3628167348785878,1.3744748976821186,1.36722,1.42322,31.06956169585431,0.0017437684279989528,EURCAD_merged,-16.80790743451557
2022-04-05 11:00:00,2022-04-05 17:00:00,1.5,90.0,1.1413968487596864,16305.66926799552,-1,0.69846,0.7023151867431399,0.6926772198852901,0.6728,0.69252,50.26201258457402,0.0016069265045948245,NZDUSD_merged,133.85860315124032
2022-04-05 11:00:00,2022-04-05 17:00:00,1.3,90.0,0.9839628006549022,14056.611437927173,-1,0.69846,0.7029320166220423,0.692646378391345,0.6728,0.69252,50.26201258457402,0.0016069265045948245,NZDUSD_merged,116.01603719934509
2022-04-05 11:00:00,2022-04-05 21:00:00,1.5,60.0,1.368289290157975,19546.989859399644,1,1.24382,1.2400020617631253,1.2495469073553116,1.25865,1.29006,43.06321021919421,0.001590948487981963,USDCAD_merged,88.63171070984203
2022-04-05 11:00:00,2022-04-05 21:00:00,1.3,60.0,1.1795597328948062,16850.85332706866,1,1.24382,1.2393911916452256,1.2495774508612068,1.25865,1.29006,43.06321021919421,0.001590948487981963,USDCAD_merged,76.8204402671052
2022-04-05 09:00:00,2022-04-06 10:00:00,1.5,15.0,0.25440199932097174,3634.3142760138826,-1,0.94919,0.9531076166172442,0.9433135750741336,0.91703,0.94391,67.73337065605543,0.001576543314976431,AUDCAD_merged,22.245598000679028
2022-04-05 11:00:00,2022-04-06 10:00:00,1.5,90.0,1.1182439067569407,15974.91295367058,-1,0.76228,0.7665745586119288,0.7558381620821066,0.71647,0.74408,57.09566299068814,0.001845121770145004,AUDUSD_merged,133.88175609324307
2022-04-05 09:00:00,2022-04-06 10:00:00,1.3,15.0,0.21931206838014808,3133.02954828783,-1,0.94919,0.9537344352760033,0.9432822341411956,0.91703,0.94391,67.73337065605543,0.001576543314976431,AUDCAD_merged,19.280687931619852
2022-04-05 11:00:00,2022-04-06 10:00:00,1.3,89.99999999999999,0.9640033678939139,13771.476684198773,-1,0.76228,0.7672616879898374,0.7558038056132113,0.71647,0.74408,57.09566299068814,0.001845121770145004,AUDUSD_merged,116.03599663210608
2022-04-05 11:00:00,2022-04-06 10:00:00,1.3,90.00000000000001,1.16488767544001,16641.25250628586,1,1.72222,1.7129058092597627,1.7343284479623087,1.77315,1.81751,35.37842635332474,0.0033245192025390547,GBPAUD_merged,115.83511232456001
2022-04-05 12:00:00,2022-04-06 12:00:00,1.5,90.0,1.307216392878978,18674.519898271115,1,1.72455,1.7162387019936525,1.7370169470095216,1.77315,1.81751,34.30274473131547,0.003284910688071975,GBPAUD_merged,133.69278360712102
2022-04-05 12:00:00,2022-04-06 14:00:00,1.5,90.0,1.1024706717815278,15749.5810254504,-1,0.7057,0.7097326787041107,0.6996509819438339,0.67308,0.70683,65.28592429595226,0.0015828520900982588,AUDCHF_merged,133.89752932821847
2022-04-05 22:00:00,2022-04-06 14:00:00,1.5,90.0,1.3579956117110599,19399.937310158,1,1.43994,1.4332598443928917,1.4499602334106623,1.4564,1.53287,37.599202525158574,0.002606200654068763,EURAUD_merged,133.64200438828894
2022-04-05 12:00:00,2022-04-06 14:00:00,1.3,90.0,0.9504057515357995,13577.225021939994,-1,0.7057,0.7103779072967684,0.699618720514201,0.67308,0.70683,65.28592429595226,0.0015828520900982588,AUDCHF_merged,116.0495942484642
2022-04-05 16:00:00,2022-04-06 14:00:00,1.3,90.0,1.0090555543836883,14415.079348338408,1,1.43868,1.4296976561036463,1.4503570470652596,1.4564,1.53287,32.422210294964806,0.0029732628239555804,EURAUD_merged,115.99094444561631
2022-04-06 00:00:00,2022-04-06 19:00:00,1.5,90.0,2.1616813295960133,30881.161851371624,1,1.3625,1.3585291325633997,1.3684563011549007,1.36722,1.42322,37.74116088321955,0.0015363221907373202,EURCAD_merged,132.838318670404
2022-04-05 11:00:00,2022-04-06 20:00:00,1.5,60.0,0.9258258875296529,13226.08410756647,1,1.87953,1.8710035307077408,1.8923197039383883,1.90333,1.93642,45.39127344662307,0.003404117165696207,GBPNZD_merged,89.07417411247035
2022-04-05 11:00:00,2022-04-06 20:00:00,1.3,60.00000000000001,0.6678809466616649,9541.156380880928,1,1.56573,1.5558838350017772,1.5785300144976897,1.57493,1.63295,36.35736230863521,0.003391998644751143,EURNZD_merged,77.33211905333835
2022-04-05 16:00:00,2022-04-06 20:00:00,1.3,89.99999999999999,1.4995962832846879,21422.804046924113,1,1.36212,1.356397555835759,1.3695591774135134,1.36722,1.42322,31.764862536841303,0.0019044525649047595,EURCAD_merged,115.5004037167153
2022-04-05 12:00:00,2022-04-06 22:00:00,1.5,90.0,1.1645718096357942,16636.740137654204,1,1.56755,1.5590700033881222,1.5802699949178167,1.57493,1.63295,36.577541949316604,0.003293284455840352,EURNZD_merged,133.8354281903642
2022-04-08 11:00:00,2022-04-10 17:00:00,-1.1,90.00000000000001,1.5966017782533695,22808.596832190997,1,0.86201,0.8586086114546729,0.8671120828179908,0.86019,0.87792,36.69896468209614,0.0013240871739786642,NZDCAD_merged,-100.5966017782534
2022-04-10 21:00:00,2022-04-12 08:00:00,1.5,89.99999999999999,1.6474675999060078,23535.251427228683,1,0.86074,0.8574484864064644,0.8656772703903033,0.86019,0.87792,36.67359495635245,0.0013189907633131988,NZDCAD_merged,133.35253240009396
2022-04-08 12:00:00,2022-04-13 02:00:00,-1.1,90.00000000000001,1.7467532103868775,24953.61729124111,1,1.30305,1.2983503006084747,1.310099549087288,1.30506,1.32984,43.115032369042275,0.0017963169168522379,GBPUSD_merged,-100.7467532103869
2022-04-13 06:00:00,2022-04-13 09:00:00,1.0,59.99999999999999,1.003389046819203,14334.129240274331,-1,135.128,135.69362068501655,134.56237931498342,124.005,133.554,61.790830703966115,0.19603864298560109,CHFJPY_merged,58.99661095318079
2022-04-13 06:00:00,2022-04-13 11:00:00,1.5,60.0,1.3226491980798587,18894.988543997984,-1,135.128,135.55709155415047,134.48436266877422,124.005,133.554,61.66474210169593,0.19603864298560109,CHFJPY_merged,88.67735080192014
2022-04-13 04:00:00,2022-04-13 12:00:00,1.0,15.000000000000002,0.21804210387045694,3114.8871981493853,-1,126.035,126.64193209087095,125.42806790912904,114.406,125.097,65.67891032859038,0.20912357589464367,USDJPY_merged,14.781957896129544
2022-04-13 07:00:00,2022-04-13 13:00:00,1.4,60.0,1.257422896357098,17963.18423367283,-1,134.99,135.4408888788669,134.35875556958638,124.005,133.554,54.14071895443358,0.20860731134377344,CHFJPY_merged,82.7425771036429
2022-04-13 06:00:00,2022-04-13 17:00:00,1.5,14.999999999999998,0.25084726170480076,3583.532310068583,-1,135.128,135.69362068501655,134.27956897247512,124.249,133.554,61.66474210169593,0.19603864298560109,CHFJPY_merged,22.249152738295194
2022-04-13 06:00:00,2022-04-13 17:00:00,1.5,14.999999999999998,0.25084726170480076,3583.532310068583,-1,135.128,135.69362068501655,134.27956897247512,124.249,133.554,61.790830703966115,0.19603864298560109,CHFJPY_merged,22.249152738295194
2022-04-13 07:00:00,2022-04-13 19:00:00,1.4,60.0,1.071138022822713,15301.971754610187,-1,134.99,135.51930433606114,134.24897392951445,124.005,133.554,54.14071895443358,0.20860731134377344,CHFJPY_merged,82.92886197717729
2022-04-13 04:00:00,2022-04-13 20:00:00,1.4,15.0,0.27492265270622834,3927.466467231834,-1,126.035,126.51635993413903,125.36109609220534,114.406,125.097,64.82645863762457,0.20912357589464367,USDJPY_merged,20.725077347293773
2022-04-13 04:00:00,2022-04-13 20:00:00,1.4,15.0,0.23419337082382416,3345.6195831974883,-1,126.035,126.60007470529365,125.24389541258888,114.406,125.097,64.82645863762457,0.20912357589464367,USDJPY_merged,20.765806629176176
2022-04-13 04:00:00,2022-04-13 20:00:00,1.5,15.0,0.2874191369201478,4105.987670287826,-1,126.035,126.49543124135039,125.34435313797442,114.406,125.097,67.04064700419006,0.20912357589464367,USDJPY_merged,22.212580863079854
2022-04-13 20:00:00,2022-04-14 20:00:00,-1.1,59.99999999999999,1.2288507449624293,17555.01064232042,-1,164.449,165.0110583320077,163.60591250198846,150.975,164.627,65.17538607547151,0.26466098428896445,GBPJPY_merged,-67.22885074496243
2022-04-13 20:00:00,2022-04-14 20:00:00,-1.1,60.0,1.1754224517031935,16791.749310045623,-1,164.449,165.03660643800805,163.62635098678874,150.975,164.627,64.33365092500561,0.26466098428896445,GBPJPY_merged,-67.1754224517032
2022-04-13 20:00:00,2022-04-14 21:00:00,-1.1,60.0,1.001285792191609,14304.082745594416,-1,164.449,165.13879886200945,163.48328159318677,150.975,164.627,64.33365092500561,0.26466098428896445,GBPJPY_merged,-67.00128579219161
2022-04-15 00:00:00,2022-04-17 20:00:00,-1.1,60.0,1.3253035190270501,18932.907414672147,-1,126.368,126.7684709807076,125.7672935289386,114.406,125.097,67.18707952187438,0.17410138796100105,USDJPY_merged,-67.32530351902705
2022-04-15 00:00:00,2022-04-18 12:00:00,-1.1,60.0,1.0054026696067275,14362.895280096109,-1,126.368,126.8958935654782,125.84010643452179,114.406,125.097,65.24855895438434,0.17410138796100105,USDJPY_merged,-67.00540266960672
2022-04-15 00:00:00,2022-04-18 12:00:00,-1.1,60.0,1.0798769414294482,15426.813448992118,-1,126.368,126.8594871126866,125.67991804223875,114.406,125.097,63.881142610766524,0.17410138796100105,USDJPY_merged,-67.07987694142945
2022-04-14 17:00:00,2022-04-18 22:00:00,-1.1,30.0,0.48340826858365854,6905.832408337979,-1,0.94226,0.9463533226189894,0.9361200160715158,0.91947,0.93811,67.60296157185184,0.0013963840898241953,USDCHF_merged,-33.48340826858366
2022-04-18 18:00:00,2022-04-19 09:00:00,1.5,30.0,0.8490239217102156,12128.913167288794,1,0.92691,0.9246173543510069,0.9303489684734897,0.93392,0.95152,35.35895745672292,0.0010398179687308587,AUDCAD_merged,44.15097607828979
2022-04-19 08:00:00,2022-04-19 11:00:00,-1.1,60.0,1.2716113019699893,18165.87574242842,-1,0.94657,0.9496964223539387,0.942193008704486,0.91947,0.94598,52.41618291434078,0.0015279344907205676,USDCHF_merged,-67.27161130196998
2022-04-19 08:00:00,2022-04-19 11:00:00,-1.1,60.0,1.3294118156958974,18991.59736708425,-1,0.94657,0.9495604909472457,0.9420842635791316,0.91947,0.94598,49.828876680850506,0.0015279344907205676,USDCHF_merged,-67.32941181569589
2022-04-19 08:00:00,2022-04-19 13:00:00,-1.1,30.0,0.5416122212094397,7737.31744584914,-1,0.94657,0.9502401479807107,0.9414317928270052,0.91947,0.94598,52.41618291434078,0.0015279344907205676,USDCHF_merged,-33.54161222120944
2022-04-20 00:00:00,2022-04-20 04:00:00,1.0,14.999999999999998,0.2529317649024339,3613.3109271776275,-1,1.24,1.2451476333963123,1.2348523666036877,1.20943,1.24193,64.63291537857263,0.001736114141676382,GBPCHF_merged,14.747068235097565
2022-04-21 06:00:00,2022-04-22 01:00:00,1.5,30.0,0.430528873189896,6150.4124741413725,-1,139.778,140.45979817494035,138.75530273758946,124.391,137.537,61.62596665747178,0.31141481409820226,EURJPY_merged,44.56947112681011
2022-04-21 06:00:00,2022-04-22 01:00:00,1.0,30.0,0.32660811069578316,4665.830152796902,-1,139.778,140.6767339578759,138.87926604212407,124.391,137.537,61.44964857492342,0.31141481409820226,EURJPY_merged,29.673391889304217
2022-04-21 06:00:00,2022-04-22 01:00:00,1.4,60.0,0.8236204530589316,11766.006472270452,-1,139.778,140.490789001074,138.78009539849637,124.391,137.537,61.38793595072881,0.31141481409820226,EURJPY_merged,83.17637954694106
2022-04-21 06:00:00,2022-04-22 02:00:00,1.4,15.0,0.175400652040328,2505.7236005761147,-1,139.778,140.61475230560862,138.6065467721479,124.391,137.537,61.38793595072881,0.31141481409820226,EURJPY_merged,20.824599347959673
2022-04-24 18:00:00,2022-04-25 02:00:00,-1.1,60.0,1.093737313777731,15624.818768253303,1,1.28379,1.278860189219954,1.291184716170069,1.3,1.32984,26.17081902999465,0.002173621433136299,GBPUSD_merged,-67.09373731377774
2022-04-24 23:00:00,2022-04-25 02:00:00,-1.1,30.0,0.49358049782269536,7051.149968895648,1,1.28021,1.2747631863356446,1.2878355391300977,1.3,1.32984,27.684698838286632,0.0019568142231910206,GBPUSD_merged,-33.4935804978227
2022-04-24 17:00:00,2022-04-25 02:00:00,-1.1,15.0,0.2880364894225704,4114.806991751006,1,1.28304,1.2783628425929618,1.289588020369853,1.3,1.32984,26.58186392539504,0.0022408230818390853,GBPUSD_merged,-16.78803648942257
2022-04-22 03:00:00,2022-04-25 04:00:00,1.5,14.999999999999998,0.20857701977986995,2979.6717111409994,-1,1.94001,1.9497762268937864,1.9253606596593202,1.8707,1.93642,46.2969596590342,0.003923545557123764,GBPNZD_merged,22.291422980220126
2022-04-25 08:00:00,2022-04-25 17:00:00,-1.1,30.000000000000004,0.5820885053746386,8315.550076780553,1,1.62555,1.6196855052221777,1.6343467421667337,1.62939,1.73768,39.386685292323584,0.0026117023412886545,GBPCAD_merged,-33.58208850537464
2022-04-25 04:00:00,2022-04-26 03:00:00,-1.1,30.0,0.39255025274391336,5607.860753484477,1,1.07382,1.0680754565071924,1.0795645434928076,1.08059,1.11848,37.39855526104965,0.001985814418879267,EURUSD_merged,-33.392550252743916
2022-04-25 04:00:00,2022-04-26 03:00:00,-1.1,30.0,0.517452605889704,7392.180084138628,1,1.07382,1.0694620704537323,1.0803568943194017,1.08059,1.11848,36.397080890875166,0.001985814418879267,EURUSD_merged,-33.5174526058897
2022-04-25 04:00:00,2022-04-26 03:00:00,-1.1,30.0,0.39255025274391336,5607.860753484477,1,1.07382,1.0680754565071924,1.0824368152392112,1.07575,1.11848,36.397080890875166,0.001985814418879267,EURUSD_merged,-33.392550252743916
2022-04-25 08:00:00,2022-04-26 07:00:00,-1.1,30.0,0.4415843833876569,6308.348334109384,1,1.62555,1.6178195296110525,1.6371457055834215,1.62939,1.6503,39.386685292323584,0.0026117023412886545,GBPCAD_merged,-33.44158438338766
2022-04-25 08:00:00,2022-04-26 07:00:00,-1.1,30.0,0.4415843833876569,6308.348334109384,1,1.62555,1.6178195296110525,1.6332804703889476,1.62939,1.73768,39.939346428609475,0.0026117023412886545,GBPCAD_merged,-33.44158438338766
2022-04-27 06:00:00,2022-04-27 08:00:00,-1.1,30.0,0.39149942582148517,5592.848940306932,1,1.06138,1.0556867655965954,1.0670732344034046,1.08059,1.11848,35.49511097449141,0.001960099685819179,EURUSD_merged,-33.391499425821486
2022-04-26 22:00:00,2022-04-27 08:00:00,-1.1,29.999999999999996,0.49582886609608207,7083.269515658316,1,1.25839,1.2530603002170755,1.2658515796960943,1.3,1.32984,25.81953252408249,0.0019143941052386015,GBPUSD_merged,-33.49582886609608
2022-04-27 06:00:00,2022-04-27 08:00:00,-1.1,15.0,0.23653090310048067,3379.0129014354384,1,1.06138,1.0566683577351135,1.0684474633973298,1.08059,1.11848,35.54672372459629,0.001960099685819179,EURUSD_merged,-16.73653090310048
2022-04-29 04:00:00,2022-04-29 08:00:00,-1.1,15.0,0.3151107842866502,4501.582632666432,-1,0.76086,0.7633953083418219,0.757057037487267,0.73576,0.75111,55.81793478029035,0.0011879548196001746,CADCHF_merged,-16.81511078428665
2022-04-29 10:00:00,2022-04-29 14:00:00,1.4,60.0,0.9456954482707296,13509.934975296139,-1,0.76138,0.764761422640711,0.7566460083030045,0.73576,0.75111,52.665761438749286,0.0017373134884858179,CADCHF_merged,83.05430455172927
2022-05-02 02:00:00,2022-05-04 13:00:00,1.5,15.0,0.19097667980175478,2728.2382828822115,-1,1.95076,1.9614853828170344,1.9346719257744487,1.8707,1.93642,68.3942330507183,0.0036856644488040954,GBPNZD_merged,22.309023320198246
2022-05-04 14:00:00,2022-05-04 14:00:00,-1.1,60.00000000000001,1.4894031851207805,21277.188358868294,-1,1.1075,1.1106230630137417,1.1031277117807614,1.05999,1.07956,67.29278879874106,0.0015037210925044901,AUDNZD_merged,-67.48940318512079
2022-05-04 12:00:00,2022-05-05 10:00:00,-1.1,89.99999999999999,1.8879595309743062,26970.85044249009,-1,1.03599,1.0394470322578004,1.0311501548390793,1.00878,1.03704,67.64156493010753,0.001494267681720693,EURCHF_merged,-100.88795953097429
2022-05-06 07:00:00,2022-05-06 09:00:00,-1.1,15.0,0.30637022480814835,4376.717497259263,-1,0.85568,0.8586126087434333,0.85128108688485,0.82495,0.84664,69.29404943382946,0.0015560869798734184,EURGBP_merged,-16.80637022480815
2022-05-06 12:00:00,2022-05-09 10:00:00,-1.1,59.99999999999999,0.864654846968276,12352.212099546801,-1,1.04208,1.0471418301803848,1.0349934377474612,1.00878,1.03704,61.932429154213885,0.0021378817498447843,EURCHF_merged,-66.86465484696828
2022-05-06 12:00:00,2022-05-09 10:00:00,-1.1,30.0,0.34288037034948876,4898.291004992697,-1,1.04208,1.0484623076187458,1.0325065385718808,1.01881,1.03704,62.17026028665103,0.0021378817498447843,EURCHF_merged,-33.34288037034949
2022-05-09 23:00:00,2022-05-10 09:00:00,1.4,15.0,0.3458747931901995,4941.068474145707,-1,1.37466,1.3788331662104856,1.3688175673053202,1.37615,1.37595,72.21578583140206,0.002026827169153995,EURCAD_merged,20.654125206809802
2022-05-10 00:00:00,2022-05-11 09:00:00,1.5,15.0,0.24551512418576762,3507.3589169395377,-1,1.37437,1.3802477987905466,1.36555330181418,1.33856,1.37595,71.82806510119572,0.0019570537999287095,EURCAD_merged,22.25448487581423
2022-05-10 00:00:00,2022-05-11 09:00:00,1.5,15.0,0.24551512418576762,3507.3589169395377,-1,1.37437,1.3802477987905466,1.36555330181418,1.3588,1.37595,70.28550573924706,0.0019570537999287095,EURCAD_merged,22.25448487581423
2022-05-06 07:00:00,2022-05-11 22:00:00,-1.1,30.0,0.4014506394037806,5735.0091343397235,-1,0.85568,0.8601560870294508,0.8489658694558238,0.82495,0.84664,71.70225508579715,0.0015560869798734184,EURGBP_merged,-33.401450639403784
2022-05-06 07:00:00,2022-05-11 22:00:00,-1.1,30.0,0.4014506394037806,5735.0091343397235,-1,0.85568,0.8601560870294508,0.8489658694558238,0.82495,0.8512,70.65787289354806,0.0015560869798734184,EURGBP_merged,-33.401450639403784
2022-05-06 11:00:00,2022-05-11 22:00:00,-1.1,15.0,0.22598901002509472,3228.4144289299247,-1,0.85669,0.8606703904619083,0.8507194143071374,0.82495,0.8512,66.36384773097467,0.001619317738238358,EURGBP_merged,-16.725989010025096
2022-05-12 07:00:00,2022-05-12 09:00:00,-1.1,30.0,0.24914938455009014,3559.2769221441454,1,98.746,97.91370173695408,99.99444739456888,99.005,102.951,26.41475273847568,0.2929280152610081,CADJPY_merged,-33.24914938455009
2022-05-12 06:00:00,2022-05-12 09:00:00,-1.1,30.0,0.35313371622918815,5044.767374702688,1,98.722,98.13492436696855,99.54390588624403,99.005,102.951,27.347702819794243,0.2869994010503171,CADJPY_merged,-33.35313371622919
2022-05-12 11:00:00,2022-05-12 12:00:00,-1.1,30.0,0.43445210984579513,6206.458712082788,1,1.04121,1.0361771299771656,1.048256018031968,1.0471,1.09362,26.73823679503339,0.0027174039391730537,EURUSD_merged,-33.43445210984579
2022-05-12 11:00:00,2022-05-13 09:00:00,-1.1,14.999999999999998,0.18102171243574797,2586.0244633678285,1,1.04121,1.0351705559725988,1.0502691660411017,1.0471,1.09362,30.016734169555907,0.0027174039391730537,EURUSD_merged,-16.681021712435747
2022-05-12 00:00:00,2022-05-13 09:00:00,-1.1,30.0,0.49821206941145163,7117.315277306452,1,1.58914,1.5824416596648445,1.5991875105027331,1.62939,1.6503,30.128754037902226,0.002201217348695088,GBPCAD_merged,-33.49821206941145
2022-05-18 16:00:00,2022-05-18 22:00:00,1.4,15.0,0.22950969265321283,3278.709895045898,1,134.222,133.60793835244706,135.0816863065741,134.779,138.315,25.257640942198613,0.295671479221006,EURJPY_merged,20.770490307346787
2022-05-18 19:00:00,2022-05-19 03:00:00,-1.1,30.000000000000004,0.41710762263229567,5958.68032331851,1,0.62292,0.6197838022202888,0.6273106768915956,0.63153,0.63804,26.306391703161115,0.001601806112008757,NZDCHF_merged,-33.4171076226323
2022-05-24 06:00:00,2022-05-24 10:00:00,-1.1,30.0,0.5043705952979054,7205.294218541506,1,1.20485,1.1998334803543502,1.2118731275039096,1.20768,1.24479,40.58439018424368,0.0026898126926230967,GBPCHF_merged,-33.50437059529791
2022-05-24 13:00:00,2022-05-25 04:00:00,1.5,15.0,0.28088681952543354,4012.668850363337,-1,1.37764,1.3827898393639257,1.3699152409541113,1.33856,1.37678,66.64765261296739,0.0027339816440238827,EURCAD_merged,22.219113180474565
2022-05-24 14:00:00,2022-05-27 06:00:00,1.5,30.0,0.3645293500424949,5207.5621434642135,-1,1.37628,1.3842085467676692,1.3643871798484961,1.33856,1.37678,67.36210204820634,0.00266369724087933,EURCAD_merged,44.635470649957504
2022-06-01 16:00:00,2022-06-02 05:00:00,1.5,30.0,0.6658908353298777,9512.726218998254,1,1.5799,1.574917516649923,1.5873737250251156,1.57753,1.6503,29.639239289148687,0.002622191110939906,GBPCAD_merged,44.334109164670124
2022-06-02 16:00:00,2022-06-03 06:00:00,-1.1,60.00000000000001,1.3552707554881471,19361.01079268782,-1,103.234,103.55392337932786,102.75411493100819,98.295,101.149,69.91187951033412,0.16356781696474718,CADJPY_merged,-67.35527075548816
2022-06-02 15:00:00,2022-06-03 08:00:00,-1.1,15.0,0.34923545845294335,4989.077977899191,-1,139.456,139.87528388557294,138.86900256019786,132.656,138.315,77.29794875161235,0.20573894687315458,EURJPY_merged,-16.849235458452945
2022-06-02 21:00:00,2022-06-03 08:00:00,-1.1,30.0,0.48167797656823474,6881.113950974783,-1,103.196,103.6459097125926,102.52113543111109,98.295,102.951,65.79158938803388,0.15498833161831982,CADJPY_merged,-33.481677976568236
2022-06-01 14:00:00,2022-06-03 08:00:00,-1.1,15.0,0.5237033361284426,7481.476230406322,-1,1.10703,1.1092495419043786,1.1039226413338699,1.08208,1.10796,76.7040208026237,0.0010797873127472576,AUDNZD_merged,-17.023703336128442
2022-06-02 15:00:00,2022-06-03 09:00:00,-1.1,15.0,0.2910295487107861,4157.564981582659,-1,139.456,139.95914066268753,138.70128900596868,132.656,138.315,73.10664631345546,0.20573894687315458,EURJPY_merged,-16.791029548710785
2022-06-02 21:00:00,2022-06-03 09:00:00,-1.1,30.0,0.8338285553281085,11911.836504687266,-1,139.603,139.95459062150928,139.07561406773607,132.656,138.315,69.85627766141008,0.18454428870754572,EURJPY_merged,-33.83382855532811
2022-06-05 21:00:00,2022-06-06 04:00:00,1.5,29.999999999999996,0.7574667666621567,10820.953809459383,-1,0.85849,0.8608700766968884,0.8549198849546674,0.83927,0.85866,66.84636024378389,0.0007928078093484963,EURGBP_merged,44.24253323333784
2022-06-02 21:00:00,2022-06-06 09:00:00,-1.1,30.0,0.5505971076106317,7865.672965866169,-1,94.267,94.62653821272158,93.72769268091763,87.307,94.024,66.15024356974807,0.18949987839776727,AUDJPY_merged,-33.550597107610635
2022-06-02 21:00:00,2022-06-06 10:00:00,-1.1,30.0,0.3607360360207587,5153.3719431536965,-1,94.267,94.8157688509961,93.44384672350584,87.307,94.024,65.58921010692644,0.18949987839776727,AUDJPY_merged,-33.36073603602076
2022-06-06 17:00:00,2022-06-06 21:00:00,-1.1,30.0,0.42128810259380123,6018.401465625732,-1,104.782,105.30430812749098,103.99853780876352,98.295,102.951,69.96061051927809,0.1724558043690364,CADJPY_merged,-33.4212881025938
2022-06-06 21:00:00,2022-06-07 00:00:00,-1.1,30.0,0.4720183740386593,6743.119629123705,-1,141.273,141.90152066003623,140.33021900994567,132.656,138.315,73.63668193054602,0.23425045764706573,EURJPY_merged,-33.47201837403866
2022-06-07 00:00:00,2022-06-07 12:00:00,-1.1,15.0,0.2373203737464219,3390.291053520313,-1,105.286,105.75182726234084,104.58725910648874,97.799,102.951,76.69898808289814,0.19466441172659646,CADJPY_merged,-16.73732037374642
2022-06-07 00:00:00,2022-06-07 12:00:00,-1.1,15.0,0.2373203737464219,3390.291053520313,-1,105.286,105.75182726234084,104.68042455895691,97.799,102.951,76.15924597956254,0.19466441172659646,CADJPY_merged,-16.73732037374642
2022-06-07 02:00:00,2022-06-07 15:00:00,-1.1,15.0,0.19858896509963833,2836.985215709119,-1,105.333,105.88992747048916,104.49760879426627,97.799,102.951,69.37620924412722,0.20262390602956598,CADJPY_merged,-16.69858896509964
2022-06-07 00:00:00,2022-06-07 20:00:00,-1.1,15.0,0.22980975637476597,3282.996519639514,-1,141.642,142.28916181917648,140.67125727123525,132.656,138.315,76.96112391247064,0.24661999105342905,EURJPY_merged,-16.729809756374767
2022-06-07 03:00:00,2022-06-08 02:00:00,-1.1,15.0,0.22769508031625194,3252.786861660742,-1,132.753,133.36518121097035,131.9571644257385,126.359,131.345,76.27213353543748,0.23770757534656234,USDJPY_merged,-16.727695080316252
2022-06-07 03:00:00,2022-06-08 03:00:00,-1.1,15.0,0.21926192919342774,3132.3132741918253,-1,132.753,133.38872664216154,131.79941003675768,126.359,131.345,75.016414121786,0.23770757534656234,USDJPY_merged,-16.71926192919343
2022-06-07 03:00:00,2022-06-08 03:00:00,-1.1,15.0,0.21926192919342774,3132.3132741918253,-1,132.753,133.38872664216154,131.79941003675768,126.359,131.345,75.4215189546945,0.23770757534656234,USDJPY_merged,-16.71926192919343
2022-06-08 21:00:00,2022-06-09 03:00:00,1.3,60.0,0.8758495028834866,12512.13575547838,-1,134.272,134.91588048191312,133.4349553735129,126.359,131.345,69.42484159821181,0.25665560756773653,USDJPY_merged,77.12415049711652
2022-06-08 11:00:00,2022-06-09 04:00:00,1.3,15.0,0.1894755841351078,2706.7940590729686,-1,167.966,168.89680224982573,166.75595707522658,155.594,168.423,72.39232912266438,0.38651226422097995,GBPJPY_merged,19.310524415864894
2022-06-08 11:00:00,2022-06-09 09:00:00,1.5,14.999999999999998,0.14176520801535486,2025.2172573622126,-1,96.499,97.213730725673,95.42690391149048,87.307,95.741,68.69645465184942,0.2639566182078861,AUDJPY_merged,22.358234791984643
2022-06-08 11:00:00,2022-06-10 03:00:00,1.3,15.0,0.1821880616683729,2602.6865952624703,-1,167.966,168.93403433981877,166.70755535823565,155.594,168.423,72.5693141267595,0.38651226422097995,GBPJPY_merged,19.317811938331626
2022-06-08 11:00:00,2022-06-10 06:00:00,1.5,15.0,0.16917462869206054,2416.7804098865795,-1,167.966,169.00849851980482,166.4022522202928,155.594,168.423,72.5693141267595,0.38651226422097995,GBPJPY_merged,22.330825371307938
2022-06-08 11:00:00,2022-06-10 06:00:00,1.5,15.0,0.1894755841351078,2706.7940590729686,-1,167.966,168.89680224982573,166.56979662526143,155.594,168.423,72.5693141267595,0.38651226422097995,GBPJPY_merged,22.310524415864894
2022-06-08 11:00:00,2022-06-10 06:00:00,1.5,60.0,0.6766985147682422,9667.121639546318,-1,167.966,169.00849851980482,166.4022522202928,155.594,168.423,72.5693141267595,0.38651226422097995,GBPJPY_merged,89.32330148523175
2022-06-08 21:00:00,2022-06-12 21:00:00,-1.1,60.0,0.7820084847173988,11171.549781677128,-1,134.272,134.9931461397427,133.1902807903859,126.359,131.345,69.23995970390655,0.25665560756773653,USDJPY_merged,-66.7820084847174
2022-06-13 10:00:00,2022-06-14 04:00:00,-1.1,60.0,0.8412218828822478,12017.455469746397,1,1.21027,1.2042274396441235,1.2181253284626394,1.20768,1.24429,33.250011900077645,0.00241520012709873,GBPCHF_merged,-66.84122188288225
2022-06-13 12:00:00,2022-06-14 06:00:00,-1.1,30.0,0.3039871863990064,4342.6740914143775,1,1.2168,1.2083941193763148,1.229408820935528,1.2155,1.26663,30.652581800981803,0.0030476644925486822,GBPUSD_merged,-33.303987186399006
2022-06-13 13:00:00,2022-06-14 06:00:00,-1.1,30.0,0.33551055324495055,4793.007903499294,1,1.21729,1.2096708387686284,1.2287187418470575,1.2155,1.26663,30.86724969728033,0.003025688457366647,GBPUSD_merged,-33.33551055324495
2022-06-13 21:00:00,2022-06-14 06:00:00,-1.1,60.0,0.7324288534204612,10463.269334578017,1,1.2155,1.2085299032101766,1.2245611258267706,1.2155,1.26663,31.257108733981003,0.0027553216647915497,GBPUSD_merged,-66.73242885342046
2022-06-13 13:00:00,2022-06-14 06:00:00,-1.1,30.0,0.2995629939687059,4279.471342410085,1,1.21729,1.2087565394208637,1.2300901908687045,1.2155,1.26663,30.86724969728033,0.003025688457366647,GBPUSD_merged,-33.299562993968706
2022-06-13 23:00:00,2022-06-14 07:00:00,-1.1,15.0,0.17284525418071842,2469.217916867406,1,1.21557,1.2081856578261299,1.2266465132608053,1.2155,1.26663,37.600041933128615,0.002719588578315167,GBPUSD_merged,-16.672845254180718
2022-06-13 21:00:00,2022-06-14 07:00:00,-1.1,15.0,0.1695437160695512,2422.0530867078746,1,1.2155,1.2079722954669907,1.226791556799514,1.2155,1.26663,31.100474718628785,0.0027553216647915497,GBPUSD_merged,-16.66954371606955
2022-06-13 09:00:00,2022-06-14 09:00:00,-1.1,60.00000000000001,0.975208442647689,13931.549180681273,1,1.56508,1.5583395579441937,1.5751906630837098,1.57753,1.61817,31.395968100709265,0.0028757356207281073,GBPCAD_merged,-66.9752084426477
2022-06-13 09:00:00,2022-06-14 09:00:00,-1.1,15.0,0.21768045594814486,3109.7207992592125,1,1.56508,1.557530704897497,1.5741391541230039,1.57753,1.61817,34.83929736385107,0.0028757356207281073,GBPCAD_merged,-16.717680455948145
2022-06-13 09:00:00,2022-06-14 09:00:00,-1.1,15.000000000000002,0.2257426950573354,3224.8956436762205,1,1.56508,1.557800322579729,1.5759995161304066,1.57753,1.61817,34.08797786536464,0.0028757356207281073,GBPCAD_merged,-16.72574269505734
2022-06-13 09:00:00,2022-06-14 09:00:00,-1.1,15.000000000000002,0.2257426950573354,3224.8956436762205,1,1.56508,1.557800322579729,1.5759995161304066,1.57753,1.61817,33.266027886932086,0.0028757356207281073,GBPCAD_merged,-16.72574269505734
2022-06-13 09:00:00,2022-06-14 09:00:00,-1.1,15.000000000000002,0.2257426950573354,3224.8956436762205,1,1.56508,1.557800322579729,1.5759995161304066,1.57753,1.61817,34.83929736385107,0.0028757356207281073,GBPCAD_merged,-16.72574269505734
2022-06-13 09:00:00,2022-06-14 09:00:00,-1.1,60.0,0.8707218237925795,12438.88319703685,1,1.56508,1.557530704897497,1.5764039426537548,1.57753,1.61817,31.395968100709265,0.0028757356207281073,GBPCAD_merged,-66.87072182379258
2022-06-14 17:00:00,2022-06-15 10:00:00,1.3,30.0,0.4367274678846712,6238.963826923875,-1,0.86801,0.872183818076589,0.8625840365004342,0.83927,0.86183,70.9843133801452,0.0016402752855902176,EURGBP_merged,38.56327253211533
2022-06-13 14:00:00,2022-06-15 11:00:00,-1.1,15.0,0.20080820625398257,2868.68866077118,1,1.04486,1.039396562920081,1.0530551556198782,1.06271,1.07867,30.080556576348542,0.0020875312708715627,EURUSD_merged,-16.70080820625398
2022-06-17 00:00:00,2022-06-17 03:00:00,-1.1,30.000000000000004,0.28420720602967303,4060.1029432810437,1,0.74874,0.7432075787008868,0.7559321476888471,0.74564,0.78115,31.6000741989524,0.0020308647496832684,CADCHF_merged,-33.28420720602968
2022-06-16 22:00:00,2022-06-17 07:00:00,-1.1,30.0,0.25856955713634927,3693.8508162335615,1,0.74829,0.7422126836391596,0.7574059745412607,0.74564,0.78115,29.521991068045942,0.002166150833952187,CADCHF_merged,-33.25856955713635
2022-06-16 18:00:00,2022-06-17 07:00:00,-1.1,30.0,0.2743990071264552,3919.9858160922176,1,1.01927,1.0114694360605918,1.0286306767272895,1.02181,1.0515,34.43449885703935,0.0026712074288853206,EURCHF_merged,-33.274399007126455
2022-06-16 22:00:00,2022-06-17 07:00:00,-1.1,15.0,0.12928477856817464,1846.9254081167808,1,0.74829,0.7422126836391596,0.7574059745412607,0.74564,0.78115,29.521991068045942,0.002166150833952187,CADCHF_merged,-16.629284778568174
2022-06-16 22:00:00,2022-06-17 07:00:00,-1.1,29.999999999999996,0.2895979039927111,4137.112914181588,1,0.74829,0.7428638246778211,0.7564292629832684,0.74564,0.78115,29.521991068045942,0.002166150833952187,CADCHF_merged,-33.289597903992714
2022-06-16 18:00:00,2022-06-17 07:00:00,-1.1,30.0,0.28456193331632385,4065.170475947484,1,1.01927,1.0117480276298565,1.0305529585552151,1.02181,1.0515,34.00760146781409,0.0026712074288853206,EURCHF_merged,-33.284561933316326
2022-06-16 18:00:00,2022-06-17 07:00:00,-1.1,30.0,0.28456193331632385,4065.170475947484,1,1.01927,1.0117480276298565,1.0305529585552151,1.02181,1.0515,34.43449885703935,0.0026712074288853206,EURCHF_merged,-33.284561933316326
2022-06-16 18:00:00,2022-06-17 07:00:00,-1.1,29.999999999999996,0.29550662305925934,4221.523186560848,1,1.01927,1.012026619199121,1.0286863950411425,1.02181,1.0515,33.783841168225294,0.0026712074288853206,EURCHF_merged,-33.29550662305926
2022-06-17 11:00:00,2022-06-21 07:00:00,-1.1,30.0,0.2106132127598251,3008.760182283216,-1,139.142,140.52936879880946,137.3384205615477,127.502,136.18,66.07269358581061,0.5530941252720852,CHFJPY_merged,-33.210613212759824
2022-06-21 20:00:00,2022-06-22 14:00:00,-1.1,30.0,0.4586998706848771,6552.855295498245,-1,143.559,144.21623563329084,142.57314655006374,132.656,138.315,59.338818186147044,0.26640180665088087,EURJPY_merged,-33.458699870684875
2022-06-21 20:00:00,2022-06-22 22:00:00,1.5,15.000000000000002,0.20286198923768675,2898.0284176812397,-1,105.393,105.93850707313798,104.57473939029302,97.799,102.951,64.37412963089724,0.2165454843083941,CADJPY_merged,22.297138010762318
2022-06-23 01:00:00,2022-06-23 08:00:00,1.3,14.999999999999998,0.2051003995721466,2930.005708173523,1,0.60216,0.5990772756302818,0.6061675416806337,0.61672,0.632,34.35850997617942,0.0012142976230382124,NZDCHF_merged,19.294899600427854
2022-06-17 11:00:00,2022-06-23 10:00:00,-1.1,30.0,0.28080428850427624,4011.4898357753755,1,1.01675,1.0091462165557614,1.0281556751663579,1.02181,1.0515,41.90996347292828,0.0027786292268545346,EURCHF_merged,-33.28080428850428
2022-06-17 11:00:00,2022-06-23 10:00:00,-1.1,30.0,0.28080428850427624,4011.4898357753755,1,1.01675,1.0091462165557614,1.0281556751663579,1.02181,1.0515,42.70768804382804,0.0027786292268545346,EURCHF_merged,-33.28080428850428
2022-06-17 11:00:00,2022-06-23 10:00:00,-1.1,30.0,0.27077556391483787,3868.2223416405413,1,1.01675,1.0088645949467157,1.0262124860639414,1.02181,1.0515,41.90996347292828,0.0027786292268545346,EURCHF_merged,-33.27077556391484
2022-06-17 11:00:00,2022-06-23 10:00:00,-1.1,30.0,0.2553310987305031,3647.587124721473,1,0.7437,0.737583353779602,0.752874969330597,0.74564,0.77986,35.33346931877778,0.00225146563135381,CADCHF_merged,-33.2553310987305
2022-06-17 11:00:00,2022-06-23 10:00:00,-1.1,30.0,0.27575758662894334,3939.394094699191,1,0.7437,0.7380364386848167,0.7510626297097384,0.74564,0.78115,36.035054515129765,0.00225146563135381,CADCHF_merged,-33.27575758662894
2022-06-23 01:00:00,2022-06-28 10:00:00,-1.1,15.0,0.19721192266552556,2817.31318093608,1,0.60216,0.598953966655493,0.606327843347859,0.61672,0.632,34.11199287404399,0.0012142976230382124,NZDCHF_merged,-16.697211922665524
2022-06-28 16:00:00,2022-06-29 05:00:00,-1.1,30.000000000000004,0.46384014368417587,6626.287766916798,1,0.80383,0.8001907224967804,0.8085610607541857,0.80284,0.83519,30.15746297184225,0.0014595887869101637,NZDCAD_merged,-33.46384014368418
2022-06-28 18:00:00,2022-06-29 05:00:00,-1.1,15.000000000000002,0.18555911563856045,2650.8445091222925,1,0.59665,0.5932738117817921,0.6010390446836704,0.61672,0.632,34.736084277065075,0.0012564957922171509,NZDCHF_merged,-16.685559115638565
2022-06-28 20:00:00,2022-06-29 05:00:00,-1.1,30.0,0.5609044303390834,8012.920433415478,1,1.16598,1.1616146253166164,1.1716549870883988,1.20768,1.22942,34.25206025560061,0.0017342820252568185,GBPCHF_merged,-33.560904430339086
2022-06-28 16:00:00,2022-06-29 05:00:00,-1.1,15.0,0.21474080726119246,3067.7258180170356,1,0.80383,0.7998995802965227,0.8097256295552159,0.80284,0.8267,31.61411044922578,0.0014595887869101637,NZDCAD_merged,-16.714740807261194
2022-06-28 16:00:00,2022-06-29 05:00:00,-1.1,15.0,0.21474080726119246,3067.7258180170356,1,0.80383,0.7998995802965227,0.8097256295552159,0.80284,0.83519,30.91339442043183,0.0014595887869101637,NZDCAD_merged,-16.714740807261194
2022-06-28 16:00:00,2022-06-29 05:00:00,-1.1,30.000000000000004,0.46384014368417587,6626.287766916798,1,0.80383,0.8001907224967804,0.8092889162548296,0.80284,0.83519,29.340951247080604,0.0014595887869101637,NZDCAD_merged,-33.46384014368418
2022-06-28 20:00:00,2022-06-29 05:00:00,-1.1,30.0,0.5609044303390834,8012.920433415478,1,1.16598,1.1616146253166164,1.1725280620250755,1.20768,1.22942,33.70983083833775,0.0017342820252568185,GBPCHF_merged,-33.560904430339086
2022-06-28 16:00:00,2022-06-29 05:00:00,-1.1,15.0,0.21474080726119246,3067.7258180170356,1,0.80383,0.7998995802965227,0.8097256295552159,0.80284,0.83519,32.26492412842515,0.0014595887869101637,NZDCAD_merged,-16.714740807261194
2022-06-28 16:00:00,2022-06-29 09:00:00,-1.1,15.0,0.2070714927161499,2958.1641816592846,1,0.80383,0.7997540091963941,0.8087211889643273,0.80284,0.83519,32.26492412842515,0.0014595887869101637,NZDCAD_merged,-16.70707149271615
2022-06-28 19:00:00,2022-06-30 23:00:00,-1.1,15.0,0.21160625655690773,3022.9465222415392,1,0.80304,0.799055278500174,0.8090170822497389,0.80284,0.83519,31.506661314618054,0.0013893209055545308,NZDCAD_merged,-16.71160625655691
2022-06-29 12:00:00,2022-07-04 05:00:00,1.3,15.0,0.16097393682766298,2299.6276689666142,1,0.59372,0.5898472861167121,0.5987545280482743,0.61672,0.632,36.27958755807949,0.0014723978154599785,NZDCHF_merged,19.339026063172337
2022-06-29 12:00:00,2022-07-04 05:00:00,1.2,15.0,0.14947579848282996,2135.368549754714,1,0.59372,0.5895493850487669,0.5987247379414797,0.61672,0.632,36.7591526273689,0.0014723978154599785,NZDCHF_merged,17.85052420151717
2022-06-29 12:00:00,2022-07-04 07:00:00,1.5,15.0,0.15501193916737915,2214.4562738197023,1,0.59372,0.5896983355827395,0.5997524966258908,0.61672,0.632,36.7591526273689,0.0014723978154599785,NZDCHF_merged,22.34498806083262
2022-06-29 12:00:00,2022-07-04 07:00:00,1.5,15.0,0.15501193916737915,2214.4562738197023,1,0.59372,0.5896983355827395,0.5997524966258908,0.61672,0.632,36.43491139891165,0.0014723978154599785,NZDCHF_merged,22.34498806083262
2022-07-05 21:00:00,2022-07-06 05:00:00,-1.1,30.0,0.4904034389085445,7005.763412979208,1,1.02663,1.0222337767500198,1.0332243348749703,1.0359,1.07867,30.024234509988407,0.0017485972071355084,EURUSD_merged,-33.490403438908544
2022-07-06 03:00:00,2022-07-06 05:00:00,-1.1,30.0,0.45993960502647857,6570.565786092551,1,1.02689,1.0222014083318052,1.0329851691686533,1.0359,1.07738,34.73042648297463,0.0018180684529267544,EURUSD_merged,-33.45993960502648
2022-07-06 03:00:00,2022-07-06 06:00:00,-1.1,30.0,0.4429048048403126,6327.211497718752,1,1.02689,1.0220210778830285,1.0341933831754575,1.0359,1.07738,34.265970885972955,0.0018180684529267544,EURUSD_merged,-33.44290480484031
2022-07-06 03:00:00,2022-07-06 06:00:00,-1.1,30.0,0.4429048048403126,6327.211497718752,1,1.02689,1.0220210778830285,1.0341933831754575,1.0359,1.07738,34.31706003244982,0.0018180684529267544,EURUSD_merged,-33.44290480484031
2022-07-06 11:00:00,2022-07-07 05:00:00,-1.1,60.0,0.7290863127780691,10415.518753972417,1,1.33259,1.3249134356455357,1.3441048465316965,1.33889,1.37143,36.234705194116884,0.003052231127196751,EURCAD_merged,-66.72908631277807
2022-07-06 11:00:00,2022-07-07 05:00:00,-1.1,60.0,0.6788044981037195,9697.207115767422,1,1.33259,1.3243448012489085,1.3416597186262005,1.33889,1.37143,35.915103481486476,0.003052231127196751,EURCAD_merged,-66.67880449810372
2022-07-06 11:00:00,2022-07-07 06:00:00,-1.1,60.0,0.6561776815002621,9373.966878575175,1,1.33259,1.324060484050595,1.3453842739241073,1.33889,1.37143,35.915103481486476,0.003052231127196751,EURCAD_merged,-66.65617768150027
2022-07-06 19:00:00,2022-07-07 06:00:00,1.0,30.0,0.45488211081963287,6498.315868851899,1,0.98807,0.9835084950503742,0.9926315049496258,1.02181,1.05136,30.71101790703708,0.0014676086748841852,EURCHF_merged,29.545117889180368
2022-07-06 19:00:00,2022-07-07 06:00:00,1.0,60.0,0.9097642216392657,12996.631737703798,1,0.98807,0.9835084950503742,0.9926315049496258,1.02181,1.05136,31.88379440242962,0.0014676086748841852,EURCHF_merged,59.090235778360736
2022-07-06 10:00:00,2022-07-07 10:00:00,1.0,15.000000000000002,0.16308401206026882,2329.771600860983,1,1.9309,1.918468094662457,1.943331905337543,1.92425,1.96716,47.91543287534628,0.004595827842572881,GBPNZD_merged,14.836915987939733
2022-07-06 10:00:00,2022-07-07 10:00:00,1.1,15.0,0.16870759868303667,2410.10855261481,1,1.9309,1.9188824915070417,1.9441192593422543,1.92425,1.96002,49.54536473291859,0.004595827842572881,GBPNZD_merged,16.331292401316965
2022-07-06 10:00:00,2022-07-07 10:00:00,1.0,15.000000000000002,0.16308401206026882,2329.771600860983,1,1.9309,1.918468094662457,1.943331905337543,1.92425,1.96002,49.54536473291859,0.004595827842572881,GBPNZD_merged,14.836915987939733
2022-07-06 10:00:00,2022-07-07 12:00:00,1.2,15.0,0.17473287006457372,2496.183858065339,1,1.9309,1.9192968883516266,1.9448237339780483,1.92425,1.96002,50.48982428760362,0.004595827842572881,GBPNZD_merged,17.825267129935426
2022-07-06 10:00:00,2022-07-07 15:00:00,1.2,15.000000000000002,0.16308401206026882,2329.771600860983,1,1.9309,1.918468094662457,1.9458182864050517,1.92425,1.96002,47.39556393118919,0.004595827842572881,GBPNZD_merged,17.83691598793973
2022-07-06 10:00:00,2022-07-07 16:00:00,1.4,15.0,0.17473287006457372,2496.183858065339,1,1.9309,1.9192968883516266,1.947144356307723,1.92425,1.96289,47.39556393118919,0.004595827842572881,GBPNZD_merged,20.825267129935426
2022-07-06 10:00:00,2022-07-07 19:00:00,1.5,14.999999999999998,0.18120445784474307,2588.635112067758,1,1.9309,1.9197112851962113,1.9476830722056833,1.92425,1.96002,48.84039166392321,0.004595827842572881,GBPNZD_merged,22.318795542155254
2022-07-06 10:00:00,2022-07-08 08:00:00,1.5,15.000000000000002,0.16308401206026882,2329.771600860983,1,1.9309,1.918468094662457,1.9495478580063148,1.92425,1.96002,49.54536473291859,0.004595827842572881,GBPNZD_merged,22.336915987939733
2022-07-06 10:00:00,2022-07-08 08:00:00,1.5,15.000000000000002,0.16308401206026882,2329.771600860983,1,1.9309,1.918468094662457,1.9495478580063148,1.92425,1.96716,48.84039166392321,0.004595827842572881,GBPNZD_merged,22.336915987939733
2022-07-06 19:00:00,2022-07-08 09:00:00,1.1,30.0,0.470567700847896,6722.395726398515,1,0.98807,0.9836605452153617,0.9929204002631021,1.02181,1.05136,30.71101790703708,0.0014676086748841852,EURCHF_merged,32.529432299152106
2022-07-06 19:00:00,2022-07-08 09:00:00,1.2,30.0,0.45488211081963287,6498.315868851899,1,0.98807,0.9835084950503742,0.993543805939551,1.02181,1.05136,32.73289537411812,0.0014676086748841852,EURCHF_merged,35.54511788918037
2022-07-06 19:00:00,2022-07-08 11:00:00,1.5,30.0,0.45488211081963287,6498.315868851899,1,0.98807,0.9835084950503742,0.9949122574244388,1.02181,1.05136,30.71101790703708,0.0014676086748841852,EURCHF_merged,44.54511788918037
2022-07-06 19:00:00,2022-07-08 11:00:00,1.5,30.0,0.45488211081963287,6498.315868851899,1,0.98807,0.9835084950503742,0.9949122574244388,1.02181,1.05136,31.068995399448795,0.0014676086748841852,EURCHF_merged,44.54511788918037
2022-07-06 19:00:00,2022-07-08 11:00:00,1.5,30.0,0.5054245675773696,7220.350965390996,1,0.98807,0.9839646455453368,0.9942280316819949,1.02181,1.05136,31.068995399448795,0.0014676086748841852,EURCHF_merged,44.49457543242263
2022-07-06 19:00:00,2022-07-08 11:00:00,1.4,30.0,0.48737369016389226,6962.481288055605,1,0.98807,0.9838125953803493,0.9940303664675111,1.02181,1.05136,32.73289537411812,0.0014676086748841852,EURCHF_merged,41.51262630983611
2022-07-08 01:00:00,2022-07-11 10:00:00,1.0,29.999999999999996,0.5558946935598781,7941.352765141117,1,0.84513,0.8419373575435042,0.8483226424564959,0.84855,0.87207,34.77883617317567,0.0010574845698677554,EURGBP_merged,29.444105306440118
2022-07-08 01:00:00,2022-07-11 11:00:00,1.1,29.999999999999996,0.5750634760964255,8215.192515663222,1,0.84513,0.8420437789587207,0.8485248431454072,0.84855,0.87207,34.77883617317567,0.0010574845698677554,EURGBP_merged,32.424936523903575
2022-07-08 02:00:00,2022-07-12 22:00:00,-1.1,30.000000000000004,0.62224601124709,8889.228732101286,1,0.84602,0.843164791661357,0.8503028125079644,0.84855,0.87207,38.289650067034444,0.001116235672020058,EURGBP_merged,-33.6222460112471
2022-07-08 02:00:00,2022-07-12 22:00:00,-1.1,30.000000000000004,0.6000229394168369,8571.756277383385,1,0.84602,0.8430590432043703,0.8501653395138816,0.84855,0.87207,36.84497128925716,0.001116235672020058,EURGBP_merged,-33.600022939416846
2022-07-08 02:00:00,2022-07-12 22:00:00,-1.1,29.999999999999996,0.5600214101223809,8000.305858891157,1,0.84602,0.8428475462903967,0.849826944451524,0.84855,0.87207,36.84497128925716,0.001116235672020058,EURGBP_merged,-33.56002141012238
2022-07-08 01:00:00,2022-07-13 02:00:00,-1.1,29.999999999999996,0.5558946935598781,7941.352765141117,1,0.84513,0.8419373575435042,0.8499189636847437,0.84855,0.87207,34.77883617317567,0.0010574845698677554,EURGBP_merged,-33.55589469355988
2022-07-11 11:00:00,2022-07-13 08:00:00,1.0,59.99999999999999,0.46954102665305186,6707.728952186456,1,0.6736,0.6675747118155653,0.6796252881844347,0.685,0.72826,35.42352470527683,0.0020063987237536147,AUDUSD_merged,59.53045897334694
2022-07-11 11:00:00,2022-07-13 10:00:00,-1.1,30.0,0.39532305266413414,5647.472180916203,1,0.79581,0.7915825688174835,0.8000374311825166,0.80284,0.8267,31.68634001504382,0.0014092048898265502,NZDCAD_merged,-33.39532305266413
2022-07-11 12:00:00,2022-07-13 10:00:00,-1.1,30.0,0.383504423590545,5478.634622722072,1,1.54505,1.5365895891144554,1.5543564519740993,1.54818,1.60015,27.38406634605852,0.0028768557022680183,GBPCAD_merged,-33.383504423590544
2022-07-11 11:00:00,2022-07-13 10:00:00,-1.1,30.0,0.4089548820663456,5842.212600947795,1,0.79581,0.791723483190234,0.8003051684907426,0.80284,0.8267,31.68634001504382,0.0014092048898265502,NZDCAD_merged,-33.40895488206635
2022-07-11 12:00:00,2022-07-13 10:00:00,-1.1,30.000000000000004,0.3707209428041936,5296.013468631338,1,1.54505,1.5362978508080571,1.553802149191943,1.54818,1.60015,27.38406634605852,0.0028768557022680183,GBPCAD_merged,-33.3707209428042
2022-07-11 12:00:00,2022-07-13 10:00:00,-1.1,15.0,0.20595607933566307,2942.229704795187,1,1.54505,1.5371730657272515,1.5568654014091228,1.54818,1.60015,29.047187945520935,0.0028768557022680183,GBPCAD_merged,-16.705956079335664
2022-07-11 11:00:00,2022-07-13 10:00:00,-1.1,30.0,0.39532305266413414,5647.472180916203,1,0.79581,0.7915825688174835,0.8021511467737749,0.80284,0.8267,32.87343623878479,0.0014092048898265502,NZDCAD_merged,-33.39532305266413
2022-07-11 12:00:00,2022-07-13 10:00:00,-1.1,15.0,0.19860050507367513,2837.1500724810735,1,1.54505,1.5368813274208535,1.554852407094976,1.54818,1.60015,25.50685832377376,0.0028768557022680183,GBPCAD_merged,-16.698600505073674
2022-07-11 11:00:00,2022-07-13 10:00:00,-1.1163213511783308,15.0,0.2117802067843576,3025.4315254908233,1,0.79581,0.7918643975629845,0.8005447229244186,0.80284,0.8267,30.3667717022249,0.0014092048898265502,NZDCAD_merged,-16.956600474459318
2022-07-11 12:00:00,2022-07-13 10:00:00,-1.1,15.000000000000002,0.1853604714020968,2648.006734315669,1,1.54505,1.5362978508080571,1.5581782237879143,1.54818,1.60015,27.38406634605852,0.0028768557022680183,GBPCAD_merged,-16.6853604714021
2022-07-11 12:00:00,2022-07-13 10:00:00,-1.1,15.000000000000002,0.1853604714020968,2648.006734315669,1,1.54505,1.5362978508080571,1.5581782237879143,1.54818,1.60015,29.047187945520935,0.0028768557022680183,GBPCAD_merged,-16.6853604714021
2022-07-11 12:00:00,2022-07-13 23:00:00,1.0,30.0,0.2989637477202932,4270.910681718475,1,0.66101,0.6563668918954725,0.6656531081045275,0.677,0.70446,31.041644864945724,0.0015264382228299298,AUDCHF_merged,29.701036252279707
2022-07-11 12:00:00,2022-07-14 03:00:00,1.1,30.0,0.30927284246926884,4418.183463846698,1,0.66101,0.6565216621656235,0.6659471716178142,0.677,0.70446,31.041644864945724,0.0015264382228299298,AUDCHF_merged,32.69072715753073
2022-07-11 12:00:00,2022-07-14 09:00:00,-1.1,30.0,0.24357743178861588,3479.677596980227,1,0.67489,0.6690714437011145,0.681290411928774,0.685,0.72826,30.71098506366444,0.001995941672056926,AUDUSD_merged,-33.243577431788616
2022-07-11 12:00:00,2022-07-14 09:00:00,-1.1,30.0,0.23545818406232866,3363.6883437475526,1,0.67489,0.6688708038287391,0.6809091961712609,0.685,0.72826,30.71098506366444,0.001995941672056926,AUDUSD_merged,-33.23545818406233
2022-07-20 02:00:00,2022-07-21 09:00:00,1.1,15.0,0.17619989948802928,2517.1414212575614,-1,86.348,86.86255988490028,85.7819841266097,83.013,86.56,67.77670187121197,0.17840341142126978,NZDJPY_merged,16.32380010051197
2022-07-26 09:00:00,2022-07-26 16:00:00,-1.1,15.000000000000002,0.2311139002454007,3301.6271463628677,1,0.97817,0.9737259639688074,0.9835028432374311,0.98052,1.05136,24.447634990945726,0.001597358887895487,EURCHF_merged,-16.731113900245404
2022-07-26 09:00:00,2022-07-26 17:00:00,-1.103892250652197,90.0,1.294237841374244,18489.112019632055,1,0.97817,0.9734085328237223,0.9829314671762777,1.02181,1.05136,30.049585818682207,0.001597358887895487,EURCHF_merged,-100.64454040007197
2022-07-26 12:00:00,2022-07-26 22:00:00,1.0,15.0,0.18239324166041695,2605.6177380059567,1,1.45784,1.4494475179866042,1.4662324820133958,1.47587,1.53972,32.70150588073732,0.002769815861289157,EURAUD_merged,14.817606758339583
2022-07-26 12:00:00,2022-07-26 22:00:00,1.0,60.0,0.7295729666416678,10422.470952023827,1,1.45784,1.4494475179866042,1.4662324820133958,1.47587,1.53972,34.45580075605746,0.002769815861289157,EURAUD_merged,59.27042703335833
2022-07-26 19:00:00,2022-07-27 14:00:00,1.0,30.0,0.481107181968673,6872.9597424096155,1,0.9747,0.9704455010510875,0.9789544989489125,0.98052,1.05136,27.958753643277433,0.0013425830079967446,EURCHF_merged,29.518892818031325
2022-07-26 13:00:00,2022-07-27 14:00:00,-1.1,30.0,0.4910981148024323,7015.687354320462,1,0.84211,0.8385090271053852,0.8460710701840763,0.84029,0.86783,25.56547011292212,0.0012501637347288798,EURGBP_merged,-33.49109811480243
2022-07-26 19:00:00,2022-07-27 14:00:00,-1.1,15.0,0.27605739874397434,3943.6771249139197,1,0.84128,0.8380801437236637,0.8457597987868709,0.84029,0.86783,33.63229462512533,0.001098319683478898,EURGBP_merged,-16.776057398743973
2022-07-26 19:00:00,2022-07-27 14:00:00,1.0,60.0,0.962214363937346,13745.919484819231,1,0.9747,0.9704455010510875,0.9789544989489125,1.02181,1.05136,30.094975876721623,0.0013425830079967446,EURCHF_merged,59.03778563606265
2022-07-26 19:00:00,2022-07-27 14:00:00,-1.1,15.0,0.2576535721610427,3680.7653165863244,1,0.84128,0.8378515825610682,0.8464226261583978,0.84029,0.86783,32.154464641547705,0.001098319683478898,EURGBP_merged,-16.757653572161043
2022-07-26 13:00:00,2022-07-27 14:00:00,-1.1,15.0,0.2543186665941168,3633.123808487383,1,0.84211,0.8386331985845098,0.8462821616985883,0.84029,0.86783,24.815061767009453,0.0012501637347288798,EURGBP_merged,-16.754318666594116
2022-07-26 13:00:00,2022-07-27 14:00:00,-1.1,30.0,0.4747281776423513,6781.831109176448,1,0.84211,0.8383848556262605,0.8476977165606092,0.84029,0.86783,25.56547011292212,0.0012501637347288798,EURGBP_merged,-33.47472817764235
2022-07-26 19:00:00,2022-07-27 14:00:00,-1.1,15.0,0.286281746845603,4089.7392406514714,1,0.84128,0.8381944243049614,0.845908363542558,0.84029,0.86783,32.154464641547705,0.001098319683478898,EURGBP_merged,-16.786281746845603
2022-07-26 19:00:00,2022-07-27 15:00:00,1.1,30.0,0.4976970847951789,7109.958354216842,1,0.9747,0.9705873176827179,0.9792239505490103,0.98052,1.05136,27.958753643277433,0.0013425830079967446,EURCHF_merged,32.50230291520482
2022-07-28 09:00:00,2022-07-29 06:00:00,1.0,30.0,0.3250659930039367,4643.799900056239,1,1.61696,1.6065140718713111,1.6274059281286888,1.63632,1.69556,36.35350742936258,0.003439692039832272,EURNZD_merged,29.674934006996065
2022-07-28 09:00:00,2022-07-29 07:00:00,1.1,30.000000000000004,0.3362751651764862,4803.93093109266,1,1.61696,1.6068622694756007,1.628067503576839,1.63632,1.69556,36.35350742936258,0.003439692039832272,EURNZD_merged,32.66372483482352
2022-07-28 09:00:00,2022-07-29 08:00:00,1.2,30.0,0.3482849925042179,4975.499892917399,1,1.61696,1.6072104670798903,1.6286594395041314,1.63632,1.69556,35.72089690475797,0.003439692039832272,EURNZD_merged,35.65171500749578
2022-07-28 09:00:00,2022-07-29 09:00:00,1.5,15.0,0.18059221833552036,2579.888833364577,1,1.61696,1.60755866468418,1.63106200297373,1.63632,1.69556,36.942093047665644,0.003439692039832272,EURNZD_merged,22.31940778166448
2022-07-26 12:00:00,2022-07-29 09:00:00,1.1,30.0,0.37736532757327645,5390.933251046807,1,1.45784,1.4497272673870507,1.4667640058742442,1.47587,1.53972,32.70150588073732,0.002769815861289157,EURAUD_merged,32.62263467242672
2022-07-26 19:00:00,2022-07-29 11:00:00,-1.1,30.0,0.481107181968673,6872.9597424096155,1,0.9747,0.9704455010510875,0.9810817484233688,0.98052,1.05136,27.958753643277433,0.0013425830079967446,EURCHF_merged,-33.481107181968675
2022-07-26 12:00:00,2022-08-02 00:00:00,1.5,15.0,0.18239324166041695,2605.6177380059567,1,1.45784,1.4494475179866042,1.4704287230200936,1.47587,1.53972,32.70150588073732,0.002769815861289157,EURAUD_merged,22.317606758339583
2022-07-28 09:00:00,2022-08-02 18:00:00,1.5,15.0,0.16253299650196834,2321.8999500281193,1,1.61696,1.6065140718713111,1.6326288921930332,1.63632,1.69556,36.35350742936258,0.003439692039832272,EURNZD_merged,22.33746700349803
2022-07-28 09:00:00,2022-08-02 18:00:00,1.5,15.0,0.16253299650196834,2321.8999500281193,1,1.61696,1.6065140718713111,1.6326288921930332,1.63632,1.69556,36.942093047665644,0.003439692039832272,EURNZD_merged,22.33746700349803
2022-08-08 11:00:00,2022-08-10 08:00:00,-1.1,30.0,0.5709598206298987,8156.568866141411,1,0.97401,0.970427574536605,0.9793836381950926,0.98052,0.99499,35.4260802039364,0.001215988833907977,EURCHF_merged,-33.5709598206299
2022-08-08 11:00:00,2022-08-10 08:00:00,-1.1,29.999999999999996,0.6117426649606056,8739.180928008653,1,0.97401,0.9706664029008314,0.9780223165190025,0.98052,0.99499,34.34928778608245,0.001215988833907977,EURCHF_merged,-33.61174266496061
2022-08-04 09:00:00,2022-08-10 08:00:00,-1.1,30.0,0.32769231175296337,4681.318739328049,1,1.92407,1.9117396924063141,1.9425654613905285,1.92425,1.9633,34.827524869463915,0.004132952350426534,GBPNZD_merged,-33.32769231175296
2022-08-08 11:00:00,2022-08-10 08:00:00,-1.1,30.0,0.5709598206298987,8156.568866141411,1,0.97401,0.970427574536605,0.9793836381950926,1.02181,1.05136,36.45347753069905,0.001215988833907977,EURCHF_merged,-33.5709598206299
2022-08-08 11:00:00,2022-08-10 08:00:00,-1.1,29.999999999999996,0.6343998006998873,9062.854295712677,1,0.97401,0.9707858170829445,0.9788462743755834,0.98052,0.99499,36.45347753069905,0.001215988833907977,EURCHF_merged,-33.63439980069989
2022-08-08 11:00:00,2022-08-10 08:00:00,-1.1,60.00000000000001,1.1812961806135835,16875.659723051194,1,0.97401,0.9705469887187181,0.9778193124094101,0.98052,0.99499,35.4260802039364,0.001215988833907977,EURCHF_merged,-67.1812961806136
2022-08-08 11:00:00,2022-08-10 08:00:00,-1.1,30.0,0.5709598206298987,8156.568866141411,1,0.97401,0.970427574536605,0.9775924254633951,0.98052,0.99499,35.4260802039364,0.001215988833907977,EURCHF_merged,-33.5709598206299
2022-08-04 09:00:00,2022-08-10 08:00:00,-1.1,60.0,0.6553846235059267,9362.637478656097,1,1.92407,1.9117396924063141,1.9364003075936858,1.92425,1.9633,36.22438115572378,0.004132952350426534,GBPNZD_merged,-66.65538462350592
2022-08-10 15:00:00,2022-08-11 10:00:00,-1.1,14.999999999999998,0.25581197303253866,3654.456757607695,1,1.27806,1.272814104023781,1.2859288439643282,1.27668,1.32233,31.878716910184277,0.0018762869759482946,USDCAD_merged,-16.75581197303254
2022-08-10 11:00:00,2022-08-11 20:00:00,1.0,60.0,0.538340252260874,7690.5750322982,1,103.523,102.71533867767832,104.33066132232167,103.361,107.641,35.58942067370575,0.27434755214718476,CADJPY_merged,59.46165974773913
2022-08-10 11:00:00,2022-08-11 22:00:00,1.2,15.0,0.1345850630652185,1922.64375807455,1,103.523,102.71533867767832,104.492193586786,103.361,107.641,37.51082251696399,0.27434755214718476,CADJPY_merged,17.86541493693478
2022-08-10 12:00:00,2022-08-12 02:00:00,1.0,30.0,0.264741928373518,3782.027548193115,1,103.759,102.93595734355844,104.58204265644156,103.361,107.641,34.55304388574625,0.264679869850958,CADJPY_merged,29.735258071626482
2022-08-11 12:00:00,2022-08-12 03:00:00,-1.1,60.0,0.9478495170423662,13540.707386319518,1,1.71789,1.7102778866104043,1.7262633247285553,1.72072,1.78181,30.640634802874466,0.002549519065634075,GBPAUD_merged,-66.94784951704237
2022-08-11 12:00:00,2022-08-12 03:00:00,-1.1,30.0,0.4581272665704771,6544.675236721102,1,1.71789,1.7100153999417975,1.7257646000582023,1.72072,1.78181,30.640634802874466,0.002549519065634075,GBPAUD_merged,-33.45812726657048
2022-08-10 12:00:00,2022-08-12 03:00:00,1.1,30.0,0.2738709603863979,3912.4422912342566,1,103.759,102.96339209877317,104.63416869134952,103.361,107.641,34.55304388574625,0.264679869850958,CADJPY_merged,32.7261290396136
2022-08-11 12:00:00,2022-08-12 03:00:00,-1.1,60.0,0.9162545331409542,13089.350473442204,1,1.71789,1.7100153999417975,1.7257646000582023,1.72072,1.78181,32.2641271846583,0.002549519065634075,GBPAUD_merged,-66.91625453314096
2022-08-11 12:00:00,2022-08-12 03:00:00,-1.1,15.0,0.22906363328523854,3272.337618360551,1,1.71789,1.7100153999417975,1.7297019000873035,1.72072,1.78181,31.187787824768932,0.002549519065634075,GBPAUD_merged,-16.72906363328524
2022-08-11 12:00:00,2022-08-12 03:00:00,-1.1,30.0,0.4908506427540826,7012.152039344038,1,1.71789,1.710540373279011,1.7267095520651867,1.72072,1.78181,30.12120373037101,0.002549519065634075,GBPAUD_merged,-33.49085064275408
2022-08-11 12:00:00,2022-08-12 03:00:00,-1.1,15.0,0.2454253213770413,3506.076019672019,1,1.71789,1.710540373279011,1.7281794774093844,1.72072,1.76519,33.25524780556648,0.002549519065634075,GBPAUD_merged,-16.74542532137704
2022-08-10 12:00:00,2022-08-12 07:00:00,1.2,30.0,0.2836520661144837,4052.172373064053,1,103.759,102.99082685398788,104.68080777521455,103.361,107.641,33.71262725873952,0.264679869850958,CADJPY_merged,35.716347933885515
2022-08-10 13:00:00,2022-08-12 10:00:00,1.1,30.0,0.3289422774678355,4699.17539239765,-1,1.03248,1.0390714543326285,1.025229400234109,0.99521,1.02781,68.20007916888181,0.002196278480890856,EURUSD_merged,32.67105772253216
2022-08-12 05:00:00,2022-08-12 13:00:00,-1.1,30.0,0.5145064067242143,7350.091524631634,1,1.44699,1.4410839919109135,1.4540772097069037,1.45102,1.48055,37.17509026806707,0.0021400537030133544,EURAUD_merged,-33.514506406724216
2022-08-12 05:00:00,2022-08-12 13:00:00,-1.1,30.000000000000004,0.49676480649234483,7096.640092747784,1,1.44699,1.440873063050589,1.4537186306443521,1.45102,1.48055,37.116663490917446,0.0021400537030133544,EURAUD_merged,-33.49676480649235
2022-08-12 05:00:00,2022-08-12 13:00:00,-1.1,30.0,0.4802059796092667,6860.085422989525,1,1.44699,1.4406621341902646,1.4533178658097354,1.45102,1.48055,37.116663490917446,0.0021400537030133544,EURAUD_merged,-33.480205979609266
2022-08-12 05:00:00,2022-08-12 13:00:00,-1.1,30.0,0.4802059796092667,6860.085422989525,1,1.44699,1.4406621341902646,1.4533178658097354,1.45102,1.53972,37.363779567420806,0.0021400537030133544,EURAUD_merged,-33.480205979609266
2022-08-12 05:00:00,2022-08-12 13:00:00,-1.1,30.0,0.4802059796092667,6860.085422989525,1,1.44699,1.4406621341902646,1.4545834389716825,1.45102,1.48055,37.71943229358631,0.0021400537030133544,EURAUD_merged,-33.480205979609266
2022-08-12 02:00:00,2022-08-12 15:00:00,-1.1,60.0,0.8281749303784679,11831.070433978113,1,1.59709,1.5889905300040479,1.605189469995952,1.63632,1.6548,29.578141372526986,0.00276697880827085,EURNZD_merged,-66.82817493037847
2022-08-12 02:00:00,2022-08-12 15:00:00,-1.1,30.0,0.41408746518923395,5915.535216989057,1,1.59709,1.5889905300040479,1.605189469995952,1.63632,1.6548,27.181018984731626,0.00276697880827085,EURNZD_merged,-33.41408746518923
2022-08-12 02:00:00,2022-08-12 15:00:00,-1.1,30.0,0.42836634329920736,6119.519189988677,1,1.59709,1.5892605123372463,1.6057024364290289,1.63632,1.6548,27.181018984731626,0.00276697880827085,EURNZD_merged,-33.42836634329921
2022-08-12 02:00:00,2022-08-12 15:00:00,-1.1,30.0,0.44366514127417916,6338.0734467739885,1,1.59709,1.5895304946704447,1.6061614063954661,1.63632,1.6548,26.14053951126236,0.00276697880827085,EURNZD_merged,-33.44366514127418
2022-08-12 02:00:00,2022-08-14 17:00:00,1.2,30.0,0.40903853442151333,5843.407634593048,-1,0.60793,0.6110511069191941,0.6041846716969671,0.59381,0.60732,74.39735200764773,0.0011107752538143906,NZDCHF_merged,35.59096146557849
2022-08-12 02:00:00,2022-08-14 17:00:00,1.1,29.999999999999996,0.39493375737249553,5641.910819607079,-1,0.60793,0.6111625750234511,0.6043741674742038,0.59381,0.60732,73.2257563721159,0.0011107752538143906,NZDCHF_merged,32.6050662426275
2022-08-10 15:00:00,2022-08-15 03:00:00,1.0,30.000000000000004,0.4604615514585697,6578.022163693853,1,1.27806,1.2722312266930902,1.2838887733069098,1.28189,1.32233,31.1797474715836,0.0018762869759482946,USDCAD_merged,29.539538448541435
2022-08-10 12:00:00,2022-08-15 03:00:00,1.0,59.99999999999999,0.877156118546394,12530.801693519916,1,1.27751,1.2713930250550018,1.283626974944998,1.28189,1.32233,28.819843628623666,0.0020004922448803412,USDCAD_merged,59.1228438814536
2022-08-10 15:00:00,2022-08-15 04:00:00,1.2,30.0,0.49335166227703897,7047.880889671986,1,1.27806,1.2726198115802174,1.284588226103739,1.28189,1.32233,30.501436590862003,0.0018762869759482946,USDCAD_merged,35.506648337722964
2022-08-10 15:00:00,2022-08-15 04:00:00,1.1,29.999999999999996,0.47633953599162365,6804.850514166053,1,1.27806,1.2724255191366538,1.2842579289496807,1.28189,1.32233,31.1797474715836,0.0018762869759482946,USDCAD_merged,32.52366046400838
2022-08-10 12:00:00,2022-08-15 04:00:00,1.2,29.999999999999996,0.438578059273197,6265.400846759958,1,1.27751,1.2713930250550018,1.2848503699339975,1.28189,1.32233,30.74498593329258,0.0020004922448803412,USDCAD_merged,35.561421940726795
2022-08-10 11:00:00,2022-08-15 05:00:00,-1.1,60.0,0.7574331774374654,10820.473963392364,1,0.73672,0.7326348554721773,0.7408051445278228,0.73565,0.75839,39.35440092411099,0.001336592353849879,CADCHF_merged,-66.75743317743746
2022-08-10 11:00:00,2022-08-15 05:00:00,-1.1,30.0,0.3787165887187327,5410.236981696182,1,0.73672,0.7326348554721773,0.7408051445278228,0.73565,0.75839,39.0576712550399,0.001336592353849879,CADCHF_merged,-33.37871658871873
2022-08-10 11:00:00,2022-08-15 05:00:00,-1.1,30.0,0.39177578143317177,5596.79687761674,1,0.73672,0.7327710269564381,0.7410638703479181,0.73565,0.75839,39.0576712550399,0.001336592353849879,CADCHF_merged,-33.391775781433175
2022-08-10 11:00:00,2022-08-15 05:00:00,-1.1,30.0,0.3787165887187327,5410.236981696182,1,0.73672,0.7326348554721773,0.742847716791734,0.73565,0.75839,39.0576712550399,0.001336592353849879,CADCHF_merged,-33.37871658871873
2022-08-10 11:00:00,2022-08-15 05:00:00,-1.1,30.0,0.42079620968748077,6011.374424106869,1,0.73672,0.7330433699249597,0.7422349451125606,0.73565,0.75839,39.10204862449048,0.001336592353849879,CADCHF_merged,-33.42079620968748
2022-08-10 11:00:00,2022-08-15 05:00:00,-1.1,30.0,0.40576777362721367,5796.6824803887675,1,0.73672,0.7329071984406988,0.7412953618711614,0.73565,0.75839,39.10586347727451,0.001336592353849879,CADCHF_merged,-33.40576777362721
2022-08-10 11:00:00,2022-08-15 05:00:00,-1.1,15.0,0.20288388681360683,2898.3412401943838,1,0.73672,0.7329071984406988,0.7420579221830217,0.73738,0.75839,39.71905633951551,0.001336592353849879,CADCHF_merged,-16.702883886813606
2022-08-15 19:00:00,2022-08-16 09:00:00,1.2,30.0,0.7377026954539536,10538.609935056482,1,0.96152,0.9587828648201462,0.9648045622158247,0.96987,0.99499,28.88339670928078,0.0009462948300535594,EURCHF_merged,35.262297304546045
2022-08-15 19:00:00,2022-08-16 09:00:00,1.1,30.000000000000004,0.7122646714727827,10175.209592468325,1,0.96152,0.9586851099922943,0.9646383790084764,0.96987,0.99499,29.370784785787936,0.0009462948300535594,EURCHF_merged,32.287735328527226
2022-08-15 19:00:00,2022-08-16 09:00:00,1.0,15.0,0.3442612578785117,4918.0179696930245,1,0.96152,0.9585873551644424,0.9644526448355577,0.96987,0.99499,29.370784785787936,0.0009462948300535594,EURCHF_merged,14.655738742121489
2022-08-15 12:00:00,2022-08-16 10:00:00,1.4,15.0,0.3295885689160022,4708.40812737146,1,0.96238,0.9593140593233452,0.9666723169473167,0.96987,0.98008,31.489054351729816,0.0010753374692987739,EURCHF_merged,20.670411431084
2022-08-15 12:00:00,2022-08-16 10:00:00,1.2,15.000000000000002,0.30761599765493536,4394.514252213363,1,0.96238,0.959095063560727,0.9663219237271276,0.96987,0.99499,31.489054351729816,0.0010753374692987739,EURCHF_merged,17.692384002345065
2022-08-18 15:00:00,2022-08-19 11:00:00,-1.1,30.0,0.4063669746443061,5805.242494918659,1,1.00904,1.003825540823403,1.016340242847236,1.00966,1.03685,34.74879424624805,0.0017928563595857746,EURUSD_merged,-33.40636697464431
2022-08-19 16:00:00,2022-08-22 02:00:00,1.1,30.000000000000004,0.3857561877445376,5510.802682064824,1,0.59164,0.5884191987802856,0.595182881341686,0.59381,0.60732,28.844405000775687,0.001076291030943065,NZDCHF_merged,32.61424381225547
2022-08-19 16:00:00,2022-08-22 02:00:00,1.0,29.999999999999996,0.37289764815305304,5327.10925932933,1,0.59164,0.588308136669261,0.5949718633307391,0.59381,0.60732,28.844405000775687,0.001076291030943065,NZDCHF_merged,29.627102351846943
2022-08-19 16:00:00,2022-08-22 06:00:00,1.2,30.0,0.3995331944496998,5707.617063567141,1,0.59164,0.5885302608913102,0.5953716869304279,0.59381,0.60732,27.688012802191988,0.001076291030943065,NZDCHF_merged,35.6004668055503
2022-08-22 09:00:00,2022-08-23 02:00:00,-1.1,30.000000000000004,0.5766388775929493,8237.698251327847,1,0.95885,0.9553580658307236,0.9630403210031316,0.96987,0.99499,28.712483988959594,0.0012966108214436936,EURCHF_merged,-33.576638877592956
2022-08-19 16:00:00,2022-08-23 02:00:00,-1.1,30.0,0.48084384291890286,6869.197755984327,1,1.53709,1.5303770326873576,1.5464881542376996,1.53499,1.57137,34.584297348664265,0.0023462391598049197,GBPCAD_merged,-33.4808438429189
2022-08-22 09:00:00,2022-08-23 02:00:00,-1.1,30.000000000000004,0.5766388775929493,8237.698251327847,1,0.95885,0.9553580658307236,0.9637387078369869,0.96987,0.98008,32.682852719291795,0.0012966108214436936,EURCHF_merged,-33.576638877592956
2022-08-22 09:00:00,2022-08-23 02:00:00,-1.1,29.999999999999996,0.556754778365606,7953.63969093723,1,0.95885,0.9552333538961066,0.9628283107142828,0.96987,0.99499,29.44317676826984,0.0012966108214436936,EURCHF_merged,-33.55675477836561
2022-08-19 16:00:00,2022-08-23 02:00:00,-1.1,30.000000000000004,0.44878758672430935,6411.251238918706,1,1.53709,1.5298975350221689,1.5457209579733975,1.53499,1.57676,34.584297348664265,0.0023462391598049197,GBPCAD_merged,-33.448787586724315
2022-08-22 16:00:00,2022-08-23 09:00:00,1.0,30.0,0.41673735326447686,5953.390760921098,1,0.99428,0.9892696787901447,0.9992903212098554,0.99521,1.03685,28.074969735464315,0.0015879565649552403,EURUSD_merged,29.583262646735523
2022-08-22 09:00:00,2022-08-23 09:00:00,1.2,30.0,0.5381962857534193,7688.51836790599,1,0.95885,0.9551086419614896,0.9633396296462124,0.96987,0.99499,32.682852719291795,0.0012966108214436936,EURCHF_merged,35.46180371424658
2022-08-22 16:00:00,2022-08-23 09:00:00,1.1,30.0,0.4311076068253208,6158.6800975045835,1,0.99428,0.9894366894971398,0.9996076415531463,0.99521,1.03685,28.074969735464315,0.0015879565649552403,EURUSD_merged,32.56889239317468
2022-08-22 09:00:00,2022-08-23 09:00:00,1.0,30.0,0.5381962857534193,7688.51836790599,1,0.95885,0.9551086419614896,0.9625913580385104,0.96987,0.99499,29.44317676826984,0.0012966108214436936,EURCHF_merged,29.46180371424658
2022-08-22 16:00:00,2022-08-23 10:00:00,1.2,30.0,0.4465043070690823,6378.632958129748,1,0.99428,0.989603700204135,0.9998915597550381,0.99521,1.03685,27.80460089245245,0.0015879565649552403,EURUSD_merged,35.553495692930916
2022-08-19 14:00:00,2022-08-23 10:00:00,1.4,30.0,0.32228707118413724,4604.101016916246,1,0.61789,0.6138638720041344,0.623526579194212,0.62118,0.6352,30.131134596608014,0.0014351955088330005,NZDUSD_merged,41.677712928815865
2022-08-28 18:00:00,2022-08-29 09:00:00,1.0,30.0,0.36533570901117335,5219.0815573024765,1,0.59162,0.588219286712589,0.595020713287411,0.59381,0.6087,30.062538653200388,0.001134744588960549,NZDCHF_merged,29.634664290988827
2022-08-29 02:00:00,2022-08-29 10:00:00,1.0,30.000000000000004,0.3536538068682746,5052.197240975352,1,1.16638,1.1594540233741855,1.1733059766258145,1.2003,1.22931,30.819543196683075,0.0022773260984664087,GBPUSD_merged,29.64634619313173
2022-08-28 23:00:00,2022-08-29 10:00:00,1.0,30.0,0.29433936365661933,4204.848052237419,1,0.68656,0.6816616541515595,0.6914583458484403,0.68689,0.71363,28.42691612406011,0.0015954403816601298,AUDUSD_merged,29.70566063634338
2022-08-28 23:00:00,2022-08-29 10:00:00,1.1,30.0,0.5425691282317086,7750.9875461672655,-1,1.30565,1.3107034850903443,1.3000911664006214,1.27272,1.29841,70.47541639936018,0.001680968132376227,USDCAD_merged,32.45743087176829
2022-08-28 23:00:00,2022-08-29 10:00:00,1.1,60.0,0.6089779937723158,8699.685625318798,1,0.68656,0.6818249323465075,0.6917685744188417,0.68689,0.71363,28.42691612406011,0.0015954403816601298,AUDUSD_merged,65.39102200622769
2022-08-29 02:00:00,2022-08-29 10:00:00,1.1,59.99999999999999,0.7316975314516023,10452.821877880035,1,1.16638,1.1596848892617126,1.1737446218121161,1.2003,1.22931,30.819543196683075,0.0022773260984664087,GBPUSD_merged,65.2683024685484
2022-08-29 02:00:00,2022-08-29 10:00:00,1.2,30.0,0.3789147930731513,5413.06847247359,1,1.16638,1.1599157551492398,1.1741370938209124,1.2003,1.22931,29.810902460319014,0.0022773260984664087,GBPUSD_merged,35.62108520692685
2022-08-28 23:00:00,2022-08-29 10:00:00,1.2,30.0,0.3153636039178064,4505.194341682949,1,0.68656,0.6819882105414555,0.6920461473502533,0.68689,0.71363,26.913639788221637,0.0015954403816601298,AUDUSD_merged,35.68463639608219
2022-08-28 18:00:00,2022-08-29 10:00:00,1.2,30.0,0.3914311167976857,5591.873097109797,1,0.59162,0.5884460009317498,0.5954287988819003,0.59381,0.6087,29.05890988288062,0.001134744588960549,NZDCHF_merged,35.60856888320232
2022-08-28 18:00:00,2022-08-29 10:00:00,1.1,30.0,0.3779334920805241,5399.049886864631,1,0.59162,0.5883326438221694,0.5952360917956137,0.59381,0.6087,30.062538653200388,0.001134744588960549,NZDCHF_merged,32.62206650791948
2022-08-28 19:00:00,2022-08-29 11:00:00,1.2,29.999999999999996,0.36540821964158815,5220.11742345126,1,0.59235,0.5889457662331185,0.5964350805202581,0.59381,0.6087,32.569175720356974,0.0011208342611776483,NZDCHF_merged,35.634591780358406
2022-08-28 22:00:00,2022-08-30 04:00:00,1.4,15.0,0.16269438420902924,2324.205488700418,1,0.61122,0.6072752971565666,0.6167425839808067,0.62118,0.6468,36.67927791823089,0.0014803351266488255,NZDUSD_merged,20.83730561579097
2022-09-01 12:00:00,2022-09-02 08:00:00,1.2,29.999999999999996,0.32127979351659697,4589.711335951386,1,0.99482,0.9883174995559686,1.0026230005328378,0.99521,1.03685,29.826591554643116,0.0023228700452145026,EURUSD_merged,35.6787202064834
2022-09-01 12:00:00,2022-09-02 08:00:00,1.1,60.0,0.6204023598941182,8862.890855630261,1,0.99482,0.9880852673972532,1.0022282058630216,0.99521,1.03685,31.430444795319943,0.0023228700452145026,EURUSD_merged,65.37959764010589
2022-09-01 12:00:00,2022-09-02 08:00:00,1.0,30.000000000000004,0.2998611406154906,4283.730580221294,1,0.99482,0.9878530352385377,1.0017869647614623,0.99521,1.03685,31.430444795319943,0.0023228700452145026,EURUSD_merged,29.700138859384513
2022-09-02 10:00:00,2022-09-06 01:00:00,-1.1,60.0,0.7776533437749823,11109.333482499747,-1,106.838,107.41501751505595,106.20328073343843,102.586,105.085,67.15170154751375,0.21790215999328816,CADJPY_merged,-66.77765334377499
2022-09-06 07:00:00,2022-09-06 10:00:00,-1.1,15.0,0.2674762584987562,3821.0894071250896,-1,140.699,141.2513254692928,139.87051179606087,134.943,138.393,62.295818516664,0.27979396788592914,EURJPY_merged,-16.767476258498757
2022-09-06 06:00:00,2022-09-06 18:00:00,-1.1,15.0,0.19572534393309246,2796.076341901321,-1,86.099,86.56089189495513,85.40616215756731,82.127,86.232,64.92442763232391,0.17996139105540196,NZDJPY_merged,-16.69572534393309
2022-09-06 15:00:00,2022-09-06 18:00:00,-1.1,15.0,0.22714601129310394,3244.9430184729135,-1,142.884,143.54449233770785,142.09140919475055,131.731,139.387,77.83281530488067,0.236296306619107,USDJPY_merged,-16.727146011293105
2022-09-06 21:00:00,2022-09-06 23:00:00,-1.1,60.0,0.8237766055678598,11768.237222397998,-1,145.241,145.98150682658013,144.13023976012983,137.166,143.109,71.01263249688019,0.2483473510843233,CHFJPY_merged,-66.82377660556786
2022-09-06 13:00:00,2022-09-07 00:00:00,-1.1,15.0,0.21450665582084427,3064.3807974406327,-1,108.766,109.29840445879397,108.02063375768846,102.586,105.085,74.49030881291496,0.2205612489381409,CADJPY_merged,-16.714506655820845
2022-09-07 05:00:00,2022-09-07 07:00:00,-1.1,60.0,0.7628022816120468,10897.17545160067,-1,144.052,144.84515232083652,142.94158675082883,130.392,139.387,77.39788626262397,0.3182315527046116,USDJPY_merged,-66.76280228161205
2022-09-07 01:00:00,2022-09-07 15:00:00,1.4,15.0,0.20108307185082794,2872.615312154685,1,0.67148,0.6679737177778792,0.676388795110969,0.68689,0.70084,34.342876015369896,0.001433025859749125,AUDUSD_merged,20.798916928149172
2022-09-07 11:00:00,2022-09-08 05:00:00,-1.1,15.0,0.18502860062827742,2643.2657232611064,1,1.12578,1.119391425498619,1.1353628617520712,1.15246,1.17156,37.90119821433176,0.002430205179064591,GBPCHF_merged,-16.68502860062828
2022-09-07 12:00:00,2022-09-08 05:00:00,-1.1,30.0,0.45587925934708606,6512.560847815515,-1,147.195,147.873051246382,146.2457282550652,137.166,143.109,80.0985733377599,0.281055541754945,CHFJPY_merged,-33.455879259347086
2022-09-06 16:00:00,2022-09-09 03:00:00,1.5,15.0,0.24515107546079729,3502.158220868533,1,0.88526,0.8814683666235084,0.8909474500647376,0.8912,0.91054,33.81587576439395,0.0012321722355807744,AUDCAD_merged,22.254848924539203
2022-09-09 00:00:00,2022-09-11 17:00:00,1.5,15.0,0.22134225690185327,3162.032241455047,-1,97.677,98.14035865295473,96.98196202056793,90.52,95.147,59.14414955373116,0.2442022317289762,AUDJPY_merged,22.278657743098147
2022-09-09 00:00:00,2022-09-12 02:00:00,-1.1,15.0,0.17026327453988715,2432.3324934269594,-1,97.677,98.27936624884114,96.77345062673831,90.52,95.753,59.34818188691168,0.2442022317289762,AUDJPY_merged,-16.670263274539888
2022-09-12 06:00:00,2022-09-13 08:00:00,-1.1,60.0,0.9945693497373257,14208.133567676083,-1,149.256,149.88629812869817,148.31055280695273,137.166,143.109,66.85447180282753,0.3182812740384383,CHFJPY_merged,-66.99456934973733
2022-09-12 06:00:00,2022-09-13 08:00:00,-1.1,60.0,0.756114823933112,10801.6403419016,-1,166.677,167.6028427130929,165.28823593036063,159.432,166.33,62.87134490354314,0.3515152546760372,GBPJPY_merged,-66.75611482393312
2022-09-12 06:00:00,2022-09-13 08:00:00,-1.1,15.0,0.19126333648794724,2732.3333783992466,-1,149.256,150.07538756730764,148.02691864903855,137.166,143.109,67.92565129517357,0.3182812740384383,CHFJPY_merged,-16.691263336487946
2022-09-12 06:00:00,2022-09-13 23:00:00,1.5,15.0,0.16846528021156204,2406.6468601651723,-1,98.076,98.68728203906868,97.15907694139698,90.52,95.753,57.991837376781795,0.226457871095957,AUDJPY_merged,22.331534719788436
2022-09-12 06:00:00,2022-09-14 01:00:00,1.5,30.0,0.393597599357754,5622.822847967915,-1,144.826,145.59870440799503,143.66694338800744,134.943,138.393,57.686562942262604,0.3782556179976942,EURJPY_merged,44.606402400642246
2022-09-13 20:00:00,2022-09-14 03:00:00,1.5,15.0,0.20282957182546904,2897.5653117924153,-1,144.452,145.19979332537622,143.3303100119357,130.392,139.387,61.09677666421182,0.3897611867818112,USDJPY_merged,22.29717042817453
2022-09-13 14:00:00,2022-09-14 04:00:00,1.5,30.0,0.35553693595102914,5079.099085014703,-1,150.327,151.21491534177895,148.99512698733156,137.166,143.109,62.743614514535786,0.32718405063533995,CHFJPY_merged,44.64446306404897
2022-09-13 17:00:00,2022-09-14 07:00:00,-1.1,30.000000000000004,0.40056656740295227,5722.37953432789,-1,1.66155,1.6702607993625689,1.6484838009561469,1.58681,1.6548,60.2895897819536,0.003288142629488852,EURNZD_merged,-33.40056656740296
2022-09-12 06:00:00,2022-09-14 09:00:00,1.5,30.0,0.4854691207061642,6935.273152945204,-1,0.8688,0.8725581792995322,0.8631627310507017,0.83393,0.8584,48.79982781699198,0.0014250640355472058,EURGBP_merged,44.51453087929384
2022-09-13 16:00:00,2022-09-15 06:00:00,-1.1,30.0,0.4243257493789054,6061.796419698649,1,0.64721,0.6440069396106896,0.6520145905839655,0.65591,0.67495,32.36993440875449,0.0015535637521798093,AUDCHF_merged,-33.42432574937891
2022-09-13 14:00:00,2022-09-15 06:00:00,-1.1,30.0,0.3841560990649796,5487.944272356852,1,1.10653,1.1004811229792895,1.115603315531066,1.15246,1.17156,31.666047981300085,0.002305313221682374,GBPCHF_merged,-33.38415609906498
2022-09-13 16:00:00,2022-09-15 10:00:00,-1.1,30.0,0.5371767703765857,7673.953862522653,-1,1.66404,1.6705452775784593,1.6542820836323109,1.58681,1.6548,59.7873600374439,0.0033503074471418377,EURNZD_merged,-33.53717677037658
2022-09-14 11:00:00,2022-09-15 10:00:00,-1.1,15.000000000000002,0.19679410975627434,2811.3444250896337,-1,1.6612,1.670063375037801,1.6479049374432988,1.58681,1.6548,51.779231441803766,0.0033219196563574515,EURNZD_merged,-16.69679410975628
2022-09-15 08:00:00,2022-09-15 16:00:00,1.5,30.000000000000004,0.6223362549251181,8890.517927501689,1,0.95618,0.9529534838134385,0.9610197742798424,0.95519,0.98659,42.37459791641871,0.0016344539437607255,EURCHF_merged,44.37766374507489
2022-09-13 18:00:00,2022-09-15 17:00:00,-1.1,30.0,0.27877037452076314,3982.433921725188,1,0.64761,0.6427315009760706,0.6549277485358942,0.65591,0.67495,32.563983151961025,0.001578583031216274,AUDCHF_merged,-33.27877037452076
2022-09-15 17:00:00,2022-09-16 02:00:00,-1.1,30.0,0.7074582585723307,10106.546551033296,-1,1.32263,1.3265560591933792,1.316740911209931,1.27272,1.29841,64.43289803267609,0.0018649560540689614,USDCAD_merged,-33.70745825857233
2022-09-15 14:00:00,2022-09-16 02:00:00,-1.1,30.0,0.7170000027027239,10242.857181467485,-1,0.87073,0.8732802552205123,0.8669046171692315,0.83864,0.8584,63.85077153751252,0.0012433327809521684,EURGBP_merged,-33.717000002702726
2022-09-15 08:00:00,2022-09-16 03:00:00,-1.1,30.0,0.5713156802260269,8161.652574657528,1,1.10063,1.0965843854999997,1.1066984217500007,1.15246,1.17156,35.099867883543645,0.002059749589285894,GBPCHF_merged,-33.57131568022603
2022-09-15 08:00:00,2022-09-16 03:00:00,-1.1,15.0,0.21159840008371364,3022.8342869101953,1,1.10063,1.0951684204249994,1.1071838954900006,1.15246,1.17156,35.099867883543645,0.002059749589285894,GBPCHF_merged,-16.711598400083712
2022-09-15 08:00:00,2022-09-16 15:00:00,1.5,30.0,0.4498334353672183,6426.191933817405,1,0.5735,0.5708226756721255,0.5775159864918117,0.58921,0.60202,38.98622710098059,0.001365186295084589,NZDCHF_merged,44.55016656463278
2022-09-15 23:00:00,2022-09-19 09:00:00,-1.1,30.000000000000004,0.6136145249946909,8765.921785638442,-1,1.6759,1.6816355063425696,1.6672967404861452,1.58681,1.6548,59.28963911707545,0.003009342230478834,EURNZD_merged,-33.613614524994695
2022-09-13 10:00:00,2022-09-19 22:00:00,-1.1,30.0,0.38429967886018984,5489.995412288426,1,0.79103,0.7867074280818374,0.797513857877244,0.79028,0.82518,32.85702316759163,0.0016766328279152478,NZDCAD_merged,-33.38429967886019
2022-09-19 13:00:00,2022-09-20 02:00:00,-1.1,15.0,0.24057731751716266,3436.8188216737526,-1,1.68222,1.6895620512716207,1.6712069230925688,1.58681,1.6548,63.39513232190761,0.002730018311293128,EURNZD_merged,-16.74057731751716
2022-09-16 07:00:00,2022-09-21 02:00:00,-1.1,14.999999999999998,0.1742265381189196,2488.950544555995,1,1.14038,1.1335073443590855,1.1486271867690974,1.2003,1.22931,35.74874279124664,0.0024928974426425624,GBPUSD_merged,-16.67422653811892
2022-09-21 05:00:00,2022-09-21 17:00:00,-1.1,15.0,0.2170023246798527,3100.033209712182,1,0.95488,0.9502596624000264,0.9613484726399629,0.95519,0.98659,39.91406924356025,0.0019804877618945457,EURCHF_merged,-16.717002324679854
2022-09-22 00:00:00,2022-09-22 03:00:00,-1.1,30.0,0.4513398633051912,6447.7123329313035,1,0.715,0.71167323867871,0.7196574658498058,0.72897,0.75064,32.97736559863768,0.0013214255112133652,CADCHF_merged,-33.45133986330519
2022-09-22 00:00:00,2022-09-22 03:00:00,1.4,15.0,0.24545520327748668,3506.502903964096,1,0.94876,0.9447014264326115,0.9544420029943441,0.95519,0.98659,33.033528526279675,0.0016031385826205855,EURCHF_merged,20.754544796722513
2022-09-22 05:00:00,2022-09-22 09:00:00,-1.1,30.0,0.2961342796762531,4230.489709660759,1,1.13254,1.1245087312032904,1.1437837763153937,1.2003,1.22931,45.46674920040361,0.003390193284441257,GBPUSD_merged,-33.29613427967625
2022-09-23 06:00:00,2022-09-23 10:00:00,-1.1,15.0,0.17694849556792486,2527.8356509703553,1,0.97619,0.9703973567977494,0.9848789648033758,0.98638,1.03685,31.626509887917255,0.0022223725722323347,EURUSD_merged,-16.676948495567924
2022-09-26 16:00:00,2022-09-27 02:00:00,1.5,15.0,0.19600570408384715,2800.0814869121023,-1,1.70326,1.7123843416019922,1.6895734875970119,1.58681,1.6548,63.5895913338271,0.004439872886639192,EURNZD_merged,22.30399429591615
2022-09-26 20:00:00,2022-09-27 22:00:00,-1.1,14.999999999999998,0.15317768316020408,2188.2526165743443,-1,1.69805,1.7096897667285205,1.6805903499072192,1.58681,1.6548,51.87362256829457,0.004569202403043042,EURNZD_merged,-16.653177683160205
2022-09-28 00:00:00,2022-09-28 09:00:00,1.4,15.0,0.1260797102441455,1801.138717773507,1,0.55896,0.554304944885553,0.5654770771602258,0.60601,0.61607,34.13626693906808,0.0018760629907086442,NZDUSD_merged,20.873920289755855
2022-09-28 04:00:00,2022-09-28 09:00:00,1.4,29.999999999999996,0.26281710688046356,3754.5300982923372,1,0.63919,0.6340826498128963,0.6463402902619453,0.68689,0.69155,36.71631681309205,0.0021139152509627563,AUDUSD_merged,41.73718289311953
2022-09-28 17:00:00,2022-09-29 09:00:00,-1.1,30.0,0.3493415543147264,4990.59363306752,-1,1.32418,1.3321400550397011,1.312239917440448,1.28749,1.3244,59.743125259554525,0.002917876799893297,EURCAD_merged,-33.34934155431473
2022-09-28 14:00:00,2022-09-29 20:00:00,-1.1,30.0,0.423739954202627,6053.427917180386,-1,147.512,148.2430502512866,146.41542462307012,137.166,143.109,63.72050939181214,0.35498761666877476,CHFJPY_merged,-33.423739954202624
2022-09-28 21:00:00,2022-09-29 20:00:00,-1.1,30.0,0.38355734447163903,5479.39063530913,-1,147.495,148.30254417680797,146.28368373478804,137.166,143.109,63.34884011135099,0.3053372060028453,CHFJPY_merged,-33.38355734447164
2022-10-02 22:00:00,2022-10-03 08:00:00,1.5,29.999999999999996,0.35111048241370596,5015.864034481514,-1,1.73988,1.7502862629371883,1.7242706055942179,1.58681,1.6548,64.77591976935452,0.005008622077980215,EURNZD_merged,44.648889517586284
2022-09-28 13:00:00,2022-10-03 09:00:00,1.5,15.0,0.14000065510618956,2000.009358659851,1,0.71581,0.7104414501212161,0.7238628248181758,0.72897,0.75064,41.539109787142586,0.0020337678138513844,CADCHF_merged,22.35999934489381
2022-10-04 16:00:00,2022-10-05 10:00:00,1.5,30.0,0.30168193875281385,4309.741982183055,-1,1.76431,1.7765913152663932,1.7458880271004105,1.68706,1.72142,63.88529873391143,0.0058248963736825055,GBPAUD_merged,44.698318061247186
2022-10-10 09:00:00,2022-10-10 22:00:00,-1.1,30.0,0.6585085548898324,9407.26506985475,-1,0.99788,1.001062263896861,0.9931066041547085,0.94792,0.98693,67.65430035298635,0.0016496225235425918,USDCHF_merged,-33.658508554889835
2022-10-11 02:00:00,2022-10-11 06:00:00,1.5,30.0,0.791369170961867,11305.273870883815,-1,1.00099,1.0036462558627917,0.9970056162058126,0.94792,0.98693,63.563514209533864,0.0013589759362961063,USDCHF_merged,44.208630829038135
2022-10-11 02:00:00,2022-10-11 08:00:00,1.5,30.0,0.6391741034346601,9131.058620495145,-1,1.38364,1.388185935112806,1.3768210973307908,1.29533,1.29841,65.62216060917966,0.0023277555880885565,USDCAD_merged,44.36082589656534
2022-10-10 06:00:00,2022-10-11 21:00:00,-1.1,30.0,0.3925661678277342,5608.088111824774,1,0.867,0.8623620557520918,0.8734931219470714,0.88155,0.89669,30.66153609443733,0.0019351570006787653,AUDCAD_merged,-33.39256616782773
2022-10-12 03:00:00,2022-10-12 06:00:00,-1.1,60.0,1.757540387392513,25107.719819893045,-1,146.169,146.5183005363654,145.64504919545195,140.346,145.901,64.46034396399091,0.1731752490267794,USDJPY_merged,-67.75754038739251
2022-10-12 19:00:00,2022-10-13 08:00:00,-1.1,15.0,0.3223843221418409,4605.4903163120125,-1,146.774,147.2520403059805,146.05693954102927,140.346,145.901,67.85779016543395,0.15632199947015243,USDJPY_merged,-16.82238432214184
2022-10-13 06:00:00,2022-10-13 08:00:00,-1.1,30.0,1.1955507150699227,17079.295929570326,-1,146.801,147.05885781909046,146.41421327136425,140.346,145.901,65.07713714523041,0.12364827314915419,USDJPY_merged,-34.19555071506992
2022-10-13 12:00:00,2022-10-14 10:00:00,-1.1,30.0,0.5078044683363482,7254.349547662117,-1,1.34405,1.3496082516027221,1.3357126225959166,1.29988,1.3244,56.691926425932806,0.00275775967269245,EURCAD_merged,-33.507804468336346
2022-10-13 14:00:00,2022-10-17 10:00:00,-1.1,14.999999999999998,0.10040629388086336,1434.3756268694767,-1,1.79621,1.8149938872156546,1.7680341691765182,1.591,1.72142,64.56392539629411,0.006099774614369256,GBPAUD_merged,-16.600406293880862
2022-10-13 10:00:00,2022-10-17 10:00:00,-1.1,30.0,0.3068087551704089,4382.982216720127,1,0.86469,0.8587714954938576,0.8729759063085993,0.86486,0.92792,33.78880253315039,0.002480611862495561,EURGBP_merged,-33.30680875517041
2022-10-17 21:00:00,2022-10-18 04:00:00,-1.1,15.0,0.48100013476794223,6871.4304966848895,-1,148.765,149.0897467905084,148.27787981423737,140.346,145.901,60.785158897952314,0.16570386702176015,USDJPY_merged,-16.981000134767942
2022-10-18 05:00:00,2022-10-19 17:00:00,-1.1653815523063296,15.0,0.2262593379012535,3232.276255732193,1,1.10839,1.1032463029009307,1.1161055456486038,1.11122,1.14895,40.747290052683915,0.0018263824354261993,AUDNZD_merged,-17.7069826224962
2022-10-21 10:00:00,2022-10-21 12:00:00,1.5,15.000000000000002,0.20941052902496363,2991.578986070909,-1,1.00531,1.0103506992662443,0.9977489511006332,0.94792,0.98693,51.3700182660291,0.0028396103736135067,USDCHF_merged,22.29058947097504
2022-10-24 12:00:00,2022-10-25 09:00:00,-1.1,30.0,0.6659211052711368,9513.158646730526,-1,0.98803,0.9911457790068167,0.9833563314897749,0.9407,0.98001,63.96739778826341,0.0015351831103077676,EURCHF_merged,-33.66592110527114
2022-10-25 11:00:00,2022-10-26 03:00:00,-1.1,30.0,0.2973346563282596,4247.6379475465665,-1,1.14583,1.1539227095069047,1.1336909357396425,1.09227,1.14951,65.29653528702595,0.004045186556777261,GBPUSD_merged,-33.29733465632826
2022-11-01 03:00:00,2022-11-02 13:00:00,-1.1,15.0,0.20639101304098975,2948.443043442711,-1,0.58475,0.5877248751699671,0.5802876872450493,0.54929,0.56966,58.3179672831731,0.0015333349003418893,NZDCHF_merged,-16.70639101304099
2022-11-06 17:00:00,2022-11-07 04:00:00,-1.1,15.0,0.15987189534569443,2283.8842192242064,-1,86.432,86.99966450290566,85.63726969593208,80.687,84.009,51.93772739550286,0.2973241781917273,NZDJPY_merged,-16.659871895345695
2022-11-07 10:00:00,2022-11-08 10:00:00,-1.1,15.0,0.16930328327720276,2418.6183325314682,-1,0.99886,1.005054817842267,0.9908067368050528,0.96315,0.99995,67.34839251203489,0.002453075198556312,EURUSD_merged,-16.669303283277202
2022-11-09 17:00:00,2022-11-10 05:00:00,1.4,15.0,0.2698439458547078,3854.9135122101115,-1,0.88084,0.8842674698921649,0.8760415421509691,0.85709,0.87801,64.24400913034144,0.0014430468508740482,EURGBP_merged,20.730156054145294
2022-11-10 18:00:00,2022-11-11 03:00:00,-1.1,60.0,0.5843890498116971,8348.41499730996,-1,1.01976,1.0270890079637531,1.0094993888507457,0.96315,1.00934,64.83744966299561,0.0030717734015152124,EURUSD_merged,-66.58438904981169
2022-11-10 18:00:00,2022-11-11 05:00:00,-1.1,15.0,0.13440948145669035,1920.1354493812908,-1,1.01976,1.0277263130040795,1.0094037930946969,0.96315,0.99995,65.18743427752753,0.0030717734015152124,EURUSD_merged,-16.63440948145669
2022-11-11 02:00:00,2022-11-11 11:00:00,-1.1,30.0,0.3579298890330458,5113.284129043512,-1,0.88381,0.8889953758427775,0.8765504738201114,0.85969,0.88319,67.09074651921843,0.0022499032905623616,AUDCAD_merged,-33.357929889033045
2022-11-15 08:00:00,2022-11-15 08:00:00,-1.1,15.0,0.18367450693182172,2623.9215275974534,-1,1.0407,1.0466493013932827,1.0329659081887324,0.96315,0.99995,67.61611355515464,0.002844026231790717,EURUSD_merged,-16.683674506931823
2022-11-15 14:00:00,2022-11-17 07:00:00,1.3,15.0,0.17403094656632015,2486.1563795188595,-1,0.89755,0.9029652868704926,0.8905101270683595,0.85969,0.88319,64.16920570671476,0.0022156779804686937,AUDCAD_merged,19.32596905343368
2022-11-15 14:00:00,2022-11-17 07:00:00,1.4,30.0,0.3783281447093917,5404.687781562739,-1,0.89755,0.9025320639208532,0.8905751105108054,0.86221,0.88319,64.10833838014383,0.0022156779804686937,AUDCAD_merged,41.62167185529061
2022-11-18 05:00:00,2022-11-18 08:00:00,-1.1,15.0,0.3905216040323424,5578.880057604892,1,1.08735,1.084426429349334,1.0914429989109327,1.08698,1.14895,29.912465428602495,0.0012767521260453284,AUDNZD_merged,-16.890521604032344
2022-11-18 05:00:00,2022-11-18 08:00:00,-1.1,15.000000000000002,0.4082725860338125,5832.465514768751,1,1.08735,1.0845535411167542,1.0915446883248687,1.08698,1.14895,29.912465428602495,0.0012767521260453284,AUDNZD_merged,-16.908272586033817
2022-11-15 12:00:00,2022-11-21 01:00:00,1.4,15.0,0.14822529785535213,2117.5042550764592,-1,1.03714,1.0444869037725444,1.0268543347184378,0.97299,1.00934,57.953850981875426,0.0032389984174868536,EURUSD_merged,20.85177470214465
2022-11-18 09:00:00,2022-11-21 13:00:00,1.4,30.0,0.41539360453293095,5934.194350470442,-1,0.82465,0.8288189736700381,0.8188134368619466,0.76235,0.78847,60.965469689866815,0.0018559831587110407,NZDCAD_merged,41.58460639546707
2022-11-23 13:00:00,2022-11-23 20:00:00,-1.1,60.0,0.7269897525662967,10385.56789380424,1,139.843,139.0350923260243,140.8932799761684,145.105,151.941,32.84584967453548,0.31307999319097,USDJPY_merged,-66.7269897525663
2022-11-23 13:00:00,2022-11-23 22:00:00,-1.1,30.0,0.4044818153407031,5778.31164772433,1,0.94425,0.939347616444562,0.9506230986220695,0.94792,1.01472,33.8754251835543,0.0019273138920198533,USDCHF_merged,-33.4044818153407
2022-11-23 17:00:00,2022-11-24 05:00:00,-1.1,30.0,0.43288424108850515,6184.060586978646,-1,1.60773,1.6155293899512497,1.5968108540682506,1.51669,1.58127,64.10843978247793,0.0032516791728647567,GBPCAD_merged,-33.4328842410885
2022-11-24 03:00:00,2022-11-24 05:00:00,-1.1,15.0,0.18900750760779791,2700.1072515399705,1,138.976,138.20394177941967,139.97967568675443,145.105,151.941,32.6318045986727,0.3135501962155518,USDJPY_merged,-16.689007507607798
2022-11-23 14:00:00,2022-11-24 07:00:00,-1.1,29.999999999999996,0.3831499850696071,5473.5712152801025,-1,0.83225,0.836811464356269,0.8258639499012235,0.76235,0.78847,67.94634378348594,0.0020044421314129573,NZDCAD_merged,-33.38314998506961
2022-11-24 11:00:00,2022-11-25 04:00:00,1.3,30.0,0.3594267859479311,5134.668370684731,1,138.358,137.5496245217125,139.40888812177377,145.105,151.941,34.05479772408318,0.31368232050678724,USDJPY_merged,38.64057321405207
2022-11-24 11:00:00,2022-11-25 06:00:00,1.3,15.0,0.20379663928571712,2911.3805612245305,1,103.785,103.25027945513752,104.48013670832121,104.527,110.347,37.189583784543586,0.20646763094891932,CADJPY_merged,19.296203360714284
2022-11-23 13:00:00,2022-11-25 06:00:00,1.3,30.000000000000004,0.43540106252011895,6220.015178858843,1,0.70425,0.700853304108998,0.7086657046583027,0.7112,0.74219,32.30723660145343,0.0013437727595150336,CADCHF_merged,38.564598937479886
2022-11-24 11:00:00,2022-11-27 17:00:00,1.4,15.0,0.1829780687151562,2613.9724102165173,-1,0.62679,0.6303867671132463,0.6217545260414551,0.55118,0.58132,62.37715860919262,0.0014913966606274174,NZDUSD_merged,20.817021931284845
2022-11-24 12:00:00,2022-11-27 20:00:00,1.4,30.0,0.43059465948591324,6151.35227837019,-1,1.21206,1.2179711880371178,1.2037843367480348,1.1145,1.16449,65.84648996915243,0.002503647344178037,GBPUSD_merged,41.56940534051409
2022-11-24 12:00:00,2022-11-27 20:00:00,1.3,30.0,0.39614708672704013,5659.244096100574,-1,1.21206,1.2184852043881715,1.2037072342953767,1.03261,1.16449,65.97972231264316,0.002503647344178037,GBPUSD_merged,38.60385291327296
2022-11-24 12:00:00,2022-11-28 01:00:00,-1.1,30.0,0.5032445711849589,7189.208159785128,-1,1.61567,1.6224120637882111,1.6062311106965041,1.51669,1.58127,65.02631154276847,0.002921236933128762,GBPCAD_merged,-33.50324457118496
2022-11-23 13:00:00,2022-11-28 02:00:00,-1.1,60.0,1.0689377463465177,15270.539233521682,-1,1.3892,1.3946583534166905,1.3815583052166331,1.32708,1.36953,64.41627632981746,0.002328683056427868,EURCAD_merged,-67.06893774634652
2022-11-23 13:00:00,2022-11-28 02:00:00,-1.1,30.0,0.491711363319398,7024.448047419973,-1,1.3892,1.3951329928442289,1.3814871093025025,1.32708,1.36953,65.26515352033194,0.002328683056427868,EURCAD_merged,-33.491711363319396
2022-11-24 12:00:00,2022-11-28 02:00:00,-1.1,30.0,0.4629850054901622,6614.071507002318,-1,1.61567,1.6229983302045774,1.6061431707340492,1.51669,1.58127,65.06593734491837,0.002921236933128762,GBPCAD_merged,-33.46298500549016
2022-11-27 22:00:00,2022-11-28 03:00:00,-1.1,30.0,0.36658881836770124,5236.98311953859,1,103.077,102.48652454315483,103.84461809389872,104.527,110.347,34.21359972575285,0.23274802682820672,CADJPY_merged,-33.3665888183677
2022-11-28 07:00:00,2022-11-28 10:00:00,1.5,14.999999999999998,0.26033634838270775,3719.0906911815396,-1,1.40599,1.411660700650029,1.3974839490249567,1.32708,1.36953,74.66819253685792,0.0025491918328044575,EURCAD_merged,22.23966365161729
2022-11-28 10:00:00,2022-11-28 21:00:00,1.4,29.999999999999996,0.46348586955967086,6621.226707995299,-1,1.4022,1.4085532033949546,1.3933055152470635,1.32708,1.36953,54.57331208215911,0.003031386463801585,EURCAD_merged,41.536514130440324
2022-11-28 10:00:00,2022-11-28 22:00:00,1.3,30.0,0.4264069999948972,6091.528571355674,-1,1.4022,1.409105655864081,1.3932226473766944,1.32708,1.36953,54.3011578157568,0.003031386463801585,EURCAD_merged,38.573593000005104
2022-11-28 07:00:00,2022-11-29 08:00:00,-1.1,29.999999999999996,0.3262459515248779,4660.656450355399,1,102.898,102.23565982691888,103.75904222500544,104.527,110.347,37.30624558817174,0.2542977785729847,CADJPY_merged,-33.326245951524875
2022-11-29 13:00:00,2022-11-30 08:00:00,1.3,30.0,0.2759574187178669,3942.24883882667,1,101.828,101.05310218788999,102.83536715574301,104.527,110.347,36.723068328927795,0.3011763302122879,CADJPY_merged,38.724042581282134
2022-11-29 13:00:00,2022-11-30 13:00:00,-1.1,29.999999999999996,0.40131379599873573,5733.054228553368,-1,0.84282,0.8472303193502114,0.8366455529097041,0.76235,0.78847,62.611666767277,0.0018748494271039814,NZDCAD_merged,-33.40131379599874
2022-11-29 13:00:00,2022-12-01 00:00:00,-1.1,30.0,0.3771371513212891,5387.673590304131,-1,0.90956,0.9146246720783358,0.90246945909033,0.86221,0.88319,62.251804131871495,0.002133314814234905,AUDCAD_merged,-33.37713715132129
2022-11-29 13:00:00,2022-12-01 01:00:00,-1.1,29.999999999999996,0.3469661792155859,4956.659703079799,-1,0.90956,0.9150650783460171,0.9024033981501779,0.85969,0.88319,62.55479486534604,0.002133314814234905,AUDCAD_merged,-33.346966179215585
2022-12-01 03:00:00,2022-12-01 07:00:00,-1.1,30.0,0.3008724778110969,4298.178254444241,-1,0.63149,0.635897611522489,0.6253193438685154,0.55118,0.58132,66.60486263005997,0.002018041919017306,NZDUSD_merged,-33.3008724778111
2022-12-01 03:00:00,2022-12-01 10:00:00,-1.1,60.0,0.5730794781110538,8186.849687300768,1,136.532,135.53138067597516,138.0329289860373,145.105,151.941,30.087837508215994,0.4551250393611408,USDJPY_merged,-66.57307947811105
2022-12-01 03:00:00,2022-12-01 12:00:00,-1.1,15.0,0.13704074476568678,1957.7249252240972,1,136.532,135.48589797942856,137.99654282880002,137.671,151.941,30.087837508215994,0.4551250393611408,USDJPY_merged,-16.637040744765688
2022-12-01 20:00:00,2022-12-02 02:00:00,-1.1,30.0,0.307625300623915,4394.647151770215,1,135.503,134.57799058294984,136.70551224216516,145.105,151.941,31.073520668724868,0.3807177834757629,USDJPY_merged,-33.30762530062392
2022-12-01 20:00:00,2022-12-02 03:00:00,-1.1,30.0,0.34010953481535505,4858.707640219358,1,100.76,100.13785925315244,101.56878297090182,104.527,110.347,30.07636236409651,0.2554379916862359,CADJPY_merged,-33.340109534815355
2022-12-01 08:00:00,2022-12-02 03:00:00,-1.1,30.0,0.3504846036989483,5006.922909984976,1,144.263,143.39861880663886,145.38669555136948,144.556,149.079,41.40240980973519,0.3608415861055641,CHFJPY_merged,-33.350484603698945
2022-12-01 14:00:00,2022-12-02 04:00:00,-1.1,30.0,0.5618033550242428,8025.762214632042,1,1.06862,1.0646255382725451,1.074611692591182,1.08698,1.1044,34.559971660142686,0.001778116962886753,AUDNZD_merged,-33.561803355024246
2022-12-01 12:00:00,2022-12-02 12:00:00,-1.1,15.0,0.171514606734895,2450.2086676413574,-1,1.64473,1.6547989179357727,1.630633514889918,1.51669,1.58127,64.51643518229459,0.004277948234939322,GBPCAD_merged,-16.671514606734895
2022-12-02 15:00:00,2022-12-02 16:00:00,-1.1,30.0,0.6917061224914713,9881.516035592449,1,1.06254,1.0593141589564614,1.0670561774609542,1.08698,1.1044,27.12864042700126,0.0013616438995653396,AUDNZD_merged,-33.691706122491475
2022-12-01 12:00:00,2022-12-02 16:00:00,-1.1,30.0,0.3155868763922067,4508.383948460097,-1,1.64473,1.6556744760171445,1.6305021811777123,1.51669,1.58127,65.05448574151805,0.004277948234939322,GBPCAD_merged,-33.31558687639221
2022-12-02 15:00:00,2022-12-02 16:00:00,-1.1,30.0,0.7231473098774472,10330.675855392104,1,1.06254,1.059454412914876,1.067168380627686,1.08698,1.1044,27.12864042700126,0.0013616438995653396,AUDNZD_merged,-33.72314730987745
2022-12-02 07:00:00,2022-12-05 04:00:00,1.4,15.0,0.18364872258307355,2623.553179758194,1,91.382,90.85952917281199,92.11345915806322,92.595,95.741,30.085246773583307,0.21807828426845227,AUDJPY_merged,20.816351277416928
2022-12-02 07:00:00,2022-12-05 04:00:00,1.5,15.0,0.19199639179139505,2742.8055970199293,1,91.382,90.88224529573321,92.13163205640019,92.595,95.741,30.085246773583307,0.21807828426845227,AUDJPY_merged,22.308003608208605
2022-12-01 12:00:00,2022-12-05 10:00:00,1.3,30.0,0.3995345020725218,5707.635743893169,1,0.85681,0.8523065065828698,0.8626645414422692,0.85709,0.88275,38.79404576426173,0.0017462975549340776,EURGBP_merged,38.60046549792748
2022-12-04 20:00:00,2022-12-05 15:00:00,-1.1,30.0,0.5976204517099304,8537.435024427577,1,1.06344,1.059703139935037,1.068671604090948,1.08698,1.1044,38.51262737708188,0.001597241641134148,AUDNZD_merged,-33.59762045170993
2022-12-04 20:00:00,2022-12-05 15:00:00,-1.1,30.000000000000004,0.6247850176967453,8925.500252810649,1,1.06344,1.0598656121117744,1.0688015818323382,1.08698,1.1044,38.51262737708188,0.001597241641134148,AUDNZD_merged,-33.62478501769675
2022-12-01 12:00:00,2022-12-07 01:00:00,1.3,30.0,0.25496430984031426,3642.3472834330614,-1,1.22498,1.2350694827264692,1.21186367245559,1.03261,1.16449,66.06417951226476,0.004064665012688571,GBPUSD_merged,38.74503569015969
2022-12-06 13:00:00,2022-12-07 05:00:00,-1.1,15.0,0.26760355699203464,3822.9079570290664,-1,1.43124,1.4368557773719157,1.4239394894165098,1.32708,1.36953,61.36511343929113,0.002219431595282963,EURCAD_merged,-16.767603556992036
2022-12-06 13:00:00,2022-12-07 05:00:00,-1.1,14.999999999999998,0.29087343151308115,4155.33473590116,-1,1.43124,1.4364065151821623,1.4240068787449727,1.32708,1.36953,61.39446104342035,0.002219431595282963,EURCAD_merged,-16.79087343151308
2022-12-07 09:00:00,2022-12-07 10:00:00,1.4,15.0,0.26508684030435375,3786.954861490768,-1,1.43808,1.4437761861941782,1.4301053393281504,1.32708,1.36953,59.78149147662248,0.0025939882150409423,EURCAD_merged,20.734913159695648
2022-12-07 09:00:00,2022-12-07 10:00:00,1.3,15.0,0.2438798930800054,3483.998472571506,-1,1.43808,1.4442715067328025,1.430031041247357,1.32708,1.36953,59.69160763587994,0.0025939882150409423,EURCAD_merged,19.256120106919994
2022-12-07 11:00:00,2022-12-07 19:00:00,-1.1,30.0,0.45102246080074315,6443.178011439189,-1,1.42907,1.4357238748306946,1.4197545752370277,1.32708,1.36953,55.59999853885937,0.0029884898384792092,EURCAD_merged,-33.45102246080074
2022-12-07 11:00:00,2022-12-07 19:00:00,-1.1,30.0,0.41494066393668366,5927.723770524053,-1,1.42907,1.4363024726420595,1.419667785565323,1.32708,1.36953,55.31536064023838,0.0029884898384792092,EURCAD_merged,-33.41494066393668
2022-12-11 19:00:00,2022-12-12 11:00:00,1.3,30.0,0.48061384709348237,6865.912101335463,-1,0.92563,0.9296744590012445,0.9203722032983821,0.85969,0.88319,55.83578060765422,0.001685084771890828,AUDCAD_merged,38.51938615290652
2022-12-09 12:00:00,2022-12-13 08:00:00,-1.1,30.000000000000004,0.5208286305660604,7440.409008086579,-1,1.67455,1.681301846564537,1.665097414809648,1.51669,1.58127,61.588245588362675,0.0029044722154963434,GBPCAD_merged,-33.520828630566065
2022-12-12 14:00:00,2022-12-13 08:00:00,1.3,30.0,0.40738797886583683,5819.828269511955,-1,168.733,169.6027833966198,167.60228158439426,163.022,168.993,67.06519561752194,0.3426338330302089,GBPJPY_merged,38.592612021134165
2022-12-13 13:00:00,2022-12-15 03:00:00,1.3,59.99999999999999,0.6779379441464795,9684.827773521136,-1,0.92841,0.9341617388334256,0.9209327395165468,0.85969,0.88319,57.99213187556988,0.002214931566700932,AUDCAD_merged,77.32206205585352
2022-12-13 13:00:00,2022-12-15 04:00:00,1.3,30.0,0.2785164226355512,3978.806037650732,1,135.324,134.303663758026,136.65043711456622,145.105,151.941,37.22377024719921,0.40155346130462793,USDJPY_merged,38.72148357736445
2022-12-13 13:00:00,2022-12-15 04:00:00,1.3,60.0,0.4855803903714654,6936.862719592364,-1,0.68539,0.6913182418670117,0.6776832855728848,0.61695,0.67969,62.98489445783597,0.0023240612648900627,AUDUSD_merged,77.51441960962853
2022-12-13 12:00:00,2022-12-15 10:00:00,1.3,30.0,0.2863855955128151,4091.222793040216,-1,1.23727,1.2463426176201267,1.2254755970938356,1.03261,1.16449,61.396431614670895,0.003589115116047012,GBPUSD_merged,38.71361440448719
2022-12-15 22:00:00,2022-12-16 03:00:00,-1.1,60.00000000000001,0.7942498054992329,11346.425792846185,-1,1.58229,1.5906571635220896,1.5714126874212835,1.52731,1.56491,67.66589257322723,0.0033549464510618963,EURAUD_merged,-66.79424980549925
2022-12-13 12:00:00,2022-12-16 16:00:00,1.3,30.0,0.34643802683898345,4949.114669128336,1,0.92679,0.921172086118668,0.9340932880457317,0.93557,1.01472,41.7830102298853,0.002320225155923321,USDCHF_merged,38.65356197316102
2022-12-15 22:00:00,2022-12-19 22:00:00,-1.1,90.0,1.0650558889927046,15215.08412846721,1,0.62338,0.6196925935074503,0.6281736284403147,0.62737,0.64414,31.902183839936487,0.001458179554375607,AUDCHF_merged,-100.06505588899272
2022-12-16 07:00:00,2022-12-19 23:00:00,-1.1,30.0,0.4044562397625841,5777.94628232263,-1,1.5877,1.5959435865050744,1.576983337543403,1.52731,1.56491,63.13224762918424,0.0033290464161705204,EURAUD_merged,-33.40445623976258
2022-12-20 02:00:00,2022-12-21 23:00:00,1.4,30.0,0.33836988220857456,4833.855460122494,1,0.61907,0.6152279115980581,0.6244489237627187,0.62737,0.64414,31.542665913935213,0.0016890108455044797,AUDCHF_merged,41.661630117791425
2022-12-20 02:00:00,2022-12-21 23:00:00,1.5,15.0,0.17687516569993667,2526.788081427667,1,0.61907,0.6153949589198817,0.6245825616201774,0.62737,0.64414,31.542665913935213,0.0016890108455044797,AUDCHF_merged,22.323124834300064
2022-12-20 17:00:00,2022-12-26 19:00:00,1.3,15.0,0.10745821341950723,1535.1173345643892,1,139.748,138.38248874375793,141.52316463311467,140.757,148.397,33.03364272101862,0.5281184666041966,EURJPY_merged,19.392541786580495
2022-12-21 06:00:00,2022-12-27 03:00:00,1.3,60.0,0.4621571310343372,6602.24472906196,1,82.932,82.17832905864624,83.91177222375988,83.834,87.454,33.872873261720315,0.29522063535996634,NZDJPY_merged,77.53784286896567
2022-12-20 17:00:00,2022-12-27 05:00:00,1.3,30.000000000000004,0.21957554547282507,3136.793506754644,1,131.653,130.3938830095143,133.2898520876314,133.618,151.941,32.6831087478316,0.490529167894691,USDJPY_merged,38.78042445452718
2022-12-30 05:00:00,2022-12-30 12:00:00,-1.1,60.0,0.7891505296396395,11273.578994851994,1,97.511,96.99202905007614,98.18566223490102,104.527,110.347,35.02194970678113,0.20768920997171814,CADJPY_merged,-66.78915052963964
2022-12-30 05:00:00,2022-12-30 12:00:00,-1.1,30.0,0.44204002185802727,6314.857455114676,1,132.12,131.49233737607335,133.06149393588996,133.618,138.171,32.109561991860645,0.2900653932157911,USDJPY_merged,-33.44204002185803
2022-12-30 05:00:00,2022-12-30 12:00:00,-1.1,30.0,0.42282089047289567,6040.298435327081,1,132.12,131.46380725680396,133.03866984047445,133.618,138.171,32.109561991860645,0.2900653932157911,USDJPY_merged,-33.4228208904729
2022-12-30 09:00:00,2022-12-30 13:00:00,-1.1,60.0,0.780524488102777,11150.349830039671,1,158.968,158.11259365442473,160.08002824924785,164.024,169.267,37.84754924297834,0.3490080712136706,GBPJPY_merged,-66.78052448810277
2022-12-30 16:00:00,2023-01-02 18:00:00,-1.2001463308957483,30.0,0.3343634034712861,4776.620049589802,1,141.977,141.08530043926862,143.13620942895082,142.884,148.525,33.72108166660381,0.34991697970023244,CHFJPY_merged,-36.338753330343735
2023-01-03 01:00:00,2023-01-03 03:00:00,1.3,15.0,0.1595270540953919,2278.9579156484556,1,129.812,128.9575831691188,130.9227418801456,130.566,138.171,30.260453523135894,0.2962480667013263,USDJPY_merged,19.340472945904608
2023-01-03 01:00:00,2023-01-03 03:00:00,1.4,15.0,0.17092184367363417,2441.7406239090597,1,129.812,129.01454429117754,130.92843799235146,130.566,138.171,30.260453523135894,0.2962480667013263,USDJPY_merged,20.829078156326364
2023-01-03 01:00:00,2023-01-03 04:00:00,-1.1,60.0,0.653709112004798,9338.701600068543,1,140.384,139.4820502043305,141.7369246935042,141.035,148.525,28.003433493158962,0.32554457509446827,CHFJPY_merged,-66.6537091120048
2023-01-03 01:00:00,2023-01-03 04:00:00,-1.1,30.0,0.31385614787419847,4483.659255345693,1,138.429,137.50277662674773,139.8183350598784,138.801,146.725,28.17534931115915,0.32952305745610555,EURJPY_merged,-33.3138561478742
2023-01-03 01:00:00,2023-01-03 04:00:00,-1.1,15.0,0.16640824292182846,2377.260613168978,1,156.672,155.6834335857913,158.15484962131302,158.583,169.267,32.146437291845686,0.3554123312426763,GBPJPY_merged,-16.66640824292183
2023-01-03 05:00:00,2023-01-03 08:00:00,1.0,14.999999999999998,0.22083993712886507,3154.8562446980727,1,1.19232,1.186651025373959,1.197988974626041,1.19919,1.24464,29.42683507634993,0.00272383231763712,GBPUSD_merged,14.779160062871133
2023-01-03 06:00:00,2023-01-03 10:00:00,1.4,60.0,0.5747563511208097,8210.805016011567,1,155.63,154.49274244951735,157.2221605706757,158.583,169.267,34.86862940961961,0.4207231672518995,GBPJPY_merged,83.42524364887919
2023-01-03 06:00:00,2023-01-03 10:00:00,1.3,59.99999999999999,0.5364392610460889,7663.418014944127,1,155.63,154.41150976734002,157.21403730245797,158.583,169.267,34.86862940961961,0.4207231672518995,GBPJPY_merged,77.46356073895392
2023-01-03 09:00:00,2023-01-04 03:00:00,1.0,60.0,0.9050729395807355,12929.613422581937,1,1.05599,1.0510896678764314,1.0608903321235685,1.0573,1.07361,37.70581490751871,0.002466099238312587,EURUSD_merged,59.094927060419266
2023-01-02 22:00:00,2023-01-04 09:00:00,1.5,15.0,0.1483702530515002,2119.5750435928603,1,95.698,95.02075575505609,96.71386636741586,95.847,101.204,33.496816269916906,0.2359534485783366,CADJPY_merged,22.3516297469485
2023-01-03 07:00:00,2023-01-04 09:00:00,1.3,60.0,0.5487661344012682,7839.516205732404,1,137.79,136.7354196173541,139.16095449743966,138.801,146.725,32.32346384065681,0.3501320231999204,EURJPY_merged,77.45123386559874
2023-01-03 08:00:00,2023-01-04 09:00:00,1.3,90.0,0.7676428163408658,10966.325947726657,1,139.671,138.5247282167319,141.16115331824855,141.035,148.525,30.46463062158898,0.3777984091067967,CHFJPY_merged,116.23235718365913
2023-01-03 07:00:00,2023-01-04 09:00:00,1.4,60.0,0.5879637154299304,8399.481648999006,1,137.79,136.80572497619715,139.16798503332396,138.801,146.725,32.32346384065681,0.3501320231999204,EURJPY_merged,83.41203628457006
2023-01-03 08:00:00,2023-01-04 09:00:00,1.4,90.0,0.8224744460794993,11749.634943992845,1,139.671,138.60114633561642,141.168795130137,141.035,148.525,30.46463062158898,0.3777984091067967,CHFJPY_merged,125.17752555392049
2023-01-03 08:00:00,2023-01-04 10:00:00,1.5,30.0,0.295568508856186,4222.407269374086,1,137.984,137.00363033504024,139.4545544974397,138.801,146.725,32.077777176282275,0.34640830725706906,EURJPY_merged,44.704431491143815
2023-01-03 08:00:00,2023-01-04 10:00:00,1.5,30.000000000000004,0.2702618079755407,3860.882971079154,1,156.582,155.36531976514505,158.4070203522824,158.583,169.267,43.93702042556387,0.4379908942120958,GBPJPY_merged,44.72973819202446
2023-01-03 08:00:00,2023-01-04 10:00:00,1.5,15.0,0.1370790743465832,1958.2724906654744,1,139.671,138.60114633561642,141.27578049657535,141.035,148.525,29.9415211201178,0.3777984091067967,CHFJPY_merged,22.362920925653416
2023-01-04 10:00:00,2023-01-04 14:00:00,1.0,90.0,0.9258953713221366,13227.07673317338,-1,0.68748,0.692157768281545,0.682802231718455,0.66286,0.68927,59.77309651330036,0.002400543797962068,AUDUSD_merged,89.07410462867786
2023-01-04 10:00:00,2023-01-04 17:00:00,1.0,90.00000000000001,1.1729025382887233,16755.750546981762,-1,0.63773,0.6411554329484714,0.6343045670515286,0.61588,0.63897,61.619587193809124,0.0017010757935418017,AUDCHF_merged,88.82709746171129
2023-01-04 08:00:00,2023-01-04 19:00:00,1.0,60.0,0.7899910659659519,11285.586656656456,1,1.5469,1.5386758816777808,1.555124118322219,1.54433,1.59778,31.861862305738352,0.00396865776152548,EURAUD_merged,59.21000893403405
2023-01-04 10:00:00,2023-01-04 21:00:00,1.0,15.0,0.12962535198509914,1851.7907426442735,-1,0.68748,0.693048771763744,0.6819112282362559,0.66286,0.68927,59.77309651330036,0.002400543797962068,AUDUSD_merged,14.8703746480149
2023-01-04 07:00:00,2023-01-04 21:00:00,1.1,15.0,0.13365879787365598,1909.4113981950854,-1,0.68713,0.6925279723854917,0.6811922303759592,0.66286,0.68927,65.30919940657726,0.0022335012205771105,AUDUSD_merged,16.366341202126343
2023-01-06 08:00:00,2023-01-06 10:00:00,1.5,60.0,0.7280673601876223,10400.962288394605,1,1.18589,1.1790489599089893,1.1961515601365165,1.19919,1.24464,49.38254689186384,0.0028572837036515615,GBPUSD_merged,89.27193263981238
2023-01-09 13:00:00,2023-01-11 07:00:00,1.5,90.0,1.037715002881251,14824.500041160729,1,0.91958,0.9139972012701806,0.9279541980947291,0.92153,1.01466,35.38563512006524,0.0019621526399911287,USDCHF_merged,133.96228499711876
2023-01-11 12:00:00,2023-01-11 14:00:00,-1.1,90.0,1.669852182961603,23855.03118516576,-1,1.12722,1.1314727632520174,1.1229672367479828,1.10966,1.12679,65.12729282494142,0.0020626164039532382,GBPCHF_merged,-100.66985218296162
2023-01-11 16:00:00,2023-01-11 17:00:00,1.0,60.0,0.9303390707815892,13290.558154022703,-1,0.64308,0.6459831737834367,0.6401768262165632,0.61588,0.64414,63.41138781098815,0.0013922877273699888,AUDCHF_merged,59.06966092921841
2023-01-11 16:00:00,2023-01-11 17:00:00,1.3,60.0,0.9768560243206686,13955.08606172384,-1,0.64308,0.6458449274127969,0.639485594363364,0.61588,0.64414,63.41138781098815,0.0013922877273699888,AUDCHF_merged,77.02314397567933
2023-01-11 12:00:00,2023-01-11 21:00:00,-1.1,90.0,1.3143677995716827,18776.68285102404,-1,0.64135,0.6444241052856869,0.638275894714313,0.61588,0.63897,65.03338852155069,0.0014371553984329954,AUDCHF_merged,-100.3143677995717
2023-01-11 18:00:00,2023-01-12 03:00:00,-1.1,90.0,1.6404108454164592,23434.44064880656,-1,1.12949,1.1338278078241086,1.1251521921758916,1.10966,1.12679,67.03088078627371,0.002102364003857498,GBPCHF_merged,-100.64041084541647
2023-01-11 10:00:00,2023-01-12 05:00:00,1.0,15.0,0.3429104478334902,4898.720683335574,-1,0.8864,0.8891141780190143,0.8836858219809857,0.85466,0.88275,62.91283796233078,0.001163699828785283,EURGBP_merged,14.657089552166509
2023-01-11 10:00:00,2023-01-12 05:00:00,1.0,59.99999999999999,1.3167761196806023,18811.087424008605,-1,0.8864,0.8892272687698065,0.8835727312301934,0.85466,0.88275,63.538901855410145,0.001163699828785283,EURGBP_merged,58.68322388031939
2023-01-11 10:00:00,2023-01-12 05:00:00,1.3,15.0,0.4114925374001882,5878.4648200026895,-1,0.8864,0.8886618150158452,0.8834596404794012,0.85466,0.88275,63.538901855410145,0.001163699828785283,EURGBP_merged,19.08850746259981
2023-01-11 10:00:00,2023-01-12 05:00:00,1.0,90.0,2.3513859280010756,33591.22754287251,-1,0.8864,0.8887749057666374,0.8840250942333625,0.85612,0.88767,63.538901855410145,0.001163699828785283,EURGBP_merged,87.64861407199892
2023-01-11 10:00:00,2023-01-12 05:00:00,1.0,15.0,0.3918976546668459,5598.537923812085,-1,0.8864,0.8887749057666374,0.8840250942333625,0.85466,0.88275,63.538901855410145,0.001163699828785283,EURGBP_merged,14.608102345333155
2023-01-11 10:00:00,2023-01-12 05:00:00,1.1,60.0,1.3716417913339607,19594.882733342296,-1,0.8864,0.8891141780190143,0.8834144041790842,0.85466,0.88275,66.32899958782252,0.001163699828785283,EURGBP_merged,64.62835820866604
2023-01-11 18:00:00,2023-01-12 08:00:00,-1.1,60.00000000000001,0.8294760389897095,11849.657699852993,-1,0.64254,0.6457934610683714,0.6392865389316286,0.61588,0.64414,65.16463448883685,0.0015293195200282031,AUDCHF_merged,-66.82947603898972
2023-01-09 14:00:00,2023-01-12 08:00:00,-1.1,90.0,1.1668621052622534,16669.458646603623,-1,1.0743,1.0801002483493787,1.0655996274759318,0.97299,1.07361,71.80785828090268,0.0020056946056613194,EURUSD_merged,-100.16686210526227
2023-01-11 14:00:00,2023-01-12 08:00:00,-1.1,59.99999999999999,0.7827616071277871,11182.308673254101,-1,0.6426,0.6460479463165077,0.6388072590518413,0.61588,0.64414,72.49999674137972,0.0014318839915060107,AUDCHF_merged,-66.78276160712778
2023-01-11 18:00:00,2023-01-12 08:00:00,-1.1,60.0,1.1211958896979994,16017.084138542852,-1,1.00128,1.0050307950561008,0.9971541254382889,0.98159,0.99237,73.06014818612849,0.00152905761099147,EURCHF_merged,-67.121195889698
2023-01-11 18:00:00,2023-01-12 08:00:00,-1.1,60.0,0.8709498409391949,12442.140584845643,-1,0.64254,0.64563853435083,0.638511905343921,0.61588,0.64414,65.16463448883685,0.0015293195200282031,AUDCHF_merged,-66.87094984093919
2023-01-11 14:00:00,2023-01-12 08:00:00,-1.1,59.99999999999999,0.7514511428426756,10735.016326323937,-1,0.6426,0.6461916107463622,0.6390083892536377,0.61588,0.64414,68.13657828853653,0.0014318839915060107,AUDCHF_merged,-66.75145114284267
2023-01-12 05:00:00,2023-01-12 09:00:00,-1.1,90.0,1.662451837962427,23749.311970891817,-1,1.0023,1.0060982995090788,0.9966025507363816,0.98159,0.99237,66.59756175154126,0.0013467830004598546,EURCHF_merged,-100.66245183796244
2023-01-11 10:00:00,2023-01-12 09:00:00,-1.1,14.999999999999998,0.32919402992015057,4702.771856002151,-1,0.8864,0.8892272687698065,0.8830072774762321,0.85466,0.88767,66.32899958782252,0.001163699828785283,EURGBP_merged,-16.82919402992015
2023-01-12 09:00:00,2023-01-12 10:00:00,-1.1,30.0,0.3426210031274886,4894.585758964124,1,83.14,82.63041652903271,83.70054181806402,83.834,88.163,21.076312926137092,0.2366602715052009,NZDJPY_merged,-33.34262100312749
2023-01-12 10:00:00,2023-01-13 01:00:00,-1.1,60.0,0.6693121509253784,9561.602156076835,1,140.631,139.74852655441356,141.51347344558644,140.757,146.725,31.156292346385197,0.36070442264639646,EURJPY_merged,-66.66931215092538
2023-01-12 16:00:00,2023-01-13 09:00:00,-1.1,30.0,0.23351490342205805,3335.9271917436868,1,129.194,128.03215809601824,130.35584190398174,133.618,138.171,32.43566999772436,0.4443984214789387,USDJPY_merged,-33.233514903422055
2023-01-13 05:00:00,2023-01-15 21:00:00,-1.1,90.0,0.6622153569331596,9460.219384759424,1,128.519,127.29633173729204,130.35300239406195,129.507,138.171,29.06402538743957,0.425619576918456,USDJPY_merged,-99.66221535693317
2023-01-13 14:00:00,2023-01-17 02:00:00,1.4,90.0,0.8871489854707122,12673.556935295888,1,137.98,137.00014879773684,139.3517916831684,138.949,148.525,30.025009744945223,0.33323636809747004,CHFJPY_merged,125.11285101452927
2023-01-13 06:00:00,2023-01-17 06:00:00,1.3,90.0,0.805192329799918,11502.747568570257,1,138.483,137.39947887379057,139.89157746407227,138.949,148.525,26.113771572431865,0.3593755866838713,CHFJPY_merged,116.19480767020008
2023-01-13 12:00:00,2023-01-17 21:00:00,1.3,90.0,0.7069328917311445,10099.041310444922,1,95.315,94.46557778889093,96.41924887444179,95.394,101.204,25.886222287188893,0.2724163986766186,CADJPY_merged,116.29306710826886
2023-01-13 14:00:00,2023-01-17 21:00:00,1.4,90.0,0.8065708985191676,11522.441407416682,1,95.442,94.69651736344079,96.48567569118289,95.394,101.204,31.369513867985077,0.2592978131446357,CADJPY_merged,125.19342910148082
2023-01-04 05:00:00,2023-01-18 13:00:00,1.5,60.00000000000001,0.5793285089381075,8276.121556258679,1,1.75505,1.742326286448407,1.7741355703273896,1.77029,1.82746,28.736041138814354,0.004501027453334438,GBPAUD_merged,89.42067149106191
2023-01-18 11:00:00,2023-01-18 17:00:00,1.0,60.0,0.9407492236906202,13439.274624151718,-1,0.9398,0.9439957621655163,0.9356042378344837,0.90421,0.933,57.5270706824414,0.0020188404133235655,AUDCAD_merged,59.059250776309376
2023-01-18 11:00:00,2023-01-18 19:00:00,1.0,60.0,0.8231555707292927,11759.365296132753,-1,0.9398,0.9445951567605901,0.9350048432394098,0.90421,0.933,57.506354400323104,0.0020188404133235655,AUDCAD_merged,59.17684442927071
2023-01-18 11:00:00,2023-01-18 19:00:00,1.0,15.0,0.1975573369750302,2822.24767107186,-1,0.9398,0.944794954958948,0.9348050450410519,0.90421,0.933,57.5270706824414,0.0020188404133235655,AUDCAD_merged,14.80244266302497
2023-01-18 11:00:00,2023-01-18 19:00:00,1.3,60.0,0.9877866848751511,14111.238355359303,-1,0.9398,0.9437959639671584,0.934605246842694,0.90421,0.933,57.5270706824414,0.0020188404133235655,AUDCAD_merged,77.01221331512485
2023-01-18 11:00:00,2023-01-18 19:00:00,1.2,15.0,0.1975573369750302,2822.24767107186,-1,0.9398,0.944794954958948,0.9338060540492623,0.90421,0.933,57.1315498028552,0.0020188404133235655,AUDCAD_merged,17.80244266302497
2023-01-18 13:00:00,2023-01-18 20:00:00,1.0,30.0,0.24848972214506412,3549.8531735009165,-1,0.69596,0.701841595372974,0.6900784046270261,0.66286,0.68927,42.51336349661814,0.0023295925671046286,AUDUSD_merged,29.751510277854937
2023-01-18 19:00:00,2023-01-20 03:00:00,1.2,60.0,0.8289261976327733,11841.802823325334,1,0.67864,0.6752014695154529,0.6827662365814565,0.67742,0.74219,22.62311347455298,0.0013643113228317778,CADCHF_merged,71.17107380236723
2023-01-20 14:00:00,2023-01-23 02:00:00,-1.1,15.000000000000002,0.31043278122369355,4434.754017481337,-1,0.99906,1.002439195315214,0.9953428851532644,0.98159,0.99237,67.42488846696719,0.0013667124731483423,EURCHF_merged,-16.810432781223696
2023-01-20 14:00:00,2023-01-23 04:00:00,-1.1,60.0,1.192061879898983,17029.45542712833,-1,0.99906,1.0025799951200147,0.9948360058559823,0.98159,0.99237,67.42488846696719,0.0013667124731483423,EURCHF_merged,-67.19206187989899
2023-01-23 00:00:00,2023-01-23 05:00:00,1.0,30.0,0.5742129617175372,8203.042310250532,-1,1.24246,1.2470038995180388,1.237916100481961,1.18408,1.24464,59.64494022259998,0.0017927341067001644,GBPUSD_merged,29.42578703828246
2023-01-23 04:00:00,2023-01-23 09:00:00,1.2,60.0,1.0834659279128256,15478.084684468939,-1,1.08996,1.094185173936774,1.0848897912758713,1.04823,1.07361,67.94307773431089,0.0017636360336589429,EURUSD_merged,70.91653407208717
2023-01-22 22:00:00,2023-01-23 09:00:00,1.0,30.0,0.5894685464194482,8420.979234563547,-1,1.08924,1.0931204513216084,1.0853595486783916,1.04823,1.07361,65.45967968654251,0.0015184533480260185,EURUSD_merged,29.410531453580553
2023-01-23 12:00:00,2023-01-24 08:00:00,-1.1,29.999999999999996,0.35164417294874895,5023.488184982129,1,1.76083,1.7503144183852324,1.7713455816147674,1.77029,1.82746,33.8339587556824,0.004055787456913654,GBPAUD_merged,-33.35164417294875
2023-01-24 12:00:00,2023-01-24 19:00:00,-1.1,30.0,0.37977010320768767,5425.287188681253,1,1.74988,1.7402037564806667,1.7595562435193335,1.77029,1.82746,33.23117196774972,0.0037697475928952914,GBPAUD_merged,-33.37977010320769
2023-01-23 12:00:00,2023-01-24 19:00:00,-1.1,30.0,0.39815478968864215,5687.9255669806025,-1,0.93994,0.9448975543259032,0.9349824456740968,0.90421,0.933,63.93259518107317,0.0018935201781926118,AUDCAD_merged,-33.39815478968864
2023-01-23 12:00:00,2023-01-24 19:00:00,-1.1,60.0,0.7963095793772843,11375.851133961205,-1,0.93994,0.9448975543259032,0.9339909348089162,0.90421,0.933,67.59989924100782,0.0018935201781926118,AUDCAD_merged,-66.79630957937728
2023-01-25 03:00:00,2023-01-25 10:00:00,1.3,90.0,1.028325135401905,14690.359077170071,1,1.73503,1.7244003959733243,1.7488484852346786,1.77029,1.82746,27.692136189696686,0.003522258389209166,GBPAUD_merged,115.9716748645981
2023-01-25 03:00:00,2023-01-25 10:00:00,1.4,90.0,1.1017769307877556,15739.67043982508,1,1.73503,1.7251090362417694,1.7489193492615231,1.77029,1.82746,27.692136189696686,0.003522258389209166,GBPAUD_merged,124.89822306921224
2023-01-24 11:00:00,2023-01-25 13:00:00,1.0,60.0,1.3711515778833883,19587.879684048406,-1,0.88303,0.8857348256807063,0.8803251743192937,0.85466,0.88275,62.256445456510285,0.0012902970697000788,EURGBP_merged,58.62884842211661
2023-01-24 11:00:00,2023-01-25 17:00:00,1.1,15.0,0.29993940766199123,4284.84868088559,-1,0.88303,0.8861212293493786,0.8796296477156834,0.85466,0.88275,64.03806292523375,0.0012902970697000788,EURGBP_merged,16.20006059233801
2023-01-24 11:00:00,2023-01-25 17:00:00,1.3,60.0,1.439709156777558,20567.27366825083,-1,0.88303,0.8856060244578156,0.8796811682048398,0.85466,0.88275,62.256445456510285,0.0012902970697000788,EURGBP_merged,76.56029084322245
2023-01-24 11:00:00,2023-01-25 17:00:00,1.0,60.0,1.199757630647965,17139.39472354236,-1,0.88303,0.8861212293493786,0.8799387706506213,0.85466,0.88275,61.735890033739075,0.0012902970697000788,EURGBP_merged,58.800242369352034
2023-01-24 12:00:00,2023-01-26 06:00:00,1.0,30.0,0.5743561055844773,8205.08722263539,-1,0.88225,0.8854757426742502,0.8790242573257497,0.85466,0.88275,64.01432808722261,0.0013152758504357857,EURGBP_merged,29.425643894415522
2023-01-26 02:00:00,2023-01-30 02:00:00,1.0,30.000000000000004,0.4145525129639292,5922.178756627561,-1,0.71121,0.7148127787874728,0.7076072212125272,0.66286,0.68927,62.89659025219978,0.001485317835347056,AUDUSD_merged,29.585447487036074
2023-01-31 08:00:00,2023-01-31 10:00:00,1.2,60.0,1.3714385390332413,19591.979129046307,-1,1.45616,1.4606194575884612,1.4508086508938465,1.42344,1.45199,56.837958656374724,0.0019499413899998974,EURCAD_merged,70.62856146096676
2023-02-01 18:00:00,2023-02-02 07:00:00,-1.1,30.0,0.4536793343019348,6481.1333471704975,1,1.73459,1.726560895025217,1.7426191049747832,1.77029,1.82746,32.77027352462253,0.0031600961334908987,GBPAUD_merged,-33.45367933430194
2023-02-01 20:00:00,2023-02-02 09:00:00,1.2,60.0,0.6411018618167539,9158.598025953628,-1,0.71456,0.7192412404997472,0.7089425114003032,0.66286,0.68927,70.56622241275346,0.0018580321856204382,AUDUSD_merged,71.35889813818325
2023-02-01 21:00:00,2023-02-02 09:00:00,1.1,30.000000000000004,0.3363228876421925,4804.6126806027505,-1,0.71417,0.718629277245489,0.709264795029962,0.66286,0.68927,70.80722508958654,0.0018067441723618378,AUDUSD_merged,32.66367711235782
2023-02-01 23:00:00,2023-02-02 09:00:00,1.0,30.0,0.32022670273943393,4574.667181991914,-1,0.65302,0.6573024098935805,0.6487375901064196,0.61908,0.65299,65.39693439685844,0.0016491808176156172,NZDUSD_merged,29.679773297260567
2023-02-02 09:00:00,2023-02-03 06:00:00,1.1,30.0,0.41357342103052935,5908.191729007563,1,1.72654,1.7177731551893118,1.736183529291757,1.74581,1.79602,40.600615034569785,0.0038826482898495543,GBPAUD_merged,32.58642657896947
2023-02-03 05:00:00,2023-02-03 09:00:00,-1.1,30.000000000000004,0.5922117403389515,8460.16771912788,-1,0.89248,0.8956447599538087,0.8893152400461914,0.87215,0.88964,59.233623945876225,0.0013133394114146152,EURGBP_merged,-33.59221174033896
2023-02-02 11:00:00,2023-02-03 10:00:00,1.0,30.0,0.3782714554226339,5403.877934609056,1,1.73067,1.721062066469992,1.7402779335300078,1.77029,1.79602,39.83943205480053,0.0037858038825743447,GBPAUD_merged,29.621728544577365
2023-02-02 09:00:00,2023-02-03 13:00:00,1.4,90.00000000000001,1.0355477952088181,14793.539931554544,1,1.88783,1.8763449395759162,1.9039090845937172,1.89363,1.94035,37.453679463274796,0.004344535344721678,GBPNZD_merged,124.9644522047912
2023-02-03 12:00:00,2023-02-06 06:00:00,1.0,89.99999999999999,1.6582780916594428,23689.687023706327,-1,0.89667,0.9000765583018991,0.8932634416981008,0.87215,0.88964,66.63911421999234,0.0016063012899554152,EURGBP_merged,88.34172190834055
2023-02-03 12:00:00,2023-02-06 08:00:00,1.0,90.0,1.4509933302020126,20728.47614574304,-1,0.89667,0.9005632094878847,0.8927767905121152,0.87215,0.88964,66.47241731759819,0.0016063012899554152,EURGBP_merged,88.54900666979799
2023-02-03 16:00:00,2023-02-06 09:00:00,1.0,30.0,0.5316247281952493,7594.638974217847,-1,0.8956,0.8991377586862537,0.8920622413137462,0.87215,0.88964,62.48026443395885,0.0013597389406085113,EURGBP_merged,29.46837527180475
2023-02-03 12:00:00,2023-02-06 09:00:00,1.3,89.99999999999999,1.741191996242415,24874.171374891645,-1,0.89667,0.899914341239904,0.8924523563881248,0.87215,0.88964,66.63911421999234,0.0016063012899554152,EURGBP_merged,115.25880800375757
2023-02-10 14:00:00,2023-02-13 10:00:00,1.0,30.0,0.45623978044744096,6517.711149249157,1,1.61057,1.6031567994310294,1.6179832005689707,1.61019,1.66921,29.65853824759385,0.00295347449704624,GBPCAD_merged,29.54376021955256
2023-02-10 16:00:00,2023-02-13 11:00:00,1.1,30.0,0.5728460895560004,8183.51556508572,1,1.42502,1.4197960104248604,1.4307663885326534,1.42344,1.46417,21.865443066210595,0.0021190435856194897,EURCAD_merged,32.427153910444
2023-02-14 12:00:00,2023-02-15 11:00:00,-1.1,60.0,0.8097791672772466,11568.273818246382,-1,142.65,143.3898683791959,141.91013162080412,137.91,142.85,63.83150716755753,0.2959511122727542,EURJPY_merged,-66.80977916727724
2023-02-15 08:00:00,2023-02-15 14:00:00,1.0,89.99999999999999,1.888929042165922,26984.700602370314,-1,1.70519,1.7108771892803776,1.6995028107196224,1.66633,1.7039,61.754435130338756,0.002824029273636375,EURNZD_merged,88.11107095783406
2023-02-15 08:00:00,2023-02-15 21:00:00,1.0,30.000000000000004,0.5289001318064582,7555.716168663689,-1,1.70519,1.7119604634290209,1.698419536570979,1.66633,1.7039,61.754435130338756,0.002824029273636375,EURNZD_merged,29.471099868193544
2023-02-15 08:00:00,2023-02-15 21:00:00,1.0,89.99999999999999,1.652812911895182,23611.61302707403,-1,1.70519,1.7116896448918602,1.6986903551081398,1.66633,1.7039,61.31183930645036,0.002824029273636375,EURNZD_merged,88.3471870881048
2023-02-15 08:00:00,2023-02-15 23:00:00,1.3,90.0,1.983375494274218,28333.935632488832,-1,1.70519,1.7106063707432169,1.6981487180338182,1.66633,1.7039,61.754435130338756,0.002824029273636375,EURNZD_merged,115.01662450572579
2023-02-15 08:00:00,2023-02-16 00:00:00,1.1,59.99999999999999,1.101875274596788,15741.075351382686,-1,1.70519,1.7116896448918602,1.6980403906189538,1.66633,1.7039,63.34783574849823,0.002824029273636375,EURNZD_merged,64.8981247254032
2023-02-14 22:00:00,2023-02-16 15:00:00,1.0,30.0,0.46631659800865094,6661.665685837871,-1,161.382,162.10876418005972,160.6552358199403,155.342,161.801,60.27194857988429,0.2907266954507567,GBPJPY_merged,29.53368340199135
2023-02-15 12:00:00,2023-02-16 19:00:00,-1.1,59.99999999999999,1.1939467951897025,17056.382788424322,-1,0.888,0.8911237572855224,0.8848762427144776,0.87215,0.88964,63.454615893791775,0.0012266812774797697,EURGBP_merged,-67.1939467951897
2023-02-15 13:00:00,2023-02-16 19:00:00,-1.1,90.0,2.2816342365233155,32594.774807475937,-1,0.88852,0.8909733625549595,0.8853306286785526,0.87215,0.88964,62.95370047880566,0.0011797754719455056,EURGBP_merged,-101.28163423652333
2023-02-15 12:00:00,2023-02-16 19:00:00,-1.1,60.0,1.2436945783226068,17767.06540460867,-1,0.888,0.8909988069941015,0.8847013123064883,0.87215,0.88964,66.58257367229928,0.0012266812774797697,EURGBP_merged,-67.2436945783226
2023-02-15 13:00:00,2023-02-16 19:00:00,-1.1,90.0,2.1729849871650626,31042.642673786613,-1,0.88852,0.8910960306827075,0.8859439693172925,0.87215,0.88964,62.95370047880566,0.0011797754719455056,EURGBP_merged,-101.17298498716508
2023-02-15 08:00:00,2023-02-17 02:00:00,-1.1,90.00000000000001,1.5867003954193746,22667.148505991066,-1,1.70519,1.7119604634290209,1.6970654438851749,1.66633,1.7039,63.34783574849823,0.002824029273636375,EURNZD_merged,-100.5867003954194
2023-02-15 11:00:00,2023-02-17 03:00:00,-1.1,90.0,1.9316094121053402,27594.42017293343,-1,0.88942,0.8923208690705708,0.8865191309294291,0.87215,0.88964,61.3639805567025,0.0012495029142089752,EURGBP_merged,-100.93160941210536
2023-02-17 03:00:00,2023-02-17 04:00:00,-1.1,60.0,1.2466879336400596,17809.827623429424,-1,0.92898,0.932109665327399,0.9252244016071213,0.90591,0.92906,72.31604548316669,0.001356018550176771,USDCHF_merged,-67.24668793364006
2023-02-17 08:00:00,2023-02-17 10:00:00,1.1,60.0,1.0392692139779827,14846.703056828324,-1,134.852,135.39697755959892,134.2525246844412,128.08,134.773,58.29229128614705,0.2336401272257706,USDJPY_merged,64.96073078602201
2023-02-17 08:00:00,2023-02-17 10:00:00,1.2,60.0,1.1866310013770165,16951.871448243095,-1,0.93208,0.935379033983991,0.9281211592192109,0.90591,0.92906,60.31187676733442,0.001449641194053787,USDCHF_merged,70.81336899862298
2023-02-17 08:00:00,2023-02-17 10:00:00,1.3,90.0,1.8706845851603684,26724.065502290978,-1,134.852,135.30614796633242,134.26160764376786,128.08,134.773,59.73378257806773,0.2336401272257706,USDJPY_merged,115.12931541483964
2023-02-17 08:00:00,2023-02-17 10:00:00,1.0,90.0,1.7816043668193984,25451.49095456284,-1,134.852,135.32885536464906,134.37514463535095,128.08,134.773,59.73378257806773,0.2336401272257706,USDJPY_merged,88.2183956331806
2023-02-17 05:00:00,2023-02-17 10:00:00,1.2,30.0,0.49932747868828703,7133.249695546958,-1,134.828,135.39504029336376,134.14755164796347,128.08,134.773,71.34169010049995,0.22118639467797502,USDJPY_merged,35.500672521311714
2023-02-17 08:00:00,2023-02-17 10:00:00,1.0,90.0,1.5589038209669739,22270.054585242488,-1,134.852,135.39697755959892,134.30702244040108,128.08,134.773,59.89819677391885,0.2336401272257706,USDJPY_merged,88.44109617903302
2023-02-20 02:00:00,2023-02-20 04:00:00,-1.1,90.0,2.6230119505667706,37471.599293811014,-1,1.10511,1.1077642742203273,1.1024557257796728,1.07358,1.1044,70.38127662032346,0.0011369513352457172,AUDNZD_merged,-101.62301195056679
2023-02-20 02:00:00,2023-02-20 04:00:00,-1.1,90.00000000000001,2.5180914725441004,35972.73532205858,-1,1.10511,1.1078748689795077,1.1017921572245908,1.07358,1.1044,76.71682062611191,0.0011369513352457172,AUDNZD_merged,-101.51809147254413
2023-02-16 22:00:00,2023-02-20 08:00:00,1.0,30.0,0.44700951767360664,6385.850252480095,-1,134.593,135.22530264418302,133.96069735581696,128.08,134.773,65.33195601148418,0.2452838392679817,USDJPY_merged,29.552990482326393
2023-02-17 07:00:00,2023-02-20 08:00:00,1.0,30.0,0.5692354785477557,8131.935407825082,-1,1.71363,1.719951852968794,1.707308147031206,1.66633,1.7039,59.104582794634425,0.0026145453884092148,EURNZD_merged,29.430764521452243
2023-02-17 07:00:00,2023-02-20 21:00:00,1.2,60.0,1.1384709570955114,16263.870815650163,-1,1.71363,1.719951852968794,1.7060437764374472,1.66633,1.71069,58.75238551317706,0.0026145453884092148,EURNZD_merged,70.8615290429045
2023-02-15 15:00:00,2023-02-21 03:00:00,-1.1,30.0,0.526878108708134,7526.830124401916,-1,143.308,143.87918865829877,142.7368113417012,137.91,142.85,64.4335860495195,0.21944150165383433,EURJPY_merged,-33.52687810870813
2023-02-26 18:00:00,2023-02-26 23:00:00,-1.1,90.0,1.9943314355155481,28490.44907879355,-1,1.56763,1.5725820700642454,1.5611923089164812,1.52555,1.56508,65.979141575539,0.002412746815542498,EURAUD_merged,-100.99433143551556
2023-02-26 21:00:00,2023-02-26 23:00:00,-1.1,30.0,0.5719175909311625,8170.251299016608,-1,1.56657,1.5723222220896262,1.5608177779103738,1.52555,1.56508,66.12937262895,0.0022879682047182897,EURAUD_merged,-33.571917590931164
2023-02-26 18:00:00,2023-02-27 00:00:00,-1.1,90.0,1.8993632719195697,27133.761027422428,-1,1.56763,1.5728296735674576,1.5624303264325425,1.52555,1.56508,65.979141575539,0.002412746815542498,EURAUD_merged,-100.89936327191958
2023-02-26 19:00:00,2023-02-27 07:00:00,-1.1,90.00000000000001,1.636845430510708,23383.50615015297,-1,1.56718,1.5732118670388562,1.5599417595533724,1.52555,1.56508,70.71981370814011,0.002353264900146631,EURAUD_merged,-100.63684543051073
2023-02-24 14:00:00,2023-02-27 08:00:00,1.2,89.99999999999999,1.7960926794198693,25658.466848855278,-1,1.36213,1.3669078263885424,1.3563966083337493,1.32616,1.34749,63.17608908830513,0.0019596212300300253,USDCAD_merged,106.20390732058011
2023-02-27 05:00:00,2023-02-27 10:00:00,1.2,60.0,1.2878413463792433,18397.733519703477,-1,0.94112,0.944189247629852,0.9374369028441775,0.90591,0.92906,64.57924284504692,0.0012421491196593457,USDCHF_merged,70.71215865362076
2023-02-27 05:00:00,2023-02-27 10:00:00,1.1,29.999999999999996,0.6707507012391891,9582.15287484556,-1,0.94112,0.9440664777246579,0.9378788745028762,0.90591,0.94086,64.57924284504692,0.0012421491196593457,USDCHF_merged,32.329249298760814
2023-02-26 21:00:00,2023-02-28 02:00:00,-1.1,90.0,1.6059920427026966,22942.743467181383,-1,136.154,136.68810613327602,135.45966202674117,128.08,134.773,66.6947270504338,0.2647635618781548,USDJPY_merged,-100.60599204270271
2023-02-26 21:00:00,2023-02-28 02:00:00,-1.1,90.0,1.5295162311454251,21850.231873506076,-1,136.154,136.7148114399398,135.59318856006018,128.08,134.773,66.6947270504338,0.2647635618781548,USDJPY_merged,-100.52951623114544
2023-02-26 21:00:00,2023-02-28 03:00:00,-1.1,90.0,1.284793634162157,18354.194773745105,-1,136.154,136.82163266659504,135.35284080008597,128.08,134.773,69.06362941997837,0.2647635618781548,USDJPY_merged,-100.28479363416217
2023-02-26 21:00:00,2023-02-28 03:00:00,-1.1,60.0,0.8922178015014981,12745.968592878546,-1,136.154,136.79492735993122,135.44897990407566,128.08,134.773,69.06362941997837,0.2647635618781548,USDJPY_merged,-66.8922178015015
2023-02-27 03:00:00,2023-02-28 03:00:00,-1.1,30.0,0.4569102881347458,6527.289830496369,-1,136.186,136.81192287244727,135.56007712755274,128.08,134.773,65.0290711576521,0.2536999240518349,USDJPY_merged,-33.45691028813474
2023-02-26 21:00:00,2023-02-28 03:00:00,-1.1,90.0,1.3383267022522471,19118.952889317818,-1,136.154,136.79492735993122,135.51307264006877,128.08,134.773,66.19631097093814,0.2647635618781548,USDJPY_merged,-100.33832670225226
2023-02-27 03:00:00,2023-02-28 10:00:00,1.0,30.0,0.3772586382713048,5389.409118161498,1,0.61491,0.6114871201266135,0.6183328798733864,0.61908,0.65375,38.114593760695854,0.0013720696672578135,NZDUSD_merged,29.622741361728696
2023-02-28 13:00:00,2023-02-28 19:00:00,-1.1,30.0,0.4678992666937864,6684.275238482664,-1,135.805,136.41451260303353,135.19548739696648,128.08,134.773,50.02978341957645,0.24896182398387512,USDJPY_merged,-33.467899266693784
2023-03-01 03:00:00,2023-03-02 18:00:00,-0.5191722938357891,30.0,0.41274197359944537,5896.313908563506,-1,84.8,85.23145599767089,84.3685440023291,82.315,84.909,66.81478847010789,0.17754079913490156,NZDJPY_merged,-15.987910788673119
2023-03-06 17:00:00,2023-03-06 22:00:00,-1.1,15.000000000000002,0.26483238615191607,3783.3198021702297,-1,1.58624,1.592529079761735,1.5768063803573975,1.53549,1.56508,64.64685715172342,0.0024623724829301572,EURAUD_merged,-16.76483238615192
2023-03-06 17:00:00,2023-03-06 22:00:00,-1.1,15.0,0.22069365512659667,3152.766501808524,-1,1.58624,1.5937868957140822,1.57793841471451,1.53549,1.56508,66.20973175086881,0.0024623724829301572,EURAUD_merged,-16.720693655126595
2023-03-06 17:00:00,2023-03-06 22:00:00,-1.1,14.999999999999998,0.3484636659893632,4978.052371276617,-1,1.58624,1.5910197006189186,1.579548419133514,1.53549,1.56508,64.64685715172342,0.0024623724829301572,EURAUD_merged,-16.848463665989364
2023-03-06 17:00:00,2023-03-06 22:00:00,-1.1,14.999999999999998,0.3484636659893632,4978.052371276617,-1,1.58624,1.5910197006189186,1.5809823293191896,1.53549,1.56508,67.16442932483844,0.0024623724829301572,EURAUD_merged,-16.848463665989364
2023-03-06 17:00:00,2023-03-06 22:00:00,-1.1,15.000000000000002,0.26483238615191607,3783.3198021702297,-1,1.58624,1.592529079761735,1.5780641963097446,1.53549,1.56508,67.16442932483844,0.0024623724829301572,EURAUD_merged,-16.76483238615192
2023-03-06 17:00:00,2023-03-06 22:00:00,-1.1,15.0,0.23645748763563934,3377.964109080562,-1,1.58624,1.5932837693331432,1.5756743460002853,1.53549,1.56508,64.64685715172342,0.0024623724829301572,EURAUD_merged,-16.73645748763564
2023-03-06 17:00:00,2023-03-06 22:00:00,-1.1,15.000000000000002,0.2546465251460731,3637.807502086759,-1,1.58624,1.5927806429522045,1.5764290355716934,1.53549,1.56508,65.37544300928218,0.0024623724829301572,EURAUD_merged,-16.754646525146075
2023-03-08 01:00:00,2023-03-08 08:00:00,1.1,30.0,0.6241844555262307,8916.920793231868,-1,137.712,138.17531688884526,137.20235142227017,128.08,134.773,68.16272556663962,0.2362187802627322,USDJPY_merged,32.37581554447377
2023-03-08 01:00:00,2023-03-08 08:00:00,1.4,60.0,1.2483689110524614,17833.841586463735,-1,137.712,138.17531688884526,137.0633563556166,128.08,134.773,65.58851422462402,0.2362187802627322,USDJPY_merged,82.75163108894753
2023-03-07 15:00:00,2023-03-08 10:00:00,1.1,15.0,0.23250066784682014,3321.438112097431,-1,1.79616,1.8042716670221461,1.7872371662756392,1.7221,1.79602,59.20864766410338,0.003187190608225702,GBPAUD_merged,16.26749933215318
2023-03-08 01:00:00,2023-03-08 10:00:00,1.1,59.99999999999999,0.9487603723998707,13553.719605712438,-1,137.712,138.32162748532272,137.04140976614497,128.08,134.773,65.58851422462402,0.2362187802627322,USDJPY_merged,65.05123962760013
2023-03-08 01:00:00,2023-03-08 10:00:00,1.4,15.0,0.28236915845234245,4033.8451207477497,-1,137.712,138.22408708767108,136.99507807726044,128.08,134.773,65.58851422462402,0.2362187802627322,USDJPY_merged,20.717630841547656
2023-03-08 01:00:00,2023-03-08 10:00:00,1.1,15.000000000000002,0.19765841091663972,2823.691584523425,-1,137.712,138.44355298238727,136.90729171937397,128.08,134.773,67.22238490013318,0.2362187802627322,USDJPY_merged,16.302341589083365
2023-03-08 00:00:00,2023-03-09 09:00:00,1.4,15.0,0.22103030438667795,3157.5757769525426,1,0.65896,0.6558296238195938,0.6633425266525688,0.68549,0.70294,28.7302199331924,0.0016120259528301295,AUDUSD_merged,20.778969695613323
2023-03-08 00:00:00,2023-03-09 09:00:00,1.1,15.0,0.22103030438667795,3157.5757769525426,1,0.65896,0.6558296238195938,0.6624034137984469,0.68549,0.70294,26.732685012329565,0.0016120259528301295,AUDUSD_merged,16.278969695613323
2023-03-07 15:00:00,2023-03-09 11:00:00,-1.1,15.0,0.27678650934145255,3954.09299059218,-1,1.79616,1.8029738002986027,1.7866206795819561,1.7221,1.79602,59.20864766410338,0.003187190608225702,GBPAUD_merged,-16.776786509341452
2023-03-07 17:00:00,2023-03-09 15:00:00,-1.1,15.0,0.16227214800416778,2318.173542916683,1,90.259,89.67496909164248,91.07664327170053,90.225,93.036,28.325921563483547,0.1973429002058989,AUDJPY_merged,-16.662272148004167
2023-03-10 00:00:00,2023-03-10 02:00:00,-1.1,30.0,0.6660377564009329,9514.825091441899,-1,1.8075,1.813199001240577,1.8012310986353655,1.7221,1.79602,64.10065430848925,0.002982369027349625,GBPAUD_merged,-33.66603775640093
2023-03-10 00:00:00,2023-03-10 03:00:00,-1.1,30.0,0.5061886948647089,7231.2670694958415,-1,1.8075,1.8149986858428646,1.7992514455728492,1.7221,1.79602,63.42386698375669,0.002982369027349625,GBPAUD_merged,-33.50618869486471
2023-03-10 00:00:00,2023-03-10 03:00:00,-1.1,30.0,0.6026055891246533,8608.651273209334,-1,1.8075,1.8137988961080063,1.7986815454487917,1.7221,1.79602,63.42386698375669,0.002982369027349625,GBPAUD_merged,-33.60260558912465
2023-03-09 18:00:00,2023-03-10 03:00:00,-1.1,60.0,1.3932287771007132,19903.268244295905,-1,1.80896,1.8144132551472347,1.8013254427938712,1.7221,1.79602,67.09667311422007,0.002822981838874115,GBPAUD_merged,-67.39322877710072
2023-03-09 21:00:00,2023-03-10 04:00:00,-1.1,30.0,0.4444597835659917,6349.425479514168,-1,1.95225,1.9614740628997005,1.9421035308103294,1.88331,1.94035,66.03611797231757,0.0030379242308597185,GBPNZD_merged,-33.44445978356599
2023-03-09 21:00:00,2023-03-10 04:00:00,-1.1,60.0,1.4035572112610264,20050.81730372895,-1,1.95225,1.9580919065031437,1.945823902846542,1.88331,1.94035,66.98084972227922,0.0030379242308597185,GBPNZD_merged,-67.40355721126103
2023-03-09 18:00:00,2023-03-10 04:00:00,-1.1,59.99999999999999,1.0588538705965418,15126.483865664884,-1,1.80896,1.8161353357200456,1.7996320635639405,1.7221,1.79602,69.23592880921126,0.002822981838874115,GBPAUD_merged,-67.05885387059654
2023-03-09 21:00:00,2023-03-10 04:00:00,-1.1,30.0,0.53335174027919,7619.310575417,-1,1.95225,1.9599367190830839,1.9422572651919912,1.88331,1.94035,66.98084972227922,0.0030379242308597185,GBPNZD_merged,-33.53335174027919
2023-03-09 21:00:00,2023-03-10 04:00:00,-1.1,60.0,1.4035572112610264,20050.81730372895,-1,1.95225,1.9580919065031437,1.9440713308955988,1.88331,1.94035,64.42252379119975,0.0030379242308597185,GBPNZD_merged,-67.40355721126103
2023-03-10 00:00:00,2023-03-10 08:00:00,-1.1,30.000000000000004,0.47106059372741454,6729.43705324878,1,0.61308,0.6103468739072132,0.6169063765299013,0.62997,0.64435,32.67749118975421,0.0013835954588807308,AUDCHF_merged,-33.47106059372742
2023-03-10 00:00:00,2023-03-10 09:00:00,-1.1,60.0,0.92981016144012,13283.00230628743,-1,1.60547,1.6127219900078917,1.597492810991319,1.52555,1.56508,61.839015707959284,0.0028300248600741135,EURAUD_merged,-66.92981016144012
2023-03-10 00:00:00,2023-03-10 09:00:00,-1.1,60.0,1.106916858857286,15813.097983675514,-1,1.60547,1.611561671606629,1.5969416597507191,1.53549,1.56508,61.839015707959284,0.0028300248600741135,EURAUD_merged,-67.10691685885729
2023-03-10 00:00:00,2023-03-10 10:00:00,-1.276235523302231,60.0,0.71601210246567,10228.744320938144,1,0.61308,0.6094837814568596,0.6170358403974544,0.62997,0.6569,32.67749118975421,0.0013835954588807308,AUDCHF_merged,-77.29014350059953
2023-03-08 00:00:00,2023-03-12 21:00:00,1.3,15.0,0.16798303133387524,2399.7575904839323,1,0.65896,0.6548410839731497,0.6643145908349054,0.68549,0.71573,26.732685012329565,0.0016120259528301295,AUDUSD_merged,19.332016968666125
2023-03-21 15:00:00,2023-03-22 11:00:00,-1.1,15.000000000000002,0.281574848540478,4022.4978362925426,-1,1.47695,1.4824575853118218,1.470891656156996,1.42373,1.46417,65.34187868043611,0.002139245972962414,EURCAD_merged,-16.781574848540483
2023-03-21 15:00:00,2023-03-22 11:00:00,-1.1,15.0,0.3704932217637868,5292.760310911241,-1,1.47695,1.4811357648369845,1.4723456586793169,1.42373,1.46417,68.15559219751702,0.002139245972962414,EURCAD_merged,-16.870493221763788
2023-03-21 15:00:00,2023-03-22 11:00:00,-1.1,30.0,0.7409864435275736,10585.520621822481,-1,1.47695,1.4811357648369845,1.4710899292282216,1.42373,1.46417,65.34187868043611,0.002139245972962414,EURCAD_merged,-33.740986443527575
2023-04-04 10:00:00,2023-04-04 12:00:00,1.3,15.0,0.2756913574057724,3938.4479629396055,-1,1.13822,1.1425550325205913,1.1325844577232311,1.09951,1.13575,55.49555345647011,0.001883726364791078,GBPCHF_merged,19.224308642594227
2023-04-12 01:00:00,2023-04-12 03:00:00,-1.1,15.000000000000002,0.3999837923743354,5714.054176776221,-1,1.76109,1.7657130485716017,1.7560046465712382,1.69693,1.71069,68.9955770154048,0.0025065274973993415,EURNZD_merged,-16.89998379237434
2023-04-12 01:00:00,2023-04-12 03:00:00,-1.1,30.000000000000004,0.7999675847486708,11428.108353552441,-1,1.76109,1.7657130485716017,1.7546177319997576,1.69693,1.71069,67.26991362254014,0.0025065274973993415,EURNZD_merged,-33.79996758474868
2023-04-12 01:00:00,2023-04-12 08:00:00,1.4,30.0,0.7239296804666983,10341.85257809569,-1,166.355,166.83756827897258,165.67940440943835,158.254,165.906,67.76857293829332,0.2529844972422496,GBPJPY_merged,41.276070319533304
2023-04-12 01:00:00,2023-04-12 08:00:00,1.1,30.0,0.4584887976289088,6549.83996612727,-1,166.355,167.11694991416726,165.516855094416,158.254,165.906,69.78127070723681,0.2529844972422496,GBPJPY_merged,32.54151120237109
2023-04-12 01:00:00,2023-04-12 10:00:00,-1.1,30.0,0.6079753644089898,8685.362348699855,-1,1.76109,1.7671729586468443,1.7531821537591024,1.69693,1.71069,68.9955770154048,0.0025065274973993415,EURNZD_merged,-33.607975364408986
2023-04-12 01:00:00,2023-04-12 10:00:00,-1.1,29.999999999999996,0.5066461370074915,7237.801957249879,-1,1.76109,1.7683895503762133,1.7530604945861654,1.69693,1.71069,68.4200723238062,0.0025065274973993415,EURNZD_merged,-33.50664613700749
2023-04-12 16:00:00,2023-04-13 09:00:00,-1.3641617163835067,30.0,0.4821709201495609,6888.156002136585,-1,1.09884,1.1036257801115095,1.0935756418773397,1.05158,1.08044,68.49430880789791,0.0015170271773719817,EURUSD_merged,-41.407022411654765
2023-04-13 17:00:00,2023-04-17 10:00:00,1.4,15.0,0.19245903185925875,2749.4147408465537,1,0.88928,0.8844283492825484,0.8960723110044321,0.90708,0.94393,29.365315452510508,0.001549558555401661,USDCHF_merged,20.807540968140742
2023-04-19 05:00:00,2023-04-19 05:00:00,1.1,15.0,0.3570492144501864,5100.703063574092,-1,167.744,168.23729670216812,167.20137362761506,158.254,165.906,60.42107699883268,0.29422771158593036,GBPJPY_merged,16.142950785549814
2023-04-19 05:00:00,2023-04-19 07:00:00,1.4,30.0,0.7140984289003728,10201.406127148184,-1,167.744,168.23729670216812,167.05338461696462,158.254,165.906,59.616812921696294,0.29422771158593036,GBPJPY_merged,41.28590157109963
2023-04-19 05:00:00,2023-04-20 08:00:00,1.1,15.000000000000002,0.2713574029821417,3876.5343283163106,-1,167.744,168.39307460811597,167.03001793107245,158.254,165.906,59.616812921696294,0.29422771158593036,GBPJPY_merged,16.228642597017863
2023-04-19 05:00:00,2023-04-20 08:00:00,1.4,15.0,0.32304452735969247,4614.9218194241785,-1,167.744,168.28922267081742,166.98068826085563,158.254,165.906,59.616812921696294,0.29422771158593036,GBPJPY_merged,20.67695547264031
2023-04-19 05:00:00,2023-04-20 17:00:00,1.1,30.0,0.45226233830356954,6460.8905471938515,-1,167.744,168.52288952973916,166.88722151728692,158.254,165.906,60.14346924486917,0.29422771158593036,GBPJPY_merged,32.54773766169643
2023-04-19 07:00:00,2023-04-20 19:00:00,1.1,30.000000000000004,0.6287423440011479,8982.033485730686,-1,167.375,167.93403265201326,166.76006408278542,158.254,165.906,55.645706785761945,0.30042573218693536,GBPJPY_merged,32.37125765599886
2023-04-19 09:00:00,2023-04-21 00:00:00,1.4,30.0,0.6150166990033156,8785.95284290451,-1,167.17,167.74080889115515,166.37086755238275,158.254,165.906,59.19696952965371,0.3052524656021539,GBPJPY_merged,41.38498330099669
2023-04-19 07:00:00,2023-04-21 00:00:00,1.3,15.0,0.23892209072043621,3413.1727245776606,-1,167.375,168.11056927896482,166.41875993734573,158.254,165.906,55.645706785761945,0.30042573218693536,GBPJPY_merged,19.261077909279564
2023-04-19 07:00:00,2023-04-21 02:00:00,1.5,15.0,0.21332329528610378,3047.47564694434,-1,167.375,168.1988375924406,166.13924361133908,158.254,165.906,55.826864144114346,0.30042573218693536,GBPJPY_merged,22.286676704713898
2023-04-19 07:00:00,2023-04-21 02:00:00,1.5,15.0,0.22973277953888097,3281.8968505554426,-1,167.375,168.13999205012342,166.22751192481488,158.254,165.906,55.797096072475135,0.30042573218693536,GBPJPY_merged,22.27026722046112
2023-04-24 22:00:00,2023-04-25 07:00:00,1.1,30.0,0.663711042691189,9481.586324159844,-1,1.10566,1.1091583386604287,1.1018118274735285,1.05158,1.10327,66.32306748870256,0.0013358115024449297,EURUSD_merged,32.33628895730881
2023-04-24 22:00:00,2023-04-25 07:00:00,1.4,30.0,0.7901321936799869,11287.602766856957,-1,1.10566,1.1085986044747602,1.101545953735336,1.05158,1.10327,66.32306748870256,0.0013358115024449297,EURUSD_merged,41.20986780632001
2023-04-24 23:00:00,2023-04-25 07:00:00,1.1,30.0,0.9146102124956295,13065.860178508994,-1,1.10539,1.1079280418546456,1.1025981539598901,1.05158,1.10327,68.50717990413372,0.0012789678236988624,EURUSD_merged,32.08538978750437
2023-04-24 23:00:00,2023-04-25 07:00:00,1.4,60.0,1.829220424991259,26131.720357017988,-1,1.10539,1.1079280418546456,1.1018367414034966,1.05158,1.10327,65.89241361007356,0.0012789678236988624,EURUSD_merged,82.17077957500874
2023-04-24 23:00:00,2023-04-25 09:00:00,1.5,15.0,0.3475518807483392,4965.026867833418,-1,1.10539,1.1087295287561125,1.1003807068658316,1.05158,1.10327,65.89241361007356,0.0012789678236988624,EURUSD_merged,22.152448119251662
2023-04-24 23:00:00,2023-04-25 09:00:00,1.1,30.0,0.5792531345805652,8275.04477972236,-1,1.10539,1.109397434507335,1.1009818220419318,1.05158,1.08044,67.5713769460897,0.0012789678236988624,EURUSD_merged,32.42074686541943
2023-04-24 23:00:00,2023-04-25 09:00:00,1.5,30.0,0.6683690014391138,9548.12859198734,-1,1.10539,1.1088631099063568,1.1001803351404649,1.05158,1.08044,66.70018023272016,0.0012789678236988624,EURUSD_merged,44.33163099856089
2023-04-25 00:00:00,2023-04-25 09:00:00,1.3,30.0,0.7259253773209884,10370.362533156978,-1,1.10528,1.1084774195592473,1.1011233545729788,1.05158,1.10327,67.71256474208182,0.0012454701220060847,EURUSD_merged,38.27407462267901
2023-04-24 23:00:00,2023-04-25 09:00:00,1.5,30.0,0.6206283584791772,8866.11940684539,-1,1.10539,1.109130272206846,1.0997795916897315,1.05158,1.08044,65.89241361007356,0.0012789678236988624,EURUSD_merged,44.37937164152082
2023-04-25 07:00:00,2023-04-26 04:00:00,-1.1,60.0,1.3246374314093883,18923.391877276976,-1,1.49722,1.5019672039147416,1.4905739145193617,1.45785,1.49377,75.17482353214123,0.0016258012117057654,EURCAD_merged,-67.32463743140939
2023-04-25 17:00:00,2023-04-26 09:00:00,-1.1,30.0,0.5425005122421895,7750.007317745565,1,0.65423,0.6516974991654447,0.6577755011683774,0.6653,0.68076,30.9950036327657,0.0009281550202194862,CADCHF_merged,-33.54250051224219
2023-05-01 05:00:00,2023-05-01 10:00:00,-1.1,30.0,0.36292080141793026,5184.582877399004,-1,100.81,101.39332561587234,100.05167669936596,94.064,100.838,66.69840696469322,0.22716380018115687,CADJPY_merged,-33.36292080141793
2023-05-01 05:00:00,2023-05-01 10:00:00,-1.1,30.0,0.36292080141793026,5184.582877399004,-1,100.81,101.39332561587234,100.16834182254043,94.064,100.838,65.45620899169909,0.22716380018115687,CADJPY_merged,-33.36292080141793
2023-05-01 05:00:00,2023-05-01 10:00:00,-1.1,30.0,0.43204857311658373,6172.122473094054,-1,100.81,101.29999351733278,100.12400907573412,94.064,100.838,65.45620899169909,0.22716380018115687,CADJPY_merged,-33.43204857311658
2023-05-01 05:00:00,2023-05-01 10:00:00,-1.1,30.0,0.3489623090557022,4985.175843652889,-1,100.81,101.41665864050724,99.90001203923914,94.064,100.838,65.90620491631555,0.22716380018115687,CADJPY_merged,-33.3489623090557
2023-05-01 05:00:00,2023-05-01 10:00:00,-1.1,30.0,0.4775273702867504,6821.819575525006,-1,100.81,101.25332746806299,100.32233978513072,94.064,100.838,66.69840696469322,0.22716380018115687,CADJPY_merged,-33.47752737028675
2023-05-01 05:00:00,2023-05-01 10:00:00,-1.1,30.0,0.36292080141793026,5184.582877399004,-1,100.81,101.39332561587234,99.93501157619149,94.064,100.838,65.45620899169909,0.22716380018115687,CADJPY_merged,-33.36292080141793
2023-05-01 05:00:00,2023-05-02 00:00:00,-1.1,30.0,0.4243658140918019,6062.368772740027,-1,171.215,172.0622678242697,170.02882504602243,158.254,165.906,67.00607387642087,0.3869993780784379,GBPJPY_merged,-33.4243658140918
2023-05-01 05:00:00,2023-05-02 00:00:00,-1.1,60.0,0.9380717995713517,13401.025708162168,-1,171.215,171.98157565052972,170.14179408925838,158.254,165.906,67.00607387642087,0.3869993780784379,GBPJPY_merged,-66.93807179957135
2023-05-01 05:00:00,2023-05-02 01:00:00,-1.1,30.0,0.3564672838371136,5092.389769101624,-1,171.215,172.22365217174965,169.70202174237554,158.254,165.906,67.00607387642087,0.3869993780784379,GBPJPY_merged,-33.35646728383711
2023-05-01 04:00:00,2023-05-02 01:00:00,-1.1,30.0,0.46098794448488295,6585.542064069757,-1,171.372,172.15267377749356,170.5132588447571,158.254,165.906,67.34526100237541,0.403460868699856,GBPJPY_merged,-33.460987944484884
2023-05-01 05:00:00,2023-05-02 01:00:00,-1.1,30.0,0.3564672838371136,5092.389769101624,-1,171.215,172.22365217174965,169.90375217672548,158.254,165.906,67.55118284578326,0.3869993780784379,GBPJPY_merged,-33.35646728383711
2023-05-01 05:00:00,2023-05-02 01:00:00,-1.1,30.0,0.3564672838371136,5092.389769101624,-1,171.215,172.22365217174965,170.1054826110754,158.254,165.906,67.00607387642087,0.3869993780784379,GBPJPY_merged,-33.35646728383711
2023-05-01 05:00:00,2023-05-02 01:00:00,-1.1,30.0,0.3427570036895323,4896.528624136176,-1,171.215,172.26399825861964,169.64150261207055,158.254,165.906,67.23948951438678,0.3869993780784379,GBPJPY_merged,-33.342757003689535
2023-05-01 05:00:00,2023-05-02 17:00:00,0.8736906781961826,30.0,0.31827436056885144,4546.776579555021,-1,171.215,172.3446904323596,169.52046435146062,158.254,165.906,67.00607387642087,0.3869993780784379,GBPJPY_merged,25.892445985316627
2023-05-01 05:00:00,2023-05-02 17:00:00,0.8154446329831038,30.0,0.2970560698642613,4243.658140918019,-1,171.215,172.42538260609956,169.88357913329048,158.254,165.906,67.42947042962125,0.3869993780784379,GBPJPY_merged,24.166282919628852
2023-05-03 09:00:00,2023-05-03 11:00:00,-1.1,14.999999999999998,0.39140115269606807,5591.445038515259,-1,1.70401,1.7085812959394102,1.6971530560908847,1.65373,1.68651,66.48439653819368,0.0020091256898239792,GBPCAD_merged,-16.89140115269607
2023-05-03 08:00:00,2023-05-03 16:00:00,-1.1,14.999999999999998,0.24446445909711828,3492.3494156731185,1,0.65234,0.6495381325934668,0.6557022408878399,0.65945,0.68076,29.516724867710685,0.0010964623355802208,CADCHF_merged,-16.744464459097117
2023-05-03 08:00:00,2023-05-03 16:00:00,-1.1,15.000000000000002,0.23573358555793558,3367.6226508276513,1,0.65234,0.6494343597265582,0.6561173323554745,0.65945,0.68076,25.035888793157028,0.0010964623355802208,CADCHF_merged,-16.735733585557938
2023-05-03 08:00:00,2023-05-03 16:00:00,-1.1,14.999999999999998,0.24446445909711828,3492.3494156731185,1,0.65234,0.6495381325934668,0.6554220541471866,0.65945,0.68076,31.95979407432546,0.0010964623355802208,CADCHF_merged,-16.744464459097117
2023-05-03 08:00:00,2023-05-03 16:00:00,-1.1,15.000000000000002,0.23573358555793558,3367.6226508276513,1,0.65234,0.6494343597265582,0.6555362043007861,0.65945,0.68076,29.516724867710685,0.0010964623355802208,CADCHF_merged,-16.735733585557938
2023-05-03 22:00:00,2023-05-04 03:00:00,1.3,59.99999999999999,1.9228951113848327,27469.93016264047,-1,1.50751,1.5108027131399486,1.5032294729180666,1.45785,1.49377,66.50478509898126,0.0021483462294920883,EURCAD_merged,76.07710488861517
2023-05-03 22:00:00,2023-05-04 03:00:00,1.3,15.0,0.3565477769909864,5093.539671299806,1,0.64878,0.6468694033171403,0.6512637756877178,0.65945,0.68076,30.411265416448767,0.00122989318462747,CADCHF_merged,19.143452223009014
2023-05-03 22:00:00,2023-05-04 04:00:00,1.5,15.0,0.31460097969792916,4494.299709970417,1,0.64878,0.646614657092759,0.6520280143608617,0.65945,0.68076,30.411265416448767,0.00122989318462747,CADCHF_merged,22.18539902030207
2023-05-03 22:00:00,2023-05-04 08:00:00,1.5,60.0,1.6966721571042644,24238.173672918067,-1,1.50751,1.5112417415586084,1.501912387662087,1.46226,1.49377,66.50478509898126,0.0021483462294920883,EURCAD_merged,88.30332784289574
2023-05-03 22:00:00,2023-05-04 08:00:00,1.3,59.99999999999999,1.0301223810990177,14716.034015700254,-1,1.50751,1.5136563978612376,1.499519682780391,1.45785,1.49377,66.75362339774344,0.0021483462294920883,EURCAD_merged,76.96987761890098
2023-05-03 22:00:00,2023-05-04 08:00:00,1.1,29.999999999999996,0.5150611905495088,7358.017007850127,-1,1.50751,1.5136563978612376,1.5007489623526384,1.46226,1.49377,65.38969730904026,0.0021483462294920883,EURCAD_merged,32.48493880945049
2023-05-03 22:00:00,2023-05-04 09:00:00,1.3,60.0,2.105648014226384,30080.685917519775,-1,1.71191,1.7153246362314225,1.7074709728991508,1.65373,1.68651,68.37893645569565,0.002232393857547188,GBPCAD_merged,75.89435198577361
2023-05-03 22:00:00,2023-05-04 11:00:00,1.5,60.0,1.857924718435045,26541.781691929216,-1,1.71191,1.7157799210622788,1.706105118406582,1.65373,1.68651,68.37893645569565,0.002232393857547188,GBPCAD_merged,88.14207528156496
2023-05-03 22:00:00,2023-05-04 13:00:00,1.1,15.000000000000002,0.2820064304767479,4028.6632925249705,-1,1.71191,1.7182839876319884,1.7048986136048128,1.65373,1.68651,66.92653329890899,0.002232393857547188,GBPCAD_merged,16.217993569523255
2023-05-03 22:00:00,2023-05-04 13:00:00,1.3,15.000000000000002,0.2820064304767479,4028.6632925249705,-1,1.71191,1.7182839876319884,1.703623816078415,1.65373,1.68651,68.95431066298963,0.002232393857547188,GBPCAD_merged,19.217993569523255
2023-05-03 23:00:00,2023-05-04 13:00:00,1.5,15.0,0.34982986574614916,4997.569510659274,-1,1.71067,1.7158045058723586,1.7029682411914622,1.65373,1.68651,65.81455872712573,0.0021357942962938166,GBPCAD_merged,22.15017013425385
2023-05-03 22:00:00,2023-05-04 15:00:00,1.5,15.0,0.1782738884954932,2546.769835649903,1,0.64878,0.6449588066342805,0.6545117900485793,0.65945,0.68076,31.938087820618037,0.00122989318462747,CADCHF_merged,22.321726111504507
2023-05-04 15:00:00,2023-05-05 08:00:00,1.5,60.00000000000001,1.2021755373742242,17173.936248203205,-1,1.7026,1.708548316013499,1.6936775259797512,1.65373,1.68651,39.688562111963485,0.0025272083284313177,GBPCAD_merged,88.79782446262578
2023-05-07 19:00:00,2023-05-08 03:00:00,1.3,90.0,4.05340083001974,57905.726143139145,1,0.87221,0.8708543672287961,0.8739723226025652,0.8729,0.89223,24.822669740238616,0.0008699155250310038,EURGBP_merged,112.94659916998026
2023-05-07 21:00:00,2023-05-08 05:00:00,-1.1,60.0,1.0357437229087705,14796.338898696722,-1,100.796,101.20473354154741,100.1828996876789,94.064,100.595,71.7419582346134,0.23825781681161054,CADJPY_merged,-67.03574372290878
2023-05-07 19:00:00,2023-05-08 17:00:00,-1.1,90.0,3.576530144135065,51093.28777335808,1,0.87221,0.8706736161926356,0.8745145757110467,0.8729,0.88651,24.822669740238616,0.0008699155250310038,EURGBP_merged,-102.57653014413508
2023-05-07 22:00:00,2023-05-08 17:00:00,-1.1,15.0,0.4298053324085982,6140.076177265689,1,0.8727,0.870568023193512,0.8750451744871368,0.8729,0.89223,30.9498741234628,0.0007553623937657193,EURGBP_merged,-16.9298053324086
2023-05-07 20:00:00,2023-05-09 02:00:00,-1.1,60.0,1.5041632921235257,21488.047030336085,1,0.87233,0.8698942365299133,0.875496492511113,0.8729,0.89223,25.75756224178013,0.0008242072732430795,EURGBP_merged,-67.50416329212352
2023-05-07 21:00:00,2023-05-09 02:00:00,-1.1,60.0,1.587816611773619,22683.094453908845,1,0.87246,0.8701522196349194,0.8749985584015887,0.8729,0.88651,30.11844556405788,0.0007896210394400029,EURGBP_merged,-67.58781661177362
2023-05-08 12:00:00,2023-05-10 02:00:00,-1.1,90.0,2.038915143956962,29127.359199385173,-1,85.607,85.87151522595164,85.26313020626287,80.475,83.874,67.64509238149029,0.17303323511292076,NZDJPY_merged,-101.03891514395697
2023-05-09 02:00:00,2023-05-10 08:00:00,-1.1,90.0,2.869693270059515,40995.61814370737,1,1.62197,1.6184091974896369,1.6273112037655446,1.62236,1.67615,39.27471506385518,0.0021242618754084295,EURAUD_merged,-101.86969327005953
2023-05-09 02:00:00,2023-05-10 08:00:00,-1.1,90.00000000000001,1.7423137711075634,24890.19673010805,1,1.62197,1.6161051488064606,1.628421336312893,1.62236,1.67615,37.21726402897173,0.0021242618754084295,EURAUD_merged,-100.74231377110759
2023-05-08 13:00:00,2023-05-10 10:00:00,1.1,60.00000000000001,0.7028808794921587,10041.155421316555,-1,91.463,92.00952873795279,90.86181838825192,86.063,90.162,64.63141003112737,0.19346106105577324,AUDJPY_merged,65.29711912050786
2023-05-08 12:00:00,2023-05-10 12:00:00,1.5,60.0,1.1928750288960845,17041.07184137264,-1,100.935,101.2903825754843,100.40192613677355,94.064,100.595,58.788874095299064,0.20783081854184432,CADJPY_merged,88.80712497110392
2023-05-08 12:00:00,2023-05-11 07:00:00,1.5,60.0,1.1993618493864482,17133.74070552069,-1,85.607,85.90678392274519,85.1573241158822,80.475,83.874,67.64509238149029,0.17303323511292076,NZDJPY_merged,88.80063815061355
2023-05-08 12:00:00,2023-05-11 07:00:00,1.1,60.0,0.7281839799846292,10402.628285494704,-1,85.607,86.10076175510973,85.0638620693793,80.475,83.874,66.08934292162546,0.17303323511292076,NZDJPY_merged,65.27181602001536
2023-05-08 12:00:00,2023-05-11 09:00:00,1.2,15.0,0.18878843925527425,2696.9777036467754,-1,85.607,86.08312740671296,85.03564711194446,80.475,83.874,66.08934292162546,0.17303323511292076,NZDJPY_merged,17.811211560744727
2023-05-08 20:00:00,2023-05-11 09:00:00,1.5,15.0,0.21836409495755155,3119.487070822165,-1,85.596,86.00758689581028,84.97861965628458,80.475,83.874,66.25109400044762,0.17274492992659618,NZDJPY_merged,22.28163590504245
2023-05-08 12:00:00,2023-05-11 09:00:00,1.3,60.0,0.7281839799846292,10402.628285494704,-1,85.607,86.10076175510973,84.96510971835735,80.475,83.874,68.36756195894858,0.17303323511292076,NZDJPY_merged,77.27181602001536
2023-05-09 17:00:00,2023-05-11 09:00:00,1.3,60.0,1.6295114844296397,23278.735491851996,1,0.86822,0.8659821980361333,0.8711291425530268,0.8729,0.89223,27.18297915880861,0.0008171282023027339,EURGBP_merged,76.37048851557036
2023-05-08 12:00:00,2023-05-11 09:00:00,1.5,60.0,0.8864848451986791,12664.069217123988,-1,85.607,86.01259001312584,84.99861498031122,80.475,83.874,67.64509238149029,0.17303323511292076,NZDJPY_merged,89.11351515480132
2023-05-07 21:00:00,2023-05-11 09:00:00,1.1,60.0,0.6288444031946107,8983.491474208724,-1,100.796,101.46920818607809,100.05547099531411,94.064,100.595,68.5574546590774,0.23825781681161054,CADJPY_merged,65.3711555968054
2023-05-09 17:00:00,2023-05-11 09:00:00,1.1,60.0,1.6295114844296397,23278.735491851996,1,0.86822,0.8659821980361333,0.8706815821602534,0.8729,0.88732,28.567029523893158,0.0008171282023027339,EURGBP_merged,64.37048851557036
2023-05-17 13:00:00,2023-05-17 21:00:00,1.3,90.0,1.9958023045795983,28511.461493994262,-1,86.105,86.3768012193669,85.75165841482304,81.554,83.874,77.64106045126859,0.20118646913188915,NZDJPY_merged,115.0041976954204
2023-05-18 05:00:00,2023-05-18 08:00:00,-1.1,30.0,0.5171944218267535,7388.491740382193,-1,137.771,138.3304010449264,137.15565885058092,129.671,137.772,70.59554218702915,0.19765850979702515,USDJPY_merged,-33.51719442182675
2023-05-17 21:00:00,2023-05-18 08:00:00,-1.1,60.0,0.9811794570929981,14016.849387042832,-1,102.084,102.52097694331096,101.42853458503357,97.554,101.803,64.41107496247002,0.1878478342559751,CADJPY_merged,-66.98117945709299
2023-05-18 02:00:00,2023-05-18 08:00:00,-1.1,60.0,1.3172517158516441,18817.881655023488,-1,137.511,137.9494478631152,136.8533282053272,129.671,137.772,67.76691886344224,0.1888702552949632,USDJPY_merged,-67.31725171585164
2023-05-17 20:00:00,2023-05-18 10:00:00,-1.1,60.0,0.8135286544429914,11621.837920614164,-1,102.165,102.69244669490935,101.47931929661786,97.554,101.803,67.30612630711205,0.18998997535258882,CADJPY_merged,-66.81352865444299
2023-05-17 20:00:00,2023-05-18 10:00:00,-1.1,60.0,0.8135286544429914,11621.837920614164,-1,102.165,102.69244669490935,101.58480863559973,97.554,101.803,66.58638141345027,0.18998997535258882,CADJPY_merged,-66.81352865444299
2023-05-17 22:00:00,2023-05-18 16:00:00,-1.171632069619284,60.0,0.7601305659052032,10859.008084360046,-1,85.794,86.2680432975102,85.08293505373469,81.554,83.874,66.6461091901286,0.20583818058430464,NZDJPY_merged,-71.05805474306223
2023-05-17 18:00:00,2023-05-18 16:00:00,-1.1,90.0,1.2334461694217544,17620.659563167923,-1,85.897,86.33573102322228,85.2389034651666,81.554,83.874,65.99284548614352,0.18612743173570084,NZDJPY_merged,-100.23344616942177
2023-05-17 20:00:00,2023-05-18 19:00:00,-1.1824921377928972,60.0,0.718157918165966,10259.398830942371,-1,85.93,86.4325440656864,85.32694712117633,81.554,83.874,66.76533671561576,0.19140404375457973,NZDJPY_merged,-71.6676861857398
2023-05-17 13:00:00,2023-05-18 19:00:00,-1.2978910030370896,60.0,1.1740013556350577,16771.447937643683,-1,86.105,86.41304138194916,85.64293792707628,81.554,83.874,77.64106045126859,0.20118646913188915,NZDJPY_merged,-79.04746153786043
2023-05-17 13:00:00,2023-05-19 04:00:00,-1.1,90.0,1.0691798060247848,15273.997228925498,-1,86.105,86.61236227615154,85.445429041003,81.554,83.874,79.15586913250729,0.20118646913188915,NZDJPY_merged,-100.0691798060248
2023-05-17 13:00:00,2023-05-19 04:00:00,-1.1,90.0,1.0691798060247848,15273.997228925498,-1,86.105,86.61236227615154,85.5469014962333,81.554,83.874,74.79274561285601,0.20118646913188915,NZDJPY_merged,-100.0691798060248
2023-05-19 01:00:00,2023-05-19 05:00:00,-1.1,30.0,0.43919603937045176,6274.229133863597,-1,86.368,86.780965472685,85.74855179097248,81.554,83.874,61.97616499562011,0.16734973645550688,NZDJPY_merged,-33.43919603937045
2023-05-18 21:00:00,2023-05-19 08:00:00,-1.1360204116053485,30.0,0.3466818664654709,4952.59809236387,-1,86.366,86.88915571578377,85.73821314105946,81.554,83.874,66.2646015987738,0.18977842077219853,NZDJPY_merged,-34.42729421462593
2023-05-18 21:00:00,2023-05-19 11:00:00,1.3,90.0,2.6371946532146424,37674.20933163774,-1,138.407,138.73764078108044,137.97716698459547,129.671,137.772,70.9909464387379,0.22368238828787917,USDJPY_merged,114.36280534678536
2023-05-18 21:00:00,2023-05-19 11:00:00,1.5,60.0,1.5512909724792014,22161.299606845736,-1,138.407,138.78172621855782,137.8449106721633,129.671,137.772,70.9909464387379,0.22368238828787917,USDJPY_merged,88.44870902752079
2023-05-18 21:00:00,2023-05-19 11:00:00,1.3,30.0,0.47092761664547195,6727.5373806496,-1,138.407,139.02419612468347,137.60464503791152,129.671,137.772,70.67035300026208,0.22368238828787917,USDJPY_merged,38.52907238335453
2023-05-22 17:00:00,2023-05-23 07:00:00,1.2,15.0,0.2510319516881921,3586.170738402744,-1,154.318,154.96347121954128,153.5434345365505,140.222,153.958,67.54776136201315,0.22920174217027453,CHFJPY_merged,17.74896804831181
2023-05-22 08:00:00,2023-05-24 05:00:00,1.1,30.0,0.8291621556853157,11845.173652647369,1,0.96974,0.9672839617135965,0.9724416421150439,0.97132,0.98797,41.74922367028494,0.0009703835376519982,EURCHF_merged,32.17083784431468
2023-05-24 05:00:00,2023-05-24 06:00:00,-1.1,90.0,2.2597947789725406,32282.78255675058,1,0.65791,0.6560758365447306,0.6602944124918502,0.65728,0.68176,27.837720914853783,0.0012140059485000972,AUDUSD_merged,-101.25979477897255
2023-05-22 08:00:00,2023-05-24 09:00:00,1.5,60.0,1.4924918802335683,21321.312574765263,1,0.96974,0.9670110685706628,0.9738333971440059,0.97132,0.99969,41.644173396000866,0.0009703835376519982,EURCHF_merged,88.50750811976643
2023-05-24 05:00:00,2023-05-24 09:00:00,-1.1,60.0,1.3292910464544356,18989.872092206224,1,0.65791,0.6558312814173614,0.661028077873958,0.65728,0.68176,27.837720914853783,0.0012140059485000972,AUDUSD_merged,-67.32929104645443
2023-05-22 08:00:00,2023-05-24 09:00:00,1.3,30.0,0.7995492215536973,11422.131736481391,1,0.96974,0.9671929973326187,0.9730511034675959,0.97132,0.98797,42.08904955208432,0.0009703835376519982,EURCHF_merged,38.2004507784463
2023-05-24 05:00:00,2023-05-24 10:00:00,-1.1,29.999999999999996,0.4184805146245445,5978.293066064922,1,0.65791,0.6546085057805151,0.6618717930633818,0.65728,0.68057,29.768854919092043,0.0012140059485000972,AUDUSD_merged,-33.41848051462455
2023-05-24 18:00:00,2023-05-25 00:00:00,-1.1,90.0,1.510651144527814,21580.73063611163,1,0.6107,0.6081531446165206,0.6140109119985233,0.61112,0.63842,25.85472644424749,0.0016609104754872687,NZDUSD_merged,-100.51065114452783
2023-05-24 14:00:00,2023-05-25 11:00:00,-1.2196073070684657,30.0,0.3158912830604323,4512.732615149033,1,0.60997,0.6059150068150347,0.616052489777448,0.61112,0.63805,18.628753387970466,0.0016838961727544508,NZDUSD_merged,-36.9041104951144
2023-05-25 18:00:00,2023-05-28 17:00:00,-1.1822434048506327,30.000000000000004,0.39475942266020164,5639.420323717167,1,0.82679,0.8223917287990248,0.8316280983210729,0.82612,0.8538,34.090493381435046,0.0015547758098592432,NZDCAD_merged,-35.862061568179186
2023-05-24 15:00:00,2023-05-30 01:00:00,-1.1,30.0,0.48728098798505004,6961.156971215001,1,0.88863,0.8848003348868246,0.8932255981358106,0.89428,0.9231,31.862043836319312,0.0013727948801926068,AUDCAD_merged,-33.48728098798505
2023-05-24 15:00:00,2023-05-30 01:00:00,-1.1,30.0,0.48728098798505004,6961.156971215001,1,0.88863,0.8848003348868246,0.892842631624493,0.89428,0.91063,33.235677112587766,0.0013727948801926068,AUDCAD_merged,-33.48728098798505
2023-05-28 22:00:00,2023-05-30 11:00:00,1.2,15.0,0.2608692703330669,3726.703861900956,-1,155.238,155.86283365630567,154.48819961243322,140.222,153.958,64.61768457223538,0.22896131036966985,CHFJPY_merged,17.739130729666932
2023-05-25 15:00:00,2023-05-30 21:00:00,-1.1,30.0,0.32989212564211123,4712.744652030161,1,0.60508,0.6012282317969041,0.6108576523046438,0.61112,0.63805,25.808414244710256,0.0015574103166740108,NZDUSD_merged,-33.32989212564211
2023-05-24 15:00:00,2023-05-31 02:00:00,-1.1,60.0,0.8771057783730903,12530.082548187005,1,0.88863,0.8843748165409162,0.8950127751886258,0.89428,0.9231,32.564183265403415,0.0013727948801926068,AUDCAD_merged,-66.87710577837309
2023-05-30 12:00:00,2023-05-31 11:00:00,-1.8932352535830619,30.0,0.7606464016490029,10866.377166414328,1,0.86451,0.8621232523652722,0.8673740971616735,0.87178,0.88732,37.99300536511249,0.0008544105622079849,EURGBP_merged,-57.55770400914086
2023-05-30 12:00:00,2023-05-31 11:00:00,-1.8932352535830619,15.0,0.38032320082450144,5433.188583207164,1,0.86451,0.8621232523652722,0.8671354223982006,0.8729,0.88732,38.630808340884286,0.0008544105622079849,EURGBP_merged,-28.77885200457043
2023-06-01 04:00:00,2023-06-01 09:00:00,-1.3377918953308077,14.999999999999998,0.34724232530343563,4960.604647191938,-1,1.13015,1.1335673757446274,1.1250239363830588,1.10287,1.12765,62.73633163009097,0.0015043418059570574,GBPCHF_merged,-20.41412075526555
2023-05-31 22:00:00,2023-06-01 10:00:00,-1.1,30.0,0.7441455301674236,10630.650430963195,1,0.85932,0.8568949743472973,0.8622300307832431,0.87178,0.88732,30.925648909952127,0.0008597178170670434,EURGBP_merged,-33.74414553016742
2023-06-05 06:00:00,2023-06-06 00:00:00,-1.1,15.0,0.2487328046767569,3553.3257810965274,-1,92.403,92.79306977839569,91.81789533240648,86.063,92.434,65.25761108411747,0.15584842616499772,AUDJPY_merged,-16.748732804676756
2023-06-04 23:00:00,2023-06-06 11:00:00,-1.1,15.0,0.3402414489146179,4860.592127351684,1,1.43741,1.4329740898402747,1.442289501175698,1.45785,1.51119,32.39625695159703,0.0015648632824452023,EURCAD_merged,-16.840241448914618
2023-06-06 16:00:00,2023-06-07 07:00:00,-1.1498846027773322,15.0,0.2855005180248282,4078.5788289261172,-1,1.0981,1.1021385390820893,1.094061460917911,1.05867,1.09302,67.36706949507337,0.0015743145162045802,AUDNZD_merged,-17.53376955968481
2023-06-12 02:00:00,2023-06-12 07:00:00,1.1,15.0,0.5359932499658422,7657.04642808346,1,0.85485,0.8531753660376186,0.8566920973586196,0.8729,0.88732,32.57996345066576,0.0006237894579618726,EURGBP_merged,15.964006750034159
2023-06-12 03:00:00,2023-06-13 05:00:00,-1.1,14.999999999999998,0.4290933894022792,6129.905562889703,-1,1.13594,1.1387196676188869,1.1317704985716694,1.10287,1.12765,64.60318405699851,0.0011826094954027252,GBPCHF_merged,-16.92909338940228
2023-06-12 21:00:00,2023-06-13 15:00:00,1.1,30.000000000000004,0.589131873269612,8416.169618137315,1,1.85534,1.8487265163696263,1.862614831993411,1.85893,1.90249,37.20619715376267,0.0024473356400756337,GBPAUD_merged,32.41086812673039
2023-06-12 18:00:00,2023-06-15 01:00:00,-1.1,15.0,0.23468059929999863,3352.5799899999806,-1,0.6133,0.6160440061169129,0.6091839908246305,0.58592,0.60505,72.53011572348314,0.0008879066552349687,AUDCHF_merged,-16.7346805993
2023-06-15 03:00:00,2023-06-16 00:00:00,-1.1,30.0,0.3516521097478381,5023.601567826259,-1,96.159,96.7332433911311,95.5273322697558,90.293,92.352,77.0658017555458,0.22127682763767553,AUDJPY_merged,-33.35165210974784
2023-06-16 04:00:00,2023-06-16 08:00:00,-1.1,15.0,0.4021207737127943,5744.582481611348,-1,1.69215,1.6965684673266073,1.6877315326733928,1.67147,1.69305,65.00270129295575,0.00186952604898494,GBPCAD_merged,-16.902120773712795
2023-06-16 00:00:00,2023-06-16 08:00:00,-1.1,15.0,0.248991015780065,3557.014511143786,-1,1.27752,1.2829073269113649,1.2710552077063622,1.23085,1.26773,74.71265102458284,0.00172822023447004,GBPUSD_merged,-16.748991015780064
2023-06-16 00:00:00,2023-06-16 08:00:00,-1.1,14.999999999999998,0.266776088335784,3811.0869762254856,-1,1.27752,1.2825481717839404,1.2709833766808774,1.23085,1.26773,75.27043953325712,0.00172822023447004,GBPUSD_merged,-16.766776088335785
2023-06-16 10:00:00,2023-06-19 03:00:00,1.0,15.000000000000002,0.37825515875770765,5403.64512511011,-1,1.69475,1.699454463267188,1.690045536732812,1.67147,1.69305,57.41906012474889,0.002403507223163775,GBPCAD_merged,14.621744841242293
2023-06-18 21:00:00,2023-06-20 08:00:00,1.0,60.0,1.430721504996408,20438.87864280583,-1,1.14675,1.1501163784203845,1.1433836215796154,1.11336,1.12765,62.781039861321034,0.0014837311514610063,GBPCHF_merged,58.569278495003594
2023-06-18 22:00:00,2023-06-20 08:00:00,1.0,15.0,0.4055652194182663,5793.788848832376,-1,1.14619,1.1491574623029222,1.143222537697078,1.11336,1.12765,64.04861912504525,0.0014070360692137933,GBPCHF_merged,14.594434780581734
2023-06-18 22:00:00,2023-06-20 08:00:00,1.0,15.0,0.4506280215758514,6437.543165369307,-1,1.14619,1.1488607160726299,1.1435192839273702,1.11336,1.12765,63.0855272007003,0.0014070360692137933,GBPCHF_merged,14.549371978424148
2023-06-16 12:00:00,2023-06-20 08:00:00,1.0,15.0,0.4103780746572181,5862.543923674545,-1,1.69088,1.6952063130016948,1.686553686998305,1.67147,1.69305,60.721049741284084,0.002435399564366364,GBPCAD_merged,14.589621925342781
2023-06-18 22:00:00,2023-06-20 08:00:00,1.0,60.0,1.8025120863034056,25750.172661477227,-1,1.14619,1.1488607160726299,1.1435192839273702,1.11336,1.12765,64.04861912504525,0.0014070360692137933,GBPCHF_merged,58.19748791369659
2023-06-18 21:00:00,2023-06-20 08:00:00,1.0,15.0,0.32787367822834357,4683.909688976337,-1,1.14675,1.1504224128222376,1.1430775871777623,1.11336,1.12765,62.781039861321034,0.0014837311514610063,GBPCHF_merged,14.672126321771657
2023-06-18 21:00:00,2023-06-20 10:00:00,1.0,15.0,0.31475873109920977,4496.5533014172825,-1,1.14675,1.150575430023164,1.1429245699768358,1.11336,1.12765,62.781039861321034,0.0014837311514610063,GBPCHF_merged,14.685241268900791
2023-06-19 00:00:00,2023-06-21 10:00:00,-1.1,15.0,0.18236710400759795,2605.244342965685,-1,154.789,155.68021583020382,153.71954100375538,146.13,151.611,63.803340542073414,0.29642394744404404,EURJPY_merged,-16.682367104007596
2023-06-19 00:00:00,2023-06-21 10:00:00,-1.1,15.0,0.19539332572242638,2791.3332246060913,-1,154.789,155.62080144152355,153.70765812601934,146.13,151.611,62.46654961361222,0.29642394744404404,EURJPY_merged,-16.695393325722428
2023-06-18 22:00:00,2023-06-22 04:00:00,-1.1,15.0,0.19311023533360067,2758.717647622867,-1,155.168,156.0116963463824,153.90245548042645,146.13,151.611,74.59374304125824,0.28915440058599057,EURJPY_merged,-16.693110235333602
2023-06-21 16:00:00,2023-06-22 06:00:00,-1.1,60.0,1.308135097220876,18687.644246012518,-1,107.698,108.04378355168436,107.35221644831563,97.554,101.803,64.29009559620918,0.18795183221812214,CADJPY_merged,-67.30813509722087
2023-06-21 16:00:00,2023-06-22 06:00:00,-1.1,60.0,1.1773215874987888,16818.87982141127,-1,107.698,108.08220394631594,107.31379605368404,97.554,101.803,64.29009559620918,0.18795183221812214,CADJPY_merged,-67.1773215874988
2023-06-22 22:00:00,2023-06-23 06:00:00,-1.1,60.0,1.245016467721871,17785.949538883873,-1,181.857,182.47048537935214,181.24351462064786,167.834,172.324,58.56218306129295,0.33455198141181364,GBPJPY_merged,-67.24501646772187
2023-06-22 22:00:00,2023-06-23 08:00:00,1.0,30.0,0.5088457619714486,7269.225171020695,-1,108.578,109.02610002763234,108.12989997236767,97.554,101.803,66.26478121269544,0.18087203450060405,CADJPY_merged,29.49115423802855
2023-06-23 14:00:00,2023-06-26 06:00:00,1.0,30.0,0.6142437898965531,8774.911284236474,-1,2.06924,2.0763143963088857,2.0621656036911147,1.97455,2.07329,56.21899230145014,0.0038266330164885565,GBPNZD_merged,29.385756210103448
2023-06-23 14:00:00,2023-06-26 06:00:00,1.0,30.0,0.5528194109068979,7897.420155812828,-1,2.06924,2.077100440343206,2.0613795596567943,1.97455,2.07329,56.21899230145014,0.0038266330164885565,GBPNZD_merged,29.4471805890931
2023-06-27 20:00:00,2023-06-28 05:00:00,1.0,30.0,0.712592565509979,10179.893792999701,-1,183.371,183.91139168893716,182.83060831106286,167.834,172.324,58.924334880266244,0.29084491889615177,GBPJPY_merged,29.28740743449002
2023-06-28 00:00:00,2023-06-28 10:00:00,1.0,30.0,0.543635663992578,7766.223771322544,-1,1.91566,1.9230599670486204,1.9082600329513795,1.85069,1.9171,64.0682051678844,0.003940300461589933,GBPAUD_merged,29.45636433600742
2023-06-28 06:00:00,2023-06-28 10:00:00,1.0,60.0,0.9391104813016221,13415.864018594602,-1,2.08447,2.0937924111266075,2.0751475888733926,2.03569,2.07329,67.33966782396334,0.0038704566858898492,GBPNZD_merged,59.060889518698374
2023-06-28 00:00:00,2023-06-28 10:00:00,1.0,60.0,1.087271327985156,15532.447542645088,-1,1.91566,1.9230599670486204,1.9082600329513795,1.85893,1.9171,63.35682397167507,0.003940300461589933,GBPAUD_merged,58.91272867201484
2023-06-28 00:00:00,2023-06-28 10:00:00,1.0,30.0,0.48927209759332024,6989.60139419029,-1,1.91566,1.9238821856095782,1.9074378143904216,1.85069,1.9171,64.0682051678844,0.003940300461589933,GBPAUD_merged,29.51072790240668
2023-06-27 23:00:00,2023-06-29 08:00:00,1.0,60.00000000000001,0.7827730098148062,11182.471568782947,-1,1.91703,1.9273159014031473,1.9067440985968527,1.85069,1.9171,63.63893159359095,0.004111092804789163,GBPAUD_merged,59.2172269901852
2023-06-28 00:00:00,2023-06-29 08:00:00,1.0,60.0,0.8895856319878548,12708.36617125507,-1,1.91566,1.9247044041705361,1.9066155958294637,1.85069,1.9171,63.08650552471669,0.003940300461589933,GBPAUD_merged,59.110414368012144
2023-06-28 07:00:00,2023-06-30 01:00:00,1.0,60.0,1.1178436813899537,15969.19544842791,1,0.54535,0.5433009925778245,0.5473990074221755,0.5446,0.56012,30.17020065892124,0.0011327419241381593,NZDCHF_merged,58.88215631861004
2023-06-27 20:00:00,2023-06-30 04:00:00,1.2,15.000000000000002,0.23290917856309115,3327.273979472731,-1,157.65,158.36071694564052,156.79713966523138,146.13,151.611,63.7441469195919,0.23619810222206253,EURJPY_merged,17.76709082143691
2023-06-27 20:00:00,2023-06-30 04:00:00,1.3,15.0,0.24954554846045476,3564.9364065779255,-1,157.65,158.31333581593114,156.78766343928953,146.13,151.611,63.95624165308762,0.23619810222206253,EURJPY_merged,19.250454451539547
2023-06-28 13:00:00,2023-06-30 13:00:00,1.2,60.0,0.7105940615872898,10151.343736961284,-1,1.79262,1.8032153657749153,1.7799055610701018,1.71663,1.78364,64.14573242134901,0.0035223751208071103,EURNZD_merged,71.28940593841271
2023-06-28 13:00:00,2023-06-30 13:00:00,1.3,60.0,0.7613507802720964,10876.439718172805,-1,1.79262,1.8025090080565878,1.7797642895264363,1.71663,1.78364,64.19417067516912,0.0035223751208071103,EURNZD_merged,77.2386492197279
2023-06-28 12:00:00,2023-06-30 16:00:00,1.0,60.0,1.087549537111561,15536.42195873659,-1,2.07558,2.083595667978815,2.067564332021185,2.03569,2.07329,56.24987203146826,0.004392209671610813,GBPNZD_merged,58.91245046288844
2023-06-28 12:00:00,2023-06-30 16:00:00,1.0,60.0,1.087549537111561,15536.42195873659,-1,2.07558,2.083595667978815,2.067564332021185,1.97455,2.07329,56.612953702945916,0.004392209671610813,GBPNZD_merged,58.91245046288844
2023-06-28 12:00:00,2023-07-02 23:00:00,1.0,90.0,1.334719886455098,19067.42694935854,-1,2.07558,2.0853769275296625,2.0657830724703374,2.03569,2.07329,56.649357890166705,0.004392209671610813,GBPNZD_merged,88.6652801135449
2023-06-28 12:00:00,2023-07-02 23:00:00,1.0,60.0,0.978794583400405,13982.77976286293,-1,2.07558,2.0844862977542387,2.0666737022457613,1.97455,2.07329,56.24987203146826,0.004392209671610813,GBPNZD_merged,59.02120541659959
2023-06-28 12:00:00,2023-07-03 00:00:00,1.0,60.0,0.7830356667203241,11186.223810290345,-1,2.07558,2.0867128721927983,2.0644471278072016,1.97455,2.07329,56.649357890166705,0.004392209671610813,GBPNZD_merged,59.21696433327968
2023-06-27 23:00:00,2023-07-03 00:00:00,1.3,30.0,0.3578570499386928,5112.243570552754,-1,1.64879,1.6584655366440124,1.6362118023627839,1.61353,1.65147,71.07722534683523,0.003310152458473517,EURAUD_merged,38.642142950061306
2023-06-27 23:00:00,2023-07-03 00:00:00,1.2,30.0,0.33399991327611317,4771.427332515903,-1,1.64879,1.659156646404299,1.6363500243148412,1.61353,1.65147,70.31468741238827,0.003310152458473517,EURAUD_merged,35.666000086723884
2023-06-28 12:00:00,2023-07-03 00:00:00,1.0,89.99999999999999,1.2234932292505065,17478.474703578664,-1,2.07558,2.0862675573050864,2.0648924426949136,2.03569,2.07329,56.649357890166705,0.004392209671610813,GBPNZD_merged,88.77650677074948
2023-07-04 18:00:00,2023-07-04 20:00:00,-1.1,90.0,2.1259041722486383,30370.059603551977,-1,89.417,89.68198235779093,89.15201764220907,83.52,87.305,66.36376719925589,0.1457686766381741,NZDJPY_merged,-101.12590417224865
2023-07-04 18:00:00,2023-07-04 20:00:00,-1.1,90.0,2.1259041722486383,30370.059603551977,-1,89.417,89.68198235779093,89.15201764220907,83.52,87.305,65.4588401823678,0.1457686766381741,NZDJPY_merged,-101.12590417224865
2023-07-07 05:00:00,2023-07-10 08:00:00,1.2,60.0,1.2163709640863456,17376.728058376368,-1,1.70303,1.7089103820636846,1.6959735415235786,1.66057,1.69778,73.67925773562551,0.0020222611149499797,GBPCAD_merged,70.78362903591365
2023-07-07 05:00:00,2023-07-10 08:00:00,1.3,60.00000000000001,1.3032546043782276,18617.92291968897,-1,1.70303,1.7085183565927722,1.6958951364293962,1.66057,1.69778,74.06940958612125,0.0020222611149499797,GBPCAD_merged,76.69674539562179
2023-07-10 09:00:00,2023-07-10 13:00:00,1.0,60.0,1.3247331519232393,18924.759313189134,-1,1.6519,1.6571372660787778,1.646662733921222,1.58475,1.65147,59.29312470340073,0.003043907104131418,EURAUD_merged,58.67526684807676
2023-07-09 21:00:00,2023-07-10 14:00:00,-1.1,90.0,1.3916972071157039,19881.388673081485,1,0.88953,0.8855032339970601,0.894764795803822,0.89012,0.91449,31.27927313281857,0.0014018356642402899,USDCHF_merged,-100.39169720711571
2023-07-09 21:00:00,2023-07-10 16:00:00,-1.1,90.0,1.2989173933079903,18555.962761542716,1,0.88953,0.885215607853993,0.8947072705752086,0.89012,0.91449,32.16594801838143,0.0014018356642402899,USDCHF_merged,-100.298917393308
2023-07-10 09:00:00,2023-07-10 20:00:00,1.0,89.99999999999999,1.6258088682694296,23225.840975277566,-1,1.6519,1.6583011029851729,1.645498897014827,1.58475,1.65147,59.050325088881245,0.003043907104131418,EURAUD_merged,88.37419113173056
2023-07-11 02:00:00,2023-07-11 02:00:00,-1.1,90.00000000000001,1.804725554960788,25781.793642296972,-1,1.28682,1.2913120769131439,1.2823279230868563,1.23085,1.28481,66.56980089813791,0.0019977714248819852,GBPUSD_merged,-100.80472555496081
2023-07-10 09:00:00,2023-07-11 02:00:00,-1.1,90.0,2.074832605565053,29640.465793786476,-1,1.92455,1.930393683469924,1.918706316530076,1.85069,1.9171,53.47875528135335,0.0033688843297227425,GBPAUD_merged,-101.07483260556506
2023-07-11 02:00:00,2023-07-11 02:00:00,-1.1,59.99999999999999,1.671042180519248,23872.031150274972,-1,1.28682,1.2900542953774636,1.2835857046225365,1.23085,1.28481,66.98411594862017,0.0019977714248819852,GBPUSD_merged,-67.67104218051925
2023-07-11 02:00:00,2023-07-11 02:00:00,-1.1,59.99999999999999,1.671042180519248,23872.031150274972,-1,1.28682,1.2900542953774636,1.2835857046225365,1.23085,1.28481,67.94730338489326,0.0019977714248819852,GBPUSD_merged,-67.67104218051925
2023-07-10 09:00:00,2023-07-11 02:00:00,-1.1,60.0,1.3832217370433688,19760.310529190985,-1,1.92455,1.930393683469924,1.918706316530076,1.85069,1.9171,52.1939048136706,0.0033688843297227425,GBPAUD_merged,-67.38322173704337
2023-07-10 09:00:00,2023-07-11 04:00:00,-1.1,90.0,1.4938794760068383,21341.135371526263,-1,1.92455,1.932666227041561,1.9164337729584389,1.85069,1.9171,53.90197933404572,0.0033688843297227425,GBPAUD_merged,-100.49387947600685
2023-07-10 09:00:00,2023-07-11 04:00:00,-1.1,89.99999999999999,1.6975903136441342,24251.290194916204,-1,1.92455,1.9316922797965739,1.917407720203426,1.85069,1.9171,53.90197933404572,0.0033688843297227425,GBPAUD_merged,-100.69759031364411
2023-07-10 09:00:00,2023-07-11 04:00:00,-1.1,89.99999999999999,1.8673493450085479,26676.419214407826,-1,1.92455,1.931042981633249,1.918057018366751,1.85069,1.9171,52.1939048136706,0.0033688843297227425,GBPAUD_merged,-100.86734934500853
2023-07-11 06:00:00,2023-07-11 09:00:00,-1.1,60.0,2.508055977974911,35829.3711139273,1,0.97143,0.9698032396581936,0.9730567603418064,0.97227,0.98413,29.993232255912318,0.0009349160493445774,EURCHF_merged,-68.5080559779749
2023-07-10 09:00:00,2023-07-11 17:00:00,1.0,90.00000000000001,1.4307118040770983,20438.740058244264,-1,1.6519,1.659173980664969,1.6446260193350308,1.58475,1.65147,59.050325088881245,0.003043907104131418,EURAUD_merged,88.56928819592292
2023-07-10 11:00:00,2023-07-11 20:00:00,1.0,60.0,1.263779259703907,18053.98942434153,-1,1.64864,1.6541190327874367,1.6431609672125636,1.58475,1.65147,60.73297233173136,0.0030107708824077474,EURAUD_merged,58.73622074029609
2023-07-10 11:00:00,2023-07-11 20:00:00,1.0,60.0,1.137401333733516,16248.590481907375,-1,1.64864,1.6547278142082629,1.6425521857917373,1.58475,1.65147,60.73297233173136,0.0030107708824077474,EURAUD_merged,58.862598666266486
2023-07-11 12:00:00,2023-07-12 08:00:00,-1.1,60.00000000000001,0.7457450683263228,10653.500976090327,1,0.54409,0.5410257115493521,0.5480735749858423,0.5446,0.56012,27.873642229322392,0.0011040752514903886,NZDCHF_merged,-66.74574506832634
2023-07-11 10:00:00,2023-07-12 08:00:00,-1.1,60.0,0.7098179271343167,10140.25610191881,1,0.54451,0.5412881287107909,0.548376245547051,0.5446,0.56012,30.81555060876959,0.0010943887323742595,NZDCHF_merged,-66.70981792713431
2023-07-11 08:00:00,2023-07-13 08:00:00,1.2,30.0,0.3466017054967181,4951.452935667402,1,0.58771,0.5841491663963936,0.5919830003243276,0.58777,0.61683,34.06679184629013,0.0011428770677829275,AUDCHF_merged,35.65339829450328
2023-07-11 08:00:00,2023-07-13 08:00:00,1.3,60.00000000000001,0.7427179403501104,10610.256290715864,1,0.58771,0.5843865553033006,0.5920304781057091,0.58777,0.61683,33.52985125799379,0.0011428770677829275,AUDCHF_merged,77.25728205964991
2023-07-13 09:00:00,2023-07-14 11:00:00,-1.2622610555086196,30.0,0.6776934257834701,9681.334654049575,-1,1.72148,1.7268144297914954,1.7161455702085044,1.66057,1.69778,67.16500575490349,0.0029652709746229157,GBPCAD_merged,-38.54552509104205
2023-07-14 11:00:00,2023-07-17 08:00:00,1.3,15.0,0.330391465472332,4719.878078176172,-1,1.31175,1.3159188047178547,1.3063305538667889,1.23085,1.28481,62.51727836916203,0.002061945047575404,GBPUSD_merged,19.16960853452767
2023-07-16 18:00:00,2023-07-17 09:00:00,1.1,15.000000000000002,0.34149361973195896,4878.4802818851285,-1,1.73116,1.7364828461528117,1.725304869231907,1.66057,1.69778,70.77465241402939,0.002704962405509475,GBPCAD_merged,16.158506380268044
2023-07-16 18:00:00,2023-07-17 09:00:00,1.1,15.0,0.38166933970042466,5452.419138577496,-1,1.73116,1.735922546557779,1.7259211987864433,1.66057,1.69778,71.4372475491768,0.002704962405509475,GBPCAD_merged,16.118330660299577
2023-07-16 18:00:00,2023-07-17 09:00:00,1.1,15.0,0.3604654874948455,5149.50696421208,-1,1.73116,1.7362026963552952,1.725613034009175,1.66057,1.69778,71.4372475491768,0.002704962405509475,GBPCAD_merged,16.139534512505154
2023-07-17 09:00:00,2023-07-17 13:00:00,1.1,60.0,1.3652308470167287,19503.297814524696,1,0.58506,0.5832601197780072,0.5870398682441922,0.58777,0.61683,40.04696263713154,0.0010874135666347688,AUDCHF_merged,64.63476915298327
2023-07-17 09:00:00,2023-07-17 13:00:00,1.0,15.0,0.3053805842011103,4362.579774301576,1,0.58506,0.583048369163655,0.5870716308363451,0.58777,0.61683,39.82892031876324,0.0010874135666347688,AUDCHF_merged,14.69461941579889
2023-07-17 09:00:00,2023-07-17 23:00:00,1.1,60.0,1.2893846888491325,18419.781269273324,1,0.58506,0.5831542444708311,0.5871563310820859,0.58777,0.61683,40.04696263713154,0.0010874135666347688,AUDCHF_merged,64.71061531115086
2023-07-14 11:00:00,2023-07-18 03:00:00,-1.1,60.0,1.2269997814198386,17528.568305997695,1,0.86007,0.8571259945855736,0.8638972070387543,0.89012,0.91449,40.6361601082098,0.0015340025138408239,USDCHF_merged,-67.22699978141983
2023-07-17 09:00:00,2023-07-18 09:00:00,-1.1,60.0,1.2215223368044412,17450.319097206306,1,0.58506,0.583048369163655,0.5872727939199796,0.58777,0.61683,40.30344230502934,0.0010874135666347688,AUDCHF_merged,-67.22152233680444
2023-07-16 18:00:00,2023-07-18 11:00:00,1.2,15.0,0.22373719913473167,3196.2457019247386,-1,1.73116,1.7392843441279757,1.721410787046429,1.66057,1.69778,73.02874185722024,0.002704962405509475,GBPCAD_merged,17.77626280086527
2023-07-16 18:00:00,2023-07-18 11:00:00,1.5,15.0,0.2495530298041238,3565.0432829160545,-1,1.73116,1.7384438947354266,1.7202341578968603,1.66057,1.69778,70.77465241402939,0.002704962405509475,GBPCAD_merged,22.250446970195878
2023-07-16 18:00:00,2023-07-18 13:00:00,1.5,15.0,0.22373719913473167,3196.2457019247386,-1,1.73116,1.7392843441279757,1.7189734838080364,1.66902,1.69778,71.4372475491768,0.002704962405509475,GBPCAD_merged,22.27626280086527
2023-07-17 09:00:00,2023-07-18 22:00:00,-1.1,60.0,0.800307737906358,11432.967684376545,1,0.58506,0.5819896160918945,0.5887444606897266,0.58777,0.61683,39.82892031876324,0.0010874135666347688,AUDCHF_merged,-66.80030773790635
2023-07-18 20:00:00,2023-07-18 23:00:00,-1.1,30.000000000000004,0.42022227676336416,6003.175382333774,1,0.53983,0.5371322777166134,0.5433370389684027,0.5446,0.56012,37.071179898981875,0.0013775139172866617,NZDCHF_merged,-33.42022227676337
2023-07-19 13:00:00,2023-07-19 21:00:00,1.1,60.0,1.1327296859553242,16181.852656504634,1,0.58163,0.5794733989765707,0.5840022611257722,0.58777,0.61683,38.58663559651195,0.001200389416848452,AUDCHF_merged,64.86727031404467
2023-07-19 18:00:00,2023-07-20 02:00:00,-1.1,15.0,0.3681357386734946,5259.081981049923,-1,0.8656,0.8680688719527069,0.8623904664614812,0.85152,0.86538,63.9879211568959,0.001191261978042456,EURGBP_merged,-16.868135738673494
2023-07-20 07:00:00,2023-07-20 12:00:00,1.3,15.000000000000002,0.4260288198000087,6086.125997142982,-1,0.86878,0.8709212142972587,0.8659964214135638,0.85152,0.86538,69.80466562307514,0.0010869923522986483,EURGBP_merged,19.073971180199994
2023-07-20 10:00:00,2023-07-20 12:00:00,1.3,30.0,0.7122678049316467,10175.254356166382,1,1.10915,1.1058798606172107,1.1134011811976263,1.11336,1.15044,46.57612304225125,0.0018339932848665396,GBPCHF_merged,38.28773219506835
2023-07-20 14:00:00,2023-07-21 04:00:00,-1.1,30.0,0.6089013870155573,8698.59124307939,1,1.11557,1.1117225838995335,1.1205716409306063,1.11336,1.15044,53.19380901224243,0.0018398717609308473,GBPCHF_merged,-33.60890138701556
2023-07-20 14:00:00,2023-07-21 08:00:00,-1.1,30.0,0.755275432794764,10789.6490399252,-1,0.86517,0.867575555537901,0.8620427778007287,0.85152,0.86538,51.43814380779099,0.0011475793568825985,EURGBP_merged,-33.75527543279476
2023-07-23 21:00:00,2023-07-24 03:00:00,1.1,30.0,0.5750278655443976,8214.683793491395,1,0.53464,0.5326874963610032,0.5367877540028965,0.5446,0.56012,34.88984732720214,0.001039231101765356,NZDCHF_merged,32.4249721344556
2023-07-23 21:00:00,2023-07-24 03:00:00,1.1,60.0,1.2853564053345357,18362.23436192194,1,0.53464,0.532893023059845,0.5365616746341706,0.5446,0.56012,34.27635388189105,0.001039231101765356,NZDCHF_merged,64.71464359466546
2023-07-23 21:00:00,2023-07-24 03:00:00,1.0,60.0,1.150055731088795,16429.36758698279,1,0.53464,0.5326874963610032,0.5365925036389968,0.5446,0.56012,32.805257449388826,0.001039231101765356,NZDCHF_merged,58.8499442689112
2023-07-23 21:00:00,2023-07-24 03:00:00,1.1,90.0,1.8209215742239255,26013.165346056085,1,0.53464,0.532790259710424,0.5366747143185335,0.5446,0.56012,34.27635388189105,0.001039231101765356,NZDCHF_merged,97.17907842577608
2023-07-24 13:00:00,2023-07-25 07:00:00,-1.1,90.0,3.574648435827564,51066.40622610807,1,0.96129,0.9595958118557054,0.963153606958724,0.96717,0.98413,44.224429168741,0.0010346825998247386,EURCHF_merged,-102.57464843582758
2023-07-24 13:00:00,2023-07-25 07:00:00,-1.1,90.00000000000001,3.3760568560593667,48229.38365799095,1,0.96129,0.9594961537295705,0.9632632308974725,0.96717,0.98413,44.224429168741,0.0010346825998247386,EURCHF_merged,-102.37605685605939
2023-07-21 06:00:00,2023-07-25 09:00:00,1.5,60.0,0.63521020624298,9074.431517756857,-1,157.615,158.6571479275583,156.05177810866257,148.608,157.989,69.45244429250066,0.34840697187827363,EURJPY_merged,89.36478979375703
2023-07-30 20:00:00,2023-07-31 02:00:00,1.3,30.0,0.5113970933455534,7305.672762079335,-1,1.65525,1.6620471152852276,1.6464137501292042,1.58475,1.65483,60.135622969570264,0.003347232096712807,EURAUD_merged,38.48860290665445
2023-07-30 17:00:00,2023-07-31 06:00:00,1.3,15.0,0.2430469174249034,3472.098820355763,-1,1.92878,1.9371126257393316,1.9179475865388687,1.85069,1.9171,65.35260181871922,0.004110861950404049,GBPAUD_merged,19.256953082575098
2023-08-01 12:00:00,2023-08-01 17:00:00,-1.1,30.0,0.5367884268722665,7668.4060981752355,1,0.57919,0.5769241184364069,0.5814558815635931,0.58777,0.61683,23.876597516364868,0.0011616714408537669,AUDCHF_merged,-33.53678842687226
2023-08-01 14:00:00,2023-08-01 17:00:00,-1.1,90.0,1.795002336939085,25642.890527701216,1,0.57886,0.5768283491631445,0.5810948159205411,0.58777,0.61683,31.821964907767214,0.0010845024158381929,AUDCHF_merged,-100.7950023369391
2023-08-01 10:00:00,2023-08-01 18:00:00,-1.1,30.000000000000004,0.5521299064312873,7887.570091875534,-1,1.65785,1.6641555541086386,1.6496527796587699,1.58475,1.65483,69.55840168346418,0.003156150121867902,EURAUD_merged,-33.5521299064313
2023-08-01 16:00:00,2023-08-01 23:00:00,-1.1,30.0,0.5892306330078413,8417.58047154059,1,0.57875,0.5766873526563004,0.5814314415468094,0.58777,0.61683,34.91980540346286,0.0009869434095747703,AUDCHF_merged,-33.589230633007844
2023-08-01 22:00:00,2023-08-01 23:00:00,-1.1,30.0,0.601336746948073,8590.524956401045,-1,1.66072,1.666519599006214,1.6531805212919217,1.6237,1.65483,68.22821648199603,0.002925528110027944,EURAUD_merged,-33.60133674694807
2023-08-01 14:00:00,2023-08-02 01:00:00,-1.1,30.0,0.37137979384946584,5305.425626420941,1,0.57886,0.5755867847628439,0.5827878582845875,0.58777,0.61683,27.628796136722244,0.0010845024158381929,AUDCHF_merged,-33.371379793849464
2023-08-02 13:00:00,2023-08-02 17:00:00,-1.1,60.0,1.379052193779896,19700.745625427087,1,0.87308,0.8704209737379488,0.8760049288882562,0.87389,0.90495,32.24600100923083,0.0015159807313724748,AUDCAD_merged,-67.3790521937799
2023-08-02 22:00:00,2023-08-03 04:00:00,-1.1,15.0,0.26246425691400105,3749.4893844857297,1,0.57391,0.5716140473735918,0.5768947384143308,0.58777,0.61683,34.593367573901105,0.0011574065765467085,AUDCHF_merged,-16.762464256914
2023-08-02 05:00:00,2023-08-03 07:00:00,1.1,60.0,1.4157734302693983,20225.33471813426,-1,1.94208,1.9478413286318335,1.9357425385049833,1.85069,1.93919,66.27003693345078,0.0032955156392367093,GBPAUD_merged,64.5842265697306
2023-08-02 20:00:00,2023-08-03 17:00:00,1.1,30.000000000000004,0.7953154720589475,11361.649600842107,-1,1.6729,1.6773172282866637,1.6680410488846702,1.6237,1.65483,72.0826332877239,0.0023066529220536584,EURAUD_merged,32.20468452794106
2023-08-02 13:00:00,2023-08-03 20:00:00,1.0,30.0,0.6169444024804799,8813.491464006856,1,0.87308,0.870108147118884,0.876051852881116,0.87389,0.90495,32.28331939561727,0.0015159807313724748,AUDCAD_merged,29.38305559751952
2023-08-02 13:00:00,2023-08-03 20:00:00,1.1,60.0,1.3024381830143466,18606.25975734781,1,0.87308,0.8702645604284164,0.8761769835287418,0.87389,0.90495,32.24600100923083,0.0015159807313724748,AUDCAD_merged,64.69756181698565
2023-08-02 13:00:00,2023-08-03 21:00:00,1.1,30.0,0.6169444024804799,8813.491464006856,1,0.87308,0.870108147118884,0.8763490381692276,0.87389,0.90495,32.46858085196073,0.0015159807313724748,AUDCAD_merged,32.38305559751952
2023-08-08 00:00:00,2023-08-08 07:00:00,1.5,60.0,1.0783741175324453,15405.34453617779,-1,163.942,164.58051347023755,162.98422979464368,158.472,155.532,71.32528573559044,0.21416441165242,CHFJPY_merged,88.92162588246755
2023-08-08 11:00:00,2023-08-08 12:00:00,1.0,15.000000000000002,0.5072606293720091,7246.58041960013,-1,1.34683,1.3496178597669817,1.3440421402330183,1.3092,1.33867,64.7329944724341,0.00177581147190898,USDCAD_merged,14.492739370627993
2023-08-08 11:00:00,2023-08-08 13:00:00,1.1,59.99999999999999,1.7086673831478199,24409.534044968856,-1,1.34683,1.3501405834732907,1.3431883581793802,1.3092,1.33867,64.34936764239261,0.00177581147190898,USDCAD_merged,64.29133261685217
2023-08-08 11:00:00,2023-08-08 13:00:00,1.1,60.0,1.9096870752828576,27281.243932612255,-1,1.34683,1.3497921010024179,1.3435716888973401,1.3092,1.33867,64.58228138976584,0.00177581147190898,USDCAD_merged,64.09031292471714
2023-08-08 11:00:00,2023-08-08 13:00:00,1.0,59.99999999999999,1.7086673831478199,24409.534044968856,-1,1.34683,1.3501405834732907,1.3435194165267093,1.3092,1.33867,64.71280410898774,0.00177581147190898,USDCAD_merged,58.29133261685217
2023-08-08 11:00:00,2023-08-08 13:00:00,1.1,90.0,2.7053900233173818,38648.42890453403,-1,1.34683,1.3499663422378543,1.3433800235383602,1.3092,1.33867,64.58228138976584,0.00177581147190898,USDCAD_merged,96.29460997668264
2023-08-08 13:00:00,2023-08-08 15:00:00,1.0,60.0,1.9538919141752742,27912.741631075347,-1,1.34436,1.347249777043979,1.341470222956021,1.3092,1.33867,53.45353664569765,0.0018149598915949854,USDCAD_merged,58.04610808582473
2023-08-08 04:00:00,2023-08-08 15:00:00,1.0,30.0,0.6296475629170745,8994.965184529636,1,0.5707,0.5687966018601777,0.5726033981398223,0.58777,0.61683,32.15619780996393,0.001008089316454507,AUDCHF_merged,29.370352437082925
2023-08-08 04:00:00,2023-08-08 15:00:00,1.1,60.0,1.3292559661582681,18989.370945118117,1,0.5707,0.568896780709642,0.5726835412193938,0.58777,0.61683,34.385406274075066,0.001008089316454507,AUDCHF_merged,64.67074403384173
2023-08-08 11:00:00,2023-08-09 02:00:00,1.2,14.999999999999998,0.27986793344662564,3998.1133349517954,-1,1.34683,1.3518829958276541,1.3407664050068149,1.3092,1.33867,64.71280410898774,0.00177581147190898,USDCAD_merged,17.720132066553372
2023-08-08 11:00:00,2023-08-10 02:00:00,1.5,60.0,1.248641549223407,17837.736417477245,-1,1.34683,1.3513602721213451,1.3400345918179823,1.3092,1.33867,64.34936764239261,0.00177581147190898,USDCAD_merged,88.75135845077659
2023-08-08 11:00:00,2023-08-10 03:00:00,1.5,89.99999999999999,1.6792076006797538,23988.680009710773,-1,1.34683,1.3518829958276541,1.3392505062585187,1.3092,1.33867,64.58228138976584,0.00177581147190898,USDCAD_merged,133.32079239932023
2023-08-10 08:00:00,2023-08-10 08:00:00,-1.1,90.0,2.836853741564656,40526.48202235223,-1,158.405,158.7567810895142,158.0180408015344,151.401,158.046,76.65879123718997,0.22797437157477743,EURJPY_merged,-101.83685374156467
2023-08-10 08:00:00,2023-08-10 08:00:00,-1.1,60.0,2.127640306173492,30394.861516764173,-1,158.405,158.71769430179037,158.09230569820963,151.401,158.046,77.68912465982181,0.22797437157477743,EURJPY_merged,-68.12764030617349
2023-08-10 08:00:00,2023-08-10 08:00:00,-1.1,60.0,1.7916970999355726,25595.672856222467,-1,158.405,158.77632448337607,157.99654306828631,151.401,158.046,75.63882706728995,0.22797437157477743,EURJPY_merged,-67.79169709993558
2023-08-10 08:00:00,2023-08-10 09:00:00,-1.1,90.0,1.7608057706263383,25154.368151804836,-1,158.405,158.97175842199508,157.5548623670074,151.401,158.046,76.65879123718997,0.22797437157477743,EURJPY_merged,-100.76080577062635
2023-08-10 08:00:00,2023-08-10 10:00:00,-1.1,90.0,1.7725516174618028,25322.165963740044,-1,164.703,165.28838712767407,163.8249193084889,158.814,155.532,77.25319212373456,0.24172494235869318,CHFJPY_merged,-100.77255161746181
2023-08-11 00:00:00,2023-08-11 08:00:00,-1.1,60.0,1.6307924468017172,23297.03495431025,-1,1.82714,1.8318456803672656,1.8219637515960077,1.74785,1.80061,71.26878139672885,0.0027581867552291775,EURNZD_merged,-67.63079244680172
2023-08-10 11:00:00,2023-08-14 11:00:00,-1.1,30.0,0.7033407266517034,10047.724666452907,-1,183.874,184.42300190671202,183.27009790261678,176.303,184.008,63.391722997936505,0.29195205967128524,GBPJPY_merged,-33.7033407266517
2023-08-14 12:00:00,2023-08-15 02:00:00,-1.1,30.0,0.8293253497658307,11847.504996654725,-1,145.3,145.6679255675546,144.89528187568996,137.237,145.067,62.76214629251209,0.18909896158682812,USDJPY_merged,-33.82932534976583
2023-08-14 12:00:00,2023-08-15 02:00:00,-1.1,60.0,1.8537860759471507,26482.658227816442,-1,145.3,145.6291965604436,144.93788378351206,137.237,145.067,62.61730823929239,0.18909896158682812,USDJPY_merged,-67.85378607594716
2023-08-14 12:00:00,2023-08-15 02:00:00,-1.1,90.0,2.626196940925131,37517.099156073295,-1,145.3,145.6485610639991,144.91658282960103,137.237,145.067,62.61730823929239,0.18909896158682812,USDJPY_merged,-101.62619694092514
2023-08-17 00:00:00,2023-08-17 05:00:00,1.1,60.0,1.2552906261342693,17932.723230489562,1,0.56196,0.5600797724647492,0.564028250288776,0.58777,0.61683,34.23036422037797,0.001090586468834523,AUDCHF_merged,64.74470937386573
2023-08-17 00:00:00,2023-08-17 05:00:00,1.1,60.0,1.4225875153413314,20322.67879059045,1,0.86376,0.861209863744144,0.8665651498814415,0.87389,0.90495,34.318447154345584,0.0014786458540389773,AUDCAD_merged,64.57741248465867
2023-08-17 00:00:00,2023-08-17 05:00:00,1.1,29.999999999999996,0.6364207305474376,9091.724722106253,1,0.86376,0.8609098477140433,0.8668951675145523,0.87389,0.90495,34.97638005105507,0.0014786458540389773,AUDCAD_merged,32.363579269452565
2023-08-17 00:00:00,2023-08-17 06:00:00,1.1,15.0,0.28078869268792866,4011.2670383989816,1,0.56196,0.5598585692253079,0.5642715738521614,0.58777,0.61683,34.70074886235896,0.001090586468834523,AUDCHF_merged,16.219211307312072
2023-08-17 01:00:00,2023-08-17 06:00:00,1.0,60.0,1.140504657734891,16292.923681927015,1,0.56268,0.5606078857092144,0.5647521142907855,0.58777,0.61683,29.082791269547,0.001093401721060634,AUDCHF_merged,58.859495342265106
2023-08-17 01:00:00,2023-08-17 06:00:00,1.0,89.99999999999999,1.9391811077891632,27702.587254130907,1,0.86476,0.8619505728773259,0.867569427122674,0.87389,0.90495,31.620765355402806,0.0014565997216076222,AUDCAD_merged,88.06081889221082
2023-08-17 01:00:00,2023-08-17 06:00:00,1.0,90.00000000000001,1.4967621376046278,21382.316251494685,1,0.59178,0.5892891473078237,0.5942708526921763,0.60501,0.64114,33.20568476605262,0.0012901911653493156,NZDUSD_merged,88.50323786239538
2023-08-17 01:00:00,2023-08-17 06:00:00,1.1,90.0,1.8057990414135767,25797.129163051097,1,0.56268,0.5607169443560979,0.5648393612082924,0.58777,0.61683,30.750988743051153,0.001093401721060634,AUDCHF_merged,97.19420095858644
2023-08-17 01:00:00,2023-08-17 06:00:00,1.1,90.00000000000001,2.0469133915552282,29241.619879360405,1,0.86476,0.8620984374627298,0.8676877187909972,0.87389,0.90495,33.307657011629175,0.0014565997216076222,AUDCAD_merged,96.9530866084448
2023-08-17 01:00:00,2023-08-17 06:00:00,1.1,90.0,1.5799155896937738,22570.222709911053,1,0.59178,0.5894202448179382,0.5943757307002678,0.60501,0.64114,34.84948202049013,0.0012901911653493156,NZDUSD_merged,97.42008441030625
2023-08-17 00:00:00,2023-08-17 08:00:00,1.2,30.0,0.416965306220735,5956.647231724786,1,0.86376,0.8594097675635398,0.8689802789237522,0.87389,0.90495,32.83856068767536,0.0014786458540389773,AUDCAD_merged,35.58303469377927
2023-08-17 00:00:00,2023-08-20 19:00:00,1.2,30.0,0.36793001110832024,5256.143015833147,1,0.56196,0.5587525530281015,0.5658089363662784,0.58777,0.61683,33.26179346171435,0.001090586468834523,AUDCHF_merged,35.63206998889168
2023-08-30 19:00:00,2023-08-31 03:00:00,1.1,90.0,2.817818855779776,40254.55508256823,-1,185.857,186.27253384370266,185.39991277192706,176.303,184.008,63.119043256629176,0.22936269714819787,GBPJPY_merged,96.18218114422024
2023-08-30 19:00:00,2023-08-31 03:00:00,1.0,90.0,2.66951260021242,38135.89428874886,-1,185.857,186.2956190572417,185.4183809427583,176.303,184.008,62.47647122183192,0.22936269714819787,GBPJPY_merged,87.33048739978759
2023-08-30 19:00:00,2023-08-31 03:00:00,1.1,60.0,1.77967506680828,25423.929525832573,-1,185.857,186.2956190572417,185.37451903703413,176.303,184.008,63.06736588542405,0.22936269714819787,GBPJPY_merged,64.22032493319172
2023-08-30 19:00:00,2023-08-31 03:00:00,1.1,90.0,2.983572906119763,42622.470087425194,-1,185.857,186.2494486301636,185.42530650682002,176.303,184.008,63.119043256629176,0.22936269714819787,GBPJPY_merged,96.01642709388025
2023-08-30 19:00:00,2023-08-31 05:00:00,1.2,90.0,1.748991013932275,24985.585913318217,-1,185.857,186.52647119263207,185.05363456884152,176.303,184.008,62.47647122183192,0.22936269714819787,GBPJPY_merged,106.25100898606773
2023-08-30 19:00:00,2023-08-31 05:00:00,1.5,60.0,1.300531779590666,18579.0254227238,-1,185.857,186.45721555201496,184.95667667197756,176.303,184.008,63.06736588542405,0.22936269714819787,GBPJPY_merged,88.69946822040933
2023-09-05 06:00:00,2023-09-05 08:00:00,1.0,60.0,3.3446483254491013,47780.69036355859,-1,1.36532,1.3670344833901873,1.3636055166098129,1.3092,1.33867,74.9905374342291,0.0011014412532336568,USDCAD_merged,56.6553516745509
2023-09-05 08:00:00,2023-09-05 09:00:00,1.1,90.0,3.8592943887426197,55132.77698203743,-1,1.365,1.367228257068205,1.3625489172249743,1.3092,1.33867,62.084288079877766,0.0012961406724310697,USDCAD_merged,95.14070561125739
2023-09-05 06:00:00,2023-09-05 09:00:00,1.2,90.00000000000001,2.7679848210613254,39542.64030087608,-1,1.36532,1.3684275011447145,1.3615909986263428,1.3092,1.33867,76.18501748329695,0.0011014412532336568,USDCAD_merged,105.2320151789387
2023-09-05 08:00:00,2023-09-05 09:00:00,1.1,90.0,4.31332902271234,61618.98603874772,-1,1.365,1.3669937036926045,1.362806925938135,1.3092,1.33867,61.91323449002113,0.0012961406724310697,USDCAD_merged,94.68667097728768
2023-09-05 06:00:00,2023-09-05 09:00:00,1.0,90.0,4.224818937409391,60354.55624870559,-1,1.36532,1.3673559490258473,1.3632840509741528,1.3092,1.33867,76.18501748329695,0.0011014412532336568,USDCAD_merged,85.7751810625906
2023-09-05 06:00:00,2023-09-05 09:00:00,1.1,90.0,4.459531100598801,63707.587151411455,-1,1.36532,1.3672487938139608,1.3631983268046435,1.3092,1.33867,73.83369251576771,0.0011014412532336568,USDCAD_merged,94.54046889940122
2023-09-05 06:00:00,2023-09-05 09:00:00,1.5,90.0,3.087367685029939,44105.252643284846,-1,1.36532,1.3681060355090544,1.3611409467364188,1.3092,1.33867,72.72925651833273,0.0011014412532336568,USDCAD_merged,131.91263231497007
2023-09-05 13:00:00,2023-09-05 17:00:00,1.0,90.0,2.331685550841605,33309.7935834515,-1,108.451,108.74402463179625,108.15797536820374,106.538,108.281,77.7225552909578,0.1494932411034315,CADJPY_merged,87.6683144491584
2023-09-05 10:00:00,2023-09-05 18:00:00,1.0,90.0,2.069485469939642,29564.07814199489,1,0.80033,0.7978936074409612,0.8027663925590388,0.79907,0.84269,34.7397821633522,0.0013278610250941941,NZDCAD_merged,87.93051453006036
2023-09-05 09:00:00,2023-09-05 21:00:00,-1.1,60.0,1.3861760050618055,19802.514358025794,1,0.58829,0.586507529382288,0.590072470617712,0.60501,0.64114,29.48123899817969,0.0011630409834935522,NZDUSD_merged,-67.3861760050618
2023-09-05 09:00:00,2023-09-05 21:00:00,-1.1,90.0,1.7509591642885967,25013.702346979953,1,0.58829,0.5861733161414671,0.5906183522443862,0.60501,0.64114,30.871698915436436,0.0011630409834935522,NZDUSD_merged,-100.75095916428862
2023-09-05 10:00:00,2023-09-05 21:00:00,-1.1,59.99999999999999,2.0767688815609238,29668.12687944177,-1,1.36225,1.365004976757789,1.3592195255664319,1.3092,1.33867,59.920740446958526,0.0015442743553104557,USDCAD_merged,-68.07676888156092
2023-09-05 09:00:00,2023-09-05 21:00:00,-1.1,90.0,1.9569543600872548,27956.490858389356,1,0.58829,0.586396124968681,0.5903732625344508,0.60501,0.64114,30.117932504976572,0.0011630409834935522,NZDUSD_merged,-100.95695436008727
2023-09-05 09:00:00,2023-09-05 21:00:00,-1.1,90.0,1.7509591642885967,25013.702346979953,1,0.58829,0.5861733161414671,0.5904066838585329,0.60501,0.64114,29.067306584643728,0.0011630409834935522,NZDUSD_merged,-100.75095916428862
2023-09-05 09:00:00,2023-09-05 21:00:00,-1.1,90.0,1.8482346734157402,26403.35247736772,1,0.58829,0.5862847205550741,0.5904958073894185,0.60501,0.64114,30.117932504976572,0.0011630409834935522,NZDUSD_merged,-100.84823467341576
2023-09-05 14:00:00,2023-09-06 01:00:00,1.2,90.0,1.5758486631174082,22512.123758820122,-1,108.441,108.87453039919995,107.92076352096007,106.538,108.281,68.61229084389703,0.14788658102461566,CADJPY_merged,106.42415133688259
2023-09-05 15:00:00,2023-09-06 01:00:00,1.1,90.0,2.563609878416859,36622.998263097994,-1,108.321,108.5871958458443,108.02818456957125,106.538,108.281,65.43811089188458,0.1421803966657144,CADJPY_merged,96.43639012158316
2023-09-05 13:00:00,2023-09-06 04:00:00,1.5,90.0,1.70392405638425,24341.77223406071,-1,108.451,108.8519810750896,107.84952838736558,106.538,108.281,72.68264074700834,0.1494932411034315,CADJPY_merged,133.29607594361576
2023-09-07 13:00:00,2023-09-07 23:00:00,1.0,90.0,2.1472611359603366,30675.159085147672,1,183.491,182.9526428898002,184.02935711019984,183.349,186.761,36.44455878824055,0.2821782869397637,GBPJPY_merged,87.85273886403967
2023-09-07 10:00:00,2023-09-11 02:00:00,-1.1,90.0,1.425008619991563,20357.265999879477,1,183.58,182.7683880674302,184.5539343190838,183.349,186.761,24.328790346302167,0.2786614562415652,GBPJPY_merged,-100.42500861999157
2023-09-14 08:00:00,2023-09-14 08:00:00,-1.1,90.0,3.210542871860926,45864.8981694418,1,1.68659,1.6832804298045267,1.6902305272150207,1.6858,1.73131,28.8895585353484,0.0022066036722679476,GBPCAD_merged,-102.21054287186094
2023-09-14 11:00:00,2023-09-14 12:00:00,-1.1,15.0,0.3344334987587154,4777.621410838792,-1,0.66165,0.6637273412429633,0.658533988135555,0.6453,0.66179,73.69613272591381,0.0008444410331006612,CADCHF_merged,-16.834433498758717
2023-09-14 11:00:00,2023-09-14 12:00:00,-1.1,15.0,0.34836822787366195,4976.688969623742,-1,0.66165,0.6636442475932447,0.6586586286101328,0.6453,0.66179,74.79282113919797,0.0008444410331006612,CADCHF_merged,-16.848368227873664
2023-09-14 11:00:00,2023-09-14 12:00:00,-1.1,15.0,0.3635146725638211,5193.06675091173,-1,0.66165,0.6635611539435262,0.6595477306621211,0.6453,0.66179,72.73205920852843,0.0008444410331006612,CADCHF_merged,-16.86351467256382
2023-09-14 15:00:00,2023-09-14 17:00:00,1.0,15.0,0.35308862083473086,5044.12315478187,-1,0.66337,0.6653427016360747,0.6613972983639254,0.6453,0.66179,67.26149326313424,0.0008840623788626624,CADCHF_merged,14.64691137916527
2023-09-14 16:00:00,2023-09-17 17:00:00,1.5,15.0,0.4142819119876555,5918.3130283950795,-1,0.66274,0.664419718519839,0.6602204222202414,0.6453,0.66179,67.29469023672293,0.0008494864946581914,CADCHF_merged,22.085718088012346
2023-09-14 16:00:00,2023-09-18 03:00:00,-1.1,60.0,1.4044226988419475,20063.18141202782,1,1.67674,1.6717256207779845,1.6817543792220153,1.6858,1.73131,28.2351961191907,0.002210744476824725,GBPCAD_merged,-67.40442269884194
2023-09-14 16:00:00,2023-09-18 08:00:00,-1.1,15.0,0.33584021059263963,4797.717294180567,1,1.67674,1.6714976944497109,1.6825065361053178,1.6858,1.73131,28.2351961191907,0.002210744476824725,GBPCAD_merged,-16.83584021059264
2023-09-14 16:00:00,2023-09-18 09:00:00,-1.1,15.0,0.2623785442588485,3748.2649179835503,-1,0.66274,0.665392187136588,0.6598225941497532,0.6453,0.66179,67.29469023672293,0.0008494864946581914,CADCHF_merged,-16.762378544258848
2023-09-19 11:00:00,2023-09-19 22:00:00,1.0,30.0,0.732119328636245,10458.847551946357,1,1.43379,1.429677338467612,1.4379026615323878,1.44834,1.48235,36.85985429110821,0.001859435062371567,EURCAD_merged,29.267880671363756
2023-09-19 11:00:00,2023-09-20 10:00:00,1.2,60.0,1.5339643076187988,21913.7758231257,1,1.43379,1.429864277628175,1.4385008668461898,1.44834,1.48235,36.13764490742122,0.001859435062371567,EURCAD_merged,70.4660356923812
2023-09-20 09:00:00,2023-09-20 15:00:00,1.2,60.0,1.2914247131675374,18448.924473821964,-1,88.15,88.43668337861672,87.80597994565994,85.788,87.526,72.85162587375167,0.12695602242289972,NZDJPY_merged,70.70857528683246
2023-09-20 09:00:00,2023-09-20 15:00:00,1.2,60.0,1.4144175429930168,20205.964899900242,-1,88.15,88.41175438917179,87.83589473299386,85.788,87.526,72.06206015922477,0.12695602242289972,NZDJPY_merged,70.58558245700698
2023-09-20 09:00:00,2023-09-20 15:00:00,1.1,30.0,0.6457123565837687,9224.462236910982,-1,88.15,88.43668337861672,87.83464828352162,85.788,87.526,70.60914349408726,0.12695602242289972,NZDJPY_merged,32.35428764341623
2023-09-20 09:00:00,2023-09-20 15:00:00,1.1,60.0,1.2910837907344683,18444.05415334955,-1,0.53456,0.536298966917649,0.5326471363905863,0.51639,0.5292,66.43587102997895,0.0007777816748272077,NZDCHF_merged,64.70891620926554
2023-09-20 09:00:00,2023-09-20 15:00:00,1.3,60.0,1.4144175429930168,20205.964899900242,-1,88.15,88.41175438917179,87.80971929407669,85.788,87.526,73.69895795962266,0.12695602242289972,NZDJPY_merged,76.58558245700698
2023-09-20 09:00:00,2023-09-20 17:00:00,1.5,60.0,1.1877970874757107,16968.52982108158,-1,0.53456,0.5364501814322271,0.5317247278516594,0.51639,0.5292,66.90331065875229,0.0007777816748272077,NZDCHF_merged,88.81220291252428
2023-09-20 16:00:00,2023-09-20 18:00:00,-1.1,90.0,1.79939387023342,25705.62671762029,-1,87.765,88.07228097341371,87.39626283190354,85.788,87.526,51.12745147213971,0.14937253926456903,NZDJPY_merged,-100.79939387023343
2023-09-20 16:00:00,2023-09-20 18:00:00,-1.1,60.0,1.095283225359473,15646.903219421045,-1,87.765,88.10154582802454,87.394799589173,85.788,87.526,52.65676780940496,0.14937253926456903,NZDJPY_merged,-67.09528322535947
2023-09-20 09:00:00,2023-09-20 20:00:00,1.1,15.0,0.24752307002377796,3536.0438574825425,-1,88.15,88.52393484167399,87.73867167415862,85.788,87.526,69.29979861236282,0.12695602242289972,NZDJPY_merged,16.252476929976222
2023-09-20 09:00:00,2023-09-20 22:00:00,1.5,60.0,1.2376153501188902,17680.219287412718,-1,88.15,88.4491478733392,87.70127818999123,85.788,87.526,72.06206015922477,0.12695602242289972,NZDJPY_merged,88.76238464988111
2023-09-20 09:00:00,2023-09-20 22:00:00,1.5,15.0,0.2970276840285336,4243.252628979051,-1,88.15,88.46161236806167,87.68258144790752,85.788,87.526,71.31656866047277,0.12695602242289972,NZDJPY_merged,22.202972315971465
2023-09-19 12:00:00,2023-09-21 03:00:00,-1.1,15.0,0.24797582887211703,3542.5118410302434,-1,0.66838,0.671210110511948,0.6652668784368572,0.6453,0.66179,61.61810457202326,0.000923843729888667,CADCHF_merged,-16.747975828872118
2023-09-19 11:00:00,2023-09-21 05:00:00,1.0,30.0,0.709142032355367,10130.600462219529,-1,110.104,110.43005372330282,109.77794627669718,106.538,108.281,66.55931991756503,0.1459772208745684,CADJPY_merged,29.290857967644634
2023-09-19 11:00:00,2023-09-21 06:00:00,1.2,15.0,0.33915488503952335,4845.069786278906,-1,110.104,110.44487434708931,109.69495078349281,106.538,108.281,66.93965610948912,0.1459772208745684,CADJPY_merged,17.660845114960477
2023-09-19 11:00:00,2023-09-21 06:00:00,1.5,15.0,0.3250234314962098,4643.191878517284,-1,110.104,110.4596949708758,109.57045754368629,106.538,108.281,66.89638094202603,0.1459772208745684,CADJPY_merged,22.17497656850379
2023-09-19 11:00:00,2023-09-21 06:00:00,1.2,15.000000000000002,0.3714553502813827,5306.505004019754,-1,110.104,110.41523309951633,109.7305202805804,106.538,108.281,66.89638094202603,0.1459772208745684,CADJPY_merged,17.628544649718616
2023-09-19 11:00:00,2023-09-21 06:00:00,1.5,60.00000000000001,1.6422236538755868,23460.337912508385,-1,110.104,110.38559185194335,109.68161222208498,106.538,108.281,66.0957859348021,0.1459772208745684,CADJPY_merged,88.35777634612442
2023-09-19 12:00:00,2023-09-21 06:00:00,1.1,15.0,0.3440991007627382,4915.701439467689,-1,110.029,110.3647476080115,109.65967763118734,106.538,108.281,62.541235264115855,0.14297884795495633,CADJPY_merged,16.155900899237263
2023-09-19 11:00:00,2023-09-21 06:00:00,1.3,15.000000000000002,0.3714553502813827,5306.505004019754,-1,110.104,110.41523309951633,109.69939697062877,106.538,108.281,66.80841641226172,0.1459772208745684,CADJPY_merged,19.12854464971862
2023-09-21 12:00:00,2023-09-22 02:00:00,1.3,60.0,1.1608137544853936,16583.053635505625,1,181.277,180.62111235475277,182.12965393882135,183.349,186.761,27.72774331897713,0.31287548939502513,GBPJPY_merged,76.83918624551461
2023-09-21 13:00:00,2023-09-22 02:00:00,1.0,60.0,1.1067553966377985,15810.79138053998,1,181.383,180.69467392333095,182.07132607666907,183.349,186.761,32.49864662099284,0.3000986687239509,GBPJPY_merged,58.8932446033622
2023-09-21 12:00:00,2023-09-22 02:00:00,1.2,60.0,1.059873428008403,15141.048971548616,1,181.277,180.55864686472924,182.13902376232488,183.349,186.761,28.45736746570791,0.31287548939502513,GBPJPY_merged,70.9401265719916
2023-09-21 12:00:00,2023-09-22 02:00:00,1.1,60.0,1.059873428008403,15141.048971548616,1,181.277,180.55864686472924,182.06718844879782,183.349,186.761,30.710311461443833,0.31287548939502513,GBPJPY_merged,64.9401265719916
2023-09-19 11:00:00,2023-09-22 07:00:00,-1.1,15.0,0.3355546922916123,4793.6384613087475,1,1.43379,1.4293034601464858,1.4405198097802712,1.44834,1.48235,36.13764490742122,0.001859435062371567,EURCAD_merged,-16.835554692291613
2023-09-21 21:00:00,2023-09-22 09:00:00,-1.1,30.0,0.8941253525019678,12773.219321456683,1,1.08167,1.0791295206436728,1.0854807190344906,1.08052,1.08962,41.09623219384052,0.0010564949890551599,AUDNZD_merged,-33.894125352501966
2023-09-22 09:00:00,2023-09-24 17:00:00,1.1,60.00000000000001,1.1666175698842223,16665.96528406032,-1,0.67329,0.6757139460068141,0.6706236593925046,0.6453,0.66179,60.022038939223904,0.0010878974561671674,CADCHF_merged,64.83338243011579
2023-09-22 14:00:00,2023-09-24 17:00:00,1.0,60.0,1.0987816318576027,15696.88045510861,-1,0.5409,0.5429675445731281,0.538832455426872,0.51639,0.5292,68.75009735614918,0.000911236345800819,NZDCHF_merged,58.901218368142395
2023-09-22 09:00:00,2023-09-25 06:00:00,-1.1,60.0,1.0732881642934844,15332.688061335493,-1,0.67329,0.6759247239204501,0.669337914119325,0.6453,0.66179,59.90961077410423,0.0010878974561671674,CADCHF_merged,-67.07328816429349
2023-09-22 09:00:00,2023-09-25 06:00:00,-1.1,30.0,0.5590042522361899,7985.775031945571,-1,0.67329,0.6758193349636321,0.6694959975545519,0.6453,0.66179,59.7239519080763,0.0010878974561671674,CADCHF_merged,-33.55900425223619
2023-09-22 14:00:00,2023-09-25 07:00:00,-1.1131740983587517,90.0,1.5765127761435171,22521.611087764533,-1,0.5409,0.5430615238719066,0.5385223237409028,0.51639,0.5292,68.75009735614918,0.000911236345800819,NZDCHF_merged,-101.76218162843116
2023-09-22 14:00:00,2023-09-25 07:00:00,-1.3264739085395414,60.00000000000001,1.2722734684666979,18175.33526380997,-1,0.5409,0.5426856066767924,0.5382215899848114,0.51639,0.5292,67.73866063804442,0.000911236345800819,NZDCHF_merged,-80.86070798083918
2023-09-22 14:00:00,2023-09-25 08:00:00,-1.1,60.0,0.9669278360346903,13813.254800495577,-1,0.5409,0.5432494824694638,0.5373757762958045,0.51639,0.5292,69.30341558641828,0.000911236345800819,NZDCHF_merged,-66.96692783603469
2023-09-22 09:00:00,2023-09-25 08:00:00,-1.1,60.0,0.8944068035779036,12777.240051112909,-1,0.67329,0.6764516687045401,0.6698121644250059,0.6453,0.66179,60.123559285200955,0.0010878974561671674,CADCHF_merged,-66.89440680357791
2023-09-22 09:00:00,2023-09-25 09:00:00,-1.1,60.0,1.3403896092357586,19148.422989082268,1,1.43267,1.4281808470264623,1.4380569835682455,1.44834,1.48235,46.917021972976954,0.002209999614149423,EURCAD_merged,-67.34038960923576
2023-09-25 12:00:00,2023-09-25 17:00:00,-1.1,60.0,2.240101417209575,32001.448817279645,1,1.07634,1.0743219538681283,1.0783580461318718,1.08052,1.08962,29.104412420650082,0.0008853441465692039,AUDNZD_merged,-68.24010141720957
2023-09-25 12:00:00,2023-09-26 07:00:00,-1.1,60.0,2.1427057034178545,30610.081477397922,1,1.07634,1.0742302244984978,1.0786607530516525,1.08052,1.08962,29.104412420650082,0.0008853441465692039,AUDNZD_merged,-68.14270570341786
2023-09-25 12:00:00,2023-09-26 07:00:00,1.0,30.000000000000004,0.841128358007284,12016.119400104059,1,1.42693,1.4233674604999658,1.4304925395000343,1.44834,1.48235,29.11399191293786,0.0016372406980664732,EURCAD_merged,29.158871641992718
2023-09-25 12:00:00,2023-09-26 17:00:00,1.1,30.0,0.6701529555673635,9573.613650962337,-1,0.67676,0.6788807039201921,0.6744272256877888,0.6453,0.66179,69.53568663317868,0.0009254705267856064,CADCHF_merged,32.32984704443264
2023-09-25 12:00:00,2023-09-27 07:00:00,-1.1,30.0,0.6165407191219744,8807.72455888535,-1,0.67676,0.6790651129567306,0.6733023305649043,0.6453,0.66179,70.28318635154322,0.0009254705267856064,CADCHF_merged,-33.61654071912197
2023-09-25 12:00:00,2023-09-27 09:00:00,-1.1,30.000000000000004,0.5137839326016453,7339.770465737791,-1,0.67676,0.6795261355480766,0.6737172508971158,0.6453,0.66179,68.31043492260278,0.0009254705267856064,CADCHF_merged,-33.513783932601655
2023-09-25 11:00:00,2023-09-27 10:00:00,-1.1,90.0,1.891443288421955,27020.618406027927,1,1.77671,1.7707921524660468,1.7826278475339532,1.80832,1.84611,28.19102999214305,0.002614935647447757,EURNZD_merged,-100.89144328842197
2023-09-25 11:00:00,2023-09-27 10:00:00,-1.1,59.99999999999999,1.206137749138638,17230.539273409115,1,1.77671,1.7705231593963218,1.7835155246640462,1.80832,1.84611,28.19102999214305,0.002614935647447757,EURNZD_merged,-67.20613774913863
2023-09-27 15:00:00,2023-09-28 05:00:00,1.0,30.0,0.6079387036948875,8684.838624212678,1,0.85827,0.8553052817002015,0.8612347182997985,0.86245,0.88262,31.004197582468812,0.001364199282382478,AUDCAD_merged,29.392061296305112
2023-09-27 15:00:00,2023-09-28 06:00:00,1.2,90.00000000000001,1.7445197584288077,24921.710834697253,1,0.85827,0.8551705217774834,0.8619893738670199,0.86245,0.88262,28.266561742882413,0.001364199282382478,AUDCAD_merged,106.2554802415712
2023-09-27 15:00:00,2023-09-28 06:00:00,1.2,30.0,0.6368881657755964,9098.402368222805,1,0.85827,0.8554400416229196,0.8616659500524965,0.86245,0.88262,29.235368878231178,0.001364199282382478,AUDCAD_merged,35.363111834224405
2023-09-27 15:00:00,2023-09-28 06:00:00,1.1,30.000000000000004,0.5815065861429359,8307.236944899085,1,0.85827,0.8551705217774834,0.8616794260447682,0.86245,0.88262,31.004197582468812,0.001364199282382478,AUDCAD_merged,32.41849341385707
2023-09-27 15:00:00,2023-09-28 06:00:00,1.3,90.0,1.9106644973267892,27295.207104668414,1,0.85827,0.8554400416229196,0.8619489458902044,0.86245,0.88262,27.26584710094185,0.001364199282382478,AUDCAD_merged,115.08933550267321
2023-09-21 12:00:00,2023-09-28 07:00:00,1.1,30.0,0.40628481406988776,5804.068772426968,1,181.277,180.34001764964682,182.30768058538845,183.349,186.761,32.06447051470117,0.31287548939502513,GBPJPY_merged,32.593715185930115
2023-09-27 15:00:00,2023-09-28 09:00:00,1.5,60.0,1.1145542901072938,15922.204144389912,1,0.85827,0.8550357618547653,0.863121357217852,0.86245,0.88262,29.235368878231178,0.001364199282382478,AUDCAD_merged,88.8854457098927
2023-09-21 13:00:00,2023-09-28 22:00:00,1.5,15.0,0.25363144506282886,3623.3063580404123,1,181.383,180.63209882545195,182.5093517618221,183.349,186.761,31.385721169907654,0.3000986687239509,GBPJPY_merged,22.24636855493717
2023-09-29 02:00:00,2023-09-29 04:00:00,-1.1,30.0,0.4857914091055385,6939.8772729362645,-1,89.498,89.88488580423038,89.0724256153466,85.788,87.526,68.66121084598379,0.1774818464284096,NZDJPY_merged,-33.48579140910554
2023-09-29 01:00:00,2023-09-29 05:00:00,-1.1,60.0,1.088913006948001,15555.90009925716,-1,89.666,90.01184691118303,89.25098370658036,85.788,87.526,65.81619812467815,0.16821121923059482,NZDJPY_merged,-67.088913006948
2023-09-27 19:00:00,2023-09-29 05:00:00,-1.1,90.0,2.4161420757792813,34516.31536827545,-1,110.689,110.97761742320144,110.31379734983811,106.538,108.281,65.54155517494158,0.13283423474893655,CADJPY_merged,-101.41614207577929
2023-09-29 01:00:00,2023-09-29 05:00:00,-1.1,90.0,1.4291983216192519,20417.11888027503,-1,89.666,90.06125361278062,89.07311958082907,85.788,87.526,65.81619812467815,0.16821121923059482,NZDJPY_merged,-100.42919832161927
2023-09-29 01:00:00,2023-09-29 05:00:00,-1.1,90.0,1.6333695104220016,23333.85014888574,-1,89.666,90.01184691118303,89.21639901546204,85.788,87.526,67.09483498070718,0.16821121923059482,NZDJPY_merged,-100.63336951042201
2023-09-29 01:00:00,2023-09-29 05:00:00,-1.1,90.0,1.491337379080958,21304.819701156546,-1,89.666,90.04478471224809,89.21145834530229,85.788,87.526,66.45975878454011,0.16821121923059482,NZDJPY_merged,-100.49133737908097
2023-09-29 02:00:00,2023-09-29 05:00:00,-1.1,30.0,0.3724400803142461,5320.572575917801,-1,89.498,90.00263365769179,88.94290297653905,85.788,87.526,67.2308715784699,0.1774818464284096,NZDJPY_merged,-33.37244008031425
2023-09-29 01:00:00,2023-09-29 05:00:00,-1.1,15.0,0.23819972026987532,3402.853146712505,-1,89.666,90.06125361278062,89.07311958082907,85.788,87.526,65.81619812467815,0.16821121923059482,NZDJPY_merged,-16.738199720269876
2023-10-09 16:00:00,2023-10-10 03:00:00,1.0,60.0,1.3592464694822564,19417.80670688938,1,1.75419,1.7487696452921402,1.7596103547078596,1.80832,1.84611,30.87040118354319,0.002367097766304485,EURNZD_merged,58.64075353051774
2023-10-06 16:00:00,2023-10-10 08:00:00,-1.1,60.0,1.26586194921435,18083.74213163357,-1,109.283,109.6455897755161,108.81163329182908,106.538,108.281,71.54405829353333,0.16504309801732192,CADJPY_merged,-67.26586194921435
2023-10-06 16:00:00,2023-10-10 08:00:00,-1.1,30.0,0.632930974607175,9041.871065816786,-1,109.283,109.6455897755161,108.84789226938068,106.538,108.281,68.8115594025998,0.16504309801732192,CADJPY_merged,-33.63293097460718
2023-10-06 16:00:00,2023-10-11 09:00:00,-1.1,90.0,1.7336804956631313,24766.864223759025,-1,109.283,109.68012213508906,108.80645343789313,106.538,108.281,70.20758657686703,0.16504309801732192,CADJPY_merged,-100.73368049566315
2023-10-06 16:00:00,2023-10-11 09:00:00,-1.1,15.0,0.27690730139063907,3955.818591294844,-1,109.283,109.69738831487554,108.6614175276867,106.538,108.281,68.8115594025998,0.16504309801732192,CADJPY_merged,-16.77690730139064
2023-10-06 16:00:00,2023-10-11 09:00:00,-1.1,60.0,1.1076292055625563,15823.274365179375,-1,109.283,109.69738831487554,108.6614175276867,106.538,108.281,68.8115594025998,0.16504309801732192,CADJPY_merged,-67.10762920556256
2023-10-06 16:00:00,2023-10-11 09:00:00,-1.1,30.0,0.5778934985543771,8255.621407919674,-1,109.283,109.68012213508906,108.84616565140203,106.538,108.281,66.08287430579779,0.16504309801732192,CADJPY_merged,-33.577893498554374
2023-10-15 17:00:00,2023-10-16 03:00:00,1.1,30.0,0.46950888641600746,6707.269805942964,1,1.09388,1.0889873386117668,1.0992619275270565,1.10671,1.12152,27.107329876443202,0.0016636809058817373,GBPCHF_merged,32.53049111358399
2023-10-15 17:00:00,2023-10-16 03:00:00,1.5,90.0,1.760658324060028,25152.26177228611,1,1.09388,1.0899658708894133,1.09975119366588,1.10671,1.12152,25.222253314039325,0.0016636809058817373,GBPCHF_merged,133.23934167593998
2023-10-13 15:00:00,2023-10-16 03:00:00,1.5,60.0,1.430916923353545,20441.670333622074,1,1.09387,1.0906592936864337,1.0986860594703491,1.10671,1.12152,25.02735421830348,0.0016555707547504107,GBPCHF_merged,88.56908307664645
2023-10-15 19:00:00,2023-10-16 03:00:00,1.0,60.0,1.2212115825383472,17445.879750547818,1,1.0965,1.092728909006556,1.1002710909934441,1.10671,1.12152,33.33891509644068,0.001624551393336812,GBPCHF_merged,58.778788417461655
2023-10-15 19:00:00,2023-10-18 09:00:00,-1.1,15.0,0.2798609876650379,3998.0141095005424,1,1.0965,1.0923860825526064,1.1026708761710904,1.10671,1.12152,33.61590708316792,0.001624551393336812,GBPCHF_merged,-16.77986098766504
2023-10-13 16:00:00,2023-10-18 10:00:00,-1.1,15.0,0.2777107524282848,3967.296463261212,1,1.09469,1.0905510731131238,1.100898390330314,1.10671,1.12152,26.335068477454172,0.0016308871294110903,GBPCHF_merged,-16.777710752428284
2023-10-19 07:00:00,2023-10-19 19:00:00,-1.1,90.0,3.1330424800271466,44757.749714673526,-1,0.87048,0.8722303829057411,0.8678544256413885,0.84922,0.87058,70.85823312184931,0.000743660052816469,EURGBP_merged,-102.13304248002716
2023-10-19 07:00:00,2023-10-20 02:00:00,-1.1,30.0,0.8354779946739058,11935.39992391294,-1,0.87048,0.8726679786321763,0.8680732235046061,0.85217,0.87058,67.44685333282645,0.000743660052816469,EURGBP_merged,-33.83547799467391
2023-10-19 23:00:00,2023-10-20 03:00:00,-1.1,15.0,0.3380844122680333,4829.777318114762,1,1.08269,1.0793274536691186,1.0877338194963218,1.10671,1.12152,32.076996446088756,0.0013545566161147493,GBPCHF_merged,-16.83808441226803
2023-10-19 19:00:00,2023-10-20 03:00:00,-1.1,90.0,1.8111945598811563,25874.207998302234,1,1.08268,1.078914041250407,1.08832893812439,1.10671,1.12152,25.597940375233883,0.0015227816590687902,GBPCHF_merged,-100.81119455988117
2023-10-19 23:00:00,2023-10-20 03:00:00,-1.1,90.0,2.212916153027127,31613.08790038753,1,1.08269,1.0796076658633589,1.085772334136641,1.10671,1.12152,32.07417653813867,0.0013545566161147493,GBPCHF_merged,-101.21291615302714
2023-10-19 10:00:00,2023-10-20 10:00:00,1.0,90.0,2.54591238973614,36370.17699623058,-1,1.45041,1.4539991191844772,1.4468208808155227,1.41568,1.44969,68.61935289332419,0.001615602253188409,EURCAD_merged,87.45408761026385
2023-10-19 19:00:00,2023-10-22 21:00:00,1.0,90.0,2.5342817364343486,36204.02480620498,1,0.94371,0.941364020500355,0.9460559794996451,0.95205,0.96936,34.71386070533297,0.0010251861524476279,EURCHF_merged,87.46571826356565
2023-10-19 19:00:00,2023-10-23 01:00:00,1.1,30.0,0.48298521596830835,6899.788799547263,1,1.08268,1.0779725515630085,1.0878581932806908,1.10671,1.12152,27.971480765557033,0.0015227816590687902,GBPCHF_merged,32.517014784031694
2023-10-19 10:00:00,2023-10-23 03:00:00,-1.1,60.0,1.9652657043577224,28075.224347967465,-1,1.45041,1.4535096938411394,1.4457604592382909,1.41568,1.44969,67.34414037067658,0.001615602253188409,EURCAD_merged,-67.96526570435772
2023-10-19 19:00:00,2023-10-23 08:00:00,1.5,90.0,2.323091591731486,33187.022739021224,1,0.94371,0.9411507496367508,0.9475488755448739,0.9515,0.96936,34.14382035352394,0.0010251861524476279,EURCHF_merged,132.6769084082685
2023-10-20 08:00:00,2023-10-24 03:00:00,1.1,30.0,0.7729504489202048,11042.14927028864,-1,0.87229,0.8746598918896534,0.8696831189213812,0.85217,0.87058,57.31684143139521,0.0008228236801308333,EURGBP_merged,32.227049551079794
2023-10-24 04:00:00,2023-10-24 13:00:00,1.1,30.0,0.6657248190715522,9510.354558165032,-1,1.67714,1.6824304652179138,1.671320488260295,1.63569,1.67607,67.11998346237247,0.0018803820912590202,GBPCAD_merged,32.33427518092845
2023-10-25 00:00:00,2023-10-25 13:00:00,1.1,30.0,0.6651211290019773,9501.730414313963,-1,1.09031,1.0937524571708248,1.0865232971120926,1.06134,1.09174,66.62978139621814,0.0011240938862077054,AUDNZD_merged,32.334878870998025
2023-10-25 00:00:00,2023-10-25 13:00:00,1.5,90.0,2.494204233757415,35631.48905367736,-1,1.09031,1.0930639657366599,1.08617905139501,1.06134,1.09174,68.48498081612988,0.0011240938862077054,AUDNZD_merged,132.50579576624258
2023-10-25 20:00:00,2023-10-25 22:00:00,-1.1,15.0,0.7013270019998187,10018.957171425982,-1,150.094,150.31871500391486,149.75692749412767,147.277,150.159,67.37629944155518,0.10008616222897107,USDJPY_merged,-17.201327001999818
2023-10-25 20:00:00,2023-10-25 22:00:00,-1.1,90.0,4.207962011998912,60113.743028555895,-1,150.094,150.31871500391486,149.75692749412767,147.277,150.159,67.37629944155518,0.10008616222897107,USDJPY_merged,-103.20796201199893
2023-10-27 13:00:00,2023-10-30 02:00:00,1.0,90.00000000000001,1.9921185521547136,28458.836459353053,-1,1.68189,1.6872089138711346,1.6765710861288656,1.63569,1.67607,62.15829481972713,0.0023821389715827208,GBPCAD_merged,88.0078814478453
2023-10-27 11:00:00,2023-10-30 10:00:00,-1.1,15.0,0.2795359824167683,3993.3711773824043,-1,0.87973,0.8830344636758884,0.8747733044861673,0.8584,0.87478,74.0589663334832,0.0013742270174568368,AUDCAD_merged,-16.779535982416768
2023-10-27 11:00:00,2023-10-30 10:00:00,-1.1,90.0,1.67721589450061,23960.227064294428,-1,0.87973,0.8830344636758884,0.8747733044861673,0.8584,0.87478,74.0589663334832,0.0013742270174568368,AUDCAD_merged,-100.67721589450062
2023-10-27 13:00:00,2023-10-31 06:00:00,-1.1,60.0,1.5377757244703052,21968.224635290077,-1,1.68189,1.6864836074341616,1.6749995888487577,1.63569,1.67607,61.600841947258395,0.0023821389715827208,GBPCAD_merged,-67.53777572447031
2023-10-27 11:00:00,2023-11-01 09:00:00,-1.1,60.0,0.8945151437336586,12778.787767623695,-1,0.87973,0.8838605795948605,0.8751863624456534,0.8584,0.87478,69.49389344030479,0.0013742270174568368,AUDCAD_merged,-66.89451514373366
2023-10-27 13:00:00,2023-11-02 07:00:00,-1.1,60.0,1.217405781872325,17391.511169604644,-1,1.68189,1.6876924514957832,1.6731863227563255,1.63569,1.67607,62.61528899193781,0.0023821389715827208,GBPCAD_merged,-67.21740578187233
2023-10-27 13:00:00,2023-11-03 09:00:00,-1.1,30.0,0.48696231274893,6956.6044678418575,-1,1.68189,1.689143064369729,1.6739116291932985,1.63569,1.67607,61.600841947258395,0.0023821389715827208,GBPCAD_merged,-33.48696231274893
2023-11-03 14:00:00,2023-11-06 02:00:00,-1.1,90.0,2.286112690200209,32658.75271714585,-1,184.86,185.3694315800758,184.35056841992423,178.028,183.811,72.73064994415053,0.22216267990211935,GBPJPY_merged,-101.28611269020023
2023-11-05 18:00:00,2023-11-06 02:00:00,-1.1,30.0,0.5918063588015339,8454.376554307628,-1,184.713,185.3684463199509,183.99200904805403,178.028,183.811,67.50939689203071,0.2229476704609874,GBPJPY_merged,-33.591806358801534
2023-11-03 14:00:00,2023-11-06 02:00:00,-1.1,30.0,0.882359283936923,12605.13262767033,-1,184.86,185.29996363733818,184.20005454399274,178.028,183.811,70.36625112843653,0.22216267990211935,GBPJPY_merged,-33.88235928393692
2023-11-05 20:00:00,2023-11-06 03:00:00,-1.1,90.0,1.910613747662286,27294.482109461234,-1,1.23669,1.2407678242120015,1.2326121757879986,1.20369,1.23371,74.06001941676111,0.0017997309985720257,GBPUSD_merged,-100.9106137476623
2023-11-06 10:00:00,2023-11-08 10:00:00,-1.1,30.0,0.7096014324030948,10137.163320044212,-1,160.805,161.2808875681189,160.28152367506922,154.342,159.759,67.40767229721288,0.16122710441775565,EURJPY_merged,-33.7096014324031
2023-11-03 13:00:00,2023-11-12 17:00:00,1.1,30.0,0.4884031610907611,6977.188015582302,-1,1.69371,1.7009924897202888,1.6856992613076824,1.63569,1.67607,64.26611913846902,0.0024719611038988994,GBPCAD_merged,32.51159683890924
2023-11-14 04:00:00,2023-11-14 08:00:00,-1.1,15.0,0.4581936424769967,6545.623463957096,-1,186.332,186.75899981375193,185.6915002793721,180.76,183.811,73.3615081040904,0.18345707367929248,GBPJPY_merged,-16.958193642476996
2023-11-14 04:00:00,2023-11-14 08:00:00,-1.1,15.0,0.3818280353974972,5454.686219964246,-1,186.332,186.8443997765023,185.76836024584745,180.76,183.811,70.78241447128921,0.18345707367929248,GBPJPY_merged,-16.881828035397497
2023-11-14 04:00:00,2023-11-14 08:00:00,-1.1,15.0,0.47728504424687157,6818.357774955309,-1,186.332,186.74191982120186,185.7171202681972,180.76,183.811,74.2720760485397,0.18345707367929248,GBPJPY_merged,-16.977285044246873
2023-11-14 16:00:00,2023-11-14 21:00:00,-1.1,15.0,0.27388130104347524,3912.5900149067897,-1,90.276,90.62209810760667,89.92990189239332,86.781,89.927,76.48201008981442,0.16082229247914026,NZDJPY_merged,-16.773881301043474
2023-11-14 18:00:00,2023-11-14 21:00:00,-1.1,15.0,0.3387708706462743,4839.5838663753475,-1,90.253,90.53273376169922,89.94529286213087,86.781,89.927,74.16842676920275,0.16451003790293192,NZDJPY_merged,-16.838770870646275
2023-11-14 18:00:00,2023-11-14 22:00:00,-1.1,15.0,0.3084631556951956,4406.616509931367,-1,0.82139,0.8241859887074884,0.8183144124217627,0.79614,0.82175,68.98809370864772,0.0015050320750883302,NZDCAD_merged,-16.808463155695197
2023-11-14 16:00:00,2023-11-14 22:00:00,-1.1,15.0,0.4808833983092687,6869.762832989553,-1,169.093,169.4622114359203,168.68686742048766,164.977,168.413,69.46561954719913,0.20902725491444968,CHFJPY_merged,-16.98088339830927
2023-11-14 18:00:00,2023-11-14 23:00:00,-1.1,15.000000000000002,0.2663999981003962,3805.714258577089,-1,0.82139,0.8246274606086708,0.817505047269595,0.79614,0.82002,69.77929546349361,0.0015050320750883302,NZDCAD_merged,-16.7663999981004
2023-11-14 18:00:00,2023-11-14 23:00:00,-1.1,15.000000000000002,0.2663999981003962,3805.714258577089,-1,0.82139,0.8246274606086708,0.8178287933304621,0.79614,0.82175,71.40924293361198,0.0015050320750883302,NZDCAD_merged,-16.7663999981004
2023-11-14 13:00:00,2023-11-15 02:00:00,-1.1,15.0,0.3593032277498681,5132.903253569545,-1,169.156,169.6503284286988,168.6616715713012,164.977,168.413,74.85806546431662,0.2273663120096735,CHFJPY_merged,-16.85930322774987
2023-11-14 18:00:00,2023-11-15 02:00:00,-1.1,15.0,0.3081686985149895,4402.409978785565,-1,168.988,169.56378008686488,168.41221991313512,164.977,168.413,67.16229416895268,0.22706431673745858,CHFJPY_merged,-16.80816869851499
2023-11-14 17:00:00,2023-11-15 03:00:00,-1.1,59.99999999999999,1.025094915151739,14644.213073596273,-1,0.82242,0.8257896040717252,0.8173655938924124,0.79614,0.82175,67.89547468805394,0.0014715730039412576,NZDCAD_merged,-67.02509491515174
2023-11-15 02:00:00,2023-11-15 03:00:00,-1.1,15.0,0.5374316851860828,7677.595502658326,-1,169.464,169.79508803389288,169.09980316271782,164.977,168.413,75.45888968493583,0.20220354792468342,CHFJPY_merged,-17.037431685186082
2023-11-14 20:00:00,2023-11-15 03:00:00,-1.1,15.0,0.3206460455786298,4580.6577939804265,1,0.88976,0.8868463573311373,0.892965006935749,0.88878,0.91121,24.472007622481854,0.0012797842433511554,USDCHF_merged,-16.82064604557863
2023-11-14 17:00:00,2023-11-15 03:00:00,-1.1,15.0,0.20501898303034785,2928.8426147192554,-1,0.82242,0.8266320050896564,0.8173655938924124,0.79614,0.82175,69.32141472381439,0.0014715730039412576,NZDCAD_merged,-16.70501898303035
2023-11-15 01:00:00,2023-11-15 04:00:00,1.0,30.0,0.8605334331386943,12293.334759124205,-1,1.08727,1.0899233158527868,1.0846166841472131,1.05167,1.06942,75.01950731115814,0.0012118063294635768,EURUSD_merged,29.139466566861305
2023-11-15 04:00:00,2023-11-15 04:00:00,1.1,15.0,0.52919116663741,7559.873809105858,-1,163.585,163.9095788305414,163.22796328640447,157.695,158.473,47.368026587144264,0.21450524357302267,EURJPY_merged,15.97080883336259
2023-11-15 00:00:00,2023-11-15 04:00:00,1.0,15.0,0.450316132456485,6433.087606521215,-1,163.779,164.16088272106066,163.39711727893933,154.342,158.473,74.6304060418306,0.1792168494485967,EURJPY_merged,14.549683867543514
2023-11-14 18:00:00,2023-11-15 06:00:00,-1.1,15.0,0.2793546546838904,3990.7807811984353,-1,0.88978,0.8931243831500041,0.884763425274994,0.8584,0.87478,72.81107782437681,0.0013796720520849021,AUDCAD_merged,-16.77935465468389
2023-11-15 00:00:00,2023-11-15 06:00:00,-1.1,29.999999999999996,0.5380741260276282,7686.773228966118,-1,0.6499,0.6524364349147871,0.647363565085213,0.62698,0.65108,74.65840040801042,0.0011794099963344051,AUDUSD_merged,-33.53807412602763
2023-11-14 18:00:00,2023-11-15 06:00:00,-1.1,60.0,1.1174186187355617,15963.123124793741,-1,0.88978,0.8931243831500041,0.8850978635899943,0.8584,0.87478,73.57298895646204,0.0013796720520849021,AUDCAD_merged,-67.11741861873556
2023-11-14 16:00:00,2023-11-15 08:00:00,-1.1,15.0,0.26126415160614286,3732.345022944898,-1,97.774,98.16694598730393,97.2238756177745,94.243,95.825,75.74853217216248,0.16060410223068836,AUDJPY_merged,-16.76126415160614
2023-11-14 20:00:00,2023-11-15 08:00:00,-1.1,29.999999999999996,0.5878510835608213,8397.872622297447,1,0.88976,0.886581480724877,0.8942099269851722,0.88878,0.91121,25.094787576007906,0.0012797842433511554,USDCHF_merged,-33.58785108356082
2023-11-15 06:00:00,2023-11-15 08:00:00,-1.1,30.0,0.7240383399710693,10343.404856729561,-1,169.377,169.86826086336012,168.8857391366399,164.977,168.413,54.5590460271848,0.2302241912816754,CHFJPY_merged,-33.72403833997107
2023-11-15 01:00:00,2023-11-15 08:00:00,1.0,14.999999999999998,0.4273344509415651,6104.777870593787,-1,1.48821,1.4918666686738151,1.484553331326185,1.43261,1.47465,63.847579435791324,0.0013816673835054156,EURCAD_merged,14.572665549058433
2023-11-15 05:00:00,2023-11-15 08:00:00,-1.1,30.0,1.01772263338611,14538.894762658716,-1,1.0852,1.0874392348614845,1.082736841652367,1.05167,1.06942,63.823245991875396,0.0012816829075335445,EURUSD_merged,-34.01772263338611
2023-11-15 05:00:00,2023-11-15 08:00:00,-1.1,30.0,0.9398889942679914,13426.98563239988,-1,163.209,163.57365891407414,162.80787519451846,157.695,158.473,51.587521059780165,0.21254058331780762,EURJPY_merged,-33.93988899426799
2023-11-14 18:00:00,2023-11-15 08:00:00,-1.1,30.0,0.5731355493163138,8187.65070451877,1,0.88934,0.8860814095980822,0.8942278856028767,0.88878,0.91121,22.652867257144344,0.0013293355721705647,USDCHF_merged,-33.57313554931631
2023-11-15 01:00:00,2023-11-15 08:00:00,1.0,29.999999999999996,0.7785787726180737,11122.553894543911,-1,1.24885,1.252218426024744,1.245481573975256,1.20691,1.22885,73.74453748154563,0.0015601543646827306,GBPUSD_merged,29.221421227381924
2023-11-14 16:00:00,2023-11-15 09:00:00,-1.1,30.0,0.41802264256982846,5971.752036711836,-1,97.774,98.26518248412992,97.03722627380513,94.243,95.825,76.59521657395815,0.16060410223068836,AUDJPY_merged,-33.41802264256983
2023-11-15 08:00:00,2023-11-15 09:00:00,1.0,30.000000000000004,0.6661961327699637,9517.087610999482,-1,0.82572,0.8283228550973273,0.8231171449026727,0.79614,0.82175,61.214143577209,0.0014302080362331505,NZDCAD_merged,29.33380386723004
2023-11-15 06:00:00,2023-11-15 09:00:00,-1.1,30.000000000000004,0.5848001976689405,8354.288538127723,-1,169.377,169.9852277355887,168.76877226441133,164.977,168.413,58.28660079454904,0.2302241912816754,CHFJPY_merged,-33.58480019766895
2023-11-14 16:00:00,2023-11-15 09:00:00,-1.1,15.0,0.20901132128491423,2985.876018355918,-1,97.774,98.26518248412992,97.1845810190441,93.016,96.92,76.59521657395815,0.16060410223068836,AUDJPY_merged,-16.709011321284915
2023-11-15 09:00:00,2023-11-15 10:00:00,1.1,15.0,0.35598502746479144,5085.5003923541635,-1,0.82431,0.8267413536615963,0.821635510972244,0.79614,0.82002,52.52238882129103,0.001497336033645083,NZDCAD_merged,16.14401497253521
2023-11-14 17:00:00,2023-11-15 10:00:00,1.4,15.0,0.35915205621061036,5130.743660151577,-1,1.48926,1.4936139302447513,1.4831644976573481,1.43261,1.44969,71.31989027517352,0.0018002706304097466,EURCAD_merged,20.64084794378939
2023-11-15 06:00:00,2023-11-15 10:00:00,-1.1,15.0,0.27723942713187383,3960.5632447410553,-1,98.044,98.41532597287842,97.59840883254589,94.243,95.825,69.31633711378974,0.16751420933180305,AUDJPY_merged,-16.777239427131875
2023-11-15 06:00:00,2023-11-15 10:00:00,-1.1,15.0,0.27723942713187383,3960.5632447410553,-1,98.044,98.41532597287842,97.63554142983374,94.243,95.825,69.4954996087475,0.16751420933180305,AUDJPY_merged,-16.777239427131875
2023-11-15 05:00:00,2023-11-15 11:00:00,-1.1,15.0,0.4142762385066281,5918.231978666116,-1,187.43,187.90504896903917,186.90744613405693,180.76,183.811,56.90103950188364,0.24773821795147655,GBPJPY_merged,-16.914276238506627
2023-11-15 05:00:00,2023-11-15 12:00:00,-1.1,60.0,1.1450891414416213,16358.416306308878,-1,90.789,91.12199922792033,90.45600077207968,86.781,89.927,77.03013458529044,0.15817312799197789,NZDJPY_merged,-67.14508914144162
2023-11-14 16:00:00,2023-11-15 13:00:00,-1.1,60.0,1.1754675079427044,16792.392970610064,-1,163.491,164.07516093627447,162.61475859558834,157.695,158.473,76.42313538790866,0.19109743265637655,EURJPY_merged,-67.1754675079427
2023-11-15 04:00:00,2023-11-15 13:00:00,-1.1,30.0,0.6920192179104593,9885.988827292276,-1,163.585,164.08141468200446,163.08858531799555,157.695,158.473,55.06555548888312,0.21450524357302267,EURJPY_merged,-33.692019217910456
2023-11-15 17:00:00,2023-11-15 19:00:00,1.0,30.0,0.6681932686698733,9545.618123855333,-1,91.128,91.41439737778404,90.84160262221596,86.781,89.927,70.90173692835573,0.1374954391562094,NZDJPY_merged,29.331806731330126
2023-11-15 09:00:00,2023-11-15 20:00:00,1.1,30.0,0.5410892855305893,7729.846936151276,-1,0.65083,0.6533559103008476,0.6480514986690676,0.62698,0.65226,54.36535852020633,0.0015718417609671908,AUDUSD_merged,32.45891071446941
2023-11-15 18:00:00,2023-11-15 20:00:00,1.1,30.0,0.8179625327010692,11685.179038586704,-1,91.044,91.27774224656555,90.78688352877789,86.781,89.927,73.93902223853271,0.13738862207362373,NZDJPY_merged,32.18203746729893
2023-11-15 10:00:00,2023-11-15 20:00:00,1.0,30.000000000000004,0.5492153942212051,7845.934203160074,-1,0.82236,0.8255044056706546,0.8192155943293453,0.79614,0.82175,56.12245921799252,0.0015682406026704496,NZDCAD_merged,29.4507846057788
2023-11-15 18:00:00,2023-11-15 20:00:00,1.2,15.0,0.29415226982874326,4202.175283267761,-1,98.436,98.78737515702387,98.01434981157138,94.243,95.825,69.70591076936469,0.1550219818607204,AUDJPY_merged,17.705847730171257
2023-11-15 09:00:00,2023-11-15 20:00:00,1.0,15.0,0.23275944103467128,3325.134871923876,-1,0.82431,0.8280285408942062,0.8205914591057938,0.79614,0.82002,57.56780029179906,0.001497336033645083,NZDCAD_merged,14.767240558965328
2023-11-15 20:00:00,2023-11-15 20:00:00,1.0,30.0,0.46879101805745654,6697.014543677951,-1,90.836,91.24290967329203,90.42909032670796,86.781,89.927,53.396040504086805,0.17832488331858304,NZDJPY_merged,29.531208981942545
2023-11-15 17:00:00,2023-11-15 20:00:00,1.1,15.0,0.2905334877957776,4150.478397082537,-1,98.476,98.83189632294878,98.08451404475635,94.243,95.825,69.14007441803248,0.15971598046539165,AUDJPY_merged,16.209466512204223
2023-11-15 18:00:00,2023-11-15 20:00:00,1.1,30.0,0.6811947301297214,9731.35328756745,-1,98.436,98.73946036288424,98.10219360082733,94.243,95.825,69.6314248247641,0.1550219818607204,AUDJPY_merged,32.31880526987028
2023-11-15 14:00:00,2023-11-15 21:00:00,1.0,30.0,0.31557684154611443,4508.24059351592,-1,0.65093,0.6552616011190899,0.6465983988809101,0.62698,0.65226,61.25508932594624,0.001593428971103533,AUDUSD_merged,29.684423158453885
2023-11-15 17:00:00,2023-11-16 07:00:00,1.1,15.0,0.4314963035968393,6164.232908526276,-1,110.577,110.84607727605584,110.28101499633858,107.484,109.981,64.85966626067676,0.1427896461927024,CADJPY_merged,16.068503696403162
2023-11-15 17:00:00,2023-11-16 08:00:00,1.1,30.0,0.9959474864666366,14227.821235237667,-1,170.276,170.63503459254525,169.88106194820026,164.977,168.413,69.27988138184332,0.21461133206252445,CHFJPY_merged,32.00405251353337
2023-11-15 10:00:00,2023-11-16 08:00:00,-1.1,30.0,0.538937674359224,7699.109633703201,-1,1.08359,1.0878122674499524,1.0793677325500477,1.05167,1.07562,64.1641114008584,0.001732952660697286,EURUSD_merged,-33.538937674359225
2023-11-15 21:00:00,2023-11-16 10:00:00,1.1,60.0,1.2546426266282316,17923.466094689025,-1,90.559,90.86215230164159,90.22553246819425,86.781,89.927,40.72622668122084,0.1842302487958268,NZDJPY_merged,64.74535737337177
2023-11-15 18:00:00,2023-11-16 10:00:00,1.0,30.0,0.7581185810987191,10830.265444267417,-1,164.068,164.52247085533858,163.61352914466144,157.695,158.473,66.55594783566374,0.169239591192348,EURJPY_merged,29.24188141890128
2023-11-15 21:00:00,2023-11-16 10:00:00,1.0,30.0,0.6501159494533674,9287.370706476677,-1,170.261,170.81097589322434,169.71102410677565,164.977,168.413,64.60295808948872,0.20377710472297614,CHFJPY_merged,29.34988405054663
2023-11-15 21:00:00,2023-11-16 11:00:00,1.0,60.0,0.8203432558723054,11719.189369604364,-1,90.559,91.02264469662832,90.09535530337168,86.781,89.927,49.86091119140972,0.1842302487958268,NZDJPY_merged,59.1796567441277
2023-11-15 10:00:00,2023-11-16 15:00:00,1.0,30.0,0.34160476977643534,4880.068139663363,-1,0.60079,0.6044833295774111,0.597096670422589,0.57729,0.60016,66.8818290050806,0.0014919034205039595,NZDUSD_merged,29.658395230223565
2023-11-14 16:00:00,2023-11-16 21:00:00,1.5,15.0,0.3043658899416332,4348.084142023332,-1,187.815,188.46292329402556,186.84311505896167,180.76,183.811,73.83803576551445,0.2625417506646458,GBPJPY_merged,22.195634110058368
2023-11-14 14:00:00,2023-11-16 21:00:00,1.5,15.0,0.22752730313319564,3250.390044759938,-1,187.96,188.82740359193053,186.6588946121042,180.76,183.811,76.29720468159117,0.27519634988325825,GBPJPY_merged,22.272472696866803
2023-11-16 13:00:00,2023-11-17 02:00:00,1.0,30.0,0.7497243599630354,10710.347999471936,-1,1.70946,1.714248247777059,1.7046717522229409,1.65485,1.67607,67.52911778442733,0.0022251095612846085,GBPCAD_merged,29.250275640036964
2023-11-16 13:00:00,2023-11-17 02:00:00,1.1,60.0,1.8522601834380878,26460.85976340126,-1,1.70946,1.7133362005814288,1.7051961793604284,1.65485,1.67607,66.03673894727736,0.0022251095612846085,GBPCAD_merged,64.14773981656191
2023-11-16 13:00:00,2023-11-17 03:00:00,1.0,60.0,1.211093196863365,17301.331383762357,-1,1.70946,1.715388306771597,1.703531693228403,1.65485,1.67607,61.71388556021592,0.0022251095612846085,GBPCAD_merged,58.78890680313663
2023-11-16 16:00:00,2023-11-17 16:00:00,-1.1,30.0,0.8082296897674939,11546.138425249914,-1,1.49268,1.4965583875916533,1.4880259348900162,1.43261,1.47465,64.86659589058307,0.0016934103471263901,EURCAD_merged,-33.808229689767494
2023-11-15 10:00:00,2023-11-17 16:00:00,-1.1,30.0,0.4739427459058477,6770.610655797825,-1,1.24086,1.2463581451293648,1.2353618548706353,1.20691,1.22885,57.85721341891402,0.0022536232604874135,GBPUSD_merged,-33.473942745905845
2023-11-16 16:00:00,2023-11-17 16:00:00,-1.1,30.0,0.8082296897674939,11546.138425249914,-1,1.49268,1.4965583875916533,1.4884137736491814,1.43261,1.44969,65.2474934330971,0.0016934103471263901,EURCAD_merged,-33.808229689767494
2023-11-16 16:00:00,2023-11-17 16:00:00,-1.1,30.0,0.9358449039413088,13369.21291344727,-1,1.49268,1.496029516556428,1.4889955317879293,1.43261,1.44969,64.6702540223198,0.0016934103471263901,EURCAD_merged,-33.93584490394131
2023-11-16 14:00:00,2023-11-20 04:00:00,-1.1,15.0,0.3630087614007805,5185.839448582578,-1,1.49391,1.498231122977713,1.4874283155334307,1.43261,1.44969,71.2288665830856,0.0017654344854246473,EURCAD_merged,-16.86300876140078
2023-11-20 09:00:00,2023-11-20 09:00:00,-1.1,30.0,1.1836586233887467,16909.408905553526,-1,1.49833,1.500988277427145,1.4954058948301403,1.43261,1.44969,73.46785850405898,0.0017020152839431373,EURCAD_merged,-34.183658623388745
2023-11-20 09:00:00,2023-11-20 09:00:00,-1.1,30.0,1.022250629290281,14603.58041843259,-1,1.49833,1.5014080054419574,1.494636393469651,1.43261,1.47465,74.05419082942153,0.0017020152839431373,EURCAD_merged,-34.02225062929028
2023-11-20 09:00:00,2023-11-20 09:00:00,-1.1,30.0,1.022250629290281,14603.58041843259,-1,1.49833,1.5014080054419574,1.4949441940138466,1.43261,1.44969,75.3850032908487,0.0017020152839431373,EURCAD_merged,-34.02225062929028
2023-11-16 11:00:00,2023-11-20 09:00:00,-1.1,59.99999999999999,1.6144419899466893,23063.45699923842,1,0.64568,0.6440002518164871,0.6475277230018643,0.64817,0.65999,27.2938321299918,0.0009052152776567307,CADCHF_merged,-67.61444198994668
2023-11-20 09:00:00,2023-11-20 14:00:00,-1.1,60.0,1.7764729134575499,25378.184477965002,-1,0.898,0.9001230833138116,0.8956646083548072,0.8584,0.89087,70.200999741962,0.0012982387848550704,AUDCAD_merged,-67.77647291345755
2023-11-20 09:00:00,2023-11-20 15:00:00,-1.1,30.000000000000004,0.7190485602090082,10272.122288700119,-1,0.898,0.9006226323288261,0.8953773676711739,0.8584,0.87478,70.48369293213351,0.0012982387848550704,AUDCAD_merged,-33.71904856020902
2023-11-20 06:00:00,2023-11-20 15:00:00,-1.1,90.0,2.4296664979405413,34709.521399150595,-1,0.82639,0.8285327866764484,0.8240329346559068,0.79614,0.82002,65.78647143252753,0.0012168582686482884,NZDCAD_merged,-101.42966649794056
2023-11-20 06:00:00,2023-11-20 19:00:00,-1.1,60.00000000000001,1.3112485861901335,18732.12265985905,-1,0.82639,0.8290369717767891,0.8237430282232108,0.79614,0.82175,66.67766697630313,0.0012168582686482884,NZDCAD_merged,-67.31124858619015
2023-11-20 09:00:00,2023-11-20 20:00:00,-1.1,30.0,0.5807699909380452,8296.714156257789,-1,0.898,0.9012470685975942,0.8947529314024059,0.8584,0.89087,67.67636577775141,0.0012982387848550704,AUDCAD_merged,-33.580769990938045
2023-11-20 06:00:00,2023-11-20 21:00:00,-1.1,59.99999999999999,1.4256672191274873,20366.674558964107,-1,1.0926,1.0958187876233898,1.0893812123766102,1.05167,1.07562,61.71537720379134,0.0012074241512106136,EURUSD_merged,-67.42566721912749
2023-11-21 00:00:00,2023-11-22 01:00:00,1.0,14.999999999999998,0.19729902099894622,2818.557442842089,-1,0.60647,0.6096975552953878,0.6032424447046121,0.57729,0.60016,62.442724955366614,0.0012341268912099868,NZDUSD_merged,14.802700979001052
2023-11-24 14:00:00,2023-11-26 20:00:00,1.1,30.0,0.9096448457493145,12994.92636784735,-1,98.481,98.70835257718042,98.23091216510153,94.243,95.825,69.97402467218092,0.09881764621251896,AUDJPY_merged,32.09035515425069
2023-11-24 14:00:00,2023-11-26 20:00:00,1.1,30.0,0.8650110694910542,12357.300992729348,-1,188.447,188.9044955326674,187.94375491406586,180.76,188.282,71.8419037487574,0.2093844780738997,GBPJPY_merged,32.134988930508946
2023-11-24 14:00:00,2023-11-26 20:00:00,1.1,15.0,0.5007958823369262,7154.226890527518,-1,188.447,188.84210977821274,188.01237924396597,180.76,188.282,69.6553090279629,0.2093844780738997,GBPJPY_merged,15.999204117663075
2023-11-24 13:00:00,2023-11-26 21:00:00,1.2,15.0,0.29111243614003784,4158.749087714827,-1,109.862,110.2582561734893,109.38649259181284,107.484,109.981,67.05122944806483,0.15972214893716508,CADJPY_merged,17.708887563859964
2023-11-24 12:00:00,2023-11-26 21:00:00,1.1,15.0,0.43942956195429733,6277.565170775677,1,1.36102,1.3577678951719943,1.3645973153108062,1.36288,1.38986,25.197324992263592,0.001441213076755673,USDCAD_merged,16.0605704380457
2023-11-24 12:00:00,2023-11-26 21:00:00,1.1,30.0,0.9074164951007256,12963.092787153224,-1,0.608,0.6094070716224508,0.6064522212153041,0.58615,0.60551,69.43011383647021,0.0007985685332714697,NZDUSD_merged,32.092583504899274
2023-11-24 14:00:00,2023-11-26 21:00:00,1.2,15.0,0.4325055347455271,6178.650496364674,-1,188.447,188.9044955326674,187.89800536079915,180.76,188.282,70.35854220885783,0.2093844780738997,GBPJPY_merged,17.567494465254473
2023-11-24 12:00:00,2023-11-26 22:00:00,1.5,15.0,0.3717599832876171,5310.856904108817,-1,188.444,188.97624179280993,187.64563731078505,180.76,188.282,71.68659389947058,0.2156411698371844,GBPJPY_merged,22.128240016712382
2023-11-24 15:00:00,2023-11-26 22:00:00,1.1,30.000000000000004,0.9730330301094529,13900.47185870647,1,1.36216,1.3592201861278252,1.3653937952593922,1.36288,1.38986,37.66669511632791,0.0015781797119651096,USDCAD_merged,32.02696696989055
2023-11-24 12:00:00,2023-11-27 06:00:00,-1.1,29.999999999999996,0.8014378296643636,11449.111852348053,-1,1.25992,1.2632213565145882,1.2562885078339527,1.20691,1.22885,68.29491781927766,0.0014741439834301394,GBPUSD_merged,-33.801437829664366
2023-11-28 13:00:00,2023-11-28 19:00:00,-1.1,30.0,0.5579430706664477,7970.615295234968,1,147.554,146.998632586565,148.1649041547785,148.804,151.907,32.71457614469229,0.28642016446070917,USDJPY_merged,-33.55794307066645
2023-11-28 13:00:00,2023-11-28 20:00:00,-1.1,60.0,1.1987955971982396,17125.65138854628,-1,0.61301,0.6151576905704503,0.6106475403725047,0.58615,0.60551,61.550285387777436,0.001260965437640943,NZDUSD_merged,-67.19879559719824
2023-11-28 13:00:00,2023-11-28 20:00:00,-1.1,29.999999999999996,0.5261398510225619,7516.283586036599,-1,0.66472,0.6673731196929619,0.6618015683377418,0.62698,0.65108,60.653459924968,0.0014116374439287487,AUDUSD_merged,-33.52613985102256
2023-11-28 13:00:00,2023-11-28 20:00:00,-1.1,30.0,0.706631734734703,10094.739067638615,-1,1.2692,1.2729718656960698,1.2650509477343235,1.20691,1.22885,64.14138147003564,0.0019848215807859158,GBPUSD_merged,-33.7066317347347
2023-11-29 01:00:00,2023-11-29 02:00:00,1.1,29.999999999999996,0.6160481028625525,8800.687183750752,1,2.05272,2.0457226373265827,2.060417098940759,2.05874,2.09638,37.51044477083991,0.003709763712572403,GBPNZD_merged,32.38395189713745
2023-11-29 01:00:00,2023-11-29 02:00:00,1.0,14.999999999999998,0.20049108248276476,2864.158321182354,-1,0.61924,0.6224830469821814,0.6159969530178186,0.58615,0.60551,67.28376442849724,0.00152042893769925,NZDUSD_merged,14.799508917517233
2023-11-29 01:00:00,2023-11-29 03:00:00,1.1,30.000000000000004,0.5213451932378244,7447.788474826062,-1,0.54273,0.5449161388860645,0.5403252472253292,0.52693,0.53931,64.4257661667215,0.001139842312738288,NZDCHF_merged,32.47865480676218
2023-11-29 01:00:00,2023-11-29 04:00:00,1.1,90.0,1.3507580006616353,19296.54286659479,-1,0.54273,0.5452613187101799,0.5399455494188021,0.52693,0.53931,65.06211501159169,0.001139842312738288,NZDCHF_merged,97.64924199933837
2023-11-29 01:00:00,2023-11-29 04:00:00,1.2,90.0,1.3507580006616353,19296.54286659479,-1,0.54273,0.5452613187101799,0.5396924175477842,0.52693,0.53931,64.66054504437908,0.001139842312738288,NZDCHF_merged,106.64924199933836
2023-11-29 02:00:00,2023-11-29 04:00:00,1.1,30.0,0.5022328849648299,7174.755499497571,-1,0.61816,0.6207447291940887,0.6153167978865024,0.58615,0.60551,57.06728249044037,0.0015811125850064612,NZDUSD_merged,32.49776711503517
2023-11-29 02:00:00,2023-11-29 04:00:00,1.0,30.000000000000004,0.7400145963300225,10571.637090428894,1,1.07381,1.0707627614574315,1.0768572385425683,1.07727,1.09416,33.06434834666277,0.0015431326888907938,AUDNZD_merged,29.25998540366998
2023-11-28 21:00:00,2023-11-29 09:00:00,1.4,15.0,0.23566429501220187,3366.6327858885984,1,146.898,146.24349737374507,147.81430367675688,148.804,151.907,30.176034022502552,0.27394446849148574,USDJPY_merged,20.764335704987797
2023-11-28 13:00:00,2023-11-29 09:00:00,1.1,30.0,0.4543935077013035,6491.335824304336,-1,0.66472,0.6677920333286927,0.6613407633384379,0.62698,0.64449,60.72889778360553,0.0014116374439287487,AUDUSD_merged,32.545606492298695
2023-11-29 01:00:00,2023-11-29 10:00:00,1.5,30.0,0.41273161131327757,5896.165875903966,-1,0.54273,0.5454914385929236,0.5385878421106147,0.52693,0.53931,64.66054504437908,0.001139842312738288,NZDCHF_merged,44.587268388686724
2023-11-29 03:00:00,2023-11-29 10:00:00,1.1,30.0,0.5744643714507992,8206.63387786856,-1,0.54071,0.5426866082222512,0.5385357309555238,0.52693,0.53931,56.102371745194,0.001140374239044766,NZDCHF_merged,32.4255356285492
2023-11-29 03:00:00,2023-11-29 10:00:00,1.0,30.0,0.4650425864125517,6643.46552017931,-1,0.54071,0.5431516925098397,0.5382683074901603,0.52693,0.53931,55.2099591987822,0.001140374239044766,NZDCHF_merged,29.53495741358745
2023-11-28 13:00:00,2023-11-29 10:00:00,1.2,30.0,0.4543935077013035,6491.335824304336,-1,0.66472,0.6677920333286927,0.6610335600055687,0.63381,0.65226,60.70325277595395,0.0014116374439287487,AUDUSD_merged,35.545606492298695
2023-11-29 04:00:00,2023-11-29 17:00:00,-1.1,60.0,1.7809840999601614,25442.62999943088,1,1.0762,1.0736620548268223,1.0789917396904953,1.07727,1.08867,37.833928293727276,0.001486986859298716,AUDNZD_merged,-67.78098409996016
2023-11-28 13:00:00,2023-11-30 02:00:00,1.2,60.0,1.4110922937284442,20158.461338977777,-1,1.09869,1.1019601603010014,1.094765807638798,1.05167,1.07562,59.833617897239264,0.001486691036137024,EURUSD_merged,70.58890770627156
2023-11-28 13:00:00,2023-11-30 02:00:00,1.1,60.0,1.4110922937284442,20158.461338977777,-1,1.09869,1.1019601603010014,1.0950928236688982,1.05167,1.06942,60.15732248093268,0.001486691036137024,EURUSD_merged,64.58890770627156
2023-11-29 02:00:00,2023-11-30 03:00:00,-1.1,29.999999999999996,0.5771470754143253,8244.958220204648,1,1.77933,1.7728557525175581,1.7864516722306865,1.78809,1.82831,40.35160750692863,0.003536248769614558,EURNZD_merged,-33.577147075414324
2023-11-28 13:00:00,2023-11-30 05:00:00,1.2,30.0,0.6102728618163343,8718.183740233348,-1,1.2692,1.2735674234375545,1.2639590918749348,1.20691,1.24282,64.37645662612125,0.0019848215807859158,GBPUSD_merged,35.389727138183666
2023-11-28 13:00:00,2023-11-30 05:00:00,1.1,30.0,0.6102728618163343,8718.183740233348,-1,1.2692,1.2735674234375545,1.2643958342186903,1.20691,1.22885,64.90389904522307,0.0019848215807859158,GBPUSD_merged,32.389727138183666
2023-11-29 03:00:00,2023-11-30 09:00:00,1.0,30.0,0.3895674513257277,5565.249304653253,-1,0.61595,0.6192703364285136,0.6126296635714864,0.58615,0.60551,59.08578539849643,0.0015653188289345892,NZDUSD_merged,29.61043254867427
2023-11-28 21:00:00,2023-11-30 09:00:00,1.2,30.0,0.377062872019523,5386.612457421757,1,146.898,146.07987171718136,147.87975393938237,148.804,151.907,29.76914270143082,0.27394446849148574,USDJPY_merged,35.62293712798048
2023-11-29 01:00:00,2023-11-30 10:00:00,-1.1,60.0,0.7279265451615061,10398.950645164374,1,1.77642,1.7661703888962526,1.7887195333244972,1.78809,1.82831,33.63864360839394,0.0034074986749695114,EURNZD_merged,-66.72792654516151
2023-11-29 16:00:00,2023-11-30 10:00:00,-1.1,29.999999999999996,0.8769130842547048,12527.329775067214,1,0.6428,0.6412606456167236,0.6444932898216041,0.64817,0.65999,32.516608243332975,0.0007851731948343996,CADCHF_merged,-33.8769130842547
2023-11-29 16:00:00,2023-11-30 15:00:00,1.2,30.0,0.5553782866946465,7933.975524209236,1,0.6428,0.6403694404474581,0.6457166714630502,0.64817,0.65999,28.46532366454641,0.0007851731948343996,CADCHF_merged,35.44462171330535
2023-12-01 12:00:00,2023-12-01 16:00:00,-1.1,30.0,0.9514495203775641,13592.136005393775,1,0.85779,0.855896721416723,0.8598726064416047,0.86494,0.87656,28.825639864386094,0.0009924293828045365,EURGBP_merged,-33.951449520377565
2023-12-07 09:00:00,2023-12-07 09:00:00,-1.1,30.0,0.5771296390456424,8244.709129223464,1,95.353,95.0060393061581,95.73465676322608,96.032,98.54,21.948161949315466,0.2195163453758265,AUDJPY_merged,-33.577129639045644
2023-12-03 19:00:00,2023-12-12 09:00:00,1.2,30.0,0.653644829849931,9337.783283570443,1,0.85639,0.8536386296565477,0.8596916444121427,0.86494,0.87656,36.508517654640485,0.0009516146301161812,EURGBP_merged,35.34635517015007
2023-12-13 18:00:00,2023-12-13 21:00:00,-1.1,60.0,0.5541509578234742,7916.442254621062,-1,0.66577,0.6708159788267491,0.659714825407901,0.62698,0.65108,73.89191543786247,0.0016654220178033059,AUDUSD_merged,-66.55415095782348
2023-12-13 19:00:00,2023-12-13 21:00:00,-1.1,30.0,0.3005835898511396,4294.051283587709,1,142.787,141.7894315693731,144.28335264594034,148.804,151.907,20.531357962441994,0.4381068332782627,USDJPY_merged,-33.300583589851136
2023-12-13 19:00:00,2023-12-13 21:00:00,-1.1,90.0,0.9837281122400929,14053.258746287043,1,142.787,141.87256227192535,143.8843252736896,147.149,151.907,20.531357962441994,0.4381068332782627,USDJPY_merged,-99.9837281122401
2023-12-13 19:00:00,2023-12-13 22:00:00,-1.1,30.0,0.2714826937824493,3878.3241968921334,1,105.687,104.86947938051678,106.66802474337986,107.227,110.67,23.304109000606864,0.28518495364956686,CADJPY_merged,-33.27148269378245
2023-12-13 19:00:00,2023-12-13 22:00:00,-1.1,15.0,0.13574134689122466,1939.1620984460667,1,105.687,104.86947938051678,106.91328092922483,107.227,110.67,23.304109000606864,0.28518495364956686,CADJPY_merged,-16.635741346891226
2023-12-13 19:00:00,2023-12-13 22:00:00,-1.1,30.0,0.4247391352002265,6067.701931431808,1,163.921,163.1105399517689,164.73146004823107,166.547,170.208,20.355472198513862,0.40193811656476125,CHFJPY_merged,-33.42473913520023
2023-12-13 19:00:00,2023-12-13 22:00:00,-1.1,30.0,0.33935336722806164,4847.905246115167,1,105.687,105.03298350441342,106.6026230938212,107.227,110.67,24.504911625490227,0.28518495364956686,CADJPY_merged,-33.339353367228064
2023-12-13 19:00:00,2023-12-13 22:00:00,-1.1,30.0,0.3559907285136247,5085.581835908924,1,180.204,179.1409711914126,181.69224033202238,184.454,188.656,24.78124140020461,0.46436233665584,GBPJPY_merged,-33.355990728513625
2023-12-13 19:00:00,2023-12-13 22:00:00,-1.1,90.0,1.1106110200191106,15865.871714558725,1,105.687,105.08748487904563,106.34646663304979,107.227,110.67,23.304109000606864,0.28518495364956686,CADJPY_merged,-100.11061102001912
2023-12-13 19:00:00,2023-12-13 22:00:00,-1.1,90.0,1.1650605660445896,16643.722372065567,1,180.204,179.22955692546157,181.2758873819923,184.454,188.656,23.591825528362296,0.46436233665584,GBPJPY_merged,-100.1650605660446
2023-12-13 19:00:00,2023-12-13 22:00:00,-1.1,30.0,0.28479258281089975,4068.4654687271395,1,180.204,178.87521398926575,181.7985432128811,184.454,188.656,23.591825528362296,0.46436233665584,GBPJPY_merged,-33.2847925828109
2023-12-13 23:00:00,2023-12-14 07:00:00,1.0,30.0,0.502527785174625,7178.968359637502,1,1.88314,1.8752705963238911,1.891009403676109,1.89684,1.93147,19.57351913098368,0.0036575254350141116,GBPAUD_merged,29.497472214825375
2023-12-14 00:00:00,2023-12-14 08:00:00,1.0,30.0,0.3658823309873352,5226.890442676217,1,154.456,153.56949203683948,155.3425079631605,154.342,164.301,22.812810238619555,0.43427903132947554,EURJPY_merged,29.634117669012664
2023-12-14 04:00:00,2023-12-14 09:00:00,1.0,89.99999999999999,1.4639122369169526,20913.031955956467,1,1.62857,1.621561389277811,1.6355786107221892,1.62677,1.68394,36.55240374802792,0.003521188414573438,EURAUD_merged,88.53608776308303
2023-12-14 14:00:00,2023-12-15 03:00:00,-1.1,90.0,2.277846476654516,32540.66395220738,1,1.34182,1.3381088341744543,1.3455311658255458,1.34793,1.38986,23.20740678972504,0.0017524202629964293,USDCAD_merged,-101.27784647665453
2023-12-14 15:00:00,2023-12-15 03:00:00,1.0,90.0,1.5838645093687433,22626.635848124904,-1,1.09922,1.103592271718343,1.094847728281657,1.05167,1.10171,73.51030457679722,0.0019968888550495833,EURUSD_merged,88.41613549063126
2023-12-14 03:00:00,2023-12-15 08:00:00,1.0,59.99999999999999,0.7903463328584543,11290.66189797792,-1,0.67093,0.6744954065601956,0.6673645934398045,0.62698,0.66901,66.05969373396451,0.0017651117443041446,AUDUSD_merged,59.20965366714154
2023-12-19 11:00:00,2023-12-20 02:00:00,1.0,90.0,2.123484614940234,30335.494499146203,-1,1.27383,1.2776092263450074,1.2700507736549926,1.20691,1.27329,77.05111855613032,0.0018646579076563269,GBPUSD_merged,87.87651538505976
2023-12-19 12:00:00,2023-12-20 07:00:00,1.1,15.0,0.32613828382357885,4659.118340336841,1,0.86094,0.8581682094901529,0.8639889695608318,0.86663,0.91121,36.2652153099986,0.0014417773168425435,USDCHF_merged,16.17386171617642
2023-12-20 08:00:00,2023-12-20 14:00:00,1.1,30.0,0.7431835020478871,10616.907172112673,1,1.74049,1.7355719293082688,1.7458998777609047,1.78809,1.82831,34.47884184454894,0.0025514255260341494,EURNZD_merged,32.256816497952116
2023-12-20 09:00:00,2023-12-20 14:00:00,1.0,90.0,2.0475259601718347,29250.370859597635,1,1.74137,1.7360120063953284,1.7467279936046718,1.78809,1.82831,35.179495103078295,0.0025163237027460085,EURNZD_merged,87.95247403982816
2023-12-20 05:00:00,2023-12-20 17:00:00,1.1,30.0,0.6547938191320342,9354.197416171917,1,2.01596,2.009494581609809,2.023071960229211,2.05874,2.09638,29.84216333388337,0.003431933799717688,GBPNZD_merged,32.34520618086797
2023-12-19 12:00:00,2023-12-21 08:00:00,-1.1,15.0,0.20655424642159997,2950.77494888,1,0.86094,0.8565634886686626,0.866191813597605,0.88878,0.91121,34.593886666565865,0.0014417773168425435,USDCHF_merged,-16.7065542464216
2023-12-19 12:00:00,2023-12-21 08:00:00,-1.1,15.0,0.20655424642159997,2950.77494888,1,0.86094,0.8565634886686626,0.8675047669970062,0.86663,0.88205,34.593886666565865,0.0014417773168425435,USDCHF_merged,-16.7065542464216
2023-12-22 08:00:00,2023-12-22 09:00:00,-1.1,30.0,0.820998913406921,11728.555905813158,1,0.85453,0.8523442321863092,0.8569343445950599,0.86663,0.88205,31.240377646330227,0.001318232390149662,USDCHF_merged,-33.82099891340692
2023-12-22 11:00:00,2023-12-26 08:00:00,-1.1,30.0,0.8846349152647681,12637.641646639546,1,1.32668,1.323530646575298,1.3301442887671722,1.34793,1.38986,39.74036170216786,0.0016455862601926885,USDCAD_merged,-33.88463491526477
2023-12-22 08:00:00,2023-12-27 09:00:00,-1.1,15.000000000000002,0.259982989245525,3714.0427035075004,1,0.85453,0.8510787876625934,0.8586714548048879,0.88878,0.88205,29.387918574792895,0.001318232390149662,USDCHF_merged,-16.75998298924553
2023-12-27 14:00:00,2023-12-27 23:00:00,-1.1,60.0,0.9908258021334089,14154.654316191556,1,0.84307,0.8394963203558325,0.8473584155730008,0.86663,0.88205,25.828851272439827,0.0016219427069537713,USDCHF_merged,-66.99082580213341
2023-12-27 13:00:00,2023-12-27 23:00:00,-1.1,30.0,0.6003019371944487,8575.741959920697,1,1.07887,1.0750958542582945,1.0830215603158762,1.09892,1.11558,33.66761021861602,0.001933793031660588,GBPCHF_merged,-33.60030193719445
2023-12-27 13:00:00,2023-12-28 02:00:00,-1.1,90.0,2.3268402717844774,33240.57531120682,-1,1.27893,1.2823927469266811,1.2747747036879824,1.24999,1.27937,69.62725297211084,0.0015451204560667782,GBPUSD_merged,-101.32684027178449
2023-12-27 13:00:00,2023-12-28 02:00:00,-1.1,60.0,1.5512268478563183,22160.38354080455,-1,1.27893,1.2823927469266811,1.2751209783806505,1.24999,1.27937,71.58885510762913,0.0015451204560667782,GBPUSD_merged,-67.55122684785631
2023-12-27 14:00:00,2023-12-28 03:00:00,-1.1,90.0,1.4151499692062197,20216.42813151743,1,0.53425,0.5318716124981525,0.5366283875018475,0.53312,0.54388,24.404451149274834,0.0011166679429938221,NZDCHF_merged,-100.41514996920624
2023-12-27 14:00:00,2023-12-28 04:00:00,-1.1,15.000000000000002,0.2240177840416114,3200.254057737306,1,0.63804,0.6350494249308548,0.6422268050968033,0.64045,0.65129,26.298352895297494,0.0012327820208002447,CADCHF_merged,-16.724017784041614
2023-12-27 15:00:00,2023-12-28 04:00:00,-1.1,30.000000000000004,0.8150213865591064,11643.162665130092,-1,1.11015,1.1130104341412959,1.1058593487880561,1.07236,1.10171,73.68485224774949,0.0011531441618109206,EURUSD_merged,-33.81502138655912
2023-12-28 06:00:00,2023-12-28 09:00:00,-1.1,90.0,1.616609766904077,23094.425241486817,1,1.07124,1.0670653301828528,1.0754146698171472,1.09892,1.11558,26.022063582387037,0.001970228150439292,GBPCHF_merged,-100.61660976690409
2024-01-10 14:00:00,2024-01-11 22:00:00,1.2,15.0,0.23090629850213967,3298.6614071734243,-1,171.042,171.819779130171,170.1086650437948,162.125,170.208,75.11126594548695,0.2513125879100718,CHFJPY_merged,17.76909370149786
2024-01-10 18:00:00,2024-01-12 06:00:00,1.2,30.0,0.5069879849763698,7242.685499662426,-1,97.554,97.95807939846848,97.06910472183782,93.691,97.591,73.19707888484136,0.13707219476405383,AUDJPY_merged,35.49301201502363
2024-01-16 15:00:00,2024-01-17 09:00:00,-1.1,15.0,0.28071974668786337,4010.2820955409056,-1,109.121,109.52915457890606,108.5087681316409,106.162,108.277,65.20587587907674,0.15767170073653516,CADJPY_merged,-16.780719746687865
2024-01-17 09:00:00,2024-01-17 19:00:00,-1.1,15.0,0.2867655467698662,4096.650668140946,-1,1.93253,1.9396060121739047,1.9226235829565335,1.85867,1.92637,75.99763556614192,0.002932518807450314,GBPAUD_merged,-16.786765546769868
2024-01-17 09:00:00,2024-01-17 19:00:00,-1.1,15.0,0.2560406667588091,3657.7238108401307,-1,1.93253,1.9404551336347733,1.9222273262747949,1.85867,1.92637,75.37916765612606,0.002932518807450314,GBPAUD_merged,-16.75604066675881
2024-01-17 17:00:00,2024-01-17 19:00:00,-1.1,15.000000000000002,0.297197106691729,4245.672952738986,-1,1.93368,1.9405117085001302,1.9234324372498046,1.85867,1.92637,63.73275848756068,0.002769634585762676,GBPAUD_merged,-16.797197106691733
2024-01-17 09:00:00,2024-01-17 19:00:00,-1.1,15.0,0.23897128897488853,3413.875556784122,-1,1.93253,1.9410212146086856,1.9223405424695774,1.85867,1.92637,75.37916765612606,0.002932518807450314,GBPAUD_merged,-16.738971288974888
2024-01-17 09:00:00,2024-01-17 19:00:00,-1.1,15.0,0.23897128897488853,3413.875556784122,-1,1.93253,1.9410212146086856,1.9223405424695774,1.85867,1.92637,75.37916765612606,0.002932518807450314,GBPAUD_merged,-16.738971288974888
2024-01-17 13:00:00,2024-01-18 19:00:00,1.4,15.0,0.213560815309876,3050.868790141086,1,0.65392,0.6507049158142436,0.6584211178600587,0.6525,0.68706,32.76226563452814,0.0012548884118523337,AUDUSD_merged,20.786439184690124
2024-01-17 13:00:00,2024-01-18 19:00:00,1.2,15.0,0.17796734609156334,2542.390658450905,1,0.65392,0.6500618989770924,0.658549721227489,0.6525,0.68706,32.532996884107234,0.0012548884118523337,AUDUSD_merged,17.822032653908437
2024-01-17 12:00:00,2024-01-18 21:00:00,1.3,15.0,0.1810612053207848,2586.588647439783,1,0.65373,0.6499389256017938,0.6586583967176682,0.6525,0.68706,32.907176270573615,0.0012860336743025118,AUDUSD_merged,19.318938794679216
2024-01-17 16:00:00,2024-01-19 03:00:00,1.4,15.0,0.2663949415592991,3805.642022275702,-1,1.93649,1.9441227068678495,1.9258042103850108,1.85867,1.92637,63.149981913349194,0.0027326834000520974,GBPAUD_merged,20.733605058440702
2024-01-17 16:00:00,2024-01-19 03:00:00,1.3,60.0,0.9945411151547167,14207.730216495953,-1,1.93649,1.944667900215553,1.9258587297197813,1.85867,1.92637,62.6902396516042,0.0027326834000520974,GBPAUD_merged,77.00545888484528
2024-01-17 16:00:00,2024-01-19 03:00:00,1.3,60.0,1.0288356363669482,14697.651948099261,-1,1.93649,1.9443953035417012,1.9262131053957885,1.85867,1.92637,63.46761979622391,0.0027326834000520974,GBPAUD_merged,76.97116436363305
2024-01-17 16:00:00,2024-01-19 03:00:00,1.5,15.0,0.2868868601407837,4098.38371629691,-1,1.93649,1.9435775135201458,1.9258587297197813,1.85867,1.92637,62.6902396516042,0.0027326834000520974,GBPAUD_merged,22.213113139859217
2024-01-19 02:00:00,2024-01-19 04:00:00,1.4,59.99999999999999,1.181334909023368,16876.212986048115,-1,188.635,189.30565401517254,187.69608437875846,178.731,188.656,55.22838751284051,0.26641077033782856,GBPJPY_merged,82.81866509097662
2024-01-17 15:00:00,2024-01-19 04:00:00,1.3,15.0,0.1857924960374541,2654.178514820773,1,0.6542,0.650502810852697,0.6590063458914939,0.6525,0.68706,39.28297192135362,0.0012172252122604277,AUDUSD_merged,19.314207503962546
2024-01-19 02:00:00,2024-01-19 04:00:00,1.3,60.00000000000001,1.1025792484218102,15751.132120311575,-1,188.635,189.35355787339913,187.7008747645811,178.731,188.656,54.37347903712477,0.26641077033782856,GBPJPY_merged,76.89742075157821
2024-01-19 02:00:00,2024-01-19 04:00:00,1.3,90.0,1.7108988337579807,24441.4119108283,-1,188.635,189.32960594428582,187.7320122724284,178.731,188.656,55.94334319356615,0.26641077033782856,GBPJPY_merged,115.28910116624202
2024-01-19 02:00:00,2024-01-19 04:00:00,1.5,60.0,1.2722068251020884,18174.38321574412,-1,188.635,189.25775015694592,187.7008747645811,178.731,188.656,54.37347903712477,0.26641077033782856,GBPJPY_merged,88.72779317489791
2024-01-19 02:00:00,2024-01-19 05:00:00,1.5,60.0,1.3470462918815471,19243.518455450674,-1,161.671,162.17507933572315,160.91488099641523,155.063,158.566,57.071840364714326,0.21637232469717588,EURJPY_merged,88.65295370811845
2024-01-17 12:00:00,2024-01-19 10:00:00,-1.1,15.0,0.2273758240627311,3248.226058039016,1,0.82508,0.8212698587786493,0.830033183587756,0.8265,0.84142,40.76251995761377,0.0012521865685133345,NZDCAD_merged,-16.72737582406273
2024-01-17 12:00:00,2024-01-19 10:00:00,-1.1,15.0,0.24361695435292624,3480.2422050418036,1,0.82508,0.8215238681934061,0.8300585845292316,0.8265,0.84142,40.62849814325482,0.0012521865685133345,NZDCAD_merged,-16.743616954352927
2024-01-17 12:00:00,2024-01-23 00:00:00,1.3,15.0,0.24213323036438722,3459.046148062675,1,0.88409,0.8802561829786726,0.8890739621277258,0.88768,0.9065,37.97560074027027,0.0013349903387055442,AUDCAD_merged,19.257866769635612
2024-01-17 12:00:00,2024-01-23 00:00:00,1.2,15.0,0.2259910150067614,3228.443071525163,1,0.88409,0.8799823389057205,0.8890191933131354,0.88768,0.9065,37.97560074027027,0.0013349903387055442,AUDCAD_merged,17.774008984993237
2024-01-17 12:00:00,2024-01-23 01:00:00,1.3,60.0,0.9351352345107367,13359.074778724811,1,0.88409,0.8801192609421966,0.8892519607751446,0.88768,0.9065,37.43209678392128,0.0013349903387055442,AUDCAD_merged,77.06486476548926
2024-01-22 23:00:00,2024-01-23 16:00:00,1.5,15.0,0.37309731881986596,5329.961697426657,-1,1.08206,1.0851052188817485,1.0774921716773773,1.06566,1.08316,62.79549676677008,0.0011732241560780407,AUDNZD_merged,22.126902681180134
2024-01-22 21:00:00,2024-01-23 16:00:00,1.5,60.0,1.2244504847321143,17492.149781887347,-1,2.09,2.0971689301523044,2.079246604771543,2.00557,2.06029,59.98021955030627,0.0030056026279988496,GBPNZD_merged,88.77554951526788
2024-01-22 23:00:00,2024-01-23 16:00:00,1.5,90.0,2.2385839129191956,31979.770184559944,-1,1.08206,1.0851052188817485,1.0774921716773773,1.06566,1.08316,62.79549676677008,0.0011732241560780407,AUDNZD_merged,132.76141608708082
2024-01-18 23:00:00,2024-01-23 22:00:00,1.3,60.0,1.0956251376632342,15651.787680903348,-1,97.582,97.95607356395101,97.09570436686369,93.691,97.591,67.61232269779502,0.12912643702456889,AUDJPY_merged,76.90437486233677
2024-01-18 23:00:00,2024-01-23 22:00:00,1.5,15.0,0.30677503854570565,4382.500550652938,-1,97.582,97.91599425352769,97.08100861970847,95.836,97.591,64.3313212500584,0.12912643702456889,AUDJPY_merged,22.193224961454295
2024-01-22 22:00:00,2024-01-24 03:00:00,1.4,60.0,1.3258291335131458,18940.41619304494,-1,1.08128,1.084705310158909,1.0764845657775275,1.06566,1.08316,63.91571844342236,0.0012180875526994043,AUDNZD_merged,82.67417086648686
2024-01-29 07:00:00,2024-01-30 06:00:00,1.4,60.00000000000001,2.2216387152122925,31737.695931604183,1,0.85249,0.8508783707213583,0.8547462809900983,0.85487,0.87142,40.58040429669982,0.00063217658920977,EURGBP_merged,81.7783612847877
2024-02-01 07:00:00,2024-02-01 13:00:00,1.2,29.999999999999996,0.3110004588174289,4442.863697391842,1,0.65179,0.647388852152165,0.6570713774174018,0.65245,0.68706,33.70515974064704,0.0014315457624250881,AUDUSD_merged,35.68899954118256
2024-02-01 07:00:00,2024-02-01 18:00:00,1.3,59.99999999999999,0.6220009176348578,8885.727394783684,1,0.65179,0.647388852152165,0.6575114922021854,0.65245,0.68706,34.45153920159897,0.0014315457624250881,AUDUSD_merged,77.37799908236514
2024-02-01 05:00:00,2024-02-01 19:00:00,1.4,60.0,0.6723761958078649,9605.374225826643,1,0.6527,0.6486229074183593,0.6584079296142968,0.65245,0.68706,31.569856010653687,0.0014906684581971466,AUDUSD_merged,83.32762380419213
2024-02-01 05:00:00,2024-02-01 19:00:00,1.2,30.0,0.31377555804367024,4482.507972052433,1,0.6527,0.6483316865196707,0.657941976176395,0.65245,0.68706,29.321920429206664,0.0014906684581971466,AUDUSD_merged,35.68622444195633
2024-02-01 10:00:00,2024-02-01 20:00:00,1.4,60.0,0.7387962542457402,10554.232203510575,1,0.65336,0.6496456985478337,0.6585600220330329,0.65245,0.68706,46.04729697422652,0.0015981691108046423,AUDUSD_merged,83.26120374575426
2024-02-01 12:00:00,2024-02-02 07:00:00,1.4,90.0,1.4722284321918369,21031.83474559767,1,0.8784,0.8746411267986713,0.8836624224818601,0.88768,0.9065,44.5533457673299,0.001484724331922074,AUDCAD_merged,124.52777156780814
2024-02-01 12:00:00,2024-02-02 08:00:00,1.2,60.0,0.8179046845510204,11684.35263644315,1,0.8784,0.8738893521584056,0.8838127774099133,0.88768,0.9065,43.89027920732339,0.001484724331922074,AUDCAD_merged,71.18209531544898
2024-02-01 12:00:00,2024-02-02 08:00:00,1.2,60.0,0.8179046845510204,11684.35263644315,1,0.8784,0.8738893521584056,0.8838127774099133,0.88768,0.9065,43.89027920732339,0.001484724331922074,AUDCAD_merged,71.18209531544898
2024-02-01 12:00:00,2024-02-04 18:00:00,-1.1,90.00000000000001,1.3144896715998544,18778.42387999792,1,0.8784,0.8741900620145119,0.8842939131796833,0.88768,0.9065,43.11174503367052,0.001484724331922074,AUDCAD_merged,-100.31448967159989
2024-01-29 13:00:00,2024-02-05 05:00:00,-1.1,60.0,1.4805902505679882,21151.289293828406,1,1.45373,1.4496061946476024,1.4595033274933567,1.45486,1.50437,34.09071591010271,0.0016224134166048368,EURCAD_merged,-67.48059025056799
2024-01-29 08:00:00,2024-02-05 05:00:00,-1.1,90.0,2.0910040206845455,29871.486009779226,1,1.45398,1.4495992939327773,1.4596749178873896,1.45486,1.50437,33.0087672891026,0.0015009328303308722,EURCAD_merged,-101.09100402068457
2024-01-29 08:00:00,2024-02-05 05:00:00,-1.1,60.0,1.3940026804563637,19914.324006519484,1,1.45398,1.4495992939327773,1.4592368472806674,1.45486,1.50437,32.1203922525618,0.0015009328303308722,EURCAD_merged,-67.39400268045637
2024-02-04 23:00:00,2024-02-05 08:00:00,-1.1,59.99999999999999,0.9141589096632884,13059.412995189836,1,1.26111,1.2553159723489968,1.2680628331812038,1.25963,1.27854,32.28998531663132,0.0018376752253105087,GBPUSD_merged,-66.91415890966329
2024-02-04 21:00:00,2024-02-05 10:00:00,-1.1,90.00000000000001,1.1577508647440347,16539.298067771924,1,0.65063,0.6470895414049583,0.6555866420330585,0.65245,0.68706,33.608957893222346,0.0014014560495869274,AUDUSD_merged,-100.15775086474406
2024-02-02 14:00:00,2024-02-05 10:00:00,-1.1,90.0,1.0040412534060952,14343.446477229932,1,0.65121,0.6471238900059312,0.6569305539916963,0.65245,0.68706,36.19502235844241,0.0014129446408901662,AUDUSD_merged,-100.00404125340611
2024-02-02 14:00:00,2024-02-05 10:00:00,-1.1,60.0,0.624736779897126,8924.811141387514,1,0.65121,0.6468320250063548,0.6569013674917387,0.65245,0.68706,35.27503519222865,0.0014129446408901662,AUDUSD_merged,-66.62473677989712
2024-02-02 14:00:00,2024-02-05 10:00:00,-1.1,60.0,0.624736779897126,8924.811141387514,1,0.65121,0.6468320250063548,0.6564635699923741,0.65245,0.68706,34.19104098033382,0.0014129446408901662,AUDUSD_merged,-66.62473677989712
2024-02-02 15:00:00,2024-02-05 10:00:00,-1.1,60.0,0.6456402987064468,9223.432838663526,1,0.65161,0.6473711660773295,0.6566966007072046,0.65245,0.68706,33.893753265274505,0.0013513057379694437,AUDUSD_merged,-66.64564029870645
2024-02-01 09:00:00,2024-02-05 22:00:00,1.5,60.0,1.007973528459233,14399.621835131902,-1,1.94161,1.9497002541284643,1.9294746188073038,1.85867,1.94145,58.47712622708625,0.003264951533429605,GBPAUD_merged,88.99202647154077
2024-02-01 09:00:00,2024-02-05 22:00:00,1.5,90.0,1.5119602926888496,21599.432752697852,-1,1.94161,1.9497002541284643,1.9294746188073038,1.85867,1.94145,58.47712622708625,0.003264951533429605,GBPAUD_merged,133.48803970731115
2024-02-01 11:00:00,2024-02-06 09:00:00,1.4,60.0,0.8961338277899419,12801.9118255706,1,0.56375,0.5611078165151522,0.5674490568787869,0.56387,0.58644,38.99898967812139,0.0010749538658006183,AUDCHF_merged,83.10386617221006
2024-02-01 11:00:00,2024-02-06 09:00:00,1.2,30.0,0.3733890949124758,5334.129927321083,1,0.56375,0.5605793798181826,0.5675547442181808,0.56387,0.58644,38.874730798418796,0.0010749538658006183,AUDCHF_merged,35.626610905087524
2024-02-01 11:00:00,2024-02-06 09:00:00,1.2,30.0,0.3733890949124758,5334.129927321083,1,0.56375,0.5605793798181826,0.5675547442181808,0.56387,0.58644,38.874730798418796,0.0010749538658006183,AUDCHF_merged,35.626610905087524
2024-02-05 20:00:00,2024-02-06 11:00:00,1.3,90.0,1.973421311084086,28191.73301548694,1,1.25396,1.249956826447739,1.2591641256179393,1.25963,1.27854,35.3205994405633,0.0013396614822510507,GBPUSD_merged,115.02657868891592
2024-02-05 20:00:00,2024-02-06 11:00:00,1.2,60.0,1.271760400476411,18168.005721091587,1,1.25396,1.2498187859804197,1.2589294568234963,1.25963,1.27854,35.447516464505355,0.0013396614822510507,GBPUSD_merged,70.72823959952359
2024-02-05 21:00:00,2024-02-06 12:00:00,1.4,90.0,2.3600872622592117,33715.53231798874,1,1.25465,1.2513008462943724,1.2593388151878788,1.25963,1.27854,35.627080143662205,0.0012775428049474021,GBPUSD_merged,123.63991273774077
2024-02-05 12:00:00,2024-02-06 12:00:00,1.3,89.99999999999999,1.1931255577624142,17044.65082517735,1,0.64765,0.6442302467531983,0.652095679220842,0.65245,0.68706,37.520385304625776,0.001184994881980806,AUDUSD_merged,115.80687444223757
2024-02-05 21:00:00,2024-02-06 12:00:00,1.2,90.0,1.9667393852160098,28096.27693165728,1,1.25465,1.250631015553247,1.2594727813361037,1.25963,1.27854,35.164160155554214,0.0012775428049474021,GBPUSD_merged,106.03326061478398
2024-02-04 19:00:00,2024-02-06 16:00:00,1.4,90.0,1.501853105605034,21455.044365786198,1,0.8165,0.8130749313426178,0.8212950961203351,0.8265,0.84142,33.04202368103041,0.0013464540727419984,NZDCAD_merged,124.49814689439495
2024-02-04 19:00:00,2024-02-06 16:00:00,1.2,60.0,0.834362836447241,11919.469092103443,1,0.8165,0.8123899176111413,0.8214320988666305,0.8265,0.84142,33.981790987720366,0.0013464540727419984,NZDCAD_merged,71.16563716355276
2024-02-05 14:00:00,2024-02-06 18:00:00,1.4,90.00000000000001,1.4315772066884604,20451.102952692294,1,0.64863,0.6457755475954018,0.6526262333664377,0.65245,0.68706,35.29923703584,0.0011009394645650897,AUDUSD_merged,124.56842279331156
2024-02-05 14:00:00,2024-02-06 19:00:00,1.2,59.99999999999999,0.795320670382478,11361.72386260683,1,0.64863,0.645204657114482,0.6527404114626216,0.65245,0.68706,35.56672350581728,0.0011009394645650897,AUDUSD_merged,71.2046793296175
2024-02-05 14:00:00,2024-02-06 19:00:00,1.2,89.99999999999999,1.1929810055737171,17042.585793910246,1,0.64863,0.645204657114482,0.6527404114626216,0.65245,0.68706,35.56672350581728,0.0011009394645650897,AUDUSD_merged,106.80701899442627
2024-02-04 21:00:00,2024-02-06 20:00:00,1.2,60.0,0.6583526342452967,9405.037632075668,1,0.60617,0.6023029022357167,0.61081051731714,0.60837,0.6369,34.32024755356351,0.0012376731175162687,NZDUSD_merged,71.34164736575471
2024-02-01 11:00:00,2024-02-06 20:00:00,1.3,90.0,1.1201672847374273,16002.389781963251,1,0.56375,0.5605793798181826,0.5678718062363625,0.56387,0.58644,38.84345501782342,0.0010749538658006183,AUDCHF_merged,115.87983271526257
2024-02-04 22:00:00,2024-02-06 20:00:00,1.4,90.0,1.2345153000221931,17635.932857459906,1,0.60632,0.6032258172062093,0.6106518559113069,0.60837,0.6369,38.15040450029694,0.0012342678948365528,NZDUSD_merged,124.76548469997779
2024-02-01 11:00:00,2024-02-06 20:00:00,1.4,90.00000000000001,1.200179233647244,17145.41762353206,1,0.56375,0.5607907544969705,0.5678929437042413,0.56387,0.58644,38.87308634497638,0.0010749538658006183,AUDCHF_merged,124.79982076635277
2024-02-02 14:00:00,2024-02-07 08:00:00,1.3,30.0,0.33640335991061016,4805.762284437288,1,0.60671,0.602922609171506,0.6116336080770421,0.60837,0.6369,31.15248385994404,0.0013174510400617886,NZDUSD_merged,38.66359664008939
2024-02-02 16:00:00,2024-02-07 09:00:00,1.4,60.00000000000001,0.7201631155635264,10288.044508050378,1,0.60723,0.6036886272958394,0.612187921785825,0.60837,0.6369,32.57547844194511,0.0012472919682165763,NZDUSD_merged,83.27983688443648
2024-02-02 15:00:00,2024-02-07 09:00:00,1.2,60.0,0.6451290971390773,9216.129959129676,1,0.60709,0.6031376468798146,0.6118328237442224,0.60837,0.6369,32.04388688109276,0.0012647759657716787,NZDUSD_merged,71.35487090286092
2024-02-02 14:00:00,2024-02-07 09:00:00,1.3,90.0,0.9744097321548704,13920.139030783863,1,0.60671,0.6027873452133455,0.6118094512226507,0.60837,0.6369,34.81784298691594,0.0013174510400617886,NZDUSD_merged,116.02559026784513
2024-02-05 12:00:00,2024-02-07 13:00:00,-1.1,30.0,0.48717449996951845,6959.635713850264,-1,0.8711,0.8748549379126257,0.8662185807135866,0.83323,0.8728,63.81317632140338,0.001339545736329942,USDCHF_merged,-33.48717449996952
2024-02-04 21:00:00,2024-02-08 05:00:00,-1.1,90.0,1.2147442276116662,17353.488965880948,-1,148.374,149.1435086576685,147.2966878792641,140.248,148.802,66.28885585686862,0.2689799119818981,USDJPY_merged,-100.21474422761167
2024-02-04 22:00:00,2024-02-08 06:00:00,-1.1,89.99999999999999,1.3914436853008851,19877.76693286979,-1,148.52,149.19244977995476,147.57857030806338,140.248,148.802,65.13748658254492,0.263838489697477,USDJPY_merged,-100.39144368530087
2024-02-01 12:00:00,2024-02-08 09:00:00,-1.1,90.0,1.2268570268265306,17526.528954664725,1,0.8784,0.8738893521584056,0.8842638421940726,0.88768,0.9065,43.43231516161811,0.001484724331922074,AUDCAD_merged,-100.22685702682655
2024-02-02 13:00:00,2024-02-08 11:00:00,-1.1,90.0,1.5472734016294698,22103.905737563855,1,0.87631,0.8727419473247676,0.8813052737453254,0.88768,0.9065,37.29858551787125,0.0014167052793720466,AUDCAD_merged,-100.54727340162948
2024-02-08 07:00:00,2024-02-08 18:00:00,-1.1,90.0,1.9060635631700793,27229.47947385828,-1,90.868,91.16834066599955,90.41748900100065,88.565,90.983,64.26096368952888,0.11634081879983786,NZDJPY_merged,-100.9060635631701
2024-02-08 07:00:00,2024-02-08 18:00:00,-1.1,30.0,0.6353545210566931,9076.49315795276,-1,90.868,91.16834066599955,90.41748900100065,87.674,90.983,64.26096368952888,0.11634081879983786,NZDJPY_merged,-33.63535452105669
2024-02-09 00:00:00,2024-02-09 03:00:00,-1.1,90.00000000000001,1.837251470914093,26246.449584487043,-1,91.434,91.74753040621783,90.99505743129504,87.674,90.983,71.6702412193157,0.12152557945233647,NZDJPY_merged,-100.83725147091413
2024-02-07 20:00:00,2024-02-09 04:00:00,-1.1,60.0,1.2924858036627493,18464.08290946785,-1,0.64885,0.6509584719014145,0.6456872921478783,0.63027,0.64741,65.87967090172769,0.0008210038490968193,CADCHF_merged,-67.29248580366274
2024-02-07 20:00:00,2024-02-09 04:00:00,-1.1,90.0,1.938728705494124,27696.124364201773,-1,0.64885,0.6509584719014145,0.6456872921478783,0.63027,0.64741,65.87967090172769,0.0008210038490968193,CADCHF_merged,-100.93872870549414
2024-02-08 16:00:00,2024-02-09 08:00:00,1.4,90.0,1.9306003357935368,27580.004797050533,1,0.64917,0.64705160660486,0.652135750753196,0.65245,0.68706,34.72813845882033,0.0008025461181948387,AUDUSD_merged,124.06939966420644
2024-02-08 12:00:00,2024-02-09 08:00:00,1.2,60.0,0.9866084435943209,14094.406337061728,1,0.64885,0.6460878403836968,0.6521645915395639,0.65245,0.68706,31.628768603572187,0.0008806684526652744,AUDUSD_merged,71.01339155640568
2024-02-08 10:00:00,2024-02-09 08:00:00,1.3,90.0,1.499756661395078,21425.095162786827,1,0.64862,0.6458953539922944,0.6521620398100173,0.65245,0.68706,33.42695352559157,0.0009338521699549975,AUDUSD_merged,115.50024333860492
2024-02-07 19:00:00,2024-02-09 08:00:00,-1.1,60.0,1.2231208924446115,17473.155606351596,-1,0.64927,0.6514994885295842,0.6459257672056238,0.63027,0.64741,66.67044069912129,0.000843388760565786,CADCHF_merged,-67.22312089244461
2024-02-08 16:00:00,2024-02-09 08:00:00,-1.1,30.0,0.643008669788721,9185.838139838872,-1,110.946,111.30833819378603,110.40249270932097,104.195,110.394,68.31066148587861,0.1337636406378657,CADJPY_merged,-33.64300866978872
2024-02-08 16:00:00,2024-02-09 08:00:00,1.2,90.0,1.608833613161281,22983.337330875445,1,0.64917,0.6466279279258321,0.6522204864890015,0.65245,0.68706,35.637469340815784,0.0008025461181948387,AUDUSD_merged,106.39116638683872
2024-02-08 18:00:00,2024-02-09 09:00:00,1.2,90.0,2.1249276300861943,30356.109001231347,1,0.87389,0.8712990849391531,0.8769990980730162,0.88768,0.9065,41.351262020733586,0.0008669498997859382,AUDCAD_merged,105.87507236991381
2024-02-08 16:00:00,2024-02-09 09:00:00,1.3,90.0,2.1481177901379436,30687.397001970625,1,0.87357,0.8710079938449993,0.8769006080015009,0.88768,0.9065,32.29072246933744,0.000843918226970676,AUDCAD_merged,114.85188220986205
2024-02-08 18:00:00,2024-02-09 09:00:00,1.4,90.0,2.549913156103433,36427.33080147762,1,0.87389,0.8717309041159609,0.8769127342376546,0.88768,0.9065,42.03325942658599,0.0008669498997859382,AUDCAD_merged,123.45008684389656
2024-02-08 18:00:00,2024-02-09 09:00:00,1.2,60.0,1.4166184200574627,20237.406000820898,1,0.87389,0.8712990849391531,0.8769990980730162,0.88768,0.9065,41.351262020733586,0.0008669498997859382,AUDCAD_merged,70.58338157994254
2024-02-13 05:00:00,2024-02-13 08:00:00,-1.1,15.000000000000002,0.37258997921436515,5322.713988776645,-1,0.94695,0.9496186104175334,0.9429470843736999,0.92539,0.94729,70.30488341570674,0.001056646577690513,EURCHF_merged,-16.872589979214368
2024-02-13 05:00:00,2024-02-13 08:00:00,-1.1,90.0,2.324961470297638,33213.735289966266,-1,0.94695,0.9495159715553205,0.9433576398225512,0.92539,0.94729,71.6645909065233,0.001056646577690513,EURCHF_merged,-101.32496147029765
2024-02-04 21:00:00,2024-02-13 08:00:00,-1.1,30.0,0.3445687097452484,4922.4101392178345,1,0.65063,0.6466646863735533,0.6557849077143808,0.65245,0.68706,34.39673725824664,0.0014014560495869274,AUDUSD_merged,-33.344568709745246
2024-02-13 05:00:00,2024-02-13 08:00:00,-1.1,30.0,0.7749871567658795,11071.245096655422,-1,0.94695,0.9495159715553205,0.9431010426670191,0.92539,0.94729,68.6966601729923,0.001056646577690513,EURCHF_merged,-33.77498715676588
2024-02-08 16:00:00,2024-02-13 08:00:00,-1.1,90.0,1.6718225414506744,23883.179163581066,-1,110.946,111.36408253129157,110.44430096245011,104.195,110.394,68.78934639320927,0.1337636406378657,CADJPY_merged,-100.6718225414507
2024-02-08 16:00:00,2024-02-13 08:00:00,-1.1,90.0,1.729471594604146,24706.737065773515,-1,110.946,111.35014644691518,110.42060961901026,104.195,110.394,67.24186609650847,0.1337636406378657,CADJPY_merged,-100.72947159460416
2024-02-13 05:00:00,2024-02-13 09:00:00,-1.1,14.999999999999998,0.34597640927048184,4942.520132435456,-1,0.94695,0.949823888141959,0.9432139454154532,0.92539,0.94729,70.95394906572122,0.001056646577690513,EURCHF_merged,-16.84597640927048
2024-02-13 05:00:00,2024-02-13 10:00:00,-1.1,60.00000000000001,1.2916452612764657,18452.07516109237,-1,0.94695,0.9500291658663846,0.9432550009603383,0.92539,0.94729,70.95394906572122,0.001056646577690513,EURCHF_merged,-67.29164526127649
2024-02-13 04:00:00,2024-02-13 10:00:00,-1.1,30.0,0.8428240670088049,12040.343814411499,-1,189.142,189.6132705955463,188.43509410668054,178.731,188.928,65.96997045860154,0.1886862212029142,GBPJPY_merged,-33.842824067008806
2024-02-13 14:00:00,2024-02-14 02:00:00,1.4,90.0,1.9597655171511734,27996.650245016768,-1,189.814,190.42418942803846,188.95973480074613,178.731,188.928,66.41918982428136,0.2397846447000067,GBPJPY_merged,124.04023448284882
2024-02-13 18:00:00,2024-02-14 02:00:00,1.4,90.0,2.243572716223135,32051.038803187643,-1,1.9499,1.9553753607543773,1.9422344949438717,1.85867,1.94145,74.3114323604816,0.0021537054230544627,GBPAUD_merged,123.75642728377684
2024-02-13 18:00:00,2024-02-14 02:00:00,1.2,89.99999999999999,1.8696439301859455,26709.199002656365,-1,1.9499,1.956470432905253,1.9420154805136967,1.85867,1.94145,73.36638910425704,0.0021537054230544627,GBPAUD_merged,106.13035606981404
2024-02-13 18:00:00,2024-02-14 02:00:00,1.3,90.00000000000001,1.934114410537185,27630.205864816933,-1,1.9499,1.9562514184750777,1.9416431559823988,1.85867,1.94145,70.56387110242201,0.0021537054230544627,GBPAUD_merged,115.06588558946284
2024-02-13 23:00:00,2024-02-14 02:00:00,1.5,60.0,1.5741952097168035,22488.50299595434,-1,1.95005,1.9552527918452842,1.9422458122320738,1.85867,1.94145,68.13777485157759,0.001917425659030071,GBPAUD_merged,88.4258047902832
2024-02-13 18:00:00,2024-02-14 02:00:00,1.2,89.99999999999999,1.8696439301859455,26709.199002656365,-1,1.9499,1.956470432905253,1.9420154805136967,1.85867,1.94145,73.36638910425704,0.0021537054230544627,GBPAUD_merged,106.13035606981404
2024-02-13 14:00:00,2024-02-14 03:00:00,1.2,90.0,1.633137930959311,23330.5418708473,-1,189.814,190.54622731364617,188.9353272236246,178.731,188.928,66.24937505149012,0.2397846447000067,GBPJPY_merged,106.36686206904069
2024-02-13 14:00:00,2024-02-14 03:00:00,1.5,15.0,0.3140649867229445,4486.642667470635,-1,189.814,190.44859700516,188.86210449225996,178.731,188.928,66.03115023791833,0.2397846447000067,GBPJPY_merged,22.185935013277057
2024-02-13 14:00:00,2024-02-14 03:00:00,1.3,90.00000000000001,1.6894530320268735,24135.043314669623,-1,189.814,190.52181973652463,188.89383434251798,178.731,188.928,65.5559302583071,0.2397846447000067,GBPJPY_merged,115.31054696797315
2024-02-13 14:00:00,2024-02-14 03:00:00,1.2,90.0,1.633137930959311,23330.5418708473,-1,189.814,190.54622731364617,188.9353272236246,178.731,188.928,66.24937505149012,0.2397846447000067,GBPJPY_merged,106.36686206904069
2024-02-13 08:00:00,2024-02-14 04:00:00,1.2,60.0,1.9071164561962755,27244.520802803938,1,0.85083,0.8489562360835964,0.8530785166996843,0.85487,0.87142,29.112449956411325,0.0007235459741249142,EURGBP_merged,70.09288354380372
2024-02-13 07:00:00,2024-02-14 04:00:00,1.3,90.00000000000001,2.9610140064293304,42300.20009184758,1,0.85075,0.8489399021793338,0.8531031271668661,0.85487,0.87142,33.87010895252327,0.0006245879721345179,EURGBP_merged,114.03898599357069
2024-02-13 10:00:00,2024-02-14 10:00:00,1.4,90.0,2.782179944629891,39745.42778042701,1,0.85138,0.84945212541721,0.854079024415906,0.85487,0.87142,34.95979990262003,0.0008074962736077031,EURGBP_merged,123.2178200553701
2024-02-13 10:00:00,2024-02-14 10:00:00,1.2,90.0,2.3184832871915755,33121.18981702251,1,0.85138,0.849066550500652,0.8541561393992176,0.85487,0.87142,35.182329502048084,0.0008074962736077031,EURGBP_merged,105.68151671280843
2024-02-13 21:00:00,2024-02-14 13:00:00,1.2,90.0,1.3514181144199313,19305.97306314188,1,0.64557,0.6425605013432902,0.6491813983880517,0.65245,0.68706,32.981489141327366,0.0009736543461244436,AUDUSD_merged,106.64858188558007
2024-02-13 21:00:00,2024-02-14 13:00:00,1.2,90.0,1.3514181144199313,19305.97306314188,1,0.64557,0.6425605013432902,0.6491813983880517,0.65245,0.68706,32.981489141327366,0.0009736543461244436,AUDUSD_merged,106.64858188558007
2024-02-13 18:00:00,2024-02-14 17:00:00,1.3,90.0,1.5628036100515128,22325.765857878752,-1,1.11674,1.121241820929226,1.110887632792006,1.06359,1.10603,71.69541323000347,0.0015264697556635304,GBPCHF_merged,115.43719638994848
2024-02-13 18:00:00,2024-02-14 17:00:00,1.5,30.0,0.5810423678396649,8300.605254852357,-1,1.11674,1.120776115315858,1.1106858270262132,1.06359,1.10603,72.2326215085333,0.0015264697556635304,GBPCHF_merged,44.418957632160335
2024-02-13 14:00:00,2024-02-14 17:00:00,1.4,90.0,1.6950829814700397,24215.471163857714,-1,1.11665,1.12080017735232,1.1108397517067519,1.06359,1.10603,74.04765838836491,0.0016207801594331343,GBPCHF_merged,124.30491701852995
2024-02-13 17:00:00,2024-02-14 17:00:00,1.2,90.0,1.576117535914868,22515.964798783833,-1,1.11673,1.12119375275935,1.1113734966887798,1.06359,1.10603,70.15710660660606,0.001552352044560723,GBPCHF_merged,106.42388246408512
2024-02-13 17:00:00,2024-02-14 17:00:00,1.2,90.0,1.576117535914868,22515.964798783833,-1,1.11673,1.12119375275935,1.1113734966887798,1.06359,1.10603,70.15710660660606,0.001552352044560723,GBPCHF_merged,106.42388246408512
2024-02-13 18:00:00,2024-02-14 18:00:00,1.3,89.99999999999999,1.3178190430330354,18825.986329043364,1,0.64556,0.6424738190698478,0.6495720352091979,0.65245,0.68706,32.48412415106573,0.0010253288692605679,AUDUSD_merged,115.68218095696695
2024-02-13 23:00:00,2024-02-14 18:00:00,1.4,90.0,1.6822933431065659,24032.762044379513,1,0.646,0.6435808024107825,0.6493868766249045,0.65245,0.68706,38.541444161465684,0.0009264162474236314,AUDUSD_merged,124.31770665689342
2024-02-13 17:00:00,2024-02-15 07:00:00,1.4,90.00000000000001,1.4107487165741244,20153.55309391606,1,0.60599,0.6032838220994657,0.6097786490607481,0.60837,0.6369,34.02055668343285,0.0010780089344841804,NZDUSD_merged,124.5892512834259
2024-02-13 16:00:00,2024-02-15 08:00:00,1.2,90.00000000000001,1.123996793855436,16057.097055077658,1,0.60583,0.6024343239439249,0.60990481126729,0.60837,0.6369,33.491410458738976,0.001082471160213714,NZDUSD_merged,106.87600320614457
2024-02-13 16:00:00,2024-02-15 08:00:00,1.3,90.0,1.1627553039883818,16610.790056976883,1,0.60583,0.6025475131457941,0.6100972329104676,0.60837,0.6369,35.0588579304945,0.001082471160213714,NZDUSD_merged,115.83724469601162
2024-02-13 21:00:00,2024-02-15 08:00:00,1.3,90.0,1.4668698423195345,20955.283461707637,-1,0.88683,0.8906388103244153,0.8818785465782601,0.83323,0.8728,69.32917323452925,0.0012574269511674435,USDCHF_merged,115.53313015768046
2024-02-13 21:00:00,2024-02-15 08:00:00,1.5,60.00000000000001,1.0907493699299107,15582.133856141581,-1,0.88683,0.8902447954632688,0.8817078068050967,0.83323,0.8728,69.69793478739737,0.0012574269511674435,USDCHF_merged,88.9092506300701
2024-02-13 17:00:00,2024-02-15 08:00:00,1.2,90.00000000000001,1.1756239304784366,16794.627578263382,1,0.60599,0.6027425865193589,0.6098868961767694,0.60837,0.6369,34.32672656878401,0.0010780089344841804,NZDUSD_merged,106.82437606952158
2024-02-13 18:00:00,2024-02-15 08:00:00,1.2,90.0,1.3060506752016234,18657.866788594623,-1,0.8868,0.8910776594400808,0.8816668086719032,0.83323,0.8728,73.27708810405,0.0013947517314535543,USDCHF_merged,106.69394932479838
2024-02-20 11:00:00,2024-02-21 17:00:00,1.4,90.0,1.9537389610626739,27910.55658660963,-1,0.57796,0.5798236819311929,0.5753508452963301,0.56166,0.57388,56.175086625314464,0.0007522247173002145,AUDCHF_merged,124.04626103893732
2024-02-20 10:00:00,2024-02-21 19:00:00,-1.1,60.0,1.5166384454567796,21666.263506525425,-1,98.397,98.66948907031072,97.98826639453394,95.5,97.88,59.13312068144774,0.11353181082525324,AUDJPY_merged,-67.51663844545678
2024-02-20 10:00:00,2024-02-21 19:00:00,-1.1,90.0,2.365955974912576,33799.371070179666,-1,98.397,98.65900872145261,98.03018778996636,95.5,97.88,58.654801878333785,0.11353181082525324,AUDJPY_merged,-101.3659559749126
2024-02-20 12:00:00,2024-02-22 01:00:00,-1.1,90.0,1.7005826522865197,24294.03788980743,-1,0.61757,0.6198578576320702,0.6143669993151016,0.60379,0.61734,63.479510796529595,0.0008940614061975376,NZDUSD_merged,-100.70058265228653
2024-02-20 10:00:00,2024-02-22 01:00:00,-1.1,90.0,1.9716299790938132,28166.14255848305,-1,98.397,98.71141046574313,98.01970744110825,95.5,97.88,58.953986356618316,0.11353181082525324,AUDJPY_merged,-100.97162997909383
2024-02-20 12:00:00,2024-02-22 01:00:00,-1.1,90.0,1.4171522102387668,20245.03157483953,-1,0.61757,0.6203154291584843,0.6142754850098188,0.60379,0.61734,63.518097786571886,0.0008940614061975376,NZDUSD_merged,-100.41715221023878
2024-02-20 10:00:00,2024-02-22 01:00:00,-1.1,89.99999999999999,2.03961721975222,29137.38885360315,-1,98.397,98.70093011688503,98.00189084804947,95.5,97.88,59.28582226791311,0.11353181082525324,AUDJPY_merged,-101.0396172197522
2024-02-20 12:00:00,2024-02-22 01:00:00,-1.1,90.0,1.4660195278332067,20943.136111902953,-1,0.61757,0.6202239148532015,0.614119910690838,0.60379,0.61734,63.242553484192406,0.0008940614061975376,NZDUSD_merged,-100.46601952783323
2024-02-20 12:00:00,2024-02-22 01:00:00,-1.1,60.0,1.0901170847990513,15573.10121141502,-1,0.61757,0.619949371937353,0.6140009420939704,0.60379,0.61734,63.47707710984721,0.0008940614061975376,NZDUSD_merged,-67.09011708479905
2024-02-20 12:00:00,2024-02-22 01:00:00,-1.1,90.0,1.4171522102387668,20245.03157483953,-1,0.61757,0.6203154291584843,0.6142754850098188,0.60379,0.61734,63.518097786571886,0.0008940614061975376,NZDUSD_merged,-100.41715221023878
2024-02-21 21:00:00,2024-02-22 03:00:00,-1.1,90.0,2.5640696906203444,36629.56700886207,-1,162.742,163.1418622204968,162.18219289130445,158.076,161.864,68.95367230050066,0.16037739618452634,EURJPY_merged,-101.56406969062036
2024-02-22 04:00:00,2024-02-25 19:00:00,1.3,15.0,0.25991926741824223,3713.132391689175,-1,93.266,93.64276814409615,92.77620141267502,89.258,90.983,63.47264125449534,0.12540442555356712,NZDJPY_merged,19.24008073258176
2024-02-22 05:00:00,2024-02-25 19:00:00,1.4,15.0,0.28903906395468304,4129.129485066901,-1,93.206,93.54459194899464,92.73197127140752,89.258,90.983,64.05057340938527,0.12473268087116945,NZDJPY_merged,20.710960936045318
2024-02-22 05:00:00,2024-02-25 19:00:00,1.4,15.0,0.33930672725114963,4847.23896073071,-1,93.206,93.49443017877321,92.80219774971752,89.258,90.983,64.05057340938527,0.12473268087116945,NZDJPY_merged,20.66069327274885
2024-02-22 05:00:00,2024-02-25 19:00:00,1.4,15.0,0.26013515755921474,3716.216536560211,-1,93.206,93.58221327666071,92.67930141267502,89.258,90.983,64.35650011250146,0.12473268087116945,NZDJPY_merged,20.739864842440785
2024-02-22 05:00:00,2024-02-26 06:00:00,-1.1,15.0,0.33420308999515247,4774.329857073607,-1,162.979,163.4910477790989,162.2109283313517,158.076,161.864,64.16923860173239,0.1856010880498791,EURJPY_merged,-16.834203089995153
2024-02-22 05:00:00,2024-02-26 21:00:00,1.5,15.0,0.2691053354060842,3844.361934372632,-1,93.206,93.56967283410535,92.66049074884198,89.258,90.983,64.19860689721237,0.12473268087116945,NZDJPY_merged,22.230894664593915
2024-02-22 07:00:00,2024-02-27 10:00:00,1.4,59.99999999999999,1.4273653961318815,20390.934230455452,-1,111.659,111.98755483345113,111.19902323316845,108.818,110.394,63.35053202967655,0.10883840083010869,CADJPY_merged,82.57263460386811
2024-02-22 07:00:00,2024-02-27 19:00:00,1.5,60.00000000000001,1.4765848925502225,21094.069893574608,-1,111.659,111.97660300566942,111.18259549149589,108.818,110.394,62.78474422662723,0.10883840083010869,CADJPY_merged,88.5234151074498
2024-02-26 19:00:00,2024-02-28 04:00:00,-1.1,60.0,1.466687109362616,20952.672990894516,-1,1.65923,1.6639813651381503,1.6521029522927746,1.63492,1.6611,67.20760545753109,0.0016506587880777107,EURAUD_merged,-67.46668710936261
2024-02-26 21:00:00,2024-02-28 04:00:00,-1.1,60.0,1.900683745929542,27152.6249418506,-1,1.66005,1.663718264125966,1.6549144302236476,1.63492,1.6611,68.01321520777248,0.001675976199924167,EURAUD_merged,-67.90068374592954
2024-02-26 13:00:00,2024-02-28 05:00:00,-1.1,15.0,0.3701467500116634,5287.810714452335,-1,1.65939,1.6640972127472282,1.6523291808791576,1.63492,1.6611,73.92269552634917,0.0017053112622742673,EURAUD_merged,-16.870146750011664
2024-02-26 23:00:00,2024-02-28 05:00:00,-1.1,14.999999999999998,0.3317004905970582,4738.578437100832,-1,1.6597,1.664953790842646,1.6528700719045601,1.63492,1.6611,58.363572593787254,0.0017254590703427999,EURAUD_merged,-16.831700490597058
2024-02-28 08:00:00,2024-02-28 11:00:00,-1.1,30.0,0.9083333079753777,12976.190113933968,-1,1.66494,1.6687892191900275,1.6595510931339617,1.63492,1.6611,68.79696937365809,0.0018476040208185677,EURAUD_merged,-33.908333307975376
2024-02-29 23:00:00,2024-03-01 03:00:00,-1.1,30.0,0.8773068881845665,12532.955545493807,-1,0.95633,0.9586191567672013,0.9528962648491981,0.93049,0.94729,62.580691998897,0.00074940980230585,EURCHF_merged,-33.87730688818456
2024-02-29 23:00:00,2024-03-01 03:00:00,-1.1,90.0,2.5441899757352426,36345.57108193204,-1,0.95633,0.9586980932074496,0.9530146695095706,0.93049,0.94729,63.27572495752448,0.00074940980230585,EURCHF_merged,-101.54418997573525
2024-03-01 05:00:00,2024-03-01 08:00:00,-1.1,60.0,1.947095764752333,27815.65378217619,-1,0.95721,0.9592747582274985,0.954319338481502,0.93049,0.94729,64.50265120338145,0.000878864790401249,EURCHF_merged,-67.94709576475233
2024-03-01 05:00:00,2024-03-01 08:00:00,-1.1,30.0,0.8727970719845726,12468.52959977961,-1,1.11792,1.120609779875936,1.1141543081736895,1.08944,1.11843,63.431095105547236,0.0011556886424752444,GBPCHF_merged,-33.87279707198457
2024-03-01 05:00:00,2024-03-01 08:00:00,-1.1,60.0,1.3964753151753162,19949.647359647377,-1,1.11792,1.1212822248449201,1.113212885217112,1.08944,1.11843,61.959115124775415,0.0011556886424752444,GBPCHF_merged,-67.39647531517532
2024-03-01 05:00:00,2024-03-01 08:00:00,-1.1,60.0,1.5516392390836842,22166.274844052634,-1,1.11792,1.120946002360428,1.1136835966954008,1.08944,1.11843,60.98752847935992,0.0011556886424752444,GBPCHF_merged,-67.55163923908368
2024-03-01 05:00:00,2024-03-01 08:00:00,-1.1,60.0,1.3964753151753162,19949.647359647377,-1,1.11792,1.1212822248449201,1.113549107701604,1.08944,1.11843,61.959115124775415,0.0011556886424752444,GBPCHF_merged,-67.39647531517532
2024-03-01 12:00:00,2024-03-05 01:00:00,1.4,30.0,0.5625624951636139,8036.607073765914,-1,0.57727,0.5794249019183146,0.5742531373143593,0.56166,0.57388,61.74895270011301,0.0007703895486267806,AUDCHF_merged,41.43743750483639
2024-03-01 12:00:00,2024-03-05 01:00:00,1.3,30.0,0.5063062456472526,7232.946366389324,-1,0.57727,0.5796643354647941,0.5741573638957675,0.56166,0.57388,62.88540837933586,0.0007703895486267806,AUDCHF_merged,38.49369375435275
2024-03-04 16:00:00,2024-03-06 02:00:00,1.5,15.0,0.38237898121279545,5462.556874468507,-1,190.992,191.516457697345,190.20531345398246,185.221,188.928,62.969077121131996,0.17578694742574846,GBPJPY_merged,22.117621018787204
2024-03-05 06:00:00,2024-03-06 08:00:00,1.4,14.999999999999998,0.42620169942005603,6088.595706000801,-1,1.95327,1.9580821194795581,1.9465330327286188,1.91916,1.9528,59.857812375473074,0.002077066870629053,GBPAUD_merged,20.57379830057994
2024-03-05 06:00:00,2024-03-06 08:00:00,1.4,29.999999999999996,0.726121413826762,10373.16305466803,-1,1.95327,1.9589190098238292,1.9453613862466395,1.91916,1.9528,59.857812375473074,0.002077066870629053,GBPAUD_merged,41.27387858617323
2024-03-05 06:00:00,2024-03-06 08:00:00,1.4,15.0,0.4084432952775537,5834.904218250767,-1,1.95327,1.9582913420656258,1.946240121108124,1.91916,1.9528,60.19509200117651,0.002077066870629053,GBPAUD_merged,20.591556704722446
2024-03-05 06:00:00,2024-03-06 09:00:00,1.5,29.999999999999996,0.6760440749421578,9657.772499173683,-1,1.95327,1.9593374549959646,1.9441688175060532,1.91916,1.9528,60.04736231355179,0.002077066870629053,GBPAUD_merged,44.32395592505784
2024-03-05 12:00:00,2024-03-06 17:00:00,1.5,15.000000000000002,0.42879290197816244,6125.612885402321,-1,1.72578,1.730005977136376,1.7194410342954363,1.6914,1.7219,63.02370517921562,0.001554806951663694,GBPCAD_merged,22.07120709802184
2024-03-06 04:00:00,2024-03-06 19:00:00,-1.1,15.0,0.333171503225816,4759.592903225944,1,169.345,168.81130414582762,170.0388046104241,169.197,171.691,37.85838097875644,0.20047476466246272,CHFJPY_merged,-16.833171503225817
2024-03-06 04:00:00,2024-03-06 19:00:00,-1.1,30.0,0.7496358822580861,10709.084032258374,1,169.345,168.8706036851801,170.00915484074787,169.197,171.82,35.493730495691025,0.20047476466246272,CHFJPY_merged,-33.74963588225808
2024-03-06 04:00:00,2024-03-06 19:00:00,-1.1,30.0,0.7822287467040899,11174.696381487,1,169.345,168.8903701982976,169.98148172238336,169.197,171.691,38.315406305314134,0.20047476466246272,CHFJPY_merged,-33.78222874670409
2024-03-06 23:00:00,2024-03-07 01:00:00,-1.1,30.0,0.6958699673050156,9940.999532928796,1,168.607,168.0981769200627,169.3193523119122,169.197,171.691,35.30123955764088,0.21892546705542754,CHFJPY_merged,-33.695869967305015
2024-03-06 22:00:00,2024-03-07 01:00:00,-1.1,60.0,1.176685668656966,16809.795266528086,1,168.697,168.09486179191876,169.53999349131377,169.197,171.691,35.02340067340031,0.22122742605969173,CHFJPY_merged,-67.17668566865697
2024-03-06 23:00:00,2024-03-07 02:00:00,-1.1,30.0,0.6668753853339732,9526.79121905676,1,168.607,168.07605417745674,169.35032415156056,169.197,171.691,32.58772314084346,0.21892546705542754,CHFJPY_merged,-33.666875385333974
2024-03-06 14:00:00,2024-03-07 05:00:00,-1.1,60.0,1.2111322919054068,17301.889884362958,-1,0.57939,0.5813992255951425,0.5763761616072861,0.56166,0.57388,68.17825316009257,0.0007131463686998283,AUDCHF_merged,-67.2111322919054
2024-03-07 07:00:00,2024-03-08 05:00:00,-1.1,30.0,0.7294902980752992,10421.289972504275,-1,0.58086,0.5825321346441733,0.5785190114981574,0.56166,0.57388,66.22771337247671,0.0006805282849480088,AUDCHF_merged,-33.7294902980753
2024-03-07 07:00:00,2024-03-08 05:00:00,-1.1,30.0,0.761207267556834,10874.389536526201,-1,0.58086,0.5824624623673328,0.5786165526857342,0.56166,0.57388,64.55667303644807,0.0006805282849480088,AUDCHF_merged,-33.761207267556834
2024-03-07 07:00:00,2024-03-08 08:00:00,-1.1,30.0,0.7314812067176751,10449.731524538218,-1,0.89143,0.8939891949359848,0.8875912075960226,0.87256,0.8889,65.85015541821541,0.0009330035494127944,AUDCAD_merged,-33.731481206717675
2024-03-08 00:00:00,2024-03-08 08:00:00,-1.1,30.000000000000004,0.876733932885811,12524.770469797302,-1,1.09456,1.0971817486443511,1.0906273770334733,1.06949,1.08882,64.79763232188101,0.0008659047383390425,EURUSD_merged,-33.87673393288582
2024-03-08 11:00:00,2024-03-12 02:00:00,1.3,15.0,0.45594441571102395,6513.491653014628,1,0.85093,0.8489703828422667,0.8534775023050533,0.84979,0.85778,36.767697593380575,0.0007289424087442548,EURGBP_merged,19.044055584288976
2024-03-08 14:00:00,2024-03-12 03:00:00,1.3,60.0,1.1833757539534095,16905.36791362014,-1,1.28425,1.2888080197008263,1.2783245743889255,1.25181,1.27093,65.76776791285238,0.0016918586272683463,GBPUSD_merged,76.81662424604659
2024-03-08 14:00:00,2024-03-12 03:00:00,1.4,15.0,0.34729505822545725,4961.35797464939,-1,1.28425,1.2881327575229262,1.2788141394679031,1.25181,1.27854,65.7579368764074,0.0016918586272683463,GBPUSD_merged,20.652704941774545
2024-03-08 14:00:00,2024-03-12 03:00:00,1.4,15.0,0.3328244307993965,4754.634725705665,-1,1.28425,1.2883015730674012,1.278577797705638,1.25181,1.27854,65.15994751181147,0.0016918586272683463,GBPUSD_merged,20.667175569200605
2024-03-08 14:00:00,2024-03-12 07:00:00,1.3,30.0,0.5325190892790344,7607.4155611290635,-1,1.28425,1.2893144663342515,1.2776661937654727,1.25181,1.27093,65.7579368764074,0.0016918586272683463,GBPUSD_merged,38.467480910720965
2024-03-08 14:00:00,2024-03-12 07:00:00,1.3,30.0,0.5325190892790344,7607.4155611290635,-1,1.28425,1.2893144663342515,1.2776661937654727,1.25181,1.27854,65.72870825792144,0.0016918586272683463,GBPUSD_merged,38.467480910720965
2024-03-07 07:00:00,2024-03-14 04:00:00,-1.1,30.0,0.648435820511377,9263.368864448244,-1,0.58086,0.582741151474695,0.5782263879354271,0.56166,0.57388,64.55667303644807,0.0006805282849480088,AUDCHF_merged,-33.648435820511374
2024-03-07 08:00:00,2024-03-14 06:00:00,-1.1,60.0,1.2361441149312802,17659.201641875432,-1,0.58085,0.5828235320263492,0.5778897019604762,0.56166,0.57388,66.0925992796109,0.0007312048360231671,AUDCHF_merged,-67.23614411493128
2024-03-08 12:00:00,2024-03-14 10:00:00,1.5,15.0,0.21334175538954683,3047.7393627078122,-1,0.66254,0.6658008103309629,0.6576487845035557,0.64422,0.65946,56.365884411178016,0.0012007284207015316,AUDUSD_merged,22.286658244610454
2024-03-08 14:00:00,2024-03-14 10:00:00,1.4,29.999999999999996,0.7241971203715994,10345.673148165708,-1,1.09371,1.0968814997690428,1.08926990032334,1.06949,1.08882,56.96073033451645,0.0013347048757005222,EURUSD_merged,41.275802879628394
2024-03-08 14:00:00,2024-03-14 21:00:00,1.5,15.0,0.2871816166990825,4102.5945242726075,-1,1.09371,1.09770884753488,1.0877117286976798,1.06949,1.08882,56.65933881878215,0.0013347048757005222,EURUSD_merged,22.212818383300917
2024-03-07 07:00:00,2024-03-17 16:00:00,1.3,30.0,0.5835922384602394,8337.03197800342,-1,0.58086,0.5829501683052166,0.5781427812032185,0.56166,0.57925,64.55667303644807,0.0006805282849480088,AUDCHF_merged,38.41640776153976
2024-03-07 07:00:00,2024-03-17 16:00:00,1.3,30.0,0.5835922384602394,8337.03197800342,-1,0.58086,0.5829501683052166,0.5781427812032185,0.56166,0.57388,65.3272253248904,0.0006805282849480088,AUDCHF_merged,38.41640776153976
2024-03-18 16:00:00,2024-03-18 16:00:00,1.4,30.0,0.8273103241022688,11818.718915746698,-1,0.65571,0.6573744189730065,0.6533798134377908,0.6462,0.65587,62.84039477304947,0.0008676846785430235,CADCHF_merged,41.17268967589773
2024-03-18 16:00:00,2024-03-18 16:00:00,1.4,30.0,0.7928390605980076,11326.272294257253,-1,0.65571,0.6574467850153112,0.6532785009785644,0.6462,0.65587,65.47978056121508,0.0008676846785430235,CADCHF_merged,41.207160939401994
2024-03-17 18:00:00,2024-03-18 19:00:00,-1.1,30.0,0.8288746804638808,11841.066863769727,1,0.82419,0.8221018688979239,0.8271133835429065,0.82342,0.83735,38.90261209982607,0.0008887485815835235,NZDCAD_merged,-33.82887468046388
2024-03-17 18:00:00,2024-03-18 20:00:00,-1.1,90.0,2.118235294518806,30260.50420741152,1,0.82419,0.8217387156627802,0.8273766696383856,0.82342,0.83735,38.83760766588216,0.0008887485815835235,NZDCAD_merged,-101.11823529451883
2024-03-17 17:00:00,2024-03-19 00:00:00,-1.1,29.999999999999996,0.7181955837172322,10259.936910246175,-1,2.09264,2.0987588680348805,2.0834616979476785,2.03734,2.09431,64.23288604330264,0.002122100602301785,GBPNZD_merged,-33.71819558371723
2024-03-17 17:00:00,2024-03-19 00:00:00,-1.1,60.0,1.3092616975403404,18703.738536290577,1,0.82371,0.8210676084853782,0.8271451089690085,0.82342,0.83735,37.57010301766214,0.000907883087859164,NZDCAD_merged,-67.30926169754034
2024-03-17 17:00:00,2024-03-19 00:00:00,-1.1,15.000000000000002,0.38569762829258775,5509.96611846554,-1,2.09264,2.098336877135923,2.0840946842961143,2.03734,2.09431,65.61685787171702,0.002122100602301785,GBPNZD_merged,-16.88569762829259
2024-03-17 17:00:00,2024-03-19 00:00:00,-1.1,60.0,1.3885114618533156,19835.87802647594,-1,2.09264,2.0989698634843594,2.0844111774703324,2.03734,2.09431,64.66159745663336,0.002122100602301785,GBPNZD_merged,-67.38851146185331
2024-03-18 17:00:00,2024-03-19 07:00:00,1.4,60.0,1.3222343650535173,18889.06235790739,-1,0.65559,0.6576724432285033,0.6526745794800954,0.6462,0.65587,64.86587914166667,0.0008421357729328163,CADCHF_merged,82.67776563494648
2024-03-18 17:00:00,2024-03-19 07:00:00,1.4,30.0,0.6898614078540091,9855.162969342988,-1,0.65559,0.657585674760649,0.6527960553350914,0.6462,0.65587,62.43192171007404,0.0008421357729328163,CADCHF_merged,41.31013859214599
2024-03-18 16:00:00,2024-03-19 07:00:00,1.3,30.0,0.6342712484784061,9061.017835405803,-1,0.65571,0.657880981269139,0.6528877243501193,0.6462,0.65587,63.7354284468624,0.0008676846785430235,CADCHF_merged,38.365728751521594
2024-03-19 06:00:00,2024-03-19 19:00:00,-1.1,60.0,0.8852133987316813,12645.905696166876,-1,150.532,151.24621693447688,149.60351798518008,145.896,150.842,68.82443429393396,0.26163016265077754,USDJPY_merged,-66.88521339873168
2024-03-19 17:00:00,2024-03-19 19:00:00,-1.1,60.0,1.341140176030444,19159.145371863488,-1,150.807,151.279276806944,150.14581247027837,145.896,150.842,71.29863095545566,0.18808328840096164,USDJPY_merged,-67.34114017603045
2024-03-19 17:00:00,2024-03-19 21:00:00,-1.1,60.0,1.3569448757186942,19384.926795981348,-1,163.855,164.36216209060115,163.14497307315838,158.076,163.716,71.08413119014408,0.20143771362544244,EURJPY_merged,-67.3569448757187
2024-03-19 05:00:00,2024-03-20 04:00:00,-1.1,30.0,0.7168570293856779,10240.814705509685,-1,0.88799,0.8905913262387871,0.8840880106418192,0.85504,0.88923,62.88034839944265,0.0010317788651913623,USDCHF_merged,-33.71685702938568
2024-03-19 10:00:00,2024-03-20 13:00:00,1.5,30.0,0.7792134832358126,11131.621189083038,-1,1.35866,1.3623216229844377,1.3531675655233435,1.33581,1.36056,58.51422826495013,0.001390716899409806,USDCAD_merged,44.220786516764186
2024-03-20 04:00:00,2024-03-20 13:00:00,-1.1,30.0,0.7517388432952941,10739.126332789916,-1,164.352,164.811121147029,163.7092303941594,158.076,163.716,68.94613248559979,0.19835044379098926,EURJPY_merged,-33.75173884329529
2024-03-20 09:00:00,2024-03-20 13:00:00,1.4,60.0,1.9491386390508783,27844.837700726835,-1,0.89119,0.8931103344108056,0.8885015318248723,0.85504,0.88923,62.46623167710422,0.0008560045757910373,USDCHF_merged,82.05086136094913
2024-03-20 09:00:00,2024-03-20 13:00:00,1.3,60.00000000000001,1.49433962327234,21347.708903890572,-1,0.89119,0.8936947840140942,0.8879337807816776,0.85504,0.88923,62.79675353928327,0.0008560045757910373,USDCHF_merged,76.50566037672768
2024-03-20 02:00:00,2024-03-20 13:00:00,1.3,30.0,0.6671434346811335,9530.620495444764,-1,151.472,151.94879581850645,150.8521654359416,146.481,150.842,75.8440946715267,0.17619168361333118,USDJPY_merged,38.33285656531886
2024-03-20 03:00:00,2024-03-20 14:00:00,-1.1,30.0,0.6939174386794551,9913.10626684936,-1,164.587,165.08508908197746,163.93948419342928,158.076,163.716,68.26371870149028,0.19130047792875607,EURJPY_merged,-33.693917438679456
2024-03-20 02:00:00,2024-03-20 14:00:00,-1.1,60.0,1.3140396991383536,18771.99570197648,-1,192.551,193.16644122337422,191.7509264096135,185.221,191.311,73.77287666702657,0.24523110856785324,GBPJPY_merged,-67.31403969913835
2024-03-20 14:00:00,2024-03-20 15:00:00,-1.1,60.0,1.2790266623654212,18271.809462363162,-1,150.785,151.28013979546665,150.0918042863467,145.896,150.842,58.44522697890609,0.23197258823187608,USDJPY_merged,-67.27902666236542
2024-03-20 14:00:00,2024-03-20 15:00:00,-1.1,30.0,0.5976056842679942,8537.224060971346,-1,192.693,193.37012759542384,191.67730860686427,185.221,191.311,76.44351605065042,0.2761602841404705,GBPJPY_merged,-33.597605684268
2024-03-20 18:00:00,2024-03-20 19:00:00,-1.1,30.0,0.788529407689503,11264.705824135757,-1,1.08274,1.0856235373517171,1.0784146939724244,1.05691,1.08325,63.33471631245101,0.0010666927400085232,AUDNZD_merged,-33.7885294076895
2024-03-20 19:00:00,2024-03-21 00:00:00,-1.1,30.0,0.5281983057528754,7545.690082183935,-1,99.469,99.86446681184874,98.87579978222688,95.5,99.056,76.21240386082022,0.16800710460406637,AUDJPY_merged,-33.52819830575287
2024-03-20 20:00:00,2024-03-21 01:00:00,-1.1,30.0,0.6338341376012638,9054.77339430377,-1,164.685,165.2306293365782,163.92111892879052,158.076,163.716,60.612977036806754,0.24778513588561243,EURJPY_merged,-33.63383413760126
2024-03-20 20:00:00,2024-03-21 02:00:00,-1.1,60.0,1.1601987586228575,16574.26798032654,-1,111.804,112.20873823688399,111.23736646836242,108.818,111.797,61.4065247341026,0.1797607788662039,CADJPY_merged,-67.16019875862285
2024-03-20 14:00:00,2024-03-21 03:00:00,-1.1,60.00000000000001,0.9805871078134898,14008.387254478426,-1,150.785,151.43083451582606,149.94541512942612,146.481,150.842,58.44522697890609,0.23197258823187608,USDJPY_merged,-66.9805871078135
2024-03-21 00:00:00,2024-03-21 07:00:00,1.5,30.0,0.8970970882765041,12815.672689664347,-1,1.27893,1.2819238264599206,1.274439260310119,1.25181,1.27854,68.44872298940062,0.001089622856586491,GBPUSD_merged,44.1029029117235
2024-03-21 04:00:00,2024-03-21 09:00:00,1.4,30.0,0.5276389739501234,7537.699627858906,-1,0.6606,0.663229184098389,0.6569191422622552,0.6477,0.65946,65.97646978144974,0.0010822438475910229,AUDUSD_merged,41.472361026049875
2024-03-21 04:00:00,2024-03-21 10:00:00,1.3,89.99999999999999,1.2663335374802962,18090.479106861374,-1,0.6606,0.6638864801229863,0.6563275758401177,0.6477,0.65946,65.049818387697,0.0010822438475910229,AUDUSD_merged,115.7336664625197
2024-03-20 19:00:00,2024-03-21 18:00:00,1.5,30.0,0.5538659020079681,7912.37002868526,-1,192.909,193.64042054517407,191.81186918223887,185.221,191.311,60.06851180490073,0.2781896054831475,GBPJPY_merged,44.44613409799203
2024-03-21 07:00:00,2024-03-21 21:00:00,1.3,90.0,1.2785535983220537,18265.05140460077,-1,99.718,100.20935476277606,99.07923880839114,95.5,99.056,64.90649047399425,0.16201456943068235,AUDJPY_merged,115.72144640167795
2024-03-21 04:00:00,2024-03-21 21:00:00,1.5,30.0,0.4449843000146795,6356.918571638279,-1,99.867,100.33829909975044,99.16005135037433,95.5,99.056,68.22627505137612,0.16922984912052375,AUDJPY_merged,44.55501569998532
2024-03-21 07:00:00,2024-03-21 21:00:00,1.3,60.0,0.8523690655480358,12176.700936400513,-1,99.718,100.20935476277606,99.07923880839114,96.895,99.056,65.53207744596148,0.16201456943068235,AUDJPY_merged,77.14763093445197
2024-03-21 04:00:00,2024-03-21 21:00:00,1.4,30.0,0.5006073375165144,7151.533393093064,-1,99.867,100.2859325331115,99.2804944536439,95.5,99.056,68.22627505137612,0.16922984912052375,AUDJPY_merged,41.49939266248349
2024-03-21 20:00:00,2024-03-21 21:00:00,1.3,60.0,1.3868744732517426,19812.492475024897,1,1.9274,1.9215630766474345,1.934988000358335,1.9275,1.95682,44.02434790376167,0.0021380953234131288,GBPAUD_merged,76.61312552674826
2024-03-20 18:00:00,2024-03-22 01:00:00,1.4,15.000000000000002,0.3074673636078915,4392.390908684165,-1,164.909,165.47216367359502,164.12057085696694,158.076,163.716,65.98760729527733,0.23224784990284178,EURJPY_merged,20.69253263639211
2024-03-21 14:00:00,2024-03-22 01:00:00,1.4,59.99999999999999,0.8759083904867291,12512.977006953273,-1,0.58986,0.592688391675325,0.5859002516545451,0.56965,0.57388,67.7860221858649,0.001112889636286484,AUDCHF_merged,83.12409160951326
2024-03-20 18:00:00,2024-03-22 01:00:00,1.5,15.0,0.27330432320701464,3904.3474743859238,-1,164.909,165.5425591327944,163.9586613008084,158.076,163.716,65.98760729527733,0.23224784990284178,EURJPY_merged,22.226695676792986
2024-03-21 21:00:00,2024-03-22 02:00:00,1.4,15.0,0.2755216505146194,3936.0235787802776,-1,0.58886,0.591104117654076,0.5857182352842937,0.56965,0.57388,55.61072132757369,0.0010195816615834706,AUDCHF_merged,20.72447834948538
2024-03-21 16:00:00,2024-03-22 03:00:00,-1.1,15.0,0.25386740743622077,3626.677249088869,-1,0.89727,0.9009811242814291,0.8920744260059994,0.87294,0.88923,64.74525888027783,0.0015382799893968204,USDCHF_merged,-16.75386740743622
2024-03-20 20:00:00,2024-03-22 03:00:00,1.3,60.0,0.9718790109886045,13883.98587126578,-1,164.685,165.39669043901506,163.75980242928043,160.21,163.716,60.612977036806754,0.24778513588561243,EURJPY_merged,77.0281209890114
2024-03-20 20:00:00,2024-03-22 03:00:00,1.3,60.0,0.9718790109886045,13883.98587126578,-1,164.685,165.39669043901506,163.75980242928043,158.076,163.716,59.391808010066065,0.24778513588561243,EURJPY_merged,77.0281209890114
2024-03-21 16:00:00,2024-03-22 04:00:00,-1.1,30.0,0.9492344734709037,13560.49247815577,-1,0.85753,0.859427121364983,0.8546843179525255,0.84979,0.85778,67.71376226927165,0.0007353062895444069,EURGBP_merged,-33.9492344734709
2024-03-20 18:00:00,2024-03-22 10:00:00,1.3,30.0,0.45524351312946265,6503.478758992324,-1,111.905,112.42120834393563,111.23392915288368,108.676,111.797,65.26718898775687,0.17027877312293474,CADJPY_merged,38.54475648687054
2024-03-21 22:00:00,2024-03-22 10:00:00,1.4,30.0,0.6585603963948267,9408.005662783238,-1,0.66328,0.6653950497473354,0.6603189303537303,0.6462,0.65587,63.13229940157929,0.0008896163576199148,CADCHF_merged,41.341439603605174
2024-03-22 01:00:00,2024-03-22 10:00:00,-1.1,60.0,1.2525953485966177,17894.219265665968,1,0.6016,0.5995828122443286,0.6044240628579399,0.60684,0.62163,34.357206999153306,0.0008779640007369056,NZDUSD_merged,-67.25259534859661
2024-03-20 18:00:00,2024-03-22 10:00:00,1.3,60.0,0.9104870262589253,13006.957517984649,-1,111.905,112.42120834393563,111.23392915288368,108.818,111.797,64.9582812167685,0.17027877312293474,CADJPY_merged,77.08951297374108
2024-03-22 08:00:00,2024-03-22 14:00:00,-1.1,30.0,0.5989798393902527,8556.854848432182,1,0.60103,0.5989228122167102,0.6039800628966057,0.60379,0.62163,37.08666653428333,0.0008881381304395058,NZDUSD_merged,-33.59897983939025
2024-03-21 16:00:00,2024-03-22 14:00:00,1.3,90.0,1.1439699838987518,16342.428341410743,-1,0.5894,0.592645906843941,0.5851803211028768,0.56965,0.57925,65.27533236333585,0.0010725425945531737,AUDCHF_merged,115.85603001610124
2024-03-22 01:00:00,2024-03-22 14:00:00,-1.1,90.0,1.4404846508861104,20578.352155515866,1,0.6016,0.5989688855360809,0.6050204488030949,0.60684,0.62163,34.357206999153306,0.0008779640007369056,NZDUSD_merged,-100.44048465088612
2024-03-21 16:00:00,2024-03-22 14:00:00,1.3,90.0,1.1439699838987518,16342.428341410743,-1,0.5894,0.592645906843941,0.5851803211028768,0.56965,0.57388,65.32257125499888,0.0010725425945531737,AUDCHF_merged,115.85603001610124
2024-03-20 23:00:00,2024-03-25 19:00:00,-1.1,30.0,0.7378728521309365,10541.040744727665,-1,1.0865,1.0895921994126911,1.0818617008809635,1.05691,1.08325,70.82539284168362,0.0011098833958990792,AUDNZD_merged,-33.737872852130934
2024-03-22 08:00:00,2024-03-26 03:00:00,-1.1,29.999999999999996,0.5987409664362776,8553.44237766111,-1,0.89842,0.9015710821970803,0.8940084849240876,0.87294,0.88923,57.30081509364043,0.0013871760422994948,USDCHF_merged,-33.598740966436274
2024-03-21 16:00:00,2024-03-26 06:00:00,-1.1,90.0,1.1677900742066156,16682.7153458088,-1,0.89727,0.9021105968888206,0.8909772240445334,0.85504,0.88923,65.33589113269223,0.0015382799893968204,USDCHF_merged,-100.16779007420664
2024-03-26 06:00:00,2024-03-26 06:00:00,-1.1,30.0,0.9597591559006927,13710.845084295612,-1,0.66375,0.6652023174813496,0.6615715237779755,0.6462,0.65587,71.28339977101217,0.0006137599803583706,CADCHF_merged,-33.95975915590069
2024-03-21 16:00:00,2024-03-26 06:00:00,-1.1,90.0,1.1677900742066156,16682.7153458088,-1,0.89727,0.9021105968888206,0.8909772240445334,0.87294,0.88923,64.74525888027783,0.0015382799893968204,USDCHF_merged,-100.16779007420664
2024-03-22 05:00:00,2024-03-26 07:00:00,-1.1,59.99999999999999,1.1991812906252863,17131.16129464695,-1,0.90047,0.9036237967024385,0.8960546846165861,0.87294,0.88923,68.07474751186544,0.0012802189622529963,USDCHF_merged,-67.19918129062529
2024-03-24 16:00:00,2024-03-26 07:00:00,1.4,30.0,1.030682400473291,14724.034292475588,-1,1.35988,1.362650735193197,1.3560009707295244,1.34194,1.36056,62.24362202645828,0.0011729055127813763,USDCAD_merged,40.96931759952671
2024-03-21 16:00:00,2024-03-26 08:00:00,-1.1,90.0,1.1951160760262998,17073.086800375713,-1,0.66303,0.6665251324677086,0.6584863277919788,0.6462,0.65391,65.67709771805083,0.0011225410019098205,CADCHF_merged,-100.19511607602631
2024-03-21 16:00:00,2024-03-26 08:00:00,-1.1,90.0,1.1951160760262998,17073.086800375713,-1,0.66303,0.6665251324677086,0.6584863277919788,0.6462,0.65587,65.91374253293066,0.0011225410019098205,CADCHF_merged,-100.19511607602631
2024-03-26 09:00:00,2024-03-27 02:00:00,-1.1,15.0,0.3209535422116526,4585.050603023609,-1,0.90257,0.9055227591235464,0.8981408613146803,0.87294,0.88923,66.75364004940172,0.001092642026616493,USDCHF_merged,-16.82095354221165
2024-03-24 16:00:00,2024-03-28 09:00:00,1.3,89.99999999999999,2.3705695210885693,33865.27887269385,-1,1.35988,1.363494002425909,1.3551817968463182,1.34194,1.36056,63.55736262623163,0.0011729055127813763,USDCAD_merged,114.62943047891142
2024-03-28 06:00:00,2024-03-31 20:00:00,1.4,15.0,0.35067943066022,5009.706152288858,1,90.279,90.00868773839534,90.65743716624652,90.358,93.449,34.274517628701794,0.11684656524411927,NZDJPY_merged,20.64932056933978
2024-04-02 10:00:00,2024-04-02 15:00:00,-1.1,30.0,0.7684302849686026,10977.575499551465,-1,0.66731,0.6691336540482749,0.6647568843324152,0.6462,0.65587,52.742763115781045,0.0007962578455768291,CADCHF_merged,-33.7684302849686
2024-03-28 10:00:00,2024-04-03 01:00:00,1.4,30.0,0.8018518166719117,11455.025952455882,-1,2.11265,2.1181828988570657,2.104903941600108,2.03734,2.09431,58.181026332070985,0.002411636184529631,GBPNZD_merged,41.19814818332809
2024-03-28 10:00:00,2024-04-03 03:00:00,1.4,15.0,0.38422066215529105,5488.866602218444,-1,2.11265,2.118423459676938,2.1045671564522865,2.03734,2.09431,58.25479871299311,0.002411636184529631,GBPNZD_merged,20.61577933784471
2024-03-28 09:00:00,2024-04-03 03:00:00,1.5,30.0,0.703725135931073,10053.216227586758,-1,2.11432,2.1206293838393675,2.1048559242409492,2.03734,2.09431,61.081495145187155,0.002405608198724176,GBPNZD_merged,44.29627486406893
2024-04-02 07:00:00,2024-04-03 09:00:00,-1.1,30.0,0.6638242577388458,9483.203681983512,-1,0.5906,0.5924683559474381,0.5879843016735868,0.56965,0.57388,67.13638395669923,0.0007564472415682945,AUDCHF_merged,-33.663824257738845
2024-04-03 13:00:00,2024-04-04 05:00:00,-1.1,15.0,0.3830207519485707,5471.725027836725,-1,112.076,112.38324131630289,111.61513802554566,108.676,111.797,63.33235425335445,0.11608618439388871,CADJPY_merged,-16.88302075194857
2024-04-03 13:00:00,2024-04-04 05:00:00,-1.1,15.0,0.3830207519485707,5471.725027836725,-1,112.076,112.38324131630289,111.61513802554566,108.676,111.797,61.73871854513461,0.11608618439388871,CADJPY_merged,-16.88302075194857
2024-04-03 13:00:00,2024-04-04 05:00:00,-1.1,15.0,0.3830207519485707,5471.725027836725,-1,112.076,112.38324131630289,111.64586215717596,108.676,111.797,65.19355950271502,0.11608618439388871,CADJPY_merged,-16.88302075194857
2024-04-03 12:00:00,2024-04-04 08:00:00,-1.1,15.0,0.4349591300542784,6213.701857918263,-1,112.161,112.43175888712878,111.75486166930682,108.676,111.797,61.91827958760615,0.11816973703957147,CADJPY_merged,-16.934959130054278
2024-04-03 13:00:00,2024-04-04 08:00:00,-1.1,15.0,0.355662126809387,5080.887525848387,-1,112.076,112.40687526371079,111.61277463080488,108.676,111.797,65.19355950271502,0.11608618439388871,CADJPY_merged,-16.85566212680939
2024-04-03 12:00:00,2024-04-04 08:00:00,-1.1,14.999999999999998,0.400162399649936,5716.6057092848005,-1,112.161,112.45530313818347,111.77840592036151,108.676,112.288,60.51953388193291,0.11816973703957147,CADJPY_merged,-16.900162399649936
2024-04-03 13:00:00,2024-04-04 08:00:00,-1.1,15.0,0.355662126809387,5080.887525848387,-1,112.076,112.40687526371079,111.64586215717596,108.676,111.797,62.76465090208413,0.11608618439388871,CADJPY_merged,-16.85566212680939
2024-04-04 10:00:00,2024-04-04 14:00:00,1.5,60.0,1.6134306801279492,23049.009716113564,-1,100.209,100.46985892947482,99.81771160578778,96.895,100.168,77.6677129291674,0.12677435657049735,AUDJPY_merged,88.38656931987205
2024-04-04 10:00:00,2024-04-04 15:00:00,1.3,14.999999999999998,0.264028479002341,3771.8354143191573,-1,0.5979,0.6002777548633094,0.5948089186776978,0.57728,0.59324,72.46100504647129,0.0008242072222419411,AUDCHF_merged,19.23597152099766
2024-04-04 10:00:00,2024-04-04 15:00:00,1.5,14.999999999999998,0.3646107567175185,5208.725095964551,-1,0.5979,0.5996218224872241,0.5953172662691639,0.57728,0.59324,74.4742845457496,0.0008242072222419411,AUDCHF_merged,22.13538924328248
2024-04-04 15:00:00,2024-04-04 15:00:00,1.1,60.0,1.338004714789799,19114.353068425702,-1,0.59589,0.5977605001352654,0.5938324498512081,0.56965,0.59324,45.80901418238266,0.0010399490394030543,AUDCHF_merged,64.6619952852102
2024-04-04 11:00:00,2024-04-04 15:00:00,1.1,15.0,0.46307343786435434,6615.334826633634,1,1.64211,1.6383865830233064,1.6462057586743628,1.644,1.67437,35.64835463036749,0.0017214088672454792,EURAUD_merged,16.036926562135644
2024-04-04 15:00:00,2024-04-04 21:00:00,1.1,60.0,1.9870156201763924,28385.937431091323,1,1.91668,1.91262866999622,1.9211364630041579,1.9275,1.95682,44.38349572936052,0.002084261566297262,GBPAUD_merged,64.0129843798236
2024-04-04 17:00:00,2024-04-04 22:00:00,1.1,60.0,1.848072185904842,26401.031227212028,1,1.64461,1.64087239599693,1.6487213644033767,1.644,1.67437,43.79712571921403,0.0019355391850309027,EURAUD_merged,64.15192781409516
2024-04-04 11:00:00,2024-04-04 22:00:00,1.5,60.0,1.8522937514574174,26461.339306534537,1,1.64211,1.6383865830233064,1.6476951254650403,1.64763,1.66791,33.91641233171508,0.0017214088672454792,EURAUD_merged,88.14770624854258
2024-04-04 15:00:00,2024-04-04 22:00:00,1.5,90.0,2.9805234302645887,42578.90614663698,1,1.91668,1.91262866999622,1.9227569950056698,1.9248,1.95066,47.64480403107262,0.002084261566297262,GBPAUD_merged,132.01947656973542
2024-04-04 11:00:00,2024-04-04 22:00:00,1.4,15.0,0.3473050783982658,4961.501119975226,1,1.64211,1.637145444031075,1.6490603783564945,1.644,1.67437,33.52307984652794,0.0017214088672454792,EURAUD_merged,20.652694921601736
2024-04-04 11:00:00,2024-04-04 22:00:00,1.4,15.0,0.37402085365967075,5343.155052281011,1,1.64211,1.6375000551717127,1.6485639227596023,1.644,1.67437,33.52307984652794,0.0017214088672454792,EURAUD_merged,20.625979146340327
2024-04-04 16:00:00,2024-04-05 03:00:00,-1.1,90.0,1.710718441570181,24438.834879574017,-1,0.59302,0.5952038929827465,0.590617717718979,0.56965,0.59324,48.07655082344288,0.0010213812508742808,AUDCHF_merged,-100.7107184415702
2024-04-05 11:00:00,2024-04-08 09:00:00,-1.1,15.0,0.34381497143417905,4911.642449059701,-1,0.8937,0.8964293314077793,0.8901518691698871,0.88047,0.89494,64.01280360308466,0.0010694659514608313,AUDCAD_merged,-16.843814971434178
2024-04-04 15:00:00,2024-04-09 10:00:00,-1.1,59.99999999999999,1.6048972316809322,22927.103309727605,1,1.91668,1.9116640676143677,1.9237023053398852,1.91916,1.95682,49.115921968093836,0.002084261566297262,GBPAUD_merged,-67.60489723168094
2024-04-04 15:00:00,2024-04-09 10:00:00,-1.1,14.999999999999998,0.40122430792023306,5731.775827431901,1,1.91668,1.9116640676143677,1.9242038985784484,1.91916,1.95682,45.625619088933526,0.002084261566297262,GBPAUD_merged,-16.901224307920234
2024-04-04 15:00:00,2024-04-10 08:00:00,1.3,60.0,1.4388733801277322,20555.334001824747,1,1.91668,1.9110853061852562,1.9239531019591667,1.9248,1.95066,44.38349572936052,0.002084261566297262,GBPAUD_merged,76.56112661987227
2024-04-09 12:00:00,2024-04-10 08:00:00,1.5,15.0,0.46370966069522673,6624.423724217525,-1,0.89921,0.9012461242821304,0.8961558135768044,0.88047,0.89494,63.53972883015862,0.000860609182226558,AUDCAD_merged,22.036290339304774
2024-04-04 15:00:00,2024-04-10 08:00:00,1.4,60.0,1.4902617151322946,21289.453073318495,1,1.91668,1.9112782266616266,1.9242424826737226,1.91916,1.95682,49.115921968093836,0.002084261566297262,GBPAUD_merged,82.50973828486771
2024-04-04 15:00:00,2024-04-10 08:00:00,1.3,15.0,0.37256542878307364,5322.363268329624,1,1.91668,1.9112782266616266,1.9237023053398852,1.91916,1.95682,44.93084608003001,0.002084261566297262,GBPAUD_merged,19.127434571216927
2024-04-09 11:00:00,2024-04-10 08:00:00,1.3,60.0,0.9929097305877267,14184.424722681812,-1,100.435,100.85983922455902,99.88270900807326,96.895,100.168,57.8461887820663,0.1503905591649834,AUDJPY_merged,77.00709026941227
2024-04-10 14:00:00,2024-04-10 16:00:00,-1.1,90.0,3.0780115496365,43971.593566235715,-1,152.771,153.08368800798152,152.30196798802768,146.481,151.97,79.53358130407095,0.1541205477469386,USDJPY_merged,-102.07801154963651
2024-04-10 14:00:00,2024-04-10 16:00:00,-1.1,60.0,1.53900577481825,21985.796783117858,-1,152.771,153.18791734397536,152.18731571843446,146.481,151.97,80.4363485025552,0.1541205477469386,USDJPY_merged,-67.53900577481825
2024-04-10 21:00:00,2024-04-11 02:00:00,-1.1,90.0,2.8335079521806477,40478.68503115211,-1,152.834,153.1738099515687,152.46020905327444,146.481,151.97,65.11425678546752,0.1601132438909171,USDJPY_merged,-101.83350795218067
2024-04-10 23:00:00,2024-04-11 08:00:00,1.3,59.99999999999999,1.1733296165788851,16761.851665412647,-1,0.91276,0.9160272762588042,0.9085125408635546,0.87294,0.88923,66.75228684098188,0.0011185354939911804,USDCHF_merged,76.82667038342112
2024-04-10 16:00:00,2024-04-11 08:00:00,1.3,15.0,0.2508015686666973,3582.87955238139,-1,0.91323,0.9170533074262558,0.9082597003458673,0.87294,0.88923,67.43189203027826,0.0014736570440378885,USDCHF_merged,19.2491984313333
2024-04-10 16:00:00,2024-04-11 08:00:00,1.5,59.99999999999999,1.0904416028986839,15577.737184266914,-1,0.91323,0.9167474428321554,0.9079538357517669,0.87294,0.88923,69.34393649877465,0.0014736570440378885,USDCHF_merged,88.9095583971013
2024-04-10 17:00:00,2024-04-11 08:00:00,1.1,60.0,1.2386056900991345,17694.36700141621,-1,0.91264,0.9157346797924796,0.9092358522282725,0.87294,0.88923,67.28457039476541,0.0014662529694637523,USDCHF_merged,64.76139430990087
2024-04-10 21:00:00,2024-04-11 10:00:00,-1.1,60.00000000000001,1.5804721294086397,22578.173277266284,-1,1.36872,1.3723572827416772,1.363264075887484,1.34194,1.36056,69.01143616003831,0.001530611044776556,USDCAD_merged,-67.58047212940865
2024-04-10 22:00:00,2024-04-11 10:00:00,-1.1,30.0,0.750962044813807,10728.029211625815,-1,1.36837,1.3721965276119414,1.3633955141044762,1.34554,1.36139,66.72712948735824,0.0014741388272925297,USDCAD_merged,-33.750962044813804
2024-04-10 22:00:00,2024-04-12 06:00:00,-1.1,90.00000000000001,1.5723052186335704,22461.503123336723,1,0.59808,0.5956835797914132,0.6016746303128802,0.60684,0.62163,34.48967303071654,0.0010974987316880657,NZDUSD_merged,-100.5723052186336
2024-04-10 18:00:00,2024-04-12 10:00:00,-1.1,60.0,0.67887324518419,9698.189216917,1,0.59759,0.5938928768362803,0.6023962601128355,0.60684,0.62163,34.85131423017423,0.0012373793381368443,NZDUSD_merged,-66.67887324518419
2024-04-12 10:00:00,2024-04-12 14:00:00,-1.1,59.99999999999999,1.762731610083144,25181.880144044917,-1,1.37509,1.3783663796637922,1.3701754305043117,1.34194,1.36056,68.74312448980389,0.0014927619760651714,USDCAD_merged,-67.76273161008315
2024-04-12 10:00:00,2024-04-12 15:00:00,-1.1,29.999999999999996,0.8108565406382462,11583.66486626066,-1,1.37509,1.3786512822432522,1.370460333083772,1.34554,1.36139,67.4911434425764,0.0014927619760651714,USDCAD_merged,-33.81085654063825
2024-04-14 19:00:00,2024-04-15 10:00:00,-1.1,60.0,1.6933214419817393,24190.30631402485,1,1.06497,1.0623285204267152,1.0678756275306134,1.06949,1.09812,34.635405281876025,0.0012158583147177842,EURUSD_merged,-67.69332144198174
2024-04-12 12:00:00,2024-04-15 13:00:00,-1.1,30.0,0.4214029281761329,6020.041831087613,1,0.6476,0.644372779900021,0.6517953861299726,0.64802,0.66671,30.34378691448045,0.0011504891945745372,AUDUSD_merged,-33.421402928176136
2024-04-14 19:00:00,2024-04-15 13:00:00,-1.1,90.0,1.8635157450500404,26621.653500714863,1,0.64736,0.6451714657679534,0.6497673876552514,0.6477,0.66671,37.53757098090559,0.0010355763611090798,AUDUSD_merged,-100.86351574505005
2024-04-14 19:00:00,2024-04-15 13:00:00,-1.1,30.0,0.46587893626251015,6655.413375178717,1,0.64736,0.6444419543572711,0.6514452638998205,0.6477,0.66671,38.300153243937324,0.0010355763611090798,AUDUSD_merged,-33.46587893626251
2024-04-14 18:00:00,2024-04-15 20:00:00,-1.1,60.0,0.9386411607803269,13409.159439718956,1,0.64647,0.6435773354616765,0.6502304638998204,0.6477,0.66671,37.202205271242036,0.00104215915811747,AUDUSD_merged,-66.93864116078032
2024-04-14 19:00:00,2024-04-15 21:00:00,-1.1,30.0,0.6349955407431521,9071.364867759317,1,1.06497,1.0614480272356202,1.0695485645936937,1.06949,1.09812,34.82002367748141,0.0012158583147177842,EURUSD_merged,-33.634995540743155
2024-04-16 11:00:00,2024-04-17 02:00:00,1.5,15.0,0.3138893564990893,4484.133664272705,-1,1.80772,1.8137670543543438,1.7986494184684843,1.74401,1.80986,61.768335416108634,0.002374662269408523,EURNZD_merged,22.18611064350091
2024-04-19 00:00:00,2024-04-21 20:00:00,1.3,15.0,0.2866056304822834,4094.366149746906,-1,1.66437,1.670467537222347,1.6564432016109485,1.63598,1.66791,58.39440776113736,0.0024947995397289623,EURAUD_merged,19.213394369517715
2024-04-21 23:00:00,2024-04-22 06:00:00,-1.1,60.0,1.174114660936725,16773.06658481036,1,1.92114,1.9142677682934626,1.9314483475598065,1.91916,1.95682,37.10529326922962,0.002629368466620574,GBPAUD_merged,-67.17411466093672
2024-04-22 00:00:00,2024-04-22 06:00:00,-1.1,15.0,0.2742949530108876,3918.499328726966,1,1.92326,1.9158977682934624,1.9335671243891526,1.91916,1.95682,37.17035820404949,0.0025686992904333985,GBPAUD_merged,-16.774294953010887
2024-04-22 00:00:00,2024-04-22 06:00:00,-1.1,30.0,0.5485899060217752,7836.998657453932,1,1.92326,1.9158977682934624,1.9328309012184988,1.91916,1.95682,38.599189782917435,0.0025686992904333985,GBPAUD_merged,-33.548589906021775
2024-04-22 00:00:00,2024-04-22 06:00:00,-1.1,15.0,0.2953945647809558,4219.922354013655,1,1.92326,1.9164236419867864,1.9328309012184988,1.91916,1.95682,37.17035820404949,0.0025686992904333985,GBPAUD_merged,-16.795394564780956
2024-04-22 22:00:00,2024-04-23 07:00:00,1.4,15.0,0.47395786976907783,6770.826710986827,1,1.69209,1.688341366179729,1.6973380873483797,1.70214,1.72393,31.746696268627815,0.0013752263643825441,GBPCAD_merged,20.526042130230923
2024-04-22 22:00:00,2024-04-23 07:00:00,1.4,15.0,0.4401037362141437,6287.196231630625,1,1.69209,1.6880530097320159,1.697741786375178,1.70214,1.7343,31.746696268627815,0.0013752263643825441,GBPCAD_merged,20.559896263785856
2024-04-23 00:00:00,2024-04-23 07:00:00,1.5,30.0,1.013091601362632,14472.737162323316,1,1.69223,1.6887222392059906,1.697491641191014,1.70214,1.72393,31.957082225453192,0.0012949145692890793,GBPCAD_merged,43.98690839863737
2024-04-23 00:00:00,2024-04-23 07:00:00,1.3,30.0,0.9082890219113252,12975.557455876076,1,1.69223,1.6883174975759125,1.6973162531513135,1.70214,1.72393,31.785521104197983,0.0012949145692890793,GBPCAD_merged,38.09171097808868
2024-04-23 04:00:00,2024-04-23 08:00:00,1.5,30.0,0.9471172644447945,13530.246634925637,1,1.6938,1.690044414357619,1.6994333784635713,1.70214,1.72393,43.71192859088188,0.0016298520151360597,GBPCAD_merged,44.05288273555521
2024-04-22 11:00:00,2024-04-23 09:00:00,1.5,15.000000000000002,0.49998440611341793,7142.634373048828,-1,0.86323,0.8650428395384283,0.8605107406923576,0.84983,0.8602,66.18092223737715,0.0007804631676884483,EURGBP_merged,22.000015593886587
2024-04-22 12:00:00,2024-04-23 10:00:00,1.5,30.0,0.892932790038272,12756.182714832457,-1,0.86283,0.8648592042359899,0.859786193646015,0.84983,0.8602,63.09117133032045,0.0007597157985678442,EURGBP_merged,44.10706720996173
2024-04-22 12:00:00,2024-04-23 10:00:00,1.3,29.999999999999996,0.8005604324481056,11436.57760640151,-1,0.86283,0.8650933431862965,0.8598876538578145,0.84983,0.8602,63.66083473012594,0.0007597157985678442,EURGBP_merged,38.19943956755189
2024-04-22 12:00:00,2024-04-23 10:00:00,1.5,30.0,0.892932790038272,12756.182714832457,-1,0.86283,0.8648592042359899,0.859786193646015,0.84983,0.8602,63.79327622300657,0.0007597157985678442,EURGBP_merged,44.10706720996173
2024-04-22 11:00:00,2024-04-23 22:00:00,-1.1,30.0,0.5583810193322,7976.871704745714,1,1.91596,1.908754318107711,1.926768522838434,1.91916,1.95682,34.08191326315489,0.0026606006758175755,GBPAUD_merged,-33.5583810193322
2024-04-22 11:00:00,2024-04-23 22:00:00,-1.1,30.0,0.5583810193322,7976.871704745714,1,1.91596,1.908754318107711,1.926768522838434,1.91916,1.95682,35.24088833883657,0.0026606006758175755,GBPAUD_merged,-33.5583810193322
2024-04-24 01:00:00,2024-04-24 17:00:00,1.3,29.999999999999996,0.7533360429915866,10761.943471308381,-1,1.09617,1.0992256841417791,1.0921976106156872,1.05691,1.09549,67.42435339399924,0.001165682681232259,AUDNZD_merged,38.246663957008415
2024-04-24 04:00:00,2024-04-24 21:00:00,-1.1,30.0,0.545726768591088,7796.096694158401,-1,100.709,101.09653624006022,100.12769563990969,96.895,100.806,66.21318032080123,0.14440580002150372,AUDJPY_merged,-33.54572676859109
2024-04-24 03:00:00,2024-04-24 22:00:00,-1.1,30.0,0.5502969833270623,7861.3854761008915,-1,100.769,101.15354672006485,100.23063459190922,96.895,100.806,66.5144939876054,0.1490524000231587,AUDJPY_merged,-33.550296983327065
2024-04-24 03:00:00,2024-04-24 22:00:00,-1.1,60.0,1.1005939666541247,15722.770952201783,-1,100.769,101.15354672006485,100.19217991990274,96.895,100.806,65.45965372907185,0.1490524000231587,AUDJPY_merged,-67.10059396665413
2024-04-24 03:00:00,2024-04-25 00:00:00,-1.1,30.0,0.49336970918977996,7048.138702711143,-1,100.769,101.19791749545695,100.21140725590598,96.895,100.806,65.84492792799091,0.1490524000231587,AUDJPY_merged,-33.49336970918978
2024-04-24 00:00:00,2024-04-25 01:00:00,-1.1,30.0,0.4934882845395043,7049.832636278633,-1,100.859,101.28819742298977,100.25812360781431,96.895,100.806,77.7665136846994,0.1484787372159977,AUDJPY_merged,-33.4934882845395
2024-04-25 06:00:00,2024-04-25 08:00:00,1.3,30.0,0.8319735375039884,11885.336250056978,-1,113.798,114.0852396647578,113.42458843581487,110.865,112.478,63.025676420348134,0.1164747326243228,CADJPY_merged,38.16802646249601
2024-04-25 07:00:00,2024-04-25 08:00:00,1.3,30.0,0.6045705705612537,8636.72243658934,-1,92.673,92.99490336327375,92.25452562774412,90.102,92.363,68.6076781478097,0.1277783920731083,NZDJPY_merged,38.39542942943875
2024-04-25 07:00:00,2024-04-25 09:00:00,1.3,30.0,0.66874727128347,9553.532446906715,-1,166.823,167.34685753937754,166.1419851988092,162.27,165.17,68.08954519521221,0.18002335004699396,EURJPY_merged,38.33125272871653
2024-04-25 08:00:00,2024-04-25 09:00:00,1.5,30.0,0.7481984546589733,10688.549352271048,-1,166.763,167.2310607101222,166.06090893481672,160.21,165.17,59.6217720935719,0.21223596790078014,EURJPY_merged,44.251801545341024
2024-04-25 07:00:00,2024-04-25 09:00:00,1.4,30.0,0.692631102400737,9894.730034296244,-1,166.823,167.32879348629555,166.11488911918624,160.21,165.351,69.33617783716232,0.18002335004699396,EURJPY_merged,41.30736889759926
2024-04-25 07:00:00,2024-04-25 09:00:00,1.4,30.0,0.7459104179700243,10655.863113857491,-1,166.823,167.29266538013158,166.1654684678158,160.21,165.17,69.33617783716232,0.18002335004699396,EURJPY_merged,41.25408958202998
2024-04-25 09:00:00,2024-04-25 13:00:00,-1.1,30.0,0.6334591116768643,9049.415881098063,-1,166.453,167.00481351654204,165.62527972518697,160.21,165.17,60.64816949287561,0.24414768447929527,EURJPY_merged,-33.63345911167686
2024-04-25 09:00:00,2024-04-25 19:00:00,-1.1,30.0,0.4931613203047203,7045.161718638862,-1,92.305,92.6980569815983,91.79402592392223,90.102,92.363,53.15064491448645,0.17220687887936353,NZDJPY_merged,-33.49316132030472
2024-04-25 09:00:00,2024-04-25 21:00:00,-1.1,30.0,0.49202611410681135,7028.944487240163,-1,101.162,101.59376610734503,100.60070406045146,96.895,100.806,56.05021280876913,0.19001312558529668,AUDJPY_merged,-33.492026114106814
2024-04-25 09:00:00,2024-04-25 23:00:00,-1.1,30.0,0.5465729656035616,7808.185222908024,-1,194.259,195.005366772,193.13944984199998,187.953,193.526,61.29563368662456,0.31484527571428655,GBPJPY_merged,-33.54657296560356
2024-04-25 09:00:00,2024-04-25 23:00:00,-1.1,30.0,0.5465729656035616,7808.185222908024,-1,194.259,195.005366772,193.13944984199998,187.953,192.938,61.78119540994813,0.31484527571428655,GBPJPY_merged,-33.54657296560356
2024-04-25 10:00:00,2024-04-25 23:00:00,-1.1,30.0,0.5510157962634268,7871.654232334668,-1,166.56,167.19478397964616,165.60782403053076,160.21,165.17,62.546794343613435,0.2525657070164881,EURJPY_merged,-33.55101579626343
2024-04-25 07:00:00,2024-04-26 00:00:00,-1.1,30.0,0.5643683662222619,8062.4052317466,-1,194.546,195.26990060189712,193.532539157344,187.953,193.526,72.71122043188194,0.2530690771597664,GBPJPY_merged,-33.56436836622226
2024-04-25 07:00:00,2024-04-26 00:00:00,-1.1,30.0,0.6077813174701282,8682.59024957326,-1,194.546,195.21819341604734,193.6049292175337,187.953,192.938,72.71122043188194,0.2530690771597664,GBPJPY_merged,-33.60778131747013
2024-04-25 07:00:00,2024-04-26 01:00:00,-1.1,30.0,0.5449073880766666,7784.391258238095,-1,194.546,195.29575419482202,193.57131954673133,189.988,192.938,70.49851489980769,0.2530690771597664,GBPJPY_merged,-33.544907388076666
2024-04-26 02:00:00,2024-04-26 03:00:00,-1.1,30.0,0.5449878626250655,7785.540894643793,-1,167.424,168.06913436740862,166.5853253223688,162.27,165.17,74.4671672088393,0.2527844033574408,EURJPY_merged,-33.544987862625064
2024-04-24 01:00:00,2024-04-26 08:00:00,-1.1,30.0,0.8188435249908552,11697.764642726504,-1,1.09617,1.0989812294104369,1.091953155884345,1.05691,1.09549,68.3776071446042,0.001165682681232259,AUDNZD_merged,-33.818843524990854
2024-04-28 20:00:00,2024-04-28 21:00:00,-1.1,30.0,0.37837535886536994,5405.362269505285,-1,173.106,174.0667459668888,171.7609556463557,166.565,170.799,77.17990873093503,0.33854330534576954,CHFJPY_merged,-33.37837535886537
2024-04-28 20:00:00,2024-04-28 21:00:00,-1.1,30.0,0.4074811557011676,5821.159367159537,-1,173.106,173.99812125496814,171.8570302430446,166.565,170.799,77.17990873093503,0.33854330534576954,CHFJPY_merged,-33.40748115570117
2024-04-22 11:00:00,2024-04-28 22:00:00,-1.1,30.0,0.5184966608084713,7407.095154406735,1,1.91596,1.9082000348852273,1.9260479546492049,1.91916,1.95682,34.44576706002409,0.0026606006758175755,GBPAUD_merged,-33.518496660808474
2024-04-22 11:00:00,2024-04-28 22:00:00,-1.1,30.0,0.5006174656081792,7151.678080116846,1,1.91596,1.9079228932739853,1.9264082387438195,1.91128,1.95066,34.83626542881495,0.0026606006758175755,GBPAUD_merged,-33.50061746560818
2024-04-30 11:00:00,2024-04-30 18:00:00,-1.1,30.0,0.5636347600622217,8051.925143746025,-1,1.80692,1.813652253347152,1.7968216199792724,1.78435,1.80986,62.066234809319916,0.002556519052554216,EURNZD_merged,-33.56363476006222
2024-04-30 11:00:00,2024-04-30 18:00:00,-1.1,30.0,0.5053277159178539,7218.967370255055,-1,1.80692,1.8144290518102848,1.79715823264663,1.78435,1.80986,62.75217603289072,0.002556519052554216,EURNZD_merged,-33.50532771591785
2024-05-01 06:00:00,2024-05-01 14:00:00,1.5,29.999999999999996,0.7037641582371157,10053.773689101654,-1,0.92063,0.9233771177345018,0.9165093233982471,0.87294,0.88923,68.40123903748834,0.0010303991908935423,USDCHF_merged,44.29623584176288
2024-04-30 22:00:00,2024-05-01 14:00:00,1.3,15.0,0.21647257811810489,3092.4654016872128,1,0.58889,0.5860335897083342,0.5926033333791657,0.59392,0.60823,33.48251651008702,0.0009424712756565612,NZDUSD_merged,19.283527421881896
2024-05-01 05:00:00,2024-05-01 14:00:00,1.3,30.0,0.6174399038135252,8820.570054478932,-1,0.92101,0.9241424846159993,0.9169377699992008,0.87294,0.88923,66.19423337699392,0.0010565837440392018,USDCHF_merged,38.382560096186474
2024-05-01 05:00:00,2024-05-01 14:00:00,1.5,29.999999999999996,0.6886829696381628,9838.32813768804,-1,0.92101,0.9238184344833098,0.9167973482750353,0.87294,0.88923,65.76323288004703,0.0010565837440392018,USDCHF_merged,44.31131703036183
2024-05-01 05:00:00,2024-05-01 14:00:00,1.4,14.999999999999998,0.3443414848190814,4919.16406884402,-1,0.92101,0.9238184344833098,0.9170781917233664,0.87294,0.88923,67.38511510410211,0.0010565837440392018,USDCHF_merged,20.655658515180914
2024-04-30 22:00:00,2024-05-02 14:00:00,1.5,15.0,0.2802833445835467,4004.0477797649532,-1,1.80995,1.8167304510568536,1.7997793234147195,1.78435,1.80986,60.980879201184194,0.002487303948876325,EURNZD_merged,22.219716655416452
2024-04-30 22:00:00,2024-05-02 14:00:00,1.5,15.0,0.2802833445835467,4004.0477797649532,-1,1.80995,1.8167304510568536,1.7997793234147195,1.78435,1.80986,60.323760849455624,0.002487303948876325,EURNZD_merged,22.219716655416452
2024-05-08 07:00:00,2024-05-08 20:00:00,-1.1,60.0,1.4314776792461066,20449.68113208724,-1,170.887,171.3883877690206,170.13491834646908,166.565,170.799,67.01851471744334,0.19113848893592944,CHFJPY_merged,-67.4314776792461
2024-05-08 12:00:00,2024-05-09 09:00:00,-1.1,30.0,0.7286703418117981,10409.576311597117,-1,167.152,167.63372565817238,166.42941151274138,162.27,165.17,66.88881994335512,0.1771163064901446,EURJPY_merged,-33.7286703418118
2024-05-08 11:00:00,2024-05-09 11:00:00,-1.1,60.0,1.4825834959145887,21179.76422735127,-1,167.243,167.7167814780318,166.53232778295225,162.27,165.17,64.66797155593954,0.18527909929707895,EURJPY_merged,-67.48258349591458
2024-05-08 11:00:00,2024-05-09 11:00:00,-1.1,30.0,0.7412917479572944,10589.882113675634,-1,167.243,167.7167814780318,166.57970593075544,162.27,165.17,69.01746173628759,0.18527909929707895,EURJPY_merged,-33.74129174795729
2024-05-03 11:00:00,2024-05-09 17:00:00,-1.1,15.000000000000002,0.2848038025750212,4068.625751071732,1,1.89794,1.8909427724981829,1.9070363957523622,1.91128,1.94799,26.891841946797918,0.0027846845006749,GBPAUD_merged,-16.784803802575023
2024-05-15 09:00:00,2024-05-15 11:00:00,-1.1,30.0,0.6955219079115103,9936.027255878718,1,1.78516,1.7797700389400288,1.79270594548396,1.78435,1.81554,43.73301620462147,0.0021949860928468933,EURNZD_merged,-33.69552190791151
2024-05-15 21:00:00,2024-05-16 13:00:00,-1.1,30.0,0.5502053679998512,7860.076685712161,-1,0.55173,0.5538358191493332,0.5485712712760002,0.528,0.54952,61.224206146932225,0.0008342211247618674,NZDCHF_merged,-33.55020536799985
2024-05-15 18:00:00,2024-05-16 14:00:00,-1.1,30.0,0.5027963366237692,7182.80480891099,-1,0.55171,0.554014294831939,0.5482535577520916,0.528,0.54952,68.500873764579,0.0008586767256925104,NZDCHF_merged,-33.50279633662377
2024-05-15 17:00:00,2024-05-16 16:00:00,-1.1,60.0,0.9669778232242662,13813.968903203804,-1,0.552,0.5543975730821515,0.5488831549932031,0.528,0.54952,68.24267146702185,0.0008862672430534513,NZDCHF_merged,-66.96697782322427
2024-05-17 09:00:00,2024-05-17 12:00:00,-1.1,15.0,0.4048430253655003,5783.47179093572,-1,1.1504,1.1533836749661415,1.1465212225440162,1.11678,1.15119,72.84135675389147,0.0010503639054147446,GBPCHF_merged,-16.9048430253655
2024-05-15 17:00:00,2024-05-17 14:00:00,-1.1,30.0,0.5631978840444072,8045.6840577772455,-1,0.83204,0.8351424335309154,0.8276965930567184,0.8074,0.82482,73.3704898100793,0.0011458691181840913,NZDCAD_merged,-33.563197884044406
2024-05-15 18:00:00,2024-05-17 15:00:00,-1.1,29.999999999999996,0.5258815075366526,7512.592964809323,-1,0.83215,0.8354730204427339,0.8278300734244459,0.8074,0.82482,71.70917756223352,0.0011147356097423696,NZDCAD_merged,-33.52588150753665
2024-05-17 16:00:00,2024-05-19 17:00:00,1.4,15.0,0.396664664377633,5666.638062537614,-1,0.5572,0.5586749486216978,0.5551350719296232,0.528,0.54952,78.09490229677418,0.0006006646452997563,NZDCHF_merged,20.60333533562237
2024-05-17 16:00:00,2024-05-19 17:00:00,1.2,15.0,0.4327250884119631,6181.786977313759,-1,0.5572,0.5585520362365564,0.5555775565161325,0.528,0.54952,74.11935469067231,0.0006006646452997563,NZDCHF_merged,17.567274911588036
2024-05-19 17:00:00,2024-05-19 19:00:00,-1.1,15.0,0.40250559435168287,5750.0799193097555,-1,95.29,95.53857915369142,95.01656293093946,90.789,95.389,64.6452906620881,0.12398738088395675,NZDJPY_merged,-16.902505594351684
2024-05-19 17:00:00,2024-05-19 19:00:00,-1.1,15.0,0.4226308740692671,6037.583915275244,-1,95.29,95.52674205113469,94.934886923298,90.789,95.389,64.85473295949635,0.12398738088395675,NZDJPY_merged,-16.922630874069267
2024-05-19 17:00:00,2024-05-19 19:00:00,-1.1,15.0,0.3381046992554137,4830.067132220196,-1,95.29,95.58592756391835,94.96447967968983,90.789,95.389,64.929130060884,0.12398738088395675,NZDJPY_merged,-16.838104699255414
2024-05-19 17:00:00,2024-05-19 19:00:00,-1.1,15.0,0.36750510788631924,5250.072969804561,-1,95.29,95.56225335880488,95.01774664119513,90.789,95.389,64.85473295949635,0.12398738088395675,NZDJPY_merged,-16.86750510788632
2024-05-19 23:00:00,2024-05-20 08:00:00,1.1,15.000000000000002,0.3419139476317062,4884.4849661672315,-1,0.55697,0.5586804259830603,0.5550885314186336,0.528,0.54952,67.33311782181646,0.0006660153651367137,NZDCHF_merged,16.158086052368297
2024-05-19 23:00:00,2024-05-20 08:00:00,1.0,15.000000000000002,0.3716455952518546,5309.222789312209,-1,0.55697,0.5585435919044155,0.5553964080955844,0.528,0.54952,67.63682571654617,0.0006660153651367137,NZDCHF_merged,14.628354404748148
2024-05-19 19:00:00,2024-05-20 08:00:00,1.2,59.99999999999999,1.4814973454482576,21164.247792117967,-1,0.55732,0.5588999852812371,0.5554240176625156,0.528,0.54952,74.07246662926799,0.0007018769044182482,NZDCHF_merged,70.51850265455172
2024-05-20 03:00:00,2024-05-20 08:00:00,1.1,15.000000000000002,0.42742868444896215,6106.124063556603,-1,0.55698,0.5583482493039839,0.5554749257656179,0.528,0.54952,63.47776440641544,0.0006664367670676767,NZDCHF_merged,16.07257131555104
2024-05-20 10:00:00,2024-05-20 12:00:00,-1.1,15.0,0.5347327971502215,7639.03995928888,-1,1.15433,1.1565966395374652,1.1509300406938023,1.11678,1.15119,65.06152835867222,0.0011545112138230717,GBPCHF_merged,-17.034732797150223
2024-05-20 05:00:00,2024-05-20 12:00:00,-1.1,60.0,2.3321062496716762,33315.803566738236,-1,1.15467,1.1567494995942758,1.1521746004868694,1.11678,1.15119,73.01558284493846,0.0009398537248566076,GBPCHF_merged,-68.33210624967168
2024-05-20 10:00:00,2024-05-20 12:00:00,-1.1,30.0,1.0185386612385172,14550.55230340739,-1,1.15433,1.1567099715143385,1.151712031334228,1.13176,1.15119,66.0287898345666,0.0011545112138230717,GBPCHF_merged,-34.018538661238516
2024-05-20 10:00:00,2024-05-20 13:00:00,-1.1,30.0,0.9299700820003854,13285.286885719794,-1,1.15433,1.156936635468085,1.1517233645319152,1.11678,1.15119,65.06152835867222,0.0011545112138230717,GBPCHF_merged,-33.92997008200039
2024-05-20 05:00:00,2024-05-20 13:00:00,-1.1,60.0,2.137764062199037,30539.486602843386,-1,1.15467,1.1569385450119372,1.1514940369832882,1.11678,1.15119,73.3457237024837,0.0009398537248566076,GBPCHF_merged,-68.13776406219904
2024-05-19 19:00:00,2024-05-20 17:00:00,1.4,60.00000000000001,1.3580392333275695,19400.560476108138,-1,0.55732,0.5590436203068041,0.5549069315704743,0.528,0.54952,77.52366787532819,0.0007018769044182482,NZDCHF_merged,82.64196076667243
2024-05-17 16:00:00,2024-05-20 17:00:00,1.4,15.0,0.3282742050021789,4689.631500031128,-1,0.5572,0.5589822295845515,0.554704878581628,0.528,0.54952,78.9655166143877,0.0006006646452997563,NZDCHF_merged,20.671725794997823
2024-05-21 11:00:00,2024-05-21 17:00:00,1.1,30.0,0.9451451865381685,13502.074093402409,-1,1.73522,1.7390754521060907,1.7309790026833003,1.68863,1.72252,58.28172699187581,0.0015755964965479677,GBPCAD_merged,32.05485481346183
2024-05-21 11:00:00,2024-05-21 17:00:00,1.0,30.000000000000004,1.0273317244980096,14676.167492828708,-1,1.73522,1.7387670159376034,1.7316729840623966,1.70778,1.72252,58.59180796768126,0.0015755964965479677,GBPCAD_merged,28.972668275501995
2024-05-21 11:00:00,2024-05-21 17:00:00,1.1,29.999999999999996,1.125172841116867,16073.89773024096,-1,1.73522,1.738458579769116,1.7316575622539723,1.70778,1.72252,59.046418083678056,0.0015755964965479677,GBPCAD_merged,31.874827158883132
2024-05-19 17:00:00,2024-05-21 22:00:00,-1.1,15.0,0.281753916046178,4025.0559435168293,-1,95.29,95.64511307670202,94.75733038494698,89.954,95.389,64.53040705306896,0.12398738088395675,NZDJPY_merged,-16.781753916046178
2024-05-17 16:00:00,2024-05-21 22:00:00,-1.1,15.0,0.3014925107782254,4307.035868260364,-1,95.516,95.84865104907954,95.05028853128866,90.789,95.389,64.73580301049384,0.1183710255673389,NZDJPY_merged,-16.801492510778225
2024-05-19 17:00:00,2024-05-21 22:00:00,-1.1,15.0,0.281753916046178,4025.0559435168293,-1,95.29,95.64511307670202,94.86386430795758,90.789,95.389,64.53040705306896,0.12398738088395675,NZDJPY_merged,-16.781753916046178
2024-05-22 06:00:00,2024-05-22 09:00:00,-1.1,15.0,0.5150930370632347,7358.4719580462115,-1,1.7381,1.7416430589596108,1.7327854115605839,1.70778,1.72252,57.76322016643328,0.001742134516962146,GBPCAD_merged,-17.015093037063235
2024-05-22 00:00:00,2024-05-22 14:00:00,1.1,30.0,0.5493059605349201,7847.228007641716,-1,95.735,96.10099548237966,95.33240496938238,90.789,95.389,58.13103006073019,0.17333473710665204,NZDJPY_merged,32.45069403946508
2024-05-22 00:00:00,2024-05-22 14:00:00,1.0,30.0,0.5015402248362315,7164.860354803308,-1,95.735,96.13585219498725,95.33414780501275,90.789,95.389,58.72864508961113,0.17333473710665204,NZDJPY_merged,29.49845977516377
2024-05-22 05:00:00,2024-05-23 12:00:00,-1.1,60.0,1.8849756906705177,26928.22415243597,-1,1.73863,1.7425039205158674,1.7343686874325457,1.70778,1.72252,60.00190711316702,0.0017715294798053688,GBPCAD_merged,-67.88497569067052
2024-05-22 05:00:00,2024-05-23 13:00:00,-1.1,30.0,0.7916897900816176,11309.85414402311,-1,1.73863,1.7432418101379374,1.7335570088482686,1.68863,1.72252,59.96798127783579,0.0017715294798053688,GBPCAD_merged,-33.79168979008162
2024-05-22 05:00:00,2024-05-23 13:00:00,-1.1,60.0,1.7210647610469951,24586.639443528504,-1,1.73863,1.7428728653269023,1.7343871346730975,1.70778,1.72252,59.976488667291406,0.0017715294798053688,GBPCAD_merged,-67.72106476104699
2024-05-23 07:00:00,2024-05-26 17:00:00,-1.1,15.0,0.6152002529598085,8788.575042282979,1,1.08361,1.0817605363586476,1.0863841954620286,1.08536,1.10296,34.119354960086746,0.0008936795477707907,AUDNZD_merged,-17.11520025295981
2024-05-22 00:00:00,2024-05-27 03:00:00,-1.1,30.0,0.46141700684933284,6591.671526419042,-1,95.735,96.17070890759483,95.25572020164569,90.789,95.389,59.145346467123716,0.17333473710665204,NZDJPY_merged,-33.46141700684933
2024-05-23 05:00:00,2024-05-27 20:00:00,-1.1,15.0,0.4804392695272009,6863.41813610287,1,1.08378,1.0814113988631282,1.086385461250559,1.08536,1.10296,31.54840337132471,0.0009504804222666833,AUDNZD_merged,-16.9804392695272
2024-05-23 05:00:00,2024-05-27 20:00:00,-1.1,60.0,2.0018302896966707,28597.5755670953,1,1.08378,1.081506142908603,1.0869633999279558,1.08536,1.10296,30.997665365603705,0.0009504804222666833,AUDNZD_merged,-68.00183028969667
2024-05-22 23:00:00,2024-05-27 20:00:00,-1.1,30.0,0.9122779812473898,13032.542589248427,1,1.08379,1.0812951913487072,1.0862848086512928,1.08536,1.10296,28.620535570658404,0.001055792312633792,AUDNZD_merged,-33.91227798124739
2024-05-23 09:00:00,2024-05-27 20:00:00,-1.1,15.0,0.43429784436401875,6204.254919485983,1,1.08378,1.0811597498312098,1.0869243002025482,1.08536,1.10296,40.8194285804686,0.000906744099863629,AUDNZD_merged,-16.934297844364018
2024-05-27 13:00:00,2024-05-27 21:00:00,-1.1,30.000000000000004,0.9723675569421321,13890.965099173316,-1,0.6148,0.6161277695155319,0.613339453532915,0.58737,0.60478,65.56954077159156,0.0006085375408814694,NZDUSD_merged,-33.97236755694214
2024-05-27 13:00:00,2024-05-27 21:00:00,-1.1,30.0,0.8878138563384685,12683.055090549551,-1,0.6148,0.6162542237551064,0.6133457762448936,0.58737,0.60478,67.51578032295832,0.0006085375408814694,NZDUSD_merged,-33.88781385633847
2024-05-27 08:00:00,2024-05-27 21:00:00,-1.1,15.0,0.36176013659091394,5168.001951298771,-1,96.351,96.63065643465687,96.04337792187744,90.789,95.389,67.536965345242,0.1141581043011253,NZDJPY_merged,-16.861760136590913
2024-05-27 13:00:00,2024-05-27 21:00:00,-1.1,15.0,0.4083943739156955,5834.205341652793,-1,0.6148,0.6163806779946809,0.6130612542058511,0.58517,0.60823,68.59204724228597,0.0006085375408814694,NZDUSD_merged,-16.908394373915694
2024-05-27 13:00:00,2024-05-28 03:00:00,-1.1,30.0,0.7971632710229716,11388.046728899595,-1,96.463,96.71711644936933,96.20888355063066,90.789,95.389,66.63367877267837,0.10602216900004098,NZDJPY_merged,-33.797163271022974
2024-05-27 13:00:00,2024-05-28 03:00:00,-1.1,60.0,1.7461671650979378,24945.245215684827,-1,96.463,96.69501936681547,96.20777869650297,90.789,95.389,65.2408733969044,0.10602216900004098,NZDJPY_merged,-67.74616716509794
2024-05-28 01:00:00,2024-05-28 07:00:00,-1.1,15.0,0.9760927349281869,13944.18192754553,-1,1.27745,1.2788241752724947,1.275388737091258,1.24457,1.2634,63.85883491114046,0.0006815813765153782,GBPUSD_merged,-17.476092734928187
2024-05-28 01:00:00,2024-05-28 08:00:00,-1.1,30.0,1.8592242570060702,26560.34652865815,-1,1.27745,1.2788928840361193,1.2758628275602686,1.24457,1.2634,63.046311491212876,0.0006815813765153782,GBPUSD_merged,-34.85922425700607
2024-05-28 12:00:00,2024-05-28 14:00:00,1.1,30.0,1.3029148715460972,18613.069593515676,-1,1.27839,1.2804504715308946,1.2761234813160158,1.24457,1.2634,56.67144195666011,0.0010125214252255262,GBPUSD_merged,31.697085128453903
2024-05-27 14:00:00,2024-05-29 08:00:00,1.4,30.0,0.9607596012986589,13725.137161409413,1,1.76525,1.7613915686140538,1.7706518039403247,1.78435,1.81554,34.44495180693968,0.0015414169052768436,EURNZD_merged,41.03924039870134
2024-05-23 03:00:00,2024-05-29 17:00:00,-1.1,30.0,0.7907580790243707,11296.54398606244,1,1.08333,1.080453022754561,1.0873577681436142,1.08536,1.10296,30.925501893959083,0.0009826281820370713,AUDNZD_merged,-33.79075807902437
2024-05-30 22:00:00,2024-05-31 01:00:00,1.1,30.000000000000004,0.9459996708680117,13514.281012400168,1,0.65992,0.658455060801101,0.6615314331187887,0.65956,0.6703,32.02953934582458,0.0006984765165199329,CADCHF_merged,32.054000329131995
2024-05-30 22:00:00,2024-05-31 01:00:00,1.2,60.0,1.8059993716571134,25799.99102367305,1,0.65992,0.6583853017916297,0.6617616378500443,0.65956,0.6703,32.11431661397581,0.0006984765165199329,CADCHF_merged,70.19400062834289
2024-05-30 23:00:00,2024-05-31 02:00:00,1.1,30.0,0.7942566240652819,11346.5232009326,1,0.66044,0.6586938087087002,0.6623608104204298,0.65956,0.6703,37.023704355216495,0.0006971567653399546,CADCHF_merged,32.205743375934716
2024-05-30 23:00:00,2024-05-31 04:00:00,1.4,59.99999999999999,1.6547013001360038,23638.590001942914,1,0.66044,0.6587636563603522,0.662786881095507,0.65956,0.6703,39.09025148766613,0.0006971567653399546,CADCHF_merged,82.34529869986399
2024-05-30 23:00:00,2024-05-31 04:00:00,1.4,15.0,0.342351993131587,4890.742759022672,1,0.66044,0.6584144181020922,0.663275814657071,0.65956,0.6703,40.8164639762274,0.0006971567653399546,CADCHF_merged,20.657648006868413
2024-05-30 22:00:00,2024-05-31 10:00:00,-1.1,30.0,0.6346618135857395,9066.597336939136,-1,173.454,174.02793306514226,172.82267362834355,167.301,172.713,61.82477234563433,0.22046085276712007,CHFJPY_merged,-33.63466181358574
2024-05-30 22:00:00,2024-05-31 10:00:00,-1.1,15.0,0.34492489868790194,4927.498552684314,-1,173.454,173.98201841993088,172.92598158006913,167.301,172.713,61.93856050885796,0.22046085276712007,CHFJPY_merged,-16.844924898687903
2024-05-30 22:00:00,2024-05-31 10:00:00,-1.1,15.0,0.39666363349108724,5666.623335586961,-1,173.454,173.9131464521138,172.76528032182932,167.301,172.713,61.93856050885796,0.22046085276712007,CHFJPY_merged,-16.896663633491087
2024-05-30 22:00:00,2024-05-31 10:00:00,-1.1,30.0,0.7555497780782613,10793.568258260877,-1,173.454,173.9361037747195,172.92368584780857,170.804,172.713,61.996128862042305,0.22046085276712007,CHFJPY_merged,-33.75554977807826
2024-06-03 22:00:00,2024-06-04 01:00:00,-1.1,30.0,0.9039245832793722,12913.20833256246,-1,0.84273,0.8446878325810983,0.840576384160792,0.80878,0.82482,65.97605529757347,0.0009378511413019455,NZDCAD_merged,-33.90392458327937
2024-06-03 22:00:00,2024-06-04 01:00:00,-1.1,15.0,0.4745604062216704,6779.434374595292,-1,0.84273,0.8445946024581887,0.8399330963127167,0.8074,0.82482,67.21381061534034,0.0009378511413019455,NZDCAD_merged,-16.97456040622167
2024-06-03 21:00:00,2024-06-04 02:00:00,-1.1,60.0,1.3790242667122639,19700.346667318056,1,0.65692,0.6549192636340055,0.6597210309123921,0.65956,0.6703,35.1059116754673,0.0008040944273192797,CADCHF_merged,-67.37902426671226
2024-06-04 03:00:00,2024-06-04 03:00:00,-1.1,30.0,0.64951829647026,9278.832806718001,1,0.65663,0.6545070066871194,0.6589652926441688,0.65956,0.6703,27.02135467332214,0.0009956832304985478,CADCHF_merged,-33.64951829647026
2024-06-04 03:00:00,2024-06-04 03:00:00,-1.1,60.0,1.5845498576117825,22636.42653731118,1,0.89631,0.8939342451558616,0.8996360567817938,0.89876,0.91579,28.41352895210043,0.0011063337194583054,USDCHF_merged,-67.58454985761178
2024-06-03 22:00:00,2024-06-04 03:00:00,-1.1,30.0,0.8253224456029051,11790.320651470074,-1,0.84273,0.8448742928269171,0.8405857071730829,0.80878,0.82482,67.21381061534034,0.0009378511413019455,NZDCAD_merged,-33.82532244560291
2024-06-03 23:00:00,2024-06-04 03:00:00,-1.1,30.0,0.9077113349163591,12967.304784519418,1,0.89584,0.8937674644618453,0.8979125355381546,0.89876,0.91579,32.34752794095469,0.0008503093787581115,USDCHF_merged,-33.90771133491636
2024-06-04 03:00:00,2024-06-04 04:00:00,-1.1,15.0,0.3169099715223565,4527.285307462236,1,0.89631,0.8933403064448271,0.8998736322662076,0.89876,0.91579,30.239116920275634,0.0011063337194583054,USDCHF_merged,-16.816909971522357
2024-06-03 19:00:00,2024-06-04 04:00:00,1.1,30.0,0.6983911182670653,9977.015975243792,-1,0.61896,0.6208211576894409,0.6169127265416149,0.58737,0.60478,66.01300888181625,0.0008572465973718589,NZDUSD_merged,32.30160888173293
2024-06-03 23:00:00,2024-06-04 04:00:00,-1.1,30.000000000000004,0.8350944281230505,11929.920401757865,1,0.89584,0.8935872439802666,0.8983180316217066,0.89876,0.91579,32.30189545431839,0.0008503093787581115,USDCHF_merged,-33.83509442812306
2024-06-03 19:00:00,2024-06-04 04:00:00,1.0,15.0,0.31883072790452993,4554.724684350428,-1,0.61896,0.620998410802721,0.6169215891972789,0.58737,0.60478,67.3632550636186,0.0008572465973718589,NZDUSD_merged,14.68116927209547
2024-06-04 03:00:00,2024-06-04 04:00:00,-1.1,15.0,0.3169099715223565,4527.285307462236,1,0.89631,0.8933403064448271,0.9007645403327595,0.89876,0.9224,30.239116920275634,0.0011063337194583054,USDCHF_merged,-16.816909971522357
2024-06-03 21:00:00,2024-06-04 05:00:00,1.0,29.999999999999996,0.8688554320091675,12412.220457273823,-1,0.91125,0.9134524665203219,0.9090475334796781,0.90034,0.9125,59.651841862467194,0.0009691945578939299,AUDCAD_merged,29.13114456799083
2024-06-03 22:00:00,2024-06-04 05:00:00,1.1,30.000000000000004,0.8938074931001794,12768.678472859707,-1,1.28059,1.2835987451948654,1.2772803802856478,1.24457,1.2634,65.9969517739724,0.0011561053580929224,GBPUSD_merged,32.10619250689983
2024-06-03 23:00:00,2024-06-04 06:00:00,-1.1,30.000000000000004,0.7199089897612503,10284.414139446433,1,0.89584,0.8932268030171092,0.8994984757760469,0.89876,0.9224,32.57743006476388,0.0008503093787581115,USDCHF_merged,-33.71990898976126
2024-06-04 05:00:00,2024-06-04 06:00:00,-1.1,30.0,0.5843041651189473,8347.202358842105,1,0.6543,0.6519484336720066,0.6566515663279934,0.65956,0.6703,28.024184676348725,0.001064390132419703,CADCHF_merged,-33.58430416511895
2024-06-03 21:00:00,2024-06-04 06:00:00,1.1,30.0,0.7993469974484341,11419.242820691916,-1,0.91125,0.9136439853481759,0.9086166161170064,0.87809,0.9125,59.812300639005144,0.0009691945578939299,AUDCAD_merged,32.20065300255157
2024-06-03 22:00:00,2024-06-04 10:00:00,-1.1,30.0,0.7592966499546726,10847.094999352466,-1,0.84273,0.845060753072736,0.8401661716199904,0.8074,0.82482,67.85195976517109,0.0009378511413019455,NZDCAD_merged,-33.75929664995467
2024-06-04 16:00:00,2024-06-04 17:00:00,-1.1,29.999999999999996,1.4281525819660703,20402.179742372435,1,1.07608,1.074497698480866,1.0778205316710472,1.08536,1.10296,30.01876585570207,0.0007425142771681042,AUDNZD_merged,-34.42815258196607
2024-06-03 19:00:00,2024-06-04 22:00:00,-1.1,29.999999999999996,0.6479465307379426,9256.379010542038,-1,0.84344,0.8461735959311067,0.8396129656964505,0.8074,0.82482,79.11792530922435,0.0009224321946893654,NZDCAD_merged,-33.64794653073794
2024-06-04 05:00:00,2024-06-04 22:00:00,-1.1,30.0,0.8755564343673494,12507.949062390708,-1,0.84404,0.846064408627961,0.841813150509243,0.80878,0.82482,62.36779490276182,0.0009680038150847815,NZDCAD_merged,-33.87555643436735
2024-06-03 21:00:00,2024-06-04 22:00:00,-1.1,15.000000000000002,0.3285418619626869,4693.455170895528,-1,0.84334,0.8460352638385563,0.8395666306260211,0.8074,0.82482,63.71906458896186,0.0009323012290943977,NZDCAD_merged,-16.82854186196269
2024-06-04 16:00:00,2024-06-05 09:00:00,1.1,30.0,0.7166727514136274,10238.18216305182,1,0.96818,0.9653430315287005,0.9713006653184296,0.97259,0.99298,28.668637061293545,0.00128515612676515,EURCHF_merged,32.283327248586374
2024-06-04 16:00:00,2024-06-05 10:00:00,1.2,59.99999999999999,1.3681934345169247,19545.620493098926,1,0.96818,0.9652079377919719,0.9717464746496338,0.97259,0.98367,29.11621872413113,0.00128515612676515,EURCHF_merged,70.63180656548306
2024-06-03 13:00:00,2024-06-05 20:00:00,-1.1,30.000000000000004,0.5041561706437825,7202.231009196893,-1,0.61756,0.6201323695860828,0.614730393455309,0.58517,0.60823,63.05538731550583,0.0010097372748307423,NZDUSD_merged,-33.50415617064379
2024-06-04 16:00:00,2024-06-07 09:00:00,1.1,30.000000000000004,0.5790972000422961,8272.817143461374,1,0.65058,0.648220779475535,0.6531751425769116,0.65956,0.67053,29.40814806488197,0.0010710498917702548,CADCHF_merged,32.42090279995771
2024-06-09 19:00:00,2024-06-10 00:00:00,-1.1,30.0,0.830431832762385,11863.3118966055,1,1.07773,1.0750046312090766,1.0807279056700159,1.07883,1.08949,26.59846424218954,0.0012350950436056155,EURUSD_merged,-33.830431832762386
2024-06-10 04:00:00,2024-06-10 06:00:00,-1.1,30.0,0.9398002870826546,13425.718386895067,1,1.07644,1.0740346761976238,1.079085856182614,1.07883,1.08949,27.2217910314238,0.001158578552071162,EURUSD_merged,-33.939800287082655
2024-06-10 05:00:00,2024-06-10 08:00:00,-1.1,15.000000000000002,0.5623017343407882,8032.881919154119,1,0.84643,0.8448494402298227,0.8486427836782483,0.85272,0.86203,31.23166398258844,0.0006586689586995684,EURGBP_merged,-17.062301734340792
2024-06-09 20:00:00,2024-06-10 08:00:00,-1.1,90.00000000000001,3.313113772672358,47330.19675246226,1,0.84681,0.845199761606135,0.848742286072638,0.84834,0.86203,31.763870499334512,0.0007060746467612145,EURGBP_merged,-102.31311377267238
2024-06-09 20:00:00,2024-06-10 08:00:00,-1.1,30.0,1.156960365060188,16528.005215145546,1,0.84681,0.8452729542604015,0.8485007503135582,0.84834,0.85403,31.10417398762371,0.0007060746467612145,EURGBP_merged,-34.156960365060186
2024-06-09 17:00:00,2024-06-10 10:00:00,-1.1,15.0,0.7178408701307721,10254.869573296746,1,0.84567,0.8444330218103377,0.8470306760086286,0.85272,0.86203,19.29768410674971,0.0007501633275888696,EURGBP_merged,-17.21784087013077
2024-06-10 05:00:00,2024-06-10 10:00:00,-1.1,15.0,0.4653531594544454,6647.902277920649,1,0.84643,0.8445201569443691,0.8491037802778834,0.85205,0.86203,31.411378765341972,0.0006586689586995684,EURGBP_merged,-16.965353159454445
2024-06-10 05:00:00,2024-06-10 10:00:00,-1.1,30.0,0.8996827749452612,12852.61107064659,1,0.84643,0.8444543002872783,0.8493935495690825,0.85205,0.86203,32.70427352595708,0.0006586689586995684,EURGBP_merged,-33.89968277494526
2024-06-11 18:00:00,2024-06-12 08:00:00,-1.1,30.0,0.9570911610996965,13672.730872852808,1,1.74858,1.744743356063407,1.7543349659048897,1.78413,1.81554,33.926678094035424,0.0018505846848468064,EURNZD_merged,-33.9570911610997
2024-06-04 16:00:00,2024-06-12 08:00:00,-1.1,90.0,1.6583238001211211,23690.340001730303,1,0.65058,0.6481084356410367,0.6535458772307561,0.65956,0.6703,29.66650206495037,0.0010710498917702548,CADCHF_merged,-100.65832380012114
2024-06-12 12:00:00,2024-06-12 14:00:00,1.1,15.0,0.43254777291961066,6179.253898851582,1,0.89177,0.8896052483618635,0.89415122680195,0.89876,0.91579,32.37168651965123,0.001196736956181502,USDCHF_merged,16.067452227080388
2024-06-12 12:00:00,2024-06-12 14:00:00,1.3,15.0,0.5190573275035328,7415.1046786218985,1,0.89177,0.8899660403015529,0.894115147607981,0.89876,0.91579,32.37168651965123,0.001196736956181502,USDCHF_merged,18.980942672496468
2024-06-12 12:00:00,2024-06-12 15:00:00,1.4,15.0,0.5190573275035328,7415.1046786218985,1,0.89177,0.8899660403015529,0.8942955435778258,0.89876,0.91579,34.36471628693379,0.001196736956181502,USDCHF_merged,20.480942672496468
2024-06-12 12:00:00,2024-06-13 07:00:00,1.5,14.999999999999998,0.29945615048280744,4277.945006897249,1,0.89177,0.8886431365226918,0.8964602952159623,0.89876,0.91579,31.270092912230556,0.001196736956181502,USDCHF_merged,22.20054384951719
2024-06-13 23:00:00,2024-06-14 02:00:00,-1.1,60.0,2.7000382623206574,38571.97517600939,1,0.96008,0.9585865633860559,0.9617227802753386,0.97259,0.99298,34.030011335930475,0.0008347093643363211,EURCHF_merged,-68.70003826232066
2024-06-13 23:00:00,2024-06-14 02:00:00,-1.1,60.0,3.2400459147847886,46286.37021121127,1,0.96008,0.9588354694883798,0.9618223427162683,0.97259,0.99298,35.2490188068207,0.0008347093643363211,EURCHF_merged,-69.24004591478479
2024-06-13 23:00:00,2024-06-14 02:00:00,-1.1,60.0,3.2400459147847886,46286.37021121127,1,0.96008,0.9588354694883798,0.9616978896651063,0.97259,0.99298,34.030011335930475,0.0008347093643363211,EURCHF_merged,-69.24004591478479
2024-06-13 18:00:00,2024-06-14 05:00:00,-1.1,15.0,0.5754678943408722,8220.969919155317,1,0.84146,0.8399246702123808,0.843148862766381,0.84834,0.85403,34.83660391985453,0.0006569964981071002,EURGBP_merged,-17.07546789434087
2024-06-14 04:00:00,2024-06-14 05:00:00,1.3,30.0,0.8433247692579485,12047.49670368498,-1,176.397,176.83625390727696,175.82596992053993,167.301,172.713,64.48821518777224,0.3141333711714539,CHFJPY_merged,38.15667523074205
2024-06-14 06:00:00,2024-06-14 07:00:00,-1.1,30.0,1.0563209622149194,15090.299460213137,1,1.13591,1.1336517744366275,1.1390715157887215,1.13526,1.16766,31.843146903804502,0.001506520586849659,GBPCHF_merged,-34.05632096221492
2024-06-14 06:00:00,2024-06-14 09:00:00,-1.1,15.0,0.3461154163568666,4944.505947955237,1,0.64974,0.6477689031699859,0.6519082065130154,0.65956,0.67053,40.21666402707661,0.000853641577334872,CADCHF_merged,-16.846115416356866
2024-06-14 06:00:00,2024-06-14 16:00:00,1.5,30.0,0.9663802185125302,13805.431693036147,1,0.84107,0.8392423063384734,0.8438115404922898,0.85272,0.86203,44.200144086335406,0.0007477477362594882,EURGBP_merged,44.03361978148747
2024-06-14 04:00:00,2024-06-17 13:00:00,-1.1,15.0,0.24326676036286976,3475.239433755283,-1,176.397,177.15837343928007,175.4072145289359,167.301,172.713,63.69164213089859,0.3141333711714539,CHFJPY_merged,-16.74326676036287
2024-06-14 04:00:00,2024-06-17 13:00:00,-1.1,60.0,0.973067041451479,13900.957735021131,-1,176.397,177.15837343928007,175.25493984107987,167.301,172.713,64.91329120371924,0.3141333711714539,CHFJPY_merged,-66.97306704145149
2024-06-14 04:00:00,2024-06-17 15:00:00,-1.1,15.0,0.21810123342877977,3115.7319061254257,-1,176.397,177.24622422073546,175.29300851304387,167.301,172.713,64.08006886281095,0.3141333711714539,CHFJPY_merged,-16.71810123342878
2024-06-17 22:00:00,2024-06-18 03:00:00,-1.1,30.0,0.7285690048336865,10408.128640481236,-1,177.2,177.71075464030335,176.43386803954496,167.301,172.713,61.18690638325736,0.1897695143940525,CHFJPY_merged,-33.72856900483369
2024-06-18 07:00:00,2024-06-18 07:00:00,-1.1,30.0,1.4482067189217462,20688.667413167805,1,0.64589,0.6449534147858326,0.6471075607784176,0.65956,0.67053,33.45715753620494,0.0006569337040084078,CADCHF_merged,-34.448206718921746
2024-06-18 07:00:00,2024-06-18 08:00:00,-1.1,30.0,1.2068389324347883,17240.556177639835,1,0.64589,0.6447660977429991,0.6471262924827009,0.65956,0.67053,33.45715753620494,0.0006569337040084078,CADCHF_merged,-34.20683893243479
2024-06-18 07:00:00,2024-06-18 09:00:00,-1.1,30.0,0.8355038763010074,11935.769661442964,1,0.64589,0.6442665856287765,0.6483251215568352,0.65956,0.67053,32.6733814889981,0.0006569337040084078,CADCHF_merged,-33.835503876301004
2024-06-18 14:00:00,2024-06-18 21:00:00,-1.1,30.0,1.1430227235570372,16328.89605081482,1,1.90978,1.9062712876031727,1.9146921973555584,1.90919,1.93457,33.87179354046134,0.0022999171980360254,GBPAUD_merged,-34.14302272355704
2024-06-18 14:00:00,2024-06-18 21:00:00,-1.1,60.0,2.2860454471140743,32657.79210162964,1,1.90978,1.9062712876031727,1.9143413261158757,1.90919,1.94799,32.235143973355335,0.0022999171980360254,GBPAUD_merged,-68.28604544711408
2024-06-18 14:00:00,2024-06-19 01:00:00,-1.1,30.0,0.952518936297531,13607.413375679016,1,1.90978,1.905569545123807,1.9144115003638122,1.90919,1.94799,32.235143973355335,0.0022999171980360254,GBPAUD_merged,-33.95251893629753
2024-06-19 00:00:00,2024-06-19 02:00:00,-1.1,60.0,1.870152476711277,26716.463953018243,1,1.612,1.6083797604289969,1.6159822635281038,1.62128,1.64199,32.465050217123384,0.0015580159758709126,EURAUD_merged,-67.87015247671128
2024-06-19 00:00:00,2024-06-19 02:00:00,-1.1,30.0,1.1948196378988711,17068.851969983876,1,1.612,1.6091667690313889,1.6151165540654726,1.62128,1.64046,34.22693732586353,0.0015580159758709126,EURAUD_merged,-34.194819637898874
2024-06-19 00:00:00,2024-06-19 02:00:00,-1.1,30.0,1.4337835654786455,20482.622363980652,1,1.612,1.609638974192824,1.615069333549329,1.62128,1.64046,34.22693732586353,0.0015580159758709126,EURAUD_merged,-34.43378356547865
2024-06-19 00:00:00,2024-06-19 03:00:00,-1.1,30.0,0.8271828262376801,11816.897517681145,1,1.612,1.6079075552675617,1.618138667098658,1.62128,1.64046,33.38466847127697,0.0015580159758709126,EURAUD_merged,-33.82718282623768
2024-06-18 13:00:00,2024-06-20 03:00:00,1.1,15.0,0.48878819057029915,6982.68843671856,1,0.64431,0.6429259127551534,0.6458324959693313,0.65956,0.67053,34.65347439040882,0.0007511561183732591,CADCHF_merged,16.0112118094297
2024-06-18 14:00:00,2024-06-20 03:00:00,1.5,15.0,0.323044198086172,4614.917115516743,1,0.88452,0.8816450187884437,0.8888324718173344,0.89876,0.91579,31.355444539119357,0.0010867790041272365,USDCHF_merged,22.176955801913827
2024-06-18 14:00:00,2024-06-20 03:00:00,1.1,15.0,0.3651803978365424,5216.86282623632,1,0.88452,0.8819767473897772,0.8873175778712451,0.89876,0.91579,30.862463351428456,0.0010867790041272365,USDCHF_merged,16.134819602163457
2024-06-19 13:00:00,2024-06-20 03:00:00,-1.1,30.0,0.8873070738539918,12675.815340771313,-1,105.363,105.6123638409068,105.08869977500252,102.612,104.86,69.92355851585847,0.1032462711735506,AUDJPY_merged,-33.88730707385399
2024-06-18 13:00:00,2024-06-20 03:00:00,1.4,15.0,0.586545828684359,8379.226124062272,1,0.64431,0.6431565939626279,0.645924768452321,0.65956,0.67053,35.40125545377817,0.0007511561183732591,CADCHF_merged,20.413454171315642
2024-06-19 05:00:00,2024-06-20 03:00:00,-1.1,30.000000000000004,1.3987449730902282,19982.07104414612,1,1.60991,1.6074929682572292,1.613293844439879,1.62128,1.64199,35.01111392109555,0.0015891148883818542,EURAUD_merged,-34.39874497309024
2024-06-18 11:00:00,2024-06-20 03:00:00,1.2,15.000000000000002,0.28544819856840836,4077.8314081201197,-1,178.588,179.24492269539778,177.79969276552265,167.301,172.713,70.89924632489111,0.2387855877594689,CHFJPY_merged,17.714551801431593
2024-06-18 11:00:00,2024-06-20 03:00:00,1.3,30.000000000000004,1.1160919378433953,15944.170540619936,1,0.88447,0.8828058118296338,0.886633444621476,0.89876,0.91579,31.501623939526464,0.0011337831530838056,USDCHF_merged,37.883908062156614
2024-06-18 13:00:00,2024-06-20 03:00:00,1.3,30.0,1.173091657368718,16758.452248124544,1,0.64431,0.6431565939626279,0.6458094278485839,0.65956,0.67053,34.65347439040882,0.0007511561183732591,CADCHF_merged,37.826908342631285
2024-06-19 13:00:00,2024-06-20 04:00:00,-1.1,30.0,0.7849254884093002,11213.221262990004,-1,105.363,105.64488955928594,104.94016566107109,102.612,104.86,69.0954711906651,0.1032462711735506,AUDJPY_merged,-33.7849254884093
2024-06-19 13:00:00,2024-06-20 05:00:00,-1.1,15.0,0.35186314997658286,5026.616428236898,-1,105.363,105.67741527766509,104.95426013903538,102.612,104.86,67.52805749461713,0.1032462711735506,AUDJPY_merged,-16.851863149976584
2024-06-20 07:00:00,2024-06-20 09:00:00,-1.1,30.0,1.2598408064173912,17997.72580596273,-1,158.417,158.68106169597414,158.12653213442846,154.548,157.707,69.63760234455846,0.11196590210135864,USDJPY_merged,-34.259840806417394
2024-06-18 23:00:00,2024-06-20 11:00:00,1.1,30.0,0.9723484931484779,13890.692759263971,-1,0.91411,0.9160842211907834,0.9119383566901382,0.9045,0.9125,67.12479924337084,0.0008477601080802481,AUDCAD_merged,32.02765150685152
2024-06-19 04:00:00,2024-06-20 12:00:00,1.5,30.0,0.873023353594773,12471.762194211044,-1,0.91507,0.9172711404300784,0.9117682893548826,0.87809,0.9125,68.04679773016592,0.0008211215821708214,AUDCAD_merged,44.126976646405225
2024-06-21 00:00:00,2024-06-21 03:00:00,1.3,15.0,0.7678146105329405,10968.78015047058,-1,116.13,116.28880981988003,115.92354723415595,112.959,115.542,71.93749615865855,0.10102512659240702,CADJPY_merged,18.73218538946706
2024-06-21 04:00:00,2024-06-21 07:00:00,-1.1,30.0,1.3542796540709043,19346.85220101292,-1,115.937,116.1167765323197,115.70329050798438,112.959,115.542,61.117376868157464,0.12193309143600935,CADJPY_merged,-34.35427965407091
2024-06-21 12:00:00,2024-06-21 16:00:00,-1.1,30.0,1.2642636887314591,18060.909839020846,-1,159.451,159.7158554276964,159.10668794399467,154.548,157.707,69.60758650937842,0.17038669333586742,USDJPY_merged,-34.26426368873146
2024-06-21 15:00:00,2024-06-23 20:00:00,-1.1,15.0,0.4494513695123072,6420.733850175818,-1,159.538,159.9107097331615,159.12801929352236,154.548,157.707,71.37907786263054,0.15618715935091257,USDJPY_merged,-16.949451369512307
2024-06-24 06:00:00,2024-06-24 06:00:00,1.3,14.999999999999998,0.28720622658096495,4102.946094013785,-1,97.795,98.1525296790129,97.33021141728322,95.264,95.389,58.08862249713999,0.15226566076767858,NZDJPY_merged,19.212793773419037
2024-06-25 11:00:00,2024-06-25 17:00:00,-1.2551878577540003,15.0,0.5658700485714754,8083.857836735363,1,0.84441,0.8428431552761305,0.8461335291962565,0.8397,0.85403,41.00777074319233,0.0006718627767175,EURGBP_merged,-19.393687914881482
2024-06-26 20:00:00,2024-06-27 00:00:00,1.3,30.0,1.5139826053714602,21628.322933878004,-1,160.627,160.84980090854629,160.33735881888987,154.548,157.707,71.059384528376,0.1528529433857822,USDJPY_merged,37.48601739462854
2024-06-26 11:00:00,2024-06-27 08:00:00,1.1,30.0,0.9372512447281713,13389.303496116734,1,1.068,1.065607045055832,1.070632250438585,1.06676,1.0916,37.24702822036116,0.0010589569650368076,EURUSD_merged,32.062748755271826
2024-06-26 22:00:00,2024-06-27 20:00:00,-1.1,30.0,0.7043310815705489,10061.872593864986,-1,160.493,160.97151828326028,159.87092623176162,154.548,157.707,61.179745577101386,0.1622201399601906,USDJPY_merged,-33.70433108157055
2024-06-26 22:00:00,2024-06-27 20:00:00,-1.1,30.0,0.785600052520997,11222.857893157101,-1,160.493,160.92201639188852,159.8494754121672,154.548,157.707,60.330750604837824,0.1622201399601906,USDJPY_merged,-33.785600052521
2024-06-26 20:00:00,2024-06-27 20:00:00,-1.1,30.0,0.9873799600248654,14105.428000355221,-1,160.627,160.96862805977094,160.25120913425198,154.548,157.707,71.90647714390708,0.1528529433857822,USDJPY_merged,-33.98737996002487
2024-06-26 13:00:00,2024-06-27 20:00:00,-1.1,30.0,1.265925120811746,18084.644583024943,-1,160.638,160.90447689855756,160.26493234201945,154.548,157.707,73.88768106342073,0.1708190324403848,USDJPY_merged,-34.265925120811744
2024-06-26 22:00:00,2024-06-27 20:00:00,-1.1,15.0,0.3928000262604985,5611.4289465785505,-1,160.493,160.92201639188852,159.9352786905449,154.548,157.707,61.445056965422935,0.1622201399601906,USDJPY_merged,-16.8928000262605
2024-06-24 07:00:00,2024-06-28 13:00:00,-1.1,30.0,0.46454199027429643,6636.314146775664,-1,97.68,98.12157041622628,97.10595845890586,95.264,95.389,54.884974919190554,0.15453239928427281,NZDJPY_merged,-33.4645419902743
2024-06-30 22:00:00,2024-07-01 09:00:00,-1.1,29.999999999999996,0.5560154406603898,7943.0777237198545,-1,172.966,173.61927070695842,171.9860939395624,167.52,170.888,70.08702609601298,0.24473953819942887,EURJPY_merged,-33.55601544066039
2024-07-01 11:00:00,2024-07-02 03:00:00,1.3,30.0,1.1383320522641773,16261.88646091682,-1,204.425,204.80212414329907,203.93473861371123,197.196,200.734,64.88908216630242,0.25188637442323447,GBPJPY_merged,37.861667947735825
2024-07-01 11:00:00,2024-07-02 20:00:00,-1.1,30.0,0.7423904688679418,10605.578126684884,-1,204.425,205.00325701972525,203.78891727830225,197.196,200.734,65.4010917681414,0.25188637442323447,GBPJPY_merged,-33.74239046886794
2024-07-01 11:00:00,2024-07-02 23:00:00,-1.1,29.999999999999996,0.6567300301524098,9381.857573605856,-1,204.425,205.07868184838506,203.44447722742242,197.196,200.734,65.14924275233638,0.25188637442323447,GBPJPY_merged,-33.65673003015241
2024-06-30 22:00:00,2024-07-03 00:00:00,-1.1,15.0,0.2492483009856919,3560.690014081313,-1,172.966,173.69464809622283,172.01875747491033,167.52,170.888,68.82354502309464,0.24473953819942887,EURJPY_merged,-16.74924830098569
2024-07-01 04:00:00,2024-07-03 00:00:00,-1.1,30.0,0.6694358827915764,9563.369754165378,-1,173.165,173.7082133373006,172.56746532896932,167.52,170.888,72.10545341413346,0.24130973245056098,EURJPY_merged,-33.669435882791575
2024-07-02 17:00:00,2024-07-03 01:00:00,-1.1,15.0,0.4235475088830714,6050.678698329592,-1,117.987,118.2794969393084,117.54825459103738,112.959,115.542,64.02786490000945,0.1120346211815746,CADJPY_merged,-16.923547508883072
2024-07-02 17:00:00,2024-07-03 02:00:00,-1.1,14.999999999999998,0.37973224934344335,5424.746419192048,-1,117.987,118.31324658615168,117.5628794380028,112.959,115.542,63.18855427779713,0.1120346211815746,CADJPY_merged,-16.879732249343444
2024-07-03 10:00:00,2024-07-03 10:00:00,1.2,14.999999999999998,0.41305494490888606,5900.784927269801,-1,118.435,118.73606587884436,118.07372094538678,112.959,115.542,67.07508579144232,0.12954326169893096,CADJPY_merged,17.58694505509111
2024-07-03 10:00:00,2024-07-03 10:00:00,1.2,60.0,1.7112276289082429,24446.108984403472,-1,118.435,118.72568429681525,118.08617884382171,112.959,115.542,67.07508579144232,0.12954326169893096,CADJPY_merged,70.28877237109175
2024-07-03 14:00:00,2024-07-03 15:00:00,-1.1,30.0,1.1338629401525364,16198.042002179092,-1,205.688,206.0689497468379,205.1546703544269,197.196,200.734,68.71891710073007,0.25439746232823096,GBPJPY_merged,-34.13386294015254
2024-07-03 14:00:00,2024-07-03 15:00:00,-1.1,30.0,1.1338629401525364,16198.042002179092,-1,205.688,206.0689497468379,205.1927653291107,197.196,200.734,68.81985410964192,0.25439746232823096,GBPJPY_merged,-34.13386294015254
2024-07-03 13:00:00,2024-07-04 06:00:00,1.1,15.0,0.48480860674670523,6925.837239238646,-1,206.019,206.46519659591362,205.52818374449504,197.196,200.734,66.06943615689623,0.2539664978919417,GBPJPY_merged,16.015191393253296
2024-07-03 13:00:00,2024-07-04 07:00:00,-1.1,30.000000000000004,0.8967749908513053,12811.071297875791,-1,0.67138,0.672952187019468,0.6693361568746915,0.65753,0.6704,65.06542329877296,0.001037544345384983,AUDUSD_merged,-33.89677499085131
2024-07-03 11:00:00,2024-07-05 08:00:00,1.2,60.0,1.370368459708661,19576.6922815523,-1,118.348,118.710721132757,117.9127346406916,112.959,115.542,71.48299883832604,0.13757588586329336,CADJPY_merged,70.62963154029134
2024-07-03 11:00:00,2024-07-05 08:00:00,1.2,60.0,1.3231143748911205,18901.63392701601,-1,118.348,118.7236754589269,117.89718944928772,112.959,115.542,71.48299883832604,0.13757588586329336,CADJPY_merged,70.67688562510888
2024-07-07 18:00:00,2024-07-07 23:00:00,-1.1,30.0,1.2450672302882295,17786.67471840328,-1,0.91953,0.9210809307072141,0.9175137900806216,0.9045,0.91819,69.59255355192283,0.0010386713901801444,AUDCAD_merged,-34.24506723028823
2024-07-03 14:00:00,2024-07-09 13:00:00,-1.1,60.0,1.0631311611619503,15187.588016599291,-1,108.325,108.75294813718257,107.81146223538092,102.612,104.86,69.94527052624669,0.14267058579737438,AUDJPY_merged,-67.06313116116195
2024-07-03 14:00:00,2024-07-09 13:00:00,-1.1,90.0,1.651650196805173,23595.002811502476,-1,108.325,108.73819130486594,107.82917043416089,102.612,104.86,69.94527052624669,0.14267058579737438,AUDJPY_merged,-100.65165019680519
2024-07-10 17:00:00,2024-07-11 02:00:00,-1.1,15.000000000000002,0.5162321505039107,7374.745007198724,-1,174.908,175.2637573851623,174.44551539928895,167.52,170.888,61.34051740203001,0.12498389180074757,EURJPY_merged,-17.016232150503914
2024-07-11 09:00:00,2024-07-11 15:00:00,-1.1,15.0,0.34635141163191574,4947.877309027368,-1,2.11121,2.1176103507003337,2.1028895440895656,2.06104,2.08583,60.70091057027889,0.002508696678690729,GBPNZD_merged,-16.846351411631915
2024-07-11 08:00:00,2024-07-11 18:00:00,-1.1,15.0,0.4274003219431123,6105.718884901605,-1,2.1153,2.1204966853695906,2.1075049719456143,2.06104,2.08583,59.29363460613394,0.0024616733462823055,GBPNZD_merged,-16.92740032194311
2024-07-12 16:00:00,2024-07-14 17:00:00,1.1,30.0,1.2293083694518911,17561.548135027017,-1,1.77016,1.773183924746935,1.7668336827783713,1.72487,1.76046,80.46987280631089,0.0016135326075458827,GBPCAD_merged,31.770691630548107
2024-07-14 20:00:00,2024-07-15 03:00:00,-1.1,15.0,0.6981483228639574,9973.547469485107,-1,1.76952,1.7721813198644925,1.7657941521897105,1.72487,1.76046,72.3668958110769,0.0017231980113525435,GBPCAD_merged,-17.198148322863958
2024-07-14 20:00:00,2024-07-15 03:00:00,-1.1,15.0,0.6981483228639574,9973.547469485107,-1,1.76952,1.7721813198644925,1.7660602841761597,1.72487,1.76046,72.59520862539064,0.0017231980113525435,GBPCAD_merged,-17.198148322863958
2024-07-14 19:00:00,2024-07-15 06:00:00,1.1,30.0,1.6819985249158418,24028.5503559406,1,0.83947,0.8384219093067646,0.840622899762559,0.8397,0.84989,32.94370941134354,0.000556395992542082,EURGBP_merged,31.31800147508416
2024-07-14 20:00:00,2024-07-15 09:00:00,-1.1,30.0,1.1635805381065958,16622.579115808512,-1,1.76952,1.772713583837391,1.7660070577788698,1.72487,1.76046,72.59520862539064,0.0017231980113525435,GBPCAD_merged,-34.163580538106594
2024-07-16 18:00:00,2024-07-16 18:00:00,-1.1,30.0,0.8517513114589099,12167.875877984428,1,0.54061,0.5392771215121989,0.5420761663365813,0.54026,0.55254,42.83826729319061,0.0009218817595799717,NZDCHF_merged,-33.85175131145891
2024-07-12 12:00:00,2024-07-17 04:00:00,-1.1,60.00000000000001,1.3150647126728892,18786.638752469848,-1,1.29839,1.3025367449833067,1.2934139060200318,1.26125,1.28604,74.95001320589928,0.0013677754872657075,GBPUSD_merged,-67.3150647126729
2024-07-17 08:00:00,2024-07-18 02:00:00,1.5,15.0,0.8510120987049682,12157.31569578526,-1,1.78171,1.7839083183351292,1.778412522497306,1.72487,1.76046,74.66375042874711,0.0014951494455562586,GBPCAD_merged,21.648987901295033
2024-07-17 08:00:00,2024-07-18 02:00:00,1.5,15.0,0.8510120987049682,12157.31569578526,-1,1.78171,1.7839083183351292,1.778412522497306,1.72487,1.76046,76.42282912447834,0.0014951494455562586,GBPCAD_merged,21.648987901295033
2024-07-17 08:00:00,2024-07-18 02:00:00,1.2,15.0,0.6718516568723433,9597.880812462048,-1,1.78171,1.7844945365578304,1.7783685561306033,1.72487,1.76046,76.42282912447834,0.0014951494455562586,GBPCAD_merged,17.32814834312766
2024-07-17 08:00:00,2024-07-18 02:00:00,1.5,15.0,0.8510120987049682,12157.31569578526,-1,1.78171,1.7839083183351292,1.778412522497306,1.72487,1.76046,73.3807701896305,0.0014951494455562586,GBPCAD_merged,21.648987901295033
2024-07-22 11:00:00,2024-07-22 20:00:00,-1.1,60.0,2.567649329046816,36680.7047006688,-1,1.94484,1.948021247496531,1.9400681287552033,1.89003,1.93457,71.59026706042788,0.0020693436883287954,GBPAUD_merged,-68.56764932904682
2024-07-22 11:00:00,2024-07-22 20:00:00,-1.1,15.0,0.5349269435514199,7641.813479305999,-1,1.94484,1.9486574969958372,1.9398772539054114,1.89003,1.93457,73.23821888022141,0.0020693436883287954,GBPAUD_merged,-17.03492694355142
2024-07-22 11:00:00,2024-07-22 20:00:00,-1.1,60.0,2.567649329046816,36680.7047006688,-1,1.94484,1.948021247496531,1.9400681287552033,1.89003,1.93457,73.23821888022141,0.0020693436883287954,GBPAUD_merged,-68.56764932904682
2024-07-22 11:00:00,2024-07-22 20:00:00,-1.1,60.0,2.567649329046816,36680.7047006688,-1,1.94484,1.948021247496531,1.9400681287552033,1.89003,1.93457,75.10904878177668,0.0020693436883287954,GBPAUD_merged,-68.56764932904682
2024-07-22 14:00:00,2024-07-23 00:00:00,-1.1,30.0,1.3489998587200054,19271.426553142937,-1,1.63919,1.6417417415570867,1.6353623876643697,1.59967,1.61766,74.10726841936473,0.001647506678196579,EURAUD_merged,-34.348999858720006
2024-07-22 14:00:00,2024-07-23 00:00:00,-1.1,30.0,1.3489998587200054,19271.426553142937,-1,1.63919,1.6417417415570867,1.6353623876643697,1.59967,1.61766,75.51384586246105,0.001647506678196579,EURAUD_merged,-34.348999858720006
2024-07-22 14:00:00,2024-07-23 00:00:00,-1.1,30.0,1.3489998587200054,19271.426553142937,-1,1.63919,1.6417417415570867,1.6353623876643697,1.59967,1.61766,77.14831416298173,0.001647506678196579,EURAUD_merged,-34.348999858720006
2024-07-22 22:00:00,2024-07-23 01:00:00,-1.1,15.0,0.6172849783953113,8818.356834218734,-1,1.63964,1.6424290229962755,1.6360142701048417,1.59961,1.61766,71.55027917316778,0.0015766388472850381,EURAUD_merged,-17.11728497839531
2024-07-22 12:00:00,2024-07-23 01:00:00,-1.1,29.999999999999996,0.9882572813590302,14117.961162271862,-1,1.63901,1.6424928187607855,1.6348306174870577,1.59967,1.61766,78.47607761819509,0.0017835580409853527,EURAUD_merged,-33.98825728135903
2024-07-24 02:00:00,2024-07-24 05:00:00,-1.1,14.999999999999998,0.3896400233656834,5566.286048081191,1,0.52786,0.5264375254933711,0.5294247219572918,0.54026,0.55254,30.342252028313702,0.0007004345923634656,NZDCHF_merged,-16.889640023365683
2024-07-24 08:00:00,2024-07-24 08:00:00,-1.1,15.0,0.517188084062153,7388.4012008879,1,0.58552,0.5843312719164541,0.587303092125319,0.58608,0.60819,24.249250871946302,0.0008358792898141745,AUDCHF_merged,-17.017188084062152
2024-07-24 08:00:00,2024-07-24 08:00:00,-1.1,15.0,0.517188084062153,7388.4012008879,1,0.58552,0.5843312719164541,0.587303092125319,0.58608,0.60819,25.65249380981395,0.0008358792898141745,AUDCHF_merged,-17.017188084062152
2024-07-24 08:00:00,2024-07-24 09:00:00,-1.1,15.0,0.40830638215433135,5832.948316490449,1,0.58552,0.5840142777608418,0.5873268666869899,0.58608,0.60819,24.249250871946302,0.0008358792898141745,AUDCHF_merged,-16.908306382154333
2024-07-24 08:00:00,2024-07-24 09:00:00,-1.1,15.000000000000002,0.4309900700517941,6157.001000739917,1,0.58552,0.5840935262997449,0.5873744158103317,0.58608,0.60819,25.65249380981395,0.0008358792898141745,AUDCHF_merged,-16.9309900700518
2024-07-24 02:00:00,2024-07-24 09:00:00,-1.1,15.0,0.20015665944193353,2859.3808491704795,1,91.654,91.17319311469164,92.37521032796252,95.264,99.016,22.95979385187548,0.20697172388225318,NZDJPY_merged,-16.700156659441934
2024-07-25 02:00:00,2024-07-25 03:00:00,-1.1,14.999999999999998,0.1615407491772729,2307.724988246756,1,99.992,99.3420612041561,100.96690819376587,102.612,109.369,21.269017278739884,0.27739765049598847,AUDJPY_merged,-16.661540749177274
2024-07-25 09:00:00,2024-07-25 12:00:00,1.2,15.0,0.34171930172374454,4881.704310339208,1,0.65329,0.6512826375345501,0.65569883495854,0.65753,0.67983,37.56086113825242,0.0011110418064228952,AUDUSD_merged,17.658280698276254
2024-07-25 09:00:00,2024-07-25 13:00:00,1.3,15.0,0.3607037073750637,5152.910105358053,1,0.65329,0.6513882881906264,0.6557622253521858,0.65753,0.67983,36.15205813802925,0.0011110418064228952,AUDUSD_merged,19.139296292624937
2024-07-25 10:00:00,2024-07-25 15:00:00,-1.1,15.0,0.41765321879008516,5966.474554144074,1,0.59035,0.5888658321015801,0.59257625184763,0.60472,0.61532,35.96145031593883,0.000998770603783783,NZDUSD_merged,-16.917653218790086
2024-07-25 10:00:00,2024-07-25 16:00:00,-1.1,15.0,0.31323991409256385,4474.8559156080555,1,0.59035,0.5883711094687735,0.5925267795843493,0.60472,0.61532,35.628856271538766,0.000998770603783783,NZDUSD_merged,-16.813239914092563
2024-08-01 07:00:00,2024-08-01 10:00:00,-1.1,30.0,0.8561639772405286,12230.91396057898,1,0.94587,0.9435499689629525,0.9488860403481617,0.94778,0.97732,33.6587802853813,0.0013018414080006747,EURCHF_merged,-33.85616397724053
2024-08-01 07:00:00,2024-08-01 10:00:00,-1.1,15.0,0.5136983863443172,7338.5483763473885,1,0.94587,0.9439366408024604,0.9487700387963093,0.94778,0.97732,33.521965177513316,0.0013018414080006747,EURCHF_merged,-17.013698386344316
2024-08-01 06:00:00,2024-08-01 10:00:00,-1.1,30.0,0.8208176088670573,11725.965840957962,1,0.94514,0.9427219305305359,0.9480416833633569,0.94778,0.97732,29.729107623920044,0.0012889061316930194,EURCHF_merged,-33.82081760886706
2024-08-01 06:00:00,2024-08-01 10:00:00,-1.1,15.0,0.5198511522824695,7426.445032606708,1,0.94514,0.9432309977872652,0.9480035033191022,0.94778,0.97732,30.468199717777257,0.0012889061316930194,EURCHF_merged,-17.01985115228247
2024-08-01 16:00:00,2024-08-02 08:00:00,-1.1,30.000000000000004,0.6789138246563311,9698.768923661873,1,0.9426,0.939684372230891,0.9460987533229308,0.94778,0.97732,28.81450178781809,0.0014806451503164466,EURCHF_merged,-33.67891382465634
2024-08-01 14:00:00,2024-08-02 08:00:00,-1.1,30.0,0.7198006912464102,10282.867017805862,1,0.94258,0.9398300470976592,0.946154938773043,0.94778,0.97732,24.40014805087125,0.0015171979258107556,EURCHF_merged,-33.71980069124641
2024-08-20 14:00:00,2024-08-21 03:00:00,1.5,15.0,0.569046387300592,8129.2341042941725,-1,0.83769,0.8392356991198424,0.8353714513202365,0.81136,0.83852,75.74147588652403,0.0010340042170452685,NZDCAD_merged,21.93095361269941
2024-08-20 14:00:00,2024-08-21 03:00:00,1.5,15.0,0.569046387300592,8129.2341042941725,-1,0.83769,0.8392356991198424,0.8353714513202365,0.81136,0.83852,77.39441635852748,0.0010340042170452685,NZDCAD_merged,21.93095361269941
2024-08-20 13:00:00,2024-08-21 07:00:00,1.3,15.0,0.4599974127313332,6571.3916104476175,-1,0.83749,0.8394016727087193,0.8350048254786648,0.81136,0.83852,73.95176152124994,0.0010304660798949067,NZDCAD_merged,19.040002587268667
2024-08-20 12:00:00,2024-08-21 07:00:00,1.2,15.000000000000002,0.4334524831759939,6192.178331085627,-1,0.83735,0.8393784057287152,0.8349159131255418,0.81136,0.83852,74.66605181801216,0.0010620403937329713,NZDCAD_merged,17.566547516824006
2024-08-20 20:00:00,2024-08-21 10:00:00,1.5,30.0,1.7586225444862293,25123.179206946137,-1,1.11274,1.1140687410691545,1.1107468883962681,1.07774,1.0948,73.83061552278933,0.0008739825666195127,EURUSD_merged,43.24137745551377
2024-08-20 23:00:00,2024-08-21 11:00:00,-1.1,30.0,1.0544693355326833,15063.847650466907,-1,0.6148,0.6160243883785845,0.6129634174321231,0.58493,0.61532,64.95640591984663,0.0008072404248380743,NZDUSD_merged,-34.05446933553268
2024-08-20 23:00:00,2024-08-21 11:00:00,-1.1,29.999999999999996,0.878724446277236,12553.206375389087,-1,0.6148,0.6162692660543014,0.612889954129408,0.58493,0.61532,64.95640591984663,0.0008072404248380743,NZDUSD_merged,-33.87872444627724
2024-08-20 23:00:00,2024-08-21 11:00:00,-1.1,30.0,1.0544693355326833,15063.847650466907,-1,0.6148,0.6160243883785845,0.6129634174321231,0.58493,0.61532,63.067519374151324,0.0008072404248380743,NZDUSD_merged,-34.05446933553268
2024-08-20 23:00:00,2024-08-21 11:00:00,-1.1,30.0,0.8324757912100132,11892.51130300019,-1,0.6148,0.6163508919462071,0.6129389296645514,0.58493,0.61532,63.067519374151324,0.0008072404248380743,NZDUSD_merged,-33.832475791210015
2024-08-20 23:00:00,2024-08-21 11:00:00,-1.1,15.0,0.5272346677663416,7531.9238252334535,-1,0.6148,0.6160243883785845,0.6129634174321231,0.58493,0.61532,65.85512972247687,0.0008072404248380743,NZDUSD_merged,-17.02723466776634
2024-08-20 16:00:00,2024-08-21 14:00:00,-1.1,15.000000000000002,0.41513770435515757,5930.538633645108,-1,0.6153,0.6168562667356451,0.6132768532436613,0.58493,0.61532,73.91075408353986,0.0008292645858486751,NZDUSD_merged,-16.91513770435516
2024-08-21 16:00:00,2024-08-22 04:00:00,-1.1,30.0,0.9253491444450884,13219.273492072693,-1,1.30898,1.3119506171086899,1.3054152594695723,1.26648,1.30443,68.95531849839479,0.001506805353870925,GBPUSD_merged,-33.925349144445086
2024-08-21 13:00:00,2024-08-22 04:00:00,-1.1,30.0,1.5571319797465477,22244.742567807825,1,1.35896,1.3571272613258738,1.3613425602763638,1.35884,1.39464,31.735568631418108,0.0009990318556999777,USDCAD_merged,-34.55713197974655
2024-08-21 16:00:00,2024-08-22 04:00:00,-1.1,30.000000000000004,1.172108916297112,16744.413089958744,-1,1.30898,1.311325224033176,1.305462163950236,1.26648,1.30443,69.02898438026604,0.001506805353870925,GBPUSD_merged,-34.17210891629712
2024-08-21 13:00:00,2024-08-22 04:00:00,-1.1,29.999999999999996,1.8685583756958573,26693.69108136939,1,1.35896,1.3574327177715615,1.3612509233426575,1.35884,1.39464,30.830662690632867,0.0009990318556999777,USDCAD_merged,-34.868558375695855
2024-08-21 13:00:00,2024-08-22 10:00:00,1.2,30.0,1.4751776650230453,21073.966643186362,1,1.35896,1.3570254425106447,1.3612814689872264,1.35884,1.39464,30.830662690632867,0.0009990318556999777,USDCAD_merged,34.52482233497695
2024-08-21 13:00:00,2024-08-22 10:00:00,1.1,15.0,0.7007093908859465,10010.134155513522,1,1.35896,1.3569236236954154,1.3612000139350429,1.35884,1.39464,32.1427844535365,0.0009990318556999777,USDCAD_merged,15.799290609114053
2024-08-25 19:00:00,2024-08-27 01:00:00,-1.1,15.0,0.5028149406078697,7183.070580112425,1,1.79778,1.794025797712936,1.802660462973183,1.80662,1.86478,32.37723124707438,0.0020588345131679134,EURNZD_merged,-17.00281494060787
2024-08-25 19:00:00,2024-08-27 02:00:00,-1.1,60.0,1.8101337861883309,25859.05408840473,1,1.79778,1.7936086641254845,1.802368469461967,1.80662,1.86478,32.922040527328065,0.0020588345131679134,EURNZD_merged,-67.81013378618833
2024-08-25 17:00:00,2024-08-27 13:00:00,-1.1,29.999999999999996,0.9259311256512668,13227.587509303812,-1,1.32179,1.3247878028852282,1.3172932956721577,1.26648,1.30443,74.4577968987758,0.001980782738474619,GBPUSD_merged,-33.92593112565127
2024-08-25 17:00:00,2024-08-27 14:00:00,-1.1,30.0,0.7309982570931055,10442.832244187222,-1,1.32179,1.325587216987956,1.317233339614453,1.26648,1.30443,75.70202872165176,0.001980782738474619,GBPUSD_merged,-33.730998257093106
2024-08-28 23:00:00,2024-08-29 00:00:00,-1.1,30.0,0.9558308787792134,13654.72683970305,1,1.77308,1.7691844698568897,1.7789232952146654,1.80662,1.86478,24.272158960805015,0.0026529472314492076,EURNZD_merged,-33.95583087877921
2024-08-29 00:00:00,2024-08-30 03:00:00,1.0,15.0,0.34761835186245493,4965.976455177928,1,2.1002,2.0938562325084824,2.1065437674915177,2.10985,2.19071,25.74064435839286,0.002961495829582678,GBPNZD_merged,14.652381648137546
2024-10-04 10:00:00,2024-10-09 10:00:00,-1.1,60.0,1.5784056888359004,22548.65269765572,1,1.09733,1.094410100488361,1.1002498995116388,1.10019,1.12015,30.843930810426812,0.00139611202895598,EURUSD_merged,-67.5784056888359
2024-10-29 00:00:00,2024-10-29 00:00:00,-0.06926991028128565,29.999999999999996,0.7510186997312129,10728.838567588757,1,0.56791,0.5663220089147889,0.5694979910852112,0.57303,0.58695,27.424070996280392,0.0007407443574062846,AUDCHF_merged,-2.829116008169782
2024-10-29 02:00:00,2024-10-29 03:00:00,1.4,15.0,0.533684728825812,7624.067554654458,1,0.56852,0.5674014632164699,0.5700859514969423,0.57303,0.58695,33.87479410761779,0.0007295703898044103,AUDCHF_merged,20.46631527117419
2024-10-29 00:00:00,2024-10-29 08:00:00,1.1,15.0,0.2920628276732494,4172.326109617849,1,0.56791,0.5658682971761572,0.5701558731062272,0.57303,0.58695,24.284033543383728,0.0007407443574062846,AUDCHF_merged,16.20793717232675
2024-10-29 00:00:00,2024-10-29 10:00:00,-1.1,15.000000000000002,0.39117419639294737,5588.202805613534,1,0.65643,0.654667993440376,0.6585444078715487,0.66217,0.69418,31.49723037538188,0.0008284042610582062,AUDUSD_merged,-16.89117419639295
2024-10-29 04:00:00,2024-10-29 14:00:00,-1.1,60.00000000000001,1.462582303781667,20894.032911166672,-1,1.64516,1.6498842961863645,1.639018414957726,1.60038,1.63528,65.34835827999424,0.0020137531187186205,EURAUD_merged,-67.46258230378169
2024-10-29 04:00:00,2024-10-29 14:00:00,-1.1,15.000000000000002,0.36564557594541675,5223.508227791668,-1,1.64516,1.6498842961863645,1.6394908445763625,1.60038,1.63528,65.25744552585194,0.0020137531187186205,EURAUD_merged,-16.865645575945422
2024-10-29 04:00:00,2024-10-29 16:00:00,-1.1,60.0,1.9509205030048058,27870.292900068656,1,0.56957,0.5683438126713438,0.5712866622601186,0.57303,0.58695,41.14160054557743,0.0008126397748824043,AUDCHF_merged,-67.95092050300481
2024-10-29 04:00:00,2024-10-29 19:00:00,-1.1,60.00000000000001,1.2459034439621608,17798.62062803087,-1,1.64516,1.650705912914428,1.6390594957941291,1.60038,1.63528,64.90473267663131,0.0020137531187186205,EURAUD_merged,-67.24590344396218
2024-10-29 21:00:00,2024-10-29 22:00:00,-1.1,30.0,0.6998356156566706,9997.651652238153,-1,1.98159,1.9875361663666478,1.9750492169966873,1.91234,1.97004,69.30933565717542,0.002282120708106425,GBPAUD_merged,-33.69983561565667
2024-10-29 13:00:00,2024-10-29 22:00:00,-1.1,15.0,0.4175239300055618,5964.627571508026,-1,1.98278,1.9877663465310174,1.9777936534689826,1.91234,1.95844,78.52211523192774,0.0022353410682865956,GBPAUD_merged,-16.91752393000556
2024-10-29 14:00:00,2024-10-30 04:00:00,1.0,15.0,0.3726738670079287,5323.912385827553,-1,1.98346,1.9890483526707166,1.9778716473292834,1.91234,1.95844,75.08826458853943,0.0021813881348375637,GBPAUD_merged,14.62732613299207
2024-10-29 14:00:00,2024-10-30 04:00:00,1.1,15.0,0.31056155583994055,4436.593654856294,-1,1.98346,1.9901660232048597,1.9760833744746542,1.91234,1.95844,74.4836227916397,0.0021813881348375637,GBPAUD_merged,16.18943844416006
2024-10-29 14:00:00,2024-10-30 04:00:00,1.2,15.0,0.423493030690828,6049.900438440401,-1,1.98346,1.9883777503502305,1.9775586995797234,1.91234,1.97004,75.08826458853943,0.0021813881348375637,GBPAUD_merged,17.576506969309172
2024-10-30 03:00:00,2024-10-30 04:00:00,1.2,14.999999999999998,0.3678059791301975,5254.371130431394,-1,1.98291,1.9885707440284786,1.9761171071658257,1.91234,1.97004,54.20849170034649,0.002653964980441701,GBPAUD_merged,17.6321940208698
2024-10-29 14:00:00,2024-10-30 05:00:00,1.4,15.0,0.32127057500683504,4589.579642954786,-1,1.98346,1.989942489098031,1.9743845152627564,1.91234,1.97004,74.4836227916397,0.0021813881348375637,GBPAUD_merged,20.678729424993165
2024-10-29 02:00:00,2024-10-30 07:00:00,1.3,15.0,0.34805525792987746,4972.217970426821,1,0.56852,0.5668049102652537,0.5707496166551702,0.57303,0.58695,34.20700965062518,0.0007295703898044103,AUDCHF_merged,19.15194474207012
2024-10-30 05:00:00,2024-10-30 07:00:00,1.2,60.00000000000001,1.3236781570291574,18909.687957559392,-1,1.97639,1.9826610394939435,1.968864752607268,1.91234,1.97004,46.09991823845796,0.0028525004168094533,GBPAUD_merged,70.67632184297084
2024-10-30 15:00:00,2024-10-31 05:00:00,-1.1,15.0,0.4644302113520252,6634.717305028932,-1,1.5096,1.5130129562660999,1.5051631568540702,1.48619,1.50952,60.14616035446312,0.0014571873124005967,EURCAD_merged,-16.964430211352024
2024-10-30 15:00:00,2024-10-31 05:00:00,-1.1,60.0,1.857720845408101,26538.86922011573,-1,1.5096,1.5130129562660999,1.5055044524806802,1.48619,1.50952,60.40085856596337,0.0014571873124005967,EURCAD_merged,-67.8577208454081
2024-10-30 15:00:00,2024-10-31 05:00:00,-1.1,15.0,0.39562573559616954,5651.796222802423,-1,1.5096,1.5136065138775956,1.505192834734645,1.48619,1.50952,59.09479750337858,0.0014571873124005967,EURCAD_merged,-16.89562573559617
2024-10-30 02:00:00,2024-10-31 07:00:00,-1.1,30.0,0.6651216363682293,9501.737662403277,-1,1.65096,1.6561726044477083,1.6441836142179793,1.60038,1.63528,58.18759380777839,0.002268753348453642,EURAUD_merged,-33.66512163636823
2024-10-31 09:00:00,2024-10-31 10:00:00,-1.1,60.0,1.707808586098163,24397.265515688046,-1,1.50973,1.513442866917063,1.5052745596995245,1.48619,1.50952,58.81008062547329,0.0016868406808018559,EURCAD_merged,-67.70780858609817
2024-10-31 16:00:00,2024-11-01 02:00:00,1.4,29.999999999999996,0.7349345140942324,10499.064487060463,1,1.11381,1.110627402156051,1.1182656369815285,1.11202,1.13694,32.791559988764426,0.00209232247482557,GBPCHF_merged,41.26506548590576
2024-10-31 11:00:00,2024-11-01 08:00:00,1.3,14.999999999999998,0.2878606576870517,4112.295109815025,-1,1.82415,1.8308037661498788,1.8155001040051573,1.74885,1.8078,60.34072714760514,0.002874160246845553,EURNZD_merged,19.21213934231295
2024-10-31 11:00:00,2024-11-01 08:00:00,1.2,29.999999999999996,0.5757213153741034,8224.59021963005,-1,1.82415,1.8308037661498788,1.8161654806201453,1.74885,1.8078,60.1517872342185,0.002874160246845553,EURNZD_merged,35.42427868462589
2024-10-31 11:00:00,2024-11-01 10:00:00,1.2,30.000000000000004,0.5543415212129085,7919.164588755836,-1,1.65735,1.663628503173251,1.649815796192099,1.60038,1.63528,58.20006099460515,0.002731942274914999,EURAUD_merged,35.44565847878709
2024-10-31 12:00:00,2024-11-03 17:00:00,1.1,15.0,0.23557171732457527,3365.310247493933,-1,1.65489,1.6622662441422704,1.6467761314435023,1.61333,1.63528,54.60394111297596,0.002676089255278222,EURAUD_merged,16.264428282675425
2024-11-05 23:00:00,2024-11-06 21:00:00,-1.1,30.0,0.3879442543566901,5542.060776524145,-1,110.511,111.10921249417609,109.73332375757107,102.81,109.808,63.57213413067839,0.2637286467170565,CADJPY_merged,-33.38794425435669
2024-11-05 23:00:00,2024-11-06 21:00:00,-1.1,60.0,0.7758885087133802,11084.12155304829,-1,110.511,111.10921249417609,109.79314500698868,102.81,109.808,62.25661616780392,0.2637286467170565,CADJPY_merged,-66.77588850871338
2024-11-06 00:00:00,2024-11-06 22:00:00,-1.1,30.000000000000004,0.32570219833628966,4652.888547661281,-1,110.439,111.15106734613605,109.65572591925033,102.81,109.808,66.21494608493134,0.2654623148086951,CADJPY_merged,-33.325702198336295
2024-11-06 14:00:00,2024-11-07 09:00:00,1.2,30.0,0.35346759587160415,5049.53708388006,-1,154.425,155.34246033805545,153.3240475943335,139.576,147.207,64.47371535398973,0.3831175277863532,USDJPY_merged,35.64653240412839
2024-11-06 14:00:00,2024-11-07 09:00:00,1.3,30.0,0.35346759587160415,5049.53708388006,-1,154.425,155.34246033805545,153.23230156052796,139.576,147.207,65.52061009093215,0.3831175277863532,USDJPY_merged,38.64653240412839
2024-11-06 14:00:00,2024-11-07 09:00:00,1.1,30.0,0.301102026112848,4301.457515897829,-1,154.425,155.50201865771726,153.24027947651106,139.576,147.207,67.02922119618655,0.3831175277863532,USDJPY_merged,32.69889797388715
2024-11-06 18:00:00,2024-11-07 10:00:00,1.1,30.0,0.4199269173472477,5998.955962103539,-1,0.87607,0.8804511123412189,0.8712507764246593,0.83736,0.85493,64.51399129109069,0.0015603031861334722,USDCHF_merged,32.58007308265275
2024-11-06 18:00:00,2024-11-07 10:00:00,1.3,30.0,0.4929576855815518,7042.252651165026,-1,0.87607,0.8798020586610382,0.8712183237406503,0.83736,0.85493,64.22967198229799,0.0015603031861334722,USDCHF_merged,38.50704231441845
2024-11-06 18:00:00,2024-11-07 10:00:00,1.2,30.0,0.4929576855815518,7042.252651165026,-1,0.87607,0.8798020586610382,0.8715915296067541,0.83736,0.85493,63.73069889965219,0.0015603031861334722,USDCHF_merged,35.50704231441845
2024-11-07 00:00:00,2024-11-08 03:00:00,1.1,30.0,0.29894474831026374,4270.6392615751965,-1,102.08,102.797082341174,101.29120942470858,93.588,101.69,63.30199541419116,0.2604013342661948,AUDJPY_merged,32.70105525168974
2024-11-07 17:00:00,2024-11-08 05:00:00,1.1,30.0,0.41883173822809733,5983.3105461156765,-1,0.58114,0.5840538049689429,0.5779348145341628,0.57303,0.58221,64.16473061312496,0.001118530809424806,AUDCHF_merged,32.5811682617719
2024-11-07 17:00:00,2024-11-08 05:00:00,1.3,29.999999999999996,0.491672040528636,7023.88629326623,-1,0.58114,0.5836221301587291,0.5779132307936522,0.57303,0.58221,64.15427045036435,0.001118530809424806,AUDCHF_merged,38.508327959471366
2024-11-08 16:00:00,2024-11-11 02:00:00,-1.1,29.999999999999996,0.8683032187680721,12404.331696686746,1,1.07177,1.0691779135590522,1.0753989210173267,1.07612,1.1214,35.90290419263989,0.0016339106539200315,EURUSD_merged,-33.86830321876807
2024-11-11 05:00:00,2024-11-11 20:00:00,-1.1,60.00000000000001,1.3063114350704614,18661.591929578022,-1,0.87831,0.8811339069956553,0.8752037023047792,0.83736,0.85493,69.07971733528878,0.0010583278027386136,USDCHF_merged,-67.30631143507047
2024-11-11 18:00:00,2024-11-12 01:00:00,-1.1,30.0,1.198886756527126,17126.95366467323,1,1.06558,1.0637135034457448,1.068193095175957,1.07612,1.1214,36.50738231284648,0.0012211645335865166,EURUSD_merged,-34.19888675652712
2024-11-12 00:00:00,2024-11-12 01:00:00,-1.1,60.0,2.0121982752714795,28745.689646735424,1,1.28442,1.281739069364935,1.2876371167620777,1.30016,1.34341,29.56311493703885,0.0013047312331919527,GBPUSD_merged,-68.01219827527147
2024-11-11 09:00:00,2024-11-12 01:00:00,1.2,15.0,0.5431313924889576,7759.019892699394,1,0.82753,0.825930190981379,0.8294497708223452,0.82947,0.84341,32.269276710301334,0.0008381128313630137,EURGBP_merged,17.45686860751104
2024-11-11 18:00:00,2024-11-12 04:00:00,-1.1,30.0,0.8485152409415379,12121.646299164828,-1,0.88053,0.8827092336905442,0.8776969962022926,0.83736,0.85493,65.60460426482614,0.0009169577011513849,USDCHF_merged,-33.84851524094154
2024-11-11 18:00:00,2024-11-12 04:00:00,-1.1,60.0,1.6970304818830757,24243.292598329655,-1,0.88053,0.8827092336905442,0.877914919571347,0.83736,0.85493,64.56963421773486,0.0009169577011513849,USDCHF_merged,-67.69703048188308
2024-11-11 10:00:00,2024-11-12 05:00:00,-1.1,30.0,0.9429396340333265,13470.566200476094,-1,1.39348,1.3965833884825511,1.390066272669194,1.3419,1.36471,59.012140110549936,0.0011280172029937907,USDCAD_merged,-33.94293963403333
2024-11-11 12:00:00,2024-11-12 05:00:00,-1.1,59.99999999999999,1.2350279209900576,17643.25601414368,1,1.06517,1.0615476414087759,1.0698790661685913,1.07612,1.1214,29.849791618067083,0.001542442909500422,EURUSD_merged,-67.23502792099006
2024-11-11 14:00:00,2024-11-12 08:00:00,-1.1,30.0,0.7937764955073922,11339.664221534174,1,1.4831,1.4791763388464796,1.4882007594995768,1.4885,1.50952,30.419263022848742,0.0016505153725393424,EURCAD_merged,-33.793776495507394
2024-11-12 05:00:00,2024-11-12 09:00:00,-1.1,30.0,0.8093305839548979,11561.865485069971,1,1.28234,1.2790126649735134,1.286332802031784,1.30016,1.34341,29.75820838608185,0.001615556304228786,GBPUSD_merged,-33.809330583954896
2024-11-12 04:00:00,2024-11-12 09:00:00,-1.1,15.0,0.3841700275527709,5488.14325075387,1,1.28245,1.2789448527906306,1.2859551472093695,1.2907,1.34341,28.269271696956544,0.001584445250707913,GBPUSD_merged,-16.88417002755277
2024-11-11 11:00:00,2024-11-12 10:00:00,-1.1,30.0,0.5097557814937693,7282.22544991099,1,1.06473,1.0603437172324992,1.0695549110442508,1.07612,1.1214,27.374649829677452,0.0015749385179235306,EURUSD_merged,-33.509755781493766
2024-11-12 22:00:00,2024-11-13 02:00:00,-1.1,15.0,0.5904317590610064,8434.739415157235,1,1.27529,1.2730220757573585,1.2784650939396984,1.30016,1.34341,30.318387823792342,0.001496810245444826,GBPUSD_merged,-17.090431759061005
2024-11-12 14:00:00,2024-11-13 03:00:00,-1.1,15.0,0.5693327554901422,8133.325078430603,1,1.06159,1.0596321476030475,1.0643309933557337,1.07612,1.1214,33.62244645919904,0.0012570038647801707,EURUSD_merged,-17.06933275549014
2024-11-12 17:00:00,2024-11-13 09:00:00,-1.1,30.0,0.6886537421546611,9837.910602209446,1,1.27461,1.2707231685836409,1.279274197699631,1.30016,1.34341,28.421261387539605,0.0016256462239959174,GBPUSD_merged,-33.68865374215466
2024-11-12 14:00:00,2024-11-13 10:00:00,-1.1,15.0,0.33004392193662646,4714.913170523236,1,0.91091,0.9080120357097088,0.9138079642902912,0.91523,0.93041,34.3627643249445,0.0012653096030449933,AUDCAD_merged,-16.83004392193663
2024-11-14 09:00:00,2024-11-14 09:00:00,1.4,15.0,0.6228856012372835,8898.365731961194,1,1.77342,1.7704305409463612,1.7776052426750941,1.77184,1.81498,54.96986264341399,0.002317046080823985,GBPCAD_merged,20.377114398762718
2024-11-14 07:00:00,2024-11-14 10:00:00,1.2,15.0,0.30532249938646594,4361.749991235228,1,1.0529,1.0492790909539207,1.057245090855295,1.07612,1.1214,37.006175449428575,0.0017567965169738508,EURUSD_merged,17.694677500613533
2024-11-14 08:00:00,2024-11-14 11:00:00,1.2,30.0,0.7097954404026409,10139.93486289487,1,1.26649,1.262742964095555,1.2709864430853337,1.30016,1.34341,32.13041684199013,0.0019018526108089875,GBPUSD_merged,35.290204559597356
2024-11-14 10:00:00,2024-11-14 15:00:00,-1.1,15.0,0.2484593686086519,3549.41955155217,-1,0.88792,0.8916723881881408,0.8837923729930452,0.83736,0.85493,56.258745217218376,0.0014069324456568695,USDCHF_merged,-16.748459368608653
2024-11-14 10:00:00,2024-11-14 15:00:00,-1.1,15.000000000000002,0.29166969358406963,4166.7099083438525,-1,0.88792,0.8911164788269347,0.8837645775249849,0.83736,0.85493,58.15496027024968,0.0014069324456568695,USDCHF_merged,-16.791669693584073
2024-11-14 06:00:00,2024-11-14 19:00:00,-1.1,30.0,0.6316201075959194,9023.14439422742,-1,156.054,156.57284573663645,155.43138511603627,139.576,147.207,62.39813556008689,0.226900452679313,USDJPY_merged,-33.63162010759592
2024-11-14 23:00:00,2024-11-15 02:00:00,1.2,15.0,0.2792291809472057,3988.9882992457965,-1,156.5,157.08849508293716,155.7938059004754,139.576,147.207,61.50641492864346,0.2550911825522683,USDJPY_merged,17.720770819052795
2024-11-15 02:00:00,2024-11-15 09:00:00,-1.1,30.0,1.0272494031781096,14674.991473972997,-1,1.40538,1.4082530101870776,1.401932387775507,1.3419,1.36471,64.60357777236868,0.0012277680879505635,USDCAD_merged,-34.02724940317811
2024-11-14 22:00:00,2024-11-15 10:00:00,-1.1,14.999999999999998,0.4669713606240903,6671.019437487004,-1,1.40556,1.4087204464951075,1.40145141955636,1.3419,1.36471,66.27691916142102,0.0013266709452297628,USDCAD_merged,-16.96697136062409
2024-11-14 22:00:00,2024-11-15 10:00:00,-1.1,15.0,0.3977904183094102,5682.720261563003,-1,1.40556,1.4092700893638217,1.401478901699796,1.3419,1.36471,67.03148130790322,0.0013266709452297628,USDCAD_merged,-16.89779041830941
2024-11-17 17:00:00,2024-11-17 20:00:00,1.2,30.0,0.4513983821895005,6448.548316992865,1,99.704,99.24015606909263,100.26061271708882,99.533,101.69,33.81169845674525,0.22538677216991976,AUDJPY_merged,35.5486016178105
2024-11-15 16:00:00,2024-11-17 20:00:00,1.0,15.0,0.2294920019503927,3278.457170719896,1,90.39,89.9764365677523,90.8035634322477,90.42,92.46,23.032505747371896,0.18934170841623707,NZDJPY_merged,14.770507998049608
2024-11-15 16:00:00,2024-11-17 20:00:00,1.0,30.0,0.39513702870991846,5644.814695855978,1,194.498,193.46431859248034,195.53168140751964,195.366,199.8,28.121820413292507,0.4633655291479046,GBPJPY_merged,29.604862971290082
2024-11-15 16:00:00,2024-11-17 20:00:00,1.0,30.0,0.42544582643653883,6077.797520521984,1,99.608,99.11633505230965,100.09966494769036,99.533,102.401,31.57386221487839,0.22087806233683727,AUDJPY_merged,29.57455417356346
2024-11-17 19:00:00,2024-11-18 11:00:00,1.1,15.0,0.3677956040658551,5254.222915226502,-1,1.40858,1.4126012797098444,1.404156592319171,1.3419,1.36471,61.279591251957385,0.0014786940801052525,USDCAD_merged,16.132204395934146
2024-11-17 18:00:00,2024-11-18 11:00:00,1.2,30.0,0.47174530869972364,6739.218695710339,1,90.59,90.18673366858835,91.073919597694,90.42,92.045,38.02505386593952,0.1936007587874699,NZDJPY_merged,35.528254691300276
2024-11-17 19:00:00,2024-11-19 03:00:00,-1.1,15.0,0.21381923023780255,3054.560431968608,1,90.676,90.23071825478883,91.25486626877453,90.42,92.045,37.120758484398394,0.20284356173122262,NZDJPY_merged,-16.713819230237803
2024-11-19 06:00:00,2024-11-19 13:00:00,1.4,30.0,1.146913983963619,16384.48548519456,1,0.93246,0.930752665337262,0.9348502685278332,0.93321,0.94458,38.04078101373066,0.0011812071721711444,EURCHF_merged,40.85308601603638
2024-11-20 04:00:00,2024-11-20 10:00:00,1.3,15.0,0.23903883547659702,3414.840506808529,-1,111.392,111.88129957245985,110.75591055580219,102.81,109.808,65.85035195337117,0.21175759136577893,CADJPY_merged,19.260961164523405
2024-11-20 06:00:00,2024-11-20 10:00:00,1.1,30.0,0.42266913044842186,6038.1304349774555,-1,111.32,111.87308510406706,110.71160638552622,109.003,109.808,66.69017665205492,0.19778588235110656,CADJPY_merged,32.57733086955158
2024-11-20 08:00:00,2024-11-20 20:00:00,1.1,29.999999999999996,0.4601054438409054,6572.934912012935,-1,155.691,156.40160037297244,154.9093395897303,151.283,147.207,65.0973479287098,0.2558863716571904,USDJPY_merged,32.5398945561591
2024-11-20 11:00:00,2024-11-21 04:00:00,1.1,30.0,0.39492241253573906,5641.748750510558,-1,111.051,111.64151371256094,110.40143491618298,109.003,109.808,54.48012763339031,0.22265815511354878,CADJPY_merged,32.60507758746426
2024-11-21 04:00:00,2024-11-21 10:00:00,-1.1,30.0,0.882481219664862,12606.874566640887,1,0.81985,0.817899040634934,0.8221911512380792,0.82737,0.83669,35.0231788479018,0.0009519548212876868,NZDCAD_merged,-33.88248121966486
2024-11-21 09:00:00,2024-11-21 11:00:00,-1.1,29.999999999999996,1.363884064290034,19484.058061286203,1,0.93041,0.9289774288224658,0.9324155996485477,0.93321,0.94458,39.82434406386952,0.00100682977656876,EURCHF_merged,-34.36388406429003
2024-11-21 09:00:00,2024-11-21 12:00:00,-1.1,30.0,0.8880741518228966,12686.773597469954,1,1.61388,1.6100637105684887,1.6184595473178134,1.61624,1.65997,31.729508262444647,0.0018131892044097318,EURAUD_merged,-33.8880741518229
2024-11-21 14:00:00,2024-11-22 02:00:00,-1.1,30.0,1.1471151602734064,16387.359432477235,1,1.75895,1.755729926612495,1.7634581027425071,1.77184,1.81498,33.82782716231274,0.002118378763693636,GBPCAD_merged,-34.14711516027341
2024-11-21 13:00:00,2024-11-22 03:00:00,-1.1,29.999999999999996,0.8117336740552469,11596.195343646385,1,1.04873,1.0460168773707543,1.052528371680944,1.07612,1.09369,33.333411332189634,0.001759552103818734,EURUSD_merged,-33.81173367405525
2024-11-21 20:00:00,2024-11-22 04:00:00,-1.1,30.0,0.3709271818700082,5298.959741000118,1,161.667,160.751724127554,162.6738034596906,161.84,166.687,30.968898373652966,0.3296345593068179,EURJPY_merged,-33.37092718187001
2024-11-21 23:00:00,2024-11-22 04:00:00,-1.1,30.0,0.7274006516715376,10391.437881021966,1,1.60843,1.6037864751526711,1.6135378773320619,1.61624,1.65997,37.19836144163595,0.0017334080162771475,EURAUD_merged,-33.72740065167154
2024-11-21 13:00:00,2024-11-22 04:00:00,-1.1,30.0,0.7313917072795012,10448.452961135732,1,1.75824,1.753191673688325,1.7648028242051774,1.77184,1.81498,33.17229214935648,0.0021467155916700415,GBPCAD_merged,-33.7313917072795
2024-11-21 23:00:00,2024-11-22 04:00:00,1.0,30.0,0.8918017008513436,12740.024297876338,-1,1.11429,1.116913911793133,1.111666088206867,1.09632,1.10888,71.24985745348214,0.0011646380945042412,AUDNZD_merged,29.108198299148658
2024-11-22 06:00:00,2024-11-24 17:00:00,1.0,30.0,0.5647412072867882,8067.731532668405,1,1.25338,1.2487192846740447,1.2580407153259552,1.2907,1.30475,25.70575097164993,0.0021728993258901983,GBPUSD_merged,29.435258792713213
2024-11-24 17:00:00,2024-11-24 17:00:00,-1.1,30.0,1.2639491386994732,18056.416267135333,1,1.75613,1.753212261550655,1.760214833829083,1.77184,1.81498,45.03265772204765,0.002128361897213597,GBPCAD_merged,-34.26394913869947
2024-11-22 11:00:00,2024-11-25 04:00:00,1.0,30.0,0.5897325269828753,8424.750385469648,-1,0.6393,0.6415765066171074,0.6370234933828925,0.61878,0.63561,78.66241351862243,0.0010230060396882181,CADCHF_merged,29.410267473017125
2024-11-22 11:00:00,2024-11-25 07:00:00,1.2,15.0,0.30890751413388706,4412.9644876269585,-1,0.6393,0.6414730290436025,0.6366923651476769,0.61878,0.63346,75.88506967944186,0.0010230060396882181,CADCHF_merged,17.691092485866115
2024-11-22 06:00:00,2024-11-25 08:00:00,1.1,30.000000000000004,0.6420899777857606,9172.713968368009,1,1.753,1.7472666913869377,1.7593066394743684,1.77184,1.81498,24.616360628263955,0.0021910585177198193,GBPCAD_merged,32.35791002221425
2024-11-24 21:00:00,2024-11-25 18:00:00,1.1,29.999999999999996,0.692891186042406,9898.445514891515,-1,1.11486,1.1182388941859287,1.1111432163954782,1.09632,1.10888,54.544833844238966,0.0012313392702930008,AUDNZD_merged,32.30710881395759
2024-11-25 21:00:00,2024-11-26 07:00:00,1.4,30.0,0.5400080258034233,7714.400368620333,1,0.64672,0.6442050151569888,0.6502409787802156,0.66217,0.66874,43.402608319680255,0.0016547525218640624,AUDUSD_merged,41.459991974196576
2024-11-25 21:00:00,2024-11-26 12:00:00,-1.1,30.0,0.36134752221628885,5162.107460232698,1,99.633,99.05397485900356,100.32783016919572,99.533,102.401,40.154735974064096,0.2719600963589689,AUDJPY_merged,-33.36134752221629
2024-11-25 22:00:00,2024-11-26 23:00:00,-1.1,30.0,0.2964481955743757,4234.9742224910815,1,109.107,108.33410037227225,109.95718959050053,109.003,109.808,30.748255225623595,0.27788346985346085,CADJPY_merged,-33.29644819557438
2024-11-25 21:00:00,2024-11-26 23:00:00,-1.1,60.0,0.7095229350975925,10136.041929965608,1,108.97,108.32495531242122,109.61504468757877,109.003,110.72,30.721175812745425,0.2862591213806504,CADJPY_merged,-66.7095229350976
2024-11-26 17:00:00,2024-11-27 00:00:00,-1.1,30.0,0.6416890798735917,9166.986855337025,1,98.899,98.57534185072791,99.35212140898093,99.533,102.401,36.394732505278434,0.21893123526367797,AUDJPY_merged,-33.64168907987359
2024-11-27 01:00:00,2024-11-27 02:00:00,-1.1,30.0,0.8792478014533217,12560.682877904597,1,172.077,171.66601040252507,172.65238543646487,172.4,177.304,28.62673298777202,0.2797078460558954,CHFJPY_merged,-33.879247801453324
2024-11-27 13:00:00,2024-11-28 03:00:00,1.1,30.0,0.3066655403997173,4380.936291424533,1,107.465,106.72909566687589,108.27449476643653,109.003,109.808,26.73453306370626,0.2615887918151715,CADJPY_merged,32.69333445960028
2024-11-27 13:00:00,2024-11-28 04:00:00,1.1,30.0,0.29560134477869815,4222.876353981403,1,97.902,97.20648827912498,98.66706289296252,99.533,102.401,30.253859005387902,0.24976858125331056,AUDJPY_merged,32.704398655221304
2024-11-27 16:00:00,2024-11-28 19:00:00,-1.1,15.0,0.4115266639693317,5878.952342419025,1,171.291,170.8539552936735,171.9028625888571,172.4,177.304,32.81313121074633,0.2785514848687861,CHFJPY_merged,-16.911526663969333
2024-11-27 15:00:00,2024-11-28 20:00:00,-1.1,30.0,0.31474964868791827,4496.423552684547,1,151.021,150.0133925210971,152.12936822679316,151.283,156.746,28.82881954284738,0.35853167263855446,USDJPY_merged,-33.314749648687915
2024-11-28 22:00:00,2024-12-01 17:00:00,-1.1,30.0,0.4627125317092,6610.179024417143,1,158.731,158.01060650045784,159.59547219945057,161.84,166.687,35.77867008845025,0.336755629049253,EURJPY_merged,-33.4627125317092
2024-11-29 00:00:00,2024-12-01 17:00:00,-1.155106989378163,30.0,0.5644790803143495,8063.986861633564,1,170.18,169.54688884944864,170.81311115055138,172.4,176.097,27.35333365598055,0.29093652458337227,CHFJPY_merged,-35.21768876165924
2024-11-29 00:00:00,2024-12-01 22:00:00,1.0,30.0,0.4812568952338453,6875.098503340648,1,150.008,149.35342901489872,150.6625709851013,151.283,156.746,26.879204147955544,0.30049424695833094,USDJPY_merged,29.518743104766155
2024-12-02 13:00:00,2024-12-03 02:00:00,1.0,30.0,0.37021932991967565,5288.847570281081,1,96.655,96.10674256556501,97.20325743443499,99.415,101.556,35.53775593167032,0.24290735869009042,AUDJPY_merged,29.629780670080326
2024-12-02 13:00:00,2024-12-03 03:00:00,1.2,30.0,0.3878488218206126,5540.69745458018,1,96.655,96.13166335803933,97.2830039703528,99.533,102.401,36.238452976841344,0.24290735869009042,AUDJPY_merged,35.61215117817939
2024-12-02 13:00:00,2024-12-03 05:00:00,1.2,15.0,0.19563938150772622,2794.848307253232,1,156.886,156.04399007985774,157.8964119041707,161.84,166.687,35.483723869649275,0.39124588305609653,EURJPY_merged,17.804360618492275
2024-12-02 13:00:00,2024-12-03 10:00:00,-1.1,15.0,0.18781934686697233,2683.1335266710335,1,106.427,105.83202215632159,107.14097341241411,109.003,111.556,40.31513951649825,0.27558544108229344,CADJPY_merged,-16.687819346866974
2024-12-04 00:00:00,2024-12-04 05:00:00,-1.1,29.999999999999996,0.560486984230564,8006.956917579487,1,0.90524,0.9018482994726279,0.9093100406328466,0.90439,0.92702,39.95752568921174,0.0016154458114230404,AUDCAD_merged,-33.560486984230565
2024-12-04 00:00:00,2024-12-04 07:00:00,-1.1,30.000000000000004,0.44588383558426653,6369.769079775237,1,0.64369,0.6406583830358444,0.6473279403569866,0.66217,0.66874,40.572990309135896,0.001441225188232041,AUDUSD_merged,-33.445883835584276
2024-12-06 09:00:00,2024-12-09 00:00:00,-1.1,30.0,0.42676144925402965,6096.592132200424,1,0.5136,0.511072686434341,0.5163800449222249,0.51381,0.5264,30.673210013419308,0.0009434676284012509,NZDCHF_merged,-33.42676144925403
2024-12-06 13:00:00,2024-12-09 02:00:00,1.1,29.999999999999996,0.3871903359273301,5531.2905132475735,1,0.56046,0.5574202392136643,0.5638037368649691,0.56567,0.58316,28.174316894562633,0.0010847060905387043,AUDCHF_merged,32.61280966407267
2024-12-06 14:00:00,2024-12-09 08:00:00,1.0,30.0,0.6371176789931626,9101.681128473752,1,0.621,0.6189531253911195,0.6230468746088805,0.62657,0.64065,22.17784443393271,0.0009132262959560808,CADCHF_merged,29.362882321006836
2024-12-10 07:00:00,2024-12-10 11:00:00,-1.1,60.0,2.743758632673915,39196.55189534165,1,0.82537,0.8241065674375586,0.8266334325624415,0.82675,0.83753,29.086174843170145,0.0005775527049265824,EURGBP_merged,-68.74375863267392
2024-12-10 01:00:00,2024-12-10 16:00:00,-1.1,30.0,0.47240446708799333,6748.635244114191,-1,1.99371,2.002572725252808,1.9839610022219114,1.92267,1.98824,64.25528817844031,0.0032230272033466397,GBPAUD_merged,-33.47240446708799
2024-12-10 21:00:00,2024-12-11 02:00:00,-1.1,30.0,0.5756184770911917,8223.12110130274,-1,2.00241,2.0097152919031536,1.9943741789065306,1.92267,1.98824,65.59929588263135,0.0026324019772751223,GBPAUD_merged,-33.57561847709119
2024-12-11 10:00:00,2024-12-12 06:00:00,1.1,15.0,0.2990998576500284,4272.85510928612,-1,2.20395,2.211687039790596,2.195439256230344,2.13603,2.18405,57.996270643861,0.002953743843326817,GBPNZD_merged,16.200900142349973
2024-12-13 04:00:00,2024-12-16 09:00:00,-1.1,30.0,0.8136506068431212,11623.580097758875,-1,1.42259,1.4262616484629576,1.4185511866907468,1.38152,1.41774,60.38565486555531,0.0013241648153028726,USDCAD_merged,-33.81365060684312
2024-12-16 18:00:00,2024-12-17 02:00:00,-1.1,30.0,0.6492913414336899,9275.590591909857,-1,1.13351,1.1371761061808463,1.129477283201069,1.11066,1.13493,69.61032759860338,0.0013565444537301822,GBPCHF_merged,-33.64929134143369
2024-12-17 09:00:00,2024-12-17 10:00:00,-1.1,15.000000000000002,0.4157584029094298,5939.405755848998,-1,1.42743,1.4310349818584822,1.4234645199556697,1.38152,1.41774,67.0946187110263,0.001439808575668468,USDCAD_merged,-16.915758402909432
2024-12-18 22:00:00,2024-12-19 05:00:00,1.0,30.0,0.7200887779188441,10286.982541697773,-1,1.44327,1.4474790185167996,1.4390609814832005,1.39269,1.41774,70.48480230165568,0.0018315337895582783,USDCAD_merged,29.279911222081157
2024-12-18 21:00:00,2024-12-19 06:00:00,1.1,15.0,0.24650097701007037,3521.4425287152912,-1,0.89984,0.9036729746659032,0.8956237278675064,0.8734,0.89572,65.32932125169916,0.0013939330861572157,USDCHF_merged,16.253499022989928
2024-12-18 23:00:00,2024-12-19 07:00:00,1.0,60.0,0.8872716970259568,12675.30995751367,-1,2.23535,2.245931279704367,2.224768720295633,2.13603,2.18405,72.01305361745229,0.004068761033050626,GBPNZD_merged,59.11272830297404
2024-12-18 20:00:00,2024-12-19 08:00:00,1.0,59.99999999999999,0.7302947603463877,10432.782290662682,1,0.62193,0.6183532168408807,0.6255067831591192,0.64334,0.65494,27.34414916315638,0.0013870908876728733,AUDUSD_merged,59.269705239653604
2024-12-18 22:00:00,2024-12-19 09:00:00,1.1,30.0,0.47704763367876885,6814.966195410984,-1,2.02105,2.029946815957917,2.011263502446291,1.92267,1.98824,65.86303012940182,0.003206180091347274,GBPAUD_merged,32.52295236632123
2024-12-18 20:00:00,2024-12-19 09:00:00,1.2,60.0,0.8298804094845315,11855.434421207594,1,0.62193,0.6187824308199751,0.62570708301603,0.66217,0.65494,27.34414916315638,0.0013870908876728733,AUDUSD_merged,71.17011959051547
2024-12-18 23:00:00,2024-12-19 09:00:00,1.2,59.99999999999999,1.0082632920749508,14403.76131535644,-1,2.23535,2.244661526139843,2.2241761686321886,2.13603,2.18405,72.01305361745229,0.004068761033050626,GBPNZD_merged,70.99173670792503
2024-12-19 06:00:00,2024-12-19 10:00:00,1.1,30.0,0.44971479387159174,6424.497055308454,-1,2.23375,2.2441807776037703,2.2222761446358525,2.13603,2.18405,59.58563895847012,0.00377587589547659,GBPNZD_merged,32.55028520612841
2024-12-18 23:00:00,2024-12-19 10:00:00,1.1,60.00000000000001,0.739393080854964,10562.758297928058,-1,2.23535,2.2480475356452403,2.2213827107902357,2.13603,2.18405,71.69578070339757,0.004068761033050626,GBPNZD_merged,65.26060691914505
2024-12-18 23:00:00,2024-12-19 12:00:00,1.4,60.00000000000001,0.7648893939878937,10926.991342684196,-1,2.23535,2.2476242844570655,2.218166001760108,2.13603,2.18405,71.69578070339757,0.004068761033050626,GBPNZD_merged,83.2351106060121
2024-12-18 22:00:00,2024-12-19 17:00:00,-1.6491344001119876,30.0,0.4667533170572081,6667.9045293886875,1,0.50647,0.5041913081061625,0.5087486918938374,0.51486,0.52342,26.26919786793157,0.0010146426824638787,NZDCHF_merged,-49.94078532041684
2024-12-18 20:00:00,2024-12-20 06:00:00,-1.1,29.999999999999996,0.6481887703272851,9259.839576104074,1,0.89861,0.8956986860643279,0.9015213139356721,0.90439,0.91346,28.226021030142935,0.0013259441936278446,AUDCAD_merged,-33.64818877032729
2024-12-19 14:00:00,2024-12-20 08:00:00,1.0,60.0,0.686797360382969,9811.390862613844,-1,157.537,158.50039246212458,156.57360753787543,148.646,156.746,73.05105482467303,0.37247434307483696,USDJPY_merged,59.31320263961703
2024-12-19 14:00:00,2024-12-20 08:00:00,1.2,60.0,0.7804515458897373,11149.30779842482,-1,157.537,158.38478536666963,156.51965755999646,148.646,156.746,73.05105482467303,0.37247434307483696,USDJPY_merged,71.21954845411027
2024-12-19 02:00:00,2024-12-20 11:00:00,1.0,30.0,0.4255506978622655,6079.295683746651,1,0.56344,0.5606595463291593,0.5662204536708408,0.57965,0.59284,31.43294418999502,0.001244282393536712,NZDUSD_merged,29.574449302137733
2024-12-19 15:00:00,2024-12-20 11:00:00,1.1,60.0,0.5916863915529343,8452.662736470491,-1,157.42,158.5374230292245,156.19083466785304,148.646,156.746,71.31026166834936,0.3550118899980619,USDJPY_merged,65.40831360844706
2024-12-18 21:00:00,2024-12-20 11:00:00,1.1,30.0,0.34901261808043366,4985.894544006195,1,0.62243,0.6186848546032833,0.6265496599363884,0.66217,0.65494,29.326068816264602,0.0013680129671248115,AUDUSD_merged,32.65098738191956
2024-12-19 21:00:00,2024-12-20 11:00:00,1.1,30.0,0.35655897749913695,5093.6996785591,-1,157.275,158.20129135947306,156.25607950457965,148.646,156.746,59.11535745961089,0.35399438288756113,USDJPY_merged,32.643441022500866
2024-12-19 04:00:00,2024-12-20 12:00:00,1.1,29.999999999999996,0.6472014064772702,9245.734378246718,-1,1.43959,1.4442610946078671,1.434451795931346,1.38152,1.41774,54.85966701796203,0.0016821753942400383,USDCAD_merged,32.35279859352273
2024-12-18 20:00:00,2024-12-20 12:00:00,1.1,60.0,0.6085789669553232,8693.985242218903,1,0.62193,0.6176378602090569,0.6266513537700374,0.64401,0.65494,27.739889513831315,0.0013870908876728733,AUDUSD_merged,65.39142103304468
2024-12-18 22:00:00,2024-12-24 15:00:00,-1.1,30.0,0.4350777411913313,6215.396302733305,1,0.8122,0.8082797350944002,0.8165122913961598,0.81364,0.83669,27.03342064114754,0.0014310963961057558,NZDCAD_merged,-33.43507774119133
2024-12-18 23:00:00,2024-12-26 10:00:00,-1.1,90.0,1.4031321409212854,20044.744870304075,-1,1.84307,1.8513453011361967,1.8347946988638033,1.77855,1.80716,71.04610901912555,0.003219397564873057,EURNZD_merged,-100.4031321409213
2024-12-19 02:00:00,2024-12-26 10:00:00,-1.1,30.0,0.44823223372892906,6403.317624698987,-1,1.84268,1.8513130872900592,1.833183603980935,1.77413,1.82742,66.74117340586092,0.003214765470126124,EURNZD_merged,-33.44823223372893
2024-12-18 23:00:00,2024-12-26 10:00:00,-1.1,90.0,1.594468341956006,22778.119170800088,-1,1.84307,1.8503522649998532,1.8343312820001763,1.77413,1.82742,71.04610901912555,0.003219397564873057,EURNZD_merged,-100.59446834195602
2024-12-18 23:00:00,2024-12-26 15:00:00,-1.1,60.0,0.8063977821386696,11519.96831626671,-1,1.84307,1.8526693493179882,1.8296309109548166,1.77413,1.82742,70.53379903185399,0.003219397564873057,EURNZD_merged,-66.80639778213867
2024-12-26 05:00:00,2024-12-27 10:00:00,-1.1,30.0,1.1221723023131063,16031.032890187234,-1,1.43939,1.4420836318012566,1.4364270050186176,1.38152,1.41774,57.00476272994474,0.001025667021596226,USDCAD_merged,-34.1221723023131
2024-12-19 15:00:00,2024-12-27 16:00:00,-0.3184667396845293,60.0,0.6120893705720009,8744.1338653143,-1,157.42,158.500175594917,155.90775416711614,148.646,156.746,71.31026166834936,0.3550118899980619,USDJPY_merged,-19.72009375164376
2024-12-19 03:00:00,2024-12-27 16:00:00,-0.4970885401347202,30.0,0.35253965753068117,5036.280821866874,1,0.56399,0.5606304375374509,0.567685518708804,0.57965,0.59284,35.56024128946936,0.00124540507971268,NZDUSD_merged,-15.265195861572288
2024-12-18 20:00:00,2024-12-27 16:00:00,-0.11327843924786488,60.0,0.6295644485744721,8993.777836778174,1,0.62193,0.6177809315354217,0.6277386958504096,0.66217,0.66874,27.739889513831315,0.0013870908876728733,AUDUSD_merged,-7.426270803446364
2025-01-02 16:00:00,2025-01-03 10:00:00,1.0,60.0,1.019016373910349,14557.376770147845,1,1.02613,1.0219006803243387,1.0303593196756613,1.03429,1.06298,27.857405731853568,0.0017610607386209956,EURUSD_merged,58.98098362608965
2025-01-02 16:00:00,2025-01-03 12:00:00,1.0,15.0,0.2920658870755571,4172.369815365101,1,1.23779,1.233340046898617,1.2422399531013828,1.24748,1.2811,22.547966627579186,0.001832279202421648,GBPUSD_merged,14.707934112924443
2025-01-02 18:00:00,2025-01-03 12:00:00,1.5,60.0,1.742102543289505,24887.179189850074,1,1.238,1.235015330687606,1.2424770039685913,1.24869,1.2811,26.373082788776706,0.0016674244143329486,GBPUSD_merged,88.2578974567105
2025-01-02 16:00:00,2025-01-03 14:00:00,1.4,14.999999999999998,0.3731953001521006,5331.361430744295,1,1.23779,1.2343074280076134,1.242665600789341,1.24748,1.2811,26.25188523181348,0.001832279202421648,GBPUSD_merged,20.626804699847895
2025-01-02 16:00:00,2025-01-03 16:00:00,1.4,60.0,1.3020764777743348,18601.092539633355,1,1.02613,1.0228200976451347,1.0307638632968115,1.03429,1.06298,29.967336838456227,0.0017610607386209956,EURUSD_merged,82.69792352222566
2025-01-02 16:00:00,2025-01-05 20:00:00,1.5,14.999999999999998,0.34466730294026504,4923.818613432358,1,1.02613,1.023003981109294,1.0308190283360592,1.03325,1.06298,29.44616287827696,0.0017610607386209956,EURUSD_merged,22.15533269705973
2025-01-02 20:00:00,2025-01-05 21:00:00,1.2,60.0,1.1932322969384053,17046.175670548648,1,1.23864,1.2342801716469223,1.2438717940236932,1.24748,1.2811,29.289497618131126,0.0015529832960319897,GBPUSD_merged,70.8067677030616
2025-01-02 16:00:00,2025-01-06 01:00:00,1.1,15.0,0.22391718009126038,3198.816858446577,1,1.23779,1.2319857133460224,1.2441747153193754,1.24869,1.2811,22.547966627579186,0.001832279202421648,GBPUSD_merged,16.27608281990874
2025-01-02 18:00:00,2025-01-06 02:00:00,1.5,60.0,1.1390670475354454,16272.386393363508,1,1.238,1.2334352116398677,1.2448471825401983,1.24869,1.2811,23.064822486242505,0.0016674244143329486,GBPUSD_merged,88.86093295246455
2025-01-02 20:00:00,2025-01-06 02:00:00,1.3,60.0,1.1506168577620337,16437.38368231477,1,1.23864,1.2341186965227342,1.2445176945204453,1.24869,1.2811,29.289497618131126,0.0015529832960319897,GBPUSD_merged,76.84938314223797
2025-01-02 16:00:00,2025-01-06 02:00:00,1.2,15.0,0.21701274629572243,3100.182089938892,1,1.02613,1.021165146467702,1.0320878242387574,1.03429,1.06298,29.967336838456227,0.0017610607386209956,EURUSD_merged,17.782987253704277
2025-01-02 16:00:00,2025-01-06 03:00:00,1.3,14.999999999999998,0.2092622910708752,2989.461301012503,1,1.02613,1.0209812630035429,1.0328233580953943,1.03325,1.06298,29.967336838456227,0.0017610607386209956,EURUSD_merged,19.290737708929125
2025-01-02 16:00:00,2025-01-06 03:00:00,1.5,15.0,0.22535939038401948,3219.41986262885,1,1.02613,1.0213490299318613,1.0333014551022082,1.03325,1.06298,27.361287572859855,0.0017610607386209956,EURUSD_merged,22.27464060961598
2025-01-02 16:00:00,2025-01-06 03:00:00,1.5,15.0,0.1953114716661502,2790.1638809450033,1,1.02613,1.0206134960752244,1.0344047558871632,1.03325,1.06298,29.967336838456227,0.0017610607386209956,EURUSD_merged,22.30468852833385
2025-01-02 20:00:00,2025-01-06 03:00:00,1.5,60.0,1.0739090672445646,15341.55810349378,1,1.23864,1.233795746274358,1.2459063805884627,1.24869,1.2811,29.289497618131126,0.0015529832960319897,GBPUSD_merged,88.92609093275543
2025-01-09 04:00:00,2025-01-10 08:00:00,-1.1,60.0,0.7892541706126606,11275.059580180867,1,1.22875,1.2222112318918834,1.2385581521621747,1.24869,1.2811,30.048938541239124,0.002528131467184457,GBPUSD_merged,-66.78925417061267
2025-01-09 04:00:00,2025-01-10 08:00:00,-1.1,60.0,0.7328788727117564,10469.698181596521,1,1.22875,1.2217082497297207,1.2379042753513632,1.24869,1.2811,32.34805097681027,0.002528131467184457,GBPUSD_merged,-66.73287887271175
2025-01-09 04:00:00,2025-01-10 08:00:00,-1.1,60.0,0.7600225346640437,10857.46478091491,1,1.22875,1.221959740810802,1.2368983110270375,1.24748,1.2811,32.34805097681027,0.002528131467184457,GBPUSD_merged,-66.76002253466405
2025-01-09 04:00:00,2025-01-10 08:00:00,-1.1,30.0,0.34201014059881957,4885.859151411709,1,1.22875,1.221205267567558,1.2400670986486633,1.24869,1.2811,32.34805097681027,0.002528131467184457,GBPUSD_merged,-33.342010140598816
2025-01-09 06:00:00,2025-01-12 22:00:00,-1.1,60.0,1.1521222231117778,16458.888901596827,-1,0.83864,0.84169721730676,0.8340541740398603,0.82198,0.83753,71.93405220840725,0.001231863323842821,EURGBP_merged,-67.15212222311177
2025-01-09 04:00:00,2025-01-12 22:00:00,-1.1,59.99999999999999,0.8299110453951467,11855.872077073525,1,1.12007,1.114401568393863,1.1285726474092053,1.11722,1.13942,31.43497975666288,0.0019088002590423982,GBPCHF_merged,-66.82991104539515
2025-01-09 06:00:00,2025-01-12 22:00:00,-1.1,60.0,1.66417654449479,23773.95063563986,-1,0.83864,0.8407565350585261,0.8356768509180635,0.82198,0.83284,70.08409645379007,0.001231863323842821,EURGBP_merged,-67.6641765444948
2025-01-09 06:00:00,2025-01-12 22:00:00,-1.1,60.00000000000001,1.3023990348220098,18605.700497457285,-1,0.83864,0.8413444614636723,0.8359355385363278,0.82198,0.83274,71.67845531171105,0.001231863323842821,EURGBP_merged,-67.30239903482203
2025-01-09 04:00:00,2025-01-12 22:00:00,-1.1,15.0,0.3387882143143339,4839.831633061914,-1,0.83883,0.8414297701891211,0.8359702527919667,0.82522,0.83284,74.95878091545812,0.001090149180314744,EURGBP_merged,-16.838788214314334
2025-01-09 04:00:00,2025-01-12 22:00:00,-1.1,60.0,0.8891904057805144,12702.720082578779,1,1.12007,1.114779463834272,1.126947697015446,1.11722,1.13942,31.43497975666288,0.0019088002590423982,GBPCHF_merged,-66.88919040578051
2025-01-09 04:00:00,2025-01-12 22:00:00,-1.1,60.0,0.9221233837723851,13173.19119674836,1,1.12007,1.1149684115544767,1.1261919061346277,1.11722,1.13786,31.43497975666288,0.0019088002590423982,GBPCHF_merged,-66.92212338377239
2025-01-13 06:00:00,2025-01-13 16:00:00,1.0,60.0,0.8649886283786663,12356.98040540952,1,1.21313,1.2072395803657554,1.2190204196342447,1.24748,1.2811,27.570578123092936,0.002571691156682601,GBPUSD_merged,59.13501137162133
2025-01-13 06:00:00,2025-01-13 16:00:00,1.5,59.99999999999999,1.1702787325123134,16718.267607318765,1,1.21313,1.2087762115746887,1.2196606826379668,1.24869,1.2811,28.723819897060682,0.002571691156682601,GBPUSD_merged,88.82972126748767
2025-01-13 06:00:00,2025-01-13 16:00:00,1.4,59.99999999999999,1.1052632473727402,15789.474962467719,1,1.21313,1.2085201063731998,1.21958385107752,1.24748,1.2811,29.089681488199886,0.002571691156682601,GBPUSD_merged,82.89473675262724
2025-01-13 06:00:00,2025-01-13 17:00:00,1.5,60.0,0.7651822481811279,10931.174974016114,1,1.21313,1.2064712647612887,1.2231181028580669,1.24869,1.2811,27.180429154034083,0.002571691156682601,GBPUSD_merged,89.23481775181887
2025-01-13 01:00:00,2025-01-13 17:00:00,1.2,30.0,0.41525077979193276,5932.153997027612,1,1.21466,1.2085172397111978,1.2220313123465627,1.24748,1.2811,28.63946240795724,0.0022475895173129116,GBPUSD_merged,35.58474922020807
2025-01-13 07:00:00,2025-01-13 17:00:00,1.4,60.0,1.2487041443983378,17838.63063426197,1,1.7474,1.7415226430352435,1.7556282997506594,1.74781,1.82319,29.11683733442973,0.0032626841484855677,GBPCAD_merged,82.75129585560167
2025-01-13 07:00:00,2025-01-13 17:00:00,1.5,90.0,1.983235994044419,28331.94277206313,1,1.7474,1.7418491628666188,1.755726255700072,1.74781,1.82319,28.757381745061362,0.0032626841484855677,GBPCAD_merged,133.0167640059556
2025-01-13 01:00:00,2025-01-13 17:00:00,1.3,30.0,0.40042039479936375,5720.2913542766255,1,1.21466,1.208289730070872,1.2229413509078666,1.24869,1.2811,28.63946240795724,0.0022475895173129116,GBPUSD_merged,38.59957960520064
2025-01-13 06:00:00,2025-01-13 18:00:00,1.5,15.0,0.16578948710591104,2368.421244370158,1,1.21313,1.2054468439553332,1.2246547340670004,1.24869,1.2811,29.089681488199886,0.002571691156682601,GBPUSD_merged,22.33421051289409
2025-01-13 06:00:00,2025-01-15 08:00:00,1.0,59.99999999999999,1.0157315654514056,14510.45093502008,1,1.7514,1.7441580472536256,1.7586419527463746,1.74781,1.82319,27.427207705896993,0.003265198313753666,GBPCAD_merged,58.98426843454859
2025-01-13 06:00:00,2025-01-16 12:00:00,1.2,29.999999999999996,0.4326264075070801,6180.377250101144,1,1.7514,1.742898577210778,1.7616017073470667,1.74781,1.82319,28.992465462485974,0.003265198313753666,GBPCAD_merged,35.56737359249291
2025-01-13 06:00:00,2025-01-19 23:00:00,1.3,60.0,0.8343509287636547,11919.298982337925,1,1.7514,1.742583709700066,1.7628611773899143,1.74781,1.82319,28.992465462485974,0.003265198313753666,GBPCAD_merged,77.16564907123634
2025-01-13 06:00:00,2025-01-20 00:00:00,1.5,30.0,0.4492658847188909,6418.084067412728,1,1.7514,1.7432134447214898,1.7636798329177654,1.74781,1.82319,27.00970150283339,0.003265198313753666,GBPCAD_merged,44.55073411528111
2025-02-06 10:00:00,2025-02-07 11:00:00,-1.1,60.0,0.6894667899938148,9849.525571340213,1,188.492,187.34377007581887,190.21434488627168,189.325,194.745,23.29095334241791,0.44258211577897116,GBPJPY_merged,-66.68946678999382
2025-02-06 10:00:00,2025-02-07 11:00:00,-1.1,60.0,0.6402191621371138,9145.988030530198,1,188.492,187.2554446970357,190.09952189385356,189.325,198.948,28.912508334707052,0.44258211577897116,GBPJPY_merged,-66.64021916213711
2025-02-06 10:00:00,2025-02-07 11:00:00,-1.1,60.0,0.6639309829570069,9484.728327957242,1,188.492,187.29960738642728,189.92287113628723,189.325,194.745,28.912508334707052,0.44258211577897116,GBPJPY_merged,-66.66393098295701
2025-02-06 10:00:00,2025-02-07 11:00:00,-1.1,30.0,0.2987689423306531,4268.127747580759,1,188.492,187.16711931825253,190.47932102262115,189.325,194.745,28.912508334707052,0.44258211577897116,GBPJPY_merged,-33.29876894233065
2025-02-10 16:00:00,2025-02-10 17:00:00,1.1,30.0,1.1361579431147464,16230.827758782092,-1,1.11264,1.1146965309727928,1.110377815929928,1.10199,1.11021,73.91457115849909,0.000667259586816836,AUDNZD_merged,31.863842056885254
2025-02-10 16:00:00,2025-02-10 17:00:00,1.0,90.0,4.445835429579442,63511.93470827775,-1,1.11264,1.114216673745808,1.1110633262541922,1.10199,1.11021,73.91457115849909,0.000667259586816836,AUDNZD_merged,85.55416457042055
2025-02-10 18:00:00,2025-02-12 17:00:00,1.0,90.0,3.5460278695830825,50657.540994044044,-1,1.11282,1.1147970758318444,1.1108429241681554,1.10199,1.11021,74.42262438445722,0.0008731983172043449,AUDNZD_merged,86.45397213041691
2025-02-10 18:00:00,2025-02-14 11:00:00,1.1,30.0,0.9062071222267876,12945.816031811251,-1,1.11282,1.1153987945632755,1.1099833259803968,1.10199,1.11021,74.42262438445722,0.0008731983172043449,AUDNZD_merged,32.09379287777321
2025-02-10 16:00:00,2025-02-14 11:00:00,1.5,60.0,2.6219029456494143,37455.75636642021,-1,1.11264,1.114422326843087,1.1099665097353695,1.10199,1.11021,75.00336734436765,0.000667259586816836,AUDNZD_merged,87.37809705435059
2025-02-14 15:00:00,2025-02-17 23:00:00,1.2,30.0,0.5915070921936704,8450.101317052435,1,0.89862,0.8954296713887209,0.902448394333535,0.90013,0.91964,34.35027686455563,0.0011800601044081765,USDCHF_merged,35.40849290780633
2025-02-19 22:00:00,2025-02-20 21:00:00,1.5,90.0,1.1460445336565077,16372.064766521544,1,86.043,85.5700071239985,86.75248931400228,86.683,89.273,32.00437791443526,0.17835459857196795,NZDJPY_merged,133.85395546634348
2025-02-27 17:00:00,2025-02-27 18:00:00,-1.1,90.0,3.4595926366818355,49422.75195259765,-1,2.23516,2.23923027921458,2.2294616090995882,2.18313,2.22102,73.2445949021074,0.0024147472138706383,GBPNZD_merged,-102.45959263668185
2025-02-27 13:00:00,2025-02-27 19:00:00,-1.1,90.0,3.3911278448267206,48444.68349752459,-1,2.23632,2.2404746106913938,2.2300880839629094,2.18313,2.22102,74.52764971369251,0.002362182310425125,GBPNZD_merged,-102.39112784482674
2025-02-28 02:00:00,2025-02-28 09:00:00,-1.1,15.000000000000002,0.5432708475821783,7761.012108316833,-1,2.24619,2.2505312958941133,2.2405463153376526,2.18313,2.22102,78.34573295808069,0.0023738431199791256,GBPNZD_merged,-17.043270847582182
2025-02-28 02:00:00,2025-02-28 10:00:00,-1.1,15.0,0.48894376282396046,6984.91089748515,-1,2.24619,2.25101366210457,2.2408839716849727,2.18313,2.22102,78.8625934822023,0.0023738431199791256,GBPNZD_merged,-16.98894376282396
2025-02-28 07:00:00,2025-02-28 10:00:00,-1.1,14.999999999999998,0.5869295267502672,8384.707525003818,-1,1.85578,1.8590999369109762,1.8524600630890238,1.82286,1.8514,75.64955150833342,0.001981982346331527,EURNZD_merged,-17.086929526750268
2025-02-28 05:00:00,2025-03-02 22:00:00,-1.1,15.0,0.4944243922830926,7063.20560404418,-1,1.85571,1.8596509372401764,1.8505867815877708,1.82286,1.8514,78.2135643342207,0.0019754351472247365,EURNZD_merged,-16.994424392283094
2025-02-28 05:00:00,2025-03-02 22:00:00,-1.1,15.0,0.5204467287190448,7434.953267414928,-1,1.85571,1.8594538903781674,1.8512173315461988,1.82061,1.84938,77.40369322772231,0.0019754351472247365,EURNZD_merged,-17.020446728719044
2025-02-28 02:00:00,2025-03-03 01:00:00,-1.1,15.000000000000002,0.44449432983996406,6349.918997713773,-1,2.24619,2.251496028315027,2.239292163190464,2.18313,2.22102,79.3786430139924,0.0023738431199791256,GBPNZD_merged,-16.94449432983997
2025-02-28 05:00:00,2025-03-03 01:00:00,-1.1,15.0,0.42993425415921105,6141.917916560158,-1,1.85571,1.8602420778262028,1.8511779221737972,1.82286,1.8514,77.40369322772231,0.0019754351472247365,EURNZD_merged,-16.92993425415921
2025-02-28 04:00:00,2025-03-03 15:00:00,-1.1,15.000000000000002,0.32783422842281557,4683.346120325937,1,0.50489,0.5032729190058938,0.5068304971929274,0.50574,0.51772,37.05561527631554,0.0008303027414804816,NZDCHF_merged,-16.82783422842282
2025-02-28 04:00:00,2025-03-03 15:00:00,-1.1,15.0,0.3664029611784408,5234.328016834869,1,0.50489,0.503443138057905,0.5067709205247235,0.50574,0.51772,38.36036138356636,0.0008303027414804816,NZDCHF_merged,-16.86640296117844
2025-03-03 09:00:00,2025-03-04 00:00:00,-1.1,15.0,0.2689419254591464,3842.0275065592346,-1,2.25834,2.267156985287629,2.247759617654845,2.18313,2.22102,61.64881974792839,0.0030967440576153368,GBPNZD_merged,-16.768941925459146
2025-03-04 01:00:00,2025-03-04 03:00:00,-1.1,15.0,0.32328607929900743,4618.372561414392,1,0.55559,0.5537855007117383,0.5579358490747404,0.55768,0.57621,32.77145423536937,0.0010420794431682116,AUDCHF_merged,-16.823286079299006
2025-03-04 11:00:00,2025-03-04 15:00:00,1.3,15.0,0.3122640377618313,4460.914825169019,1,0.5002,0.49851805800064436,0.5023865245991623,0.50574,0.51857,28.585973230513083,0.0009737078147741049,NZDCHF_merged,19.18773596223817
2025-03-04 11:00:00,2025-03-04 15:00:00,1.2,15.0,0.2793941390500596,3991.3448435722808,1,0.5002,0.4983201824713084,0.5024557810344299,0.50574,0.51772,30.05868890925087,0.0009737078147741049,NZDCHF_merged,17.72060586094994
2025-03-04 13:00:00,2025-03-04 15:00:00,1.0,15.0,0.19815284342441308,2830.7549060630445,1,0.55297,0.5500398452267151,0.5559001547732848,0.55768,0.57259,34.56273901759819,0.0012494103121957426,AUDCHF_merged,14.801847156575587
2025-03-04 11:00:00,2025-03-04 15:00:00,1.2,15.0,0.2793941390500596,3991.3448435722808,1,0.5002,0.4983201824713084,0.5024557810344299,0.50574,0.51772,30.414924746228888,0.0009737078147741049,NZDCHF_merged,17.72060586094994
2025-03-04 11:00:00,2025-03-04 15:00:00,1.1,15.0,0.2654244320975566,3791.7776013936664,1,0.5002,0.4982212447066404,0.5023766308226956,0.50574,0.51772,30.05868890925087,0.0009737078147741049,NZDCHF_merged,16.234575567902443
2025-03-04 11:00:00,2025-03-04 15:00:00,1.3,14.999999999999998,0.2949160356639518,4213.086223770741,1,0.5002,0.49841912023597634,0.5025151436932307,0.50574,0.51857,30.414924746228888,0.0009737078147741049,NZDCHF_merged,19.205083964336048
2025-03-04 15:00:00,2025-03-04 16:00:00,1.3,60.00000000000001,0.9537337827980262,13624.768325686091,1,0.61358,0.6108779503856521,0.6170926644986523,0.61934,0.63974,33.016688325025726,0.0015239144835922055,CADCHF_merged,77.04626621720199
2025-03-04 15:00:00,2025-03-04 16:00:00,1.2,60.0,0.9035372679139194,12907.675255913136,1,0.61358,0.6107278365181883,0.6170025961781741,0.61934,0.63974,33.016688325025726,0.0015239144835922055,CADCHF_merged,71.09646273208608
2025-03-04 15:00:00,2025-03-04 16:00:00,1.1,30.0,0.42918020225911174,6131.14574655874,1,0.61358,0.6105777226507245,0.6168825050842031,0.61934,0.63974,32.71131921534498,0.0015239144835922055,CADCHF_merged,32.57081979774089
2025-03-04 15:00:00,2025-03-04 16:00:00,1.3,14.999999999999998,0.19508191011777806,2786.8844302539724,1,0.61358,0.610277494915797,0.6178732566094639,0.61934,0.63974,32.41832638161433,0.0015239144835922055,CADCHF_merged,19.30491808988222
2025-03-04 15:00:00,2025-03-04 16:00:00,1.3,15.0,0.21459010112955587,3065.57287327937,1,0.61358,0.6105777226507245,0.6174829605540582,0.61934,0.63974,32.41832638161433,0.0015239144835922055,CADCHF_merged,19.285409898870444
2025-03-04 15:00:00,2025-03-04 16:00:00,1.0,30.0,0.3732001758774885,5331.431083964122,1,0.61358,0.6101273810483332,0.6170326189516668,0.61934,0.63974,32.71131921534498,0.0015239144835922055,CADCHF_merged,29.62679982412251
2025-03-04 15:00:00,2025-03-04 16:00:00,1.3,30.0,0.5049178850107198,7213.112643010283,1,0.61358,0.6110280642531158,0.6168975164709494,0.61934,0.63974,31.825439779081723,0.0015239144835922055,CADCHF_merged,38.49508211498928
2025-03-04 15:00:00,2025-03-04 16:00:00,1.2,60.0,0.9035372679139194,12907.675255913136,1,0.61358,0.6107278365181883,0.6170025961781741,0.61934,0.63974,32.71131921534498,0.0015239144835922055,CADCHF_merged,71.09646273208608
2025-03-04 18:00:00,2025-03-05 02:00:00,-1.1,60.00000000000001,1.2552814430600423,17932.592043714892,-1,1.06191,1.0654630056025742,1.0572910927166532,1.02103,1.0533,77.31787645899898,0.0020678602030868615,EURUSD_merged,-67.25528144306006
2025-03-04 18:00:00,2025-03-05 02:00:00,-1.1,60.0,1.12314655431688,16044.950775955429,-1,1.06191,1.0658810062617008,1.057144792485959,1.02103,1.0533,73.46667041032683,0.0020678602030868615,EURUSD_merged,-67.12314655431688
2025-03-05 07:00:00,2025-03-05 08:00:00,-1.1,60.0,1.0362631664284436,14803.759520406338,-1,1.06787,1.0721981032707726,1.0626762760750732,1.02103,1.0533,72.08096897560355,0.00236952415488881,EURUSD_merged,-67.03626316642844
2025-03-05 05:00:00,2025-03-05 14:00:00,-1.1,15.0,0.2416873442774221,3452.676346820316,-1,1.28355,1.2891263263237027,1.2768584084115566,1.22488,1.25496,69.83696569102437,0.0019569517785255103,GBPUSD_merged,-16.741687344277423
2025-03-06 00:00:00,2025-03-06 04:00:00,1.3,30.0,0.5729425056998736,8184.892938569623,-1,0.96232,0.9658471811392862,0.9577346645189279,0.93589,0.95128,79.10791778397835,0.001563031000348112,EURCHF_merged,38.42705749430013
2025-03-06 02:00:00,2025-03-06 04:00:00,1.0,30.000000000000004,0.5518710639857382,7883.8723426534025,-1,0.96145,0.965108544779315,0.9577914552206851,0.93589,0.95128,68.65006669603879,0.0016406236686675288,EURCHF_merged,29.448128936014264
2025-03-06 02:00:00,2025-03-06 04:00:00,1.2,30.0,0.6680544458774724,9543.63494110675,-1,0.96145,0.9644722761220428,0.9578232686535487,0.93589,0.95128,68.65006669603879,0.0016406236686675288,EURCHF_merged,35.33194555412253
2025-03-05 18:00:00,2025-03-06 05:00:00,1.3,59.99999999999999,1.1411244719064955,16301.778170092794,-1,0.96097,0.9645069270393938,0.9563719948487881,0.93589,0.95128,79.21644422904747,0.0018796052187348832,EURCHF_merged,76.8588755280935
2025-03-06 04:00:00,2025-03-06 05:00:00,1.0,15.0,0.34082861470397946,4868.9802100568495,-1,0.9593,0.9622553416483967,0.9563446583516034,0.93589,0.95128,57.50341868211245,0.0018014051020654013,EURCHF_merged,14.65917138529602
2025-03-05 18:00:00,2025-03-06 05:00:00,1.1,60.0,1.027012024715846,14671.600353083515,-1,0.96097,0.9648999189326597,0.9566470891740743,0.93589,0.95128,80.01999352894423,0.0018796052187348832,EURCHF_merged,64.97298797528416
2025-03-17 08:00:00,2025-03-17 09:00:00,-1.1,15.0,0.4387214436222469,6267.449194603528,-1,0.57871,0.5800950371547445,0.576909451698832,0.55847,0.57592,80.20941179949145,0.0008465328996504299,NZDUSD_merged,-16.938721443622246
2025-03-17 17:00:00,2025-03-17 20:00:00,-1.1,30.0,0.8816953616410266,12595.648023443238,-1,0.58159,0.582975216542057,0.5802047834579431,0.55847,0.57719,77.98510524227096,0.0008309165986025329,NZDUSD_merged,-33.88169536164103
2025-03-17 15:00:00,2025-03-18 09:00:00,1.1,60.0,1.488798332142953,21268.54760204219,-1,0.58221,0.5838524534788941,0.5804033011732165,0.55847,0.57719,76.06779273500254,0.000808281972343726,NZDUSD_merged,64.51120166785705
2025-03-17 15:00:00,2025-03-18 09:00:00,1.3,90.0,2.481330553571589,35447.579336736984,-1,0.58221,0.5836882081310047,0.5802883294296939,0.55847,0.57719,75.16489657802542,0.000808281972343726,NZDUSD_merged,114.5186694464284
2025-03-17 17:00:00,2025-03-19 02:00:00,1.2,15.000000000000002,0.3944426617867751,5634.895168382503,-1,0.58159,0.5831381831940636,0.5797321801671237,0.55847,0.57719,75.4447217700826,0.0008309165986025329,NZDUSD_merged,17.605557338213224
2025-03-17 15:00:00,2025-03-19 02:00:00,1.3,30.000000000000004,0.6767265146104332,9667.521637291904,-1,0.58221,0.5840166988267835,0.5798612915251814,0.55847,0.57719,76.99781831169777,0.000808281972343726,NZDUSD_merged,38.32327348538957
2025-03-17 16:00:00,2025-03-19 02:00:00,1.3,15.0,0.377952571568784,5399.322450982629,-1,0.58189,0.5835065639446875,0.5797884668719063,0.55847,0.57719,74.99314055983764,0.0008148332600334767,NZDUSD_merged,19.122047428431216
2025-03-18 06:00:00,2025-03-19 02:00:00,1.2,15.0,0.21916116607372368,3130.8738010531956,-1,163.643,164.42701275681387,162.70218469182336,154.792,161.184,62.730099363263896,0.26982428173842593,EURJPY_merged,17.780838833926275
2025-03-17 17:00:00,2025-03-19 02:00:00,1.0,30.0,0.6516878759955415,9309.826799936307,-1,0.58159,0.5834641164980771,0.579715883501923,0.55847,0.57719,76.28158409030323,0.0008309165986025329,NZDUSD_merged,29.348312124004458
2025-03-17 17:00:00,2025-03-19 02:00:00,1.2,30.000000000000004,0.7888853235735502,11269.790336765005,-1,0.58159,0.5831381831940636,0.5797321801671237,0.55847,0.57719,76.28158409030323,0.0008309165986025329,NZDUSD_merged,35.21111467642645
2025-03-31 11:00:00,2025-03-31 23:00:00,1.3,15.0,0.4152000543869319,5931.429348384742,-1,2.07182,2.0770594285044406,2.065008742944228,2.03242,2.06483,58.05015508482658,0.0032133012839379426,GBPAUD_merged,19.084799945613067
2025-04-03 20:00:00,2025-04-03 22:00:00,-1.1,90.0,1.6176907119720805,23109.867313886865,1,1.12452,1.1201406239254699,1.130213188896889,1.12848,1.15018,30.12078454021729,0.0023899162289242283,GBPCHF_merged,-100.61769071197209
2025-04-03 17:00:00,2025-04-03 22:00:00,-1.1,30.0,0.4207628638483132,6010.8980549759035,1,0.54129,0.5385884569274874,0.5448020059942665,0.54937,0.56307,24.106021378995866,0.0016456327707001905,AUDCHF_merged,-33.42076286384831
2025-04-03 20:00:00,2025-04-03 22:00:00,-1.1,30.0,0.5709496630489695,8156.423757842424,1,1.12452,1.120383922596277,1.1298969006248396,1.12848,1.14689,27.30070676586909,0.0023899162289242283,GBPCHF_merged,-33.57094966304897
2025-04-03 20:00:00,2025-04-03 23:00:00,-1.1,30.0,0.5108496985174992,7297.852835964275,1,1.12452,1.1198973252546627,1.1300672096944047,1.12848,1.15018,30.12078454021729,0.0023899162289242283,GBPCHF_merged,-33.5108496985175
2025-04-03 20:00:00,2025-04-03 23:00:00,-1.1,90.0,1.4559216407748725,20798.880582498183,1,1.12452,1.1196540265838555,1.1298725707577588,1.12848,1.15018,29.561378984658006,0.0023899162289242283,GBPCHF_merged,-100.45592164077489
2025-04-04 02:00:00,2025-04-04 06:00:00,-1.1,29.999999999999996,0.4307395538655424,6153.422198079178,1,0.88025,0.8759584855955044,0.8853998172853947,0.89513,0.91297,31.151461873884784,0.0021694995209941056,AUDCAD_merged,-33.43073955386554
2025-04-04 02:00:00,2025-04-04 06:00:00,-1.1,60.0,0.8184051523445306,11691.502176350437,1,0.88025,0.8757326164163204,0.8852191219420475,0.89513,0.91297,30.607313837464563,0.0021694995209941056,AUDCAD_merged,-66.81840515234452
2025-04-04 02:00:00,2025-04-04 06:00:00,-1.1,30.0,0.3558283271063177,5083.261815804539,1,0.88025,0.8750550088787684,0.8854449911212315,0.89513,0.91297,30.607313837464563,0.0021694995209941056,AUDCAD_merged,-33.355828327106316
2025-04-04 02:00:00,2025-04-04 06:00:00,-1.1,29.999999999999996,0.4307395538655424,6153.422198079178,1,0.88025,0.8759584855955044,0.8853998172853947,0.89513,0.91297,30.607313837464563,0.0021694995209941056,AUDCAD_merged,-33.43073955386554
2025-04-21 06:00:00,2025-04-21 20:00:00,1.3,30.0,0.4287441279868173,6124.916114097391,1,0.80543,0.8014849827050878,0.8105585224833857,0.87554,0.88549,33.94504921089948,0.001978758029780637,USDCHF_merged,38.57125587201318
2025-04-21 06:00:00,2025-04-21 20:00:00,1.3,30.0,0.3897673890789248,5568.105558270355,1,0.80543,0.8010904809755967,0.8110713747317243,0.87554,0.88549,33.94504921089948,0.001978758029780637,USDCHF_merged,38.610232610921074
2025-04-21 07:00:00,2025-04-21 22:00:00,-1.1,15.0,0.3430691931406123,4900.988473437319,1,140.986,140.5544972508175,141.503803299019,146.538,151.208,32.51588132445172,0.23395623080348324,USDJPY_merged,-16.84306919314061
2025-04-21 07:00:00,2025-04-21 23:00:00,-1.1,15.0,0.2834049856378971,4048.6426519699594,1,140.986,140.46365456677907,141.5083454332209,146.538,151.208,32.51588132445172,0.23395623080348324,USDJPY_merged,-16.783404985637898
2025-04-21 07:00:00,2025-04-21 23:00:00,-1.1,30.0,0.6518314669671634,9311.878099530906,1,140.986,140.53178657980789,141.57647744624975,146.538,151.208,32.039833115531145,0.23395623080348324,USDJPY_merged,-33.65183146696717
2025-04-21 07:00:00,2025-04-21 23:00:00,-1.1,30.0,0.5925740608792395,8465.343726846279,1,140.986,140.48636523778868,141.63552519087472,146.538,151.208,32.039833115531145,0.23395623080348324,USDJPY_merged,-33.59257406087924
2025-04-21 08:00:00,2025-04-21 23:00:00,-1.1,15.0,0.37168717034430027,5309.81671920429,1,140.79,140.39227440763406,141.18772559236592,146.538,151.208,31.484561863704382,0.24445935717466302,USDJPY_merged,-16.871687170344302
2025-04-21 06:00:00,2025-04-21 23:00:00,-1.1,60.0,1.5105162512646837,21578.803589495485,1,140.652,140.2609162235061,141.16040890944205,146.538,151.208,35.236154621086676,0.2271067100960583,USDJPY_merged,-67.51051625126469
2025-04-21 07:00:00,2025-04-21 23:00:00,-1.1,15.0,0.3259157334835817,4655.939049765453,1,140.986,140.53178657980789,141.4856347622113,146.538,151.208,32.51588132445172,0.23395623080348324,USDJPY_merged,-16.825915733483583
2025-04-21 03:00:00,2025-04-22 17:00:00,1.2,30.000000000000004,0.5651373744321779,8073.391063316828,-1,1.33814,1.3431124087047392,1.332173109554313,1.27079,1.32073,75.90999751927576,0.0018614362847687027,GBPUSD_merged,35.434862625567824
2025-05-12 07:00:00,2025-05-13 08:00:00,-1.1,15.0,0.2077341629039875,2967.630898628393,-1,195.016,196.00171557579887,194.0302844242011,184.365,193.744,67.74035387588438,0.3531097572802383,GBPJPY_merged,-16.70773416290399
2025-06-12 22:00:00,2025-06-13 03:00:00,1.2,15.0,0.3020461146145846,4314.944494494066,1,0.59253,0.5904701936661431,0.5950017676006283,0.59132,0.60597,28.465587053393097,0.0011943900142916226,CADCHF_merged,17.697953885385417
2025-06-23 03:00:00,2025-06-23 05:00:00,-1.1,15.0,0.38644451338634606,5520.63590551923,-1,1.94004,1.9453112405777215,1.9347687594222784,1.88263,1.91549,69.88497786082623,0.003481006071922918,EURNZD_merged,-16.886444513386348
2025-06-23 08:00:00,2025-06-23 10:00:00,1.2,60.0,1.4400889568076773,20572.69938296682,-1,180.51,181.03645497794844,179.87825402646183,173.088,176.172,66.94031375437157,0.3237022988794085,CHFJPY_merged,70.55991104319233
2025-06-23 08:00:00,2025-06-23 17:00:00,1.0,30.0,0.43716986188804496,6245.283741257786,-1,180.51,181.37710231662098,179.642897683379,173.897,176.172,67.10803147865921,0.3237022988794085,CHFJPY_merged,29.562830138111956
2025-06-23 10:00:00,2025-06-23 17:00:00,1.0,15.0,0.38915986201037456,5559.426600148208,-1,180.21,180.69622820201062,179.7237717979894,172.038,176.172,65.19648698955433,0.33449841076847003,CHFJPY_merged,14.610840137989625
2025-06-23 06:00:00,2025-06-24 03:00:00,1.0,15.0,0.2346292095576128,3351.84585082304,-1,197.909,198.79467169617035,197.02332830382963,193.753,196.311,75.49244929132205,0.3067176543422078,GBPJPY_merged,14.765370790442388
2025-06-24 16:00:00,2025-06-25 05:00:00,1.0,30.0,0.7820511169605613,11172.158813722304,1,0.80513,0.8029680275108215,0.8072919724891785,0.81852,0.8476,25.557794245140688,0.001376935350443808,USDCHF_merged,29.21794888303944
2025-06-24 16:00:00,2025-06-25 23:00:00,-1.1,60.00000000000001,1.3800902064009906,19715.57437715701,1,0.80513,0.8026797645122644,0.8080702825852827,0.81565,0.8476,27.981794971161733,0.001376935350443808,USDCHF_merged,-67.38009020640101
2025-06-24 16:00:00,2025-06-26 03:00:00,-1.1,60.0,1.5240822196135932,21772.60313733705,1,0.58658,0.5849635281533403,0.5885197662159917,0.59132,0.60241,29.203918276471885,0.0009229468069990121,CADCHF_merged,-67.52408221961359
2025-06-24 16:00:00,2025-06-26 03:00:00,-1.1,60.0,0.8379119110291728,11970.170157559613,1,0.80513,0.8010943180202003,0.8091656819797998,0.80555,0.83473,26.366795617257633,0.001376935350443808,USDCHF_merged,-66.83791191102917
2025-07-01 07:00:00,2025-07-01 10:00:00,1.5,15.0,0.43077881019468395,6153.9830027811995,1,0.78864,0.7867177327472868,0.7915234008790698,0.80555,0.83473,28.64971381757225,0.0012628321088224803,USDCHF_merged,22.069221189805315
2025-07-01 09:00:00,2025-07-01 10:00:00,-1.1,60.0,2.154147311671455,30773.533023877928,1,1.08572,1.0836031419860224,1.0888952870209665,1.09236,1.12057,30.62030745085897,0.0014547216277004064,GBPCHF_merged,-68.15414731167145
2025-07-02 12:00:00,2025-07-03 07:00:00,1.5,30.0,0.7862495479947008,11232.136399924299,1,1.07897,1.0760881706803151,1.083292743979527,1.09236,1.12057,33.01488996221942,0.0018654181502810211,GBPCHF_merged,44.2137504520053
2025-07-01 11:00:00,2025-07-03 08:00:00,1.5,30.0,0.7416307103707177,10594.724433867397,1,0.79168,0.789438280534029,0.7950425791989567,0.80555,0.83473,45.227463993680644,0.0015241596694106835,USDCHF_merged,44.25836928962928
2025-07-10 18:00:00,2025-07-11 02:00:00,-1.1,59.99999999999999,2.3765265664138275,33950.37952019754,1,2.06062,2.056978296969068,2.0660825545463983,2.0589,2.10353,29.224010516202213,0.0023736733048627767,GBPAUD_merged,-68.37652656641383
2025-07-29 04:00:00,2025-07-29 08:00:00,-1.1,29.999999999999996,0.908091491715806,12972.735595940088,1,1.15545,1.1527779729827494,1.1594580405258759,1.15566,1.18298,34.046904502290275,0.0017755405344884465,EURUSD_merged,-33.90809149171581
2025-07-29 04:00:00,2025-07-29 09:00:00,-1.1,29.999999999999996,1.1046517174040869,15780.738820058385,1,1.58926,1.5862387346116267,1.5937918980825596,1.58868,1.61088,37.38499249112015,0.0019767357166120066,EURCAD_merged,-34.10465171740409
2025-07-30 19:00:00,2025-08-01 08:00:00,1.5,15.000000000000002,0.37145731927593334,5306.533132513334,1,1.14227,1.139041140484355,1.147113289273467,1.15566,1.18298,31.300778321698346,0.0020788177953991525,EURUSD_merged,22.12854268072407
2025-08-03 17:00:00,2025-08-03 22:00:00,1.5,29.999999999999996,0.6861015665416471,9801.450950594959,1,195.414,194.81588243255513,196.3111763511673,197.427,199.97,28.282594140535462,0.3960489703230119,GBPJPY_merged,44.31389843345835
2025-08-20 07:00:00,2025-08-20 09:00:00,-1.1,30.0,0.6404607050457389,9149.438643510557,1,85.914,85.63229747152542,86.33655379271188,86.642,89.063,27.975180481417638,0.18095870810331435,NZDJPY_merged,-33.64046070504574
2025-08-20 09:00:00,2025-08-20 17:00:00,-1.1,30.0,0.6705034427688017,9578.620610982882,1,0.58362,0.5817921167680528,0.5863618248479209,0.58562,0.6059,30.05405363985136,0.0012529753340625904,NZDUSD_merged,-33.670503442768805
2025-08-20 13:00:00,2025-08-21 07:00:00,1.5,30.0,0.6366974347135178,9095.67763876454,1,85.747,85.46418324877338,86.17122512683993,86.642,89.063,29.339155565774917,0.17979132218790775,NZDJPY_merged,44.36330256528648
2025-08-20 19:00:00,2025-08-21 10:00:00,1.2,15.000000000000002,0.28446727796280696,4063.818256611529,1,0.46812,0.466392117610433,0.47019345886748043,0.47261,0.48252,31.46169770543683,0.0008923109422695955,NZDCHF_merged,17.715532722037192
2025-08-20 19:00:00,2025-08-21 10:00:00,1.5,30.0,0.7206504375057775,10295.006250082537,1,0.46812,0.46675588232402604,0.4701661765139609,0.47261,0.48252,31.50484263404289,0.0008923109422695955,NZDCHF_merged,44.279349562494225
2025-08-20 13:00:00,2025-08-21 10:00:00,1.5,29.999999999999996,0.863488997796282,12335.557111375458,1,0.51727,0.5160120025005851,0.5191569962491224,0.51795,0.52949,28.583522715311943,0.000818760356780652,AUDCHF_merged,44.13651100220371
2025-08-20 13:00:00,2025-08-25 08:00:00,1.2,15.0,0.3290899890208564,4701.285557440806,-1,2.00016,2.0065417438088855,1.9925019074293377,1.92813,1.96766,70.14700615480143,0.003210325921635697,EURNZD_merged,17.670910010979142
2025-08-20 13:00:00,2025-08-25 11:00:00,1.3,15.0,0.2501083916558508,3572.977023655012,-1,2.00016,2.0085570313274808,1.9892438592742752,1.92813,1.96778,70.14700615480143,0.003210325921635697,EURNZD_merged,19.24989160834415
2025-09-02 06:00:00,2025-09-02 08:00:00,-1.1,15.0,0.4040937472122946,5772.767817318494,1,0.58565,0.5841282429714832,0.5877804598399236,0.58562,0.59956,33.57626305070689,0.0009281625611927865,NZDUSD_merged,-16.904093747212293
2025-09-02 10:00:00,2025-09-03 13:00:00,1.3,15.0,0.3312971010900984,4732.815729858549,1,0.58566,0.5838038322340382,0.5880730180957502,0.58562,0.59956,44.1825859755183,0.0011138731494748904,NZDUSD_merged,19.168702898909903
2025-09-02 06:00:00,2025-09-05 08:00:00,1.5,15.0,0.2309107126927398,3298.72446703914,1,0.58565,0.5829869252000957,0.5896446121998566,0.58562,0.59956,34.72689802297179,0.0009281625611927865,NZDUSD_merged,22.26908928730726
2025-09-08 02:00:00,2025-09-08 10:00:00,-1.1,60.0,1.0594498831716752,15134.998331023933,1,0.57643,0.574144846130567,0.5798577308041494,0.57926,0.58974,32.65113588384819,0.0008149744975160341,CADCHF_merged,-67.05944988317168
2025-09-08 13:00:00,2025-09-09 17:00:00,-1.1,14.999999999999998,0.4713205571682722,6733.150816689604,1,0.57446,0.573180227686176,0.5762516812393534,0.57781,0.58974,32.380578350506084,0.0007598678607013679,CADCHF_merged,-16.971320557168273
2025-09-08 13:00:00,2025-09-09 17:00:00,-1.1,15.0,0.3427785870314707,4896.836957592439,1,0.57446,0.5727003130684921,0.576923561704111,0.57781,0.58974,32.380578350506084,0.0007598678607013679,CADCHF_merged,-16.84277858703147
2025-09-08 14:00:00,2025-09-09 17:00:00,-1.1,60.0,1.8680895059311626,26686.992941873756,1,0.57456,0.5732682246368076,0.57623930797215,0.57781,0.58974,31.475755295428826,0.0007441630135084279,CADCHF_merged,-67.86808950593117
2025-09-08 19:00:00,2025-09-09 17:00:00,-1.1,30.0,0.6075054019805957,8678.648599722796,1,0.57459,0.572603780624722,0.5775693290629172,0.57926,0.58974,34.498819089867574,0.000678695200985113,CADCHF_merged,-33.607505401980596
2025-09-08 13:00:00,2025-09-09 17:00:00,-1.1,15.0,0.30164515658769425,4309.216522681347,1,0.57446,0.5724603557596502,0.5768595730884197,0.57781,0.58974,32.380578350506084,0.0007598678607013679,CADCHF_merged,-16.801645156587693
2025-09-08 13:00:00,2025-09-09 17:00:00,-1.1,15.0,0.30164515658769425,4309.216522681347,1,0.57446,0.5724603557596502,0.5768595730884197,0.57781,0.58974,32.380578350506084,0.0007598678607013679,CADCHF_merged,-16.801645156587693
2025-09-11 23:00:00,2025-09-12 06:00:00,1.3,30.0,1.127366403219332,16105.234331704745,1,1.7602,1.756921190209816,1.764462452727239,1.76732,1.81569,31.38190489941745,0.0018980893811928962,EURAUD_merged,37.872633596780666
2025-09-11 23:00:00,2025-09-12 06:00:00,1.0,15.0,0.4166354098854052,5951.934426934361,1,1.7602,1.7557639632250452,1.7646360367749547,1.76732,1.81569,31.38190489941745,0.0018980893811928962,EURAUD_merged,14.583364590114595
2025-09-11 23:00:00,2025-09-12 06:00:00,1.3,14.999999999999998,0.5323674681869067,7605.249545527239,1,1.7602,1.7567283190456875,1.7647131852406062,1.76732,1.81569,31.1256226228421,0.0018980893811928962,EURAUD_merged,18.967632531813095
2025-09-17 04:00:00,2025-09-17 05:00:00,-1.1,15.0,0.677919807429713,9684.56867756733,1,0.78772,0.7864999353390544,0.7894280905253237,0.79106,0.8171,33.514789937835815,0.0008002160978701975,USDCHF_merged,-17.177919807429713
2025-09-17 04:00:00,2025-09-17 05:00:00,-1.1,30.000000000000004,1.276084343397107,18229.776334244387,1,0.78772,0.7864236812977453,0.789405214312931,0.79106,0.8171,33.4563632700038,0.0008002160978701975,USDCHF_merged,-34.276084343397116
2025-09-17 00:00:00,2025-09-17 14:00:00,-1.1,15.0,0.40743386885922667,5820.4838408460955,1,0.78698,0.784951869637854,0.7894137564345752,0.80217,0.81038,31.09833602788712,0.0007747341345113764,USDCHF_merged,-16.907433868859226
2025-09-17 04:00:00,2025-09-17 14:00:00,-1.1,15.0,0.38738274710269316,5534.039244324188,1,0.78772,0.7855848868433453,0.790922669734982,0.79106,0.8171,33.43953681579277,0.0008002160978701975,USDCHF_merged,-16.88738274710269
2025-09-17 00:00:00,2025-09-17 14:00:00,-1.1,60.0,1.7714516037357682,25306.451481939548,1,0.78698,0.7851141200668257,0.7888458799331743,0.80217,0.81038,31.09833602788712,0.0007747341345113764,USDCHF_merged,-67.77145160373577
2025-09-17 00:00:00,2025-09-17 14:00:00,-1.1,15.0,0.40743386885922667,5820.4838408460955,1,0.78698,0.784951869637854,0.7894137564345752,0.80217,0.81038,31.09833602788712,0.0007747341345113764,USDCHF_merged,-16.907433868859226
2025-09-17 00:00:00,2025-09-17 14:00:00,-1.1,60.00000000000001,1.851972131178303,26456.74473111862,1,0.78698,0.7851952452813116,0.7894786566061639,0.80217,0.80717,31.09833602788712,0.0007747341345113764,USDCHF_merged,-67.85197213117831
2025-09-16 19:00:00,2025-09-18 04:00:00,1.4,15.0,0.4711332026875765,6730.474324108237,1,1.07312,1.0707283706400392,1.0764682811039452,1.0728,1.09599,30.394878671499672,0.0010294539506328357,GBPCHF_merged,20.528866797312425
2025-09-18 08:00:00,2025-09-18 17:00:00,-1.407517977111687,30.000000000000004,0.6395763410581125,9136.80487225875,1,0.46586,0.4643303843197491,0.4678485003843262,0.46636,0.48252,35.45794057916518,0.0009162186488765511,NZDCHF_merged,-42.865115654408726
2025-09-18 08:00:00,2025-09-21 17:00:00,-1.370160320622773,15.0,0.19415710353549842,2773.672907649978,1,0.46586,0.46334063299723377,0.46963905050414934,0.46636,0.48252,35.37295970646359,0.0009162186488765511,NZDCHF_merged,-20.746561912877095
2025-09-18 06:00:00,2025-09-21 17:00:00,-1.382868030317029,30.0,0.4784255564909924,6834.650807014177,1,0.46528,0.4632377010744024,0.46813921849583673,0.46684,0.47325,31.37863831944782,0.0009012950010639327,NZDCHF_merged,-41.964466466001866
2025-09-24 14:00:00,2025-09-25 09:00:00,-1.1,15.0,0.6479686105616579,9256.694436595113,-1,1.39003,1.3922824725368024,1.3875522802095177,1.372,1.38911,75.87952402646697,0.0010467055434839553,USDCAD_merged,-17.14796861056166
2025-09-25 21:00:00,2025-09-26 09:00:00,1.3,60.00000000000001,1.9455715514741496,27793.879306773568,1,1.33447,1.3315892146617516,1.338215020939723,1.33331,1.35945,30.71189326776138,0.0015482622776678567,GBPUSD_merged,76.05442844852587
2025-09-25 21:00:00,2025-09-26 09:00:00,1.1,14.999999999999998,0.4169081896016034,5955.831280022907,1,1.33447,1.3311090837720436,1.3381670078507522,1.33331,1.35945,30.102247156700606,0.0015482622776678567,GBPUSD_merged,16.083091810398397
2025-09-25 21:00:00,2025-09-26 09:00:00,1.0,30.0,0.7613106070985803,10875.865815694006,1,1.33447,1.3307889965122381,1.338151003487762,1.33331,1.35945,30.984548325959718,0.0015482622776678567,GBPUSD_merged,29.23868939290142
2025-10-06 03:00:00,2025-10-06 14:00:00,-1.1,15.0,0.32936326847864744,4705.189549694964,-1,99.157,99.47310947535502,98.71444673450297,94.399,98.422,76.38062290436281,0.20367067766139588,AUDJPY_merged,-16.829363268478648
2025-10-06 03:00:00,2025-10-06 16:00:00,-1.1,60.0,1.1710693990351908,16729.56284335987,-1,99.157,99.51262315977439,98.69468989229328,94.399,98.422,75.54331933554954,0.20367067766139588,AUDJPY_merged,-67.17106939903519
2025-10-06 07:00:00,2025-10-06 16:00:00,-1.1,30.0,0.5122467079388079,7317.810113411541,-1,99.109,99.51530597869036,98.66206342344059,94.399,98.422,76.0435809520896,0.19023053479506347,AUDJPY_merged,-33.51224670793881
2025-10-06 03:00:00,2025-10-06 20:00:00,-1.1,15.0,0.21079249182633442,3011.3213118047775,-1,99.157,99.65092105524222,98.56429473370933,94.399,98.222,74.71619590244946,0.20367067766139588,AUDJPY_merged,-16.710792491826336
2025-10-06 03:00:00,2025-10-06 20:00:00,-1.1,15.0,0.2395369225299254,3421.9560361417916,-1,99.157,99.59165052861314,98.54848925994158,94.399,98.222,74.71619590244946,0.20367067766139588,AUDJPY_merged,-16.739536922529926
2025-10-06 03:00:00,2025-10-06 20:00:00,-1.1,15.0,0.21079249182633442,3011.3213118047775,-1,99.157,99.65092105524222,98.56429473370933,94.399,98.222,74.71619590244946,0.20367067766139588,AUDJPY_merged,-16.710792491826336
2025-10-06 03:00:00,2025-10-06 20:00:00,-1.1,30.0,0.458244547448553,6546.350677836472,-1,99.157,99.61140737082283,98.70259262917716,94.399,98.422,74.71619590244946,0.20367067766139588,AUDJPY_merged,-33.45824454744855
2025-10-07 19:00:00,2025-10-07 20:00:00,-1.1,30.0,0.8178220306341033,11683.171866201477,-1,151.817,152.20683505953343,151.31021442260655,145.481,149.136,78.57099676799572,0.2225339592831198,USDJPY_merged,-33.817822030634105
2025-10-07 19:00:00,2025-10-07 20:00:00,-1.1,60.0,1.7255571442665774,24650.816346665393,-1,108.82,109.08486749599605,108.47567225520511,105.976,108.03,79.6524234245764,0.15063799396622113,CADJPY_merged,-67.72555714426657
2025-10-07 19:00:00,2025-10-07 20:00:00,-1.1,30.0,0.7009903119720885,10014.147313886979,-1,151.817,152.2718075694557,151.31671167359877,145.481,149.136,80.9106131115924,0.2225339592831198,USDJPY_merged,-33.70099031197209
2025-10-07 19:00:00,2025-10-07 20:00:00,-1.1,30.0,0.6400346326701679,9143.351895288113,-1,151.817,152.3151225760705,151.3188774239295,145.481,149.136,77.87329356238841,0.2225339592831198,USDJPY_merged,-33.640034632670165
2025-10-08 00:00:00,2025-10-08 04:00:00,-1.1,15.0,0.4534979175820704,6478.541679743864,-1,109.163,109.41574901064844,108.80915138509216,105.976,108.03,75.91039537416967,0.15647040796561754,CADJPY_merged,-16.95349791758207
2025-10-08 09:00:00,2025-10-08 14:00:00,-1.1,30.0,0.7871618999682035,11245.169999545766,-1,152.505,152.91185467629077,151.9354034531929,145.481,149.136,69.60907248581772,0.256692446061615,USDJPY_merged,-33.787161899968204
2025-10-08 09:00:00,2025-10-08 14:00:00,-1.1,30.0,0.7408582587936036,10583.689411337195,-1,152.505,152.93728309355896,151.94303197837334,145.481,149.136,70.01248382393257,0.256692446061615,USDJPY_merged,-33.7408582587936
2025-10-08 07:00:00,2025-10-08 21:00:00,1.3,15.0,0.3137367778136567,4481.953968766525,1,0.57733,0.5753978181747629,0.5798418363728083,0.57995,0.6007,42.62682815423965,0.0011003934339530433,NZDUSD_merged,19.186263222186344
2025-10-08 09:00:00,2025-10-09 02:00:00,-1.1,15.0,0.34984973331920166,4997.853333131453,-1,152.505,152.96271151082712,151.90997503592473,145.481,149.136,69.85822913093006,0.256692446061615,USDJPY_merged,-16.849849733319203
2025-10-08 09:00:00,2025-10-09 02:00:00,-1.1,15.0,0.2998711999878871,4283.874285541245,-1,152.505,153.03899676263165,151.91760356110518,145.481,149.136,68.72961091072368,0.256692446061615,USDJPY_merged,-16.799871199987887
2025-10-08 08:00:00,2025-10-09 13:00:00,1.3,29.999999999999996,0.7977419534694955,11396.313620992794,-1,109.499,109.7872484730807,109.12427698499508,105.976,108.03,74.00943199975684,0.17208950210290633,CADJPY_merged,38.2022580465305
2025-10-08 08:00:00,2025-10-09 13:00:00,1.4,15.0,0.42380041278066954,6054.291611152423,-1,109.499,109.77029268054655,109.11919024723483,105.976,108.03,74.12470444878964,0.17208950210290633,CADJPY_merged,20.57619958721933
2025-10-09 17:00:00,2025-10-10 11:00:00,1.2,15.0,0.3213013590066261,4590.019414380373,1,1.15634,1.152561127094657,1.1608746474864113,1.16454,1.19186,35.4196701098073,0.0014728670791273667,EURUSD_merged,17.678698640993375
2025-10-09 17:00:00,2025-10-10 11:00:00,1.5,15.0,0.28687621339877334,4098.231619982476,1,1.15634,1.1521076623460158,1.162688506480976,1.1574,1.19186,35.15512047935557,0.0014728670791273667,EURUSD_merged,22.213123786601226
2025-10-10 08:00:00,2025-10-10 11:00:00,1.5,30.0,0.5431376701770091,7759.109573957273,1,1.32719,1.322058522010098,1.3348872169848531,1.33331,1.37261,37.12303322041482,0.0018167656599165035,GBPUSD_merged,44.45686232982299
2025-10-09 17:00:00,2025-10-10 11:00:00,1.4,30.0,1.0040667468957065,14343.810669938664,1,1.15634,1.1539215213405805,1.1597258701231872,1.16454,1.19186,34.87511099715565,0.0014728670791273667,EURUSD_merged,40.99593325310429
2025-10-09 17:00:00,2025-10-10 11:00:00,1.2,15.0,0.3213013590066261,4590.019414380373,1,1.15634,1.152561127094657,1.1608746474864113,1.16454,1.19186,35.4196701098073,0.0014728670791273667,EURUSD_merged,17.678698640993375
2025-10-09 17:00:00,2025-10-10 11:00:00,1.4,15.0,0.5020333734478533,7171.905334969332,1,1.15634,1.1539215213405805,1.1597258701231872,1.16454,1.19186,35.4196701098073,0.0014728670791273667,EURUSD_merged,20.497966626552145
2025-10-09 17:00:00,2025-10-10 11:00:00,1.3,30.0,0.9450039970783122,13500.057101118746,1,1.15634,1.1537703664243668,1.159680523648323,1.1574,1.19186,35.4196701098073,0.0014728670791273667,EURUSD_merged,38.05499600292169
2025-10-14 07:00:00,2025-10-14 10:00:00,1.4,30.0,0.8571681759511082,12245.259656444403,1,0.56871,0.5673167016560959,0.5706606176814658,0.57995,0.6007,32.08481580332166,0.0008586106460157901,NZDUSD_merged,41.14283182404889
2025-10-14 09:00:00,2025-10-14 10:00:00,1.4,60.0,1.3566656517982432,19380.937882832048,1,0.64463,0.6426343380648643,0.6474239267091902,0.652,0.66286,37.00920532034848,0.0012717680873556166,AUDUSD_merged,82.64333434820176
2025-10-14 07:00:00,2025-10-14 10:00:00,1.3,30.0,0.8067465185422196,11524.950264888852,1,0.56871,0.5672296205096019,0.5706344933375176,0.57995,0.6007,33.297983040179844,0.0008586106460157901,NZDUSD_merged,38.19325348145778
2025-10-14 09:00:00,2025-10-14 10:00:00,1.3,60.0,1.2768617899277583,18240.882713253694,1,0.64463,0.6425096091939182,0.6473865080479064,0.652,0.66286,37.349564243571784,0.0012717680873556166,AUDUSD_merged,76.72313821007224
2025-10-14 10:00:00,2025-10-14 23:00:00,1.5,30.000000000000004,0.38093619805112533,5441.945686444648,1,0.64595,0.6423890493554043,0.6512914259668936,0.652,0.67065,45.166642514718355,0.001364498938258792,AUDUSD_merged,44.61906380194888
2025-10-14 09:00:00,2025-10-15 02:00:00,1.5,30.0,0.5046445775216744,7209.208250309634,1,0.56914,0.5667716123203589,0.5726925815194616,0.57995,0.6007,38.45983103800948,0.0008511489753911613,NZDUSD_merged,44.495355422478326
2025-10-15 23:00:00,2025-10-16 03:00:00,1.4,60.0,1.1726480703959858,16752.11529137123,1,0.51584,0.51399244824539,0.5184265724564538,0.52017,0.53089,31.88020616440879,0.0011258112861575165,AUDCHF_merged,82.82735192960402
2025-10-16 01:00:00,2025-10-16 19:00:00,-1.1,59.99999999999999,0.7041809035519858,10059.727193599798,1,0.51625,0.5131708906559904,0.5208686640160143,0.51612,0.53089,38.27051392855737,0.0010789903436766394,AUDCHF_merged,-66.70418090355199
2025-10-17 01:00:00,2025-10-17 03:00:00,-1.1,30.0,0.6175922592834661,8822.746561192373,1,0.51165,0.5099102356427742,0.5140856701001163,0.52017,0.53089,30.448902000842917,0.001062541814461474,AUDCHF_merged,-33.61759225928347
2025-10-17 07:00:00,2025-10-17 07:00:00,1.4,90.0,1.643484416942122,23478.34881345889,1,0.51171,0.5097484523474837,0.5144561667135229,0.52017,0.53089,43.966845376494284,0.0013883981911925211,AUDCHF_merged,124.35651558305787
2025-10-17 07:00:00,2025-10-17 07:00:00,1.4,30.0,0.5478281389807074,7826.116271152963,1,0.51171,0.5097484523474837,0.5144561667135229,0.52017,0.53089,43.03384201696225,0.0013883981911925211,AUDCHF_merged,41.452171861019295
2025-10-17 07:00:00,2025-10-17 07:00:00,1.3,60.0,1.0312059086695666,14731.512980993812,1,0.51171,0.5096258556192014,0.5144193876950381,0.52017,0.53089,43.03384201696225,0.0013883981911925211,AUDCHF_merged,76.96879409133044
2025-10-17 07:00:00,2025-10-17 08:00:00,1.4,90.0,3.8630310229572853,55186.15747081836,1,0.92346,0.9219539810305881,0.9255684265571765,0.93007,0.93726,40.58547856908717,0.0010254574376050718,EURCHF_merged,122.1369689770427
2025-10-17 07:00:00,2025-10-17 08:00:00,1.3,90.0,3.6357939039597973,51939.91291371139,1,0.92346,0.9218598548449999,0.9255401887015,0.93007,0.93726,40.55227758304218,0.0010254574376050718,EURCHF_merged,113.3642060960402
2025-10-17 07:00:00,2025-10-17 14:00:00,1.0,30.0,0.38109783581266593,5444.2547973238,1,0.51171,0.5088902752495078,0.5145297247504922,0.52017,0.53089,43.03384201696225,0.0013883981911925211,AUDCHF_merged,29.618902164187332
2025-10-17 07:00:00,2025-10-17 14:00:00,1.1,30.0,0.4173928677948246,5962.75525421178,1,0.51171,0.5091354687060723,0.5145419844233204,0.52017,0.53089,45.50528405279152,0.0013883981911925211,AUDCHF_merged,32.582607132205176
2025-10-17 07:00:00,2025-10-17 14:00:00,1.3,30.0,0.48695834576062874,6956.547796580411,1,0.51171,0.5095032588909191,0.5145787634418051,0.52017,0.53089,43.443679953804995,0.0013883981911925211,AUDCHF_merged,38.51304165423937
2025-10-17 07:00:00,2025-10-17 15:00:00,1.4,89.99999999999999,2.0236713576975385,28909.590824250554,1,0.45277,0.45136045739361286,0.454743359648942,0.45817,0.46577,43.373947443369545,0.0009716095483496808,NZDCHF_merged,123.97632864230243
2025-10-17 07:00:00,2025-10-17 15:00:00,1.3,90.0,1.9046318660682722,27209.02665811818,1,0.45277,0.45127236098071366,0.45471693072507224,0.45817,0.46577,42.78237244624018,0.0009716095483496808,NZDCHF_merged,115.09536813393173
2025-10-17 07:00:00,2025-10-19 18:00:00,1.2,30.000000000000004,0.35061000894765276,5008.714413537897,1,0.51171,0.5086450817929432,0.5153879018484682,0.52017,0.53089,43.03384201696225,0.0013883981911925211,AUDCHF_merged,35.649389991052345
2025-10-17 07:00:00,2025-10-19 18:00:00,1.2,30.000000000000004,0.35061000894765276,5008.714413537897,1,0.51171,0.5086450817929432,0.5153879018484682,0.52017,0.53089,43.03384201696225,0.0013883981911925211,AUDCHF_merged,35.649389991052345
2025-10-17 07:00:00,2025-10-19 18:00:00,1.4,30.0,0.39842046471324166,5691.720924474881,1,0.51171,0.50901287197779,0.515485979231094,0.52017,0.53034,43.03384201696225,0.0013883981911925211,AUDCHF_merged,41.60157953528676
2025-10-17 08:00:00,2025-10-19 19:00:00,1.4,90.0,1.455861609315303,20798.02299021862,1,0.51335,0.5111285628940919,0.5164600119482712,0.52017,0.53089,42.50007739364201,0.0013999411775359083,AUDCHF_merged,124.54413839068468
2025-10-17 08:00:00,2025-10-19 19:00:00,1.4,60.0,0.970574406210202,13865.348660145744,1,0.51335,0.5111285628940919,0.5164600119482712,0.52017,0.53089,41.78488498486421,0.0013999411775359083,AUDCHF_merged,83.0294255937898
2025-10-17 08:00:00,2025-10-19 19:00:00,1.3,89.99999999999999,1.3702226911202855,19574.609873146936,1,0.51335,0.5109897230749727,0.5164183600025355,0.52017,0.53089,41.78488498486421,0.0013999411775359083,AUDCHF_merged,115.6297773088797
2025-10-17 08:00:00,2025-10-20 10:00:00,-1.1,90.0,2.0292090375391982,28988.700536274264,1,0.92483,0.9219587191747058,0.9291369212379413,0.93007,0.93726,41.18834311655607,0.0010350676206332845,EURCHF_merged,-101.02920903753922
2025-10-17 07:00:00,2025-10-21 11:00:00,1.5,60.0,0.770922421980015,11013.177456857358,1,0.45277,0.4503033004388225,0.45647004934176627,0.46636,0.4758,43.040010510387354,0.0009716095483496808,NZDCHF_merged,89.22907757801998
2025-10-17 07:00:00,2025-10-21 12:00:00,1.5,29.999999999999996,0.3130446508461185,4472.066440658836,1,0.51171,0.5082772916080964,0.5168590625878554,0.51612,0.53089,43.443679953804995,0.0013883981911925211,AUDCHF_merged,44.68695534915388
2025-10-28 18:00:00,2025-10-28 19:00:00,-1.1,30.0,0.8377143097759241,11967.347282513203,1,2.01608,2.0110260478941413,2.0216393473164445,2.02406,2.10039,25.936838745078514,0.002338312155651787,GBPAUD_merged,-33.837714309775926
2025-10-28 22:00:00,2025-10-29 00:00:00,-0.8543261011355241,90.00000000000001,4.046763332598184,57810.90475140264,1,1.05262,1.0509812814847408,1.0549142059213625,1.06522,1.07791,29.77992442164334,0.0010017562811771173,GBPCHF_merged,-80.93611243479538
2025-10-28 17:00:00,2025-10-29 00:00:00,-0.8806445863129573,90.0,3.2456772679774026,46366.8181139629,1,1.05302,1.0509760426215347,1.0556771445920052,1.06522,1.07791,32.01321648394827,0.0011664473075651727,GBPCHF_merged,-82.50369003614355
2025-10-29 00:00:00,2025-10-29 01:00:00,-1.1,15.0,0.3278190057058015,4683.128652940022,1,2.29215,2.2848082734432427,2.30242841717946,2.30336,2.35207,26.133818185021237,0.002827075270842427,GBPNZD_merged,-16.827819005705802
2025-10-29 01:00:00,2025-10-29 07:00:00,-1.1,15.0,0.3333725171197747,4762.4645302824965,1,1.84483,1.839019468535872,1.8512215846105409,1.85595,1.88419,23.49209047440427,0.00196706926270631,GBPCAD_merged,-16.833372517119773
2025-10-29 01:00:00,2025-10-29 07:00:00,-1.1,15.0,0.38466059667666314,5495.151381095188,1,1.84483,1.8397942060644223,1.850872952722693,1.85595,1.88399,24.47592933857426,0.00196706926270631,GBPCAD_merged,-16.884660596676664
2025-10-29 01:00:00,2025-10-29 07:00:00,-1.1,15.0,0.35718483977118726,5102.640568159818,1,1.84483,1.839406837300147,1.8518801115098087,1.85595,1.88399,25.372871235913852,0.00196706926270631,GBPCAD_merged,-16.857184839771186
2025-10-29 05:00:00,2025-10-29 08:00:00,-1.1,59.99999999999999,1.2976274592179098,18537.535131684428,1,1.84305,1.8370846438070405,1.8508049630508476,1.85595,1.89143,25.12915143615423,0.0020536608499624564,GBPCAD_merged,-67.2976274592179
2025-10-29 05:00:00,2025-10-29 08:00:00,-1.1,60.0,1.2543732105773129,17919.617293961615,1,1.84305,1.8368789418693523,1.851689481382907,1.85595,1.89143,26.577086382468377,0.0020536608499624564,GBPCAD_merged,-67.25437321057731
2025-10-29 05:00:00,2025-10-29 13:00:00,-1.1,60.0,1.2280327503118351,17543.32500445479,1,1.32199,1.3174686564132023,1.3269634779454775,1.32484,1.34714,31.414364476790368,0.0015091494243441078,GBPUSD_merged,-67.22803275031184
2025-10-29 03:00:00,2025-10-29 13:00:00,-1.1,60.0,1.4251630115858094,20359.471594082992,1,1.32279,1.3188916964692212,1.327857794590012,1.32484,1.34714,27.01503037239993,0.0014420904566357653,GBPUSD_merged,-67.42516301158581
2025-10-29 05:00:00,2025-10-29 13:00:00,-1.1,15.0,0.32974953480595576,4710.707640085083,1,1.32199,1.3177804732122917,1.3278833375027914,1.32484,1.34714,32.14332889805543,0.0015091494243441078,GBPUSD_merged,-16.829749534805956
2025-10-29 10:00:00,2025-10-29 13:00:00,-1.1,60.0,1.1584432760270142,16549.189657528776,1,1.32271,1.3179144419308535,1.3299033371037199,1.32484,1.34714,43.31788525350701,0.001744649359665969,GBPUSD_merged,-67.15844327602701
2025-10-29 03:00:00,2025-10-29 14:00:00,1.1,15.000000000000002,0.3481106756251793,4973.009651788276,1,1.05217,1.048996358461958,1.0556610056918465,1.06522,1.07791,35.252932378417725,0.0011019049259741065,GBPCHF_merged,16.151889324374824
2025-10-29 03:00:00,2025-10-29 15:00:00,1.3,15.0,0.3605431997546501,5150.6171393521445,1,1.05217,1.0491057943770628,1.0561534673098185,1.06522,1.07791,35.252932378417725,0.0011019049259741065,GBPCHF_merged,19.13945680024535
2025-10-29 11:00:00,2025-10-30 21:00:00,1.1,30.0,0.5145133975541675,7350.191393630964,1,2.28376,2.2744387733365192,2.2940133493298287,2.30336,2.35207,29.060555027884835,0.0031839149415086496,GBPNZD_merged,32.48548660244583
2025-10-29 07:00:00,2025-10-31 00:00:00,1.3,30.0,0.5718859439098335,8169.7991987119085,1,2.28624,2.2778447875435157,2.2971537761934293,2.30336,2.35207,28.576258847494138,0.0030812694370993456,GBPNZD_merged,38.428114056090166
2025-10-29 07:00:00,2025-10-31 01:00:00,1.4,15.0,0.29653345239769135,4236.192177109877,1,2.28624,2.278144616559819,2.2975735368162535,2.30336,2.35207,28.913136336677745,0.0030812694370993456,GBPNZD_merged,20.703466547602307
2025-10-29 04:00:00,2025-10-31 03:00:00,1.3,15.0,0.2670653991403755,3815.219987719651,1,2.28688,2.2778888539820996,2.2985684898232708,2.30336,2.35207,27.846515019378728,0.0030132240944016823,GBPNZD_merged,19.232934600859625
2025-10-29 07:00:00,2025-10-31 11:00:00,1.2,15.0,0.458843829925464,6554.911856078058,-1,0.88062,0.8826351758391306,0.8782017889930431,0.86533,0.8751,75.71957431660249,0.0007839913711181149,EURGBP_merged,17.541156170074537
2025-10-29 07:00:00,2025-10-31 11:00:00,1.1,30.0,0.8227544536594527,11753.635052277896,-1,0.88062,0.8828676961282611,0.8781475342589127,0.86533,0.8751,77.00434406598113,0.0007839913711181149,EURGBP_merged,32.17724554634055
2025-10-29 07:00:00,2025-10-31 12:00:00,1.3,30.0,0.8521385412901477,12173.407732716396,-1,0.88062,0.8827901893652177,0.877798753825217,0.86533,0.8751,77.00434406598113,0.0007839913711181149,EURGBP_merged,38.147861458709855
2025-10-29 07:00:00,2025-10-31 12:00:00,1.3,30.0,0.8227544536594527,11753.635052277896,-1,0.88062,0.8828676961282611,0.8776979950332604,0.86533,0.8751,76.35743056700468,0.0007839913711181149,EURGBP_merged,38.17724554634055
2025-10-29 07:00:00,2025-10-31 12:00:00,1.1,15.0,0.3976646526020688,5680.923608600983,-1,0.88062,0.8829452028913046,0.8780622768195648,0.86533,0.8751,76.35743056700468,0.0007839913711181149,EURGBP_merged,16.102335347397933
2025-10-29 10:00:00,2025-10-31 12:00:00,1.3,15.0,0.4069949169661664,5814.2130995166635,-1,0.88074,0.8830122077388423,0.877786129939505,0.86533,0.8751,72.22228132736356,0.0008171097093099483,EURGBP_merged,19.093005083033834
2025-10-29 03:00:00,2025-10-31 13:00:00,1.5,15.0,0.3605431997546501,5150.6171393521445,1,1.05217,1.0491057943770628,1.0567663084344059,1.06522,1.07791,35.252932378417725,0.0011019049259741065,GBPCHF_merged,22.13945680024535
2025-10-29 07:00:00,2025-10-31 13:00:00,1.5,60.0,1.7042770825802953,24346.815465432792,-1,0.88062,0.8827901893652177,0.8773647159521734,0.86533,0.8751,77.00434406598113,0.0007839913711181149,EURGBP_merged,88.29572291741971
2025-10-29 07:00:00,2025-10-31 13:00:00,1.4,30.0,0.7953293052041376,11361.847217201966,-1,0.88062,0.8829452028913046,0.8773647159521734,0.86533,0.8751,75.09719366370237,0.0007839913711181149,EURGBP_merged,41.204670694795865
2025-10-29 04:00:00,2025-11-03 09:00:00,1.4,15.0,0.2581632191690297,3688.0459881289958,1,2.28688,2.277578814464241,2.2999016597500628,2.30336,2.35207,28.86148540991866,0.0030132240944016823,GBPNZD_merged,20.74183678083097
2025-10-29 16:00:00,2025-11-03 10:00:00,1.1,90.0,1.3693063256416078,19561.518937737255,1,1.83774,1.829284797695596,1.8470407225348444,1.85595,1.89143,35.906954578842814,0.002920902215695889,GBPCAD_merged,97.63069367435841
2025-10-29 16:00:00,2025-11-03 10:00:00,1.3,90.0,1.4182101229859512,20260.144614085017,1,1.83774,1.8295763563957477,1.848352736685528,1.85595,1.89143,35.906954578842814,0.002920902215695889,GBPCAD_merged,115.58178987701405
2025-10-29 12:00:00,2025-11-03 10:00:00,1.4,60.0,1.108500712898619,15835.724469980272,1,1.83814,1.8311754686197608,1.847890343932335,1.85595,1.89143,26.21070883214638,0.0022921168557883576,GBPCAD_merged,82.89149928710138
2025-10-29 16:00:00,2025-11-03 10:00:00,1.3,60.0,0.9454734153239674,13506.763076056679,1,1.83774,1.8295763563957477,1.848352736685528,1.85595,1.89143,35.1076817083042,0.002920902215695889,GBPCAD_merged,77.05452658467603
2025-10-29 12:00:00,2025-11-03 10:00:00,1.3,60.0,1.1467248754123645,16381.78393446235,1,1.83814,1.831407619665769,1.8468920944345006,1.85595,1.89143,25.120734696169347,0.0022921168557883576,GBPCAD_merged,76.85327512458764
2025-10-29 16:00:00,2025-11-03 10:00:00,1.2,60.0,1.0182021395796572,14545.74485113796,1,1.83774,1.8301594737960514,1.8468366314447382,1.85595,1.88399,35.270877073903996,0.002920902215695889,GBPCAD_merged,70.98179786042034
2025-10-29 16:00:00,2025-11-03 10:00:00,1.4,60.0,0.980490949224855,14007.013560355073,1,1.83774,1.8298679150958996,1.8487609188657403,1.85595,1.89143,35.526831596379076,0.002920902215695889,GBPCAD_merged,83.01950905077514
2025-10-29 16:00:00,2025-11-03 10:00:00,1.1,29.999999999999996,0.4412209271511848,6303.156102159784,1,1.83774,1.828993238995444,1.8473614371050116,1.85595,1.88419,35.526831596379076,0.002920902215695889,GBPCAD_merged,32.558779072848814
2025-10-29 15:00:00,2025-11-03 10:00:00,1.5,60.0,0.9377154313425924,13395.934733465607,1,2.28878,2.2785286212994955,2.304157068050757,2.30336,2.35207,43.70035756264557,0.003521120487412281,GBPNZD_merged,89.0622845686574
2025-10-29 10:00:00,2025-11-03 11:00:00,1.3,60.0,0.9577907165028449,13682.724521469214,1,2.00247,1.9936889856770503,2.013885318619835,2.02406,2.08487,29.647522342828136,0.0031649282193456623,GBPAUD_merged,77.04220928349716
2025-10-29 10:00:00,2025-11-03 11:00:00,1.3,60.0,0.9577907165028449,13682.724521469214,1,2.00247,1.9936889856770503,2.013885318619835,2.02406,2.08487,30.259650819482488,0.0031649282193456623,GBPAUD_merged,77.04220928349716
2025-10-31 11:00:00,2025-11-03 20:00:00,-1.1,90.0,1.9076306872381221,27251.866960544605,1,1.15406,1.150248686809958,1.1597769697850635,1.1542,1.17283,32.353658675098565,0.0013725273334323895,EURUSD_merged,-100.90763068723814
2025-10-29 07:00:00,2025-11-04 01:00:00,1.3,30.0,0.49242692427017154,7034.670346716737,1,2.00382,1.9952745249404535,2.014929117577411,2.02406,2.08487,24.699324705497773,0.0030433787136479435,GBPAUD_merged,38.50757307572983
2025-10-29 10:00:00,2025-11-04 01:00:00,1.4,30.0,0.4469690010346609,6385.2714433523,1,2.00247,1.993061770368268,2.015641521484425,2.02406,2.08487,29.647522342828136,0.0031649282193456623,GBPAUD_merged,41.55303099896534
2025-10-31 14:00:00,2025-11-04 07:00:00,-1.1,90.0,1.9502907949653054,27861.29707093294,1,1.1525,1.1487770936422694,1.1565951969935038,1.1542,1.17283,31.637505086358136,0.0012542064692241109,EURUSD_merged,-100.95029079496533
2025-11-04 06:00:00,2025-11-04 16:00:00,-1.1,60.0,0.9593626192349962,13705.180274785662,1,0.56656,0.5640796532027718,0.5695364161566738,0.56823,0.6007,27.807407852484506,0.0009422667132958059,NZDUSD_merged,-66.959362619235
2025-11-04 11:00:00,2025-11-04 16:00:00,-1.1,60.0,1.0143196924248037,14490.281320354341,1,0.56664,0.5642937101490058,0.569924805791392,0.56823,0.58446,30.935733959950948,0.0008454965096012367,NZDUSD_merged,-67.0143196924248
2025-11-04 06:00:00,2025-11-04 16:00:00,-1.1,60.0,0.8314476033369966,11877.822904814238,1,0.56656,0.5636980613878135,0.569708132473405,0.56823,0.6007,27.08349549809121,0.0009422667132958059,NZDUSD_merged,-66.831447603337
2025-11-04 08:00:00,2025-11-04 19:00:00,-1.1,90.0,1.4064520873757433,20092.172676796334,1,200.605,199.70641873203934,201.8630137751449,200.675,205.32,27.423103961143102,0.33510731437800023,GBPJPY_merged,-100.40645208737575
2025-11-04 08:00:00,2025-11-04 19:00:00,-1.1,60.0,0.9041477704558353,12916.396720797648,1,200.605,199.6731379443371,201.81642067236174,200.675,205.32,29.634432973090842,0.33510731437800023,GBPJPY_merged,-66.90414777045584
2025-11-04 08:00:00,2025-11-04 19:00:00,-1.1,60.0,0.8729702611297718,12471.003730425313,1,200.605,199.63985715663483,201.85968569637467,200.675,205.32,27.423103961143102,0.33510731437800023,GBPJPY_merged,-66.87297026112977
2025-10-29 15:00:00,2025-11-05 07:00:00,1.1,60.0,1.196844123942279,17097.773199175415,1,1.61766,1.6119832607621278,1.6239044131616596,1.61729,1.64671,34.73390070675778,0.001939103696855672,EURCAD_merged,64.80315587605772
2025-10-29 15:00:00,2025-11-06 07:00:00,1.3,60.0,1.2395885569402176,17708.407956288826,1,1.61766,1.61217901039102,1.6247852864916743,1.61729,1.64671,34.73390070675778,0.001939103696855672,EURCAD_merged,76.76041144305978
2025-10-29 15:00:00,2025-11-06 08:00:00,1.4,60.00000000000001,1.2854992442342996,18364.274917632854,1,1.61766,1.612374760019912,1.6250593359721233,1.61729,1.64671,35.1004254545465,0.001939103696855672,EURCAD_merged,82.7145007557657
2025-10-29 15:00:00,2025-11-06 08:00:00,1.5,90.0,1.8593828354103263,26562.61193443324,1,1.61766,1.61217901039102,1.6258814844134704,1.61729,1.64671,34.73390070675778,0.001939103696855672,EURCAD_merged,133.14061716458968
2025-10-29 15:00:00,2025-11-06 10:00:00,1.1,60.0,0.8000448559095533,11429.212227279335,1,2.00708,1.9965434207848056,2.0186702371367145,2.02406,2.08487,41.33789889709285,0.003500924379249527,GBPAUD_merged,65.19995514409045
2025-10-29 16:00:00,2025-11-06 10:00:00,1.5,90.0,1.4182101229859512,20260.144614085017,1,1.83774,1.8295763563957477,1.8499854654063783,1.85595,1.89143,35.906954578842814,0.002920902215695889,GBPCAD_merged,133.58178987701405
2025-10-29 15:00:00,2025-11-06 10:00:00,1.4,30.0,0.4296537189143897,6137.910270205568,1,2.00708,1.9972700814203361,2.02081388601153,2.02406,2.08487,40.28020876896079,0.003500924379249527,GBPAUD_merged,41.57034628108561
2025-10-29 15:00:00,2025-11-06 10:00:00,1.5,90.0,1.2429268297166276,17756.097567380395,1,2.00708,1.9969067511025709,2.022339873346144,2.02406,2.08487,41.33789889709285,0.003500924379249527,GBPAUD_merged,133.75707317028338
2025-11-05 10:00:00,2025-11-07 08:00:00,1.1,30.000000000000004,1.0021180090933193,14315.97155847599,-1,1.41205,1.415009037731178,1.4087950584957043,1.37261,1.40795,66.07806422079814,0.0010166069167931503,USDCAD_merged,31.997881990906688
2025-11-05 10:00:00,2025-11-07 08:00:00,1.2,30.0,1.1562900104922913,16518.428721318447,-1,1.41205,1.4146144993670209,1.408972600759575,1.37261,1.40795,66.19450526884123,0.0010166069167931503,USDCAD_merged,34.84370998950771
2025-11-05 10:00:00,2025-11-07 08:00:00,1.3,15.000000000000002,0.5368489334428497,7669.270477754995,-1,1.41205,1.4148117685490993,1.4084597008861708,1.37261,1.40795,66.22504380867231,0.0010166069167931503,USDCAD_merged,18.963151066557153
2025-11-05 10:00:00,2025-11-07 08:00:00,1.3,15.000000000000002,0.518336901255165,7404.812875073786,-1,1.41205,1.4149104031401387,1.4083314759178198,1.37261,1.40795,66.07806422079814,0.0010166069167931503,USDCAD_merged,18.98166309874484
2025-11-07 04:00:00,2025-11-07 09:00:00,-1.1,29.999999999999996,0.600823876279207,8583.1982325601,-1,2.05218,2.059352780859989,2.043572662968013,2.00016,2.04838,68.5855229832981,0.002823850307138963,EURNZD_merged,-33.60082387627921
2025-11-07 04:00:00,2025-11-07 09:00:00,-1.1,30.0,0.5579078851164067,7970.112644520096,-1,2.05218,2.0599045332338344,2.042138106796015,2.00016,2.04838,68.41636484009861,0.002823850307138963,EURNZD_merged,-33.55790788511641
2025-11-07 04:00:00,2025-11-07 10:00:00,-1.1,60.0,1.0414280522172923,14877.543603104177,-1,2.05218,2.0604562856076796,2.040593200149248,2.00016,2.04838,68.41636484009861,0.002823850307138963,EURNZD_merged,-67.0414280522173
2025-11-07 04:00:00,2025-11-07 10:00:00,-1.1,30.0,0.5207140261086461,7438.771801552089,-1,2.05218,2.0604562856076796,2.043076085831552,2.00016,2.04838,68.70368998064951,0.002823850307138963,EURNZD_merged,-33.52071402610865
2025-11-07 04:00:00,2025-11-07 10:00:00,-1.1,30.0,0.538669682181358,7695.281174019401,-1,2.05218,2.060180409420757,2.0417794677530154,2.00016,2.04838,68.70368998064951,0.002823850307138963,EURNZD_merged,-33.53866968218136
2025-11-12 01:00:00,2025-11-12 04:00:00,-1.1,29.999999999999996,0.6976727955675078,9966.75422239297,-1,193.124,193.7053045923198,192.31017357075226,183.967,192.693,73.81430074134735,0.187641897622802,CHFJPY_merged,-33.697672795567506
2025-11-12 01:00:00,2025-11-12 04:00:00,-1.1,30.0,0.721730478173284,10310.435402475487,-1,193.124,193.6859277725758,192.39349389565143,183.967,192.693,75.11321246414496,0.187641897622802,CHFJPY_merged,-33.721730478173285
2025-11-12 18:00:00,2025-11-13 03:00:00,-1.1,30.0,0.7734648070652423,11049.497243789177,-1,193.861,194.3873434047435,193.17675357383342,183.967,192.693,70.38002021558712,0.18296217393265005,CHFJPY_merged,-33.773464807065245
2025-11-14 09:00:00,2025-11-14 11:00:00,1.2,30.0,0.8422585333728521,12032.264762469316,1,0.91881,0.9165191345192155,0.9215590385769413,0.92098,0.93726,37.16906276417986,0.0009453091002801588,EURCHF_merged,35.15774146662715
2025-11-14 09:00:00,2025-11-14 12:00:00,1.1,29.999999999999996,0.7299573955898051,10427.962794140074,1,0.91881,0.916166693676018,0.9217176369563803,0.92098,0.93726,37.37195260525784,0.0009453091002801588,EURCHF_merged,32.27004260441019
2025-10-30 09:00:00,2025-11-17 10:00:00,-1.1,15.0,0.17626683540065768,2518.097648580824,-1,154.197,155.1155326872862,152.8192009690707,149.378,153.272,69.70334952669714,0.3132543087369599,USDJPY_merged,-16.676266835400657
2025-11-19 16:00:00,2025-11-20 00:00:00,-1.1,60.0,1.219812046518275,17425.8863788325,-1,156.96,157.5004373582649,156.31147517008216,145.481,153.272,75.51661992158112,0.20894191366602355,USDJPY_merged,-67.21981204651827
2025-11-19 16:00:00,2025-11-20 01:00:00,-1.1,60.0,1.0571704403158382,15102.434861654832,-1,156.96,157.5835815672287,156.27406027604843,145.481,153.272,76.3272724040855,0.20894191366602355,USDJPY_merged,-67.05717044031584
2025-11-20 05:00:00,2025-11-20 08:00:00,-1.1,30.0,0.4773287845044579,6818.982635777971,-1,157.178,157.86950198084674,156.41734782106857,145.481,153.272,65.158425468022,0.23253632740494473,USDJPY_merged,-33.47732878450446
2025-11-20 04:00:00,2025-11-20 08:00:00,-1.1,30.0,0.5355699607975567,7650.999439965097,-1,157.152,157.76820184879028,156.41255778145162,145.481,153.272,62.91659019581744,0.23050066028224706,USDJPY_merged,-33.53556996079756
2025-11-19 01:00:00,2025-11-20 09:00:00,1.1,30.0,0.5955025263354495,8507.17894764928,1,0.78846,0.7856795483196535,0.7915184968483813,0.79938,0.80876,32.693870142825304,0.0009127588534406069,NZDCAD_merged,32.40449747366455
2025-11-26 02:00:00,2025-11-26 21:00:00,-1.1,30.0,0.32109558465325716,4587.079780760817,-1,88.779,89.35962430288889,88.1403132668222,85.881,88.824,73.34778089121252,0.18771704613227702,NZDJPY_merged,-33.32109558465326
2025-11-27 01:00:00,2025-12-03 23:00:00,-1.1,30.0,0.4692818920731837,6704.027029616911,-1,89.296,89.69559266097308,88.81648880683233,85.881,88.824,72.80824607179115,0.14964023606181093,NZDJPY_merged,-33.469281892073184
2025-12-03 23:00:00,2025-12-04 06:00:00,-1.1,60.0,1.7762211419486151,25374.587742123076,-1,1.86115,1.8655508202669093,1.8545487695996363,1.83221,1.85455,66.73877257875299,0.0014648439278280726,GBPCAD_merged,-67.77622114194861
2025-12-04 18:00:00,2025-12-05 08:00:00,-1.1,30.000000000000004,0.7859436138210372,11227.765911729104,-1,1.07019,1.0730494913941393,1.065900762908791,1.03622,1.06256,66.09393709991079,0.0009806006927047005,GBPCHF_merged,-33.78594361382105
2025-11-27 00:00:00,2025-12-08 00:00:00,-1.1,15.0,0.19881424465658576,2840.2034950940824,-1,89.342,89.813842951505,88.681419867893,85.881,88.824,72.01446067283715,0.15368948498964188,NZDJPY_merged,-16.698814244656585
2025-12-05 16:00:00,2025-12-08 23:00:00,-1.1,29.999999999999996,0.648471204983561,9263.874356908016,-1,0.53388,0.5356089094587144,0.5312866358119285,0.51348,0.5291,70.98577271173873,0.0005857345557459849,AUDCHF_merged,-33.64847120498356
2025-12-08 10:00:00,2025-12-09 17:00:00,1.1,14.999999999999998,0.2767369196595379,3953.3845665648273,-1,0.58344,0.5856536981243907,0.58100493206317,0.56178,0.57559,74.91977402835973,0.0007794779908828742,CADCHF_merged,16.223263080340462
2025-12-09 13:00:00,2025-12-10 22:00:00,1.5,60.0,0.8889950947630456,12699.929925186367,-1,104.166,104.65812555004773,103.42781167492839,98.824,102.488,68.47176876093603,0.16329143228129353,AUDJPY_merged,89.11100490523695
2025-12-09 13:00:00,2025-12-11 09:00:00,1.5,30.0,0.5330693542813095,7615.2764897329935,-1,113.255,113.70116239536158,112.58575640695763,108.198,112.287,69.43178195996863,0.14943130885962025,CADJPY_merged,44.46693064571869
2025-12-09 13:00:00,2025-12-14 21:00:00,1.5,30.0,0.4558531749784332,6512.188213977618,-1,90.661,91.07865224078786,90.03452163881822,87.23,88.824,65.57678891006664,0.1382310130601502,NZDJPY_merged,44.54414682502156
2025-12-19 11:00:00,2025-12-23 15:00:00,-1.1,60.0,0.6961565891303048,9945.094130432926,-1,104.064,104.69183116158682,103.12225325761976,98.824,104.393,68.26464331920427,0.2144582537100656,AUDJPY_merged,-66.69615658913031
2025-12-23 18:00:00,2025-12-24 01:00:00,-1.1,14.999999999999998,0.4214726032387522,6021.037189125032,-1,0.66981,0.6714786742972036,0.667473855983915,0.6421,0.66855,69.86043895041533,0.0006813323173704398,AUDUSD_merged,-16.92147260323875
2025-12-23 22:00:00,2025-12-24 11:00:00,1.1,15.0,0.3906238588931719,5580.340841331028,1,0.78706,0.7849443765397699,0.7893871858062531,0.78778,0.81016,38.671319673749665,0.0008329458566569034,USDCHF_merged,16.10937614110683
2025-12-24 03:00:00,2025-12-24 17:00:00,-1.1498504729547805,15.0,0.6763986513637472,9662.83787662496,1,1.36833,1.3662058879883878,1.3715161680174184,1.38874,1.41305,33.664405766119984,0.0008575273185988068,USDCAD_merged,-17.924155745685454
2025-12-24 03:00:00,2025-12-24 17:00:00,-1.1935942426612298,15.0,0.7045819285039033,10065.456121484334,1,1.36833,1.3662908524688524,1.3713887212967215,1.38874,1.41305,33.61048223325588,0.0008575273185988068,USDCAD_merged,-18.60849556842235
2025-12-23 22:00:00,2025-12-24 17:00:00,1.1,60.0,1.3382456991141962,19117.795701631378,-1,0.58473,0.5865651383468862,0.5827113478184252,0.55792,0.58012,63.07831574513836,0.0007409085288434631,NZDUSD_merged,64.6617543008858
2025-12-24 00:00:00,2025-12-25 17:00:00,-1.1,60.0,2.536901300356973,36241.44714795676,1,1.36833,1.366064643441118,1.3708218922147704,1.38874,1.41305,34.26157674673401,0.0008821324361561768,USDCAD_merged,-68.53690130035697
2025-12-23 22:00:00,2025-12-26 02:00:00,1.2,60.0,1.6275994120548827,23251.420172212613,1,0.78706,0.7850290014781791,0.789497198226185,0.78778,0.80853,38.72108475558604,0.0008329458566569034,USDCHF_merged,70.37240058794512
2025-12-23 23:00:00,2025-12-26 05:00:00,1.2,60.0,1.3794111691430249,19705.873844900358,-1,0.58401,0.5857881804692243,0.5818761834369308,0.55792,0.58012,63.06470211242574,0.0007129864910689432,NZDUSD_merged,70.62058883085697
2025-12-23 22:00:00,2025-12-28 22:00:00,-1.1,15.0,0.39507852753554573,5643.978964793511,-1,0.67077,0.6725527050849698,0.6680959423725453,0.6421,0.65799,65.12799978746227,0.000707861888703068,AUDUSD_merged,-16.895078527535546
2025-12-25 18:00:00,2025-12-29 03:00:00,1.2,90.0,2.872588694374956,41036.98134821366,1,0.87132,0.869409069969972,0.8736131160360335,0.87202,0.88651,50.11658955822742,0.0008336336425703526,EURGBP_merged,105.12741130562505
2025-12-23 19:00:00,2025-12-29 07:00:00,1.2,14.999999999999998,0.4165940134057412,5951.343048653446,-1,1.35127,1.3546757942609418,1.3471830468868697,1.30377,1.32157,65.30203427543275,0.00139057516048345,GBPUSD_merged,17.583405986594254
2025-12-31 12:00:00,2026-01-02 07:00:00,1.5,15.0,0.38232549176969044,5461.792739567007,1,0.78876,0.7865937881783229,0.7920093177325156,0.79087,0.8066,36.441643372135616,0.000933128996329268,NZDCAD_merged,22.11767450823031
2026-01-05 13:00:00,2026-01-06 09:00:00,-1.1,90.0,2.026095009421662,28944.214420309454,1,1.74513,1.7397036409453286,1.751641630865606,1.74798,1.78061,40.44597467606383,0.00219662701520029,EURAUD_merged,-101.02609500942168
2026-01-05 23:00:00,2026-01-06 11:00:00,1.2,90.0,1.7197119171808712,24567.313102583877,-1,0.57973,0.581853785363997,0.5771814575632035,0.57357,0.58012,62.99425709331857,0.0008531312420226744,NZDUSD_merged,106.28028808281913
2026-01-06 03:00:00,2026-01-06 21:00:00,-1.1,15.0,0.33587845151982093,4798.263593140299,-1,0.67304,0.6751440111290328,0.6700943844193541,0.6592,0.66855,60.45965765067452,0.000916194782066257,AUDUSD_merged,-16.83587845151982
2026-01-06 17:00:00,2026-01-06 22:00:00,-1.1,14.999999999999998,0.3487774352099558,4982.534788713655,-1,0.93018,0.9329803216418289,0.9259795175372567,0.90866,0.92562,74.56012394942655,0.0010109404271865738,AUDCAD_merged,-16.848777435209957
2026-01-06 03:00:00,2026-01-06 22:00:00,-1.1,15.0,0.32244331345902805,4606.333049414687,-1,0.67304,0.6752316782594091,0.6697524826108863,0.6592,0.65799,60.33301071525913,0.000916194782066257,AUDUSD_merged,-16.82244331345903
2026-01-06 03:00:00,2026-01-06 22:00:00,-1.1,15.0,0.32244331345902805,4606.333049414687,-1,0.67304,0.6752316782594091,0.6697524826108863,0.6592,0.65799,60.33301071525913,0.000916194782066257,AUDUSD_merged,-16.82244331345903
2026-01-06 15:00:00,2026-01-06 22:00:00,-1.1,90.0,2.9573930536623756,42248.4721951768,-1,1.16428,1.166760212764048,1.1613037446831425,1.14193,1.15187,66.20264583108356,0.0010167489860899682,AUDNZD_merged,-101.95739305366239
2026-01-05 18:00:00,2026-01-07 03:00:00,1.2,90.0,2.245119658202055,32073.137974315076,-1,1.35393,1.3577292447167966,1.3493709063398442,1.30377,1.32157,63.541405395098884,0.0015335173011414862,GBPUSD_merged,105.75488034179794
2026-01-07 01:00:00,2026-01-07 04:00:00,1.1,60.0,1.4331637922978002,20473.768461397147,-1,1.16799,1.1714128871998888,1.1642248240801225,1.14193,1.16361,64.03192189737489,0.0013513581028157967,AUDNZD_merged,64.5668362077022
2026-01-07 02:00:00,2026-01-07 07:00:00,1.2,90.00000000000001,2.267449496632553,32392.135666179332,-1,1.16729,1.170533259446758,1.1633980886638904,1.14193,1.15187,58.679307764763315,0.0013691182383289732,AUDNZD_merged,105.73255050336746
2026-01-06 22:00:00,2026-01-07 08:00:00,1.2,90.0,3.1142093293482147,44488.7047049745,-1,1.8661,1.8698750930514554,1.8615698883382537,1.8346,1.86666,67.61243299710624,0.0015406014782416858,GBPCAD_merged,104.88579067065179
2026-01-07 01:00:00,2026-01-07 15:00:00,1.2,90.00000000000001,1.7088041537657475,24411.48791093925,-1,0.67523,0.6777194303953004,0.6722426835256395,0.6592,0.65799,63.56876901571145,0.0010181724743721675,AUDUSD_merged,106.29119584623427
2026-01-07 01:00:00,2026-01-07 17:00:00,1.1,60.0,1.0503731623518588,15005.330890740843,-1,0.53688,0.5390267570581784,0.5345185672360038,0.52354,0.53684,63.388002725138925,0.0008516526216091119,AUDCHF_merged,64.94962683764814
2026-01-07 03:00:00,2026-01-07 21:00:00,1.2,89.99999999999999,2.005362262791708,28648.03232559583,1,1.73323,1.7277849244629753,1.7397640906444298,1.74798,1.78061,38.44307278423703,0.002272439939920334,EURAUD_merged,105.99463773720828
2026-01-07 03:00:00,2026-01-07 21:00:00,1.1,90.0,1.9251477722800396,27502.111032571996,1,1.73323,1.727558046315599,1.7394691490528411,1.74798,1.78061,38.12324984898297,0.002272439939920334,EURAUD_merged,97.07485222771997
2026-01-07 01:00:00,2026-01-07 23:00:00,1.2,90.0,1.6667218108401702,23810.311583431005,-1,105.604,106.00316991286304,105.12499610456435,98.824,104.393,57.197372442666264,0.16351216866724752,AUDJPY_merged,106.33327818915983
2026-01-07 01:00:00,2026-01-08 00:00:00,1.5,60.00000000000001,1.062827251851426,15183.246455020371,1,1.73156,1.7247173527237551,1.7418239709143672,1.74798,1.78061,34.82825101483623,0.002330995433280396,EURAUD_merged,88.93717274814858
2026-01-07 04:00:00,2026-01-08 00:00:00,1.4,90.00000000000001,2.0030694409285803,28615.277727551147,1,1.73404,1.7285861441441912,1.7416753981981323,1.74798,1.78061,40.34623018496404,0.002210122801354585,EURAUD_merged,123.99693055907143
2026-01-07 04:00:00,2026-01-08 00:00:00,1.5,90.0,1.922946663291437,27470.666618449104,1,1.73404,1.728358900150199,1.7425616497747012,1.74798,1.78061,41.47782335948795,0.002210122801354585,EURAUD_merged,133.07705333670856
2026-01-07 04:00:00,2026-01-08 00:00:00,1.5,90.00000000000001,2.0030694409285803,28615.277727551147,1,1.73404,1.7285861441441912,1.7422207837837131,1.74798,1.78061,40.34623018496404,0.002210122801354585,EURAUD_merged,132.99693055907144
2026-01-07 04:00:00,2026-01-08 00:00:00,1.5,90.0,1.922946663291437,27470.666618449104,1,1.73404,1.728358900150199,1.7425616497747012,1.74798,1.78061,41.47782335948795,0.002210122801354585,EURAUD_merged,133.07705333670856
2026-01-07 02:00:00,2026-01-08 01:00:00,1.2,90.0,1.6534690486120773,23620.986408743967,-1,0.53645,0.5384939662918619,0.5339972404497657,0.52354,0.53684,64.72005569058781,0.0008301060057798853,AUDCHF_merged,106.34653095138792
2026-01-07 03:00:00,2026-01-08 01:00:00,1.5,60.0,1.086234280587889,15517.632579826988,-1,0.53672,0.5387952650144497,0.5336071024783254,0.52354,0.53684,59.24529588709821,0.0008308127196527472,AUDCHF_merged,88.91376571941211
2026-01-07 03:00:00,2026-01-08 01:00:00,1.5,60.0,1.1314940422790511,16164.200603986446,-1,0.53672,0.5387122544138717,0.5337316183791924,0.52354,0.53684,60.13342888749197,0.0008308127196527472,AUDCHF_merged,88.86850595772096
2026-01-07 03:00:00,2026-01-08 01:00:00,1.4,30.0,0.5657470211395256,8082.100301993223,-1,0.53672,0.5387122544138717,0.5339308438205795,0.52354,0.53684,60.13342888749197,0.0008308127196527472,AUDCHF_merged,41.43425297886048
2026-01-07 01:00:00,2026-01-08 01:00:00,1.4,15.0,0.3073331352249804,4390.473360356863,1,2.00034,1.9935058621890462,2.0099077929353353,1.99962,2.02873,38.51923548810967,0.0028220176054285255,GBPAUD_merged,20.69266686477502
2026-01-07 03:00:00,2026-01-08 01:00:00,1.5,60.0,1.086234280587889,15517.632579826988,-1,0.53672,0.5387952650144497,0.5336071024783254,0.52354,0.53684,59.24529588709821,0.0008308127196527472,AUDCHF_merged,88.91376571941211
2026-01-08 05:00:00,2026-01-08 08:00:00,1.4,90.0,3.753702515567705,53624.32165096722,-1,1.62025,1.6229693350985237,1.6164429308620667,1.60651,1.62144,65.7459116274094,0.0011449808416907263,EURCAD_merged,122.24629748443228
2026-01-07 01:00:00,2026-01-08 08:00:00,1.5,30.0,0.5995970816795995,8565.67259542285,-1,0.93263,0.9358963984863198,0.9277304022705203,0.90866,0.92562,71.7056473531507,0.0012818051520616294,AUDCAD_merged,44.4004029183204
2026-01-07 01:00:00,2026-01-08 08:00:00,1.5,59.99999999999999,1.2491605868324986,17845.151240464267,-1,0.93263,0.935765742546867,0.9279263861796995,0.90866,0.92562,71.98551668778609,0.0012818051520616294,AUDCAD_merged,88.75083941316748
2026-01-07 02:00:00,2026-01-08 08:00:00,1.5,30.0,0.6110454453551312,8729.220647930446,-1,0.93243,0.9356345128801541,0.9276232306797688,0.90866,0.92562,65.46790076243938,0.0012788190697715144,AUDCAD_merged,44.38895455464487
2026-01-07 03:00:00,2026-01-08 09:00:00,1.4,60.0,1.2749712125354156,18213.874464791654,-1,0.93169,0.9347591657674517,0.9273931679255677,0.90866,0.92562,61.52355296150906,0.0012596177076449745,AUDCAD_merged,82.72502878746458
2026-01-08 22:00:00,2026-01-09 05:00:00,-1.1,90.0,2.0840971891188635,29772.816987412338,1,0.57433,0.5725938626361136,0.5769342060458297,0.57357,0.5853,34.41229887557361,0.0006805653065864105,NZDUSD_merged,-101.08409718911888
2026-01-09 06:00:00,2026-01-09 09:00:00,-1.1,90.0,2.7721711297222713,39602.44471031817,-1,157.651,158.00927560908895,157.25689683000218,154.343,157.778,64.4974589394675,0.1411452262330319,USDJPY_merged,-101.77217112972228
2026-01-09 07:00:00,2026-01-09 09:00:00,-1.1,90.0,2.9305773283262293,41865.39040466042,-1,157.576,157.91474854295927,157.16950174844885,154.343,157.778,67.13948270675596,0.1415634243592433,USDJPY_merged,-101.93057732832624
2026-01-09 09:00:00,2026-01-09 10:00:00,-1.1,90.0,1.7762620931886957,25375.17275983851,1,0.5735,0.5714659251785789,0.5765511122321317,0.57357,0.5853,35.10415443873557,0.0008783706479564566,NZDUSD_merged,-100.7762620931887
2026-01-09 09:00:00,2026-01-09 10:00:00,-1.1,90.0,1.8502730137382248,26432.471624831785,1,0.5735,0.5715472881714356,0.5762337965599901,0.57357,0.5853,34.99021782525644,0.0008783706479564566,NZDUSD_merged,-100.85027301373825
2026-01-09 09:00:00,2026-01-09 10:00:00,-1.1,90.0,1.8502730137382248,26432.471624831785,1,0.5735,0.5715472881714356,0.5764290677428465,0.57357,0.5853,34.99021782525644,0.0008783706479564566,NZDUSD_merged,-100.85027301373825
2026-01-09 13:00:00,2026-01-12 04:00:00,-1.1,90.0,2.342187218663097,33459.81740947282,-1,211.837,212.40679778958992,211.0392830945741,199.064,211.589,61.375988255691595,0.2341717638294346,GBPJPY_merged,-101.34218721866311
2026-01-09 13:00:00,2026-01-12 04:00:00,-1.1,90.0,2.248499729916573,32121.424713093904,-1,211.837,212.43053936415615,210.94669095376574,199.064,204.237,61.65209995637038,0.2341717638294346,GBPJPY_merged,-101.24849972991659
2026-01-12 12:00:00,2026-01-12 22:00:00,-1.1,90.0,2.3190567327382055,33129.38189626008,-1,198.371,198.90989897662158,197.72432122805412,192.395,198.566,66.80637808892176,0.22085972309763457,CHFJPY_merged,-101.31905673273822
2026-01-07 03:00:00,2026-01-13 00:00:00,1.4,59.99999999999999,1.490030183579966,21286.145479713803,-1,1.16573,1.1690158837719895,1.1611297627192145,1.14193,1.15187,51.19333058936137,0.0013906097927340669,AUDNZD_merged,82.50996981642002
2026-01-07 01:00:00,2026-01-13 05:00:00,1.5,15.0,0.3073331352249804,4390.473360356863,1,2.00034,1.9935058621890462,2.0105912067164304,1.99962,2.02873,38.51923548810967,0.0028220176054285255,GBPAUD_merged,22.19266686477502
2026-01-07 01:00:00,2026-01-13 10:00:00,1.5,15.0,0.2950398098159812,4214.854425942589,1,2.00034,1.9932211064469232,2.011018340329615,1.99962,2.02873,38.70328974451787,0.0028220176054285255,GBPAUD_merged,22.204960190184018
2026-01-13 06:00:00,2026-01-14 03:00:00,1.1,59.99999999999999,1.3562414174309392,19374.877391870563,-1,198.916,199.53200183364297,198.23839798299272,192.395,198.566,64.39056308953027,0.2415149667816745,CHFJPY_merged,64.64375858256906
2026-01-13 07:00:00,2026-01-14 05:00:00,1.5,90.0,2.013351654658401,28762.166495120015,-1,91.572,91.85853891567585,91.14219162648622,85.881,91.36,60.174234971439304,0.11743469951744251,NZDJPY_merged,132.9866483453416
2026-01-13 06:00:00,2026-01-14 05:00:00,1.1,90.0,1.881378334763323,26876.83335376176,-1,91.512,91.81843788617483,91.17491832520768,85.881,91.36,66.99126640142276,0.11939121486493819,NZDJPY_merged,97.11862166523669
2026-01-06 22:00:00,2026-01-14 05:00:00,1.5,15.000000000000002,0.30527211151501016,4361.0301645001455,1,2.00207,1.9951837715477272,2.0123993426784086,1.99962,2.02873,28.935416411130724,0.002760599139415537,GBPAUD_merged,22.194727888484994
2026-01-13 07:00:00,2026-01-14 05:00:00,1.5,89.99999999999999,1.9328175884720649,27611.679835315215,-1,91.572,91.87047803716234,91.12428294425648,85.881,91.36,58.39666230911314,0.11743469951744251,NZDJPY_merged,133.0671824115279
2026-01-13 02:00:00,2026-01-14 05:00:00,1.5,60.0,1.09658672949171,15665.52470702443,-1,91.649,92.00002175655402,91.12246736516899,85.881,91.36,75.68939268304833,0.11846755751729425,NZDJPY_merged,88.9034132705083
2026-01-13 07:00:00,2026-01-14 07:00:00,1.5,59.99999999999999,1.110814706018428,15868.781514548973,-1,91.572,91.91823452310832,91.05264821533753,85.881,91.36,63.62255768636991,0.11743469951744251,NZDJPY_merged,88.88918529398155
2026-01-13 02:00:00,2026-01-14 07:00:00,1.1,60.0,1.3340293148557256,19057.56164079608,-1,114.428,114.78826014919467,114.03171383588585,108.198,114.637,68.87629284320757,0.14352519827230928,CADJPY_merged,64.66597068514427
2026-01-13 06:00:00,2026-01-14 07:00:00,1.1,90.0,2.254129331882782,32201.847598325454,-1,185.264,185.7817889234178,184.69443218424047,175.699,184.919,68.76354713888385,0.20489302869802756,EURJPY_merged,96.74587066811723
2026-01-07 03:00:00,2026-01-14 17:00:00,1.5,89.99999999999999,2.1456434643551505,30652.049490787867,-1,1.16573,1.1691527955958223,1.1605958066062663,1.14193,1.16361,49.906680408618335,0.0013906097927340669,AUDNZD_merged,132.85435653564483
2026-01-07 03:00:00,2026-01-14 17:00:00,1.5,89.99999999999999,2.235045275369949,31929.218219570706,-1,1.16573,1.1690158837719895,1.1608011743420157,1.14193,1.15187,51.19333058936137,0.0013906097927340669,AUDNZD_merged,132.76495472463003
2026-01-07 03:00:00,2026-01-14 17:00:00,1.5,89.99999999999999,2.1456434643551505,30652.049490787867,-1,1.16573,1.1691527955958223,1.1605958066062663,1.14193,1.15187,49.906680408618335,0.0013906097927340669,AUDNZD_merged,132.85435653564483
2026-01-13 00:00:00,2026-01-15 08:00:00,1.5,90.0,4.376030260092357,62514.71800131938,1,0.86576,0.8645135991124785,0.8676296013312822,0.87202,0.87966,35.96263548229437,0.00048080604393655856,EURGBP_merged,130.62396973990764
2026-01-13 00:00:00,2026-01-15 08:00:00,1.5,90.0,4.558364854262871,65119.497918041016,1,0.86576,0.8645634551479794,0.867554817278031,0.87202,0.87966,36.627064405721114,0.00048080604393655856,EURGBP_merged,130.44163514573714
2026-01-15 14:00:00,2026-01-16 09:00:00,1.1,90.0,2.2477976670345763,32111.395243351093,1,1.73188,1.7270259848188232,1.7372194166992947,1.74798,1.78061,37.487062549458145,0.0018914913530085967,EURAUD_merged,96.75220233296544
2026-01-16 03:00:00,2026-01-18 19:00:00,1.5,90.0,3.1610344517136477,45157.63502448068,1,1.99839,1.9944071718491792,2.0043642422262313,1.99962,2.02873,39.42458871877119,0.0016438323202581156,GBPAUD_merged,131.83896554828635
2026-01-19 18:00:00,2026-01-19 21:00:00,-1.1,90.0,2.543819522704994,36340.27889578563,1,2.00835,2.003376138887972,2.013821247223231,2.00728,2.04389,37.50840172119005,0.0019681484130389696,EURNZD_merged,-101.54381952270501
2026-01-16 03:00:00,2026-01-19 23:00:00,-1.1,90.0,3.0345930736451012,43351.32962350146,1,1.99839,1.9942412206762283,2.004613168985658,1.99962,2.02873,40.68694752549026,0.0016438323202581156,GBPAUD_merged,-102.03459307364511
2026-01-05 14:00:00,2026-01-20 04:00:00,1.5,15.0,0.4019252719383085,5741.789599118693,1,0.86595,0.863687769770945,0.8693433453435825,0.87202,0.87966,30.189556715308253,0.000757216575805795,EURGBP_merged,22.098074728061693
2026-01-20 02:00:00,2026-01-20 08:00:00,1.5,90.0,1.9343116927642316,27633.02418234617,1,2.00154,1.9950210392517556,2.0113184411223664,2.01513,2.04389,32.78530879033291,0.0022716376780092576,EURNZD_merged,133.06568830723577
2026-01-20 07:00:00,2026-01-20 17:00:00,-1.1,60.0,1.3015594383327893,18593.70626189699,1,0.57155,0.5697056662498066,0.5743165006252902,0.57367,0.57936,32.67158860710712,0.000830321079270664,CADCHF_merged,-67.30155943833279
2026-01-20 04:00:00,2026-01-20 18:00:00,-1.1,90.0,1.991623382158612,28451.762602265888,-1,184.9,185.48488467771324,184.25662685451545,175.699,184.919,64.56243603495224,0.23874288029348958,EURJPY_merged,-100.99162338215862
2026-01-20 04:00:00,2026-01-21 01:00:00,-1.1,90.0,1.4330766566378024,20472.52366625432,-1,106.293,106.760278492674,105.59208226098902,98.824,101.207,48.79841755587479,0.1988462972789122,AUDJPY_merged,-100.43307665663782
2026-01-20 04:00:00,2026-01-21 01:00:00,-1.1,90.0,1.4927881839977108,21325.545485681585,-1,106.293,106.74158735296704,105.62011897054946,98.824,104.393,49.704334763006095,0.1988462972789122,AUDJPY_merged,-100.49278818399773
2026-01-20 05:00:00,2026-01-21 02:00:00,-1.1,90.0,2.1253363885846395,30361.948408351996,-1,0.80706,0.8094523168244374,0.8034715247633439,0.78728,0.8066,70.72953074050167,0.0009663130570740047,NZDCAD_merged,-101.12533638858466
2026-01-20 04:00:00,2026-01-21 08:00:00,-1.1,90.0,1.4124669984967833,20178.09997852548,-1,92.13,92.54092570702021,91.67798172227776,85.881,91.36,64.19197517681793,0.1697009768932189,NZDJPY_merged,-100.4124669984968
2026-01-20 04:00:00,2026-01-21 09:00:00,-1.1,90.0,1.217643964221365,17394.913774590932,-1,92.13,92.60667382014344,91.41498926978484,89.674,91.36,64.19197517681793,0.1697009768932189,NZDJPY_merged,-100.21764396422138
2026-01-20 07:00:00,2026-01-21 10:00:00,1.5,30.0,0.5161356393388644,7373.366276269493,1,0.57155,0.5692245357062778,0.5750381964405833,0.57367,0.57936,32.04605284114409,0.000830321079270664,CADCHF_merged,44.48386436066114
2026-01-20 04:00:00,2026-01-22 03:00:00,-1.1,60.0,1.1973995689988515,17105.708128555023,-1,0.80739,0.8102220020215435,0.8031419969676848,0.78728,0.8066,70.66017564854432,0.0009967986768489056,NZDCAD_merged,-67.19739956899885
2026-01-20 13:00:00,2026-01-22 04:00:00,-1.1,60.0,0.9055330689433756,12936.186699191081,-1,0.58409,0.5867990981921428,0.5800263527117858,0.57357,0.5853,65.57428638173742,0.0009395880910802123,NZDUSD_merged,-66.90553306894337
2026-01-21 09:00:00,2026-01-22 06:00:00,-1.1,90.0,1.6577445457844384,23682.064939777694,1,2.29261,2.2838972927033727,2.3056790609449407,2.29618,2.34529,37.93738857596805,0.0031897831245358177,GBPNZD_merged,-100.65774454578445
2026-01-20 07:00:00,2026-01-22 14:00:00,-1.1,60.0,0.9584391294081659,13691.9875629738,-1,199.696,200.5710928194239,198.38336077086413,192.395,198.566,72.83384080215743,0.3048449914411568,CHFJPY_merged,-66.95843912940816
2026-01-22 22:00:00,2026-01-23 02:00:00,1.4,15.0,0.305676430524687,4366.806150352672,-1,200.637,201.32618905405428,199.672135324324,195.894,198.566,63.976492654189094,0.24934330874249283,CHFJPY_merged,20.694323569475312
2026-01-22 22:00:00,2026-01-23 02:00:00,1.5,15.0,0.2220370811178816,3171.958301684023,-1,93.713,94.1561631397089,93.04825529043664,89.674,91.36,70.19667956776482,0.14574097181465967,NZDJPY_merged,22.277962918882118
2026-01-22 22:00:00,2026-01-23 02:00:00,-1.1,59.99999999999999,1.4380143881392347,20543.062687703354,-1,186.271,186.81504059267607,185.45493911098586,182.632,184.919,71.37502114738432,0.18725065963783505,EURJPY_merged,-67.43801438813924
2026-01-22 22:00:00,2026-01-23 02:00:00,-1.1,60.0,1.5407297015777517,22010.424308253598,-1,186.271,186.778771219831,185.56012029223658,182.632,184.919,70.73547680183057,0.18725065963783505,EURJPY_merged,-67.54072970157775
2026-01-22 22:00:00,2026-01-23 02:00:00,1.4,60.0,0.9515874905052066,13594.107007217239,-1,93.713,94.12661893039497,93.13393349744703,89.674,91.36,70.57609214301074,0.14574097181465967,NZDJPY_merged,83.0484125094948
2026-01-22 22:00:00,2026-01-23 02:00:00,-1.1,60.0,1.4876010911785182,21251.44415969312,-1,186.271,186.79690590625353,185.58732232187037,182.632,184.919,70.08678249253153,0.18725065963783505,EURJPY_merged,-67.48760109117852
2026-01-22 20:00:00,2026-01-23 02:00:00,1.3,15.0,0.29972654619323535,4281.807802760505,-1,200.798,201.50143418918947,199.88353555405368,195.894,198.566,71.00184653021721,0.23838040540549643,CHFJPY_merged,19.200273453806766
2026-01-22 22:00:00,2026-01-23 02:00:00,-1.1,15.0,0.43140431644177035,6162.918806311006,-1,186.271,186.7243671605634,185.63628597521122,182.632,184.919,70.73547680183057,0.18725065963783505,EURJPY_merged,-16.93140431644177
2026-01-22 18:00:00,2026-01-23 02:00:00,1.5,15.0,0.3082448949870336,4403.498499814767,-1,93.768,94.08740966939337,93.28888549590995,89.674,91.36,75.84074943591109,0.140811357208501,NZDJPY_merged,22.191755105012966
2026-01-22 20:00:00,2026-01-23 02:00:00,1.4,14.999999999999998,0.3104310657001367,4434.729510001953,-1,200.798,201.47717783783813,199.84715102702665,195.894,198.566,72.25595499696433,0.23838040540549643,CHFJPY_merged,20.68956893429986
2026-01-22 16:00:00,2026-01-23 06:00:00,-1.1,15.0,0.35162334675387463,5023.190667912495,1,1.71816,1.7130293167940784,1.7253429564882898,1.72905,1.78061,34.617061746218475,0.0019656823336279806,EURAUD_merged,-16.851623346753875
2026-01-22 16:00:00,2026-01-23 06:00:00,-1.1,15.0,0.31394941674453086,4484.9916677790125,1,1.71816,1.712413634809368,1.7262049112668847,1.72905,1.78061,34.617061746218475,0.0019656823336279806,EURAUD_merged,-16.81394941674453
2026-01-22 16:00:00,2026-01-23 06:00:00,-1.1,15.0,0.31394941674453086,4484.9916677790125,1,1.71816,1.712413634809368,1.7262049112668847,1.72905,1.78061,34.50061276213631,0.0019656823336279806,EURAUD_merged,-16.81394941674453
2026-01-23 05:00:00,2026-01-23 07:00:00,-1.1,30.0,0.5941487544466,8487.839349237143,-1,0.68395,0.6863673996650683,0.6805656404689042,0.6592,0.67661,66.74180539164863,0.0008852600930073599,AUDUSD_merged,-33.5941487544466
2026-01-22 16:00:00,2026-01-23 07:00:00,-1.1,15.0,0.29301945562822884,4185.992223260412,1,1.71816,1.712003180152894,1.7273952297706585,1.72905,1.78061,34.940206572384355,0.0019656823336279806,EURAUD_merged,-16.79301945562823
2026-01-22 16:00:00,2026-01-23 07:00:00,-1.1,15.0,0.30312357478782287,4330.3367826831845,1,1.71816,1.712208407481131,1.7258970702745295,1.72905,1.78061,34.50061276213631,0.0019656823336279806,EURAUD_merged,-16.803123574787822
2026-01-22 16:00:00,2026-01-23 07:00:00,-1.1,15.0,0.30312357478782287,4330.3367826831845,1,1.71816,1.712208407481131,1.7270873887783031,1.72905,1.78061,34.52246281407864,0.0019656823336279806,EURAUD_merged,-16.803123574787822
2026-01-23 03:00:00,2026-01-23 08:00:00,-1.1,14.999999999999998,0.30430282284514126,4347.183183502018,-1,0.68424,0.6866009771124786,0.6811707297537778,0.6592,0.67661,71.64800589490001,0.0008366921788724464,AUDUSD_merged,-16.80430282284514
2026-01-23 03:00:00,2026-01-23 08:00:00,-1.1,30.0,0.6303415616077928,9004.879451539897,-1,0.68424,0.6865195641085999,0.6810486102479599,0.6592,0.67661,71.47895495523707,0.0008366921788724464,AUDUSD_merged,-33.63034156160779
2026-01-23 03:00:00,2026-01-23 10:00:00,-1.1,30.0,0.5883187908339398,8404.554154770569,-1,0.68424,0.6866823901163571,0.6805764148254643,0.6592,0.67661,71.12220753434663,0.0008366921788724464,AUDUSD_merged,-33.58831879083394
2026-01-22 20:00:00,2026-01-23 12:00:00,-1.1,15.0,0.2781035540831686,3972.907915473838,-1,0.59136,0.5935927222751505,0.5882341888147894,0.57108,0.5853,72.88329569453377,0.0008828682736273298,NZDUSD_merged,-16.77810355408317
2026-01-22 22:00:00,2026-01-23 12:00:00,-1.1,30.000000000000004,0.46993543074211835,6713.363296315977,-1,0.59089,0.5935305095654108,0.587457337564966,0.57108,0.5853,65.2604302515471,0.0008726262155256393,NZDUSD_merged,-33.469935430742126
2026-01-22 22:00:00,2026-01-23 12:00:00,-1.1,60.0,0.9734376779658167,13906.252542368811,-1,0.59089,0.5934394575114311,0.5873207594839965,0.57108,0.5853,64.8129615422477,0.0008726262155256393,NZDUSD_merged,-66.97343767796582
2026-01-22 23:00:00,2026-01-23 12:00:00,-1.1,15.000000000000002,0.24509664598130046,3501.3806568757213,-1,0.59071,0.5932406160250243,0.5869140759624635,0.57108,0.5853,66.96369468911382,0.0008545814858452569,NZDUSD_merged,-16.745096645981302
2026-01-22 23:00:00,2026-01-23 12:00:00,-1.1,59.99999999999999,1.015400390493959,14505.719864199416,-1,0.59071,0.5931533534034718,0.5872893052351394,0.57108,0.5853,66.79593992524832,0.0008545814858452569,NZDUSD_merged,-67.01540039049397
2026-01-22 14:00:00,2026-01-25 17:00:00,-2.1197746194092035,15.0,0.40487690602086696,5783.9558002981,-1,0.9431,0.9455458174454361,0.9396758555763897,0.90866,0.93444,79.15173385853487,0.000976298416388938,AUDCAD_merged,-32.20149619715892
2026-01-26 02:00:00,2026-01-26 10:00:00,-1.1,60.0,0.8258333682318081,11797.619546168688,1,0.77787,0.773913930742354,0.7838041038864687,0.7861,0.80405,34.57292440628491,0.0017764565325899654,USDCHF_merged,-66.82583336823181
2026-01-26 12:00:00,2026-01-27 07:00:00,-1.1,15.0,0.18902330313427557,2700.3329019182224,1,0.56617,0.5630249988803353,0.5705730015675304,0.57367,0.5786,36.5805786742334,0.0011022707794806268,CADCHF_merged,-16.689023303134274
2026-01-26 12:00:00,2026-01-27 07:00:00,-1.1,15.0,0.18250525819861085,2607.2179742658695,1,0.56617,0.5629126774117759,0.571055983882336,0.57367,0.5786,36.75562419677027,0.0011022707794806268,CADCHF_merged,-16.68250525819861
2026-01-26 07:00:00,2026-01-27 07:00:00,-1.1,30.0,0.34829587736004575,4975.655390857797,1,0.7773,0.7726133812195182,0.7829239425365783,0.7861,0.80405,37.31859460101531,0.0017637924216006855,USDCHF_merged,-33.348295877360044
2026-01-26 12:00:00,2026-01-27 07:00:00,-1.1,15.0,0.18902330313427557,2700.3329019182224,1,0.56617,0.5630249988803353,0.5705730015675304,0.57367,0.57936,36.43217392134507,0.0011022707794806268,CADCHF_merged,-16.689023303134274
2026-01-26 07:00:00,2026-01-27 07:00:00,-1.1,30.0,0.37732053380671626,5390.293340095947,1,0.7773,0.7729738903564782,0.7833565535009304,0.7861,0.80405,37.31859460101531,0.0017637924216006855,USDCHF_merged,-33.37732053380672
2026-01-25 21:00:00,2026-01-27 08:00:00,-1.1,60.00000000000001,0.9223459144465834,13176.370206379765,-1,0.69193,0.6950807766820258,0.687518912645164,0.6592,0.67661,72.09039391385382,0.0013140505019742393,AUDUSD_merged,-66.9223459144466
2026-01-25 21:00:00,2026-01-27 08:00:00,-1.1,60.0,0.9624479107268696,13749.25586752671,-1,0.69193,0.6949494943202748,0.687400758519588,0.6592,0.67661,72.17549237810663,0.0013140505019742393,AUDUSD_merged,-66.96244791072687
2026-01-26 14:00:00,2026-01-27 08:00:00,-1.1,15.0,0.1561866196998939,2231.237424284199,1,154.159,153.12263113363346,155.60991641291315,154.343,159.452,35.09581125069952,0.41861890662990997,USDJPY_merged,-16.656186619699895
2026-01-22 19:00:00,2026-01-27 15:00:00,1.4,14.999999999999998,0.3286582601403047,4695.118002004353,1,1.98659,1.9802432266095809,1.995475482746587,2.01513,2.04389,34.22529764850538,0.0025784539903408086,EURNZD_merged,20.67134173985969
2026-01-27 11:00:00,2026-01-27 15:00:00,-1.1,15.000000000000002,0.1753513391760203,2505.0191310860046,1,0.56418,0.5608017024473058,0.5692474463290413,0.57367,0.5786,33.85083243254812,0.0011163778139291764,CADCHF_merged,-16.675351339176025
2026-01-22 18:00:00,2026-01-27 15:00:00,1.2,14.999999999999998,0.3159310565935626,4513.300808479466,1,1.98482,1.9782234310445108,1.992735882746587,2.01513,2.04389,34.672134568037905,0.002644488912674721,EURNZD_merged,17.684068943406434
2026-01-27 11:00:00,2026-01-27 15:00:00,-1.1,14.999999999999998,0.18787643483145028,2683.9490690207185,1,0.56418,0.5610269222841521,0.5685943088021871,0.57367,0.5786,34.2507490840559,0.0011163778139291764,CADCHF_merged,-16.687876434831452
2026-01-22 18:00:00,2026-01-27 15:00:00,1.5,60.0,1.428557821118718,20407.968873124544,1,1.98482,1.978984573616298,1.993573139575553,2.01513,2.04389,34.56893926024149,0.002644488912674721,EURNZD_merged,88.57144217888128
2026-01-22 18:00:00,2026-01-27 15:00:00,1.4,15.0,0.3422586446430262,4889.409209186088,1,1.98482,1.9787308594257023,1.9933447968040168,2.01513,2.04389,34.672134568037905,0.002644488912674721,EURNZD_merged,20.657741355356976
2026-01-27 11:00:00,2026-01-27 15:00:00,-1.1,15.000000000000002,0.18139793707864166,2591.3991011234525,1,0.56418,0.560914312365729,0.5684253939245524,0.57367,0.5786,34.60049725463813,0.0011163778139291764,CADCHF_merged,-16.681397937078646
2026-01-27 20:00:00,2026-01-28 03:00:00,1.5,14.999999999999998,0.2003239296282409,2861.7704232605843,1,0.56141,0.5584673635356796,0.5658239546964805,0.57367,0.5786,38.99585563856638,0.001271592361371575,CADCHF_merged,22.299676070371756
2026-01-27 22:00:00,2026-01-28 05:00:00,-1.1,30.0,0.6269323637677762,8956.176625253946,1,1.36058,1.3560225418671503,1.3669604413859893,1.3642,1.39282,35.521118876630354,0.0017670558779155317,USDCAD_merged,-33.62693236376778
2026-01-27 22:00:00,2026-01-28 07:00:00,-1.1,30.0,0.5404589342825655,7720.841918322366,1,1.36058,1.3552933485658945,1.3674526468643369,1.3642,1.39282,35.360675098652926,0.0017670558779155317,USDCAD_merged,-33.54045893428257
2026-01-27 22:00:00,2026-01-28 07:00:00,-1.1,30.0,0.5404589342825655,7720.841918322366,1,1.36058,1.3552933485658945,1.368509977151158,1.3642,1.39282,35.25721192176262,0.0017670558779155317,USDCAD_merged,-33.54045893428257
2026-01-27 22:00:00,2026-01-28 07:00:00,-1.1,30.0,0.5224436364731468,7463.480521044955,1,1.36058,1.3551110502405805,1.368783424639129,1.3642,1.39282,35.77449717471787,0.0017670558779155317,USDCAD_merged,-33.52244363647315
2026-01-27 22:00:00,2026-01-28 07:00:00,-1.1,30.000000000000004,0.5597610390783716,7996.586272548167,1,1.36058,1.3554756468912086,1.367726094352308,1.3642,1.39282,35.360675098652926,0.0017670558779155317,USDCAD_merged,-33.55976103907838
2026-01-27 20:00:00,2026-01-28 13:00:00,1.2,15.0,0.15886806238572318,2269.543748367474,1,152.632,151.6232157447298,153.84254110632423,154.393,159.452,37.432925702550946,0.38835151973935395,USDJPY_merged,17.84113193761428
2026-01-27 21:00:00,2026-01-28 14:00:00,1.4,30.000000000000004,0.3356875741037772,4795.536772911103,1,0.76581,0.7610192328579823,0.7725170739988247,0.7861,0.80853,35.097071263395804,0.001929999191852095,USDCHF_merged,41.66431242589622
2026-01-27 21:00:00,2026-01-28 14:00:00,1.2,30.0,0.30986545301887114,4426.6493288410165,1,0.76581,0.7606200022628141,0.772037997284623,0.7861,0.80405,33.88667329388905,0.001929999191852095,USDCHF_merged,35.69013454698113
2026-01-27 20:00:00,2026-01-28 14:00:00,1.4,15.0,0.17210706758453345,2458.672394064764,1,152.632,151.70081453359674,153.93565965296455,154.393,159.452,37.432925702550946,0.38835151973935395,USDJPY_merged,20.827892932415466
2026-01-27 21:00:00,2026-01-28 14:00:00,1.4,30.000000000000004,0.3356875741037772,4795.536772911103,1,0.76581,0.7610192328579823,0.7725170739988247,0.7861,0.80405,33.88667329388905,0.001929999191852095,USDCHF_merged,41.66431242589622
2026-01-28 07:00:00,2026-01-28 19:00:00,-1.1,30.000000000000004,0.6982335237160046,9974.764624514351,1,1.35737,1.3532875878797257,1.363085376968384,1.3642,1.39282,31.909131598934724,0.001747361832248947,USDCAD_merged,-33.69823352371601
2026-01-28 19:00:00,2026-01-28 22:00:00,-1.1,30.0,0.5082062136540904,7260.088766487006,1,1.70184,1.6948076892883632,1.7116852349962914,1.72905,1.74653,35.34318105064501,0.002930834501526108,EURAUD_merged,-33.50820621365409
2026-01-28 19:00:00,2026-01-28 22:00:00,-1.1,30.000000000000004,0.530302135986877,7575.744799812529,1,1.70184,1.6951007022346816,1.7119489466479778,1.72905,1.74653,34.99652741851345,0.002930834501526108,EURAUD_merged,-33.53030213598689
2026-01-28 19:00:00,2026-01-28 22:00:00,-1.1,30.0,0.5178972371970488,7398.531959957841,1,1.96396,1.9559964201548523,1.9751090117832064,1.99665,2.01438,38.96284009218294,0.0032064725139119288,GBPAUD_merged,-33.51789723719705
2026-01-28 19:00:00,2026-01-28 22:00:00,-1.1,30.0,0.42058445267924716,6008.349323989246,1,1.70184,1.6933426245567724,1.712886588076196,1.72905,1.78061,33.96101142176085,0.002930834501526108,EURAUD_merged,-33.42058445267925
2026-01-28 19:00:00,2026-01-28 22:00:00,-1.1,30.0,0.43158103099754064,6165.443299964867,1,1.96396,1.9544037041858229,1.9782944437212655,1.99962,2.02873,38.81262611048948,0.0032064725139119288,GBPAUD_merged,-33.43158103099754
2026-01-28 19:00:00,2026-01-28 22:00:00,-1.1,30.0,0.5394762887469259,7706.804124956085,1,1.96396,1.9563149633486583,1.9746630513118781,1.99962,2.02873,38.96284009218294,0.0032064725139119288,GBPAUD_merged,-33.539476288746926
2026-01-28 19:00:00,2026-01-28 23:00:00,-1.1,30.0,0.6304268806296536,9006.098294709338,1,1.9753,1.9687201251129125,1.9851698123306314,2.01513,2.04389,37.029141748188124,0.0028714712277061517,EURNZD_merged,-33.630426880629656
2026-01-28 20:00:00,2026-01-28 23:00:00,-1.1,30.0,0.6022766250670502,8603.951786672145,1,1.97648,1.9695884690535053,1.9861281433250926,2.01513,2.04389,37.149592878361524,0.0028542232828699917,EURNZD_merged,-33.60227662506705
2026-01-28 20:00:00,2026-01-28 23:00:00,-1.1,30.000000000000004,0.4818213000536401,6883.161429337716,1,1.97648,1.9678655863168815,1.9894016205246776,2.01513,2.04389,37.09412333447429,0.0028542232828699917,EURNZD_merged,-33.481821300053646
2026-01-28 19:00:00,2026-01-28 23:00:00,-1.1,29.999999999999996,0.6041590939367513,8630.844199096447,1,1.9753,1.9684340435960825,1.9849123389654846,2.01513,2.04389,37.42552124823509,0.0028714712277061517,EURNZD_merged,-33.60415909393675
2026-01-28 20:00:00,2026-01-28 23:00:00,-1.1,30.000000000000004,0.5781855600643682,8259.79371520526,1,1.97648,1.9693013219307347,1.9865301492969716,2.01513,2.04389,37.149592878361524,0.0028542232828699917,EURNZD_merged,-33.57818556006438
2026-01-28 19:00:00,2026-01-28 23:00:00,-1.1,30.0,0.5576853174800781,7966.933106858259,1,1.9753,1.9678618805624228,1.9842257433250927,2.01513,2.04389,37.42552124823509,0.0028714712277061517,EURNZD_merged,-33.55768531748008
2026-01-28 19:00:00,2026-01-29 08:00:00,-1.1,30.0,0.49999373291317345,7142.767613045336,1,1.9753,1.9670036360119332,1.9877445459821004,2.01513,2.04389,36.183682306467084,0.0028714712277061517,EURNZD_merged,-33.499993732913175
2026-01-29 04:00:00,2026-01-29 09:00:00,-1.1,30.0,0.5554385104234666,7934.83586319238,1,1.97278,1.9653213201961068,1.9832221517254505,2.01513,2.04389,35.551228189544375,0.0029996524985888766,EURNZD_merged,-33.555438510423464
2026-01-29 04:00:00,2026-01-29 09:00:00,-1.1,29.999999999999996,0.5785817816911109,8265.454024158727,1,1.97278,1.9656196673882627,1.9828044656564323,2.01513,2.04389,35.551228189544375,0.0029996524985888766,EURNZD_merged,-33.57858178169111
2026-02-05 13:00:00,2026-02-06 16:00:00,1.0,15.0,0.25990622693960047,3712.9460991371498,1,1.85263,1.8451455256074258,1.8601144743925742,1.85123,1.8816,34.63705189902153,0.0029936359256983306,GBPCAD_merged,14.7400937730604
2026-02-11 04:00:00,2026-02-11 08:00:00,-1.1,60.0,1.0655914832753552,15222.735475362218,1,209.694,208.86749677261597,210.520503227384,209.609,214.852,34.10792103839908,0.34342089154738564,GBPJPY_merged,-67.06559148327536
2026-02-11 02:00:00,2026-02-11 12:00:00,-1.1,15.0,0.2690817299140467,3844.024713057811,1,209.347,208.5300944818505,210.57235827722428,209.609,214.852,26.191771769510822,0.33663606356975045,GBPJPY_merged,-16.769081729914046
2026-02-11 16:00:00,2026-02-11 22:00:00,-1.1,60.0,0.8677171156890059,12395.958795557228,1,181.876,180.9956679353346,182.7563320646654,181.789,186.873,32.303519456406775,0.3486760964479189,EURJPY_merged,-66.867717115689
2026-02-11 16:00:00,2026-02-11 22:00:00,-1.1,15.0,0.2366501224606379,3380.7160351519706,1,181.876,181.0690289407234,182.9250623770596,181.789,186.873,32.303519456406775,0.3486760964479189,EURJPY_merged,-16.736650122460638
2026-02-11 16:00:00,2026-02-11 22:00:00,-1.1,15.0,0.20024241131284748,2860.6058758978215,1,181.876,180.92230692994582,183.11580099107044,181.789,186.873,32.16942830059048,0.3486760964479189,EURJPY_merged,-16.700242411312846
2026-02-11 16:00:00,2026-02-12 11:00:00,-1.1,15.000000000000002,0.17952767910807013,2564.681130115288,1,181.876,180.81226542186266,183.47160186720603,181.789,186.873,32.303519456406775,0.3486760964479189,EURJPY_merged,-16.679527679108073
2026-02-12 02:00:00,2026-02-12 11:00:00,-1.1,30.0,0.4390586717891925,6272.266739845608,1,181.832,180.96230484412493,182.70169515587506,181.789,186.873,37.674035258475925,0.3656320543564223,EURJPY_merged,-33.43905867178919
2026-02-11 11:00:00,2026-02-12 19:00:00,1.0,30.0,0.4756727326852857,6795.3247526469395,1,1.66836,1.660994524202761,1.675725475797239,1.67609,1.74653,34.93264927994736,0.0030640233739317414,EURAUD_merged,29.524327267314714
2026-02-11 15:00:00,2026-02-16 05:00:00,1.0,30.0,0.3964370269210895,5663.386098872707,1,208.498,207.39354766516004,209.60245233483994,209.609,214.852,31.931730130810745,0.44903215336068986,GBPJPY_merged,29.603562973078912
2026-02-11 17:00:00,2026-02-17 08:00:00,-1.1,15.0,0.168800386934847,2411.434099069243,1,208.569,207.27162471563807,210.51506292654287,209.609,214.852,31.866233929965627,0.42721139754059634,GBPJPY_merged,-16.668800386934848
2026-02-05 13:00:00,2026-02-19 04:00:00,-1.1,15.0,0.28353406575229134,4050.4866536041627,1,1.85263,1.845769231806807,1.8615489986511509,1.85123,1.86666,34.63705189902153,0.0029936359256983306,GBPCAD_merged,-16.783534065752292
2026-02-05 13:00:00,2026-02-19 06:00:00,-1.1,15.0,0.20792498155168035,2970.3568793097197,1,1.85263,1.8432744070092824,1.8666633894860765,1.85123,1.87111,34.17235763740883,0.0029936359256983306,GBPCAD_merged,-16.70792498155168
2026-02-05 13:00:00,2026-02-19 06:00:00,-1.1,15.0,0.2150948085017383,3072.7829785962617,1,1.85263,1.843586260108973,1.8661956098365406,1.85123,1.8816,34.63705189902153,0.0029936359256983306,GBPCAD_merged,-16.71509480850174
2026-02-05 13:00:00,2026-02-19 06:00:00,-1.1,15.0,0.23991344025193886,3427.334860741984,1,1.85263,1.8445218194080446,1.8631706347695418,1.85123,1.8816,34.17235763740883,0.0029936359256983306,GBPCAD_merged,-16.73991344025194
2026-02-27 13:00:00,2026-03-01 17:00:00,-1.1,15.000000000000002,0.3126675105462445,4466.678722089207,1,1.83447,1.8283094830449929,1.8424786720415092,1.84599,1.8816,36.59153861607261,0.0023323274839311156,GBPCAD_merged,-16.812667510546248
2026-02-27 12:00:00,2026-03-01 17:00:00,-1.6180035830827268,15.000000000000002,0.3052384738156353,4360.549625937648,1,1.03412,1.0305626961436851,1.039455955784472,1.0418,1.07979,28.37015082669758,0.0014570520872646557,GBPCHF_merged,-24.57529222005654
2026-02-27 13:00:00,2026-03-01 17:00:00,-1.824372122287504,30.0,0.6213959390427365,8877.084843467665,1,1.03475,1.0312530749905648,1.0382469250094353,1.0418,1.06609,29.611356701368702,0.0014015483667457528,GBPCHF_merged,-55.35255960766786
2026-03-03 14:00:00,2026-03-05 08:00:00,-1.1,15.0,0.2716218635783729,3880.3123368338993,1,1.58759,1.5814529038250487,1.5949545154099418,1.60746,1.63919,29.595708157943054,0.0021981186294481843,EURCAD_merged,-16.771621863578375
2026-03-09 01:00:00,2026-03-09 03:00:00,-1.1,15.0,0.3598288785649835,5140.412550928337,1,0.90079,0.8981614463837032,0.9047328304244452,0.90947,0.91508,35.94774146304005,0.0008973693845285236,EURCHF_merged,-16.859828878564983
2026-03-09 01:00:00,2026-03-09 10:00:00,1.3,15.0,0.22354498728752875,3193.499818393268,1,1.8069,1.7984129163797364,1.8179332087063425,1.84599,1.85601,32.05786243569853,0.003273244150094127,GBPCAD_merged,19.27645501271247
2026-03-10 14:00:00,2026-03-10 21:00:00,-1.1,14.999999999999998,0.2581712914440787,3688.1613063439813,1,1.62955,1.622922510590045,1.6381657362329414,1.72905,1.74653,36.511772239551625,0.0029501741016043238,EURAUD_merged,-16.75817129144408
2026-03-10 14:00:00,2026-03-10 21:00:00,-1.1,30.0,0.43690526244382555,6241.503749197508,1,1.62955,1.6217175125155079,1.63973223372984,1.66228,1.74653,36.14348524516504,0.0029501741016043238,EURAUD_merged,-33.43690526244382
2026-03-10 14:00:00,2026-03-10 21:00:00,-1.1,14.999999999999998,0.19585408316447347,2797.915473778193,1,1.62955,1.620813763959605,1.6426543540605927,1.66228,1.74653,36.511772239551625,0.0029501741016043238,EURAUD_merged,-16.695854083164473
2026-03-11 05:00:00,2026-03-11 09:00:00,-1.1,30.0,0.44174041434749184,6310.577347821312,1,1.62193,1.61421946935944,1.631953689832728,1.66228,1.74653,29.731732938316416,0.002890189514485699,EURAUD_merged,-33.44174041434749
2026-03-11 01:00:00,2026-03-11 10:00:00,-1.1,15.0,0.3454114364517554,4934.449092167935,-1,1.20677,1.2104384034350928,1.203101596564907,1.16787,1.16779,74.00862113526878,0.0015000370433395443,AUDNZD_merged,-16.845411436451755
2026-03-11 01:00:00,2026-03-11 10:00:00,-1.1,15.0,0.3454114364517554,4934.449092167935,-1,1.20677,1.2104384034350928,1.2012673948473604,1.16787,1.16779,75.54383101881473,0.0015000370433395443,AUDNZD_merged,-16.845411436451755
2026-03-11 13:00:00,2026-03-12 17:00:00,1.3,15.0,0.2629462998711451,3756.3757124449303,1,1.61946,1.6129931548653345,1.627866898675065,1.72905,1.74653,35.384219858003526,0.0029102268425535973,EURAUD_merged,19.237053700128854
2026-03-11 03:00:00,2026-03-12 19:00:00,1.3,29.999999999999996,0.44208196598025135,6315.456656860734,1,1.8753,1.8663918555764476,1.8868805877506178,1.99665,2.02873,32.030841666408904,0.003409337294125812,GBPAUD_merged,38.55791803401975
2026-03-11 01:00:00,2026-03-12 23:00:00,-1.1,15.0,0.29606694553007606,4229.527793286801,-1,1.20677,1.2110498040076083,1.2016342351908698,1.1527,1.16926,75.54383101881473,0.0015000370433395443,AUDNZD_merged,-16.796066945530075
2026-03-11 01:00:00,2026-03-12 23:00:00,-1.1,15.0,0.2763291491614044,3947.5592737343486,-1,1.20677,1.211355504293866,1.1998917435592007,1.1527,1.16926,74.7729058119955,0.0015000370433395443,AUDNZD_merged,-16.776329149161405
2026-03-11 13:00:00,2026-03-13 01:00:00,1.3,30.0,0.444986045935784,6356.943513368344,1,1.61946,1.6118173648408498,1.629395425706895,1.66228,1.74653,35.35848513056699,0.0029102268425535973,EURAUD_merged,38.555013954064215
2026-03-13 04:00:00,2026-03-13 07:00:00,1.3,30.0,0.5216465889623502,7452.094128033575,1,0.79481,0.7916103222194548,0.7989695811147087,0.81341,0.82524,35.199229036343624,0.0012127420644804086,NZDCAD_merged,38.47835341103765
2026-03-13 04:00:00,2026-03-13 07:00:00,1.0,15.0,0.2825585690212731,4036.550986018187,1,0.79481,0.7918564512794968,0.7977635487205033,0.8135,0.82129,35.71385065869161,0.0012127420644804086,NZDCAD_merged,14.717441430978727
2026-03-13 07:00:00,2026-03-13 11:00:00,-1.1,60.0,0.8137106233382821,11624.437476261175,1,0.58304,0.5800306156688064,0.5869521996305517,0.58356,0.60757,37.72160502793291,0.00117549440399773,NZDUSD_merged,-66.81371062333828
2026-03-15 17:00:00,2026-03-16 04:00:00,1.0,30.0,0.39782773712328245,5683.2533874754645,1,0.57888,0.5758242854618674,0.5819357145381325,0.58356,0.60125,33.68807305081239,0.0012829847915394,NZDUSD_merged,29.602172262876717
2026-03-15 17:00:00,2026-03-16 05:00:00,1.0,30.0,0.6185111490518286,8835.873557883266,1,1.14239,1.1385113003133773,1.1462686996866227,1.17418,1.19285,32.38383873978826,0.0016456873787528451,EURUSD_merged,29.38148885094817
2026-03-15 17:00:00,2026-03-16 05:00:00,1.3,29.999999999999996,0.6747394353292675,9639.134790418108,1,1.14239,1.1388345252872625,1.1470121171265588,1.15777,1.20822,32.38383873978826,0.0016456873787528451,EURUSD_merged,38.325260564670735
2026-03-15 17:00:00,2026-03-16 05:00:00,1.3,30.0,0.3672256034984145,5246.08004997735,1,0.57888,0.5755696425836897,0.5831834646412033,0.58356,0.60757,33.41924712174631,0.0012829847915394,NZDUSD_merged,38.63277439650159
2026-03-15 17:00:00,2026-03-16 05:00:00,1.5,15.0,0.19891386856164123,2841.6266937377322,1,0.57888,0.5758242854618674,0.5834635718071988,0.58356,0.60757,33.205085246854686,0.0012829847915394,NZDUSD_merged,22.30108613143836
2026-03-15 18:00:00,2026-03-16 07:00:00,1.3,29.999999999999996,0.5609619960886394,8013.742801266278,1,1.14297,1.1386912128152427,1.1485324233401846,1.17418,1.19285,33.975574120260674,0.0015995668516990628,EURUSD_merged,38.439038003911364
2026-03-15 17:00:00,2026-03-16 07:00:00,1.5,30.0,0.31826218969862596,4546.602709980371,1,0.57888,0.5750603568273343,0.5846094647589986,0.58356,0.60757,33.41924712174631,0.0012829847915394,NZDUSD_merged,44.68173781030137
2026-03-13 04:00:00,2026-03-16 07:00:00,1.5,15.000000000000002,0.23384157436243286,3340.593919463327,1,0.79481,0.791241128629392,0.8001633070559121,0.81341,0.82524,35.71385065869161,0.0012127420644804086,NZDCAD_merged,22.26615842563757
2026-03-15 17:00:00,2026-03-16 07:00:00,1.5,30.0,0.3292367479640958,4703.382113772797,1,0.57888,0.575187678266423,0.5844184826003652,0.58356,0.60757,33.68807305081239,0.0012829847915394,NZDUSD_merged,44.670763252035904
2026-03-15 17:00:00,2026-03-16 08:00:00,1.5,30.0,0.5118712957670305,7312.44708238615,1,1.14239,1.1377032378786642,1.1494201431820037,1.17654,1.19285,32.38383873978826,0.0016456873787528451,EURUSD_merged,44.48812870423297
2026-03-13 04:00:00,2026-03-16 13:00:00,1.5,15.0,0.22604685521701845,3229.2407888145494,1,0.79481,0.791118064099371,0.8003479038509436,0.81341,0.82524,35.199229036343624,0.0012127420644804086,NZDCAD_merged,22.273953144782983
2026-03-29 17:00:00,2026-03-30 05:00:00,-1.1,60.00000000000001,0.8608100859418003,12297.28694202572,1,0.5746,0.5717964547820561,0.5788053178269158,0.58356,0.60757,32.45938727590038,0.0010470393606685517,NZDUSD_merged,-66.86081008594182
2026-03-29 17:00:00,2026-03-30 08:00:00,1.5,15.0,0.3292106899602547,4703.009856575068,-1,160.155,160.66580586119576,159.38879120820636,152.268,159.899,61.71925656551606,0.19624540199854434,USDJPY_merged,22.170789310039744
2026-03-29 18:00:00,2026-03-31 00:00:00,-0.08936122472932635,60.00000000000001,0.9363341733134289,13376.20247590613,-1,0.79833,0.8019109715116289,0.7929585427325566,0.76712,0.78784,70.39112296356336,0.0012219673726470434,USDCHF_merged,-6.29800765707301
2026-03-30 11:00:00,2026-03-31 00:00:00,-0.025297314883916306,60.0,0.8764390714591541,12520.558163702202,1,1.31983,1.3135052180721802,1.3293171728917297,1.32181,1.3869,30.355060158873354,0.0021369563109918353,GBPUSD_merged,-2.3942779644941323
2026-03-29 17:00:00,2026-03-31 00:00:00,0.8728367694277428,15.0,0.3913704671025274,5591.006672893249,-1,0.91813,0.920593232617262,0.914435151074107,0.89805,0.91508,54.328483414227726,0.00089028628629537,EURCHF_merged,12.701181074313615
2026-03-29 17:00:00,2026-03-31 00:00:00,0.9351822529582959,15.0,0.41932550046699363,5990.364292385624,-1,0.91813,0.9204290171094445,0.9149113760467776,0.89805,0.91508,55.513987840723686,0.00089028628629537,EURCHF_merged,13.608408293907447
2026-03-29 17:00:00,2026-03-31 00:00:00,0.9029345890631821,15.0,0.4048660004508904,5783.800006441292,-1,0.91813,0.9205111248633533,0.9145583127049701,0.89805,0.91508,54.328483414227726,0.00089028628629537,EURCHF_merged,13.13915283549684
2026-03-29 17:00:00,2026-03-31 00:00:00,0.9351822529582959,15.0,0.41932550046699363,5990.364292385624,-1,0.91813,0.9204290171094445,0.9149113760467776,0.89805,0.91508,55.513987840723686,0.00089028628629537,EURCHF_merged,13.608408293907447
2026-03-29 23:00:00,2026-03-31 00:00:00,-0.310259236818877,30.0,0.3463034232730292,4947.191761043275,1,0.68565,0.6814921866397065,0.6918867200404404,0.69437,0.7187,42.23111555832827,0.0015477929545983202,AUDUSD_merged,-9.65408052783934
2026-03-30 14:00:00,2026-03-31 00:00:00,0.3065128632350148,15.0,0.2676398842483987,3823.426917834267,1,210.394,209.56858602771266,211.63212095843105,210.792,213.298,27.665703473103058,0.2701281342794219,GBPJPY_merged,4.330053064276823
2026-03-30 11:00:00,2026-03-31 00:00:00,0.10891992592774509,15.0,0.2617425734120242,3739.1796201717752,1,210.555,209.71034279686333,211.6530543640777,210.792,213.298,21.126628189959735,0.29131388277775777,GBPJPY_merged,1.372056315504152
