entry_time,exit_time,r_mult,risk_usd,fee_usd,notional,trade_type,entry_price,sl_price,tp_price,zone_lower,zone_upper,momentum,atr,asset,pnl_usd
2021-06-30 00:00:00,2021-06-30 04:00:00,-1.1,15.0,0.29354814962684544,4193.544994669221,1,83.118,82.82069306718185,83.50449901266359,83.973,85.189,38.09520023359172,0.10183965829152423,AUDJPY_merged,-16.793548149626844
2021-06-30 10:00:00,2021-07-01 04:00:00,-1.1,60.0,1.3438449022179944,19197.78431739992,-1,0.92376,0.9266470831697888,0.9194293752453169,0.8926,0.92385,64.54793138963744,0.0010429066954108109,USDCHF_merged,-67.343844902218
2021-06-30 21:00:00,2021-07-01 04:00:00,-1.1,60.0,1.760088574383275,25144.122491189646,-1,111.079,111.34406154678236,110.68140767982645,109.187,110.329,62.835791070573904,0.08590000257549431,USDJPY_merged,-67.76008857438327
2021-06-30 10:00:00,2021-07-01 04:00:00,-1.1,15.0,0.34754609540120535,4964.94422001722,-1,0.92376,0.9265508470641292,0.9195737294038063,0.8926,0.92385,64.54793138963744,0.0010429066954108109,USDCHF_merged,-16.847546095401206
2021-06-30 06:00:00,2021-07-01 11:00:00,-1.1,15.000000000000002,0.27472713178999036,3924.6733112855773,1,0.75021,0.7473427167620191,0.7539374682093751,0.76747,0.77753,36.15068614383857,0.0009738099037869773,AUDUSD_merged,-16.774727131789994
2021-06-30 14:00:00,2021-07-02 08:00:00,-1.1,60.0,1.3186337961693235,18837.625659561767,1,1.18529,1.1815147152966488,1.1909529270550268,1.18472,1.22664,30.83981359443029,0.001225683360561086,EURUSD_merged,-67.31863379616932
2021-07-02 07:00:00,2021-07-02 11:00:00,1.4,15.0,0.3231733555819976,4616.762222599967,1,0.74628,0.7438553137241503,0.7496745607861898,0.74761,0.77753,40.73930397733563,0.0009081022413749304,AUDUSD_merged,20.676826644418004
2021-06-30 07:00:00,2021-07-02 13:00:00,1.5,15.0,0.3601067782651535,5144.382546645051,-1,1.58433,1.5889495922998569,1.5774006115502146,1.56586,1.58506,63.2531836285416,0.0015913023785271642,EURAUD_merged,22.139893221734848
2021-07-02 07:00:00,2021-07-02 13:00:00,1.5,30.0,0.9233801991156853,13191.145701652647,-1,111.447,111.7004586514029,111.06681202289566,109.187,110.329,57.46154657841631,0.08416577305327748,USDJPY_merged,44.076619800884316
2021-07-01 08:00:00,2021-07-02 14:00:00,1.5,30.000000000000004,0.6724307726659466,9606.15389522781,-1,0.92491,0.9277984921377103,0.9205772617934347,0.8926,0.92385,50.28671300554673,0.0009747713759579329,USDCHF_merged,44.32756922733406
2021-06-30 16:00:00,2021-07-02 14:00:00,1.5,15.0,0.30702810424630633,4386.115774947234,-1,0.92525,0.9284142461604121,0.9205036307593818,0.8926,0.92385,61.756198884114866,0.0010172666686990048,USDCHF_merged,22.192971895753693
2021-07-02 13:00:00,2021-07-05 07:00:00,1.3,15.0,0.30181556069278076,4311.650867039725,1,1.70378,1.697852641596432,1.7114855659246386,1.70144,1.72582,39.51429967170714,0.002037922641536611,GBPCAD_merged,19.19818443930722
2021-06-30 09:00:00,2021-07-05 23:00:00,1.5,60.0,1.1386693508557104,16266.705012224436,-1,1.84534,1.8521465659220349,1.8351301511169478,1.8194,1.84494,57.7903657132606,0.0023939370711060282,GBPAUD_merged,88.86133064914429
2021-07-02 14:00:00,2021-07-06 09:00:00,1.0,15.0,0.314510299402237,4493.004277174815,1,1.46322,1.4583350057631814,1.4681049942368185,1.46549,1.48243,26.75301996354578,0.0016534505971105059,EURCAD_merged,14.685489700597763
2021-07-06 02:00:00,2021-07-06 09:00:00,-1.1,14.999999999999998,0.2218845958542304,3169.77994077472,-1,0.87308,0.8772115801868565,0.8677089457570866,0.85982,0.87213,69.68005184275746,0.0014272054785501114,NZDCAD_merged,-16.72188459585423
2021-07-06 09:00:00,2021-07-06 10:00:00,1.5,60.0,0.8266820081156119,11809.74297308017,1,1.67133,1.6628387229054362,1.6840669156418455,1.66844,1.71224,36.70024526610174,0.0029268238626030643,EURNZD_merged,89.17331799188439
2021-07-02 11:00:00,2021-07-06 10:00:00,1.5,15.0,0.32526397584913086,4646.6282264161555,1,1.46482,1.4600913453865134,1.47191298192023,1.46658,1.48243,23.331820785418525,0.0016629169041744256,EURCAD_merged,22.17473602415087
2021-07-06 09:00:00,2021-07-06 10:00:00,1.5,90.0,1.3106965688982237,18724.236698546054,1,1.95721,1.9478024656456794,1.9713213015314806,1.95853,1.99601,37.33233324176102,0.003200836123304596,GBPNZD_merged,133.68930343110176
2021-07-06 07:00:00,2021-07-06 10:00:00,1.5,59.99999999999999,1.0686591083860908,15266.558691229871,1,1.82817,1.820985001584934,1.8389474976225992,1.82603,1.85232,33.66728732832085,0.0024056152560556483,GBPAUD_merged,88.9313408916139
2021-07-06 04:00:00,2021-07-06 10:00:00,1.5,60.0,0.7905780079919571,11293.971542742245,1,1.67516,1.6662605973744824,1.6885091039382762,1.68451,1.71224,27.77662834965764,0.0030909909884661983,EURNZD_merged,89.20942199200805
2021-07-02 14:00:00,2021-07-06 10:00:00,1.5,15.000000000000002,0.3253554821402452,4647.93545914636,1,1.46322,1.4584978389044088,1.4703032416433868,1.46549,1.48243,27.99106692043481,0.0016534505971105059,EURCAD_merged,22.174644517859758
2021-07-06 10:00:00,2021-07-06 10:00:00,1.3,30.0,0.5279226721634959,7541.752459478513,1,1.56792,1.5616830411164075,1.5760280465486702,1.56586,1.58506,56.346286028071994,0.0027270558001650904,EURAUD_merged,38.4720773278365
2021-07-06 10:00:00,2021-07-06 10:00:00,1.4,90.0,1.3862870700099057,19804.101000141512,1,1.67449,1.6668802579572322,1.6851436388598753,1.68451,1.71224,54.080564617757176,0.003937765015274289,EURNZD_merged,124.61371292999009
2021-07-06 09:00:00,2021-07-06 10:00:00,1.4,90.0,1.4619307883864805,20884.725548378294,1,1.95721,1.9487756588547471,1.969018077603354,1.95853,1.99601,38.10171438041895,0.003200836123304596,GBPNZD_merged,124.5380692116135
2021-07-06 07:00:00,2021-07-06 10:00:00,1.4,90.0,1.7879488928767295,25542.127041096137,1,1.82817,1.8217282772830443,1.8371884118037383,1.82603,1.85232,35.914060234881326,0.0024056152560556483,GBPAUD_merged,124.21205110712326
2021-07-06 04:00:00,2021-07-06 10:00:00,1.4,60.0,0.7861412369550946,11230.589099358496,-1,0.70859,0.7123756785270889,0.7032900500620756,0.69224,0.70948,65.81225531128598,0.0014420280453888916,NZDUSD_merged,83.21385876304491
2021-07-02 14:00:00,2021-07-06 10:00:00,1.4,60.0,1.4515859972410938,20736.942817729912,1,1.46322,1.4589863383280905,1.469147126340673,1.46549,1.48243,32.02285417105915,0.0016534505971105059,EURCAD_merged,82.5484140027589
2021-07-06 07:00:00,2021-07-06 10:00:00,1.5,90.0,1.5495557071598323,22136.51010228332,1,1.82817,1.8207372430188973,1.8393191354716543,1.82603,1.85232,35.914060234881326,0.0024056152560556483,GBPAUD_merged,133.45044429284016
2021-07-06 04:00:00,2021-07-06 10:00:00,1.5,60.0,0.7642254077255586,10917.505824650838,1,1.67516,1.6659537214218785,1.6889694178671824,1.68451,1.71224,29.9014425119129,0.0030909909884661983,EURNZD_merged,89.23577459227444
2021-07-02 14:00:00,2021-07-06 10:00:00,1.5,30.0,0.629020598804474,8986.00855434963,1,1.46322,1.4583350057631814,1.4705474913552277,1.46549,1.48243,32.02285417105915,0.0016534505971105059,EURCAD_merged,44.37097940119553
2021-07-06 04:00:00,2021-07-06 10:00:00,1.0,30.0,0.34066120268054106,4866.5886097220155,-1,0.70859,0.7129580906081795,0.7042219093918206,0.69224,0.70948,67.35411100875477,0.0014420280453888916,NZDUSD_merged,29.65933879731946
2021-07-06 02:00:00,2021-07-06 10:00:00,-1.1,60.0,0.8579537706363577,12256.482437662255,-1,0.87308,0.8773540484691619,0.8688059515308381,0.85982,0.87213,74.84837035131406,0.0014272054785501114,NZDCAD_merged,-66.85795377063636
2021-07-02 14:00:00,2021-07-06 10:00:00,1.5,60.0,1.258041197608948,17972.01710869926,1,1.46322,1.4583350057631814,1.4705474913552277,1.46658,1.48243,27.99106692043481,0.0016534505971105059,EURCAD_merged,88.74195880239105
2021-07-06 14:00:00,2021-07-07 10:00:00,-1.1,60.00000000000001,1.3690185092751197,19557.407275358855,1,1.1823,1.1786728320936806,1.1870153182782153,1.19859,1.22664,38.12431176896123,0.0011978370143387383,EURUSD_merged,-67.36901850927514
2021-07-07 13:00:00,2021-07-08 02:00:00,-1.1,90.00000000000001,1.2696901429931762,18138.430614188233,-1,1.24826,1.2544536670481359,1.2389694994277958,1.20064,1.24866,60.95680544614,0.0021081938824080923,USDCAD_merged,-100.2696901429932
2021-07-07 13:00:00,2021-07-08 02:00:00,-1.1,89.99999999999999,1.2273671382267373,17533.81626038196,-1,1.24826,1.2546672417739337,1.238649137339099,1.20064,1.24866,60.33821579790745,0.0021081938824080923,USDCAD_merged,-100.22736713822673
2021-07-07 13:00:00,2021-07-08 02:00:00,-1.1,59.99999999999999,0.8182447588178248,11689.21084025464,-1,1.24826,1.2546672417739337,1.238649137339099,1.20064,1.24866,60.95680544614,0.0021081938824080923,USDCAD_merged,-66.81824475881783
2021-07-08 05:00:00,2021-07-09 06:00:00,1.0,30.0,0.4970888973594031,7101.269962277188,1,129.868,129.31936010591116,130.41663989408883,130.037,134.123,36.31739669459397,0.1906742529322593,EURJPY_merged,29.502911102640596
2021-07-08 23:00:00,2021-07-09 07:00:00,1.3,90.0,0.9701790386509042,13859.700552155775,1,81.525,80.99560544545037,82.21321292091454,82.133,85.189,37.92402001628304,0.1775820002252563,AUDJPY_merged,116.0298209613491
2021-07-08 05:00:00,2021-07-09 07:00:00,1.3,15.0,0.25711494691003606,3673.070670143373,1,129.868,129.3376481023808,130.55745746690496,130.037,134.123,36.08980493624377,0.1906742529322593,EURJPY_merged,19.242885053089964
2021-07-08 05:00:00,2021-07-09 08:00:00,1.0,60.0,0.8207191095542173,11724.558707917391,1,151.431,150.65605740076475,152.20594259923527,151.309,155.482,28.865035381550282,0.2642203283347265,GBPJPY_merged,59.17928089044578
2021-07-08 05:00:00,2021-07-09 09:00:00,1.5,90.0,1.231078664331326,17586.838061876086,1,151.431,150.65605740076475,152.5934138988529,151.309,155.482,32.54270400844013,0.2642203283347265,GBPJPY_merged,133.76892133566867
2021-07-08 14:00:00,2021-07-09 09:00:00,1.3,30.0,0.3613442749497389,5162.061070710556,1,151.332,150.45251408578645,152.4753316884776,151.309,156.073,37.844282493765974,0.296465933122562,GBPJPY_merged,38.63865572505026
2021-07-08 05:00:00,2021-07-09 09:00:00,1.5,15.0,0.25711494691003606,3673.070670143373,1,129.868,129.3376481023808,130.66352784642882,130.037,134.123,36.070327803454724,0.1906742529322593,EURJPY_merged,22.242885053089964
2021-07-08 05:00:00,2021-07-09 09:00:00,1.5,60.0,0.9941777947188062,14202.539924554376,1,129.868,129.31936010591116,130.69095984113326,130.037,134.123,36.31739669459397,0.1906742529322593,EURJPY_merged,89.00582220528119
2021-07-08 05:00:00,2021-07-09 09:00:00,1.5,90.0,1.231078664331326,17586.838061876086,1,151.431,150.65605740076475,152.5934138988529,151.309,156.073,28.865035381550282,0.2642203283347265,GBPJPY_merged,133.76892133566867
2021-07-08 23:00:00,2021-07-09 10:00:00,1.3,90.0,1.0312684953537636,14732.407076482337,1,0.69317,0.6889354374009534,0.6986749313787604,0.69224,0.73159,40.18640063569282,0.001450180142551832,NZDUSD_merged,115.96873150464624
2021-07-09 02:00:00,2021-07-09 10:00:00,1.3,90.0,1.2605753796453825,18008.21970921975,1,0.68025,0.6768503024736168,0.6846696067842982,0.68832,0.69828,34.83630671862649,0.001158573099580834,AUDCHF_merged,115.73942462035461
2021-07-08 06:00:00,2021-07-09 10:00:00,1.4,90.0,1.6527565234335766,23610.807477622522,1,130.057,129.5612469423761,130.7510542806734,130.037,134.123,35.48219268528863,0.19734037772281166,EURJPY_merged,124.3472434765664
2021-07-08 21:00:00,2021-07-09 10:00:00,1.3,90.00000000000001,1.544116584819361,22058.8083545623,1,1.26191,1.2567614036581443,1.2686031752444127,1.26125,1.28561,34.48853208524605,0.0017628510454218618,GBPCHF_merged,115.45588341518066
2021-07-08 16:00:00,2021-07-09 14:00:00,1.3,60.0,0.5065840393153137,7236.914847361625,1,76.258,75.62575820960943,77.07991432750774,76.218,80.181,35.091624556368885,0.2066562383023985,NZDJPY_merged,77.49341596068469
2021-07-08 06:00:00,2021-07-11 21:00:00,-1.1,90.0,1.4977033973986336,21395.762819980482,-1,1.85257,1.8603627251953037,1.8408809122070449,1.82603,1.85232,65.28375694746339,0.002595605417593941,GBPAUD_merged,-100.49770339739865
2021-07-08 06:00:00,2021-07-12 09:00:00,1.5,60.0,0.9549259913171776,13641.799875959681,1,130.057,129.4849772412032,130.91503413819515,130.037,134.123,35.384595478264174,0.19734037772281166,EURJPY_merged,89.04507400868282
2021-07-08 06:00:00,2021-07-12 09:00:00,1.5,90.0,1.4323889869757664,20462.699813939522,1,130.057,129.4849772412032,130.91503413819515,130.037,134.123,35.48219268528863,0.19734037772281166,EURJPY_merged,133.56761101302425
2021-07-08 06:00:00,2021-07-12 09:00:00,1.5,90.0,1.4817817106645856,21168.310152351223,1,130.057,129.50404466649644,130.88643300025532,130.037,134.123,35.384595478264174,0.19734037772281166,EURJPY_merged,133.5182182893354
2021-07-08 10:00:00,2021-07-12 22:00:00,1.3,30.0,0.36256111463638263,5179.444494805467,1,0.74404,0.7397304258704991,0.7496424463683513,0.76747,0.77753,33.0320696359792,0.0015584843271801263,AUDUSD_merged,38.637438885363615
2021-07-09 08:00:00,2021-07-13 10:00:00,-1.1,90.0,3.015627205314198,43080.38864734569,1,1.08534,1.0830725970571062,1.0885143641200512,1.0869,1.09866,42.76014647959927,0.0008562153367477864,EURCHF_merged,-102.01562720531422
2021-07-09 08:00:00,2021-07-13 11:00:00,-1.1,60.0,1.7423623852926475,24890.891218466397,1,1.08534,1.0827237658351225,1.0892643512473161,1.0869,1.10279,46.898362198139466,0.0008562153367477864,EURCHF_merged,-67.74236238529265
2021-07-09 08:00:00,2021-07-13 11:00:00,-1.1,90.0,2.6135435779389713,37336.3368276996,1,1.08534,1.0827237658351225,1.0892643512473161,1.0869,1.09866,42.76014647959927,0.0008562153367477864,EURCHF_merged,-101.61354357793898
2021-07-13 10:00:00,2021-07-13 15:00:00,-1.1,90.0,1.7103304318867885,24433.29188409698,1,1.18209,1.1777357729681017,1.1877504951414681,1.19859,1.22664,40.60189866276479,0.0015463534831201898,EURUSD_merged,-100.7103304318868
2021-07-09 02:00:00,2021-07-13 22:00:00,1.3,90.0,1.022734041127744,14610.486301824916,1,0.6359,0.6319828819234544,0.6409922534995093,0.63777,0.65698,35.72026727944075,0.0013328210589924274,NZDCHF_merged,115.97726595887225
2021-07-08 20:00:00,2021-07-14 06:00:00,1.3,60.0,0.7256064818341035,10365.806883344336,1,0.72992,0.725695032229245,0.7354124581019815,0.73616,0.74784,36.29749911649606,0.0013963936211777044,CADCHF_merged,77.2743935181659
2021-07-08 07:00:00,2021-07-14 10:00:00,-1.1,90.0,1.4786353861609995,21123.362659442853,-1,1.72945,1.7368186421290701,1.7183970368063946,1.70144,1.72582,62.310831396339985,0.0025515602876333364,GBPCAD_merged,-100.47863538616102
2021-07-14 06:00:00,2021-07-14 20:00:00,1.5,15.0,0.446762097403549,6382.315677193557,1,0.85176,0.8497581560539765,0.854762765919035,0.85303,0.86713,33.02679432074348,0.0007296183642453293,EURGBP_merged,22.05323790259645
2021-07-14 06:00:00,2021-07-14 20:00:00,1.5,90.0,2.773006121815131,39614.37316878759,1,0.85176,0.8498248841855107,0.8546626737217339,0.85303,0.86421,33.02679432074348,0.0007296183642453293,EURGBP_merged,132.22699387818486
2021-07-14 06:00:00,2021-07-14 20:00:00,1.5,90.0,2.680572584421294,38293.894063161344,1,0.85176,0.8497581560539765,0.854762765919035,0.85303,0.86713,32.250338765208895,0.0007296183642453293,EURGBP_merged,132.3194274155787
2021-07-08 07:00:00,2021-07-15 02:00:00,-1.1,90.0,1.4293475399556332,20419.25057079476,-1,1.72945,1.737072733236969,1.718015900144546,1.70144,1.72582,62.310831396339985,0.0025515602876333364,GBPCAD_merged,-100.42934753995564
2021-07-08 07:00:00,2021-07-15 02:00:00,-1.1,90.0,1.4293475399556332,20419.25057079476,-1,1.72945,1.737072733236969,1.718015900144546,1.70144,1.72582,61.69093035503677,0.0025515602876333364,GBPCAD_merged,-100.42934753995564
2021-07-15 00:00:00,2021-07-15 13:00:00,-1.1,30.0,0.442550754239442,6322.15363199203,1,87.611,87.19526666718446,88.23459999922333,87.959,91.183,32.07153515175207,0.1336079363476714,CADJPY_merged,-33.44255075423944
2021-07-15 00:00:00,2021-07-15 13:00:00,-1.1,90.0,1.5319064569826835,21884.37795689548,1,87.611,87.25069777822652,88.11542311048288,87.959,91.183,35.46620296952651,0.1336079363476714,CADJPY_merged,-100.5319064569827
2021-07-15 00:00:00,2021-07-15 13:00:00,-1.1,90.0,1.3734333752258543,19620.476788940778,1,87.611,87.20912444494498,88.21381333258256,87.959,91.183,32.07153515175207,0.1336079363476714,CADJPY_merged,-100.37343337522587
2021-07-15 03:00:00,2021-07-15 13:00:00,-1.1,90.00000000000001,1.996892481575856,28527.035451083655,-1,1.4829,1.4875784041134892,1.4758823938297665,1.46054,1.47713,63.41270257843641,0.0016672968836295233,EURCAD_merged,-100.99689248157588
2021-07-14 04:00:00,2021-07-15 18:00:00,-1.1,90.0,1.205030958615668,17214.727980223826,-1,0.87692,0.8815046091841048,0.8700430862238429,0.86263,0.87804,63.519840581983836,0.0015372640244670553,NZDCAD_merged,-100.20503095861568
2021-07-15 16:00:00,2021-07-18 20:00:00,-1.1,90.0,1.2932220325338575,18474.600464769395,1,81.481,81.08406096935711,82.07640854596431,82.133,85.189,27.91722360138718,0.12750493805612828,AUDJPY_merged,-100.29322203253388
2021-07-15 16:00:00,2021-07-18 20:00:00,-1.1,90.0,1.492179268308297,21316.84669011853,1,81.481,81.13698617344284,81.96261935718002,82.133,84.193,33.40723748884432,0.12750493805612828,AUDJPY_merged,-100.4921792683083
2021-07-19 00:00:00,2021-07-19 07:00:00,-1.1,89.99999999999999,1.5608011049156842,22297.158641652633,1,0.67895,0.6762094938672657,0.6825126579725547,0.68832,0.69828,37.778795997164316,0.0009303591065405641,AUDCHF_merged,-100.56080110491567
2021-07-18 21:00:00,2021-07-20 01:00:00,1.3,90.0,2.2217985338500656,31739.979055000942,1,1.05686,1.053863230536631,1.0607558003023796,1.05999,1.08121,36.07841913603587,0.0010095567247240737,AUDNZD_merged,114.77820146614994
2021-07-19 07:00:00,2021-07-20 08:00:00,-1.1,90.0,1.7680993367641187,25258.561953773125,1,129.321,128.86021010937594,129.92002685781128,130.037,134.123,31.061299567191167,0.1706149896086856,EURJPY_merged,-100.76809933676414
2021-07-27 16:00:00,2021-07-28 14:00:00,-1.1,60.0,1.0622238210033543,15174.626014333635,-1,1.88517,1.8926239036344723,1.8739891445482915,1.82549,1.85232,66.3485122773659,0.002543860769658629,GBPAUD_merged,-67.06222382100336
2021-07-27 16:00:00,2021-07-28 14:00:00,-1.1,30.0,0.5311119105016772,7587.313007166817,-1,1.88517,1.8926239036344723,1.875479925275186,1.82549,1.85232,65.55223041617333,0.002543860769658629,GBPAUD_merged,-33.53111191050168
2021-07-27 16:00:00,2021-07-29 09:00:00,-1.1,15.0,0.2567040900758107,3667.201286797296,-1,1.88517,1.8928809347942817,1.8736035978085774,1.82549,1.85232,65.55223041617333,0.002543860769658629,GBPAUD_merged,-16.75670409007581
2021-07-27 16:00:00,2021-07-29 09:00:00,-1.1,60.0,1.0268163603032427,14668.805147189183,-1,1.88517,1.8928809347942817,1.8774590652057184,1.82549,1.85232,67.4933859691499,0.002543860769658629,GBPAUD_merged,-67.02681636030324
2021-07-30 08:00:00,2021-08-02 08:00:00,1.0,30.0,0.8098607965962367,11569.43995137481,1,1.05298,1.050249582613094,1.055710417386906,1.05999,1.07386,30.796821457292825,0.000880129191185217,AUDNZD_merged,29.190139203403763
2021-08-09 07:00:00,2021-08-10 03:00:00,-1.1,15.0,0.32770912638716393,4681.558948388057,-1,1.27254,1.2766172956637816,1.2672395156370841,1.25013,1.2714,65.44427432357239,0.0014748237347083696,GBPCHF_merged,-16.827709126387163
2021-08-10 17:00:00,2021-08-12 09:00:00,-1.1,90.0,1.7295469527016087,24707.813610022982,-1,0.73562,0.7382995491112635,0.7329404508887366,0.71728,0.73339,71.31687423137032,0.0009222413915815411,CADCHF_merged,-100.72954695270163
2021-08-11 10:00:00,2021-08-12 09:00:00,1.0,60.0,1.0776858660993043,15395.512372847206,-1,0.6492,0.6517300879280055,0.6466699120719945,0.62837,0.64616,75.04992153862264,0.0008616938824778916,NZDCHF_merged,58.9223141339007
2021-08-10 12:00:00,2021-08-13 09:00:00,1.0,60.0,1.2823498764532641,18319.283949332348,1,1.46874,1.463929528136376,1.4735504718636239,1.47642,1.50994,26.109254157296604,0.0015853841482645348,EURCAD_merged,58.71765012354673
2021-08-10 10:00:00,2021-08-13 09:00:00,1.0,60.0,1.345757749477926,19225.110706827516,-1,0.92271,0.9255897025330179,0.9198302974669822,0.91174,0.92325,69.48448887933546,0.0009784793554579094,USDCHF_merged,58.654242250522074
2021-08-10 11:00:00,2021-08-13 10:00:00,1.5,30.0,0.6826799892466441,9752.571274952059,-1,0.92246,0.9252975901308279,0.918203614803758,0.91174,0.92325,70.25990867032007,0.0009707308300680614,USDCHF_merged,44.317320010753356
2021-08-16 04:00:00,2021-08-16 09:00:00,-1.1,60.0,1.0212049726914076,14588.64246702011,1,80.249,79.9189528409936,80.5790471590064,80.154,84.193,26.01024687969825,0.10787173969245475,AUDJPY_merged,-67.02120497269141
2021-08-16 04:00:00,2021-08-16 09:00:00,-1.1,60.0,1.0564189372669734,15091.699103813908,1,80.249,79.92995441296048,80.72756838055926,80.154,85.052,27.86323293674735,0.10787173969245475,AUDJPY_merged,-67.05641893726697
2021-08-19 06:00:00,2021-08-20 02:00:00,-1.1,15.0,0.18185301582482147,2597.9002260688785,1,0.71639,0.7122536402229116,0.7225945396656325,0.7289,0.74263,24.76795146916545,0.0013338732643368672,AUDUSD_merged,-16.68185301582482
2021-08-20 02:00:00,2021-08-20 03:00:00,-1.1,60.0,1.01000241834895,14428.605976413572,-1,1.28661,1.291960246595284,1.2785846301070742,1.24217,1.28072,80.01480028515567,0.0020500318978489648,USDCAD_merged,-67.01000241834895
2021-08-20 07:00:00,2021-08-20 15:00:00,1.2,15.0,0.23505819913361156,3357.974273337308,-1,1.75818,1.766033752844208,1.7487554965869505,1.71485,1.75063,67.84615946487263,0.002715209213683404,GBPCAD_merged,17.76494180086639
2021-08-20 07:00:00,2021-08-20 15:00:00,1.5,15.000000000000002,0.271220999000321,3874.5857000045858,-1,1.75818,1.7649865857983136,1.7479701213025298,1.71485,1.75063,67.74974055602226,0.002715209213683404,GBPCAD_merged,22.228779000999683
2021-08-20 07:00:00,2021-08-20 16:00:00,1.4,15.0,0.23505819913361156,3357.974273337308,-1,1.75818,1.766033752844208,1.747184746018109,1.71485,1.75063,67.74974055602226,0.002715209213683404,GBPCAD_merged,20.76494180086639
2021-08-20 10:00:00,2021-08-22 17:00:00,-1.1,90.0,1.345366257592917,19219.5179656131,1,0.71459,0.7112437610300598,0.7192747345579162,0.7289,0.74263,37.12608666518557,0.001457532934798289,AUDUSD_merged,-100.34536625759293
2021-08-20 08:00:00,2021-08-22 17:00:00,1.5,15.0,0.2264551095736281,3235.0729939089733,-1,1.75678,1.7649256276410503,1.7445615585384247,1.71485,1.75063,64.09084182426177,0.0026884085555631617,GBPCAD_merged,22.273544890426372
2021-08-20 08:00:00,2021-08-22 17:00:00,-1.1,90.0,1.2732435339358747,18189.19334194107,1,0.65429,0.6510525777079285,0.6588223912089003,0.6622,0.68039,37.224563640308055,0.0012982883868134078,AUDCHF_merged,-100.27324353393588
2021-08-20 07:00:00,2021-08-22 17:00:00,1.5,15.0,0.23505819913361156,3357.974273337308,-1,1.75818,1.766033752844208,1.7463993707336882,1.71485,1.75063,67.84130919026015,0.002715209213683404,GBPCAD_merged,22.26494180086639
2021-08-20 09:00:00,2021-08-22 21:00:00,1.5,90.0,0.9232750472114826,13189.64353159261,1,85.077,84.49647407587933,85.947788886181,86.574,88.459,44.46251499213626,0.21531125649184016,CADJPY_merged,134.0767249527885
2021-08-20 09:00:00,2021-08-22 22:00:00,1.5,15.0,0.2285186523189393,3264.5521759848475,-1,1.75529,1.7633552256666896,1.7431921614999657,1.71485,1.75063,56.964660085397114,0.0028535222301657856,GBPCAD_merged,22.27148134768106
2021-08-20 08:00:00,2021-08-23 00:00:00,1.5,90.0,1.1138142539212899,15911.63219887557,1,0.71118,0.7071573957064868,0.7172139064402698,0.71864,0.74835,35.54355865860011,0.0014612924818960817,CADCHF_merged,133.88618574607872
2021-08-20 05:00:00,2021-08-23 02:00:00,1.4,90.0,1.6690905708442316,23844.151012060454,1,149.401,148.83708434650498,150.19048191489304,151.162,153.313,36.153643426465756,0.23311022307843038,GBPJPY_merged,124.33090942915575
2021-08-20 02:00:00,2021-08-23 05:00:00,1.4,15.0,0.19512066698715785,2787.438099816541,1,78.243,77.8219520850428,78.83246708094006,80.154,81.581,32.76756182209899,0.18347687185843825,AUDJPY_merged,20.804879333012842
2021-08-20 05:00:00,2021-08-23 05:00:00,1.5,60.00000000000001,0.8376693709805559,11966.705299722229,1,0.71189,0.7083206466207544,0.7172440300688685,0.7289,0.74263,30.590790329968666,0.0013196982521215103,AUDUSD_merged,89.16233062901946
2021-08-20 02:00:00,2021-08-23 05:00:00,1.5,15.0,0.16147917267902717,2306.845323986103,1,78.243,77.73423376942672,79.00614934585991,80.154,81.581,32.16795375752604,0.18347687185843825,AUDJPY_merged,22.338520827320973
2021-08-20 02:00:00,2021-08-23 06:00:00,1.5,90.00000000000001,1.4543248938812186,20776.069912588835,1,149.548,148.90017199130406,150.5197420130439,151.162,153.313,34.08564705594282,0.23243261362185344,GBPJPY_merged,133.5456751061188
2021-08-20 05:00:00,2021-08-23 08:00:00,1.5,29.999999999999996,0.37740479160740475,5391.497022962925,1,0.6534,0.6497642750953004,0.6588535873570494,0.6622,0.70023,32.15214321875054,0.0013553815809813378,AUDCHF_merged,44.62259520839259
2021-08-20 02:00:00,2021-08-23 08:00:00,1.5,60.00000000000001,0.8288750673621372,11841.072390887675,1,0.71327,0.709655783433523,0.7186913248497155,0.7289,0.74263,29.20966921891698,0.001298690033601018,AUDUSD_merged,89.17112493263788
2021-08-20 05:00:00,2021-08-23 08:00:00,1.4,60.0,1.3742998197039678,19632.85456719954,1,1.25032,1.2464988949363822,1.255669547089065,1.25488,1.27928,37.10062213379393,0.0015719751734236034,GBPCHF_merged,82.62570018029604
2021-08-20 02:00:00,2021-08-23 08:00:00,1.5,15.0,0.3475375376865874,4964.821966951249,1,1.24886,1.2450868737681438,1.2545196893477846,1.25488,1.28561,24.60147967254756,0.0014140645770934434,GBPCHF_merged,22.152462462313412
2021-08-20 02:00:00,2021-08-23 11:00:00,1.4,59.99999999999999,1.2212679867848582,17446.685525497975,-1,1.63836,1.643994399717719,1.6304718403951932,1.59001,1.61835,73.48427670952508,0.0024442617955460896,EURAUD_merged,82.77873201321513
2021-08-20 05:00:00,2021-08-23 11:00:00,1.5,29.999999999999996,0.4964478853072857,7092.112647246939,-1,1.63969,1.646625972741366,1.6292860408879515,1.56155,1.61835,69.24886128848514,0.0025789588793056774,EURAUD_merged,44.50355211469271
2021-08-20 02:00:00,2021-08-23 11:00:00,1.5,59.99999999999999,1.0107045407874686,14438.63629696384,-1,1.63836,1.645168232992244,1.6281476505116341,1.59001,1.61835,74.40806498856426,0.0024442617955460896,EURAUD_merged,88.98929545921251
2021-08-20 08:00:00,2021-08-24 01:00:00,1.5,90.0,1.0537187867055513,15053.12552436502,1,0.65429,0.6503781147304135,0.6601578279043798,0.6622,0.68039,39.005409265423495,0.0012982883868134078,AUDCHF_merged,133.94628121329444
2021-08-20 05:00:00,2021-08-25 15:00:00,1.5,90.0,1.706027362391132,24371.81946273046,1,1.25032,1.2457028313814618,1.2572457529278076,1.25488,1.27928,36.56083587739088,0.0015719751734236034,GBPCHF_merged,133.29397263760887
2021-08-27 02:00:00,2021-08-30 08:00:00,1.5,60.0,1.6722581223852369,23889.401748360528,-1,1.49121,1.494955284245393,1.4855920736319104,1.46602,1.49248,61.10925800450207,0.0012871117902407048,EURCAD_merged,88.32774187761477
2021-08-26 23:00:00,2021-08-30 09:00:00,1.5,60.0,1.5761459883782134,22516.37126254591,-1,1.49128,1.495253855243222,1.485319217135167,1.46602,1.49248,66.98055421538092,0.0012614313848067925,EURCAD_merged,88.42385401162178
2021-08-29 17:00:00,2021-08-30 20:00:00,-1.1,60.0,1.0544729077172073,15063.898681674389,-1,0.88326,0.8867780534017048,0.8779829198974429,0.86784,0.88409,64.02132778953025,0.0012082070052895641,NZDCAD_merged,-67.05447290771721
2021-08-29 19:00:00,2021-08-30 20:00:00,-1.1,90.0,1.5967499357293822,22810.713367562606,1,1.96343,1.9556832584951382,1.9750501122572925,1.96458,2.00734,38.46681129697362,0.00266191230451237,GBPNZD_merged,-100.59674993572939
2021-08-31 01:00:00,2021-08-31 10:00:00,-1.1,60.0,0.9638536379705288,13769.33768529327,-1,0.88625,0.8901118415217454,0.8804572377173818,0.86784,0.88409,68.351572742527,0.0013331890424450208,NZDCAD_merged,-66.96385363797053
2021-08-31 03:00:00,2021-09-01 10:00:00,-1.1,60.0,0.9580673770475867,13686.676814965525,-1,0.88775,0.891641740903954,0.8819123886440691,0.86784,0.88409,68.7546431676621,0.001286729327414336,NZDCAD_merged,-66.95806737704758
2021-08-31 08:00:00,2021-09-02 04:00:00,-1.1,15.0,0.2819030689183089,4027.186698832985,1,1.95152,1.9442512036443498,1.96169631489791,1.96458,2.00661,34.77548891085967,0.0026562791699326197,GBPNZD_merged,-16.781903068918307
2021-08-31 08:00:00,2021-09-02 04:00:00,-1.1,60.00000000000001,1.170981978583745,16728.313979767787,1,1.95152,1.9445204183241886,1.9620193725137167,1.96458,2.00661,34.77548891085967,0.0026562791699326197,GBPNZD_merged,-67.17098197858375
2021-08-31 08:00:00,2021-09-02 08:00:00,-1.1,60.0,1.0148510481059123,14497.87211579875,1,1.95152,1.9434435596048332,1.9636346605927502,1.96458,2.00734,34.77548891085967,0.0026562791699326197,GBPNZD_merged,-67.01485104810591
2021-09-02 04:00:00,2021-09-02 09:00:00,-1.1,30.000000000000004,0.6877781699164301,9825.402427377574,-1,0.92988,0.9327192119514891,0.9256211820727664,0.91092,0.93106,68.50081656527409,0.0009480894135561387,AUDCAD_merged,-33.687778169916434
2021-09-02 03:00:00,2021-09-02 09:00:00,-1.1,30.0,0.6952432119094519,9932.045884420742,-1,0.93053,0.9333406897939113,0.926313965309133,0.91092,0.93106,65.93331045679479,0.0009464039838296858,AUDCAD_merged,-33.69524321190945
2021-09-01 17:00:00,2021-09-02 09:00:00,-1.1,30.0,0.6085594330546973,8693.706186495676,-1,0.92934,0.9325469406766136,0.9248502830527411,0.91092,0.93106,70.68008769989004,0.00109619592371372,AUDCAD_merged,-33.608559433054694
2021-09-02 12:00:00,2021-09-03 08:00:00,-1.1,60.0,1.1846841730291513,16924.059614702164,-1,0.7109,0.7134203172862228,0.707371555799288,0.68046,0.70882,67.33254182856614,0.0010108370452647918,NZDUSD_merged,-67.18468417302915
2021-09-02 12:00:00,2021-09-03 08:00:00,-1.1,90.0,1.5795788973722016,22565.412819602883,-1,0.7109,0.7137353569470007,0.7066469645794989,0.68046,0.70882,71.95049480828753,0.0010108370452647918,NZDUSD_merged,-100.57957889737222
2021-09-02 13:00:00,2021-09-03 08:00:00,-1.1,90.0,1.4956656920816622,21366.652744023748,-1,0.65101,0.6537521655933631,0.6468967516099553,0.62357,0.6503,72.4349387530243,0.000994501394542874,NZDCHF_merged,-100.49566569208167
2021-09-03 07:00:00,2021-09-03 08:00:00,-1.1,60.0,1.332347728653759,19033.53898076799,-1,0.7429,0.7452418661156519,0.7393872008265222,0.71056,0.74263,75.15166496151494,0.0008768322619966825,AUDUSD_merged,-67.33234772865376
2021-09-02 12:00:00,2021-09-03 08:00:00,-1.1,90.00000000000001,1.47064242169136,21009.17745273372,-1,0.7109,0.7139453833875192,0.7063319249187211,0.68046,0.70882,69.57097085500176,0.0010108370452647918,NZDUSD_merged,-100.4706424216914
2021-09-02 11:00:00,2021-09-03 08:00:00,-1.1,30.000000000000004,0.5711297935809331,8158.997051156188,-1,0.93054,0.9339615234819878,0.9264341718216147,0.91092,0.93106,53.985370894491574,0.0011504715539486048,AUDCAD_merged,-33.57112979358094
2021-09-07 18:00:00,2021-09-08 09:00:00,-1.1,30.0,0.6986774068080334,9981.105811543335,-1,0.9192,0.9219628201244102,0.9150557698133847,0.9101,0.91994,65.45426749631024,0.0008823014670793657,USDCHF_merged,-33.69867740680803
2021-09-07 09:00:00,2021-09-09 05:00:00,1.5,15.0,0.38248609421874163,5464.087060267738,-1,0.85992,0.8622806505272937,0.8563790242090594,0.84498,0.85936,54.979453349065736,0.0008149632584480631,EURGBP_merged,22.11751390578126
2021-09-16 20:00:00,2021-09-17 14:00:00,-1.1,15.0,0.4650826602736434,6644.038003909192,-1,1.09103,1.093493178264539,1.0873352326031915,1.06959,1.08401,65.26443923972676,0.0008009837485477751,EURCHF_merged,-16.965082660273644
2021-09-20 02:00:00,2021-09-20 03:00:00,-1.1,15.0,0.35706658589792667,5100.951227113239,1,1.37111,1.3670780755442864,1.3771578866835703,1.37261,1.38915,27.708998625952916,0.0014186909029589537,GBPUSD_merged,-16.857066585897925
2021-09-20 02:00:00,2021-09-20 03:00:00,-1.1,30.0,0.7141331717958533,10201.902454226478,1,1.37111,1.3670780755442864,1.3759483093468563,1.37261,1.38915,25.601238402812374,0.0014186909029589537,GBPUSD_merged,-33.71413317179585
2021-09-20 02:00:00,2021-09-20 03:00:00,-1.1,30.0,0.7141331717958533,10201.902454226478,1,1.37111,1.3670780755442864,1.3771578866835703,1.37261,1.38915,26.69646362555789,0.0014186909029589537,GBPUSD_merged,-33.71413317179585
2021-09-20 02:00:00,2021-09-20 03:00:00,-1.1,30.0,0.7141331717958533,10201.902454226478,1,1.37111,1.3670780755442864,1.3767546942379991,1.37261,1.38915,27.708998625952916,0.0014186909029589537,GBPUSD_merged,-33.71413317179585
2021-09-20 07:00:00,2021-09-20 08:00:00,-1.1,15.0,0.21617620293711293,3088.231470530185,-1,1.28239,1.2886187591404854,1.2730468612892716,1.24932,1.27617,71.12251713223073,0.002242949257769321,USDCAD_merged,-16.716176202937113
2021-09-19 20:00:00,2021-09-20 10:00:00,1.4,15.0,0.3296578980213584,4709.398543162263,-1,0.93203,0.9349986274949693,0.927873921507043,0.9101,0.91994,73.18084733511576,0.0009481466055857466,USDCHF_merged,20.67034210197864
2021-09-20 07:00:00,2021-09-20 13:00:00,-1.1,30.0,0.5792945745469421,8275.636779242031,1,1.36927,1.3643062611245775,1.375226486650507,1.37261,1.38915,28.01150982203638,0.001802109651916503,GBPUSD_merged,-33.57929457454694
2021-09-20 07:00:00,2021-09-20 13:00:00,-1.1,30.0,0.5792945745469421,8275.636779242031,1,1.36927,1.3643062611245775,1.3767156083131338,1.37261,1.38915,28.520760364182614,0.001802109651916503,GBPUSD_merged,-33.57929457454694
2021-09-20 07:00:00,2021-09-20 13:00:00,-1.1,30.0,0.5792945745469421,8275.636779242031,1,1.36927,1.3643062611245775,1.3762192344255915,1.37261,1.38915,29.04863964920651,0.001802109651916503,GBPUSD_merged,-33.57929457454694
2021-09-17 16:00:00,2021-09-21 05:00:00,1.2,15.0,0.30278200431473035,4325.457204496148,1,117.936,117.52701664486216,118.42678002616542,119.28,120.6,30.099082028684755,0.13151865754266562,CHFJPY_merged,17.69721799568527
2021-09-17 16:00:00,2021-09-22 03:00:00,1.5,15.0,0.30278200431473035,4325.457204496148,1,117.936,117.52701664486216,118.54947503270678,119.28,120.6,30.821748647993548,0.13151865754266562,CHFJPY_merged,22.19721799568527
2021-09-29 20:00:00,2021-09-30 10:00:00,1.4,15.0,0.19300581564788127,2757.2259378268755,1,0.7178,0.7138949881356165,0.7232670166101369,0.72196,0.74775,37.26926585405486,0.0013322655770710986,AUDUSD_merged,20.806994184352117
2021-09-29 20:00:00,2021-09-30 10:00:00,1.5,15.0,0.19300581564788127,2757.2259378268755,1,0.7178,0.7138949881356165,0.7236575177965753,0.72196,0.74775,37.08420963122243,0.0013322655770710986,AUDUSD_merged,22.306994184352117
2021-09-29 21:00:00,2021-09-30 11:00:00,1.2,15.0,0.18889927378688814,2698.561054098402,1,0.71904,0.7150432032687867,0.723836156077456,0.72196,0.74775,39.119866046930575,0.0013213894644231602,AUDUSD_merged,17.811100726213112
2021-09-30 09:00:00,2021-10-04 08:00:00,1.2,30.0,0.6666735552902378,9523.907932717682,1,1.15906,1.1554089987255602,1.1634412015293278,1.16638,1.1909,35.425206254425255,0.0012800718230409037,EURUSD_merged,35.33332644470976
2021-09-30 19:00:00,2021-10-04 08:00:00,-1.1,30.000000000000004,0.7188672625314158,10269.532321877368,1,1.07908,1.0759277240262406,1.0828627311685113,1.08127,1.09376,36.41758337943817,0.0009985616109255474,EURCHF_merged,-33.718867262531425
2021-09-30 09:00:00,2021-10-06 03:00:00,-1.1,30.0,0.7692387176425818,10989.12453775117,1,1.15906,1.1558957988954854,1.1638063016567717,1.16638,1.1909,35.05624304568818,0.0012800718230409037,EURUSD_merged,-33.76923871764258
2021-09-30 09:00:00,2021-10-06 04:00:00,-1.1,30.0,0.6666735552902378,9523.907932717682,1,1.15906,1.1554089987255602,1.1645365019116598,1.16638,1.1909,35.196695177814796,0.0012800718230409037,EURUSD_merged,-33.66667355529024
2021-09-30 09:00:00,2021-10-06 04:00:00,-1.1,30.0,0.6666735552902378,9523.907932717682,1,1.15906,1.1554089987255602,1.1641714017842157,1.16638,1.1909,35.05624304568818,0.0012800718230409037,EURUSD_merged,-33.66667355529024
2021-10-05 08:00:00,2021-10-07 10:00:00,-1.1,30.0,0.6733592593064056,9619.41799009151,1,0.85154,0.8488843091852007,0.8552579671407188,0.85003,0.86133,33.72583269794541,0.0008841423950568833,EURGBP_merged,-33.67335925930641
2021-10-07 13:00:00,2021-10-08 08:00:00,-1.1,30.000000000000004,0.6032080044048092,8617.25720578299,1,1.451,1.4459485086773565,1.4570617895871723,1.46602,1.50976,28.795889947228318,0.0016942711236753714,EURCAD_merged,-33.60320800440481
2021-10-07 13:00:00,2021-10-08 08:00:00,-1.1,15.0,0.33511555800267173,4787.365114323882,1,1.451,1.446453657809621,1.4573648790665308,1.46602,1.50976,30.205941310555776,0.0016942711236753714,EURCAD_merged,-16.835115558002673
2021-10-07 13:00:00,2021-10-08 08:00:00,-1.1,30.000000000000004,0.6032080044048092,8617.25720578299,1,1.451,1.4459485086773565,1.4585772369839654,1.46602,1.50976,29.535961749382704,0.0016942711236753714,EURCAD_merged,-33.60320800440481
2021-10-08 12:00:00,2021-10-12 04:00:00,-1.1,30.0,0.4980389969062652,7114.8428129466465,1,1.70056,1.6933895253540716,1.709164569575114,1.72737,1.7602,32.00572671049035,0.002413718342787374,GBPCAD_merged,-33.49803899690627
2021-10-14 08:00:00,2021-10-15 02:00:00,-1.1,15.0,0.3422286547599373,4888.980782284819,1,1.23825,1.234450895273039,1.2428089256723533,1.24932,1.28956,29.99919201192751,0.0012894847964403245,USDCAD_merged,-16.842228654759936
2021-10-15 11:00:00,2021-10-18 20:00:00,-1.1,15.0,0.29461770961991907,4208.824423141701,-1,132.377,132.8487837572606,131.6693243641091,127.929,130.474,65.5866120437316,0.15845687724733135,EURJPY_merged,-16.79461770961992
2021-10-15 04:00:00,2021-10-19 00:00:00,-1.1,15.0,0.21166581955275632,3023.7974221822333,-1,84.7,85.12016703588665,84.06974944617004,78.844,82.025,71.42989779411432,0.14226598729824905,AUDJPY_merged,-16.711665819552756
2021-10-15 08:00:00,2021-10-19 05:00:00,-1.1,15.0,0.31483514052427736,4497.644864632534,-1,123.676,124.08846920462484,123.05729619306274,117.533,120.6,64.3607063065378,0.15107142020007286,CHFJPY_merged,-16.814835140524277
2021-10-19 16:00:00,2021-10-20 00:00:00,-1.1,15.0,0.22881119245756296,3268.731320822328,-1,81.787,82.16231533784533,81.22402699323203,76.333,78.649,70.15523643167644,0.12145474742831215,NZDJPY_merged,-16.728811192457563
2021-10-20 04:00:00,2021-10-20 16:00:00,-1.1,15.0,0.21354331562793205,3050.618794684744,-1,81.965,82.36802479029572,81.36046281455643,76.333,78.649,65.62566982622857,0.13360291128200816,NZDJPY_merged,-16.71354331562793
2021-10-20 17:00:00,2021-10-20 22:00:00,-1.1,60.00000000000001,1.0853184074107585,15504.54867729655,-1,0.75128,0.7541873274519758,0.7469190088220362,0.717,0.74775,65.29373068812707,0.0010259176570366036,AUDUSD_merged,-67.08531840741077
2021-10-21 00:00:00,2021-10-21 00:00:00,1.3,15.0,0.23527985912702937,3361.1408446718483,-1,86.034,86.41794999187427,85.53486501056346,78.844,82.025,50.903460761182316,0.16525892587666832,AUDJPY_merged,19.26472014087297
2021-10-20 04:00:00,2021-10-21 08:00:00,1.5,15.0,0.24209605561601774,3458.5150802288254,-1,0.66286,0.6657349043359215,0.6585476434961176,0.63937,0.65809,67.38574168720194,0.0009841072996793177,NZDCHF_merged,22.257903944383983
2021-10-21 01:00:00,2021-10-21 12:00:00,1.3,60.0,0.7774708646956039,11106.726638508628,-1,85.656,86.11872499245467,85.05445750980893,78.844,82.025,46.70761832652596,0.17166900259976312,AUDJPY_merged,77.2225291353044
2021-10-21 02:00:00,2021-10-26 20:00:00,-1.1,30.0,0.44445070913800344,6349.295844828621,-1,0.74968,0.7532221880708737,0.7443667178936895,0.717,0.74775,47.897543395558145,0.0013284838650580906,AUDUSD_merged,-33.444450709138
2021-11-16 20:00:00,2021-11-17 11:00:00,1.3,60.0,1.4397709415526316,20568.15630789474,-1,114.811,115.14591869163577,114.3756057008735,109.112,114.442,68.1095893408037,0.12149854569553414,USDJPY_merged,76.56022905844736
2021-11-16 17:00:00,2021-11-22 15:00:00,-1.1,14.999999999999998,0.26794928170015986,3827.846881430856,-1,0.92973,0.9333732883634015,0.9242650674548976,0.90852,0.93129,66.43138964138029,0.0012422844513354798,USDCHF_merged,-16.76794928170016
2021-11-26 04:00:00,2021-11-26 09:00:00,-1.1,15.0,0.17709805415637525,2529.9722022339324,-1,1.64798,1.6577507397647187,1.633323890352922,1.60801,1.63513,72.21636654080447,0.0033421337366986627,EURNZD_merged,-16.677098054156374
2021-12-07 12:00:00,2021-12-08 06:00:00,-1.1,15.0,0.23720180648695707,3388.5972355279587,1,1.67457,1.6671573309059444,1.6856890036410832,1.68372,1.70878,23.57275132711931,0.0024949433059783636,GBPCAD_merged,-16.737201806486958
2021-12-20 13:00:00,2021-12-21 05:00:00,1.0,15.0,0.19247028913088368,2749.575559012624,1,0.61853,0.615155679199981,0.621904320800019,0.61762,0.66335,38.60876617968359,0.0011454475468041072,NZDCHF_merged,14.807529710869117
2021-12-20 13:00:00,2021-12-21 05:00:00,1.0,15.0,0.18605461282652092,2657.9230403788706,1,0.61853,0.6150393233103253,0.6220206766896748,0.61762,0.66335,39.22532120622314,0.0011454475468041072,NZDCHF_merged,14.81394538717348
2021-12-20 13:00:00,2021-12-21 05:00:00,1.5,15.0,0.31009102137753486,4429.871733964784,1,0.61853,0.6164355939861952,0.6216716090207073,0.61762,0.66335,38.29000240575311,0.0011454475468041072,NZDCHF_merged,22.189908978622466
2021-12-20 13:00:00,2021-12-21 05:00:00,1.1,60.0,0.8930621415673003,12758.030593818577,1,0.61853,0.6156211027586044,0.6217297869655353,0.61762,0.66335,38.60876617968359,0.0011454475468041072,NZDCHF_merged,65.1069378584327
2021-12-20 13:00:00,2021-12-21 05:00:00,1.5,15.0,0.265792304037887,3797.0329148269575,1,0.61853,0.6160865263172277,0.6221952105241585,0.61762,0.65412,39.56645549729181,0.0011454475468041072,NZDCHF_merged,22.234207695962112
2021-12-20 13:00:00,2021-12-21 06:00:00,1.5,15.0,0.23256826603315117,3322.4038004735885,1,0.61853,0.6157374586482602,0.6227188120276097,0.61762,0.66335,38.60876617968359,0.0011454475468041072,NZDCHF_merged,22.26743173396685
2021-12-20 13:00:00,2021-12-21 06:00:00,1.4,15.000000000000002,0.21467839941521646,3066.8342773602353,1,0.61853,0.6155047468689485,0.622765354383472,0.61762,0.66335,38.60876617968359,0.0011454475468041072,NZDCHF_merged,20.785321600584783
2021-12-19 20:00:00,2021-12-21 07:00:00,1.1,15.0,0.4721104477151322,6744.434967359032,1,1.03879,1.036479673030371,1.0413313596665923,1.03754,1.07649,38.04490686534896,0.0008981214458622934,EURCHF_merged,16.02788955228487
2021-12-28 16:00:00,2021-12-29 04:00:00,-1.1,60.0,4.199999999999999,60000.0,1,1.03745,1.0364125499999999,1.039006175,1.03754,1.07649,34.80462442557015,0.0004996564524293635,EURCHF_merged,-70.2
2021-12-28 16:00:00,2021-12-30 06:00:00,-1.1,60.0,3.4830507389671954,49757.867699531365,1,1.03745,1.036199001858844,1.0388260979552715,1.03754,1.07649,36.50856828376515,0.0004996564524293635,EURCHF_merged,-69.4830507389672
2021-12-28 16:00:00,2021-12-30 06:00:00,-1.1,60.00000000000001,3.0026299473855134,42894.713534078764,1,1.03745,1.035998842156259,1.038901157843741,1.03754,1.07649,36.50856828376515,0.0004996564524293635,EURCHF_merged,-69.00262994738553
2021-12-28 15:00:00,2021-12-30 09:00:00,-1.1,60.0,2.9146578448650575,41637.969212357966,1,1.03704,1.0355456331714292,1.0385343668285707,1.03754,1.07649,38.918308385349754,0.0005003992564624007,EURCHF_merged,-68.91465784486506
2021-12-30 11:00:00,2021-12-31 03:00:00,-1.1,30.0,0.7070797643670408,10101.139490957727,1,0.83934,0.8368471921318836,0.8418328078681163,0.83802,0.8599,38.08216460242374,0.0008722976734645799,EURGBP_merged,-33.70707976436704
2021-12-29 12:00:00,2021-12-31 07:00:00,-1.1,60.0,1.2019452038191416,17170.645768844883,1,0.91489,0.9116930672381816,0.9184066260380003,0.9157,0.92939,41.65228695380485,0.0012481464543897208,USDCHF_merged,-67.20194520381914
2021-12-29 22:00:00,2021-12-31 09:00:00,-1.1,15.0,0.39882634847102155,5697.519263871737,-1,155.26,155.66875684524098,154.7286161011867,148.975,154.731,65.24705086545545,0.15946682823236905,GBPJPY_merged,-16.898826348471022
2021-12-29 22:00:00,2021-12-31 09:00:00,-1.1,30.0,0.7976526969420431,11395.038527743474,-1,155.26,155.66875684524098,154.8103674702349,148.975,154.731,65.59526073145095,0.15946682823236905,GBPJPY_merged,-33.797652696942045
2021-12-30 10:00:00,2021-12-31 12:00:00,1.0,30.0,0.7933873387832033,11334.104839760048,1,0.83884,0.8366196923219097,0.8410603076780904,0.83802,0.8599,42.3561570677783,0.0008309359560387766,EURGBP_merged,29.206612661216795
2021-12-31 13:00:00,2022-01-03 08:00:00,1.1,15.0,0.24405521774762137,3486.503110680306,-1,90.935,91.32623011128874,90.50464687758239,87.436,90.361,71.96681106193532,0.15709975562153305,CADJPY_merged,16.255944782252378
2021-12-31 12:00:00,2022-01-03 08:00:00,1.5,15.0,0.36948772135894187,5278.396019413456,-1,90.946,91.20444783054978,90.55832825417532,87.436,90.361,69.16171967088884,0.15649204451549664,CADJPY_merged,22.130512278641056
2021-12-31 12:00:00,2022-01-03 08:00:00,1.0,30.0,0.4077105890857289,5824.436986938985,-1,90.946,91.41443669287148,90.47756330712852,87.436,90.361,69.67105925196991,0.15649204451549664,CADJPY_merged,29.592289410914272
2021-12-31 12:00:00,2022-01-03 08:00:00,1.5,30.0,0.6568670601936745,9383.815145623921,-1,90.946,91.2367538093685,90.50986928594725,87.436,90.361,70.00371133672549,0.15649204451549664,CADJPY_merged,44.343132939806324
2021-12-31 12:00:00,2022-01-03 10:00:00,1.5,30.000000000000004,0.5630289087374354,8043.270124820506,-1,90.946,91.28521277759658,90.43718083360513,87.436,90.361,68.8769306630768,0.15649204451549664,CADJPY_merged,44.43697109126257
2022-01-04 01:00:00,2022-01-04 06:00:00,-1.1,15.0,0.42624171014219736,6089.167287745677,-1,115.746,116.03112765669849,115.34682128062211,113.138,115.522,73.88708202155004,0.10883130596374589,USDJPY_merged,-16.926241710142197
2022-01-04 01:00:00,2022-01-04 06:00:00,-1.1,30.0,0.8865827570957706,12665.46795851101,-1,115.746,116.02016120836393,115.44442267079967,113.138,115.522,73.88708202155004,0.10883130596374589,USDJPY_merged,-33.88658275709577
2022-01-04 01:00:00,2022-01-04 06:00:00,-1.1,30.0,1.2313649404107925,17590.92772015418,-1,115.746,115.94339607002202,115.44990589496695,113.138,115.522,76.39370790563046,0.10883130596374589,USDJPY_merged,-34.23136494041079
2022-01-04 01:00:00,2022-01-04 06:00:00,-1.1,15.000000000000002,0.36940948212323776,5277.278316046254,-1,115.746,116.07499345003671,115.41700654996328,112.53,115.522,71.92255258262007,0.10883130596374589,USDJPY_merged,-16.869409482123242
2022-01-04 01:00:00,2022-01-04 06:00:00,-1.1,29.999999999999996,0.7642954802549745,10918.506860785352,-1,115.746,116.06402700170216,115.42797299829783,113.138,115.522,73.88708202155004,0.10883130596374589,USDJPY_merged,-33.76429548025497
2022-01-04 01:00:00,2022-01-04 06:00:00,-1.1,15.0,0.4432913785478853,6332.733979255505,-1,115.746,116.02016120836393,115.38959042912688,113.138,115.522,71.92255258262007,0.10883130596374589,USDJPY_merged,-16.943291378547887
2022-01-04 08:00:00,2022-01-04 11:00:00,-1.1,30.0,0.7419000124840689,10598.571606915271,1,0.83607,0.8337034452480715,0.8386732102271214,0.83802,0.8599,32.09657824974297,0.0010097203364305921,EURGBP_merged,-33.74190001248407
2022-01-06 03:00:00,2022-01-06 09:00:00,-1.1,30.0,0.8684611347748561,12406.587639640802,-1,1.88612,1.890680770587652,1.8792788441185222,1.83862,1.86451,77.6704526368639,0.0026906356206140942,GBPAUD_merged,-33.868461134774854
2022-01-06 03:00:00,2022-01-07 03:00:00,-1.1,30.0,0.5390448422740486,7700.64060391498,-1,1.88612,1.893467908168995,1.8787720918310051,1.83862,1.86451,74.80851005376522,0.0026906356206140942,GBPAUD_merged,-33.53904484227405
2022-01-04 08:00:00,2022-01-10 08:00:00,-1.1,30.000000000000004,0.6395689762793698,9136.699661133855,1,0.83607,0.8333247964877629,0.838815203512237,0.83802,0.8599,32.09657824974297,0.0010097203364305921,EURGBP_merged,-33.63956897627938
2022-01-04 10:00:00,2022-01-11 04:00:00,-1.1,30.0,0.9524226712995817,13606.038161422597,1,0.83481,0.8329693245805375,0.8375710131291939,0.83802,0.8599,29.434332016938175,0.0010638404941671839,EURGBP_merged,-33.95242267129958
2022-01-04 10:00:00,2022-01-11 04:00:00,-1.1,60.00000000000001,1.6327245793707117,23324.636848153026,1,0.83481,0.8326625453439604,0.8380311819840596,0.83802,0.8599,34.58471139793989,0.0010638404941671839,EURGBP_merged,-67.63272457937073
2022-01-09 18:00:00,2022-01-11 10:00:00,-1.1,30.0,0.6612438977160627,9446.341395943755,1,0.85562,0.8529026940162229,0.8596959589756659,0.85479,0.87696,39.799405663624924,0.0013693869996293606,NZDCAD_merged,-33.66124389771606
2022-01-11 15:00:00,2022-01-11 21:00:00,-1.1,60.00000000000001,1.7894990264115118,25564.271805878743,1,1.25816,1.2552070662894985,1.262589400565752,1.26201,1.29633,31.7070175824938,0.0017858990284159916,USDCAD_merged,-67.78949902641152
2022-01-11 14:00:00,2022-01-12 03:00:00,-1.1,15.0,0.44956523229508216,6422.3604613583175,1,0.85317,0.8511773447952665,0.8561589828071001,0.85479,0.87696,37.3478869609129,0.0011086713357752,NZDCAD_merged,-16.949565232295082
2022-01-12 02:00:00,2022-01-12 05:00:00,-1.1,60.0,2.450506910108434,35007.241572977626,1,1.25607,1.2539171825652733,1.2592992261520903,1.26201,1.29633,37.719474432290745,0.001375117261225389,USDCAD_merged,-68.45050691010843
2022-01-11 15:00:00,2022-01-12 05:00:00,-1.1,15.0,0.298249837735252,4260.711967646457,1,1.25816,1.2537305994342478,1.2648041008486282,1.26063,1.29633,30.11183836831866,0.0017858990284159916,USDCAD_merged,-16.798249837735252
2022-01-11 14:00:00,2022-01-12 05:00:00,-1.1,30.0,0.5580809780214814,7972.585400306878,1,0.85317,0.8499596110590405,0.8563803889409595,0.85479,0.87696,38.134860990694854,0.0011086713357752,NZDCAD_merged,-33.55808097802148
2022-01-11 14:00:00,2022-01-12 05:00:00,-1.1,15.0,0.26973913937704935,3853.4162768149913,1,0.85317,0.8498489079921109,0.8564910920078891,0.85479,0.87696,38.66599963557228,0.0011086713357752,NZDCAD_merged,-16.769739139377048
2022-01-11 14:00:00,2022-01-12 05:00:00,-1.1,30.0,0.7706832553629981,11009.760790899974,1,0.85317,0.8508452355944777,0.8566571466082835,0.85479,0.87696,38.86762976362848,0.0011086713357752,NZDCAD_merged,-33.770683255363
2022-01-12 03:00:00,2022-01-12 05:00:00,-1.1,30.000000000000004,0.9143802026596106,13062.574323708724,1,1.25738,1.2544922537514267,1.26171161937286,1.26201,1.29633,34.94444806145634,0.0013947517425664277,USDCAD_merged,-33.914380202659615
2022-01-11 14:00:00,2022-01-12 05:00:00,-1.1,14.999999999999998,0.31123746851198,4446.249550171143,1,0.85317,0.8502917202598295,0.8571995916362387,0.85479,0.87696,38.134860990694854,0.0011086713357752,NZDCAD_merged,-16.81123746851198
2022-01-12 03:00:00,2022-01-12 06:00:00,-1.1,30.0,0.6621373881328214,9459.105544754593,1,1.25738,1.2533921599424462,1.2613678400575536,1.26063,1.29633,34.34307873497734,0.0013947517425664277,USDCAD_merged,-33.66213738813282
2022-01-12 14:00:00,2022-01-13 02:00:00,-1.1,15.0,0.25246991355082304,3606.713050726044,-1,0.68413,0.6869752360516826,0.6804311931328126,0.67008,0.68564,70.49440711458732,0.0011439448191964071,NZDUSD_merged,-16.752469913550822
2022-01-18 05:00:00,2022-01-18 06:00:00,-1.1,30.0,1.0937209857997525,15624.585511425039,1,0.84807,0.8464416624046509,0.8505125063930237,0.85479,0.87696,32.948768591598345,0.0010193030687293825,NZDCAD_merged,-34.093720985799756
2022-01-18 05:00:00,2022-01-18 17:00:00,-1.1,15.0,0.48609821591100116,6944.2602273000175,1,0.84807,0.8462381202052323,0.8508178196921515,0.85479,0.87696,31.186505105770575,0.0010193030687293825,NZDCAD_merged,-16.986098215911
2022-01-18 17:00:00,2022-01-20 10:00:00,-1.1,15.0,0.39375979297849245,5625.13989969275,1,0.8329,0.830678988572234,0.835121011427766,0.83802,0.8599,33.991457568661616,0.000744732723176298,EURGBP_merged,-16.893759792978493
2022-01-20 12:00:00,2022-01-20 15:00:00,1.0,15.0,0.20565418352358342,2937.9169074797633,-1,0.7264,0.7301087502278433,0.7226912497721568,0.71293,0.7277,63.5550615300728,0.0012646737182749183,AUDUSD_merged,14.794345816476417
2022-01-20 12:00:00,2022-01-20 15:00:00,1.3,15.0,0.2385588528873568,3407.983612676526,-1,0.7264,0.7295971984722787,0.7222436419860379,0.71293,0.7277,63.5550615300728,0.0012646737182749183,AUDUSD_merged,19.26144114711264
2022-01-20 13:00:00,2022-01-20 18:00:00,1.5,60.0,0.8928117499711534,12754.453571016478,-1,0.72586,0.7292746190393422,0.7207380714409866,0.71293,0.7277,57.96904590750024,0.0012471970241124256,AUDUSD_merged,89.10718825002884
2022-01-20 13:00:00,2022-01-20 18:00:00,1.5,60.0,0.8928117499711534,12754.453571016478,-1,0.72586,0.7292746190393422,0.7207380714409866,0.71293,0.7277,57.99239968790613,0.0012471970241124256,AUDUSD_merged,89.10718825002884
2022-01-20 12:00:00,2022-01-20 18:00:00,1.5,60.0,0.8835513069902103,12622.161528431578,-1,0.7264,0.729852974350061,0.7212205384749086,0.71293,0.7277,61.92241481522813,0.0012646737182749183,AUDUSD_merged,89.11644869300979
2022-01-20 13:00:00,2022-01-20 19:00:00,1.5,60.0,0.8609256160436123,12298.937372051605,-1,0.72586,0.7294010864111697,0.7205483703832453,0.71293,0.7277,57.77524869374413,0.0012471970241124256,AUDUSD_merged,89.13907438395638
2022-01-20 17:00:00,2022-01-20 22:00:00,1.0,60.0,1.0406651656549766,14866.645223642523,1,1.41363,1.4079247585871548,1.419335241412845,1.42092,1.46455,44.93305401353134,0.001885372866181907,EURCAD_merged,58.95933483434502
2022-01-20 17:00:00,2022-01-21 03:00:00,1.3,60.00000000000001,1.207171592159773,17245.30845942533,1,1.41363,1.4087116884372024,1.4200238050316365,1.42092,1.46455,44.93305401353134,0.001885372866181907,EURCAD_merged,76.79282840784025
2022-01-20 21:00:00,2022-01-21 03:00:00,1.3,60.0,1.37024456451584,19574.92235022629,1,124.241,123.86018316371182,124.73606188717464,124.126,127.072,31.447258569045935,0.15366053919275274,CHFJPY_merged,76.62975543548416
2022-01-20 19:00:00,2022-01-21 03:00:00,1.0,60.0,1.2993738028308033,18562.482897582904,1,124.311,123.9091862964587,124.71281370354131,124.126,127.072,20.796665597768744,0.1466595602472169,CHFJPY_merged,58.7006261971692
2022-01-20 21:00:00,2022-01-21 04:00:00,1.5,60.0,1.2687449671442965,18124.92810206138,1,124.241,123.82971781680877,124.85792327478686,124.126,127.072,33.79480570696831,0.15366053919275274,CHFJPY_merged,88.7312550328557
2022-01-20 21:00:00,2022-01-21 04:00:00,1.5,60.0,1.1812453142377932,16874.933060539905,1,124.241,123.79925246990571,124.90362129514143,124.126,127.072,31.98164041328213,0.15366053919275274,CHFJPY_merged,88.8187546857622
2022-01-21 01:00:00,2022-01-21 04:00:00,-1.1,59.99999999999999,1.0704726807795164,15292.466868278807,-1,1.68176,1.688358386046486,1.671862420930271,1.65144,1.68277,66.95624344030416,0.0024100004921777346,EURNZD_merged,-67.07047268077952
2022-01-20 21:00:00,2022-01-21 04:00:00,1.5,60.0,1.2687449671442965,18124.92810206138,1,124.241,123.82971781680877,124.85792327478686,124.126,127.072,33.18690359659737,0.15366053919275274,CHFJPY_merged,88.7312550328557
2022-01-20 21:00:00,2022-01-21 04:00:00,1.5,60.0,1.2687449671442965,18124.92810206138,1,124.241,123.82971781680877,124.85792327478686,124.126,127.072,32.575185139032776,0.15366053919275274,CHFJPY_merged,88.7312550328557
2022-01-20 19:00:00,2022-01-21 04:00:00,1.5,60.0,1.3457800100747606,19225.428715353723,1,124.311,123.9230419414084,124.89293708788742,124.126,127.072,22.655912505232497,0.1466595602472169,CHFJPY_merged,88.65421998992524
2022-01-20 21:00:00,2022-01-21 04:00:00,1.5,15.0,0.3058581617222858,4369.402310318369,1,124.241,123.81448514335723,124.88077228496415,124.126,127.072,35.50182533154936,0.15366053919275274,CHFJPY_merged,22.194141838277716
2022-01-20 17:00:00,2022-01-21 09:00:00,1.5,60.0,1.0406651656549766,14866.645223642523,1,1.41363,1.4079247585871548,1.4221878621192674,1.4163,1.46455,44.50372448529944,0.001885372866181907,EURCAD_merged,88.95933483434503
2022-01-21 06:00:00,2022-01-23 17:00:00,-1.1,60.0,0.744048169150685,10629.2595592955,1,0.65712,0.6534106917664345,0.6626839623503483,0.65637,0.66742,34.08018825719429,0.001286556301947752,AUDCHF_merged,-66.74404816915069
2022-01-21 06:00:00,2022-01-23 17:00:00,-1.1008854370735122,60.0,0.7716055087488582,11022.935839269405,1,0.65712,0.6535431670604904,0.6624852494092645,0.65637,0.66742,35.07791784422595,0.001286556301947752,AUDCHF_merged,-66.8247317331596
2022-01-21 06:00:00,2022-01-23 17:00:00,-1.1008854370735122,60.0,0.7716055087488582,11022.935839269405,1,0.65712,0.6535431670604904,0.6624852494092645,0.65637,0.66781,36.02725379241125,0.001286556301947752,AUDCHF_merged,-66.8247317331596
2022-01-23 19:00:00,2022-01-24 05:00:00,-1.1,60.0,0.7632816420271118,10904.02345753017,1,0.61332,0.6099451723372269,0.6183822414941597,0.61823,0.62846,36.63484772377476,0.0011899173371441717,NZDCHF_merged,-66.76328164202711
2022-01-21 06:00:00,2022-01-24 05:00:00,-1.1,60.0,0.9178591970379419,13112.274243399172,-1,1.68447,1.6921779077301085,1.672908138404837,1.65144,1.68277,63.50351654026137,0.0027040510329441707,EURNZD_merged,-66.91785919703794
2022-01-21 06:00:00,2022-01-24 05:00:00,-1.1,60.0,0.9518539821134211,13597.91403019173,-1,1.68447,1.691902625311176,1.6733210620332357,1.65144,1.68277,63.1843975389516,0.0027040510329441707,EURNZD_merged,-66.95185398211342
2022-01-21 06:00:00,2022-01-24 05:00:00,-1.1,15.0,0.18413878067498207,2630.554009642601,1,0.61383,0.6103298057571717,0.6190802913642425,0.61823,0.62846,33.22738731841955,0.0011398220275421213,NZDCHF_merged,-16.68413878067498
2022-01-20 10:00:00,2022-01-24 09:00:00,1.5,15.0,0.3778376954622523,5397.681363746462,-1,1.06859,1.071559580625425,1.0641356290618622,1.0359,1.06499,66.36547002542487,0.0011091414849345865,AUDNZD_merged,22.12216230453775
2022-01-20 10:00:00,2022-01-24 09:00:00,1.5,15.000000000000002,0.35177992336140734,5025.427476591534,-1,1.06859,1.0717795495606417,1.063805675659037,1.0359,1.06499,67.1523019912896,0.0011091414849345865,AUDNZD_merged,22.148220076638598
2022-01-20 10:00:00,2022-01-24 09:00:00,1.5,15.0,0.3778376954622523,5397.681363746462,-1,1.06859,1.071559580625425,1.0641356290618622,1.0359,1.06499,66.66561257754667,0.0011091414849345865,AUDNZD_merged,22.12216230453775
2022-01-20 10:00:00,2022-01-24 09:00:00,1.5,14.999999999999998,0.3643434920528862,5204.907029326946,-1,1.06859,1.0716695650930335,1.0639706523604497,1.0359,1.06499,67.1523019912896,0.0011091414849345865,AUDNZD_merged,22.13565650794711
2022-01-20 10:00:00,2022-01-24 09:00:00,1.5,15.0,0.3778376954622523,5397.681363746462,-1,1.06859,1.071559580625425,1.0641356290618622,1.0359,1.06499,66.93340416282543,0.0011091414849345865,AUDNZD_merged,22.12216230453775
2022-01-21 01:00:00,2022-01-24 09:00:00,-1.1,90.0,1.566212672685455,22374.466752649358,-1,1.889,1.8965983933775705,1.8776024099336444,1.83862,1.86451,61.10520896237528,0.002774632643079762,GBPAUD_merged,-100.56621267268547
2022-01-21 01:00:00,2022-01-24 10:00:00,-1.1,90.0,1.5102765058038319,21575.378654340457,-1,1.889,1.8968798153545174,1.8771802769682238,1.83862,1.86451,62.77618658480279,0.002774632643079762,GBPAUD_merged,-100.51027650580384
2022-01-20 22:00:00,2022-01-24 19:00:00,1.0,90.0,1.4918698764268246,21312.426806097494,-1,2.01826,2.0267828867483093,2.009737113251691,1.9353,1.96894,71.46322536273193,0.00293400314601039,GBPNZD_merged,88.50813012357318
2022-01-24 09:00:00,2022-01-25 14:00:00,1.5,30.000000000000004,0.39576932419002586,5653.847488428942,1,0.61007,0.6068328946416653,0.6149256580375019,0.61823,0.62846,36.964725933335636,0.0011778155525089438,NZDCHF_merged,44.60423067580998
2022-01-21 01:00:00,2022-01-26 19:00:00,-1.1,90.0,1.6943538016332358,24205.054309046227,-1,2.01817,2.0256740236506356,2.006913964524047,1.9353,1.96894,64.9700709674058,0.0027164631602714906,GBPNZD_merged,-100.69435380163326
2022-01-20 22:00:00,2022-01-26 19:00:00,-1.1,90.0,1.7305690566551166,24722.4150950731,-1,2.01826,2.025607316162336,2.008708488988964,1.9353,1.96894,71.46322536273193,0.00293400314601039,GBPNZD_merged,-100.73056905665513
2022-01-20 22:00:00,2022-01-26 20:00:00,-1.1,90.0,1.6023787561621452,22891.125088030647,-1,2.01826,2.0261951014553228,2.0063573478170165,1.9353,1.96894,66.31461651284934,0.00293400314601039,GBPNZD_merged,-100.60237875616215
2022-01-27 04:00:00,2022-01-27 10:00:00,-1.1,60.0,0.6916431512478515,9880.616446397878,1,0.70893,0.7046250256868328,0.7153874614697507,0.71293,0.73138,39.89404641438029,0.0015126700528360548,AUDUSD_merged,-66.69164315124785
2022-01-27 14:00:00,2022-01-28 05:00:00,-1.1,15.0,0.17216077476949027,2459.439639564147,1,0.65836,0.6543446951146359,0.6643829573280461,0.67327,0.68902,26.946584028505242,0.0015123535320035254,NZDUSD_merged,-16.67216077476949
2022-01-27 20:00:00,2022-01-28 05:00:00,-1.1,30.0,0.3791304182138756,5416.148831626795,1,0.70349,0.6995933751737466,0.70933493723938,0.71293,0.73138,34.93973827310591,0.0013929662100871333,AUDUSD_merged,-33.379130418213876
2022-01-27 17:00:00,2022-01-28 05:00:00,-1.1,30.0,0.31456041408054114,4493.720201150588,1,0.70334,0.698644514065073,0.7099136803088978,0.71293,0.73138,28.218981731612942,0.0015313378609372228,AUDUSD_merged,-33.31456041408054
2022-01-27 14:00:00,2022-01-28 05:00:00,-1.1,60.0,0.641150471555343,9159.292450790615,1,0.65836,0.6540472651231274,0.6643978288276214,0.67327,0.68902,25.252848903815554,0.0015123535320035254,NZDUSD_merged,-66.64115047155535
2022-01-27 17:00:00,2022-01-28 06:00:00,-1.1,15.0,0.17718448099945486,2531.206871420784,1,0.65792,0.6540211483844224,0.6637682774233663,0.67327,0.68902,31.75363600669807,0.001419446322817686,NZDUSD_merged,-16.677184480999454
2022-01-27 17:00:00,2022-01-28 06:00:00,-1.1,60.0,0.7087379239978194,10124.827485683136,1,0.65792,0.6540211483844224,0.6637682774233663,0.67327,0.68902,31.459007692162704,0.001419446322817686,NZDUSD_merged,-66.70873792399782
2022-01-27 14:00:00,2022-01-28 08:00:00,-1.1,15.0,0.23304606575737874,3329.2295108196968,1,0.89517,0.8911367695013631,0.900413199648228,0.89703,0.93024,34.83731486667663,0.0012819522971971409,AUDCAD_merged,-16.733046065757378
2022-01-28 09:00:00,2022-01-31 03:00:00,1.2,60.00000000000001,1.2045041543925261,17207.20220560752,1,0.89301,0.8898961527074669,0.8967466167510396,0.89757,0.93024,35.33635646222283,0.001329762345325296,AUDCAD_merged,70.79549584560748
2022-01-28 09:00:00,2022-01-31 03:00:00,1.2,15.0,0.18710751556424723,2672.964508060675,1,0.69995,0.6960220578337878,0.7046635305994545,0.71293,0.73138,34.4960042756448,0.0016811681000225545,AUDUSD_merged,17.812892484435753
2022-01-28 13:00:00,2022-01-31 03:00:00,1.2,90.0,1.4218682703189263,20312.40386169895,-1,1.9159,1.9243889509471173,1.905713258863459,1.83862,1.89909,65.2585555874772,0.0033987012593013704,GBPAUD_merged,106.57813172968108
2022-01-28 11:00:00,2022-01-31 06:00:00,1.5,90.0,1.2443807742796449,17776.86820399493,-1,1.91717,1.9268761697268604,1.9026107454097096,1.83862,1.89909,70.08329206481329,0.0036245292711424002,GBPAUD_merged,133.75561922572035
2022-01-28 11:00:00,2022-01-31 06:00:00,1.4,60.0,0.7723742736908139,11033.918195583057,-1,1.91717,1.9275951452621833,1.9025747966329436,1.83862,1.89909,73.34612223242785,0.0036245292711424002,GBPAUD_merged,83.22762572630918
2022-01-27 17:00:00,2022-01-31 06:00:00,-1.1,15.0,0.280814289773213,4011.6327110459,-1,0.9305,0.9339792567030297,0.9252811149454553,0.90911,0.92778,69.22113984491271,0.0012144269084493951,USDCHF_merged,-16.780814289773215
2022-01-28 11:00:00,2022-01-31 06:00:00,1.4,90.0,1.1585614105362207,16550.877293374586,-1,1.91717,1.9275951452621833,1.9025747966329436,1.83862,1.89909,69.47349454698141,0.0036245292711424002,GBPAUD_merged,124.84143858946376
2022-01-27 17:00:00,2022-01-31 06:00:00,-1.1,15.0,0.26144778703023275,3734.9683861461826,-1,0.9305,0.9342369794217728,0.9252682288095182,0.90911,0.92778,69.23657788848804,0.0012144269084493951,USDCHF_merged,-16.76144778703023
2022-01-27 17:00:00,2022-01-31 06:00:00,-1.1,15.0,0.31591607599486465,4513.086799926638,-1,0.9305,0.9335926726249154,0.9267887928501015,0.90911,0.92778,68.37963325559042,0.0012144269084493951,USDCHF_merged,-16.815916075994863
2022-01-28 09:00:00,2022-01-31 07:00:00,1.4,60.0,0.996831024324849,14240.443204640702,1,0.89301,0.8892474345215226,0.8982775916698684,0.89757,0.93024,36.12212736756442,0.001329762345325296,AUDCAD_merged,83.00316897567515
2022-01-28 09:00:00,2022-01-31 07:00:00,1.5,60.0,1.070670359460023,15295.290849428902,1,0.89301,0.8895069217959003,0.8982646173061495,0.89757,0.93024,35.46244995513873,0.001329762345325296,AUDCAD_merged,88.92932964053998
2022-01-28 09:00:00,2022-01-31 07:00:00,1.4,60.0,0.996831024324849,14240.443204640702,1,0.89301,0.8892474345215226,0.8982775916698684,0.89757,0.93024,35.38234036054002,0.001329762345325296,AUDCAD_merged,83.00316897567515
2022-01-28 09:00:00,2022-01-31 07:00:00,1.5,60.0,1.070670359460023,15295.290849428902,1,0.89301,0.8895069217959003,0.8982646173061495,0.89757,0.93024,35.871660794736684,0.001329762345325296,AUDCAD_merged,88.92932964053998
2022-01-28 09:00:00,2022-01-31 07:00:00,1.5,30.0,0.5353351797300115,7647.645424714451,1,0.89301,0.8895069217959003,0.8982646173061495,0.89757,0.93024,35.33635646222283,0.001329762345325296,AUDCAD_merged,44.46466482026999
2022-01-28 09:00:00,2022-01-31 07:00:00,1.5,60.0,1.070670359460023,15295.290849428902,1,0.89301,0.8895069217959003,0.8982646173061495,0.89703,0.93024,35.33635646222283,0.001329762345325296,AUDCAD_merged,88.92932964053998
2022-01-28 16:00:00,2022-01-31 08:00:00,1.5,90.0,1.3436520381388677,19195.02911626954,-1,1.9145,1.9234765427786695,1.9010351858319958,1.83862,1.89909,62.69784278073971,0.0032750279397540526,GBPAUD_merged,133.65634796186114
2022-01-28 09:00:00,2022-01-31 08:00:00,1.5,60.0,0.665271166450657,9503.873806437958,1,0.69995,0.6955310650630113,0.706578402405483,0.71293,0.73138,34.4960042756448,0.0016811681000225545,AUDUSD_merged,89.33472883354935
2022-01-30 18:00:00,2022-01-31 08:00:00,1.3,15.0,0.1543265535970812,2204.6650513868744,1,0.69956,0.6948003654272112,0.7057475249446253,0.71293,0.73138,38.261809799449395,0.0015460773677679403,AUDUSD_merged,19.34567344640292
2022-01-28 09:00:00,2022-01-31 08:00:00,1.5,15.0,0.16631779161266425,2375.9684516094894,1,0.69995,0.6955310650630113,0.706578402405483,0.71293,0.73138,34.25223601988039,0.0016811681000225545,AUDUSD_merged,22.333682208387337
2022-01-28 16:00:00,2022-01-31 08:00:00,1.5,90.0,1.3436520381388677,19195.02911626954,-1,1.9145,1.9234765427786695,1.9010351858319958,1.83862,1.89909,63.015644095778775,0.0032750279397540526,GBPAUD_merged,133.65634796186114
2022-01-28 09:00:00,2022-01-31 08:00:00,1.4,14.999999999999998,0.15484759908765286,2212.108558395041,1,0.69995,0.6952037365491603,0.7065947688311754,0.71293,0.73138,34.30707748738249,0.0016811681000225545,AUDUSD_merged,20.845152400912344
2022-01-28 09:00:00,2022-01-31 08:00:00,1.4,29.999999999999996,0.3096951981753057,4424.217116790082,1,0.69995,0.6952037365491603,0.7065947688311754,0.71293,0.73138,35.30210180923561,0.0016811681000225545,AUDUSD_merged,41.69030480182469
2022-01-28 09:00:00,2022-01-31 10:00:00,1.2,60.0,1.3995289805857216,19993.271151224595,1,1.11686,1.113508292343302,1.1208820491880376,1.12721,1.14827,46.36755477491734,0.0015110773671748545,EURUSD_merged,70.60047101941427
2022-01-28 09:00:00,2022-01-31 13:00:00,1.4,60.0,1.1582308804847348,16546.155435496214,1,1.11686,1.1128100199148232,1.1225299721192474,1.12721,1.14827,41.71255772509093,0.0015110773671748545,EURUSD_merged,82.84176911951526
2022-01-28 09:00:00,2022-01-31 13:00:00,1.5,15.0,0.3110064401301603,4442.9491447165765,1,1.11686,1.1130893288862147,1.1225160066706779,1.12721,1.14827,44.88466518309694,0.0015110773671748545,EURUSD_merged,22.18899355986984
2022-01-28 09:00:00,2022-01-31 13:00:00,1.5,60.0,1.2440257605206413,17771.796578866306,1,1.11686,1.1130893288862147,1.1225160066706779,1.12721,1.14827,42.59057598013491,0.0015110773671748545,EURUSD_merged,88.75597423947936
2022-01-28 09:00:00,2022-01-31 13:00:00,1.5,15.0,0.3110064401301603,4442.9491447165765,1,1.11686,1.1130893288862147,1.1225160066706779,1.12721,1.14827,46.36755477491734,0.0015110773671748545,EURUSD_merged,22.18899355986984
2022-01-27 13:00:00,2022-01-31 14:00:00,1.5,15.0,0.2604006827697453,3720.0097538535047,-1,0.93142,0.9351757159589508,0.9257864260615739,0.90911,0.92778,73.45092697767777,0.0013673626313851774,USDCHF_merged,22.239599317230255
2022-01-31 21:00:00,2022-01-31 22:00:00,1.2,90.00000000000001,2.192497214390079,31321.388777001128,-1,1.07459,1.0776777653825813,1.070884681540902,1.0359,1.06499,65.71718718161583,0.0012575282730225938,AUDNZD_merged,105.80750278560994
2022-01-27 14:00:00,2022-02-01 00:00:00,1.4,15.0,0.24646200159286866,3520.885737040981,-1,0.93077,0.934735351631017,0.9252185077165762,0.90911,0.92778,75.197222139404,0.0013496938720005227,USDCHF_merged,20.753537998407133
2022-01-31 23:00:00,2022-02-01 03:00:00,-1.1,90.0,1.8065145752541085,25807.351075058694,-1,1.07004,1.0737716344370218,1.065562038675574,1.0359,1.06499,51.118266730831074,0.0016102157048000884,AUDNZD_merged,-100.80651457525413
2022-01-28 10:00:00,2022-02-01 06:00:00,1.5,30.0,0.3501223950386081,5001.748500551545,1,0.65544,0.6515087347638867,0.6613368978541699,0.67327,0.68902,39.76301534842067,0.001507022435700334,NZDUSD_merged,44.64987760496139
2022-01-28 10:00:00,2022-02-01 06:00:00,1.5,60.0,0.7002447900772162,10003.49700110309,1,0.65544,0.6515087347638867,0.6613368978541699,0.67327,0.68902,39.23770658268543,0.001507022435700334,NZDUSD_merged,89.29975520992278
2022-01-28 09:00:00,2022-02-01 09:00:00,1.4,30.0,0.3306406487472152,4723.437839245932,1,0.65625,0.6520819553109345,0.6620852625646917,0.67327,0.68902,39.32720802987693,0.0014560241615234363,NZDUSD_merged,41.66935935125279
2022-01-28 09:00:00,2022-02-01 09:00:00,1.5,15.0,0.1775662743272082,2536.6610618172604,1,0.65625,0.652369406668801,0.6620708899967984,0.67327,0.68902,38.090175529323545,0.0014560241615234363,NZDUSD_merged,22.32243372567279
2022-01-31 15:00:00,2022-02-03 11:00:00,-1.1,90.0,1.2936387813401935,18480.55401914562,-1,1.70669,1.7150015527727616,1.6942226708408576,1.65144,1.68277,64.65764684198388,0.0030913276731719917,EURNZD_merged,-100.2936387813402
2022-01-31 21:00:00,2022-02-03 22:00:00,1.5,90.0,1.9488864127911811,27841.234468445447,-1,1.07459,1.0780637360554042,1.0693793959168938,1.0359,1.06499,65.13732106356157,0.0012575282730225938,AUDNZD_merged,133.05111358720882
2022-01-31 21:00:00,2022-02-03 22:00:00,1.4,90.0,1.8144804532883412,25921.149332690587,-1,1.07459,1.078321049837286,1.0693665302277997,1.0359,1.06499,66.6116900769338,0.0012575282730225938,AUDNZD_merged,124.18551954671165
2022-01-31 21:00:00,2022-02-03 22:00:00,1.5,90.0,1.9488864127911811,27841.234468445447,-1,1.07459,1.0780637360554042,1.0693793959168938,1.0359,1.06499,65.71718718161583,0.0012575282730225938,AUDNZD_merged,133.05111358720882
2022-02-03 23:00:00,2022-02-04 05:00:00,-1.1,60.0,1.0711631438643454,15302.330626633508,-1,1.45217,1.4578639169676775,1.4436291245484836,1.41,1.43721,76.55665852297108,0.002026082555021356,EURCAD_merged,-67.07116314386434
2022-02-04 08:00:00,2022-02-04 10:00:00,1.2,90.0,1.7742658708493169,25346.65529784739,-1,1.14652,1.1505910223415063,1.1416347731901921,1.12721,1.14827,57.52418675893422,0.001905812215463822,EURUSD_merged,106.22573412915068
2022-02-04 10:00:00,2022-02-07 09:00:00,1.2,90.0,1.2210848237734448,17444.068911049217,-1,1.61547,1.6238047698717188,1.6054682761539374,1.55869,1.617,72.70846034790655,0.003688333581319791,EURAUD_merged,106.77891517622656
2022-02-06 17:00:00,2022-02-07 09:00:00,1.5,89.99999999999999,1.200315836620669,17147.369094580987,-1,1.61939,1.6278895604396282,1.6066406593405582,1.55869,1.617,64.3547707879202,0.003135272108866775,EURAUD_merged,133.7996841633793
2022-02-06 17:00:00,2022-02-07 09:00:00,1.5,89.99999999999999,1.200315836620669,17147.369094580987,-1,1.61939,1.6278895604396282,1.6066406593405582,1.55869,1.617,63.8395109684551,0.003135272108866775,EURAUD_merged,133.7996841633793
2022-02-06 19:00:00,2022-02-07 11:00:00,1.5,90.00000000000001,1.417152795749182,20245.039939274033,-1,1.45996,1.4664503008536476,1.4502245487195284,1.41,1.43721,63.969763672922134,0.002334256907339109,EURCAD_merged,133.58284720425084
2022-02-04 09:00:00,2022-02-07 11:00:00,1.5,60.0,0.8702743302323422,12432.490431890605,-1,1.46111,1.4681614110169854,1.4505328834745217,1.41,1.43721,65.71846359467729,0.0028679455878521483,EURCAD_merged,89.12972566976765
2022-02-04 10:00:00,2022-02-07 11:00:00,1.2,90.00000000000001,1.3336955436677516,19052.79348096788,-1,1.45713,1.4640130694108453,1.4488703167069859,1.41,1.43721,70.68660772932229,0.0030245209030055707,EURCAD_merged,106.66630445633226
2022-02-06 19:00:00,2022-02-07 11:00:00,1.5,90.00000000000001,1.417152795749182,20245.039939274033,-1,1.45996,1.4664503008536476,1.4502245487195284,1.41,1.43721,64.62126572730584,0.002334256907339109,EURCAD_merged,133.58284720425084
2022-02-04 10:00:00,2022-02-07 14:00:00,1.3,60.0,0.6537395645759995,9339.136636799993,1,0.70657,0.7020305868134589,0.7124712371425036,0.71293,0.73138,35.76122397819181,0.0015629136053579883,AUDUSD_merged,77.346260435424
2022-02-04 08:00:00,2022-02-07 20:00:00,1.5,30.0,0.4078193579322007,5825.990827602867,-1,1.61668,1.6250048328799644,1.604192750680053,1.55869,1.617,80.48468567392278,0.003253037762950759,EURAUD_merged,44.5921806420678
2022-02-04 10:00:00,2022-02-07 22:00:00,1.2,90.0,1.2911746618101112,18445.35231157302,-1,1.72981,1.7382502237143675,1.7196817315427593,1.65144,1.68277,73.24679218055725,0.003717705603773127,EURNZD_merged,106.70882533818988
2022-02-04 10:00:00,2022-02-08 03:00:00,1.5,90.0,1.085408732243062,15505.839032043743,-1,1.61547,1.6248466161056836,1.6014050758414744,1.55869,1.617,72.0198847080485,0.003688333581319791,EURAUD_merged,133.91459126775695
2022-02-06 17:00:00,2022-02-08 03:00:00,1.5,90.0,1.249237511691142,17846.25016701632,-1,1.73087,1.7395989093530646,1.717776635970403,1.65144,1.68277,62.05018331253391,0.003249863005022234,EURNZD_merged,133.75076248830885
2022-02-04 08:00:00,2022-02-08 03:00:00,1.5,30.0,0.4362453113940065,6232.0758770572365,-1,1.72934,1.737664706088864,1.7168529408667044,1.65144,1.68277,76.79744383389648,0.003357279871831507,EURNZD_merged,44.563754688606
2022-02-06 17:00:00,2022-02-08 03:00:00,1.5,90.0,1.7434103064482307,24905.861520689014,-1,1.05926,1.0630877495408384,1.0535183756887425,1.02996,1.05113,71.46313996916744,0.0014207075140449238,EURCHF_merged,133.25658969355177
2022-02-04 10:00:00,2022-02-08 03:00:00,1.5,90.0,1.1855071499268903,16935.816427527003,-1,1.45713,1.4648734530872007,1.4455148203691988,1.41,1.43721,70.70344535827677,0.0030245209030055707,EURCAD_merged,133.81449285007312
2022-02-04 10:00:00,2022-02-08 03:00:00,1.4,90.0,1.0105529576056094,14436.470822937277,-1,1.61547,1.6255411802616602,1.6013703476336756,1.55869,1.617,72.57893162702615,0.003688333581319791,EURAUD_merged,124.98944704239437
2022-02-04 15:00:00,2022-02-08 03:00:00,1.2,90.0,1.8285105940824335,26121.579915463335,-1,1.05948,1.0631303611308576,1.0550995666429708,1.02996,1.05113,70.95672902309428,0.0014551992470580263,EURCHF_merged,106.17148940591757
2022-02-06 17:00:00,2022-02-08 03:00:00,1.5,90.0,1.249237511691142,17846.25016701632,-1,1.73087,1.7395989093530646,1.717776635970403,1.65144,1.68277,62.476548408037104,0.003249863005022234,EURNZD_merged,133.75076248830885
2022-02-06 17:00:00,2022-02-08 03:00:00,1.4,90.0,1.623175112900077,23188.215898572533,-1,1.05926,1.0633712865438634,1.0535041988385914,1.02996,1.05113,71.4250864819575,0.0014207075140449238,EURCHF_merged,124.37682488709991
2022-02-04 10:00:00,2022-02-08 03:00:00,1.4,90.0,1.1037480361388288,15767.829087697553,-1,1.45713,1.4654470422047712,1.4454861409133204,1.41,1.43721,70.55326432393673,0.0030245209030055707,EURCAD_merged,124.89625196386116
2022-02-04 10:00:00,2022-02-08 03:00:00,1.4,90.0,1.0105529576056094,14436.470822937277,-1,1.61547,1.6255411802616602,1.6013703476336756,1.55869,1.617,71.66410039919221,0.003688333581319791,EURAUD_merged,124.98944704239437
2022-02-04 08:00:00,2022-02-08 03:00:00,1.4,90.0,1.2184782835487766,17406.83262212538,-1,1.72934,1.7382813509843353,1.7168221086219306,1.65144,1.68277,73.33055544731705,0.003357279871831507,EURNZD_merged,124.78152171645121
2022-02-04 10:00:00,2022-02-08 03:00:00,1.4,90.0,1.1037480361388288,15767.829087697553,-1,1.45713,1.4654470422047712,1.4454861409133204,1.41,1.43721,69.97497300475189,0.0030245209030055707,EURCAD_merged,124.89625196386116
2022-02-04 14:00:00,2022-02-08 04:00:00,1.2,90.0,1.6121720785030318,23031.029692900458,-1,0.84577,0.8490750758483223,0.8418039089820132,0.8305,0.84223,69.52668533011075,0.0013266067270294812,EURGBP_merged,106.38782792149696
2022-02-04 10:00:00,2022-02-08 04:00:00,1.4,90.0,1.0685583408083674,15265.119154405249,-1,1.72981,1.7400086036548608,1.7155319548831953,1.65144,1.68277,74.1673788332467,0.003717705603773127,EURNZD_merged,124.93144165919162
2022-02-04 10:00:00,2022-02-08 04:00:00,1.5,90.0,1.1477108104978766,16395.868721398238,-1,1.72981,1.7393052516786633,1.715567122482005,1.65144,1.68277,71.65075549072826,0.003717705603773127,EURNZD_merged,133.85228918950213
2022-01-28 09:00:00,2022-02-09 06:00:00,1.4,15.0,0.21827039014631053,3118.1484306615794,-1,2.04538,2.055219396899233,2.0316048443410737,1.9353,1.96894,72.20282144746142,0.0035119743766017252,GBPNZD_merged,20.781729609853688
2022-02-04 08:00:00,2022-02-10 04:00:00,-1.1,90.0,1.6669089381453772,23812.984830648245,-1,131.753,132.25095395597523,131.15545525282968,128.244,131.598,73.27507419194902,0.21444647106185458,EURJPY_merged,-100.6669089381454
2022-02-04 10:00:00,2022-02-10 04:00:00,-1.1,90.0,1.3032938187194913,18618.483124564165,-1,131.676,132.31250942564512,130.7848868040968,128.244,131.598,68.98183833620858,0.2243084367829238,EURJPY_merged,-100.30329381871951
2022-02-04 08:00:00,2022-02-10 08:00:00,1.4,89.99999999999999,1.4683579620821932,20976.542315459905,-1,1.14652,1.151439151995987,1.1396331872056182,1.12721,1.14827,61.230314778261594,0.001905812215463822,EURUSD_merged,124.53164203791778
2022-02-04 08:00:00,2022-02-10 08:00:00,1.4,89.99999999999999,1.4683579620821932,20976.542315459905,-1,1.14652,1.151439151995987,1.1396331872056182,1.12721,1.14827,53.526526794097954,0.001905812215463822,EURUSD_merged,124.53164203791778
2022-02-04 08:00:00,2022-02-10 08:00:00,1.5,90.0,1.5771252185327258,22530.36026475323,-1,1.14652,1.1510999001341948,1.1396501497987077,1.12721,1.14827,60.62146519808321,0.001905812215463822,EURUSD_merged,133.42287478146727
2022-02-10 13:00:00,2022-02-11 01:00:00,1.5,15.0,0.25166873098709314,3595.2675855299026,-1,157.913,158.57183691370665,156.92474462944006,152.899,157.766,66.11557426733143,0.23092571138538376,GBPJPY_merged,22.24833126901291
2022-02-04 14:00:00,2022-02-11 03:00:00,1.5,90.0,1.4330418475582505,20472.026393689295,-1,0.84577,0.8494882103293626,0.8401926845059561,0.8305,0.84223,69.58371294538085,0.0013266067270294812,EURGBP_merged,133.56695815244174
2022-02-06 22:00:00,2022-02-11 13:00:00,1.5,90.00000000000001,1.947771843930349,27825.312056147846,-1,1.05815,1.0615725492173396,1.0530161761739905,1.02996,1.05113,61.69986591651647,0.0012020671911485417,EURCHF_merged,133.05222815606967
2022-02-06 22:00:00,2022-02-11 13:00:00,1.5,90.00000000000001,1.947771843930349,27825.312056147846,-1,1.05815,1.0615725492173396,1.0530161761739905,1.02996,1.05113,60.544232674627565,0.0012020671911485417,EURCHF_merged,133.05222815606967
2022-02-08 17:00:00,2022-02-14 07:00:00,-1.1,90.0,2.4708123604687056,35297.31943526723,-1,1.07427,1.0770091400125246,1.0701612899812132,1.0359,1.06499,58.449417291298275,0.001010603708011085,AUDNZD_merged,-101.47081236046871
2022-02-16 05:00:00,2022-02-16 22:00:00,1.5,90.0,2.126905780225221,30384.36828893173,-1,1.05171,1.0548252169793333,1.0470371745309999,1.02996,1.05113,58.64470546651149,0.0011627994902469387,EURCHF_merged,132.87309421977477
2022-02-16 05:00:00,2022-02-16 22:00:00,1.5,90.0,2.126905780225221,30384.36828893173,-1,1.05171,1.0548252169793333,1.0470371745309999,1.02996,1.05113,59.31951577741128,0.0011627994902469387,EURCHF_merged,132.87309421977477
2022-02-17 10:00:00,2022-02-18 15:00:00,-1.1,90.0,1.8710668787236102,26729.526838908718,-1,1.72914,1.7349621232623342,1.7209890274327317,1.69476,1.73061,62.83041896706644,0.0020356552317819217,GBPCAD_merged,-100.87106687872362
2022-02-17 10:00:00,2022-02-18 15:00:00,-1.1,90.00000000000001,2.00966442529573,28709.491789939002,-1,1.72914,1.7345605975201042,1.7210091037198434,1.69476,1.73061,61.21068770237205,0.0020356552317819217,GBPCAD_merged,-101.00966442529575
2022-02-21 09:00:00,2022-02-22 02:00:00,-1.1,90.0,1.7167898465024756,24525.569235749652,1,0.71969,0.717048997078625,0.72285920350565,0.72241,0.73181,33.37162152153749,0.00108324517791295,CADCHF_merged,-100.7167898465025
2022-02-21 13:00:00,2022-02-22 06:00:00,1.5,15.000000000000002,0.3731685080389625,5330.978686270893,1,0.91537,0.9127943847503347,0.9192334228744979,0.91767,0.92968,33.96344285324987,0.0010266570927328243,USDCHF_merged,22.126831491961042
2022-02-21 09:00:00,2022-02-22 10:00:00,1.4,89.99999999999999,1.4207915971054967,20297.02281579281,1,0.71969,0.7164987881366719,0.7241576966086595,0.72241,0.73181,35.25614399127475,0.00108324517791295,CADCHF_merged,124.57920840289448
2022-02-21 09:00:00,2022-02-22 10:00:00,1.5,90.0,1.5260354191133114,21800.50598733302,1,0.71969,0.7167188717134532,0.7241466924298204,0.72241,0.73181,33.85379209991272,0.00108324517791295,CADCHF_merged,133.4739645808867
2022-02-21 09:00:00,2022-02-22 10:00:00,1.4,89.99999999999999,1.4207915971054967,20297.02281579281,1,0.71969,0.7164987881366719,0.7241576966086595,0.72241,0.73181,32.4227041566003,0.00108324517791295,CADCHF_merged,124.57920840289448
2022-02-21 09:00:00,2022-02-22 10:00:00,1.5,90.0,1.5260354191133114,21800.50598733302,1,0.71969,0.7167188717134532,0.7241466924298204,0.72241,0.73181,34.79982684663411,0.00108324517791295,CADCHF_merged,133.4739645808867
2022-02-21 09:00:00,2022-02-22 10:00:00,1.5,60.0,1.017356946075541,14533.670658222014,1,0.71969,0.7167188717134532,0.7241466924298204,0.72241,0.73181,33.37162152153749,0.00108324517791295,CADCHF_merged,88.98264305392446
2022-02-21 09:00:00,2022-02-22 10:00:00,1.5,90.0,1.5260354191133114,21800.50598733302,1,0.71969,0.7167188717134532,0.7241466924298204,0.72241,0.73181,33.37162152153749,0.00108324517791295,CADCHF_merged,133.4739645808867
2022-02-22 11:00:00,2022-02-22 20:00:00,-1.1,60.0,0.9525606230661309,13608.008900944727,1,2.01537,2.0064838947012587,2.0286991579481115,2.02184,2.05315,36.515805471865015,0.0035005533966752326,GBPNZD_merged,-66.95256062306613
2022-02-22 14:00:00,2022-02-22 20:00:00,-1.1,90.0,1.184690091097399,16924.144158534273,-1,0.62025,0.6235483942630771,0.6153024086053842,0.60722,0.62154,65.49834830227626,0.001237939825926022,NZDCHF_merged,-100.18469009109741
2022-02-22 14:00:00,2022-02-22 20:00:00,-1.1,90.0,1.184690091097399,16924.144158534273,-1,0.62025,0.6235483942630771,0.6153024086053842,0.60722,0.62154,64.56737532431171,0.001237939825926022,NZDCHF_merged,-100.18469009109741
2022-02-22 08:00:00,2022-02-23 07:00:00,-1.1,60.0,0.8653767349003096,12362.524784290139,1,1.87801,1.86889530846521,1.8898590989952269,1.87593,1.92205,35.64446407870083,0.0030426426179111753,GBPAUD_merged,-66.86537673490031
2022-02-23 06:00:00,2022-02-23 19:00:00,1.5,90.0,1.212991379083537,17328.448272621958,-1,0.66736,0.670826115318294,0.662160827022559,0.64832,0.66909,62.15675585180552,0.0012713359560270374,AUDCHF_merged,133.78700862091645
2022-02-23 06:00:00,2022-02-23 19:00:00,1.5,90.0,1.212991379083537,17328.448272621958,-1,0.66736,0.670826115318294,0.662160827022559,0.64832,0.66909,62.565197570027316,0.0012713359560270374,AUDCHF_merged,133.78700862091645
2022-02-23 11:00:00,2022-02-23 22:00:00,1.2,90.0,1.5943071576310097,22775.816537585855,1,2.00088,1.9929734031189255,2.010367916257289,2.02184,2.05315,29.456742995376977,0.003356957126606215,GBPNZD_merged,106.40569284236899
2022-02-23 11:00:00,2022-02-25 01:00:00,-1.1,30.0,0.47604525509160284,6800.646501308613,1,1.87183,1.8635727115217364,1.8842159327173957,1.87593,1.92205,35.73076064905711,0.0027951131004149703,GBPAUD_merged,-33.476045255091606
2022-02-23 11:00:00,2022-02-25 01:00:00,-1.1,30.0,0.47604525509160284,6800.646501308613,1,1.87183,1.8635727115217364,1.882564475021743,1.87593,1.92205,35.73076064905711,0.0027951131004149703,GBPAUD_merged,-33.476045255091606
2022-02-23 10:00:00,2022-02-25 03:00:00,-1.1,29.999999999999996,0.5993785079224259,8562.550113177513,1,1.55999,1.5545243735941496,1.5681884396087755,1.55869,1.62242,41.13264610032672,0.0023172326650301436,EURAUD_merged,-33.599378507922424
2022-02-23 06:00:00,2022-02-25 04:00:00,-1.1,90.0,1.424521208952928,20350.30298504183,1,2.00263,1.993773291570033,2.0159150626449502,2.02184,2.05315,29.800879800902752,0.003272386497078594,GBPNZD_merged,-100.42452120895294
2022-02-23 10:00:00,2022-02-25 04:00:00,-1.1,60.0,0.9989641798707097,14270.916855295854,1,1.55999,1.5534312483129795,1.5698281275305306,1.55869,1.62242,41.01435616195696,0.0023172326650301436,EURAUD_merged,-66.99896417987071
2022-02-23 10:00:00,2022-02-25 04:00:00,-1.1,60.0,0.9989641798707097,14270.916855295854,1,1.55999,1.5534312483129795,1.5685163771931265,1.55869,1.62242,41.01435616195696,0.0023172326650301436,EURAUD_merged,-66.99896417987071
2022-02-23 11:00:00,2022-02-25 05:00:00,-1.1,89.99999999999999,1.4171619178942305,20245.170255631867,1,2.00088,1.9919850785087911,2.014222382236813,2.02184,2.05315,29.79916825632932,0.003356957126606215,GBPNZD_merged,-100.41716191789422
2022-02-23 16:00:00,2022-02-25 05:00:00,-1.1,90.0,1.430768549118375,20439.550701691074,1,2.00077,1.9919601537060156,2.0131037848115785,2.02184,2.05315,34.40042788557009,0.0029344581729506946,GBPNZD_merged,-100.43076854911838
2022-02-25 11:00:00,2022-02-28 12:00:00,-1.1,15.0,0.17851947500963053,2550.2782144232933,1,1.85699,1.8460677210727579,1.8711889626054146,1.87593,1.92205,37.775916458122296,0.0036149910965272954,GBPAUD_merged,-16.67851947500963
2022-02-28 23:00:00,2022-03-01 06:00:00,-1.1,90.0,1.2504671252431931,17863.816074902763,1,1.54321,1.535435127071526,1.5540948220998636,1.55869,1.62242,35.631498391384625,0.0025930627603488114,EURAUD_merged,-100.2504671252432
2022-02-28 23:00:00,2022-03-01 06:00:00,-1.1,89.99999999999999,1.5109811096688586,21585.44442384084,1,1.54321,1.5367756224040214,1.5509312531151742,1.55869,1.62242,33.66721064385153,0.0025930627603488114,EURAUD_merged,-100.51098110966885
2022-02-28 23:00:00,2022-03-01 06:00:00,-1.1,90.0,1.343094319705652,19187.061710080747,1,1.54321,1.5359713252045242,1.5540680121932136,1.55869,1.62242,34.22187183522724,0.0025930627603488114,EURAUD_merged,-100.34309431970567
2022-02-28 23:00:00,2022-03-01 06:00:00,-1.1,90.0,1.2504671252431931,17863.816074902763,1,1.54321,1.535435127071526,1.5540948220998636,1.55869,1.62242,32.50306165993616,0.0025930627603488114,EURAUD_merged,-100.2504671252432
2022-02-28 23:00:00,2022-03-01 06:00:00,-1.1,90.0,1.343094319705652,19187.061710080747,1,1.54321,1.5359713252045242,1.5540680121932136,1.55869,1.62242,35.205274135638774,0.0025930627603488114,EURAUD_merged,-100.34309431970567
2022-02-28 23:00:00,2022-03-01 06:00:00,-1.1,90.0,1.343094319705652,19187.061710080747,1,1.54321,1.5359713252045242,1.5540680121932136,1.55869,1.62242,33.66721064385153,0.0025930627603488114,EURAUD_merged,-100.34309431970567
2022-03-01 04:00:00,2022-03-01 11:00:00,-1.1,90.0,1.5154250009493548,21648.928584990786,1,1.84356,1.8358958609019094,1.854289794737327,1.88009,1.92205,35.68489054258834,0.00267189182943789,GBPAUD_merged,-100.51542500094936
2022-03-01 04:00:00,2022-03-01 11:00:00,-1.1,89.99999999999999,1.6276787047233812,23252.552924619733,1,1.84356,1.8364244222190191,1.8542633666714714,1.88009,1.92205,35.42830154134822,0.00267189182943789,GBPAUD_merged,-100.62767870472337
2022-03-01 14:00:00,2022-03-02 03:00:00,-1.1,30.0,0.44621745278221037,6374.535039745863,1,1.64553,1.6377857645864053,1.657146353120392,1.65144,1.73575,36.92723264677516,0.003141430296478042,EURNZD_merged,-33.44621745278221
2022-03-01 14:00:00,2022-03-02 04:00:00,-1.1,60.0,0.8433192795839956,12047.418279771366,1,1.53335,1.5257134260998078,1.5448048608502882,1.55869,1.62242,34.18986080444722,0.0027784777963623824,EURAUD_merged,-66.843319279584
2022-03-01 14:00:00,2022-03-02 04:00:00,-1.1,90.0,1.1777389939017868,16824.842770025527,1,1.53335,1.5251477539590528,1.544833144457326,1.55869,1.62242,34.911291911802024,0.0027784777963623824,EURAUD_merged,-100.1777389939018
2022-03-01 13:00:00,2022-03-02 04:00:00,-1.1,89.99999999999999,1.1350462515225836,16214.946450322626,1,1.02165,1.015979398479255,1.028454721824894,1.02996,1.06113,34.13814094121145,0.0023118398740978054,EURCHF_merged,-100.13504625152257
2022-03-01 14:00:00,2022-03-02 04:00:00,-1.1,89.99999999999999,1.4231012842979922,20330.01834711418,1,1.53335,1.5265619343109402,1.5414956788268717,1.55869,1.62242,34.18986080444722,0.0027784777963623824,EURAUD_merged,-100.42310128429799
2022-03-01 14:00:00,2022-03-02 09:00:00,-1.1,15.0,0.18592393865925436,2656.0562665607767,1,1.64553,1.6362369175036864,1.6594696237444704,1.65144,1.73575,36.94486360920899,0.003141430296478042,EURNZD_merged,-16.685923938659254
2022-02-28 18:00:00,2022-03-02 10:00:00,1.4,90.0,1.2789287230129571,18270.410328756534,1,0.91699,0.9124729093318116,0.9233139269354638,0.91767,0.92968,34.013235693318165,0.0014870733666613313,USDCHF_merged,124.72107127698703
2022-02-28 18:00:00,2022-03-02 10:00:00,1.5,60.0,0.9157761226512533,13082.516037875048,1,0.91699,0.9127844328261694,0.923298350760746,0.91767,0.92968,35.252006038093675,0.0014870733666613313,USDCHF_merged,89.08422387734875
2022-02-28 18:00:00,2022-03-02 13:00:00,-1.1,90.0,1.15238820151141,16462.688593020142,-1,0.72605,0.7300192483782816,0.7200961274325776,0.69669,0.72483,63.5859776401818,0.0014329425639592764,AUDUSD_merged,-100.15238820151143
2022-03-01 05:00:00,2022-03-03 10:00:00,-1.1,90.0,1.189734164380056,16996.202348286515,-1,0.67716,0.6807457657346698,0.6717813513979953,0.65289,0.67325,57.038961871962634,0.0013353427129816765,NZDUSD_merged,-100.18973416438007
2022-03-03 11:00:00,2022-03-03 23:00:00,-1.1,15.0,0.2309058666576234,3298.655237966049,1,1.96489,1.955955040789721,1.9782924388154186,2.02184,2.05315,29.67324097364832,0.0031348683269911614,GBPNZD_merged,-16.730905866657622
2022-03-03 11:00:00,2022-03-04 00:00:00,-1.1,15.0,0.19808957122082535,2829.8510174403623,1,1.82238,1.8127202335205883,1.836869649719118,1.87593,1.92205,32.7132767057404,0.0033334991483893886,GBPAUD_merged,-16.698089571220827
2022-03-03 11:00:00,2022-03-04 03:00:00,-1.1,15.0,0.2030622015535061,2900.888593621516,-1,0.67359,0.6770730189695034,0.6683654715457448,0.64832,0.66909,60.904627376906625,0.0013178636667604555,AUDCHF_merged,-16.703062201553507
2022-03-03 10:00:00,2022-03-04 07:00:00,-1.1,15.0,0.2554655129813346,3649.50732830478,1,1.40017,1.3944150999242804,1.4059249000757195,1.41,1.46337,37.56044568371614,0.002425883957867648,EURCAD_merged,-16.755465512981335
2022-03-03 10:00:00,2022-03-04 07:00:00,-1.1,15.0,0.27868965052509226,3981.2807217870327,1,1.40017,1.3948946749305904,1.408082987604114,1.41,1.46337,37.56044568371614,0.002425883957867648,EURCAD_merged,-16.77868965052509
2022-03-03 10:00:00,2022-03-04 07:00:00,-1.1,15.0,0.29196058626438237,4170.865518062606,1,1.40017,1.3951344624337454,1.4062126450795054,1.41,1.46337,37.56044568371614,0.002425883957867648,EURCAD_merged,-16.79196058626438
2022-03-03 10:00:00,2022-03-04 08:00:00,-1.1,14.999999999999998,0.20437241038506762,2919.6058626438235,1,1.40017,1.3929763749053505,1.410960437641974,1.41,1.46337,37.56044568371614,0.002425883957867648,EURCAD_merged,-16.70437241038507
2022-03-03 10:00:00,2022-03-04 08:00:00,-1.1,14.999999999999998,0.20437241038506762,2919.6058626438235,1,1.40017,1.3929763749053505,1.410960437641974,1.41,1.46337,38.60425177178319,0.002425883957867648,EURCAD_merged,-16.70437241038507
2022-03-03 10:00:00,2022-03-04 08:00:00,-1.1,15.0,0.22708045598340854,3244.0065140486936,1,1.40017,1.3936957374148156,1.4072916888437028,1.41,1.46337,37.56044568371614,0.002425883957867648,EURCAD_merged,-16.72708045598341
2022-03-03 10:00:00,2022-03-04 08:00:00,-1.1,14.999999999999998,0.20437241038506762,2919.6058626438235,1,1.40017,1.3929763749053505,1.410960437641974,1.41,1.46337,37.89542264892244,0.002425883957867648,EURCAD_merged,-16.70437241038507
2022-03-04 16:00:00,2022-03-06 18:00:00,-1.1,15.0,0.1961409677711059,2802.013825301513,1,1.3912,1.3837524992733559,1.4023712510899662,1.41,1.46337,32.95059372079476,0.0024716073677708075,EURCAD_merged,-16.696140967771107
2022-03-06 21:00:00,2022-03-07 03:00:00,-1.1,15.0,0.2755067968776347,3935.81138396621,1,1.67929,1.6728899600736415,1.68697004791163,1.69476,1.73061,34.358398082652016,0.0029520924844442203,GBPCAD_merged,-16.775506796877636
2022-03-06 21:00:00,2022-03-07 04:00:00,-1.1,15.0,0.24106844726793036,3443.834960970434,1,1.67929,1.6719756686555902,1.6866043313444097,1.69476,1.73061,34.358398082652016,0.0029520924844442203,GBPCAD_merged,-16.74106844726793
2022-03-06 21:00:00,2022-03-07 04:00:00,-1.1,14.999999999999998,0.262983760655924,3756.9108665132003,1,1.67929,1.6725851962676244,1.6893472055985632,1.69476,1.73768,34.358398082652016,0.0029520924844442203,GBPCAD_merged,-16.762983760655924
2022-03-06 23:00:00,2022-03-07 08:00:00,1.1,30.000000000000004,0.47440088892198384,6777.155556028341,1,0.82296,0.8193170557299605,0.8269672386970435,0.82845,0.84778,38.66375933698139,0.0013050072886379338,EURGBP_merged,32.52559911107802
2022-03-06 23:00:00,2022-03-07 09:00:00,1.5,90.0,1.1324681643806853,16178.116634009795,1,1.00013,0.9945662065105417,1.0084756902341874,1.02996,1.06113,32.78811318031251,0.0020020453799724173,EURCHF_merged,133.8675318356193
2022-03-07 08:00:00,2022-03-07 10:00:00,-1.1,14.999999999999998,0.2066140590779,2951.629415398572,1,1.31856,1.3118591587979112,1.3252608412020888,1.33577,1.36432,36.450942147259866,0.002814015941284345,GBPUSD_merged,-16.7066140590779
2022-03-07 08:00:00,2022-03-07 10:00:00,-1.1,15.0,0.22539715535770907,3219.959362252987,1,1.31856,1.3124175622314185,1.327773656652872,1.33577,1.36432,36.450942147259866,0.002814015941284345,GBPUSD_merged,-16.725397155357708
2022-03-06 22:00:00,2022-03-07 10:00:00,1.5,60.0,0.5784475347414951,8263.536210592789,-1,0.74105,0.7464306262678445,0.7329790605982331,0.69669,0.72483,66.00158268386075,0.0019604799333856836,AUDUSD_merged,89.4215524652585
2022-03-07 08:00:00,2022-03-07 11:00:00,-1.1,15.0,0.16529124726232,2361.3035323188574,1,1.31856,1.310183948497389,1.3311240772539163,1.33577,1.36432,36.04937566431315,0.002814015941284345,GBPUSD_merged,-16.66529124726232
2022-03-07 08:00:00,2022-03-07 11:00:00,-1.1,15.0,0.16529124726232,2361.3035323188574,1,1.31856,1.310183948497389,1.3311240772539163,1.33577,1.36432,36.450942147259866,0.002814015941284345,GBPUSD_merged,-16.66529124726232
2022-03-07 08:00:00,2022-03-07 11:00:00,-1.1,15.0,0.16529124726232,2361.3035323188574,1,1.31856,1.310183948497389,1.3311240772539163,1.33577,1.36432,35.78401711334835,0.002814015941284345,GBPUSD_merged,-16.66529124726232
2022-03-07 08:00:00,2022-03-07 11:00:00,-1.1,60.0,0.734627765610311,10494.682365861587,1,1.31856,1.3110215536476502,1.3268522909875848,1.33577,1.36432,36.450942147259866,0.002814015941284345,GBPUSD_merged,-66.73462776561031
2022-03-07 07:00:00,2022-03-07 11:00:00,-1.1,15.0,0.250810469960962,3583.006713728029,1,1.31688,1.3113669765595704,1.3234956281285157,1.33577,1.36432,37.84155350994923,0.002792017167536996,GBPUSD_merged,-16.75081046996096
2022-03-06 23:00:00,2022-03-07 12:00:00,1.5,15.0,0.21348040001489274,3049.720000212754,1,0.82296,0.8189122841444005,0.8290315737833992,0.82845,0.84778,38.75842685721758,0.0013050072886379338,EURGBP_merged,22.28651959998511
2022-03-06 22:00:00,2022-03-08 00:00:00,1.5,15.000000000000002,0.13247198976125593,1892.4569965893704,-1,0.68947,0.6949348797931149,0.6812726803103278,0.65289,0.67325,64.2093558142767,0.0020308845849336668,NZDUSD_merged,22.367528010238747
2022-03-06 23:00:00,2022-03-08 00:00:00,1.5,60.00000000000001,0.5550307535123589,7929.010764462269,-1,0.68186,0.6870197357117189,0.6741203964324216,0.64832,0.66909,66.95101473692037,0.0018316551389509657,AUDCHF_merged,89.44496924648766
2022-03-06 23:00:00,2022-03-08 00:00:00,1.5,89.99999999999999,0.8908541153381513,12726.487361973588,1,1.78183,1.7692291388637869,1.8007312917043197,1.88009,1.92205,26.5779518736301,0.0044564866341473535,GBPAUD_merged,134.1091458846618
2022-03-07 07:00:00,2022-03-08 02:00:00,-1.1,60.0,0.7022693158906936,10032.41879843848,1,1.31688,1.3090042522279575,1.3286936216580638,1.33577,1.36432,38.81216200357294,0.002792017167536996,GBPUSD_merged,-66.70226931589069
2022-03-06 23:00:00,2022-03-08 03:00:00,1.5,90.0,1.0233818608801029,14619.740869715755,1,1.38242,1.3739097397218765,1.3951853904171851,1.43722,1.46337,29.302043596114064,0.0030160948046456296,EURCAD_merged,133.9766181391199
2022-03-07 19:00:00,2022-03-08 10:00:00,-1.1,30.0,0.3955094110952247,5650.134444217496,-1,1.27986,1.2866555551109575,1.2696666673335635,1.26355,1.27962,67.82412077422185,0.002204814677201172,USDCAD_merged,-33.395509411095226
2022-03-06 21:00:00,2022-03-08 11:00:00,1.1,15.0,0.21428306423816032,3061.186631973719,1,1.67929,1.6710613772375391,1.6883414850387068,1.69476,1.73768,34.358398082652016,0.0029520924844442203,GBPCAD_merged,16.28571693576184
2022-03-07 00:00:00,2022-03-08 12:00:00,1.5,90.0,0.8748058416190958,12497.226308844227,1,124.997,124.09682185470719,126.34726721793922,128.244,133.152,33.14791107341966,0.3291565049948844,EURJPY_merged,134.1251941583809
2022-03-08 13:00:00,2022-03-09 04:00:00,1.1,30.0,0.6283038214119246,8975.76887731321,1,1.06648,1.06291546971437,1.0704009833141934,1.06652,1.07958,38.68572305240651,0.0015037538019363433,AUDNZD_merged,32.371696178588074
2022-03-06 23:00:00,2022-03-09 05:00:00,1.5,89.99999999999999,0.9544515412976043,13635.022018537205,1,1.0871,1.0799244340297371,1.0978633489553942,1.12799,1.14948,34.35270773302123,0.0025920729527358836,EURUSD_merged,134.04554845870237
2022-03-09 20:00:00,2022-03-10 07:00:00,-1.1,90.0,1.394087656625321,19915.537951790306,-1,0.83926,0.8430526869052116,0.8335709696421826,0.82845,0.84063,66.72343490027124,0.0013915060785119303,EURGBP_merged,-100.39408765662533
2022-03-08 20:00:00,2022-03-10 08:00:00,1.5,90.0,1.4158943462745708,20227.06208963673,-1,1.28742,1.2931483553828296,1.2788274669257556,1.26355,1.28771,61.630097486271524,0.0020600693115551717,USDCAD_merged,133.58410565372543
2022-03-06 23:00:00,2022-03-10 14:00:00,-1.1,90.0,0.7747578501186276,11067.969287408965,-1,0.63399,0.639145335953535,0.6262569960696976,0.60722,0.62624,65.71507836779531,0.0018579991374591263,NZDCHF_merged,-99.77475785011865
2022-03-06 21:00:00,2022-03-10 16:00:00,-1.1,14.999999999999998,0.19285475781434425,2755.067968776347,1,1.67929,1.6701470858194878,1.693004371270768,1.69476,1.73061,34.358398082652016,0.0029520924844442203,GBPCAD_merged,-16.692854757814345
2022-03-06 21:00:00,2022-03-10 16:00:00,-1.1,14.999999999999998,0.19285475781434425,2755.067968776347,1,1.67929,1.6701470858194878,1.693004371270768,1.69476,1.73768,33.20404128140293,0.0029520924844442203,GBPCAD_merged,-16.692854757814345
2022-03-10 22:00:00,2022-03-11 01:00:00,-1.1,90.0,1.2553205064230113,17933.150091757307,-1,85.3,85.72808987605187,84.65786518592219,82.012,83.988,62.559003688294545,0.16479810552048568,AUDJPY_merged,-100.25532050642303
2022-03-10 22:00:00,2022-03-11 03:00:00,-1.1,30.0,0.7163551364887574,10233.644806982249,1,1.67384,1.668933126550011,1.679728248139987,1.69476,1.73768,35.97615509515216,0.002273277375845516,GBPCAD_merged,-33.71635513648876
2022-03-10 22:00:00,2022-03-11 03:00:00,-1.1,30.0,0.6268107444276627,8954.439206109468,1,1.67384,1.668232144628584,1.679447855371416,1.69476,1.73768,35.97615509515216,0.002273277375845516,GBPCAD_merged,-33.626810744427665
2022-03-10 22:00:00,2022-03-11 03:00:00,-1.1,29.999999999999996,0.683793539375632,9768.4791339376,1,1.67384,1.6686994659095353,1.6815508011356972,1.69476,1.73768,35.97615509515216,0.002273277375845516,GBPCAD_merged,-33.683793539375635
2022-03-10 20:00:00,2022-03-11 05:00:00,1.2,15.000000000000002,0.29112484570286673,4158.926367183811,1,1.78063,1.7742078016627676,1.7883366380046788,1.87593,1.92205,38.046798039737354,0.0030447475640823637,GBPAUD_merged,17.708875154297132
2022-03-10 20:00:00,2022-03-11 05:00:00,1.0,15.0,0.2547342399900084,3639.0605712858346,1,1.78063,1.7732903447574486,1.7879696552425512,1.87593,1.92205,38.046798039737354,0.0030447475640823637,GBPAUD_merged,14.74526576000999
2022-03-10 20:00:00,2022-03-11 06:00:00,1.1,60.0,0.9057217421866964,12938.882031238521,1,1.78063,1.7723728878521297,1.7897128233626571,1.87593,1.92205,38.046798039737354,0.0030447475640823637,GBPAUD_merged,65.0942782578133
2022-03-10 20:00:00,2022-03-11 06:00:00,1.5,15.0,0.2778918981709182,3969.8842595845463,1,1.78063,1.7739019826943279,1.7907220259585082,1.87593,1.92205,38.046798039737354,0.0030447475640823637,GBPAUD_merged,22.222108101829082
2022-03-10 22:00:00,2022-03-11 08:00:00,-1.1,60.00000000000001,1.0028971910842603,14327.10272977515,1,1.67384,1.6668301807857298,1.6843547288214051,1.69476,1.73768,32.74147648803116,0.002273277375845516,GBPCAD_merged,-67.00289719108427
2022-03-07 01:00:00,2022-03-11 11:00:00,1.5,90.00000000000001,0.9700259087834321,13857.512982620461,-1,0.87665,0.882343554110247,0.8681096688346295,0.83429,0.86416,65.63832119644474,0.0020388149056405035,NZDCAD_merged,134.0299740912166
2022-03-11 06:00:00,2022-03-11 14:00:00,-1.1,30.0,0.5689707146068717,8128.153065812453,-1,116.89,117.32142642265798,116.24286036601302,114.406,116.337,74.19415109642088,0.1478224641560422,USDJPY_merged,-33.56897071460687
2022-03-11 16:00:00,2022-03-13 18:00:00,-1.1,30.000000000000004,0.7835201309010483,11193.144727157834,-1,117.252,117.56626020888172,116.78060968667741,114.406,116.337,72.2046259912688,0.1388565816708582,USDJPY_merged,-33.78352013090105
2022-03-10 20:00:00,2022-03-13 21:00:00,1.5,60.0,0.8151495679680268,11644.99382811467,1,1.78063,1.7714554309468107,1.7943918535797838,1.88009,1.92205,36.078778270318075,0.0030447475640823637,GBPAUD_merged,89.18485043203198
2022-03-10 21:00:00,2022-03-14 00:00:00,1.5,15.000000000000002,0.20483652154196416,2926.23602202806,1,1.78193,1.7727957573077529,1.7956313640383708,1.88009,1.92205,40.74843129279324,0.003001551309505052,GBPAUD_merged,22.29516347845804
2022-03-10 16:00:00,2022-03-14 01:00:00,1.5,15.0,0.1597339445890119,2281.9134941287416,-1,0.68464,0.6891404335293267,0.67788934970601,0.64832,0.66909,65.10617439916344,0.0014458484733630191,AUDCHF_merged,22.34026605541099
2022-03-10 20:00:00,2022-03-14 02:00:00,1.5,30.0,0.40072254805046503,5724.6078292923585,1,1.90757,1.8975733152127603,1.9225650271808594,2.02184,2.05315,33.86833931431729,0.0032392119579551645,GBPNZD_merged,44.59927745194953
2022-03-10 16:00:00,2022-03-14 04:00:00,-1.1,30.0,0.3875153906481128,5535.934152115898,-1,79.721,80.1530192282428,79.07297115763582,75.225,78.0,60.15131482049382,0.14243452302752946,NZDJPY_merged,-33.38751539064811
2022-03-11 07:00:00,2022-03-14 04:00:00,-1.1,60.0,0.9502781413466163,13575.402019237375,-1,125.466,126.02052943414363,124.63420584878455,124.005,125.58,64.12698095499866,0.18542577723493306,CHFJPY_merged,-66.95027814134662
2022-03-13 16:00:00,2022-03-14 13:00:00,-1.1,30.0,0.5279909684916112,7542.728121308733,-1,0.93348,0.9371927680528329,0.9279108479207505,0.91497,0.92887,59.90873796303699,0.0012077615401625927,USDCHF_merged,-33.52799096849161
2022-03-10 16:00:00,2022-03-14 20:00:00,1.5,30.0,0.3101023919151434,4430.034170216334,-1,0.63887,0.6431964000374661,0.6323803999438009,0.60722,0.62154,61.41967983260303,0.0014155523925490443,NZDCHF_merged,44.689897608084856
2022-03-10 11:00:00,2022-03-15 02:00:00,-1.1,90.0,1.047679251572392,14966.846451034173,-1,0.83919,0.8442362935025822,0.8316205597461266,0.82845,0.84063,57.510768501719696,0.0018212120511526251,EURGBP_merged,-100.0476792515724
2022-03-10 16:00:00,2022-03-15 02:00:00,1.5,30.0,0.375893792366124,5369.911319516058,-1,85.434,85.9112927982414,84.7180608026379,80.365,83.988,64.86120068556666,0.15516205659852922,AUDJPY_merged,44.62410620763388
2022-03-15 15:00:00,2022-03-15 16:00:00,-1.1,60.0,1.6025891979667009,22894.1313995243,1,1.06321,1.060423582865986,1.0662750588474152,1.06652,1.07958,35.84384704283032,0.0010418630355074321,AUDNZD_merged,-67.6025891979667
2022-03-15 15:00:00,2022-03-15 16:00:00,-1.1,15.0,0.49170350392160134,7024.335770308591,1,1.06321,1.0609395860389517,1.0666156209415725,1.06652,1.07958,35.84384704283032,0.0010418630355074321,AUDNZD_merged,-16.991703503921602
2022-03-15 18:00:00,2022-03-16 07:00:00,-1.1,15.0,0.19620827124274715,2802.9753034678165,-1,0.73658,0.7405217757217949,0.7306673364173077,0.71696,0.73181,67.91523690501586,0.0012515020091269779,CADCHF_merged,-16.696208271242746
2022-03-15 17:00:00,2022-03-16 19:00:00,1.5,15.0,0.3174532633016269,4535.04661859467,1,1.06277,1.059254810115372,1.0680427848269418,1.06652,1.07956,39.391968709170925,0.0011566063928610414,AUDNZD_merged,22.182546736698374
2022-03-15 17:00:00,2022-03-16 19:00:00,1.5,15.0,0.3174532633016269,4535.04661859467,1,1.06277,1.059254810115372,1.0680427848269418,1.06652,1.07956,39.4871617147195,0.0011566063928610414,AUDNZD_merged,22.182546736698374
2022-03-16 16:00:00,2022-03-17 03:00:00,-1.1,30.0,0.31474583871960116,4496.369124565731,-1,0.68494,0.6895099539852579,0.6780850690221131,0.64832,0.66909,71.48246673218209,0.0015045095668655614,AUDCHF_merged,-33.3147458387196
2022-03-16 16:00:00,2022-03-18 01:00:00,-1.1,15.0,0.16497611688692748,2356.80166981325,-1,0.64274,0.6468307557574685,0.6366038663637972,0.60722,0.62846,62.01199292556909,0.0014240434487402783,NZDCHF_merged,-16.664976116886926
2022-03-16 16:00:00,2022-03-18 01:00:00,-1.1,30.0,0.32995223377385496,4713.6033396265,-1,0.64274,0.6468307557574685,0.6366038663637972,0.60722,0.62154,63.46022849268034,0.0014240434487402783,NZDCHF_merged,-33.32995223377385
2022-03-17 14:00:00,2022-03-18 04:00:00,-1.1,15.0,0.2411247728930907,3444.639612758439,-1,126.61,127.16133488942235,125.78299766586649,124.005,125.58,60.53961911418719,0.17836556101167822,CHFJPY_merged,-16.74112477289309
2022-03-18 04:00:00,2022-03-18 07:00:00,-1.1,30.0,0.510733303262625,7296.190046608929,1,1.49906,1.4928962625270568,1.5052237374729434,1.55869,1.62242,38.542999573974896,0.002546922236555476,EURAUD_merged,-33.510733303262626
2022-03-17 09:00:00,2022-03-20 19:00:00,-1.1,30.0,0.3595798643513126,5136.855205018752,1,1.78512,1.7746946331437028,1.7955453668562973,1.87593,1.92205,35.6750837467293,0.004265766938448301,GBPAUD_merged,-33.35957986435131
2022-03-18 09:00:00,2022-03-20 20:00:00,-1.1,30.000000000000004,0.5278808461857742,7541.154945511061,1,1.49377,1.4878275282799784,1.5009009660640258,1.55869,1.62242,31.20280953602605,0.0029854806925265253,EURAUD_merged,-33.52788084618578
2022-03-22 01:00:00,2022-03-22 03:00:00,-1.1,15.0,0.19144016102534503,2734.859443219215,-1,82.695,83.14856078648776,82.01465882026835,75.225,78.0,67.88532208042989,0.14945929105573666,NZDJPY_merged,-16.691440161025344
2022-03-22 07:00:00,2022-03-22 17:00:00,-1.1,60.0,0.6197110699401007,8853.015284858582,-1,83.787,84.35485398400905,83.16236061759004,75.225,78.0,73.6292374589288,0.21672226963274338,NZDJPY_merged,-66.6197110699401
2022-03-22 08:00:00,2022-03-22 17:00:00,-1.1,15.0,0.18059995926287883,2579.9994180411263,-1,132.791,133.56304087182016,131.63293869226973,124.391,133.152,75.79008337401359,0.2683936031824337,EURJPY_merged,-16.680599959262878
2022-03-22 08:00:00,2022-03-22 17:00:00,-1.1,30.0,0.36119991852575767,5159.998836082253,-1,132.791,133.56304087182016,131.63293869226973,124.391,133.152,73.97360741235705,0.2683936031824337,EURJPY_merged,-33.361199918525756
2022-03-22 12:00:00,2022-03-22 18:00:00,-1.1,30.0,0.43573161943748245,6224.7374205354645,-1,129.335,129.95832749767078,128.40000875349384,124.005,125.58,73.25358240749449,0.20436327308857272,CHFJPY_merged,-33.43573161943748
2022-03-17 12:00:00,2022-03-23 03:00:00,-1.1,30.0,0.42561016480392205,6080.1452114846015,1,1.78184,1.7730482362935955,1.7923901164476856,1.87593,1.92205,34.34003841234533,0.003983228849770747,GBPAUD_merged,-33.42561016480392
2022-03-22 20:00:00,2022-03-23 13:00:00,-1.1,29.999999999999996,0.32496926686947386,4642.418098135341,-1,90.281,90.86440932306117,89.63924974463274,80.365,83.988,73.66747641182562,0.22528627512685365,AUDJPY_merged,-33.32496926686947
2022-03-27 18:00:00,2022-03-28 09:00:00,1.5,15.0,0.2720967679963183,3887.0966856616906,1,1.24813,1.2433135646205922,1.2553546530691118,1.25865,1.29006,39.00983653510099,0.0015622299983881396,USDCAD_merged,22.227903232003683
2022-03-27 18:00:00,2022-03-28 09:00:00,1.5,15.0,0.2720967679963183,3887.0966856616906,1,1.24813,1.2433135646205922,1.2553546530691118,1.25865,1.29006,38.48635794089772,0.0015622299983881396,USDCAD_merged,22.227903232003683
2022-03-27 20:00:00,2022-03-28 09:00:00,1.5,15.0,0.32328138146395496,4618.305449485071,1,1.37117,1.3667165158757975,1.377850226186304,1.37615,1.46337,35.947175117963546,0.001986145896579008,EURCAD_merged,22.176718618536047
2022-03-27 17:00:00,2022-03-28 09:00:00,1.5,15.0,0.27273960474907166,3896.2800678438816,1,1.24841,1.2436038388221762,1.2556192417667358,1.25865,1.29006,38.693287100372444,0.00160547845980262,USDCAD_merged,22.22726039525093
2022-03-27 20:00:00,2022-03-28 09:00:00,1.1,15.0,0.26341445897063,3763.063699580429,1,1.37117,1.3657043603930241,1.3771822035676735,1.37615,1.46337,35.947175117963546,0.001986145896579008,EURCAD_merged,16.23658554102937
2022-03-27 20:00:00,2022-03-28 09:00:00,1.0,15.0,0.2963412663419588,4233.446662027983,1,1.37117,1.366311653682688,1.376028346317312,1.37615,1.46337,35.947175117963546,0.001986145896579008,EURCAD_merged,14.703658733658042
2022-03-27 20:00:00,2022-03-28 10:00:00,1.5,30.0,0.474146026147134,6773.514659244773,1,1.37117,1.3650970671033602,1.3802793993449598,1.37615,1.46337,35.947175117963546,0.001986145896579008,EURCAD_merged,44.52585397385287
2022-03-28 02:00:00,2022-03-28 10:00:00,1.5,30.0,0.37849275131511556,5407.039304501652,1,1.45668,1.4485978689965102,1.4688031965052344,1.4564,1.53287,38.495412419165014,0.0026487548344134647,EURAUD_merged,44.621507248684885
2022-03-29 12:00:00,2022-03-30 21:00:00,-1.1,30.000000000000004,0.3800301220295641,5429.0017432794875,-1,0.84588,0.8505542294808457,0.8388686557787314,0.82022,0.84577,72.67379425785664,0.001561785315499878,EURGBP_merged,-33.380030122029574
2022-03-29 15:00:00,2022-04-04 05:00:00,1.5,30.0,0.3984917690407504,5692.739557725006,-1,0.8468,0.8512625263008083,0.8401062105487874,0.82022,0.84778,68.06818716807263,0.001434115283583538,EURGBP_merged,44.60150823095925
2022-04-04 12:00:00,2022-04-04 16:00:00,-1.1,15.0,0.3457482406252546,4939.26058036078,1,1.37309,1.3689200742257062,1.3780939109291526,1.37615,1.46337,34.510894011273045,0.001983844730129929,EURCAD_merged,-16.845748240625255
2022-04-04 12:00:00,2022-04-05 00:00:00,-1.1,30.0,0.6050594210941956,8643.706015631367,1,1.37309,1.368324370543664,1.3778556294563358,1.37615,1.46337,34.510894011273045,0.001983844730129929,EURCAD_merged,-33.6050594210942
2022-04-04 12:00:00,2022-04-05 00:00:00,-1.1,30.0,0.6600648230118498,9429.497471597855,1,1.37309,1.368721506331692,1.3796427405024616,1.37615,1.46337,34.510894011273045,0.001983844730129929,EURCAD_merged,-33.66006482301185
2022-03-29 16:00:00,2022-04-05 03:00:00,-1.1,29.999999999999996,0.3379082968884001,4827.261384120002,1,1.88671,1.87498465606354,1.9042980159046905,2.02184,2.05315,38.32003909337856,0.0037557016946186566,GBPNZD_merged,-33.3379082968884
2022-04-04 12:00:00,2022-04-05 03:00:00,-1.1,30.000000000000004,0.48404753687535657,6914.964812505094,1,1.37309,1.36713296317958,1.3820255552306295,1.37615,1.46337,32.78106094534653,0.001983844730129929,EURCAD_merged,-33.484047536875366
2022-04-04 12:00:00,2022-04-05 03:00:00,-1.1,30.0,0.5378305965281739,7683.294236116771,1,1.37309,1.3677286668616222,1.3789874664522155,1.37615,1.46337,34.510894011273045,0.001983844730129929,EURCAD_merged,-33.537830596528174
2022-04-04 12:00:00,2022-04-05 03:00:00,-1.1,60.00000000000001,0.9680950737507131,13829.929625010189,1,1.37309,1.36713296317958,1.3820255552306295,1.37615,1.46337,34.510894011273045,0.001983844730129929,EURCAD_merged,-66.96809507375073
2022-03-30 12:00:00,2022-04-05 07:00:00,-1.1,29.999999999999996,0.5103426170853756,7290.608815505368,1,1.24958,1.2444381248907124,1.2572928126639313,1.25865,1.29006,44.182206783541545,0.0018129613433509235,USDCAD_merged,-33.51034261708538
2022-03-30 12:00:00,2022-04-05 07:00:00,-1.1,29.999999999999996,0.5103426170853756,7290.608815505368,1,1.24958,1.2444381248907124,1.2572928126639313,1.25865,1.29006,44.312025718853995,0.0018129613433509235,USDCAD_merged,-33.51034261708538
2022-04-05 11:00:00,2022-04-05 15:00:00,1.1,30.0,0.6334672639620255,9049.532342314651,1,1.24382,1.2396966267041756,1.2483557106254068,1.25865,1.29006,43.31783120012689,0.001590948487981963,USDCAD_merged,32.366532736037975
2022-04-05 11:00:00,2022-04-05 15:00:00,1.0,30.0,0.7126506719572787,10180.723885103982,1,1.24382,1.2401547792926004,1.2474852207073994,1.25865,1.29006,43.31783120012689,0.001590948487981963,USDCAD_merged,29.287349328042723
2022-04-05 11:00:00,2022-04-05 15:00:00,1.5,29.999999999999996,0.7774370966806676,11106.244238295252,1,1.24382,1.2404602143515504,1.2488596784726742,1.25865,1.29006,43.31783120012689,0.001590948487981963,USDCAD_merged,44.22256290331933
2022-04-05 23:00:00,2022-04-06 08:00:00,1.2,14.999999999999998,0.4343480547765309,6204.972211093299,1,1.36097,1.35767996914966,1.3649180370204081,1.37615,1.46337,37.73817423507971,0.0015883469746401846,EURCAD_merged,17.565651945223465
2022-04-06 00:00:00,2022-04-06 08:00:00,1.0,30.0,0.7505837949986159,10722.62564283737,1,1.3625,1.3586879672608636,1.3663120327391365,1.37615,1.46337,37.08473883369621,0.0015363221907373202,EURCAD_merged,29.249416205001385
2022-04-05 11:00:00,2022-04-06 10:00:00,1.5,30.0,0.5701205375658229,8144.579108083186,1,1.24382,1.2392384741157505,1.250692288826374,1.25865,1.29006,43.31783120012689,0.001590948487981963,USDCAD_merged,44.42987946243418
2022-04-05 11:00:00,2022-04-06 10:00:00,1.5,30.0,0.5701205375658229,8144.579108083186,1,1.24382,1.2392384741157505,1.250692288826374,1.25865,1.29006,43.08978700697362,0.001590948487981963,USDCAD_merged,44.42987946243418
2022-04-05 11:00:00,2022-04-06 14:00:00,1.5,15.0,0.15852734010551198,2264.6762872216,-1,0.69846,0.7030862240917678,0.6915206638623481,0.6728,0.69252,50.710578793641574,0.0016069265045948245,NZDUSD_merged,22.34147265989449
2022-04-05 11:00:00,2022-04-06 14:00:00,1.5,60.0,0.6341093604220479,9058.7051488864,-1,0.69846,0.7030862240917678,0.6915206638623481,0.6728,0.69252,51.319186946691275,0.0016069265045948245,NZDUSD_merged,89.36589063957796
2022-04-05 11:00:00,2022-04-06 14:00:00,1.5,30.0,0.31705468021102395,4529.3525744432,-1,0.69846,0.7030862240917678,0.6915206638623481,0.6728,0.69252,49.67588661478429,0.0016069265045948245,NZDUSD_merged,44.68294531978898
2022-04-05 23:00:00,2022-04-06 18:00:00,1.5,60.0,1.2161745533742865,17373.922191061236,1,1.36097,1.3562699559280855,1.3680200661078716,1.37615,1.42322,39.24762206531437,0.0015883469746401846,EURCAD_merged,88.78382544662571
2022-04-06 00:00:00,2022-04-06 18:00:00,1.5,30.0,0.8188186854530354,11697.409792186221,1,1.3625,1.3590056366557917,1.3677415450163126,1.37615,1.46337,37.08473883369621,0.0015363221907373202,EURCAD_merged,44.18118131454696
2022-04-06 00:00:00,2022-04-06 18:00:00,1.1,30.0,0.6671855955543251,9531.222793633216,1,1.3625,1.3582114631684716,1.3672173905146814,1.37615,1.46337,37.08473883369621,0.0015363221907373202,EURCAD_merged,32.33281440444568
2022-04-05 12:00:00,2022-04-06 20:00:00,1.5,60.0,0.5429924249942063,7757.034642774376,-1,93.791,94.51646536906883,92.70280194639676,80.365,83.988,67.21069440412684,0.2349773761403507,AUDJPY_merged,89.45700757500579
2022-04-06 00:00:00,2022-04-06 20:00:00,1.5,90.0,1.8014011079966779,25734.301542809688,1,1.3625,1.3577349590760794,1.369647561385881,1.37615,1.46337,37.08473883369621,0.0015363221907373202,EURCAD_merged,133.19859889200333
2022-04-05 12:00:00,2022-04-06 20:00:00,1.5,30.0,0.27149621249710315,3878.517321387188,-1,93.791,94.51646536906883,92.70280194639676,80.365,83.988,69.19586103867408,0.2349773761403507,AUDJPY_merged,44.728503787502895
2022-04-05 12:00:00,2022-04-06 20:00:00,1.5,30.0,0.27149621249710315,3878.517321387188,-1,93.791,94.51646536906883,92.70280194639676,80.365,83.988,68.28430582311657,0.2349773761403507,AUDJPY_merged,44.728503787502895
2022-04-06 00:00:00,2022-04-06 20:00:00,1.5,30.0,0.6004670359988926,8578.100514269896,1,1.3625,1.3577349590760794,1.369647561385881,1.37615,1.46337,37.39521913005227,0.0015363221907373202,EURCAD_merged,44.39953296400111
2022-04-05 11:00:00,2022-04-06 22:00:00,1.5,15.0,0.15590957356556306,2227.2796223651867,-1,86.127,86.70703718393835,85.25694422409245,75.225,78.0,62.88424506935136,0.1976067474094928,NZDJPY_merged,22.344090426434438
2022-04-08 11:00:00,2022-04-12 11:00:00,1.5,60.0,0.8870009879185387,12671.442684550553,1,0.86201,0.8579283337456074,0.868132499381589,0.86019,0.87792,36.11216520485732,0.0013240871739786642,NZDCAD_merged,89.11299901208146
2022-04-08 11:00:00,2022-04-12 11:00:00,1.5,30.0,0.4435004939592693,6335.721342275277,1,0.86201,0.8579283337456074,0.868132499381589,0.86019,0.87792,37.26280752503231,0.0013240871739786642,NZDCAD_merged,44.55649950604073
2022-04-11 09:00:00,2022-04-13 02:00:00,-1.1,60.0,1.0662343470632,15231.919243760001,-1,134.551,135.0810093751027,133.96798968738702,124.005,133.554,71.94078730787732,0.2049926422310875,CHFJPY_merged,-67.0662343470632
2022-04-11 10:00:00,2022-04-13 02:00:00,-1.1,60.0,0.917784160213475,13111.202288763929,-1,134.385,134.99997792669325,133.4625331099601,124.005,133.554,79.71769061695674,0.22542173921458022,CHFJPY_merged,-66.91778416021347
2022-04-12 15:00:00,2022-04-13 04:00:00,1.0,30.0,0.4914950486527352,7021.3578378962175,1,1.45126,1.4450592335663317,1.4574607664336683,1.4564,1.62242,39.7324783183126,0.002562677489216857,EURAUD_merged,29.508504951347266
2022-04-12 15:00:00,2022-04-13 05:00:00,1.1,30.0,0.43688448769132016,6241.20696701886,1,1.45126,1.4442841377621232,1.4589334484616643,1.4564,1.53287,39.7324783183126,0.002562677489216857,EURAUD_merged,32.56311551230868
2022-04-12 15:00:00,2022-04-13 07:00:00,1.5,30.0,0.5361764167120748,7659.663095886784,1,1.45126,1.4455759641024708,1.4597860538462937,1.4564,1.53287,39.7324783183126,0.002562677489216857,EURAUD_merged,44.463823583287926
2022-04-12 12:00:00,2022-04-13 08:00:00,1.5,60.0,0.8909911882644365,12728.445546634808,1,1.74137,1.7331614407052145,1.7536828389421784,1.77315,1.92205,31.517161404989373,0.002690030257909802,GBPAUD_merged,89.10900881173556
2022-04-12 14:00:00,2022-04-13 08:00:00,1.5,60.0,0.9294162877374882,13277.375539106975,1,1.7422,1.7343270585672512,1.754009412149123,1.77315,1.92205,38.12457840044557,0.0025990056815650875,GBPAUD_merged,89.07058371226252
2022-04-12 15:00:00,2022-04-13 10:00:00,1.5,90.0,1.1795881167665647,16851.258810950923,1,1.45126,1.4435090419579149,1.4628864370631278,1.4564,1.62242,39.7324783183126,0.002562677489216857,EURAUD_merged,133.82041188323345
2022-04-12 15:00:00,2022-04-13 10:00:00,1.5,90.0,1.1795881167665647,16851.258810950923,1,1.45126,1.4435090419579149,1.4628864370631278,1.4564,1.53287,37.93457950221655,0.002562677489216857,EURAUD_merged,133.82041188323345
2022-04-12 16:00:00,2022-04-13 11:00:00,1.5,90.0,1.190250826658698,17003.583237981402,1,1.45249,1.4448019675323496,1.464022048701476,1.4564,1.4942,34.229656372298955,0.002483914811415654,EURAUD_merged,133.8097491733413
2022-04-13 04:00:00,2022-04-13 11:00:00,-1.1,90.0,1.014328902889357,14490.412898419389,1,0.85935,0.8540125744523513,0.8673561383214728,0.86019,0.87792,32.9138303154473,0.0017684888599864554,NZDCAD_merged,-100.01432890288937
2022-04-13 22:00:00,2022-04-14 09:00:00,-1.1,60.00000000000001,1.4724781638421953,21035.40234060279,1,0.83016,0.8277921061421365,0.8337118407867952,0.82956,0.8512,37.243021575381306,0.0007586338131482079,EURGBP_merged,-67.47247816384221
2022-04-13 21:00:00,2022-04-17 23:00:00,-1.1,90.0,1.1777989931976265,16825.69990282324,1,0.85503,0.8504564785153402,0.8618902822269896,0.86019,0.87792,38.667330040169034,0.0014841852214423092,NZDCAD_merged,-100.17779899319764
2022-04-13 21:00:00,2022-04-17 23:00:00,-1.1,90.0,1.1777989931976265,16825.69990282324,1,0.85503,0.8504564785153402,0.8618902822269896,0.86019,0.87792,38.6368160059866,0.0014841852214423092,NZDCAD_merged,-100.17779899319764
2022-04-13 19:00:00,2022-04-18 20:00:00,-1.1,90.0,1.3788039250708846,19697.198929584065,-1,164.736,165.4887080400113,163.60693793998303,150.975,164.627,62.437363461207575,0.255481060003499,GBPJPY_merged,-100.3788039250709
2022-04-18 14:00:00,2022-04-19 03:00:00,1.0,60.0,1.194203055513965,17060.043650199503,1,0.67259,0.6702245078109148,0.6749554921890852,0.6728,0.69252,36.164228821251655,0.0009502201922055944,NZDUSD_merged,58.80579694448603
2022-04-18 06:00:00,2022-04-19 04:00:00,1.1,60.0,1.1385258743829283,16264.65534832755,1,0.67346,0.6709756190442021,0.6761928190513775,0.6728,0.70336,38.49109366532486,0.0009072738736870835,NZDUSD_merged,64.86147412561706
2022-04-18 04:00:00,2022-04-19 04:00:00,1.2,30.0,0.6934876989915867,9906.967128451239,1,0.67333,0.671291040978728,0.6757767508255262,0.6728,0.69252,34.44838095194857,0.0009501519481814612,NZDUSD_merged,35.30651230100841
2022-04-19 03:00:00,2022-04-19 04:00:00,1.2,30.0,0.882808956273169,12611.55651818813,1,1.35616,1.3529340064486628,1.3600311922616046,1.37615,1.46337,42.969628579322496,0.0016343168764416328,EURCAD_merged,35.117191043726834
2022-04-19 03:00:00,2022-04-19 04:00:00,1.0,60.0,1.5449156734780458,22070.22390682923,1,1.35616,1.3524731502270433,1.3598468497729568,1.37615,1.46337,42.969628579322496,0.0016343168764416328,EURCAD_merged,58.455084326521956
2022-04-18 14:00:00,2022-04-19 04:00:00,1.5,60.0,1.3027669696515978,18610.956709308542,1,0.67259,0.6704216321600053,0.6758425517599922,0.6728,0.70336,36.164228821251655,0.0009502201922055944,NZDUSD_merged,88.6972330303484
2022-04-19 03:00:00,2022-04-19 05:00:00,1.1,60.0,1.3732583764249298,19617.976806070426,1,1.35616,1.3520122940054236,1.3607224765940342,1.37615,1.39789,42.969628579322496,0.0016343168764416328,EURCAD_merged,64.62674162357507
2022-04-19 03:00:00,2022-04-19 07:00:00,1.5,60.0,1.6853625528851408,24076.607898359158,1,1.35616,1.352780387708123,1.3612294184378158,1.37615,1.39789,42.969628579322496,0.0016343168764416328,EURCAD_merged,88.31463744711486
2022-04-19 03:00:00,2022-04-19 08:00:00,1.5,90.0,1.8538988081736547,26484.26868819507,1,1.35616,1.351551437783804,1.363072843324294,1.37615,1.46337,42.969628579322496,0.0016343168764416328,EURCAD_merged,133.14610119182635
2022-04-19 03:00:00,2022-04-19 08:00:00,1.5,90.0,1.8538988081736547,26484.26868819507,1,1.35616,1.351551437783804,1.363072843324294,1.37615,1.39789,43.03375909289417,0.0016343168764416328,EURCAD_merged,133.14610119182635
2022-04-18 14:00:00,2022-04-20 01:00:00,1.5,90.0,1.4330436666167579,20472.052380239402,1,0.67259,0.6696331347636435,0.6770252978545348,0.6728,0.69252,36.164228821251655,0.0009502201922055944,NZDUSD_merged,133.56695633338325
2022-04-18 02:00:00,2022-04-20 03:00:00,1.5,30.0,0.47209056651353604,6744.150950193372,1,0.67291,0.6699166951126856,0.6773999573309717,0.6728,0.69252,32.9051176658915,0.0009879277032163658,NZDUSD_merged,44.527909433486464
2022-04-18 09:00:00,2022-04-20 04:00:00,1.5,90.00000000000001,1.4996014321623419,21422.87760231917,1,0.67347,0.6706406742144931,0.6777139886782604,0.6728,0.70336,35.02767893229564,0.000965029409799755,NZDUSD_merged,133.5003985678377
2022-04-19 05:00:00,2022-04-20 08:00:00,-1.1,90.0,2.044456714289509,29206.524489850133,1,1.36053,1.3563375223896443,1.3647224776103557,1.37615,1.46337,47.22506086098321,0.0017228038373399688,EURCAD_merged,-101.04445671428952
2022-04-19 05:00:00,2022-04-20 08:00:00,-1.1,60.0,1.55768130612534,22252.59008750486,1,1.36053,1.3568615820909389,1.3649321014908735,1.37615,1.46337,47.22506086098321,0.0017228038373399688,EURCAD_merged,-67.55768130612535
2022-04-21 00:00:00,2022-04-21 03:00:00,1.5,90.0,1.530673654011954,21866.766485885062,1,1.35324,1.3476702876203204,1.3615945685695197,1.37615,1.39789,34.641274307871385,0.0018253871651389643,EURCAD_merged,133.46932634598804
2022-04-18 15:00:00,2022-04-21 10:00:00,-1.1,90.0,1.5871106404997903,22673.009149997008,1,0.84822,0.8448530097829113,0.8532704853256329,0.86019,0.87792,37.26583718085655,0.0011443064957655188,NZDCAD_merged,-100.5871106404998
2022-04-21 04:00:00,2022-04-22 08:00:00,1.5,89.99999999999999,1.2649703186222634,18071.00455174662,1,1.36146,1.3546794472283414,1.3716308291574877,1.37615,1.39789,58.95950951313047,0.002284456810275279,EURCAD_merged,133.7350296813777
2022-04-25 04:00:00,2022-04-25 12:00:00,-1.1,30.0,0.542093206170166,7744.188659573801,1,1.07382,1.0696601581603808,1.078811810207543,1.08059,1.11848,38.83367159048678,0.001985814418879267,EURUSD_merged,-33.542093206170165
2022-04-25 04:00:00,2022-04-26 03:00:00,-1.1,90.0,1.2648841477303874,18069.773539005535,1,1.07382,1.0684716319204894,1.0797032048874615,1.08059,1.11848,38.83367159048678,0.001985814418879267,EURUSD_merged,-100.2648841477304
2022-04-25 04:00:00,2022-04-26 03:00:00,-1.1,89.99999999999999,1.1383957329573486,16262.796185104984,1,1.07382,1.0678773688005438,1.082733946799184,1.08059,1.11848,38.83367159048678,0.001985814418879267,EURUSD_merged,-100.13839573295733
2022-04-25 04:00:00,2022-04-26 03:00:00,-1.1,59.99999999999999,0.9486631107977906,13552.330154254154,1,1.07382,1.069065895040435,1.078574104959565,1.08059,1.11848,38.83367159048678,0.001985814418879267,EURUSD_merged,-66.9486631107978
2022-04-25 04:00:00,2022-04-26 03:00:00,-1.1,29.999999999999996,0.3794652443191162,5420.932061701661,1,1.07382,1.0678773688005438,1.082733946799184,1.08059,1.11848,38.83367159048678,0.001985814418879267,EURUSD_merged,-33.379465244319114
2022-04-25 03:00:00,2022-04-26 09:00:00,1.5,90.0,1.2395514601333093,17707.87800190442,1,0.83986,0.8355914253016725,0.8462628620474913,0.86019,0.87792,45.66658493064386,0.0015419397875775739,NZDCAD_merged,133.7604485398667
2022-04-28 03:00:00,2022-04-28 07:00:00,-1.1,15.0,0.20353857479789245,2907.693925684178,1,0.6508,0.6474427002808754,0.6548287596629496,0.6728,0.70336,43.229357820318675,0.0017202345696809747,NZDUSD_merged,-16.703538574797893
2022-04-28 07:00:00,2022-04-28 12:00:00,-1.1,15.0,0.13194477629531937,1884.9253756474195,-1,101.358,102.16459426608749,100.14810860086878,89.658,100.185,64.61858785677374,0.34950079065643674,CADJPY_merged,-16.63194477629532
2022-04-28 07:00:00,2022-04-28 12:00:00,-1.1,15.0,0.12138919419169379,1734.1313455956258,-1,101.358,102.23473289792118,100.04290065311824,89.658,100.185,63.93109719021013,0.34950079065643674,CADJPY_merged,-16.621389194191693
2022-04-28 07:00:00,2022-04-28 13:00:00,-1.1,15.0,0.1011576618264115,1445.1094546630216,-1,101.358,102.41007947750542,99.77988078374189,89.658,100.185,63.93109719021013,0.34950079065643674,CADJPY_merged,-16.601157661826413
2022-04-28 07:00:00,2022-04-28 13:00:00,-1.1,15.0,0.1011576618264115,1445.1094546630216,-1,101.358,102.41007947750542,99.77988078374189,89.658,100.185,65.27619990502401,0.34950079065643674,CADJPY_merged,-16.601157661826413
2022-04-28 07:00:00,2022-04-28 13:00:00,-1.1,15.0,0.1011576618264115,1445.1094546630216,-1,101.358,102.41007947750542,99.77988078374189,89.658,100.185,62.5651223693436,0.34950079065643674,CADJPY_merged,-16.601157661826413
2022-04-28 07:00:00,2022-04-28 13:00:00,-1.1,15.0,0.10838320909972662,1548.3315585675234,-1,101.358,102.33994084567172,100.08147690062677,89.658,100.185,64.61858785677374,0.34950079065643674,CADJPY_merged,-16.608383209099728
2022-04-28 07:00:00,2022-04-28 13:00:00,-1.1,15.0,0.1011576618264115,1445.1094546630216,-1,101.358,102.41007947750542,99.77988078374189,89.658,100.185,63.93109719021013,0.34950079065643674,CADJPY_merged,-16.601157661826413
2022-04-28 17:00:00,2022-04-29 14:00:00,1.3,15.0,0.12187608319220562,1741.0869027457948,-1,102.073,102.95239033806145,100.9297925605201,89.658,100.185,64.80349150741834,0.29906312231629956,CADJPY_merged,19.378123916807795
2022-05-02 02:00:00,2022-05-02 20:00:00,1.5,15.0,0.22153294857003555,3164.756408143365,-1,1.95076,1.9600060196698572,1.9368909704952144,1.8707,1.93642,67.03056123527062,0.0036856644488040954,GBPNZD_merged,22.278467051429963
2022-05-02 02:00:00,2022-05-02 20:00:00,1.3,60.0,0.7911891020358414,11302.701457654877,-1,1.95076,1.96111554203024,1.937297795360688,1.8707,1.93642,67.5484879144568,0.0036856644488040954,GBPNZD_merged,77.20881089796416
2022-05-03 06:00:00,2022-05-04 14:00:00,-1.1,60.00000000000001,0.8369008353668163,11955.726219525948,-1,1.10406,1.1096007424679741,1.0968570347916335,1.05999,1.09979,62.879621118458324,0.0019132054102975696,AUDNZD_merged,-66.83690083536683
2022-05-02 02:00:00,2022-05-04 14:00:00,1.5,15.0,0.18461079047502962,2637.297006786138,-1,1.95076,1.9618552236038287,1.9341171645942572,1.8707,1.93642,65.94611384351363,0.0036856644488040954,GBPNZD_merged,22.31538920952497
2022-05-03 06:00:00,2022-05-04 14:00:00,-1.1,60.0,0.7811074463423616,11158.677804890882,-1,1.10406,1.1099965097871152,1.0951552353193272,1.05999,1.09979,62.16248033924624,0.0019132054102975696,AUDNZD_merged,-66.78110744634236
2022-05-02 02:00:00,2022-05-04 14:00:00,1.5,15.0,0.18461079047502962,2637.297006786138,-1,1.95076,1.9618552236038287,1.9341171645942572,1.8707,1.93642,67.03056123527062,0.0036856644488040954,GBPNZD_merged,22.31538920952497
2022-05-03 06:00:00,2022-05-04 14:00:00,-1.1,15.0,0.1952768615855904,2789.6694512227205,-1,1.10406,1.1099965097871152,1.0951552353193272,1.05999,1.09979,63.126362131315034,0.0019132054102975696,AUDNZD_merged,-16.69527686158559
2022-05-05 16:00:00,2022-05-06 02:00:00,-1.1,15.0,0.14977750160746764,2139.678594392395,1,1.23649,1.2278217121325568,1.2494924318011653,1.29728,1.32984,35.49096239570749,0.0035939050396510725,GBPUSD_merged,-16.649777501607467
2022-05-05 17:00:00,2022-05-06 06:00:00,-1.1,30.0,0.338534780626323,4836.211151804614,-1,0.8522,0.8574863696802113,0.8442704454796829,0.82495,0.84664,66.57634058584642,0.0017398287105416098,EURGBP_merged,-33.338534780626325
2022-05-05 17:00:00,2022-05-06 06:00:00,-1.1,60.0,0.7254316727706921,10363.309611009889,-1,0.8522,0.857133945034864,0.8457858714546769,0.82495,0.84664,67.6756041045838,0.0017398287105416098,EURGBP_merged,-66.7254316727707
2022-05-06 12:00:00,2022-05-09 10:00:00,-1.1,30.0,0.33145102467117243,4735.014638159607,-1,1.04208,1.048682387191806,1.0321764192122906,1.00878,1.03704,62.016177005652814,0.0021378817498447843,EURCHF_merged,-33.331451024671175
2022-05-06 12:00:00,2022-05-09 10:00:00,-1.1,30.0,0.3977412296054069,5682.017565791528,-1,1.04208,1.047581989326505,1.033827016010242,1.01881,1.03704,62.016177005652814,0.0021378817498447843,EURCHF_merged,-33.39774122960541
2022-05-09 18:00:00,2022-05-09 20:00:00,-1.1,15.0,0.15094403947096055,2156.3434210137225,1,82.397,81.82382831131835,83.25675753302248,83.285,87.342,30.049345875189786,0.22360662722461302,NZDJPY_merged,-16.65094403947096
2022-05-09 23:00:00,2022-05-10 10:00:00,-1.1,60.0,0.5189175840473035,7413.108343532908,1,82.592,81.92351928039429,83.59472107940857,83.285,87.342,41.39810634649944,0.29002637748056753,NZDJPY_merged,-66.5189175840473
2022-05-09 22:00:00,2022-05-11 09:00:00,1.5,30.0,0.3191277924474366,4558.968463534809,1,0.63005,0.6259039963258828,0.6362690055111758,0.6728,0.70336,43.481111837115805,0.0019202809864448498,NZDUSD_merged,44.68087220755256
2022-05-09 19:00:00,2022-05-11 09:00:00,1.5,15.0,0.15118673821283402,2159.810545897629,1,0.69492,0.6900937433545737,0.7021593849681392,0.71647,0.76607,32.49947508633481,0.002049202993495048,AUDUSD_merged,22.348813261787164
2022-05-09 23:00:00,2022-05-11 09:00:00,1.5,15.000000000000002,0.14393672687228123,2056.2389553183034,-1,1.51822,1.5292952205822667,1.5016071691265998,1.43198,1.50544,66.50697422878399,0.0039457619277925475,EURAUD_merged,22.356063273127724
2022-05-09 23:00:00,2022-05-11 13:00:00,-1.1,30.0,0.24070292051962403,3438.6131502803437,1,90.79,89.99790740889887,91.9781388866517,90.439,95.741,39.15086581357428,0.3450746485812043,AUDJPY_merged,-33.240702920519624
2022-05-09 22:00:00,2022-05-11 20:00:00,-1.1,15.0,0.10561725649418804,1508.817949916972,1,82.08,81.26399698249365,83.30400452625953,83.285,87.342,42.08814622545657,0.2906437911329191,NZDJPY_merged,-16.605617256494188
2022-05-06 07:00:00,2022-05-11 20:00:00,-1.1,60.0,0.9313654834167712,13305.22119166816,-1,0.85568,0.8595386957150438,0.8498919564274343,0.82495,0.84664,70.18215127806039,0.0015560869798734184,EURGBP_merged,-66.93136548341677
2022-05-09 22:00:00,2022-05-11 20:00:00,-1.1,15.0,0.10561725649418804,1508.817949916972,1,82.08,81.26399698249365,83.30400452625953,83.285,87.342,42.80162843775564,0.2906437911329191,NZDJPY_merged,-16.605617256494188
2022-05-06 07:00:00,2022-05-11 22:00:00,-1.1,60.0,0.7761379028473092,11087.684326390132,-1,0.85568,0.8603104348580526,0.8487343477129211,0.82495,0.8512,70.18215127806039,0.0015560869798734184,EURGBP_merged,-66.77613790284731
2022-05-09 23:00:00,2022-05-11 22:00:00,-1.1,15.0,0.19477459344158332,2782.4941920226192,-1,1.66884,1.6778364608270409,1.655345308759439,1.55921,1.61524,63.82410484953558,0.003866397228308405,EURNZD_merged,-16.694774593441583
2022-05-09 23:00:00,2022-05-11 23:00:00,-1.1,15.0,0.17919262596625665,2559.8946566608097,-1,1.66884,1.6786187617685226,1.6541718573472162,1.55921,1.61524,64.06889666002817,0.003866397228308405,EURNZD_merged,-16.679192625966255
2022-05-09 23:00:00,2022-05-11 23:00:00,-1.1,14.999999999999998,0.1599934160413006,2285.6202291614372,-1,1.66884,1.6797922131807455,1.6546021228650312,1.55921,1.61524,63.82410484953558,0.003866397228308405,EURNZD_merged,-16.6599934160413
2022-05-09 23:00:00,2022-05-12 00:00:00,-1.1,15.0,0.14932718830521388,2133.2455472173415,-1,1.66884,1.6805745141222272,1.6512382288166594,1.55921,1.61524,64.06889666002817,0.003866397228308405,EURNZD_merged,-16.649327188305215
2022-05-09 23:00:00,2022-05-12 00:00:00,-1.1,15.0,0.14932718830521388,2133.2455472173415,-1,1.66884,1.6805745141222272,1.6512382288166594,1.55921,1.61524,63.441875466042205,0.003866397228308405,EURNZD_merged,-16.649327188305215
2022-05-09 23:00:00,2022-05-12 00:00:00,-1.1,15.0,0.14932718830521388,2133.2455472173415,-1,1.66884,1.6805745141222272,1.6512382288166594,1.55921,1.61524,64.27077613528087,0.003866397228308405,EURNZD_merged,-16.649327188305215
2022-05-09 23:00:00,2022-05-12 00:00:00,-1.1,15.0,0.14932718830521388,2133.2455472173415,-1,1.66884,1.6805745141222272,1.6512382288166594,1.55921,1.61524,64.06889666002817,0.003866397228308405,EURNZD_merged,-16.649327188305215
2022-05-09 22:00:00,2022-05-12 01:00:00,-1.1,30.0,0.35814473410731407,5116.3533443902015,1,0.62523,0.6215639318578209,0.6307291022132685,0.63153,0.64607,43.90897158063546,0.0016908039083331611,NZDCHF_merged,-33.35814473410731
2022-05-12 18:00:00,2022-05-13 09:00:00,1.5,30.0,0.249334756604721,3561.9250943531574,1,98.401,97.57222625495972,99.6441606175604,99.005,102.951,41.54293601649346,0.3483123815379986,CADJPY_merged,44.75066524339528
2022-05-12 17:00:00,2022-05-13 12:00:00,1.5,15.000000000000002,0.12291270840605975,1755.8958343722823,1,156.404,155.06789568556684,158.40815647164973,159.621,168.423,37.12607050641181,0.5556352822245635,GBPJPY_merged,22.377087291593945
2022-05-12 06:00:00,2022-05-15 21:00:00,1.5,60.0,0.467067754424056,6672.39649177223,1,156.874,155.4633464197449,158.98998037038263,159.621,168.423,30.899522764031005,0.5102473607988817,GBPJPY_merged,89.53293224557595
2022-05-09 23:00:00,2022-05-15 22:00:00,-1.1,15.0,0.17868465984209364,2552.637997744195,-1,1.95167,1.9631385474500775,1.934467178824884,1.8707,1.93642,60.996121737330895,0.004455460481457352,GBPNZD_merged,-16.678684659842094
2022-05-09 23:00:00,2022-05-15 22:00:00,-1.1,15.0,0.1595398748590122,2279.14106941446,-1,1.95167,1.9645147731440868,1.9349717949126872,1.90772,1.93642,61.18765415784526,0.004455460481457352,GBPNZD_merged,-16.65953987485901
2022-05-12 17:00:00,2022-05-16 04:00:00,1.5,15.0,0.11823889253569562,1689.1270362242233,1,133.116,131.93388642465675,134.88917036301493,134.779,140.002,30.027854626256982,0.45457075655607315,EURJPY_merged,22.381761107464303
2022-05-12 20:00:00,2022-05-16 04:00:00,1.5,30.0,0.2885779029613536,4122.54147087648,1,133.469,132.49773748431966,134.9258937735205,134.779,140.002,36.24461411349072,0.43626747527466914,EURJPY_merged,44.71142209703865
2022-05-12 17:00:00,2022-05-16 20:00:00,1.5,60.0,0.42228175905605586,6032.596557943656,1,133.116,131.79203279561554,135.10195080657672,134.779,140.002,30.027854626256982,0.45457075655607315,EURJPY_merged,89.57771824094394
2022-05-12 19:00:00,2022-05-17 03:00:00,1.5,30.0,0.30687251133341475,4383.893019048783,1,128.063,127.18663509252931,129.37754736120598,131.909,136.18,34.17494362908077,0.3668833477366072,CHFJPY_merged,44.69312748866658
2022-05-09 23:00:00,2022-05-17 10:00:00,-1.1,15.000000000000002,0.14890388320174475,2127.1983314534964,-1,1.95167,1.965432256940093,1.9310266145898607,1.8707,1.93642,60.468599002197244,0.004455460481457352,GBPNZD_merged,-16.648903883201747
2022-05-19 06:00:00,2022-05-22 20:00:00,1.5,90.0,0.8670830930875133,12386.90132982162,1,0.61959,0.6150882203768953,0.6263426694346571,0.63153,0.63804,37.56144813015015,0.0019260600962845448,NZDCHF_merged,134.1329169069125
2022-05-19 06:00:00,2022-05-23 01:00:00,1.5,60.0,0.5020672170269056,7172.38881467008,1,0.68298,0.6772665897180332,0.6915501154229503,0.68217,0.70689,36.361680918969924,0.0024280848964462433,AUDCHF_merged,89.4979327829731
2022-05-24 13:00:00,2022-05-25 10:00:00,1.5,90.0,1.3922216272130186,19888.88038875741,-1,1.37764,1.3838740160721206,1.3682889758918189,1.33856,1.37678,67.17910942722071,0.0027339816440238827,EURCAD_merged,133.60777837278698
2022-05-24 13:00:00,2022-05-25 10:00:00,1.5,30.0,0.42694796567865895,6099.256652552272,-1,1.37764,1.3844161044262182,1.3674758433606726,1.33856,1.37678,67.03474793865028,0.0027339816440238827,EURCAD_merged,44.57305203432134
2022-05-24 13:00:00,2022-05-27 05:00:00,1.5,90.0,1.143610622353551,16337.294605050729,-1,1.37764,1.3852292369573642,1.3662561445639534,1.33856,1.37678,67.03474793865028,0.0027339816440238827,EURCAD_merged,133.85638937764645
2022-05-24 13:00:00,2022-05-27 05:00:00,1.5,15.0,0.17789498569944126,2541.356938563447,-1,1.37764,1.3857713253114619,1.3654430120328074,1.33856,1.37678,67.03474793865028,0.0027339816440238827,EURCAD_merged,22.322105014300558
2022-05-24 14:00:00,2022-05-27 06:00:00,1.5,15.0,0.17618918585387258,2516.988369341037,-1,1.37628,1.3844819449320716,1.3639770826018924,1.33856,1.37678,66.80051358506212,0.00266369724087933,EURCAD_merged,22.323810814146128
2022-05-31 02:00:00,2022-05-31 08:00:00,-1.1,15.0,0.24396328925418984,3485.1898464884266,-1,100.959,101.39352008834636,100.39412388514972,97.799,101.149,69.81028504801857,0.1614581925638447,CADJPY_merged,-16.74396328925419
2022-05-30 09:00:00,2022-05-31 09:00:00,-1.1,90.00000000000001,2.6682821287496594,38118.31612499514,1,1.26793,1.264936328935785,1.2724205065963226,1.27132,1.30761,28.099349292930818,0.0012786249638135295,USDCAD_merged,-101.6682821287497
2022-05-30 15:00:00,2022-05-31 10:00:00,-1.1,30.0,0.9244193971801329,13205.991388287614,1,1.26578,1.26290453242748,1.27009320135878,1.27132,1.30761,29.125926112590637,0.0011030308126503097,USDCAD_merged,-33.92441939718013
2022-06-01 17:00:00,2022-06-02 12:00:00,-1.1,90.0,1.4056469024721538,20080.670035316485,-1,102.753,103.2135309476096,102.0622035785856,97.799,102.951,69.75676638685461,0.19164292915915515,CADJPY_merged,-100.40564690247217
2022-06-01 17:00:00,2022-06-02 13:00:00,-1.1,30.0,0.43106505009146046,6158.0721441637215,-1,102.753,103.25357711696695,102.00213432454956,98.295,101.149,69.87172079273898,0.19164292915915515,CADJPY_merged,-33.43106505009146
2022-06-03 07:00:00,2022-06-06 10:00:00,-1.1,30.0,0.3932936707883382,5618.481011261975,-1,94.304,94.80753823290124,93.54869265064815,87.307,94.024,63.869281490054064,0.165571357802764,AUDJPY_merged,-33.39329367078834
2022-06-07 06:00:00,2022-06-07 20:00:00,-1.1,30.0,0.47493902194083565,6784.843170583367,-1,141.661,142.2873711471513,140.72144327927305,132.656,138.315,67.81980049159051,0.24572356894191272,EURJPY_merged,-33.474939021940834
2022-06-07 06:00:00,2022-06-07 20:00:00,-1.1,90.0,1.5487142019809859,22124.48859972837,-1,141.661,142.2372614553792,140.7966078169312,132.656,138.315,67.83232838018289,0.24572356894191272,EURJPY_merged,-100.548714201981
2022-06-07 10:00:00,2022-06-08 00:00:00,-1.1,90.00000000000001,1.1979021936609704,17112.888480871006,-1,132.552,133.24911667982497,131.50632498026252,126.359,131.345,64.39183927871922,0.25754379688073425,USDJPY_merged,-100.197902193661
2022-06-07 06:00:00,2022-06-08 01:00:00,-1.1,90.0,1.272158094484381,18173.687064062586,-1,141.661,142.36253568480947,140.60869647278582,132.656,138.315,67.81980049159051,0.24572356894191272,EURJPY_merged,-100.2721580944844
2022-06-07 06:00:00,2022-06-08 02:00:00,-1.1,30.0,0.3957825182840297,5654.035975486139,-1,141.661,142.41264537658157,140.53353193512766,132.656,138.315,67.75195424751331,0.24572356894191272,EURJPY_merged,-33.39578251828403
2022-06-07 06:00:00,2022-06-08 02:00:00,-1.1,30.0,0.3957825182840297,5654.035975486139,-1,141.661,142.41264537658157,140.53353193512766,132.656,138.315,67.81980049159051,0.24572356894191272,EURJPY_merged,-33.39578251828403
2022-06-08 21:00:00,2022-06-09 04:00:00,1.5,30.0,0.34946263810802647,4992.323401543235,-1,168.3,169.31135274979167,166.78297087531251,155.594,168.423,64.74131805908304,0.33068061303075064,GBPJPY_merged,44.65053736189197
2022-06-08 11:00:00,2022-06-09 09:00:00,1.5,15.0,0.15877703297719745,2268.243328245678,-1,96.499,97.13715243363662,95.54177134954507,87.307,94.024,68.11252506435004,0.2639566182078861,AUDJPY_merged,22.3412229670228
2022-06-08 11:00:00,2022-06-09 10:00:00,1.5,15.0,0.13231419414766457,1890.2027735380655,-1,96.499,97.26478292036394,95.35032561945408,87.307,94.024,68.11252506435004,0.2639566182078861,AUDJPY_merged,22.367685805852336
2022-06-08 11:00:00,2022-06-09 10:00:00,1.5,30.0,0.26462838829532914,3780.405547076131,-1,96.499,97.26478292036394,95.35032561945408,87.307,94.024,68.69645465184942,0.2639566182078861,AUDJPY_merged,44.73537161170467
2022-06-08 11:00:00,2022-06-09 10:00:00,1.5,15.0,0.13231419414766457,1890.2027735380655,-1,96.499,97.26478292036394,95.35032561945408,87.307,94.024,67.64695696679124,0.2639566182078861,AUDJPY_merged,22.367685805852336
2022-06-08 11:00:00,2022-06-09 10:00:00,1.5,30.0,0.26462838829532914,3780.405547076131,-1,96.499,97.26478292036394,95.35032561945408,87.307,94.024,68.11252506435004,0.2639566182078861,AUDJPY_merged,44.73537161170467
2022-06-08 14:00:00,2022-06-09 13:00:00,1.5,30.0,0.3517740262083642,5025.34323154806,-1,143.741,144.59909661177545,142.45385508233687,132.656,138.315,69.49554979933255,0.3300787415165891,EURJPY_merged,44.64822597379164
2022-06-08 21:00:00,2022-06-09 13:00:00,1.5,30.0,0.3492449060905338,4989.212944150484,-1,143.839,144.70389994480178,142.54165008279736,132.656,138.315,67.79859155043206,0.2860642686291178,EURJPY_merged,44.65075509390947
2022-06-08 13:00:00,2022-06-10 01:00:00,1.5,30.0,0.28855766137851774,4122.252305407396,-1,143.814,144.86061715983286,142.24407426025067,132.656,138.315,68.99926642405276,0.3432386447101735,EURJPY_merged,44.71144233862148
2022-06-08 13:00:00,2022-06-10 01:00:00,1.5,60.0,0.5771153227570355,8244.504610814793,-1,143.814,144.86061715983286,142.24407426025067,132.656,138.315,69.19853922478072,0.3432386447101735,EURJPY_merged,89.42288467724296
2022-06-08 14:00:00,2022-06-10 02:00:00,1.5,30.0,0.29314502184030355,4187.786026290051,-1,143.741,144.77071593413052,142.19642609880424,132.656,138.315,69.49554979933255,0.3300787415165891,EURJPY_merged,44.7068549781597
2022-06-08 11:00:00,2022-06-10 06:00:00,1.5,30.0,0.3789511682702156,5413.588118145937,-1,167.966,168.89680224982573,166.56979662526143,155.594,168.423,72.20503501569291,0.38651226422097995,GBPJPY_merged,44.62104883172979
2022-06-08 11:00:00,2022-06-10 08:00:00,1.5,60.0,0.6315852804503593,9022.646863576563,-1,167.966,169.08296269979087,166.29055595031372,155.594,168.423,72.20503501569291,0.38651226422097995,GBPJPY_merged,89.36841471954963
2022-06-08 11:00:00,2022-06-10 08:00:00,1.5,30.0,0.31579264022517967,4511.323431788282,-1,167.966,169.08296269979087,166.29055595031372,155.594,168.423,72.20503501569291,0.38651226422097995,GBPJPY_merged,44.68420735977482
2022-06-08 11:00:00,2022-06-10 08:00:00,1.5,30.0,0.31579264022517967,4511.323431788282,-1,167.966,169.08296269979087,166.29055595031372,155.594,168.423,72.5693141267595,0.38651226422097995,GBPJPY_merged,44.68420735977482
2022-06-08 12:00:00,2022-06-12 19:00:00,-1.1,30.0,0.367733859885399,5253.3408555057,-1,134.05,134.81551286326402,132.901730705104,126.359,131.345,69.86553053720807,0.3037619206409214,USDJPY_merged,-33.3677338598854
2022-06-08 12:00:00,2022-06-12 20:00:00,-1.1,30.0,0.3064448832378325,4377.78404625475,-1,134.05,134.96861543591683,132.67207684612478,126.359,131.345,69.86553053720807,0.3037619206409214,USDJPY_merged,-33.30644488323783
2022-06-08 12:00:00,2022-06-12 20:00:00,-1.1,60.0,0.612889766475665,8755.5680925095,-1,134.05,134.96861543591683,132.67207684612478,126.359,131.345,69.64352963214546,0.3037619206409214,USDJPY_merged,-66.61288976647566
2022-06-07 06:00:00,2022-06-12 21:00:00,1.5,90.0,1.5947621133161105,22782.315904515865,-1,1.11339,1.117788371983778,1.1067924420243334,1.09209,1.1109,67.79929511406331,0.001526500912987582,AUDNZD_merged,133.4052378866839
2022-06-13 09:00:00,2022-06-13 15:00:00,-1.1,30.0,0.318906815086198,4555.811644088543,1,1.21949,1.2114596636169164,1.2315355045746252,1.2155,1.26663,25.3283619803682,0.002664151737621101,GBPUSD_merged,-33.3189068150862
2022-06-13 09:00:00,2022-06-13 15:00:00,-1.1,60.0,0.637813630172396,9111.623288177087,1,1.21949,1.2114596636169164,1.2315355045746252,1.2155,1.26663,25.3283619803682,0.002664151737621101,GBPUSD_merged,-66.6378136301724
2022-06-13 12:00:00,2022-06-14 06:00:00,-1.1,30.0,0.3404656487668871,4863.794982384102,1,1.2168,1.2092947494431383,1.228057875835293,1.2155,1.26663,30.373600189478978,0.0030476644925486822,GBPUSD_merged,-33.34046564876689
2022-06-13 12:00:00,2022-06-14 07:00:00,-1.1,30.0,0.2837213739724059,4053.1624853200847,1,1.2168,1.207793699331766,1.2303094510023513,1.2155,1.26663,30.450389155250697,0.0030476644925486822,GBPUSD_merged,-33.283721373972405
2022-06-14 12:00:00,2022-06-15 14:00:00,1.5,30.0,0.29190858934997516,4170.122704999645,1,1.20149,1.192846441392771,1.2144553379108431,1.2155,1.26663,27.320612786994108,0.003397607482684994,GBPUSD_merged,44.70809141065003
2022-06-15 20:00:00,2022-06-16 10:00:00,1.5,59.99999999999999,0.8632005363098889,12331.436232998414,-1,1.11537,1.1207969590934523,1.1072295613598213,1.09209,1.1109,66.42768017897968,0.001789773052735295,AUDNZD_merged,89.1367994636901
2022-06-16 22:00:00,2022-06-17 07:00:00,-1.1,29.999999999999996,0.2895979039927111,4137.112914181588,1,0.74829,0.7428638246778211,0.7564292629832684,0.74564,0.78115,29.76140102437538,0.002166150833952187,CADCHF_merged,-33.289597903992714
2022-06-17 11:00:00,2022-06-21 07:00:00,-1.1,30.0,0.2106132127598251,3008.760182283216,-1,139.142,140.52936879880946,137.0609468017858,127.502,137.788,65.8862532380082,0.5530941252720851,CHFJPY_merged,-33.210613212759824
2022-06-17 11:00:00,2022-06-21 08:00:00,-1.1,30.0,0.1755110106331876,2507.30015190268,-1,139.142,140.80684255857136,136.64473616214298,127.502,136.18,65.8862532380082,0.5530941252720851,CHFJPY_merged,-33.17551101063319
2022-06-17 11:00:00,2022-06-21 08:00:00,-1.1,60.0,0.3510220212663752,5014.60030380536,-1,139.142,140.80684255857136,136.64473616214298,127.502,136.18,66.17248626129579,0.5530941252720851,CHFJPY_merged,-66.35102202126637
2022-06-17 11:00:00,2022-06-21 08:00:00,-1.1,60.0,0.3510220212663752,5014.60030380536,-1,139.142,140.80684255857136,136.64473616214298,127.502,136.18,65.8862532380082,0.5530941252720851,CHFJPY_merged,-66.35102202126637
2022-06-16 18:00:00,2022-06-23 10:00:00,-1.1,30.0,0.21607700945388267,3086.814420769753,1,0.74609,0.7388389324109033,0.7569666013836451,0.74564,0.78115,25.260855162342914,0.0023829494918632746,CADCHF_merged,-33.21607700945388
2022-06-16 17:00:00,2022-06-23 10:00:00,-1.1,90.0,0.6253475699552836,8933.53671364691,1,0.74511,0.7376034656732805,0.7563698014900794,0.74564,0.78115,22.94242324943982,0.0024170225296989154,CADCHF_merged,-99.6253475699553
2022-06-16 18:00:00,2022-06-23 10:00:00,-1.1,15.0,0.10803850472694133,1543.4072103848764,1,0.74609,0.7388389324109033,0.7569666013836451,0.74564,0.78115,26.368379843531333,0.0023829494918632746,CADCHF_merged,-16.60803850472694
2022-06-16 17:00:00,2022-06-23 10:00:00,-1.1,90.0,0.6253475699552836,8933.53671364691,1,0.74511,0.7376034656732805,0.7563698014900794,0.74564,0.78115,24.23430366900175,0.0024170225296989154,CADCHF_merged,-99.6253475699553
2022-06-21 12:00:00,2022-06-28 02:00:00,-1.1,30.0,0.3185408399651462,4550.583428073518,-1,141.026,141.95572254368517,139.63141618447227,127.502,136.18,69.86397154316977,0.3097712635215955,CHFJPY_merged,-33.318540839965145
2022-06-21 12:00:00,2022-06-28 02:00:00,-1.1,30.0,0.3185408399651462,4550.583428073518,-1,141.026,141.95572254368517,139.63141618447227,127.502,136.18,70.98820581733324,0.3097712635215955,CHFJPY_merged,-33.318540839965145
2022-06-28 16:00:00,2022-06-29 05:00:00,-1.1,15.0,0.21474080726119246,3067.7258180170356,1,0.80383,0.7998995802965227,0.8097256295552159,0.80284,0.83519,28.458579483421723,0.0014595887869101637,NZDCAD_merged,-16.714740807261194
2022-06-28 16:00:00,2022-06-29 05:00:00,-1.1,15.0,0.21474080726119246,3067.7258180170356,1,0.80383,0.7998995802965227,0.8097256295552159,0.80284,0.83519,28.458579483421723,0.0014595887869101637,NZDCAD_merged,-16.714740807261194
2022-06-28 16:00:00,2022-06-29 05:00:00,-1.1,15.0,0.21474080726119246,3067.7258180170356,1,0.80383,0.7998995802965227,0.8097256295552159,0.80284,0.83519,30.15746297184225,0.0014595887869101637,NZDCAD_merged,-16.714740807261194
2022-06-28 16:00:00,2022-06-29 05:00:00,-1.1,15.0,0.21474080726119246,3067.7258180170356,1,0.80383,0.7998995802965227,0.8097256295552159,0.80284,0.83519,31.61411044922578,0.0014595887869101637,NZDCAD_merged,-16.714740807261194
2022-06-28 16:00:00,2022-06-29 05:00:00,-1.1,15.0,0.21474080726119246,3067.7258180170356,1,0.80383,0.7998995802965227,0.8093325875848681,0.80284,0.83519,28.458579483421723,0.0014595887869101637,NZDCAD_merged,-16.714740807261194
2022-06-28 16:00:00,2022-06-29 09:00:00,-1.1,15.0,0.19993109641559298,2856.158520222757,1,0.80383,0.7996084380962653,0.8101623428556023,0.80284,0.8267,26.47496161878944,0.0014595887869101637,NZDCAD_merged,-16.699931096415593
2022-06-28 16:00:00,2022-06-29 09:00:00,-1.1,15.0,0.19993109641559298,2856.158520222757,1,0.80383,0.7996084380962653,0.8097401866652287,0.80284,0.83519,27.505110066868784,0.0014595887869101637,NZDCAD_merged,-16.699931096415593
2022-06-29 09:00:00,2022-06-29 15:00:00,-1.1,15.0,0.19257037452543885,2751.005350363412,1,1.00213,0.9966658339641127,1.010326249053831,1.02181,1.05136,27.95376480433013,0.00199175267158953,EURCHF_merged,-16.692570374525438
2022-06-29 09:00:00,2022-06-29 15:00:00,-1.1,15.0,0.18615136204125757,2659.3051720179656,1,1.00213,0.9964774144456338,1.009478361220676,1.02181,1.05136,29.650634163217955,0.00199175267158953,EURCHF_merged,-16.686151362041258
2022-06-29 09:00:00,2022-06-29 15:00:00,-1.1,15.0,0.19257037452543885,2751.005350363412,1,1.00213,0.9966658339641127,1.0097798324502423,1.02181,1.05136,29.074321825830886,0.00199175267158953,EURCHF_merged,-16.692570374525438
2022-06-29 11:00:00,2022-06-30 09:00:00,1.4,15.0,0.19290949232072288,2755.8498902960414,-1,136.813,137.55766864368275,135.77046389884416,131.492,131.345,57.75250851350384,0.26529784157329367,USDJPY_merged,20.807090507679277
2022-06-28 19:00:00,2022-06-30 23:00:00,-1.1,15.0,0.19749917278644719,2821.416754092103,1,0.80304,0.7987706555359008,0.808590147803329,0.80284,0.8267,31.506661314618054,0.0013893209055545308,NZDCAD_merged,-16.697499172786447
2022-06-28 19:00:00,2022-06-30 23:00:00,-1.1,15.0,0.20430948908942811,2918.7069869918305,1,0.80304,0.7989129670180374,0.8088178461747476,0.80284,0.83519,30.986358763171655,0.0013893209055545308,NZDCAD_merged,-16.70430948908943
2022-06-29 19:00:00,2022-07-01 05:00:00,1.4,60.0,0.9362741541427932,13375.345059182762,1,0.99694,0.9924678611702856,1.0032009943616003,1.02181,1.05136,27.947398668218657,0.0014733942065588024,EURCHF_merged,83.0637258458572
2022-06-29 23:00:00,2022-07-01 05:00:00,1.5,60.0,1.132515806973785,16178.797242482644,1,0.99691,0.9932129019337149,1.0024556470994275,1.02181,1.05136,31.746340523572194,0.0013136316100980211,EURCHF_merged,88.86748419302621
2022-06-29 23:00:00,2022-07-01 05:00:00,1.5,60.0,1.132515806973785,16178.797242482644,1,0.99691,0.9932129019337149,1.0024556470994275,1.02181,1.05136,31.746340523572194,0.0013136316100980211,EURCHF_merged,88.86748419302621
2022-06-29 23:00:00,2022-07-01 05:00:00,1.4,60.0,1.132515806973785,16178.797242482644,1,0.99691,0.9932129019337149,1.002085937292799,1.02181,1.05136,31.746340523572194,0.0013136316100980211,EURCHF_merged,82.86748419302621
2022-06-30 01:00:00,2022-07-01 05:00:00,1.5,60.0,1.2246708080887518,17495.29725841074,1,0.99745,0.9940292521775399,1.00258112173369,1.02181,1.05136,33.76362295956181,0.0012421619495232954,EURCHF_merged,88.77532919191125
2022-06-29 19:00:00,2022-07-01 05:00:00,1.3,15.0,0.22626625391784175,3232.375055969168,1,0.99694,0.9923136494865024,1.002954255667547,1.02181,1.05136,28.930253397540344,0.0014733942065588024,EURCHF_merged,19.273733746082158
2022-06-30 01:00:00,2022-07-01 05:00:00,1.5,60.0,1.2246708080887518,17495.29725841074,1,0.99745,0.9940292521775399,1.00258112173369,1.02181,1.05136,33.49642716717271,0.0012421619495232954,EURCHF_merged,88.77532919191125
2022-06-29 19:00:00,2022-07-01 05:00:00,1.4,30.0,0.4681370770713966,6687.672529591381,1,0.99694,0.9924678611702856,1.0032009943616003,1.02181,1.05136,28.43388359895234,0.0014733942065588024,EURCHF_merged,41.5318629229286
2022-06-29 12:00:00,2022-07-04 05:00:00,1.4,60.0,0.6200477566695166,8857.82509527881,1,0.59372,0.5896983355827395,0.5993503301841647,0.61672,0.632,36.32963278919919,0.0014723978154599785,NZDCHF_merged,83.37995224333048
2022-06-29 12:00:00,2022-07-04 07:00:00,1.5,15.0,0.15501193916737915,2214.4562738197023,1,0.59372,0.5896983355827395,0.5997524966258908,0.61672,0.632,36.32563623330021,0.0014723978154599785,NZDCHF_merged,22.34498806083262
2022-06-29 12:00:00,2022-07-04 07:00:00,1.5,15.0,0.15501193916737915,2214.4562738197023,1,0.59372,0.5896983355827395,0.5997524966258908,0.61672,0.632,36.58467093616189,0.0014723978154599785,NZDCHF_merged,22.34498806083262
2022-06-29 12:00:00,2022-07-04 07:00:00,1.5,60.0,0.6200477566695166,8857.82509527881,1,0.59372,0.5896983355827395,0.5997524966258908,0.61672,0.632,36.32963278919919,0.0014723978154599785,NZDCHF_merged,89.37995224333048
2022-06-29 12:00:00,2022-07-04 07:00:00,1.5,60.0,0.6200477566695166,8857.82509527881,1,0.59372,0.5896983355827395,0.5997524966258908,0.61672,0.632,36.32963278919919,0.0014723978154599785,NZDCHF_merged,89.37995224333048
2022-07-05 21:00:00,2022-07-06 06:00:00,-1.1,60.0,0.9081545164973047,12973.635949961497,1,1.02663,1.0218820788900214,1.0337518816649678,1.0359,1.07738,29.97585939657891,0.0017485972071355084,EURUSD_merged,-66.9081545164973
2022-07-05 21:00:00,2022-07-06 06:00:00,-1.1,60.0,0.9081545164973047,12973.635949961497,1,1.02663,1.0218820788900214,1.03327708955397,1.0359,1.07738,29.97585939657891,0.0017485972071355084,EURUSD_merged,-66.9081545164973
2022-07-05 23:00:00,2022-07-06 06:00:00,-1.1,30.0,0.47040082873723466,6720.011839103353,1,1.02651,1.0219273741449675,1.033383938782549,1.0359,1.07738,31.169035766772172,0.0016281782041117233,EURUSD_merged,-33.47040082873723
2022-07-06 03:00:00,2022-07-06 06:00:00,-1.1,30.0,0.4429048048403126,6327.211497718752,1,1.02689,1.0220210778830285,1.0341933831754575,1.0359,1.07738,34.25928027594746,0.0018180684529267544,EURUSD_merged,-33.44290480484031
2022-07-05 21:00:00,2022-07-06 06:00:00,-1.1,30.0,0.4227615852659866,6039.451218085524,1,1.02663,1.021530381030023,1.0337694665579678,1.0359,1.07738,29.97585939657891,0.0017485972071355084,EURUSD_merged,-33.42276158526599
2022-07-05 09:00:00,2022-07-06 07:00:00,-1.1,60.0,0.9347294864125082,13353.278377321547,1,0.99435,0.9898821084220543,1.0010518373669186,1.02181,1.05136,28.410938310103113,0.0016865764686056794,EURCHF_merged,-66.93472948641251
2022-07-05 09:00:00,2022-07-06 07:00:00,-1.1,60.0,0.9347294864125082,13353.278377321547,1,0.99435,0.9898821084220543,1.0010518373669186,1.02181,1.05136,30.78566206660321,0.0016865764686056794,EURCHF_merged,-66.93472948641251
2022-07-05 11:00:00,2022-07-06 08:00:00,-1.1,90.00000000000001,1.26592644298959,18084.66347127986,1,0.99378,0.9888343619381118,1.0007038932866434,1.02181,1.05136,28.471764843428247,0.0016914358326242864,EURCHF_merged,-100.26592644298962
2022-07-05 11:00:00,2022-07-06 08:00:00,-1.1,90.0,1.3596987720999298,19424.268172856144,1,0.99378,0.9891754404251386,1.000686839362292,1.02181,1.05136,29.607946137993764,0.0016914358326242864,EURCHF_merged,-100.35969877209995
2022-07-05 11:00:00,2022-07-06 08:00:00,-1.1,90.0,1.3596987720999298,19424.268172856144,1,0.99378,0.9891754404251386,1.000686839362292,1.02181,1.05136,29.607946137993764,0.0016914358326242864,EURCHF_merged,-100.35969877209995
2022-07-05 16:00:00,2022-07-06 08:00:00,-1.1,60.0,0.6836047989859846,9765.782842656923,1,1.19564,1.1882941065723225,1.2059242507987487,1.19332,1.26663,32.21699797529262,0.0025806511788309056,GBPUSD_merged,-66.68360479898598
2022-07-05 16:00:00,2022-07-06 08:00:00,-1.1,30.0,0.3182298202176135,4546.1402888230505,1,1.19564,1.1877499663184203,1.2066860471542116,1.19332,1.26663,32.21699797529262,0.0025806511788309056,GBPUSD_merged,-33.31822982021761
2022-07-05 11:00:00,2022-07-06 08:00:00,-1.1,90.0,1.3596987720999298,19424.268172856144,1,0.99378,0.9891754404251386,1.000226383404806,1.02181,1.05136,29.607946137993764,0.0016914358326242864,EURCHF_merged,-100.35969877209995
2022-07-05 16:00:00,2022-07-06 08:00:00,-1.1,60.0,0.6836047989859846,9765.782842656923,1,1.19564,1.1882941065723225,1.2066588401415164,1.19332,1.26663,33.99353734096874,0.0025806511788309056,GBPUSD_merged,-66.68360479898598
2022-07-05 09:00:00,2022-07-06 08:00:00,-1.1,30.0,0.4206282688856287,6008.975269794696,1,0.99435,0.9893856760245047,1.000803621168144,1.02181,1.05136,27.010259685962975,0.0016865764686056794,EURCHF_merged,-33.42062826888563
2022-07-05 16:00:00,2022-07-06 08:00:00,-1.1,60.0,0.6836047989859846,9765.782842656923,1,1.19564,1.1882941065723225,1.2066588401415164,1.19332,1.26663,33.08849649923263,0.0025806511788309056,GBPUSD_merged,-66.68360479898598
2022-07-05 11:00:00,2022-07-06 08:00:00,-1.1,15.000000000000002,0.210987740498265,3014.110578546643,1,0.99378,0.9888343619381118,1.0011984570928323,1.02181,1.05136,27.347685523743326,0.0016914358326242864,EURCHF_merged,-16.71098774049827
2022-07-05 09:00:00,2022-07-06 08:00:00,-1.1,60.0,0.8702653839013007,12432.36262716144,1,0.99435,0.9895511534903545,1.0010683851135036,1.02181,1.05136,25.460421278184246,0.0016865764686056794,EURCHF_merged,-66.8702653839013
2022-06-29 12:00:00,2022-07-07 13:00:00,1.4,15.0,0.1627977994229382,2325.6828488991173,1,1.15948,1.1520016802418986,1.1699496476613422,1.19717,1.22942,35.21788819648548,0.0027254803400878005,GBPCHF_merged,20.83720220057706
2022-06-29 12:00:00,2022-07-07 14:00:00,1.4,60.0,0.6062814599199078,8661.163713141541,1,1.15948,1.1514477306301873,1.1707251771177378,1.19717,1.22942,35.616167053403736,0.0027254803400878005,GBPCHF_merged,83.39371854008009
2022-06-29 12:00:00,2022-07-07 14:00:00,1.4,15.0,0.15157036497997695,2165.2909282853852,1,1.15948,1.1514477306301873,1.1707251771177378,1.19717,1.22942,35.21788819648548,0.0027254803400878005,GBPCHF_merged,20.848429635020022
2022-06-29 12:00:00,2022-07-07 14:00:00,1.5,15.0,0.1627977994229382,2325.6828488991173,1,1.15948,1.1520016802418986,1.1706974796371523,1.19717,1.22942,35.21788819648548,0.0027254803400878005,GBPCHF_merged,22.33720220057706
2022-06-29 12:00:00,2022-07-07 14:00:00,1.5,15.0,0.1627977994229382,2325.6828488991173,1,1.15948,1.1520016802418986,1.1706974796371523,1.19717,1.22942,35.21788819648548,0.0027254803400878005,GBPCHF_merged,22.33720220057706
2022-07-07 16:00:00,2022-07-08 03:00:00,-1.1,15.0,0.20304586347166065,2900.655192452295,1,1.3191,1.3122786101114376,1.3286499458439873,1.33889,1.37143,26.53754560552953,0.002392760309145586,EURCAD_merged,-16.70304586347166
2022-07-07 16:00:00,2022-07-08 03:00:00,-1.1,15.0,0.21808629780289476,3115.518540041354,1,1.3191,1.3127490507934074,1.3286264238098888,1.33889,1.37143,29.845651457916524,0.002392760309145586,EURCAD_merged,-16.718086297802895
2022-07-07 16:00:00,2022-07-08 03:00:00,-1.1,15.000000000000002,0.19627766802260535,2803.9666860372195,1,1.3191,1.3120433897704527,1.3282735932984113,1.33889,1.37143,27.544260530791448,0.002392760309145586,EURCAD_merged,-16.69627766802261
2022-07-07 16:00:00,2022-07-08 03:00:00,-1.1,15.0,0.21808629780289476,3115.518540041354,1,1.3191,1.3127490507934074,1.3286264238098888,1.33889,1.37143,28.415091826545055,0.002392760309145586,EURCAD_merged,-16.718086297802895
2022-07-11 15:00:00,2022-07-13 03:00:00,-1.1,15.0,0.24690814349086718,3527.2591927266744,1,0.98613,0.9819363898364766,0.9920010542289327,1.02181,1.05136,30.06347939599186,0.0014170672937390291,EURCHF_merged,-16.746908143490867
2022-07-11 22:00:00,2022-07-13 04:00:00,1.5,14.999999999999998,0.25463196127508986,3637.599446786998,1,0.87683,0.8732143050362191,0.8822535424456713,0.8883,0.91305,32.32329838430089,0.0013442072626759782,AUDCAD_merged,22.245368038724905
2022-07-12 03:00:00,2022-07-13 10:00:00,-1.1,15.0,0.268497667897949,3835.6809699707005,1,1.30521,1.3001057824821,1.3128663262768498,1.33889,1.37143,28.44367040814077,0.0018000696485886516,EURCAD_merged,-16.76849766789795
2022-07-12 03:00:00,2022-07-13 10:00:00,-1.1,30.0,0.5767727680770757,8239.610972529654,1,1.30521,1.3004577974833345,1.3123383037749983,1.33889,1.37143,29.716100926479708,0.0018000696485886516,EURCAD_merged,-33.57677276807708
2022-07-12 03:00:00,2022-07-13 10:00:00,-1.1,15.0,0.2595477456346841,3707.8249376383446,1,1.30521,1.2999297749814829,1.3120742925240723,1.33889,1.37143,29.281893875665133,0.0018000696485886516,EURCAD_merged,-16.759547745634684
2022-07-12 07:00:00,2022-07-13 10:00:00,-1.1,29.999999999999996,0.5425986922830508,7751.409889757869,1,1.30723,1.3021706752374405,1.314818987143839,1.33889,1.37143,44.58967195416521,0.002061407987123623,EURCAD_merged,-33.54259869228305
2022-07-12 03:00:00,2022-07-13 10:00:00,-1.1,15.0,0.268497667897949,3835.6809699707005,1,1.30521,1.3001057824821,1.31235590452506,1.33889,1.37143,28.88113020689536,0.0018000696485886516,EURCAD_merged,-16.76849766789795
2022-07-14 05:00:00,2022-07-14 07:00:00,1.3,15.0,0.1600143718260237,2285.9195975146245,-1,106.484,107.18273848657522,105.5756399674522,103.361,106.422,55.91433420872648,0.24984762679709116,CADJPY_merged,19.339985628173977
2022-07-14 05:00:00,2022-07-14 09:00:00,1.5,30.0,0.3555874929467193,5079.821327810277,-1,106.484,107.1128646379177,105.54070304312346,101.656,106.422,56.280364320793055,0.24984762679709116,CADJPY_merged,44.64441250705328
2022-07-14 05:00:00,2022-07-14 09:00:00,1.4,14.999999999999998,0.16553210878554173,2364.744411222025,-1,106.484,107.15944720368937,105.53837391483486,101.656,106.422,55.381945152335796,0.24984762679709116,CADJPY_merged,20.834467891214455
2022-07-14 05:00:00,2022-07-14 09:00:00,1.5,14.999999999999998,0.16553210878554173,2364.744411222025,-1,106.484,107.15944720368937,105.47082919446594,103.361,106.422,53.481989962138236,0.24984762679709116,CADJPY_merged,22.334467891214455
2022-07-20 02:00:00,2022-07-21 13:00:00,1.4,30.0,0.35239979897605855,5034.282842515123,-1,86.348,86.86255988490028,85.62761616113961,83.013,86.56,67.77670187121197,0.17840341142126978,NZDJPY_merged,41.64760020102394
2022-07-20 03:00:00,2022-07-22 07:00:00,-1.1,30.0,0.4435658575032227,6336.655107188896,1,1.91934,1.9102531554383202,1.9329702668425197,1.92268,1.9633,31.641303606034185,0.003208866485266959,GBPNZD_merged,-33.44356585750322
2022-07-20 03:00:00,2022-07-22 07:00:00,-1.1,30.0,0.4764225876886466,6806.036966980666,1,1.91934,1.9108798343736084,1.9320302484395873,1.92268,1.9633,34.85737092999186,0.003208866485266959,GBPNZD_merged,-33.476422587688646
2022-07-20 03:00:00,2022-07-22 07:00:00,-1.1,29.999999999999996,0.428780328919782,6125.4332702826005,1,1.91934,1.9099398159706762,1.9315602392381213,1.92268,1.9633,34.07024592304781,0.003208866485266959,GBPNZD_merged,-33.428780328919785
2022-07-20 03:00:00,2022-07-22 07:00:00,-1.1,30.0,0.4435658575032227,6336.655107188896,1,1.91934,1.9102531554383202,1.9320615823863518,1.92268,1.9633,33.24713700250376,0.003208866485266959,GBPNZD_merged,-33.44356585750322
2022-07-19 17:00:00,2022-07-22 12:00:00,1.4,30.0,0.35986917472945024,5140.988210420718,-1,95.24,95.79576863495008,94.46192391106987,91.421,95.318,70.21400427890347,0.18409833138795792,AUDJPY_merged,41.640130825270546
2022-07-26 19:00:00,2022-07-27 14:00:00,-1.1,30.0,0.572563493691206,8179.478481302943,1,0.84128,0.8381944243049614,0.845908363542558,0.84029,0.86783,32.43601107672573,0.001098319683478898,EURGBP_merged,-33.572563493691206
2022-07-27 14:00:00,2022-07-28 07:00:00,1.5,14.999999999999998,0.40816335780970725,5830.905111567247,-1,1.11642,1.11929198979911,1.1121120153013349,1.09741,1.11667,68.59467835866076,0.0011988819253837717,AUDNZD_merged,22.091836642190287
2022-07-27 14:00:00,2022-07-28 10:00:00,1.5,15.0,0.34013613150808947,4859.087592972707,-1,1.11642,1.119866387758932,1.1112504183616019,1.09741,1.10939,66.66658705821987,0.0011988819253837717,AUDNZD_merged,22.15986386849191
2022-07-27 17:00:00,2022-07-28 10:00:00,1.3,15.0,0.3567488782257662,5096.412546082374,-1,1.11562,1.1189035450130238,1.1113513914830693,1.0952,1.11667,62.12413502246659,0.0012356900838441317,AUDNZD_merged,19.143251121774234
2022-07-27 14:00:00,2022-07-28 10:00:00,1.5,15.0,0.34013613150808947,4859.087592972707,-1,1.11642,1.119866387758932,1.1112504183616019,1.09741,1.11667,68.59467835866076,0.0011988819253837717,AUDNZD_merged,22.15986386849191
2022-07-28 17:00:00,2022-07-28 23:00:00,-1.1,15.0,0.15545020906008483,2220.7172722869263,1,136.89,135.96536631266642,138.27695053100032,136.861,144.273,33.21812085908224,0.294910427031817,EURJPY_merged,-16.655450209060085
2022-07-28 17:00:00,2022-07-28 23:00:00,-1.1,60.0,0.6218008362403393,8882.869089147705,1,136.89,135.96536631266642,138.27695053100032,136.861,144.273,32.42797291745898,0.294910427031817,EURJPY_merged,-66.62180083624034
2022-07-28 20:00:00,2022-07-28 23:00:00,-1.1,60.0,0.7274979598887923,10392.82799841132,1,136.979,136.18819118441525,138.00705146026021,136.861,144.273,40.616770275187704,0.3031141429259832,EURJPY_merged,-66.7274979598888
2022-07-28 17:00:00,2022-07-28 23:00:00,-1.1,15.0,0.15545020906008483,2220.7172722869263,1,136.89,135.96536631266642,138.27695053100032,136.861,144.273,32.42797291745898,0.294910427031817,EURJPY_merged,-16.655450209060085
2022-07-28 15:00:00,2022-07-29 01:00:00,-1.1,60.0,0.6969108462646924,9955.869232352748,1,136.715,135.89107395109775,137.9508890733534,136.861,144.273,27.84273677685212,0.3154582467351264,EURJPY_merged,-66.69691084626469
2022-08-01 00:00:00,2022-08-01 11:00:00,-1.1,30.0,0.2754200506613901,3934.5721523055727,1,103.513,102.72374264753786,104.5390345582008,103.361,106.422,33.93343627915839,0.2887948566668777,CADJPY_merged,-33.27542005066139
2022-08-02 00:00:00,2022-08-02 11:00:00,1.5,60.0,0.5871475904455221,8387.822720650316,1,101.815,101.08669419246782,102.90745871129826,103.361,107.641,24.276640980111214,0.28344215708338116,CADJPY_merged,89.41285240955447
2022-08-02 03:00:00,2022-08-02 12:00:00,1.5,15.0,0.12325619018751685,1760.8027169645266,1,101.72,100.85346339978942,103.01980490031588,103.361,107.641,28.20062628230749,0.2877851381604189,CADJPY_merged,22.376743809812485
2022-08-02 00:00:00,2022-08-02 13:00:00,1.5,60.0,0.4892896587046017,6989.8522672085965,1,101.815,100.94103303096138,103.12595045355792,103.361,107.641,25.53724668750878,0.28344215708338116,CADJPY_merged,89.5107103412954
2022-08-02 00:00:00,2022-08-02 13:00:00,1.5,30.0,0.3779793231682671,5399.704616689531,1,137.717,136.95186370213102,138.86470444680353,138.668,143.109,22.82482247628833,0.2960506249227729,CHFJPY_merged,44.62202067683173
2022-08-02 00:00:00,2022-08-02 13:00:00,1.5,15.0,0.12654042897532802,1807.7204139332575,1,101.815,100.97016526326267,103.082252105106,103.361,107.641,24.276640980111214,0.28344215708338116,CADJPY_merged,22.37345957102467
2022-08-02 10:00:00,2022-08-02 13:00:00,1.3,15.0,0.1634127815681106,2334.468308115866,1,137.682,136.7973317469249,138.8320687289976,138.668,143.747,47.81409460377705,0.34403670079301796,CHFJPY_merged,19.33658721843189
2022-08-02 10:00:00,2022-08-02 18:00:00,1.5,15.0,0.15214293456341332,2173.4704937630477,1,137.682,136.73180076521564,139.1072988521765,138.668,143.747,42.596587546685285,0.34403670079301796,CHFJPY_merged,22.347857065436585
2022-08-02 10:00:00,2022-08-02 19:00:00,1.5,15.0,0.14707150341129957,2101.02147730428,1,137.682,136.69903527436102,139.15644708845846,138.668,143.747,42.596587546685285,0.34403670079301796,CHFJPY_merged,22.3529284965887
2022-08-02 10:00:00,2022-08-02 19:00:00,1.5,30.0,0.29414300682259914,4202.04295460856,1,137.682,136.69903527436102,139.15644708845846,138.668,143.109,45.99728150053984,0.34403670079301796,CHFJPY_merged,44.7058569931774
2022-08-02 10:00:00,2022-08-02 19:00:00,1.5,15.0,0.14707150341129957,2101.02147730428,1,137.682,136.69903527436102,139.15644708845846,138.668,143.747,47.81409460377705,0.34403670079301796,CHFJPY_merged,22.3529284965887
2022-08-02 10:00:00,2022-08-02 19:00:00,1.5,15.0,0.14707150341129957,2101.02147730428,1,137.682,136.69903527436102,139.15644708845846,138.668,143.747,45.99728150053984,0.34403670079301796,CHFJPY_merged,22.3529284965887
2022-08-02 10:00:00,2022-08-02 19:00:00,1.5,15.0,0.14707150341129957,2101.02147730428,1,137.682,136.69903527436102,139.15644708845846,138.668,143.747,42.596587546685285,0.34403670079301796,CHFJPY_merged,22.3529284965887
2022-08-01 17:00:00,2022-08-03 09:00:00,1.5,60.0,0.8308373970922631,11869.105672746617,-1,1.57255,1.5804994616192227,1.5606258075711656,1.53499,1.55795,64.78133189240582,0.002569833358330899,GBPCAD_merged,89.16916260290773
2022-07-28 12:00:00,2022-08-04 03:00:00,1.3,60.0,0.8251910230586977,11788.443186552826,1,0.97269,0.9677392699437554,0.9791259490731181,1.02181,1.05136,33.3961407478368,0.0017983463156397085,EURCHF_merged,77.1748089769413
2022-08-08 12:00:00,2022-08-10 03:00:00,-1.1,30.0,0.6231745820378805,8902.494029112579,1,0.97428,0.9709968301484485,0.978548120807017,1.02181,1.05136,32.99227434109838,0.0012019896314859801,EURCHF_merged,-33.62317458203788
2022-08-04 10:00:00,2022-08-10 06:00:00,-1.1,30.0,0.3623417315606263,5176.310450866091,1,1.92541,1.9142510286538483,1.9399166627499973,1.92425,1.9633,32.778481107651096,0.004131312896824659,GBPNZD_merged,-33.362341731560626
2022-08-08 12:00:00,2022-08-10 08:00:00,-1.1,60.0,1.1217142476681847,16024.489252402642,1,0.97428,0.9706320334982761,0.979751949752586,0.98052,0.99499,34.155518400344775,0.0012019896314859801,EURCHF_merged,-67.12171424766818
2022-08-04 10:00:00,2022-08-10 08:00:00,-1.1,60.00000000000001,0.6747052932508215,9638.647046440308,1,1.92541,1.913424438183763,1.9433883427243555,1.92425,1.9633,35.66481612264731,0.004131312896824659,GBPNZD_merged,-66.67470529325084
2022-08-08 12:00:00,2022-08-10 08:00:00,-1.1,30.0,0.5608571238340924,8012.244626201321,1,0.97428,0.9706320334982761,0.979751949752586,0.98052,0.99499,34.155518400344775,0.0012019896314859801,EURCHF_merged,-33.56085712383409
2022-08-04 09:00:00,2022-08-10 08:00:00,-1.1,60.0,0.6553846235059267,9362.637478656097,1,1.92407,1.9117396924063141,1.9425654613905285,1.92425,1.9633,36.22438115572378,0.004132952350426534,GBPNZD_merged,-66.65538462350592
2022-08-10 16:00:00,2022-08-11 07:00:00,-1.1,29.999999999999996,0.3539233395473566,5056.047707819381,1,1.90756,1.8962415150277365,1.9245377274583948,1.90649,1.9633,30.94401283216003,0.0036826263009386595,GBPNZD_merged,-33.35392333954736
2022-08-10 16:00:00,2022-08-11 07:00:00,-1.1,14.999999999999998,0.1769616697736783,2528.0238539096904,1,1.90756,1.8962415150277365,1.9245377274583948,1.90649,1.9633,31.39695345563205,0.0036826263009386595,GBPNZD_merged,-16.67696166977368
2022-08-10 17:00:00,2022-08-11 07:00:00,-1.1,90.0,1.063409221461435,15191.560306591931,-1,0.81729,0.8221319055393593,0.8100271416909608,0.79811,0.81424,65.24065507629673,0.0015993993336112474,NZDCAD_merged,-100.06340922146146
2022-08-10 16:00:00,2022-08-11 08:00:00,-1.1,90.0,1.3914268925469124,19877.52703638446,1,0.94274,0.938471531400023,0.9491427028999655,0.94948,0.98855,29.97224725683071,0.0016761454799914392,USDCHF_merged,-100.39142689254693
2022-08-10 16:00:00,2022-08-11 09:00:00,-1.1,90.0,1.1793879464789079,16848.39923541297,-1,0.90455,0.9093818833654469,0.8973021749518296,0.87347,0.90291,64.38758573347803,0.0015534400893049958,AUDCAD_merged,-100.17938794647893
2022-08-10 16:00:00,2022-08-11 09:00:00,-1.1,90.0,1.1595224104557604,16564.60586365372,1,0.94274,0.9376178376800277,0.9504232434799585,0.94699,0.98855,30.681535424510905,0.0016761454799914392,USDCHF_merged,-100.15952241045578
2022-08-11 19:00:00,2022-08-12 02:00:00,-1.1,30.0,0.5754742500473605,8221.060714962294,1,1.71753,1.7112624511049745,1.7269313233425383,1.72072,1.78181,34.78373272909341,0.0020875649171264174,GBPAUD_merged,-33.575474250047364
2022-08-11 19:00:00,2022-08-12 02:00:00,-1.1,30.0,0.5562917750457819,7947.025357796884,1,1.71753,1.7110463287292839,1.7272555069060742,1.72072,1.78181,34.78373272909341,0.0020875649171264174,GBPAUD_merged,-33.55629177504578
2022-08-10 10:00:00,2022-08-12 03:00:00,1.5,90.0,1.3236271256950078,18908.958938500113,-1,1.32319,1.3294879194352964,1.3137431208470556,1.29663,1.32182,60.331322658858475,0.0021657845871155194,EURCAD_merged,133.676372874305
2022-08-10 15:00:00,2022-08-12 03:00:00,-1.1,30.0,0.36561455754947236,5223.065107849606,1,1.4542,1.445847433240984,1.4667288501385236,1.45102,1.53972,31.60569834692633,0.002716746853981092,EURAUD_merged,-33.36561455754947
2022-07-28 12:00:00,2022-08-12 08:00:00,-1.1,15.0,0.18566798018820702,2652.399716974386,1,0.97269,0.9671891888263948,0.9809412167604079,0.98052,1.05136,33.3961407478368,0.0017983463156397085,EURCHF_merged,-16.685667980188207
2022-07-28 12:00:00,2022-08-12 08:00:00,-1.1,15.0,0.1920703243326279,2743.861776180399,1,0.97269,0.9673725491988483,0.9806661762017276,1.02181,1.05136,35.82531089020477,0.0017983463156397085,EURCHF_merged,-16.69207032433263
2022-07-28 12:00:00,2022-08-12 08:00:00,-1.1,15.0,0.18566798018820702,2652.399716974386,1,0.97269,0.9671891888263948,0.9809412167604079,0.98052,1.05136,35.82531089020477,0.0017983463156397085,EURCHF_merged,-16.685667980188207
2022-08-12 07:00:00,2022-08-12 15:00:00,-1.1,30.0,0.4873216563489609,6961.737947842299,1,1.71021,1.7028402454380804,1.7212646318428795,1.72072,1.78181,37.36776478108873,0.0025240593424865885,GBPAUD_merged,-33.48732165634896
2022-08-12 07:00:00,2022-08-12 16:00:00,-1.1,30.0,0.4710776011373288,6729.680016247556,1,1.71021,1.7025861159704279,1.7216458260443581,1.72072,1.78181,37.36776478108873,0.0025240593424865885,GBPAUD_merged,-33.47107760113733
2022-08-10 14:00:00,2022-08-15 03:00:00,1.5,60.0,0.7891250654593689,11273.215220848128,-1,1.03163,1.0371206962022272,1.0233939556966594,0.99521,1.02781,63.7676320228133,0.0021601157322557927,EURUSD_merged,89.21087493454063
2022-08-11 14:00:00,2022-08-15 03:00:00,1.5,15.0,0.2735011335207542,3907.1590502964896,1,1.27516,1.2702645248596809,1.282503212710479,1.28189,1.32233,39.875129578263206,0.0016710880991170113,USDCAD_merged,22.226498866479247
2022-08-11 14:00:00,2022-08-15 03:00:00,1.5,15.000000000000002,0.2643844290700625,3776.9204152866073,1,1.27516,1.2700957153720835,1.2827564269418748,1.28189,1.32233,39.875129578263206,0.0016710880991170113,USDCAD_merged,22.23561557092994
2022-08-10 15:00:00,2022-08-15 04:00:00,1.5,90.0,1.0016949405485716,14309.92772212245,-1,1.03037,1.0368503471967674,1.0206494792048488,1.00966,1.02939,63.33503625665197,0.002085107465666089,EURUSD_merged,133.99830505945144
2022-08-10 12:00:00,2022-08-15 04:00:00,1.5,59.99999999999999,1.0525873422556729,15036.962032223899,1,1.27751,1.2724125208791683,1.2851562186812475,1.28189,1.32233,25.429724818579313,0.0020004922448803412,USDCAD_merged,88.94741265774431
2022-08-10 12:00:00,2022-08-15 04:00:00,1.5,30.0,0.45370144062744516,6481.449151820646,1,1.27751,1.2715969242198353,1.286379613670247,1.27668,1.32233,25.429724818579313,0.0020004922448803412,USDCAD_merged,44.54629855937255
2022-08-10 14:00:00,2022-08-15 04:00:00,1.5,30.0,0.3401401144221417,4859.144491744882,-1,1.03163,1.0379992075945836,1.0220761886081249,1.00966,1.02781,63.7676320228133,0.0021601157322557927,EURUSD_merged,44.65985988557786
2022-08-14 20:00:00,2022-08-15 05:00:00,1.5,15.0,0.24945352797870135,3563.6218282671625,1,1.70413,1.696956974569176,1.714889538146236,1.72072,1.78181,35.705962624474246,0.0023502221571598154,GBPAUD_merged,22.2505464720213
2022-08-10 15:00:00,2022-08-15 05:00:00,1.5,30.000000000000004,0.4604615514585697,6578.022163693853,1,1.27806,1.2722312266930902,1.2868031599603647,1.28189,1.32233,31.1797474715836,0.0018762869759482946,USDCAD_merged,44.539538448541435
2022-08-14 21:00:00,2022-08-15 05:00:00,1.5,15.000000000000002,0.25393599417053625,3627.6570595790895,1,1.70516,1.6981093335285207,1.7157359997072192,1.72072,1.76519,32.647162510429894,0.002397349145934111,GBPAUD_merged,22.246064005829467
2022-08-14 21:00:00,2022-08-15 05:00:00,1.5,15.0,0.26269240776262365,3752.748682323195,1,1.70516,1.6983443557442366,1.7153834663836451,1.72072,1.78181,32.647162510429894,0.002397349145934111,GBPAUD_merged,22.237307592237375
2022-08-14 20:00:00,2022-08-15 05:00:00,1.5,15.0,0.24945352797870135,3563.6218282671625,1,1.70413,1.696956974569176,1.714889538146236,1.72072,1.76519,37.440864105518415,0.0023502221571598154,GBPAUD_merged,22.2505464720213
2022-08-10 15:00:00,2022-08-15 05:00:00,1.5,30.000000000000004,0.4604615514585697,6578.022163693853,1,1.27806,1.2722312266930902,1.2868031599603647,1.28189,1.32233,30.501436590862003,0.0018762869759482946,USDCAD_merged,44.539538448541435
2022-08-14 20:00:00,2022-08-15 05:00:00,1.5,15.0,0.24945352797870135,3563.6218282671625,1,1.70413,1.696956974569176,1.714889538146236,1.72072,1.76519,36.76889437509638,0.0023502221571598154,GBPAUD_merged,22.2505464720213
2022-08-10 12:00:00,2022-08-15 08:00:00,-1.1,30.0,0.264741928373518,3782.027548193115,1,103.759,102.93595734355844,104.99356398466233,103.361,107.641,34.55304388574625,0.264679869850958,CADJPY_merged,-33.26474192837352
2022-08-10 12:00:00,2022-08-15 08:00:00,-1.1,60.0,0.529483856747036,7564.05509638623,1,103.759,102.93595734355844,104.99356398466233,103.361,107.641,37.24889665701054,0.264679869850958,CADJPY_merged,-66.52948385674704
2022-08-10 12:00:00,2022-08-15 08:00:00,-1.1,30.0,0.2738709603863979,3912.4422912342566,1,103.759,102.96339209877317,104.95241185184025,103.361,107.641,37.24889665701054,0.264679869850958,CADJPY_merged,-33.2738709603864
2022-08-10 12:00:00,2022-08-15 08:00:00,-1.1,30.0,0.264741928373518,3782.027548193115,1,103.759,102.93595734355844,104.99356398466233,103.361,107.641,37.24889665701054,0.264679869850958,CADJPY_merged,-33.26474192837352
2022-08-10 12:00:00,2022-08-15 08:00:00,-1.1,60.0,0.529483856747036,7564.05509638623,1,103.759,102.93595734355844,104.99356398466233,103.361,107.641,33.71262725873952,0.264679869850958,CADJPY_merged,-66.52948385674704
2022-08-10 12:00:00,2022-08-15 08:00:00,-1.1,60.0,0.6353806280964434,9076.866115663477,1,103.759,103.07313111963204,104.78780332055194,103.361,107.641,34.55304388574625,0.264679869850958,CADJPY_merged,-66.63538062809644
2022-08-10 12:00:00,2022-08-15 08:00:00,-1.1,30.0,0.264741928373518,3782.027548193115,1,103.759,102.93595734355844,104.99356398466233,103.361,107.641,34.55304388574625,0.264679869850958,CADJPY_merged,-33.26474192837352
2022-08-10 12:00:00,2022-08-15 08:00:00,-1.1,60.0,0.5477419207727958,7824.884582468513,1,103.759,102.96339209877317,104.95241185184025,103.361,107.641,34.55304388574625,0.264679869850958,CADJPY_merged,-66.5477419207728
2022-08-14 23:00:00,2022-08-16 09:00:00,1.5,29.999999999999996,0.46017914578772745,6573.987796967535,1,1.59389,1.5866163783449587,1.604800432482562,1.63632,1.6548,41.470164736841745,0.0024497064412693638,EURNZD_merged,44.539820854212266
2022-08-15 23:00:00,2022-08-16 09:00:00,1.5,60.00000000000001,1.5457232700915098,22081.761001307284,1,0.96156,0.9589472735966762,0.9654790896049856,1.02181,1.05136,33.73730959447385,0.0008701587005716385,EURCHF_merged,88.4542767299085
2022-08-14 23:00:00,2022-08-16 09:00:00,1.5,30.0,0.4448398409281366,6354.854870401952,1,1.59389,1.5863655638051297,1.6051766542923054,1.63632,1.6548,41.470164736841745,0.0024497064412693638,EURNZD_merged,44.55516015907186
2022-08-15 23:00:00,2022-08-16 09:00:00,1.5,60.00000000000001,1.49419916108846,21345.702301263715,1,0.96156,0.9588571795827685,0.9656142306258472,0.96987,0.99499,33.73730959447385,0.0008701587005716385,EURCHF_merged,88.50580083891155
2022-08-15 23:00:00,2022-08-16 09:00:00,1.5,30.000000000000004,0.74709958054423,10672.851150631857,1,0.96156,0.9588571795827685,0.9656142306258472,1.02181,1.05136,33.73730959447385,0.0008701587005716385,EURCHF_merged,44.25290041945578
2022-08-15 19:00:00,2022-08-16 10:00:00,1.5,15.0,0.3442612578785117,4918.0179696930245,1,0.96152,0.9585873551644424,0.9659189672533365,0.96987,0.99499,29.370784785787936,0.0009462948300535594,EURCHF_merged,22.15573874212149
2022-08-15 12:00:00,2022-08-16 10:00:00,1.5,30.000000000000004,0.6152319953098707,8789.028504426726,1,0.96238,0.959095063560727,0.9673074046589094,0.96987,0.99499,28.257714819177025,0.0010753374692987739,EURCHF_merged,44.38476800469014
2022-08-15 12:00:00,2022-08-16 10:00:00,1.5,30.000000000000004,0.6152319953098707,8789.028504426726,1,0.96238,0.959095063560727,0.9673074046589094,0.96987,0.99499,27.423308025157766,0.0010753374692987739,EURCHF_merged,44.38476800469014
2022-08-15 13:00:00,2022-08-16 10:00:00,1.5,30.0,0.41153897447021653,5879.12820671738,1,0.73292,0.7291800577454873,0.7385299133817691,0.73565,0.75839,42.56176255649314,0.0012668041701641695,CADCHF_merged,44.58846102552978
2022-08-15 13:00:00,2022-08-16 11:00:00,1.5,30.0,0.3978210086545427,5683.157266493467,1,0.73292,0.7290510942194696,0.7387233586707956,0.73565,0.75839,43.212188958568625,0.0012668041701641695,CADCHF_merged,44.602178991345454
2022-08-15 13:00:00,2022-08-16 11:00:00,1.5,30.0,0.3978210086545427,5683.157266493467,1,0.73292,0.7290510942194696,0.7387233586707956,0.73565,0.75839,42.56176255649314,0.0012668041701641695,CADCHF_merged,44.602178991345454
2022-08-15 13:00:00,2022-08-16 11:00:00,1.5,30.0,0.3978210086545427,5683.157266493467,1,0.73292,0.7290510942194696,0.7387233586707956,0.73565,0.75839,42.87531185668593,0.0012668041701641695,CADCHF_merged,44.602178991345454
2022-08-15 13:00:00,2022-08-16 11:00:00,1.5,30.0,0.3978210086545427,5683.157266493467,1,0.73292,0.7290510942194696,0.7387233586707956,0.73565,0.75839,42.56176255649314,0.0012668041701641695,CADCHF_merged,44.602178991345454
2022-08-19 10:00:00,2022-08-22 03:00:00,-1.1,60.0,0.8839356432999549,12627.652047142214,1,1.71837,1.7102052042315472,1.730617193652679,1.72072,1.76519,37.93869441786376,0.0027672006155144177,GBPAUD_merged,-66.88393564329995
2022-08-19 10:00:00,2022-08-22 04:00:00,-1.1,59.99999999999999,0.8544711218566231,12206.730312237474,1,1.71837,1.7099236595498764,1.7310395106751852,1.72072,1.76519,37.93869441786376,0.0027672006155144177,GBPAUD_merged,-66.85447112185662
2022-08-19 10:00:00,2022-08-22 04:00:00,-1.1,29.999999999999996,0.42723556092831155,6103.365156118737,1,1.71837,1.7099236595498764,1.7310395106751852,1.72072,1.76519,35.88730215100287,0.0027672006155144177,GBPAUD_merged,-33.42723556092831
2022-08-19 10:00:00,2022-08-22 04:00:00,-1.1,59.99999999999999,0.8544711218566231,12206.730312237474,1,1.71837,1.7099236595498764,1.7310395106751852,1.72072,1.76519,35.422812522047764,0.0027672006155144177,GBPAUD_merged,-66.85447112185662
2022-08-22 05:00:00,2022-08-22 10:00:00,-1.1,15.0,0.3153241855306192,4504.631221865989,1,0.96043,0.9572318580677438,0.9652272128983843,1.02181,1.05136,34.34641152938513,0.0011147498797864604,EURCHF_merged,-16.81532418553062
2022-08-22 05:00:00,2022-08-22 10:00:00,-1.1,15.0,0.30481337934626523,4354.4768478037895,1,0.96043,0.9571215773114591,0.9653926340328113,0.96987,0.99499,34.34641152938513,0.0011147498797864604,EURCHF_merged,-16.804813379346264
2022-08-19 14:00:00,2022-08-23 02:00:00,-1.1,59.99999999999999,1.0542756196762921,15061.080281089888,1,1.53614,1.5300203592916424,1.5453194610625365,1.53499,1.57676,26.779451813615626,0.0023872951202471215,GBPCAD_merged,-67.05427561967629
2022-08-19 16:00:00,2022-08-23 02:00:00,-1.1,30.000000000000004,0.46426302074928555,6632.328867846937,1,1.53709,1.530137283854763,1.5475190742178553,1.53499,1.57676,34.16970131504985,0.0023462391598049197,GBPCAD_merged,-33.46426302074929
2022-08-19 16:00:00,2022-08-23 02:00:00,-1.1,30.000000000000004,0.44878758672430935,6411.251238918706,1,1.53709,1.5298975350221689,1.5478786974667469,1.53499,1.57676,34.16970131504985,0.0023462391598049197,GBPCAD_merged,-33.448787586724315
2022-08-19 16:00:00,2022-08-23 02:00:00,-1.1,30.000000000000004,0.44878758672430935,6411.251238918706,1,1.53709,1.5298975350221689,1.5478786974667469,1.53499,1.57676,34.16970131504985,0.0023462391598049197,GBPCAD_merged,-33.448787586724315
2022-08-19 14:00:00,2022-08-23 04:00:00,-1.1,30.0,0.439281508198455,6275.450117120787,1,1.53614,1.5287964311499709,1.5471553532750437,1.53499,1.57676,26.779451813615626,0.0023872951202471215,GBPCAD_merged,-33.439281508198455
2022-08-19 14:00:00,2022-08-23 04:00:00,-1.1,30.0,0.439281508198455,6275.450117120787,1,1.53614,1.5287964311499709,1.5471553532750437,1.53499,1.57676,26.258337319976352,0.0023872951202471215,GBPCAD_merged,-33.439281508198455
2022-08-19 14:00:00,2022-08-23 04:00:00,-1.1,29.999999999999996,0.4544291464121948,6491.84494874564,1,1.53614,1.5290412167783052,1.5467881748325423,1.53499,1.57676,26.779451813615626,0.0023872951202471215,GBPCAD_merged,-33.454429146412195
2022-08-22 15:00:00,2022-08-23 09:00:00,1.5,60.0,1.3654346326279896,19506.20903754271,-1,1.30532,1.3093350907769554,1.299297363834567,1.28189,1.29841,64.530526618978,0.0015734622885834146,USDCAD_merged,88.634565367372
2022-08-22 14:00:00,2022-08-23 10:00:00,-1.1,15.0,0.20784073407431805,2969.1533439188297,1,1.44563,1.438326756452673,1.4565848653209907,1.45102,1.53972,36.00789110749805,0.0023233849075060195,EURAUD_merged,-16.707840734074317
2022-08-23 04:00:00,2022-08-23 10:00:00,1.5,15.0,0.2154442752815009,3077.775361164299,1,0.99332,0.988478905946156,1.000581641080766,0.99521,1.0615,34.75200234680918,0.0016758182931027512,EURUSD_merged,22.284555724718498
2022-08-22 15:00:00,2022-08-23 10:00:00,1.5,90.0,1.474990798698461,21071.29712426373,1,0.9933,0.9890574040424375,0.9996638939363437,0.99521,1.03685,28.02876087350468,0.0016701070699517914,EURUSD_merged,133.52500920130154
2022-08-22 15:00:00,2022-08-23 10:00:00,1.5,30.000000000000004,0.4238479306604772,6054.970438006818,1,0.9933,0.9883785886892275,1.0006821169661588,1.00966,1.03685,28.02876087350468,0.0016701070699517914,EURUSD_merged,44.57615206933953
2022-08-22 14:00:00,2022-08-23 10:00:00,-1.1,15.0,0.2150076559389497,3071.537941984996,1,1.44563,1.4385701979042504,1.4562197031436244,1.45102,1.53972,36.00789110749805,0.0023233849075060195,EURAUD_merged,-16.71500765593895
2022-08-23 10:00:00,2022-08-23 11:00:00,-1.1,30.0,0.45798772631424267,6542.681804489182,1,1.29742,1.2914709715796826,1.3063435426304761,1.29663,1.37143,39.86774024303129,0.0023012898882789823,EURCAD_merged,-33.457987726314244
2022-08-23 01:00:00,2022-08-23 11:00:00,-1.1,29.999999999999996,0.5267332324165992,7524.760463094275,1,1.44226,1.4365099432091946,1.4508850851862083,1.45102,1.53972,34.50315480843684,0.0019204937685826577,EURAUD_merged,-33.526733232416596
2022-08-22 14:00:00,2022-08-23 16:00:00,-1.1,30.0,0.46279560071295806,6611.36572447083,1,1.29649,1.2906069946390897,1.3053145080413653,1.29663,1.37143,33.242944557875106,0.0018923588021864902,EURCAD_merged,-33.46279560071296
2022-08-22 14:00:00,2022-08-23 16:00:00,-1.1,30.0,0.46279560071295806,6611.36572447083,1,1.29649,1.2906069946390897,1.3053145080413653,1.29663,1.32724,31.777344864042156,0.0018923588021864902,EURCAD_merged,-33.46279560071296
2022-08-22 14:00:00,2022-08-23 16:00:00,-1.1,30.0,0.46279560071295806,6611.36572447083,1,1.29649,1.2906069946390897,1.3053145080413653,1.29663,1.32724,31.27735566425855,0.0018923588021864902,EURCAD_merged,-33.46279560071296
2022-08-22 14:00:00,2022-08-23 16:00:00,-1.1,30.0,0.46279560071295806,6611.36572447083,1,1.29649,1.2906069946390897,1.3053145080413653,1.29663,1.32724,31.777344864042156,0.0018923588021864902,EURCAD_merged,-33.46279560071296
2022-08-22 09:00:00,2022-08-24 10:00:00,1.5,15.0,0.26909814287670963,3844.259183952995,1,0.95885,0.9551086419614896,0.9644620370577656,1.02181,1.05136,31.476084097273432,0.0012966108214436936,EURCHF_merged,22.23090185712329
2022-08-22 09:00:00,2022-08-24 10:00:00,1.5,15.0,0.26909814287670963,3844.259183952995,1,0.95885,0.9551086419614896,0.9644620370577656,0.96987,0.99499,29.44317676826984,0.0012966108214436936,EURCHF_merged,22.23090185712329
2022-08-22 09:00:00,2022-08-24 10:00:00,1.5,15.0,0.26909814287670963,3844.259183952995,1,0.95885,0.9551086419614896,0.9644620370577656,0.96987,0.99499,29.44317676826984,0.0012966108214436936,EURCHF_merged,22.23090185712329
2022-08-22 09:00:00,2022-08-24 10:00:00,1.5,15.0,0.26909814287670963,3844.259183952995,1,0.95885,0.9551086419614896,0.9644620370577656,0.96987,0.99499,28.712483988959594,0.0012966108214436936,EURCHF_merged,22.23090185712329
2022-08-23 15:00:00,2022-08-25 04:00:00,-1.1,15.0,0.20342690983583786,2906.0987119405413,1,1.43961,1.4321793680289405,1.4507559479565892,1.45102,1.53972,36.560635589471595,0.002396386086280296,EURAUD_merged,-16.703426909835837
2022-08-22 23:00:00,2022-08-25 07:00:00,-1.1,15.000000000000002,0.24805955991860262,3543.7079988371806,1,1.60599,1.5991920781599656,1.6161868827600516,1.63632,1.6548,28.30594402228023,0.0021976900933439875,EURNZD_merged,-16.748059559918605
2022-08-25 16:00:00,2022-08-26 09:00:00,1.5,15.0,0.24622939122881368,3517.5627318401957,1,1.42927,1.4231751406799549,1.438412288980068,1.45102,1.53972,29.820082167144232,0.0019807897895378103,EURAUD_merged,22.253770608771188
2022-08-22 13:00:00,2022-08-26 10:00:00,1.5,30.0,0.32748539214066846,4678.362744866693,1,1.17747,1.1699194739022196,1.1887957891466707,1.17599,1.22931,35.11889212857384,0.002487067601693965,GBPUSD_merged,44.672514607859334
2022-08-28 19:00:00,2022-08-30 03:00:00,1.5,29.999999999999996,0.36540821964158815,5220.11742345126,1,0.59235,0.5889457662331185,0.5974563506503225,0.59381,0.6087,27.408049645358666,0.0011208342611776483,NZDCHF_merged,44.634591780358406
2022-08-28 23:00:00,2022-08-30 04:00:00,1.5,30.0,0.29433936365661933,4204.848052237419,1,0.68656,0.6816616541515595,0.6939075187726605,0.68689,0.71363,28.42691612406011,0.0015954403816601298,AUDUSD_merged,44.70566063634338
2022-08-28 23:00:00,2022-08-30 04:00:00,1.5,30.0,0.524483490623985,7492.621294628358,-1,1.30565,1.3108777431969079,1.2978083852046383,1.27272,1.29841,70.47541639936018,0.001680968132376227,USDCAD_merged,44.475516509376014
2022-08-28 23:00:00,2022-08-30 04:00:00,1.5,30.0,0.5425691282317086,7750.9875461672655,-1,1.30565,1.3107034850903443,1.2980697723644836,1.27272,1.29841,70.47541639936018,0.001680968132376227,USDCAD_merged,44.45743087176829
2022-08-28 23:00:00,2022-08-30 04:00:00,1.5,15.0,0.14716968182830967,2102.4240261187097,1,0.68656,0.6816616541515595,0.6939075187726605,0.68689,0.71363,32.36673703235053,0.0015954403816601298,AUDUSD_merged,22.35283031817169
2022-08-28 17:00:00,2022-08-30 10:00:00,-1.1,90.0,1.7897411183301914,25567.73026185988,-1,1.30302,1.3076067114053116,1.2961399328920329,1.27272,1.29841,68.06481558082208,0.0017414928076871128,USDCAD_merged,-100.78974111833021
2022-08-26 12:00:00,2022-08-30 12:00:00,1.5,90.0,2.2276233613391123,31823.190876273035,-1,1.12343,1.1266072018209332,1.1186641972686,1.09887,1.11792,62.84931561908094,0.0012493892477752203,AUDNZD_merged,132.7723766386609
2022-08-30 17:00:00,2022-08-31 09:00:00,-1.1,90.0,1.8774805212625383,26821.15030375055,-1,0.85887,0.8617519904860379,0.8545470142709433,0.83864,0.8584,69.20329772146229,0.0011318821805283387,EURGBP_merged,-100.87748052126256
2022-09-01 02:00:00,2022-09-01 10:00:00,-1.1,15.0,0.3286740854434547,4695.34407776364,-1,1.31598,1.320184100843958,1.3100942588184585,1.27272,1.29841,65.30710225628977,0.0016736660277558723,USDCAD_merged,-16.828674085443456
2022-09-01 02:00:00,2022-09-01 10:00:00,-1.1,15.0,0.2934590048602274,4192.271498003249,-1,1.31598,1.320688592945233,1.3103296884657203,1.27272,1.29841,65.73070527170337,0.0016736660277558723,USDCAD_merged,-16.793459004860228
2022-09-01 02:00:00,2022-09-01 10:00:00,-1.1,15.0,0.3160327744648603,4514.753920926576,-1,1.31598,1.3203522648777164,1.3102960556589685,1.27272,1.29841,66.68443903570196,0.0016736660277558723,USDCAD_merged,-16.816032774464862
2022-09-01 02:00:00,2022-09-01 10:00:00,-1.1,15.0,0.2934590048602274,4192.271498003249,-1,1.31598,1.320688592945233,1.3089171105821502,1.27272,1.29841,65.30710225628977,0.0016736660277558723,USDCAD_merged,-16.793459004860228
2022-09-01 12:00:00,2022-09-02 06:00:00,1.3,30.0,0.4089015553847598,5841.450791210855,1,0.99482,0.989710892508261,1.0014618397392607,0.99521,1.03685,34.17445325975351,0.0023228700452145026,EURUSD_merged,38.59109844461524
2022-09-01 06:00:00,2022-09-02 09:00:00,1.3,15.0,0.3351458521911167,4787.797888444525,-1,1.31684,1.3209656127472869,1.311476703428527,1.27272,1.29841,65.56464357074711,0.0018727586271016152,USDCAD_merged,19.16485414780888
2022-09-01 06:00:00,2022-09-02 10:00:00,1.5,15.0,0.32057429340019866,4579.632762859981,-1,1.31684,1.3211531405994363,1.3103702891008455,1.27272,1.29841,65.82016335339357,0.0018727586271016152,USDCAD_merged,22.1794257065998
2022-09-01 06:00:00,2022-09-02 10:00:00,1.3,15.000000000000002,0.2633288838644489,3761.841198063556,-1,1.31684,1.3220907798601833,1.3100139861817617,1.27272,1.29841,65.82016335339357,0.0018727586271016152,USDCAD_merged,19.236671116135554
2022-09-01 12:00:00,2022-09-02 11:00:00,1.5,30.0,0.3911232268897703,5587.474669853862,1,0.99482,0.9894786603495457,1.0028320094756815,0.99521,1.03685,32.87655028172764,0.0023228700452145026,EURUSD_merged,44.60887677311023
2022-09-02 07:00:00,2022-09-02 13:00:00,1.3,30.0,0.5619501677709172,8027.859539584532,-1,140.279,140.80322068164608,139.5975131138601,134.943,138.393,65.25097986205641,0.24361911887659393,EURJPY_merged,38.43804983222908
2022-09-02 11:00:00,2022-09-04 17:00:00,-1.6156045742710847,60.0,1.0668474722592847,15240.67817513264,1,1.51508,1.509115383533764,1.5228340014061068,1.53499,1.57676,41.59086287011097,0.0026832472097749324,GBPCAD_merged,-98.00312192852437
2022-09-02 10:00:00,2022-09-04 17:00:00,1.3,60.0,0.9373129803695496,13390.18543385071,-1,95.627,96.0554944393298,95.06995722887125,90.52,95.753,64.59769493332134,0.21914375685998327,AUDJPY_merged,77.06268701963045
2022-09-02 10:00:00,2022-09-04 17:00:00,1.5,30.0,0.44828012104630643,6404.001729232949,-1,95.627,96.07497145929933,94.95504281105099,90.52,95.753,65.55911085807575,0.21914375685998327,AUDJPY_merged,44.55171987895369
2022-09-01 12:00:00,2022-09-04 17:00:00,-1.1,60.0,0.836075412168187,11943.93445954553,1,1.15375,1.1479541711435652,1.1612845775133653,1.17599,1.22931,34.303194751887055,0.0025691485433004,GBPUSD_merged,-66.83607541216819
2022-09-01 12:00:00,2022-09-04 17:00:00,-1.1,60.0,0.7997243072913093,11424.63296130442,1,1.15375,1.1476907243773637,1.1628389134339547,1.17599,1.22931,33.91552338212768,0.0025691485433004,GBPUSD_merged,-66.79972430729131
2022-09-04 21:00:00,2022-09-05 18:00:00,1.3,60.0,1.1122699128552944,15889.570183647063,1,1.50927,1.5035709031110736,1.516678825955604,1.53499,1.57676,37.42330701565552,0.002479034401170222,GBPCAD_merged,76.8877300871447
2022-09-04 19:00:00,2022-09-05 19:00:00,1.5,60.0,1.020315790473171,14575.939863902446,1,1.50847,1.502260575369747,1.5177841369453793,1.53499,1.57676,31.14202833048533,0.002619767707866045,GBPCAD_merged,88.97968420952682
2022-09-06 00:00:00,2022-09-06 02:00:00,-1.1,30.0,0.6347121972378806,9067.317103398296,-1,143.662,144.13731810687253,143.04408646106575,137.166,143.109,69.44677504253059,0.17605957625874097,CHFJPY_merged,-33.63471219723788
2022-09-02 10:00:00,2022-09-06 03:00:00,-1.1,60.0,0.736460198861789,10520.859983739845,-1,95.627,96.17235655914702,94.91803647310886,90.52,95.753,65.55911085807575,0.21914375685998327,AUDJPY_merged,-66.73646019886179
2022-09-06 06:00:00,2022-09-06 09:00:00,-1.1,60.0,1.1732187681454207,16760.268116363153,1,0.88978,0.8865946810284092,0.8939209146630681,0.8912,0.91054,39.251305365457505,0.00139730995554157,AUDCAD_merged,-67.17321876814542
2022-09-06 07:00:00,2022-09-06 10:00:00,-1.1,60.0,0.9726409399954771,13894.87057136396,-1,140.699,141.30655801622206,139.90917457891135,134.943,138.393,63.98234715112765,0.27979396788592914,EURJPY_merged,-66.97264093999547
2022-09-06 07:00:00,2022-09-06 11:00:00,-1.1,15.0,0.2211888794422541,3159.8411348893446,-1,144.426,145.11160092343877,143.3975986148418,137.166,143.109,73.95580335839476,0.22899552392153033,CHFJPY_merged,-16.721188879442256
2022-09-06 17:00:00,2022-09-06 23:00:00,-1.1,15.000000000000002,0.19492754047709251,2784.6791496727506,-1,108.535,109.1196364742564,107.65804528861538,102.586,105.085,71.49459434141315,0.19648458535303565,CADJPY_merged,-16.694927540477096
2022-09-06 14:00:00,2022-09-06 23:00:00,-1.1,30.000000000000004,0.4584819161799131,6549.741659713044,-1,141.498,142.14610800494776,140.65545959356788,134.943,138.393,68.76413891860443,0.28362350858185575,EURJPY_merged,-33.45848191617992
2022-09-06 17:00:00,2022-09-06 23:00:00,-1.1,90.0,1.2578220594429093,17968.886563470136,1,0.67332,0.6699475706741232,0.6783786439888152,0.68689,0.71363,33.661279333182286,0.001407968361378821,AUDUSD_merged,-100.25782205944293
2022-09-06 21:00:00,2022-09-06 23:00:00,-1.1,30.0,0.4321106618076359,6173.009454394799,-1,108.603,109.13079604892398,107.81130592661401,101.408,107.641,66.11790220354112,0.22679964708111383,CADJPY_merged,-33.432110661807634
2022-09-06 21:00:00,2022-09-07 00:00:00,-1.1,15.0,0.17135422795820038,2447.9175422600056,-1,108.603,109.26848197473024,107.60477703790463,102.586,105.085,66.77252081271584,0.22679964708111383,CADJPY_merged,-16.6713542279582
2022-09-06 18:00:00,2022-09-07 23:00:00,-1.1,60.0,1.3600291508136486,19428.98786876641,1,0.88566,0.8829249321540096,0.8897626017689856,0.8912,0.91054,31.651920635491447,0.0011663627949650595,AUDCAD_merged,-67.36002915081365
2022-09-06 16:00:00,2022-09-07 23:00:00,-1.1,14.999999999999998,0.26266186656514,3752.312379502,1,0.88526,0.8817211421819411,0.8895066293816708,0.8912,0.91054,33.81587576439395,0.0012321722355807744,AUDCAD_merged,-16.76266186656514
2022-09-06 16:00:00,2022-09-07 23:00:00,-1.1,15.0,0.2828666255316892,4040.951793309846,1,0.88526,0.8819739177403739,0.889531906937514,0.8912,0.91054,32.33584327482362,0.0012321722355807744,AUDCAD_merged,-16.78286662553169
2022-09-07 17:00:00,2022-09-08 05:00:00,-1.1,15.0,0.23698830175968724,3385.547167995532,-1,0.86696,0.870801151623269,0.8619665028897502,0.83393,0.8584,66.34425891130275,0.0013517084464922922,EURGBP_merged,-16.736988301759688
2022-09-07 18:00:00,2022-09-08 08:00:00,-1.1,15.0,0.20511089361120596,2930.155623017228,-1,147.144,147.8972569200974,146.01411461985393,137.166,143.109,77.65304741252199,0.2664366657444302,CHFJPY_merged,-16.705110893611206
2022-09-07 12:00:00,2022-09-08 20:00:00,-1.1,15.0,0.15442957876373076,2206.1368394818683,-1,143.506,144.48172823293478,142.0424076505978,133.397,142.322,76.26704262475646,0.3346539768607719,EURJPY_merged,-16.654429578763732
2022-09-07 12:00:00,2022-09-08 22:00:00,-1.1,15.0,0.16068756126036762,2295.5365894338233,-1,97.15,97.78481889450494,96.38821732659409,90.52,95.753,67.01838495894985,0.22916953134092083,AUDJPY_merged,-16.660687561260367
2022-09-09 07:00:00,2022-09-13 08:00:00,-1.1,15.0,0.20025269981571725,2860.752854510247,1,1.1141,1.1082583559119228,1.1216941373145006,1.15246,1.17156,36.20332398843495,0.002402730031456168,GBPCHF_merged,-16.700252699815717
2022-09-09 07:00:00,2022-09-13 11:00:00,-1.1,15.0,0.18594893554316605,2656.4133649023725,1,1.1141,1.1078089986743784,1.1216492015907462,1.15246,1.17156,36.56865685015246,0.002402730031456168,GBPCHF_merged,-16.685948935543166
2022-09-12 06:00:00,2022-09-14 02:00:00,1.3,30.0,0.351053311111802,5015.047301597172,-1,166.677,167.6740613833308,165.3808202016699,160.077,166.33,62.87134490354314,0.3515152546760372,GBPJPY_merged,38.648946688888195
2022-09-13 20:00:00,2022-09-14 04:00:00,1.3,15.0,0.14487826558962077,2069.689508423154,-1,144.452,145.49891065552669,143.0910161478153,130.392,139.387,63.22165707711871,0.3897611867818112,USDJPY_merged,19.35512173441038
2022-09-13 20:00:00,2022-09-14 04:00:00,1.4,15.0,0.16226365746037527,2318.0522494339325,-1,144.452,145.38674165672026,143.14336168059162,130.392,139.387,61.09677666421182,0.3897611867818112,USDJPY_merged,20.837736342539625
2022-09-13 20:00:00,2022-09-14 04:00:00,1.2,15.0,0.14487826558962077,2069.689508423154,-1,144.452,145.49891065552669,143.19570721336797,130.392,139.387,61.586587163400665,0.3897611867818112,USDJPY_merged,17.85512173441038
2022-09-13 20:00:00,2022-09-14 04:00:00,1.3,15.0,0.1560227475580531,2228.896393686473,-1,144.452,145.42413132298907,143.1882292801142,130.392,139.387,62.66353443616273,0.3897611867818112,USDJPY_merged,19.343977252441945
2022-09-13 20:00:00,2022-09-14 08:00:00,1.5,15.0,0.14487826558962077,2069.689508423154,-1,144.452,145.49891065552669,142.88163401670997,130.392,139.387,61.09677666421182,0.3897611867818112,USDJPY_merged,22.35512173441038
2022-09-12 06:00:00,2022-09-14 09:00:00,1.3,15.0,0.2253963774707191,3219.948249581702,-1,0.8688,0.8728472700148808,0.863538548980655,0.83393,0.8584,48.79982781699198,0.0014250640355472058,EURGBP_merged,19.27460362252928
2022-09-13 21:00:00,2022-09-15 06:00:00,-1.1,30.000000000000004,0.33486025647355466,4783.71794962221,1,0.57701,0.5733914129130738,0.5817141632130041,0.58921,0.6087,30.3919389927088,0.0012786130645418671,NZDCHF_merged,-33.33486025647356
2022-09-13 17:00:00,2022-09-15 10:00:00,-1.1,30.000000000000004,0.3719546697313129,5313.638139018756,-1,1.66155,1.6709308608519973,1.649354880892404,1.58681,1.6548,60.2895897819536,0.003288142629488852,EURNZD_merged,-33.37195466973132
2022-09-13 16:00:00,2022-09-15 10:00:00,-1.1,14.999999999999998,0.24417125926208433,3488.160846601205,-1,1.66404,1.6711958053363052,1.6547374530628032,1.58681,1.6548,60.79642749213906,0.0033503074471418377,EURNZD_merged,-16.744171259262085
2022-09-13 16:00:00,2022-09-15 11:00:00,-1.1,15.0,0.2066064501448406,2951.520716354866,-1,1.66404,1.672496860851997,1.6530460808924037,1.58681,1.6548,60.79642749213906,0.0033503074471418377,EURNZD_merged,-16.70660645014484
2022-09-13 16:00:00,2022-09-15 11:00:00,-1.1,15.0,0.21487070815063428,3069.5815450090613,-1,1.66404,1.6721715969730742,1.6526557642376962,1.58681,1.6548,59.7873600374439,0.0033503074471418377,EURNZD_merged,-16.714870708150634
2022-09-13 16:00:00,2022-09-15 12:00:00,-1.1,15.0,0.1918488465630663,2740.697808043805,-1,1.66404,1.6731473886098431,1.6531111336681883,1.58681,1.6548,60.110295926025856,0.0033503074471418377,EURNZD_merged,-16.691848846563065
2022-09-13 16:00:00,2022-09-15 12:00:00,-1.1,15.0,0.1918488465630663,2740.697808043805,-1,1.66404,1.6731473886098431,1.6503789170852354,1.58681,1.6548,59.7873600374439,0.0033503074471418377,EURNZD_merged,-16.691848846563065
2022-09-13 10:00:00,2022-09-15 17:00:00,-1.1,15.0,0.21721286196445513,3103.040885206502,1,0.79103,0.7872061863800869,0.7967657204298697,0.79028,0.82518,32.85702316759163,0.0016766328279152478,NZDCAD_merged,-16.717212861964455
2022-09-13 16:00:00,2022-09-15 17:00:00,-1.1,30.0,0.3030898209849324,4329.854585499035,1,0.64721,0.6427257154549655,0.6530395699085447,0.65591,0.67495,28.888913505042378,0.0015535637521798093,AUDCHF_merged,-33.30308982098493
2022-09-13 10:00:00,2022-09-15 17:00:00,-1.1,15.000000000000002,0.22708617387193034,3244.0881981704338,1,0.79103,0.7873724391461701,0.7957848291099789,0.79028,0.82518,34.016657060415156,0.0016766328279152478,NZDCAD_merged,-16.727086173871935
2022-09-13 21:00:00,2022-09-15 18:00:00,-1.1,30.0,0.27031767406818086,3861.6810581168697,1,0.6007,0.5960333794974804,0.6062999446030236,0.60601,0.6468,32.08679717175572,0.0016590323095090715,NZDUSD_merged,-33.27031767406818
2022-09-13 20:00:00,2022-09-15 18:00:00,-1.1,30.0,0.2927445659853559,4182.065228362228,1,0.674,0.6691650682388045,0.6802854112895542,0.68689,0.71363,31.68739923675089,0.001853904200426978,AUDUSD_merged,-33.29274456598536
2022-09-13 21:00:00,2022-09-15 18:00:00,-1.1,30.0,0.27031767406818086,3861.6810581168697,1,0.6007,0.5960333794974804,0.6076999307537795,0.60601,0.6468,32.95834028748927,0.0016590323095090715,NZDUSD_merged,-33.27031767406818
2022-09-13 20:00:00,2022-09-15 19:00:00,-1.1,29.999999999999996,0.27183423984354477,3883.3462834792113,1,0.674,0.6687931504110203,0.6807689044656738,0.68689,0.71363,30.53842162019744,0.001853904200426978,AUDUSD_merged,-33.27183423984354
2022-09-13 20:00:00,2022-09-15 19:00:00,-1.1,29.999999999999996,0.27183423984354477,3883.3462834792113,1,0.674,0.6687931504110203,0.6802482195067758,0.68689,0.71363,33.814895512574964,0.001853904200426978,AUDUSD_merged,-33.27183423984354
2022-09-15 14:00:00,2022-09-16 02:00:00,-1.1,30.0,0.5736000021621791,8194.285745173987,-1,0.87073,0.8739178190256405,0.8662670533641034,0.83393,0.8584,63.85077153751252,0.0012433327809521684,EURGBP_merged,-33.57360000216218
2022-09-13 18:00:00,2022-09-16 02:00:00,-1.1,30.0,0.3205213073314034,4578.875819020049,1,1.14928,1.141750116822828,1.159068848130324,1.17599,1.22931,28.927434207080257,0.0026328694210010118,GBPUSD_merged,-33.320521307331404
2022-09-13 20:00:00,2022-09-16 02:00:00,-1.1,30.0,0.35566970104124956,5080.995729160709,1,1.15018,1.143388929540726,1.159008391597056,1.17599,1.22931,33.00637148173199,0.002566096592597814,GBPUSD_merged,-33.35566970104125
2022-09-15 17:00:00,2022-09-16 03:00:00,-1.1,30.0,0.5659666068578645,8085.2372408266365,-1,1.32263,1.3275375739917241,1.3157593964115861,1.27272,1.29841,64.43289803267609,0.0018649560540689614,USDCAD_merged,-33.56596660685786
2022-09-15 08:00:00,2022-09-16 03:00:00,-1.1,15.0,0.2040413143664382,2914.8759195205457,1,1.10063,1.0949661396999995,1.1079930183900006,1.15246,1.17156,32.09575698136658,0.002059749589285894,GBPCHF_merged,-16.70404131436644
2022-09-19 14:00:00,2022-09-20 02:00:00,-1.1,15.0,0.23105751613116948,3300.821659016707,-1,1.68211,1.6897540512716207,1.672937138474055,1.58681,1.6548,62.21114632272253,0.0026285884319150418,EURNZD_merged,-16.73105751613117
2022-09-19 14:00:00,2022-09-20 02:00:00,-1.1,15.0,0.23105751613116948,3300.821659016707,-1,1.68211,1.6897540512716207,1.670643923092569,1.58681,1.6548,61.90545025578772,0.0026285884319150418,EURNZD_merged,-16.73105751613117
2022-09-20 05:00:00,2022-09-20 08:00:00,1.2,15.0,0.3002075899377271,4288.679856253245,-1,143.796,144.2989379837842,143.19247441945893,134.943,138.393,59.484357510003655,0.21444624372603643,EURJPY_merged,17.699792410062273
2022-09-20 15:00:00,2022-09-21 15:00:00,-1.1,60.0,0.8367704704321048,11953.863863315784,1,0.56844,0.5655868304817602,0.5718638034218876,0.58921,0.60202,32.472998680492964,0.0011603334445570506,NZDCHF_merged,-66.8367704704321
2022-09-20 15:00:00,2022-09-21 15:00:00,-1.1,15.0,0.20082491290370516,2868.927327195788,1,0.56844,0.5654679484185002,0.5720064618977996,0.58921,0.60202,33.04017862468772,0.0011603334445570506,NZDCHF_merged,-16.700824912903705
2022-09-21 18:00:00,2022-09-21 22:00:00,-1.1,15.0,0.19427128722254425,2775.3041031792036,1,84.302,83.84636344523419,84.98545483214873,84.245,86.232,39.00164364512485,0.19609550347688165,NZDJPY_merged,-16.694271287222545
2022-09-23 08:00:00,2022-09-23 10:00:00,-1.1,30.0,0.4692996168144138,6704.2802402059115,-1,1.35172,1.3577686135046698,1.3444616637943962,1.27272,1.29841,58.81674801266803,0.0025938087964496002,USDCAD_merged,-33.46929961681441
2022-09-23 13:00:00,2022-09-26 05:00:00,-1.1,15.0,0.20500008220813062,2928.572602973295,-1,1.35726,1.3642118167244104,1.3482226382582663,1.27272,1.29841,66.1776619690771,0.002871119565992138,USDCAD_merged,-16.70500008220813
2022-09-27 14:00:00,2022-09-28 03:00:00,-1.1,15.0,0.17083485055033368,2440.497865004767,1,0.63683,0.6329158601283876,0.6427012098074185,0.65591,0.67495,39.0247221410811,0.0016702428053093413,AUDCHF_merged,-16.670834850550335
2022-09-28 00:00:00,2022-09-28 08:00:00,1.2,15.0,0.2394328986288077,3420.469980411539,-1,1.14462,1.1496395733622355,1.1385965119653174,1.11122,1.12549,54.86795024335276,0.002031555820258923,AUDNZD_merged,17.76056710137119
2022-09-28 00:00:00,2022-09-28 08:00:00,1.3,15.0,0.24940926940500802,3562.989562928686,-1,1.14462,1.149438790427746,1.13835557244393,1.11122,1.12549,54.86795024335276,0.002031555820258923,AUDNZD_merged,19.250590730594993
2022-09-28 00:00:00,2022-09-28 08:00:00,1.2,15.0,0.24940926940500802,3562.989562928686,-1,1.14462,1.149438790427746,1.1388374514867046,1.11122,1.12549,54.705601734821286,0.002031555820258923,AUDNZD_merged,17.750590730594993
2022-09-28 00:00:00,2022-09-28 10:00:00,1.5,15.0,0.19380219584650982,2768.6027978072834,1,0.95579,0.9506116298808357,0.9635575551787465,0.98638,1.01977,34.89389634193984,0.0022277891785446,EURUSD_merged,22.30619780415349
2022-09-28 09:00:00,2022-09-28 11:00:00,-1.1,30.0,0.3753284278250123,5361.834683214462,1,0.71897,0.7149472911187428,0.7250040633218858,0.72897,0.75064,41.322769302811466,0.0018019321570293342,CADCHF_merged,-33.37532842782501
2022-09-28 17:00:00,2022-09-29 07:00:00,-1.1,30.0,0.37845335050762025,5406.476435823147,-1,1.32418,1.3315277431135704,1.3153627082637154,1.28749,1.3244,60.49905751905647,0.002917876799893297,EURCAD_merged,-33.37845335050762
2022-09-28 17:00:00,2022-09-29 07:00:00,-1.1,60.0,0.7569067010152405,10812.952871646294,-1,1.32418,1.3315277431135704,1.3146279339523583,1.28749,1.3244,59.743125259554525,0.002917876799893297,EURCAD_merged,-66.75690670101524
2022-09-28 10:00:00,2022-09-29 07:00:00,1.5,30.0,0.3778968749105264,5398.526784436092,1,0.94598,0.9407231213860386,0.9538653179209422,0.95519,0.98659,34.118560464139264,0.00230662801184778,EURCHF_merged,44.622103125089474
2022-09-28 17:00:00,2022-09-29 07:00:00,-1.1,30.0,0.3949078440079516,5641.540628685023,-1,1.32418,1.3312215871505049,1.3136176192742426,1.28749,1.3244,60.49905751905647,0.002917876799893297,EURCAD_merged,-33.39490784400795
2022-09-28 17:00:00,2022-09-29 07:00:00,-1.1,60.0,0.7266304329746308,10380.434756780442,-1,1.32418,1.3318338990766356,1.314995321108037,1.28749,1.3244,59.743125259554525,0.002917876799893297,EURCAD_merged,-66.72663043297463
2022-09-28 15:00:00,2022-09-29 17:00:00,-1.1388549913909543,60.0,0.6457612775059715,9225.161107228165,1,0.71633,0.7116710244547031,0.7233184633179454,0.72897,0.75064,37.97527693978492,0.0019466671456167593,CADCHF_merged,-68.97706076096323
2022-09-30 16:00:00,2022-10-03 08:00:00,1.3,30.0,0.3754450677716613,5363.500968166591,-1,1.38108,1.3888048797466264,1.371037656329386,1.29533,1.29841,66.53578130087278,0.0032573641876827634,USDCAD_merged,38.624554932228335
2022-09-30 16:00:00,2022-10-03 08:00:00,1.2,30.0,0.36042726506079487,5148.960929439927,-1,1.38108,1.389126749736069,1.3714239003167175,1.29533,1.29841,66.53578130087278,0.0032573641876827634,USDCAD_merged,35.63957273493921
2022-10-03 08:00:00,2022-10-03 11:00:00,-1.1,30.0,0.33625973540558685,4803.710505794098,-1,0.98781,0.9939790436932566,0.9804071475680919,0.94792,0.98693,60.11500124101214,0.002509689524176693,USDCHF_merged,-33.336259735405584
2022-10-03 08:00:00,2022-10-03 11:00:00,-1.1,30.0,0.35087972390148187,5012.567484306885,-1,0.98781,0.9937220002060376,0.9789419996909434,0.94792,0.98693,60.11500124101214,0.002509689524176693,USDCHF_merged,-33.350879723901485
2022-10-03 08:00:00,2022-10-03 11:00:00,1.2,30.0,0.6174672483518128,8820.960690740183,-1,144.849,145.34163001529546,144.25784398164544,130.392,144.989,54.882437484077194,0.203529470203602,USDJPY_merged,35.382532751648185
2022-10-03 15:00:00,2022-10-04 10:00:00,1.2,30.0,0.3059776209633346,4371.10887090478,-1,0.9928,0.9996138316568252,0.9846234020118099,0.94792,0.98693,63.06795659957305,0.0027320182005573226,USDCHF_merged,35.69402237903667
2022-10-03 13:00:00,2022-10-04 10:00:00,1.3,30.0,0.301487721903787,4306.967455768386,-1,0.99174,0.9986479231049569,0.9827596999635559,0.94792,0.98693,65.99934666948454,0.002880565487036906,USDCHF_merged,38.69851227809621
2022-10-03 15:00:00,2022-10-04 10:00:00,1.5,30.0,0.31928099578782737,4561.1570826832485,-1,0.9928,0.9993299220044574,0.9830051169933139,0.94792,0.98693,63.06795659957305,0.0027320182005573226,USDCHF_merged,44.68071900421217
2022-10-03 13:00:00,2022-10-04 10:00:00,1.2,30.0,0.2894282130276355,4134.68875753765,-1,0.99174,0.99893575323433,0.9831050961188038,0.94792,0.98693,65.99934666948454,0.002880565487036906,USDCHF_merged,35.710571786972366
2022-10-04 10:00:00,2022-10-04 12:00:00,-1.1,30.0,0.24594216209364492,3513.459458480642,-1,1.75548,1.770469329070777,1.7374928051150675,1.68706,1.72142,63.9639282948606,0.006202299938098218,GBPAUD_merged,-33.24594216209365
2022-10-04 10:00:00,2022-10-04 12:00:00,-1.1,60.0,0.49188432418728983,7026.918916961284,-1,1.75548,1.770469329070777,1.73599387220799,1.68706,1.72142,63.65124207105345,0.006202299938098218,GBPAUD_merged,-66.4918843241873
2022-10-03 08:00:00,2022-10-04 12:00:00,1.5,15.0,0.3221568252270327,4602.240360386182,-1,144.849,145.32110376465815,144.14084435301277,130.392,144.989,54.882437484077194,0.203529470203602,USDJPY_merged,22.177843174772967
2022-10-04 02:00:00,2022-10-04 12:00:00,-1.1,30.000000000000004,0.3921052266622104,5601.503238031578,1,0.88325,0.878519573385213,0.8903456399221804,0.88155,0.91054,55.61565608648239,0.0023176567078332507,AUDCAD_merged,-33.39210522666222
2022-10-04 10:00:00,2022-10-04 12:00:00,-1.1,29.999999999999996,0.2566352995759773,3666.2185653711044,-1,1.75548,1.7698447736928278,1.733932839460758,1.68706,1.72142,63.9639282948606,0.006202299938098218,GBPAUD_merged,-33.256635299575976
2022-10-04 15:00:00,2022-10-04 21:00:00,1.2,60.0,0.47477007378373526,6782.429625481933,-1,2.00063,2.018328348029888,1.9793919823641348,1.87999,1.95373,63.575813814096996,0.006880814982529725,GBPNZD_merged,71.52522992621627
2022-10-04 15:00:00,2022-10-04 21:00:00,1.3,30.0,0.2472760800956954,3532.5154299385063,-1,2.00063,2.017620414108692,1.9785424616587004,1.87999,1.95373,63.575813814096996,0.006880814982529725,GBPNZD_merged,38.752723919904305
2022-10-04 15:00:00,2022-10-04 21:00:00,1.2,30.0,0.2472760800956954,3532.5154299385063,-1,2.00063,2.017620414108692,1.9802415030695695,1.87999,1.95373,63.893848233104315,0.006880814982529725,GBPNZD_merged,35.752723919904305
2022-10-04 17:00:00,2022-10-05 10:00:00,1.2,30.0,0.26487359620178125,3783.9085171683037,-1,1.76327,1.777249751296838,1.7464942984437943,1.68706,1.72142,64.99740230966032,0.005543832346990895,GBPAUD_merged,35.73512640379822
2022-10-04 17:00:00,2022-10-05 10:00:00,1.3,30.0,0.26487359620178125,3783.9085171683037,-1,1.76327,1.777249751296838,1.7450963233141106,1.68706,1.72142,64.79965325383098,0.005543832346990895,GBPAUD_merged,38.73512640379822
2022-10-04 17:00:00,2022-10-05 11:00:00,1.5,15.0,0.1381949197574511,1974.2131393921586,-1,1.76327,1.7766672616594696,1.7431741075107952,1.68706,1.72142,64.99740230966032,0.005543832346990895,GBPAUD_merged,22.361805080242547
2022-10-04 10:00:00,2022-10-06 02:00:00,1.2,60.0,0.47220895121979817,6745.842160282831,-1,1.75548,1.7710938844487258,1.7367433386615287,1.68706,1.72142,63.65124207105345,0.006202299938098218,GBPAUD_merged,71.5277910487802
2022-10-06 18:00:00,2022-10-07 08:00:00,-1.1,30.000000000000004,0.46374991661971127,6624.998808853019,-1,0.98906,0.9935387630694137,0.9836854843167038,0.94792,0.98693,64.58673497496947,0.0018299976161421695,USDCHF_merged,-33.46374991661972
2022-10-06 18:00:00,2022-10-07 08:00:00,-1.1,60.00000000000001,0.9274998332394225,13249.997617706038,-1,0.98906,0.9935387630694137,0.9832376080097623,0.94792,0.98693,63.5125083537341,0.0018299976161421695,USDCHF_merged,-66.92749983323944
2022-10-06 14:00:00,2022-10-07 08:00:00,-1.1,29.999999999999996,0.2706139491639418,3865.9135594848835,1,0.64204,0.6370576847713671,0.6495134728429495,0.68689,0.69155,34.06137028164415,0.002161493725845593,AUDUSD_merged,-33.270613949163945
2022-10-06 18:00:00,2022-10-07 08:00:00,-1.1,29.999999999999996,0.4839129564727422,6913.042235324889,-1,0.98906,0.9933521479415214,0.982621778087718,0.94792,0.98693,64.58673497496947,0.0018299976161421695,USDCHF_merged,-33.48391295647274
2022-10-06 18:00:00,2022-10-07 08:00:00,-1.1,90.0,1.3355997598647684,19079.996569496696,-1,0.98906,0.9937253781973059,0.983461546163233,0.94792,0.98693,63.5125083537341,0.0018299976161421695,USDCHF_merged,-100.33559975986478
2022-10-10 06:00:00,2022-10-10 21:00:00,-1.1,30.0,0.36748736142813443,5249.81944897335,-1,1.75254,1.7625548587034325,1.7395206836855377,1.591,1.72142,60.04630529023264,0.0040262250935899505,GBPAUD_merged,-33.36748736142813
2022-10-10 06:00:00,2022-10-10 21:00:00,-1.1,60.0,0.7055757339420182,10079.653342028832,-1,1.75254,1.7629721444827422,1.7400214266207092,1.591,1.72142,60.04630529023264,0.0040262250935899505,GBPAUD_merged,-66.70557573394201
2022-10-10 06:00:00,2022-10-10 21:00:00,-1.1,30.0,0.36748736142813443,5249.81944897335,-1,1.75254,1.7625548587034325,1.740522169555881,1.591,1.72142,60.920539226379894,0.0040262250935899505,GBPAUD_merged,-33.36748736142813
2022-10-10 21:00:00,2022-10-11 00:00:00,-1.1,29.999999999999996,0.6535751562401858,9336.78794628837,-1,0.99862,1.0018286623550134,0.9944487389384823,0.94792,0.98693,66.15351226976007,0.0014035896016421645,USDCHF_merged,-33.65357515624019
2022-10-10 21:00:00,2022-10-11 00:00:00,-1.1,29.999999999999996,0.6535751562401858,9336.78794628837,-1,0.99862,1.0018286623550134,0.9947696051739837,0.94792,0.98693,66.29341829472801,0.0014035896016421645,USDCHF_merged,-33.65357515624019
2022-10-11 07:00:00,2022-10-11 12:00:00,1.2,29.999999999999996,0.45891291840737386,6555.898834391056,-1,1.38053,1.3868473488557724,1.3729491813730732,1.29533,1.29841,49.91455440636234,0.00265849806919765,USDCAD_merged,35.54108708159262
2022-10-11 07:00:00,2022-10-11 12:00:00,1.3,29.999999999999996,0.45891291840737386,6555.898834391056,-1,1.38053,1.3868473488557724,1.3723174464874959,1.29533,1.29841,50.91105003147126,0.00265849806919765,USDCAD_merged,38.54108708159263
2022-10-11 07:00:00,2022-10-11 12:00:00,1.2,30.0,0.44055640167107896,6293.662881015414,-1,1.38053,1.387110571724763,1.3726333139302844,1.29533,1.29841,50.91105003147126,0.00265849806919765,USDCAD_merged,35.55944359832892
2022-10-11 10:00:00,2022-10-12 03:00:00,-1.1,30.0,0.3311151828742016,4730.216898202881,1,0.62602,0.6220496535224135,0.6319755197163798,0.65591,0.67495,43.5718938629207,0.001730077770454182,AUDCHF_merged,-33.3311151828742
2022-10-11 07:00:00,2022-10-13 08:00:00,-1.1,29.999999999999996,0.4788656539903032,6840.937914147189,-1,1.38053,1.386584125986782,1.3714488110198273,1.29533,1.29841,49.91455440636234,0.00265849806919765,USDCAD_merged,-33.478865653990304
2022-10-13 14:00:00,2022-10-17 10:00:00,-1.1,30.0,0.24562788115617734,3508.969730802534,-1,2.00513,2.0222728950987965,1.984558525881444,1.81371,1.95373,62.22439741211955,0.006914810603701016,GBPNZD_merged,-33.245627881156175
2022-11-04 15:00:00,2022-11-07 04:00:00,1.3,15.0,0.15367397562467153,2195.342508923879,1,1.91696,1.9038620893627687,1.9339872838284007,1.95576,2.03056,31.524900263386414,0.004717429584232982,GBPNZD_merged,19.34632602437533
2022-11-04 13:00:00,2022-11-07 09:00:00,1.5,15.000000000000002,0.13536332015694577,1933.761716527797,1,1.53077,1.5188959672255644,1.5485810491616534,1.53108,1.57054,38.897174323909994,0.003848867287325315,GBPCAD_merged,22.36463667984306
2022-11-04 13:00:00,2022-11-07 12:00:00,1.5,59.99999999999999,0.5119936724387174,7314.195320553107,1,1.75663,1.742219966444589,1.7782450503331164,1.76723,1.81912,31.39584198064711,0.00468024848143672,GBPAUD_merged,89.48800632756127
2022-11-04 15:00:00,2022-11-07 12:00:00,1.5,60.0,0.5532263122488175,7903.233032125965,1,1.91696,1.902406765958632,1.938789851062052,1.95576,2.03056,31.524900263386414,0.004717429584232982,GBPNZD_merged,89.44677368775118
2022-11-06 20:00:00,2022-11-08 10:00:00,-1.1,90.0,0.7986324464120551,11409.034948743645,1,1.35199,1.3413248472901822,1.3679877290647269,1.34946,1.39769,39.31101076287854,0.003488975838753158,USDCAD_merged,-99.79863244641207
2022-11-11 06:00:00,2022-11-11 08:00:00,-1.1,60.0,0.5823485176034783,8319.264537192548,1,0.96095,0.9540194594765876,0.969959702680436,0.98409,1.01472,28.85888845504058,0.0026670906562000067,USDCHF_merged,-66.58234851760348
2022-11-11 06:00:00,2022-11-11 08:00:00,-1.1,60.0,0.5241136658431305,7487.338083473293,1,0.96095,0.9532493994184307,0.9725009008723539,0.98409,1.01466,28.85888845504058,0.0026670906562000067,USDCHF_merged,-66.52411366584313
2022-11-13 18:00:00,2022-11-15 08:00:00,-1.1,30.0,0.2492128283012161,3560.1832614459445,1,104.989,104.10430677813457,106.13910118842507,105.05,110.347,37.92823619642892,0.34733100222885244,CADJPY_merged,-33.24921282830122
2022-11-13 18:00:00,2022-11-23 20:00:00,-1.1,60.0,0.448583090942189,6408.329870602701,1,104.989,104.00600753126064,106.46348870310906,105.05,109.302,37.92823619642892,0.34733100222885244,CADJPY_merged,-66.4485830909422
2022-11-23 22:00:00,2022-11-24 05:00:00,-1.1,15.0,0.26106916515442613,3729.559502206088,1,104.122,103.70322936527057,104.66640182514826,104.527,110.347,32.2775429358508,0.205857794695805,CADJPY_merged,-16.761069165154424
2022-11-23 22:00:00,2022-11-24 05:00:00,-1.1,15.0,0.23733560468584192,3390.5086383691705,1,104.122,103.66135230179763,104.72084200766308,104.527,110.347,28.243668771150112,0.205857794695805,CADJPY_merged,-16.737335604685843
2022-11-23 22:00:00,2022-11-24 06:00:00,-1.1,14.999999999999998,0.17404611010295074,2486.373001470725,1,104.122,103.49384404790587,105.0642339281412,104.074,110.347,33.02571925278383,0.205857794695805,CADJPY_merged,-16.67404611010295
2022-11-24 11:00:00,2022-11-25 04:00:00,1.3,15.0,0.22464174121745697,3209.167731677957,1,138.358,137.71129961737,139.198710497419,145.105,151.941,34.05479772408318,0.31368232050678724,USDJPY_merged,19.275358258782543
2022-11-24 09:00:00,2022-11-25 04:00:00,1.3,15.0,0.2356939091076944,3367.0558443956343,1,103.615,103.15340236936166,104.21507691982984,104.527,110.347,29.43337320974162,0.2111873116330655,CADJPY_merged,19.264306090892305
2022-11-24 11:00:00,2022-11-25 04:00:00,1.3,60.0,0.8168790589725706,11669.700842465296,1,138.358,137.64662957910699,139.2827815471609,145.105,151.941,34.52034430940474,0.31368232050678724,USDJPY_merged,77.18312094102743
2022-11-24 11:00:00,2022-11-27 20:00:00,-1.1,15.000000000000002,0.16983053273809764,2426.1504676871095,1,103.785,103.14333534616503,104.74749698075246,104.074,110.347,37.3606965068389,0.20646763094891932,CADJPY_merged,-16.6698305327381
2022-11-27 22:00:00,2022-11-28 02:00:00,-1.1,60.0,0.8331564053811392,11902.234362587704,1,103.077,102.55738159797625,103.75250392263088,104.527,110.347,30.44812591964699,0.23274802682820672,CADJPY_merged,-66.83315640538115
2022-11-27 23:00:00,2022-11-28 02:00:00,-1.1,30.0,0.41853410200979957,5979.058600139994,1,92.695,92.22990169841538,93.29962779206,92.595,95.741,32.28840115357211,0.22736706859285694,AUDJPY_merged,-33.4185341020098
2022-11-27 22:00:00,2022-11-28 02:00:00,-1.1,60.0,0.9164720459192532,13092.457798846475,1,103.077,102.60461963452386,103.69109447511897,104.527,110.347,34.21359972575285,0.23274802682820672,CADJPY_merged,-66.91647204591925
2022-11-28 00:00:00,2022-11-28 03:00:00,-1.1,15.0,0.1580328832423068,2257.61261774724,1,103.035,102.35041621097857,104.06187568353215,104.074,110.347,31.343103513023443,0.23018069660187193,CADJPY_merged,-16.658032883242306
2022-11-28 06:00:00,2022-11-29 03:00:00,1.3,60.0,0.7596204701693561,10851.721002419374,1,92.425,91.91397506683376,93.08933241311611,92.595,95.741,39.691727109786825,0.24169234192081418,AUDJPY_merged,77.24037952983065
2022-11-28 07:00:00,2022-11-29 07:00:00,-1.1,15.0,0.20390371970304874,2912.910281472125,1,102.898,102.3681278615351,103.58683378000435,104.527,110.347,37.30624558817174,0.2542977785729847,CADJPY_merged,-16.70390371970305
2022-12-01 03:00:00,2022-12-01 10:00:00,-1.1,60.0,0.5730794781110538,8186.849687300768,1,136.532,135.53138067597516,137.83280512123233,145.105,151.941,28.180816587887154,0.4551250393611408,USDJPY_merged,-66.57307947811105
2022-12-01 20:00:00,2022-12-02 02:00:00,-1.1,30.0,0.3495742052544489,4993.917217920699,1,135.503,134.68899171299586,136.56121077310533,145.105,151.941,29.477130677866406,0.3807177834757629,USDJPY_merged,-33.34957420525445
2022-12-01 08:00:00,2022-12-02 03:00:00,-1.1,30.0,0.39827795874880484,5689.685124982927,1,144.263,143.5023445498422,145.25185208520514,144.556,149.079,41.576111848256524,0.3608415861055641,CHFJPY_merged,-33.39827795874881
2022-12-01 03:00:00,2022-12-02 08:00:00,1.3,30.0,0.3213848157775493,4591.211653964991,-1,0.68052,0.6849666693192785,0.674739329884938,0.61695,0.67969,66.41270817106515,0.0020775552321629994,AUDUSD_merged,38.67861518422245
2022-12-01 11:00:00,2022-12-02 08:00:00,1.3,30.0,0.28393804436408976,4056.257776629854,-1,1.2267,1.2357726482453923,1.21490555728099,1.1145,1.16449,69.07935013920866,0.004035793090587692,GBPUSD_merged,38.71606195563591
2022-12-02 09:00:00,2022-12-02 15:00:00,-1.1,30.0,0.28411641750674443,4058.8059643820634,1,135.399,134.3982204516191,136.70001341289517,145.105,151.941,45.46964655654606,0.509790504605418,USDJPY_merged,-33.284116417506745
2022-12-02 09:00:00,2022-12-02 15:00:00,-1.1,30.0,0.2582876522788585,3689.8236039836934,1,135.399,134.298142496781,136.8301147541847,145.105,151.941,51.533825674671874,0.509790504605418,USDJPY_merged,-33.25828765227886
2022-12-02 08:00:00,2022-12-04 22:00:00,1.3,15.0,0.22013195931468843,3144.742275924121,1,91.44,91.0038434314631,92.00700353909798,92.595,95.741,36.32246201929023,0.24321554967784806,AUDJPY_merged,19.27986804068531
2022-12-02 08:00:00,2022-12-05 03:00:00,1.3,30.0,0.4002399260267062,5717.713228952946,1,91.44,90.96022777460941,92.06370389300777,92.595,95.741,35.1658093331303,0.24321554967784806,AUDJPY_merged,38.59976007397329
2022-12-02 09:00:00,2022-12-07 01:00:00,1.5,15.0,0.09470547250224813,1352.9353214606876,1,135.399,133.89783067742866,137.65075398385704,137.671,142.251,44.85024048054207,0.509790504605418,USDJPY_merged,22.40529452749775
2022-12-06 09:00:00,2022-12-09 02:00:00,-1.1,30.0,0.5087918774788396,7268.455392554853,1,0.68894,0.686096452246901,0.6926366120790287,0.7112,0.74219,30.409059450267723,0.0013144844412431075,CADCHF_merged,-33.50879187747884
2022-12-16 02:00:00,2022-12-18 20:00:00,1.3,15.0,0.23675040407974685,3382.1486297106694,1,0.62211,0.619350910728161,0.6256968160533909,0.62737,0.64414,31.469241278302704,0.001366005733353859,AUDCHF_merged,19.263249595920254
2022-12-15 23:00:00,2022-12-19 23:00:00,-1.1,30.0,0.3307119848809564,4724.456926870806,-1,1.58503,1.5950948393531856,1.5699327409702215,1.52731,1.56491,68.99133195528194,0.003326021704557492,EURAUD_merged,-33.330711984880956
2022-12-16 02:00:00,2022-12-19 23:00:00,-1.1,30.0,0.3156672054396624,4509.531506280892,1,0.62211,0.6179713660922415,0.628317950861638,0.62753,0.64414,31.79970826400802,0.001366005733353859,AUDCHF_merged,-33.31566720543966
2022-12-20 02:00:00,2022-12-21 21:00:00,1.3,29.999999999999996,0.38912536453986074,5558.933779140868,1,0.61907,0.6157290535635288,0.6234132303674126,0.62737,0.64414,33.26989574929728,0.0016890108455044797,AUDCHF_merged,38.61087463546014
2022-12-20 17:00:00,2022-12-23 08:00:00,1.3,30.0,0.2744694318410313,3920.9918834433047,1,131.653,130.64570640761144,132.96248167010512,133.618,151.941,32.6831087478316,0.490529167894691,USDJPY_merged,38.725530568158966
2022-12-20 17:00:00,2022-12-23 10:00:00,1.3,30.0,0.2686455335487681,3837.793336410973,1,139.748,138.65559099500632,141.16813170649175,140.757,148.397,33.03364272101862,0.5281184666041966,EURJPY_merged,38.73135446645123
2022-12-21 06:00:00,2022-12-26 07:00:00,1.3,60.0,0.5776964137929215,8252.80591132745,1,82.932,82.329063246917,83.7158177790079,83.834,87.454,33.872873261720315,0.29522063535996634,NZDJPY_merged,77.42230358620708
2022-12-20 17:00:00,2022-12-27 04:00:00,1.3,30.0,0.28510608235449847,4072.9440336356924,1,141.861,140.816097353449,143.21937344051628,142.884,149.079,32.65233629442762,0.512704800184388,CHFJPY_merged,38.714893917645504
2022-12-20 19:00:00,2022-12-27 21:00:00,1.5,30.0,0.19361075367613406,2765.867909659058,1,131.89,130.45945446086478,134.0358183087028,133.618,142.251,32.79559681344035,0.4737879049704226,USDJPY_merged,44.80638924632387
2022-12-20 18:00:00,2022-12-27 21:00:00,1.5,30.0,0.18553261473705374,2650.4659248150538,1,139.976,138.39164460018742,142.3525330997189,140.757,146.124,34.50829234613461,0.5151100047038971,EURJPY_merged,44.814467385262944
2022-12-20 17:00:00,2022-12-27 22:00:00,1.5,15.0,0.09503536078483281,1357.6480112118975,1,141.861,140.2936460301735,144.21203095473973,142.884,148.852,32.84123361429895,0.512704800184388,CHFJPY_merged,22.404964639215166
2022-12-21 07:00:00,2022-12-28 02:00:00,1.5,60.0,0.3936560866021342,5623.658380030489,1,83.011,82.12533809392009,84.33949285911984,85.421,87.454,35.72515660588746,0.290133447119969,NZDJPY_merged,89.60634391339786
2022-12-30 05:00:00,2022-12-30 09:00:00,-1.1,60.00000000000001,0.97248804808766,13892.686401252287,1,132.12,131.54939761461216,132.86178310100422,133.618,138.171,34.14144163384893,0.2900653932157911,USDJPY_merged,-66.97248804808767
2022-12-30 09:00:00,2022-12-30 13:00:00,-1.1,60.0,0.9756556101284712,13937.93728754959,1,158.968,158.2836749235398,159.85762259939827,164.024,169.267,37.84754924297834,0.3490080712136706,GBPJPY_merged,-66.97565561012847
2022-12-30 09:00:00,2022-12-30 13:00:00,-1.1,60.00000000000001,0.6504370734189808,9291.958191699727,1,158.968,157.94151238530966,160.50773142203548,158.583,169.267,38.224365869915225,0.3490080712136706,GBPJPY_merged,-66.650437073419
2022-12-30 16:00:00,2023-01-02 16:00:00,-1.1,30.0,0.41825445564451164,5975.063652064452,1,131.269,130.60991580787774,132.12580944975895,133.618,138.171,33.58431190331973,0.3219319463424804,USDJPY_merged,-33.418254455644515
2023-01-01 18:00:00,2023-01-02 20:00:00,-1.1,60.0,0.5025839671134771,7179.770958763959,1,157.928,156.60822530879852,159.9076620368022,158.583,169.267,37.204861023146066,0.4562159758480751,GBPJPY_merged,-66.50258396711348
2023-01-03 04:00:00,2023-01-03 09:00:00,-1.1,15.0,0.19727009742493332,2818.144248927619,1,130.779,130.08290894619873,131.68391836994164,130.566,138.171,42.800077259365,0.35839941783630114,USDJPY_merged,-16.697270097424934
2023-01-03 08:00:00,2023-01-04 02:00:00,1.3,15.0,0.14433619165954162,2061.945595136309,1,81.461,80.86839707057149,82.23138380825706,83.834,88.163,38.19758949870286,0.3037085029489539,NZDJPY_merged,19.35566380834046
2023-01-03 12:00:00,2023-01-04 03:00:00,1.3,30.0,0.3744520748871157,5349.315355530224,1,139.633,138.84991100232682,140.65101569697515,141.035,148.525,32.697341499228976,0.3761484632054117,CHFJPY_merged,38.62554792511288
2023-01-03 08:00:00,2023-01-04 08:00:00,1.5,30.0,0.19244825554605552,2749.260793515079,1,81.461,80.57209560585723,82.79435659121415,82.432,88.163,38.17324484437046,0.3037085029489539,NZDJPY_merged,44.807551744453946
2023-01-03 08:00:00,2023-01-04 09:00:00,1.3,30.0,0.4137959123986604,5911.370177123721,1,137.984,137.28373595360017,138.8943432603198,138.801,146.725,32.18116872814042,0.34640830725706906,EURJPY_merged,38.58620408760134
2023-01-03 12:00:00,2023-01-04 10:00:00,1.5,60.00000000000001,0.49926943318282097,7132.4204740403,1,139.633,138.45836650349023,141.39495024476471,141.035,148.525,32.78966965760045,0.3761484632054117,CHFJPY_merged,89.5007305668172
2023-01-03 12:00:00,2023-01-04 10:00:00,1.5,90.0,0.7671618200246545,10959.45457178078,1,138.134,136.99963150396087,139.83555274405867,138.801,146.725,35.498266085988384,0.3680426297263933,EURJPY_merged,134.23283817997535
2023-01-03 03:00:00,2023-01-04 10:00:00,1.5,30.0,0.29513477636426916,4216.211090918131,1,130.107,129.18123752847487,131.49564370728768,130.566,138.171,46.25232936681847,0.34804552690063234,USDJPY_merged,44.70486522363573
2023-01-04 06:00:00,2023-01-04 14:00:00,1.3,30.0,0.40917324301935487,5845.3320431336415,1,1.754,1.744997945093331,1.7657026713786697,1.77029,1.82746,33.35107749168534,0.004465239778096264,GBPAUD_merged,38.59082675698065
2023-01-06 08:00:00,2023-01-06 10:00:00,1.5,90.0,1.0192943042626712,14561.347203752446,1,1.18589,1.1785603141882026,1.1968845287176961,1.19919,1.24464,46.46563380259521,0.0028572837036515615,GBPUSD_merged,133.98070569573733
2023-01-09 13:00:00,2023-01-10 08:00:00,1.3,60.0,0.9685340026891676,13836.20003841668,1,0.91958,0.9155922866215576,0.9247640273919752,0.92153,1.01472,37.23606278769712,0.0019621526399911287,USDCHF_merged,77.03146599731083
2023-01-09 13:00:00,2023-01-11 07:00:00,1.5,90.0,0.9685340026891678,13836.200038416682,1,0.91958,0.9135984299323363,0.9285523551014955,0.92153,1.01466,37.7372673352066,0.0019621526399911287,USDCHF_merged,134.03146599731085
2023-01-12 00:00:00,2023-01-12 09:00:00,-1.1,89.99999999999999,1.7252664645447315,24646.663779210452,-1,1.00259,1.0062510675103262,0.9970983987345109,0.98159,0.99237,70.79636566359216,0.0011724732770057205,EURCHF_merged,-100.72526646454472
2023-01-13 00:00:00,2023-01-13 02:00:00,-1.1,60.0,0.6647412853999155,9496.30407714165,1,129.211,128.39461291540135,130.27230320997828,130.566,138.171,34.29196093550396,0.3918225749922333,USDJPY_merged,-66.66474128539991
2023-01-13 07:00:00,2023-01-13 09:00:00,-1.1,60.0,0.6353065753322928,9075.808219032755,1,128.748,127.89684935715142,129.85449583570312,130.566,138.171,34.291413184942755,0.4172485127511183,USDJPY_merged,-66.6353065753323
2023-01-13 00:00:00,2023-01-13 09:00:00,-1.1,89.99999999999999,0.6647412853999155,9496.30407714165,1,129.211,127.98641937310202,131.047870940347,129.507,134.498,34.63356471219167,0.3918225749922333,USDJPY_merged,-99.6647412853999
2023-01-15 19:00:00,2023-01-16 03:00:00,1.3,90.0,1.3825951696375018,19751.35956625003,1,138.141,137.51154004012744,138.9592979478343,141.035,148.525,35.51847875032128,0.317534981369396,CHFJPY_merged,115.6174048303625
2023-01-13 15:00:00,2023-01-16 20:00:00,1.3,60.0,0.7448498231288487,10640.711758983554,1,81.625,81.16473943558191,82.22333873374352,83.834,88.163,33.4205729761732,0.22240669062268562,NZDJPY_merged,77.25515017687115
2023-01-15 20:00:00,2023-01-16 20:00:00,1.3,89.99999999999999,1.4232164110805858,20331.66301543694,1,138.614,138.00041221868923,139.41166411570399,138.801,146.725,34.96286452441301,0.31352289846570897,EURJPY_merged,115.5767835889194
2023-01-12 16:00:00,2023-01-17 03:00:00,1.5,90.0,1.3153513268362194,18790.733240517424,-1,1.00706,1.0118834094348468,0.99982488584773,0.98159,0.99237,68.19877660787063,0.0015758172060240108,EURCHF_merged,133.6846486731638
2023-01-15 19:00:00,2023-01-17 05:00:00,1.5,90.0,0.921730113091668,13167.573044166686,1,138.141,137.19681006019118,139.55728490971322,138.949,144.864,35.0932772417999,0.317534981369396,CHFJPY_merged,134.07826988690834
2023-01-18 01:00:00,2023-01-18 06:00:00,-1.1,90.0,1.4889335721805765,21270.479602579664,1,0.87757,0.8738568115117431,0.8831397827323851,0.87687,0.88767,34.514180270383086,0.0012028916749366242,EURGBP_merged,-100.48893357218058
2023-01-04 06:00:00,2023-01-18 13:00:00,1.5,90.0,0.8183464860387097,11690.664086267281,1,1.754,1.7404969176399967,1.774254623540005,1.77029,1.82746,34.14716805914452,0.004465239778096264,GBPAUD_merged,134.1816535139613
2023-01-04 08:00:00,2023-01-18 23:00:00,1.5,90.0,0.8294906192642497,11849.86598948928,1,1.5469,1.535151259539687,1.5645231106904696,1.54433,1.59778,32.50645425594947,0.00396865776152548,EURAUD_merged,134.17050938073575
2023-01-18 10:00:00,2023-01-19 06:00:00,1.5,90.0,0.86271073668409,12324.439095487,-1,0.87063,0.8769878309238182,0.8610932536142729,0.84298,0.86252,61.80535572344088,0.0022550429049913337,NZDCAD_merged,134.13728926331592
2023-01-19 06:00:00,2023-01-20 08:00:00,1.5,89.99999999999999,1.1979783893576423,17113.976990823463,1,0.67915,0.675578445589662,0.6845073316155071,0.67742,0.74219,35.454712140662835,0.0011611954127236925,CADCHF_merged,133.80202161064233
2023-01-19 13:00:00,2023-01-20 10:00:00,1.5,90.00000000000001,0.9705427744250474,13864.896777500679,-1,1.93685,1.949422506149694,1.917991240775459,1.89363,1.93893,66.43969376163874,0.00425006142728626,GBPNZD_merged,134.029457225575
2023-01-19 06:00:00,2023-01-23 05:00:00,1.5,90.0,1.352313556255861,19318.765089369444,-1,1.66486,1.6726160547636895,1.653225917854466,1.61019,1.64347,69.11505520532133,0.0026799693316181318,GBPCAD_merged,133.64768644374413
2023-01-23 12:00:00,2023-01-23 20:00:00,-0.07101326122382517,90.0,0.7633305149911801,10904.721642731145,-1,0.64836,0.6537111132069012,0.6403333301896482,0.61588,0.64414,70.46884537223865,0.0017191540878503716,AUDCHF_merged,-7.154524025135446
2023-01-23 05:00:00,2023-01-23 20:00:00,0.05631454770481689,90.0,1.6917129467351235,24167.327810501767,1,1.33513,1.3301579277484792,1.342588108377281,1.35182,1.36849,35.914217347612514,0.0016496890302326048,USDCAD_merged,3.376596346698397
2023-01-23 20:00:00,2023-01-23 20:00:00,-0.06045874157489088,90.0,0.9440103074423852,13485.86153489122,-1,91.702,92.31398759742913,90.7840186038563,87.409,91.817,70.69325087402414,0.20113901825187375,AUDJPY_merged,-6.385297049182564
2023-01-23 12:00:00,2023-01-23 20:00:00,-0.26270539293045553,90.0,1.3186656485578088,18838.080693682983,1,1.76083,1.7524175347081858,1.771766204879358,1.77029,1.82746,33.8339587556824,0.004055787456913654,GBPAUD_merged,-24.962151012298804
2023-01-18 10:00:00,2023-01-23 20:00:00,0.6060531137734618,90.0,1.113928047328077,15913.257818972528,1,0.87524,0.8702899388059883,0.8826650917910176,0.87687,0.88767,33.615983585136014,0.0016878760838607855,EURGBP_merged,53.43085219228348
2023-01-23 23:00:00,2023-01-24 19:00:00,-1.1,15.0,0.2430015664186798,3471.450948838283,-1,0.93991,0.9439713133262673,0.9358486866737328,0.90421,0.933,61.304746261672086,0.0013711348089033013,AUDCAD_merged,-16.74300156641868
2023-01-24 10:00:00,2023-01-24 19:00:00,-1.1,14.999999999999998,0.18246082101110786,2606.583157301541,1,1.75233,1.7422459365292564,1.7624140634707435,1.77029,1.82746,27.822138429321427,0.0038774587467898212,GBPAUD_merged,-16.68246082101111
2023-01-25 08:00:00,2023-01-25 11:00:00,-1.1,15.0,0.3183125975953114,4547.322822790163,-1,1.09257,1.0961739996803976,1.088245200383523,1.04696,1.09368,67.16683900985795,0.0019156389415476618,AUDNZD_merged,-16.818312597595312
2023-01-25 08:00:00,2023-01-26 00:00:00,-1.1,15.0,0.23261305208888136,3323.043601269734,-1,1.09257,1.0975017890363334,1.0861586742527667,1.04696,1.09368,67.16683900985795,0.0019156389415476618,AUDNZD_merged,-16.73261305208888
2023-01-25 07:00:00,2023-01-26 06:00:00,-1.1,15.000000000000002,0.26059401347471645,3722.7716210673784,-1,1.0935,1.0979059914680709,1.0868910127978932,1.04696,1.09368,65.02020765786197,0.0018968419370513155,AUDNZD_merged,-16.76059401347472
2023-01-25 07:00:00,2023-01-26 06:00:00,-1.1,15.0,0.2501702529357278,3573.860756224683,-1,1.0935,1.0980895744459074,1.087992510664911,1.04696,1.09368,64.32343739929966,0.0018968419370513155,AUDNZD_merged,-16.750170252935728
2023-01-26 02:00:00,2023-01-30 03:00:00,1.0,15.0,0.1786864280016936,2552.6632571670516,-1,0.71121,0.7153892233934684,0.7070307766065316,0.66286,0.68927,63.061730758096445,0.001485317835347056,AUDUSD_merged,14.821313571998306
2023-01-31 08:00:00,2023-01-31 10:00:00,1.0,30.0,0.5911373013074316,8444.818590106166,-1,1.45616,1.461332970802615,1.4509870291973848,1.42344,1.45923,56.22764159665599,0.0019499413899998974,EURCAD_merged,29.40886269869257
2023-01-25 07:00:00,2023-02-01 05:00:00,-1.1,15.0,0.21566401115148942,3080.9144450212775,-1,1.0935,1.0988239063572525,1.087643703007022,1.04696,1.09368,65.02020765786197,0.0018968419370513155,AUDNZD_merged,-16.71566401115149
2023-02-01 18:00:00,2023-02-02 07:00:00,-1.1,60.0,0.7822057487964391,11174.367839949131,1,1.73459,1.7252762382292515,1.7439037617707487,1.77029,1.79602,31.83000630266835,0.0031600961334908987,GBPAUD_merged,-66.78220574879644
2023-02-01 21:00:00,2023-02-02 09:00:00,1.5,14.999999999999998,0.22421525842812828,3203.075120401833,-1,0.71417,0.7175144579341167,0.7091533130988248,0.66286,0.68927,67.20468607569968,0.0018067441723618378,AUDUSD_merged,22.27578474157187
2023-02-01 21:00:00,2023-02-02 09:00:00,1.2,15.0,0.21241445535296366,3034.4922193280527,-1,0.71417,0.7177002611526788,0.7099336866167854,0.66286,0.68927,65.29245626624594,0.0018067441723618378,AUDUSD_merged,17.787585544647037
2023-02-01 23:00:00,2023-02-02 10:00:00,1.0,30.0,0.27605750236158094,3943.6786051654426,-1,0.65302,0.6579875954765534,0.6480524045234467,0.61908,0.65299,66.42112913731998,0.0016491808176156172,NZDUSD_merged,29.72394249763842
2023-02-02 09:00:00,2023-02-03 07:00:00,1.2,15.0,0.19851524209465407,2835.9320299236297,1,1.72654,1.7174078699888666,1.73749855601336,1.77029,1.79602,41.22198618915058,0.0038826482898495543,GBPAUD_merged,17.801484757905346
2023-02-03 05:00:00,2023-02-03 09:00:00,-1.1,60.0,1.5584519482603987,22263.59926086284,-1,0.89248,0.8948852175648946,0.8895937389221267,0.87215,0.88964,59.54151390225039,0.0013133394114146152,EURGBP_merged,-67.5584519482604
2023-02-03 05:00:00,2023-02-03 10:00:00,-1.1,60.0,1.02105472472233,14586.496067461858,-1,0.89248,0.896151121546418,0.8888088784535821,0.87215,0.88964,58.85597330471097,0.0013133394114146152,EURGBP_merged,-67.02105472472233
2023-02-02 11:00:00,2023-02-05 17:00:00,1.0,30.000000000000004,0.32609608226089126,4658.515460869876,1,1.73067,1.7195247971051908,1.741815202894809,1.77029,1.79602,39.87308920008119,0.0037858038825743447,GBPAUD_merged,29.67390391773911
2023-02-03 15:00:00,2023-02-06 08:00:00,1.2,30.0,0.6723687332054947,9605.267617221354,-1,0.89619,0.8989890578785954,0.8928311305456856,0.87215,0.88964,63.52549206627349,0.0014151034745014757,EURGBP_merged,35.327631266794505
2023-02-03 12:00:00,2023-02-06 09:00:00,1.5,59.99999999999999,1.2897718490684555,18425.312129549366,-1,0.89667,0.8995899071159136,0.8922901393261295,0.87215,0.88964,66.82240534813822,0.0016063012899554152,EURGBP_merged,88.71022815093153
2023-02-03 13:00:00,2023-02-06 09:00:00,1.3,15.0,0.2929839519789358,4185.485028270512,-1,0.89642,0.8996326025799108,0.892243616646116,0.87215,0.88964,66.22216536198246,0.0015472797692443144,EURGBP_merged,19.207016048021064
2023-02-05 20:00:00,2023-02-06 10:00:00,-1.1,60.0,0.6368032744670656,9097.189635243796,1,0.58556,0.5816979721201053,0.5901944334558735,0.58352,0.60181,34.17189815387627,0.0014944674982465894,NZDCHF_merged,-66.63680327446707
2023-02-03 16:00:00,2023-02-06 20:00:00,1.0,30.0,0.45829717947866305,6547.102563980901,-1,0.8956,0.8997038000760542,0.8914961999239457,0.87215,0.88964,62.33951873223743,0.0013597389406085113,EURGBP_merged,29.541702820521337
2023-02-03 13:00:00,2023-02-07 04:00:00,1.3,15.0,0.22537227075302751,3219.603867900393,-1,0.89642,0.900596383353884,0.8909907016399506,0.87215,0.88964,66.22216536198246,0.0015472797692443144,EURGBP_merged,19.274627729246973
2023-02-05 19:00:00,2023-02-07 10:00:00,-1.1,30.000000000000004,0.2681971456479699,3831.387794970999,1,0.58596,0.5813718974792702,0.5905481025207299,0.58352,0.60313,34.82323088044014,0.001544811151957852,NZDCHF_merged,-33.268197145647974
2023-02-07 23:00:00,2023-02-08 15:00:00,1.2,30.0,0.8371918035279473,11959.882907542105,-1,1.10092,1.103681532053058,1.0976061615363302,1.07358,1.09368,61.991251254778895,0.0014089066424720588,AUDNZD_merged,35.16280819647205
2023-02-07 23:00:00,2023-02-08 22:00:00,1.2,30.0,0.6362657706812399,9089.511009732,-1,1.10092,1.1045535948066554,1.0965596862320133,1.07358,1.09368,64.45160998612954,0.0014089066424720588,AUDNZD_merged,35.36373422931876
2023-02-07 23:00:00,2023-02-09 00:00:00,1.5,15.000000000000002,0.3313884222298125,4734.120317568751,-1,1.10092,1.104408251014389,1.095687623478416,1.07358,1.09368,63.75784163712474,0.0014089066424720588,AUDNZD_merged,22.16861157777019
2023-02-07 23:00:00,2023-02-09 00:00:00,1.1,15.0,0.2742524873626034,3917.89267660862,-1,1.10092,1.1051349699757202,1.0962835330267076,1.07358,1.09368,63.75784163712474,0.0014089066424720588,AUDNZD_merged,16.225747512637398
2023-02-09 10:00:00,2023-02-09 12:00:00,1.0,30.0,0.331713743945738,4738.7677706534005,-1,0.69894,0.7033648211802768,0.6945151788197232,0.66286,0.68927,53.43462968020353,0.001661100377921125,AUDUSD_merged,29.668286256054262
2023-02-09 10:00:00,2023-02-09 13:00:00,1.2,30.0,0.3847879429770561,5496.970613957945,-1,0.69894,0.7027545010174799,0.6943625987790241,0.66874,0.68927,53.473670469033024,0.001661100377921125,AUDUSD_merged,35.615212057022944
2023-02-12 19:00:00,2023-02-13 10:00:00,1.0,30.0,0.43653212608663605,6236.173229809087,1,1.60956,1.6018169822516817,1.6173030177483185,1.61019,1.66921,32.140888814370776,0.0025850056829591125,GBPCAD_merged,29.563467873913364
2023-02-10 14:00:00,2023-02-13 10:00:00,1.2,60.0,0.9124795608948819,13035.422298498313,1,1.61057,1.6031567994310294,1.619465840682765,1.61019,1.66921,21.582351387210036,0.00295347449704624,GBPCAD_merged,71.08752043910512
2023-02-10 16:00:00,2023-02-14 03:00:00,1.5,60.0,1.1456921791120007,16367.03113017144,1,1.42502,1.4197960104248604,1.4328559843627093,1.42344,1.46417,23.158980651677027,0.0021190435856194897,EURCAD_merged,88.854307820888
2023-02-13 13:00:00,2023-02-14 09:00:00,-1.1,60.0,0.9374434819946132,13392.049742780191,-1,142.093,142.7296150188918,141.13807747166229,137.91,142.291,68.76100554959643,0.25830938230932765,EURJPY_merged,-66.93744348199462
2023-02-13 13:00:00,2023-02-14 09:00:00,-1.1,60.0,1.1841391351510906,16916.273359301296,-1,142.093,142.596986889956,141.48821573205277,137.91,142.291,65.0657299261957,0.25830938230932765,EURJPY_merged,-67.18413913515109
2023-02-13 12:00:00,2023-02-14 12:00:00,-1.1,60.0,0.8561355865810947,12230.508379729925,-1,142.224,142.92171752204044,141.31696722134743,137.91,142.291,64.62309213741135,0.2652562578715853,EURJPY_merged,-66.85613558658109
2023-02-14 19:00:00,2023-02-15 10:00:00,-1.1,30.0,0.6525076781389065,9321.538259127237,-1,99.678,99.99879898369477,99.29304121956626,96.046,99.077,58.819695611346276,0.17742431533955283,CADJPY_merged,-33.6525076781389
2023-02-15 08:00:00,2023-02-15 23:00:00,1.3,60.0,1.3222503295161454,18889.29042165922,-1,1.70519,1.7106063707432169,1.6981487180338182,1.66633,1.7039,61.31183930645036,0.002824029273636375,EURNZD_merged,76.67774967048385
2023-02-15 08:00:00,2023-02-16 00:00:00,1.5,60.0,1.4691670327957171,20988.100468510245,-1,1.70519,1.710064733668895,1.6978778994966572,1.66633,1.7039,62.196558630918645,0.002824029273636375,EURNZD_merged,88.53083296720428
2023-02-15 08:00:00,2023-02-16 00:00:00,1.0,30.0,0.455948389488326,6513.5484212618,-1,1.70519,1.7130437375776644,1.6973362624223356,1.66633,1.7039,62.196558630918645,0.002824029273636375,EURNZD_merged,29.544051610511673
2023-02-15 13:00:00,2023-02-16 08:00:00,-1.1,89.99999999999999,2.535149151692573,36216.416452751044,-1,0.88852,0.8907280262994636,0.8852079605508046,0.87215,0.88964,63.6685625317503,0.0011797754719455056,EURGBP_merged,-101.53514915169256
2023-02-14 22:00:00,2023-02-16 15:00:00,1.0,30.0,0.401997067248837,5742.815246411958,-1,161.382,162.22504644886928,160.53895355113073,155.342,161.801,60.06880792475701,0.2907266954507567,GBPJPY_merged,29.598002932751164
2023-02-15 11:00:00,2023-02-16 21:00:00,-1.1,60.0,0.6588819772192719,9412.599674561028,1,0.62655,0.6225560980706956,0.6313426823151654,0.62696,0.65375,37.11112484551082,0.0015963064308845386,NZDUSD_merged,-66.65888197721927
2023-02-15 12:00:00,2023-02-17 02:00:00,-1.1,60.0,1.0292644786118126,14703.778265883038,-1,0.888,0.891623558451206,0.884376441548794,0.87215,0.88964,64.21032901930835,0.0012266812774797697,EURGBP_merged,-67.02926447861181
2023-02-15 08:00:00,2023-02-17 02:00:00,-1.1,15.000000000000002,0.2644500659032291,3777.8580843318446,-1,1.70519,1.7119604634290209,1.6970654438851749,1.66633,1.7039,61.754435130338756,0.002824029273636375,EURNZD_merged,-16.764450065903233
2023-02-17 08:00:00,2023-02-17 10:00:00,1.5,30.0,0.6180369798838627,8829.099712626612,-1,0.93208,0.9352470726246314,0.927329391063053,0.90591,0.92906,60.543727224712846,0.001449641194053787,USDCHF_merged,44.38196302011614
2023-02-17 08:00:00,2023-02-17 10:00:00,1.1,30.0,0.5114788799038864,7306.841141484092,-1,0.93208,0.9359068794214296,0.9278704326364275,0.90591,0.92906,60.543727224712846,0.001449641194053787,USDCHF_merged,32.48852112009612
2023-02-17 09:00:00,2023-02-17 10:00:00,1.2,15.0,0.35455706448192925,5065.100921170419,-1,0.93006,0.9328143182687022,0.9267548180775573,0.90591,0.92906,62.04106123840404,0.0014889525373356595,USDCHF_merged,17.64544293551807
2023-02-17 08:00:00,2023-02-17 10:00:00,1.2,15.0,0.2966577503442541,4237.967862060774,-1,0.93208,0.935379033983991,0.9281211592192109,0.90591,0.92906,59.86946184719092,0.001449641194053787,USDCHF_merged,17.703342249655744
2023-02-17 09:00:00,2023-02-17 10:00:00,1.3,90.00000000000001,2.020975267546997,28871.075250671387,-1,0.93006,0.9329592823881075,0.9262909328954602,0.90591,0.92906,62.04106123840404,0.0014889525373356595,USDCHF_merged,114.97902473245303
2023-02-17 09:00:00,2023-02-17 14:00:00,1.3,60.0,1.0363975731010238,14805.679615728914,-1,0.93006,0.9338290671045398,0.9251602127640982,0.90591,0.92906,62.04106123840404,0.0014889525373356595,USDCHF_merged,76.96360242689897
2023-02-17 11:00:00,2023-02-20 02:00:00,1.2,30.000000000000004,0.5770819067531732,8244.027239331046,-1,0.92775,0.9311260805480136,0.9236987033423836,0.90591,0.92906,50.71036730497696,0.0017913927490292134,USDCHF_merged,35.42291809324683
2023-02-20 02:00:00,2023-02-20 03:00:00,-1.1,30.000000000000004,1.104426084449167,15777.515492130957,-1,1.10511,1.107211300424426,1.102588439490689,1.088,1.09368,70.38127662032346,0.0011369513352457172,AUDNZD_merged,-34.10442608444917
2023-02-17 11:00:00,2023-02-20 03:00:00,1.3,90.0,1.6446834342465437,23495.477632093483,-1,0.92775,0.931303768997909,0.9231301003027181,0.90591,0.92906,50.71036730497696,0.0017913927490292134,USDCHF_merged,115.35531656575345
2023-02-20 02:00:00,2023-02-20 04:00:00,-1.1,60.0,1.7486746337111805,24981.06619587401,-1,1.10511,1.1077642742203273,1.101128588669509,1.088,1.09368,75.20756905669077,0.0011369513352457172,AUDNZD_merged,-67.74867463371118
2023-02-20 02:00:00,2023-02-20 04:00:00,-1.1,30.0,0.7235895036046265,10336.992908637521,-1,1.10511,1.1083172480162289,1.1015820271821481,1.088,1.09368,75.20756905669077,0.0011369513352457172,AUDNZD_merged,-33.72358950360463
2023-02-20 02:00:00,2023-02-20 04:00:00,-1.1,30.000000000000004,0.8393638241813668,11990.911774019527,-1,1.10511,1.1078748689795077,1.1017921572245908,1.088,1.09368,78.35869224525793,0.0011369513352457172,AUDNZD_merged,-33.839363824181376
2023-02-17 07:00:00,2023-02-20 08:00:00,1.5,60.0,1.5812096626326548,22588.709466180786,-1,1.71363,1.7181817341375316,1.7068023987937024,1.66633,1.7039,59.1107086743998,0.0026145453884092148,EURNZD_merged,88.41879033736734
2023-02-17 07:00:00,2023-02-20 08:00:00,1.0,30.0,0.49072024012737553,7010.2891446767935,-1,1.71363,1.720963349443801,1.706296650556199,1.66633,1.7039,59.1107086743998,0.0026145453884092148,EURNZD_merged,29.509279759872623
2023-02-17 07:00:00,2023-02-20 08:00:00,1.3,60.0,1.4230886963693892,20329.838519562705,-1,1.71363,1.718687482375035,1.7070552729124542,1.66633,1.71069,59.062825389683276,0.0026145453884092148,EURNZD_merged,76.57691130363061
2023-02-17 07:00:00,2023-02-20 21:00:00,1.3,30.0,0.5473418062959189,7819.1686613702705,-1,1.71363,1.7202047270875458,1.7050828547861905,1.66633,1.71069,59.062825389683276,0.0026145453884092148,EURNZD_merged,38.45265819370408
2023-02-20 09:00:00,2023-02-20 21:00:00,1.2,30.0,0.9948141612113395,14211.630874447708,-1,1.10628,1.1086152984814481,1.103477641822262,1.088,1.09368,62.41921184356476,0.001275597002211515,AUDNZD_merged,35.00518583878866
2023-02-15 13:00:00,2023-02-21 03:00:00,-1.1,30.0,0.6069940688709485,8671.343841013551,-1,145.106,145.6080190733771,144.50357711194746,140.235,144.864,65.75026699345612,0.2602762388685165,CHFJPY_merged,-33.60699406887095
2023-02-15 13:00:00,2023-02-21 03:00:00,-1.1,60.0,0.9610739423790018,13729.627748271456,-1,145.106,145.74012935584477,144.15480596623283,140.235,144.864,67.78477376617012,0.2602762388685165,CHFJPY_merged,-66.961073942379
2023-02-20 09:00:00,2023-02-21 07:00:00,1.3,60.0,1.453959158693496,20770.8451241928,-1,1.10628,1.1094756716061922,1.10212562691195,1.088,1.09368,62.41921184356476,0.001275597002211515,AUDNZD_merged,76.5460408413065
2023-02-15 13:00:00,2023-02-21 07:00:00,-1.1,29.999999999999996,0.4613154923419209,6590.221319170299,-1,145.106,145.76655141233832,144.313338305194,140.235,143.914,69.31526746833666,0.2602762388685165,CHFJPY_merged,-33.46131549234192
2023-02-20 11:00:00,2023-02-21 17:00:00,1.5,30.0,0.7581567676337626,10830.81096619661,-1,1.10526,1.1083214328053075,1.1006678507920384,1.088,1.09368,63.42817899294133,0.0012394829306249897,AUDNZD_merged,44.241843232366236
2023-02-20 11:00:00,2023-02-21 17:00:00,1.1,30.0,0.627440083558976,8963.429765128229,-1,1.10526,1.1089592313064134,1.101190845562945,1.088,1.09368,63.42817899294133,0.0012394829306249897,AUDNZD_merged,32.37255991644103
2023-02-20 11:00:00,2023-02-21 17:00:00,1.2,30.000000000000004,0.7278304969284121,10397.578527548745,-1,1.10526,1.1084489925055288,1.1014332089933654,1.088,1.09368,63.30962770534988,0.0012394829306249897,AUDNZD_merged,35.27216950307159
2023-02-15 13:00:00,2023-02-23 11:00:00,1.3,30.0,0.4435725887903085,6336.751268432979,-1,145.106,145.79297346883183,144.2129344905186,140.235,144.864,65.75026699345612,0.2602762388685165,CHFJPY_merged,38.55642741120969
2023-02-26 19:00:00,2023-02-26 22:00:00,-1.1,90.0,2.2733964312648722,32477.091875212463,-1,1.56718,1.5715229442679766,1.5606655835980352,1.52555,1.56508,67.4851937589298,0.002353264900146631,EURAUD_merged,-101.27339643126489
2023-02-26 19:00:00,2023-02-26 23:00:00,-1.1,30.0,0.7179146625046966,10255.923750067095,-1,1.56718,1.5717642189495307,1.561678937260563,1.53549,1.56508,65.89557946544771,0.002353264900146631,EURAUD_merged,-33.7179146625047
2023-02-26 18:00:00,2023-02-26 23:00:00,-1.1,90.0,1.9943314355155481,28490.44907879355,-1,1.56763,1.5725820700642454,1.5611923089164812,1.52555,1.56508,65.26560050236898,0.002412746815542498,EURAUD_merged,-100.99433143551556
2023-02-24 14:00:00,2023-02-27 08:00:00,1.2,14.999999999999998,0.29934877990331155,4276.41114147588,-1,1.36213,1.3669078263885424,1.3563966083337493,1.32616,1.35201,62.02581673074387,0.0019596212300300253,USDCAD_merged,17.700651220096685
2023-02-24 14:00:00,2023-02-27 08:00:00,1.3,90.0,2.2451158492748364,32073.083561069096,-1,1.36213,1.365952261110834,1.3571610605559161,1.32616,1.34749,61.786602826186076,0.0019596212300300253,USDCAD_merged,114.75488415072516
2023-02-24 14:00:00,2023-02-27 08:00:00,1.2,29.999999999999996,0.5986975598066231,8552.82228295176,-1,1.36213,1.3669078263885424,1.3563966083337493,1.32733,1.34749,63.49214527030866,0.0019596212300300253,USDCAD_merged,35.40130244019337
2023-02-24 14:00:00,2023-02-27 08:00:00,1.1,30.0,0.5161185860401922,7373.122657717032,-1,1.36213,1.3676722786107092,1.3560334935282201,1.32733,1.34749,62.86238457501564,0.0019596212300300253,USDCAD_merged,32.48388141395981
2023-02-24 14:00:00,2023-02-27 08:00:00,1.5,90.0,2.4945731658609294,35636.75951229899,-1,1.36213,1.3655700349997506,1.3569699475003743,1.32616,1.35201,62.28450422757312,0.0019596212300300253,USDCAD_merged,132.50542683413906
2023-02-24 14:00:00,2023-02-27 08:00:00,1.2,29.999999999999996,0.7877599471139777,11253.713530199682,-1,1.36213,1.3657611480552923,1.3577726223336495,1.32733,1.34749,61.786602826186076,0.0019596212300300253,USDCAD_merged,35.21224005288602
2023-02-27 07:00:00,2023-02-27 10:00:00,1.5,60.0,1.7661325562921468,25230.465089887814,-1,0.9402,0.9424358684153868,0.9368461973769198,0.90591,0.94086,66.13962962097045,0.00123699561111225,USDCHF_merged,88.23386744370785
2023-02-27 05:00:00,2023-02-27 10:00:00,1.1,29.999999999999996,0.5551040286117426,7930.057551596324,-1,0.94112,0.9446803272506283,0.9372036400243087,0.91357,0.92906,65.12306304613604,0.0012421491196593457,USDCHF_merged,32.444895971388256
2023-02-27 07:00:00,2023-02-27 10:00:00,1.2,29.999999999999996,0.8365891056120696,11951.27293731528,-1,0.9402,0.9425600833273527,0.9373679000071767,0.91357,0.92906,66.04790210774183,0.00123699561111225,USDCHF_merged,35.16341089438792
2023-02-27 05:00:00,2023-02-27 10:00:00,1.2,30.0,0.6439206731896217,9198.866759851739,-1,0.94112,0.944189247629852,0.9374369028441775,0.91357,0.92906,63.704028672489365,0.0012421491196593457,USDCHF_merged,35.35607932681038
2023-02-27 07:00:00,2023-02-27 10:00:00,1.3,90.0,2.3842789509943985,34061.12787134855,-1,0.9402,0.9426842982393188,0.9369704122888858,0.90591,0.92906,66.04790210774183,0.00123699561111225,USDCHF_merged,114.6157210490056
2023-02-27 05:00:00,2023-02-27 10:00:00,1.2,30.0,0.6439206731896217,9198.866759851739,-1,0.94112,0.944189247629852,0.9374369028441775,0.90591,0.92906,65.62749462777273,0.0012421491196593457,USDCHF_merged,35.35607932681038
2023-02-27 05:00:00,2023-02-27 13:00:00,1.0,30.0,0.5896146732719694,8423.066761028134,-1,0.69212,0.6945850879055202,0.6896549120944797,0.6769,0.69276,60.443605993947955,0.0008607424328020473,CADCHF_merged,29.41038532672803
2023-02-27 02:00:00,2023-02-28 02:00:00,-1.1,30.0,0.464478287167859,6635.404102397986,-1,1.7169,1.724662451119049,1.7091375488809513,1.66633,1.7039,60.17082746357446,0.00263408533368557,EURNZD_merged,-33.46447828716786
2023-02-28 09:00:00,2023-02-28 11:00:00,1.3,90.00000000000001,2.1398361422117596,30569.087745882283,-1,100.617,100.91323160740934,100.23189891036786,96.046,99.077,60.70462081411981,0.15603610344005278,CADJPY_merged,114.86016385778827
2023-02-28 09:00:00,2023-02-28 11:00:00,1.2,60.0,1.1412459425129386,16303.513464470552,-1,100.617,100.98728950926169,100.17265258888598,96.046,99.077,60.9794944945249,0.15603610344005278,CADJPY_merged,70.85875405748706
2023-02-28 09:00:00,2023-02-28 11:00:00,1.5,15.0,0.29719946419607773,4245.706631372539,-1,100.617,100.97247792889122,100.08378310666319,96.046,99.077,61.270544159381785,0.15603610344005278,CADJPY_merged,22.202800535803924
2023-02-24 13:00:00,2023-02-28 11:00:00,1.0,30.0,0.3008825850398132,4298.322643425903,1,0.61607,0.6117701599151084,0.6203698400848916,0.61908,0.65375,32.207184694958315,0.0014475103720096505,NZDUSD_merged,29.699117414960188
2023-02-28 09:00:00,2023-02-28 11:00:00,1.1,30.0,0.4919163545314389,7027.37649330627,-1,100.617,101.04653583074355,100.1445105861821,96.046,99.077,61.270544159381785,0.15603610344005278,CADJPY_merged,32.50808364546856
2023-02-28 13:00:00,2023-02-28 22:00:00,-1.1,90.0,1.6656481957624263,23794.974225177524,-1,99.73,100.10720990638868,99.23962712169474,96.046,99.077,44.414393963311646,0.1925617422518819,CADJPY_merged,-100.66564819576244
2023-02-28 13:00:00,2023-03-01 01:00:00,-1.1,30.0,0.4626800543784519,6609.715062549313,-1,99.73,100.18265188766641,99.0510221685004,96.046,99.077,40.16613229497802,0.1925617422518819,CADJPY_merged,-33.46268005437845
2023-02-28 13:00:00,2023-03-01 02:00:00,-1.1,60.0,0.8883457044066274,12690.652920094679,-1,99.73,100.20151238298584,99.164185140417,96.046,99.077,36.632556762441794,0.1925617422518819,CADJPY_merged,-66.88834570440663
2023-02-24 14:00:00,2023-03-01 04:00:00,1.2,30.0,0.3514943501374025,5021.34785910575,1,0.6724,0.6683827519291619,0.6772206976850058,0.68549,0.70294,23.983633010377083,0.0015671207120256097,AUDUSD_merged,35.6485056498626
2023-02-28 11:00:00,2023-03-01 06:00:00,1.2,30.0,0.7087489280653508,10124.98468664787,-1,100.058,100.35446859653611,99.70223768415669,96.046,99.077,46.06049311647024,0.18860495319433437,CADJPY_merged,35.291251071934646
2023-02-28 13:00:00,2023-03-02 00:00:00,-1.1,60.0,0.7658152624195064,10940.218034564377,-1,99.73,100.27695436426357,99.12835019931008,96.046,99.077,40.16613229497802,0.1925617422518819,CADJPY_merged,-66.76581526241951
2023-03-01 09:00:00,2023-03-03 07:00:00,1.2,60.0,1.1950029507607947,17071.47072515421,1,1.08109,1.0772903625203527,1.085649564975577,1.088,1.09368,21.89316638384218,0.0014827224924404863,AUDNZD_merged,70.8049970492392
2023-03-01 03:00:00,2023-03-05 20:00:00,1.0,30.0,0.3558120462064183,5083.029231520262,-1,84.8,85.30048895729823,84.29951104270177,82.315,84.909,67.65013852967434,0.17754079913490156,NZDJPY_merged,29.644187953793583
2023-03-06 20:00:00,2023-03-06 22:00:00,-1.1,30.0,0.5098524668962612,7283.606669946588,1,0.62658,0.6239992181357676,0.6296769382370788,0.63569,0.64435,28.411529330172776,0.001003576121000584,AUDCHF_merged,-33.50985246689626
2023-03-06 22:00:00,2023-03-06 22:00:00,-1.1,30.0,0.45532711323543335,6504.673046220477,1,0.62728,0.6243869414455913,0.6301730585544086,0.62997,0.6569,26.460609800364697,0.0012663487982096885,AUDCHF_merged,-33.455327113235434
2023-03-06 13:00:00,2023-03-07 02:00:00,1.2,30.0,0.5960839328815946,8515.48475545135,-1,1.72583,1.7319100883903709,1.7185338939315549,1.66633,1.71069,67.88384443136142,0.0030343289125872737,EURNZD_merged,35.4039160671184
2023-03-06 13:00:00,2023-03-07 04:00:00,1.5,89.99999999999999,1.8875991207917158,26965.701725595944,-1,1.72583,1.731590083738246,1.7171898743926308,1.66633,1.7039,70.03958941024162,0.0030343289125872737,EURNZD_merged,133.11240087920825
2023-02-24 14:00:00,2023-03-07 09:00:00,-1.1,30.0,0.6236432914652323,8909.189878074749,-1,1.36213,1.3667167133330007,1.355249930000499,1.32733,1.34749,62.86238457501564,0.0019596212300300253,USDCAD_merged,-33.623643291465235
2023-02-24 14:00:00,2023-03-07 12:00:00,-2.4284646814875024,90.0,1.727012191749874,24671.602739283917,-1,1.36213,1.367098939444084,1.3556703787226907,1.32733,1.34749,61.786602826186076,0.0019596212300300253,USDCAD_merged,-220.28883352562508
2023-03-06 20:00:00,2023-03-07 22:00:00,-1.1,90.0,1.8497829122018068,26425.470174311526,-1,1.7242,1.7300722890823281,1.7165660241929732,1.66633,1.71069,62.25103582379895,0.0029107056453666984,EURNZD_merged,-100.84978291220182
2023-03-08 00:00:00,2023-03-09 09:00:00,1.5,90.00000000000001,1.3998585944489603,19997.979920699436,1,0.65896,0.6559943804606677,0.6634084293089983,0.66286,0.71573,27.404440338296368,0.0016120259528301295,AUDUSD_merged,133.60014140555106
2023-03-08 12:00:00,2023-03-09 09:00:00,1.0,30.000000000000004,0.38000576357356963,5428.6537653367095,1,1.18349,1.1769497597240945,1.1900302402759053,1.19145,1.24476,31.634063476860963,0.0022334513198711413,GBPUSD_merged,29.619994236426432
2023-03-08 02:00:00,2023-03-09 09:00:00,1.2,30.0,0.4639255952741857,6627.508503916939,1,1.18301,1.1776550012128955,1.1894359985445253,1.19145,1.22696,24.932812653188517,0.0021097138352102426,GBPUSD_merged,35.53607440472582
2023-03-06 20:00:00,2023-03-09 14:00:00,-1.1,30.0,0.49327544325381506,7046.792046483073,-1,1.7242,1.7315403613529103,1.7153915663765076,1.66633,1.71069,62.76593224328493,0.0029107056453666984,EURNZD_merged,-33.493275443253815
2023-03-06 20:00:00,2023-03-09 16:00:00,-1.1687249862837727,30.0,0.4252374510808751,6074.820729726787,-1,1.7242,1.732714819169376,1.715685180830624,1.66633,1.7039,63.29072697849839,0.0029107056453666984,EURNZD_merged,-35.486987039594055
2023-03-06 13:00:00,2023-03-09 16:00:00,-1.1,60.0,0.9060475779800234,12943.53682828605,-1,1.72583,1.7338301163031196,1.7162298604362565,1.66633,1.71069,75.50635067285597,0.0030343289125872737,EURNZD_merged,-66.90604757798002
2023-03-06 13:00:00,2023-03-09 16:00:00,-1.1,30.0,0.471899780197929,6741.425431398986,-1,1.72583,1.7335101116509948,1.7143098325235078,1.66633,1.71069,72.59051965315388,0.0030343289125872737,EURNZD_merged,-33.47189978019793
2023-03-06 13:00:00,2023-03-09 18:00:00,-1.1,30.0,0.3905377491293205,5579.110701847436,-1,1.72583,1.7351101349116187,1.7156218515972195,1.66633,1.71069,72.59051965315388,0.0030343289125872737,EURNZD_merged,-33.39053774912932
2023-03-09 21:00:00,2023-03-10 04:00:00,-1.1,90.00000000000001,2.222298917829959,31747.12739757084,-1,1.95225,1.9577844377398204,1.9439483433902696,1.88331,1.94035,66.03611797231757,0.0030379242308597185,GBPNZD_merged,-101.22229891782999
2023-03-10 00:00:00,2023-03-10 04:00:00,-1.1,30.0,0.4694849939016835,6706.928484309765,-1,1.95235,1.9610828350282876,1.9436171649717124,1.88331,1.94035,66.13730474227162,0.002979085107579789,GBPNZD_merged,-33.46948499390168
2023-03-09 21:00:00,2023-03-10 04:00:00,-1.1,30.0,0.4597859829993017,6568.37118570431,-1,1.95225,1.9611665941363772,1.942441746449985,1.88331,1.94035,68.04142326309224,0.0030379242308597185,GBPNZD_merged,-33.4597859829993
2023-03-09 21:00:00,2023-03-10 04:00:00,-1.1,30.0,0.7017786056305132,10025.408651864474,-1,1.95225,1.9580919065031437,1.9452397121962277,1.88331,1.94035,64.42252379119975,0.0030379242308597185,GBPNZD_merged,-33.701778605630516
2023-03-09 21:00:00,2023-03-10 08:00:00,1.0,30.0,0.44437987350115826,6348.283907159404,-1,1.73447,1.7426665615843546,1.7262734384156453,1.66633,1.7039,64.46180268158744,0.0028109433644485683,EURNZD_merged,29.55562012649884
2023-03-10 00:00:00,2023-03-10 09:00:00,-1.1,30.0,0.6813901673791051,9734.145248272931,1,0.98449,0.9814558661087639,0.9881309606694834,0.98463,1.00689,29.25513715656558,0.0011841068738877218,EURCHF_merged,-33.68139016737911
2023-03-10 00:00:00,2023-03-10 10:00:00,-1.1139961407777854,30.0,0.3086259062352026,4408.941517645751,1,0.61308,0.608908386489957,0.6172516135100429,0.62997,0.6569,32.52288051665828,0.0013835954588807308,AUDCHF_merged,-33.72851012956876
2023-03-10 00:00:00,2023-03-10 10:00:00,-1.276235523302231,30.0,0.358006051232835,5114.372160469072,1,0.61308,0.6094837814568596,0.6173954622517684,0.63569,0.64435,32.366902745398754,0.0013835954588807308,AUDCHF_merged,-38.64507175029976
2023-03-08 00:00:00,2023-03-12 19:00:00,1.2,15.0,0.16798303133387524,2399.7575904839323,1,0.65896,0.6548410839731497,0.6639026992322203,0.68549,0.70294,25.03955887721671,0.0016120259528301295,AUDUSD_merged,17.832016968666125
2023-03-08 05:00:00,2023-03-12 21:00:00,1.0,15.0,0.16294557437966956,2327.793919709565,1,0.66015,0.6558960796180636,0.6644039203819364,0.66286,0.71573,33.39863837915005,0.0014392355902751802,AUDUSD_merged,14.83705442562033
2023-03-08 00:00:00,2023-03-12 21:00:00,1.1,15.0,0.14481295804644415,2068.7565435206307,1,0.65896,0.6541820574088536,0.664215736850261,0.68549,0.70294,26.084180908796274,0.0016120259528301295,AUDUSD_merged,16.355187041953556
2023-03-21 18:00:00,2023-03-22 11:00:00,-1.1,30.0,0.7629365524097667,10899.09360585381,-1,1.47667,1.4807345673486285,1.4717925191816457,1.42373,1.46417,66.04706154911702,0.0020592998320365288,EURCAD_merged,-33.76293655240977
2023-03-21 18:00:00,2023-03-22 11:00:00,-1.1465785221455755,90.0,2.415965749297594,34513.796418537066,-1,1.47667,1.4805206427513322,1.4708940358730014,1.42373,1.46417,67.9326723851924,0.0020592998320365288,EURCAD_merged,-105.6080327423994
2023-03-22 14:00:00,2023-03-23 00:00:00,-1.1,30.000000000000004,0.9045481243698109,12922.116062425872,-1,1.08805,1.0905760181724349,1.0850187781930782,1.04823,1.08044,73.22383263065053,0.0019380915880320786,EURUSD_merged,-33.90454812436982
2023-03-27 10:00:00,2023-03-28 20:00:00,1.3,15.0,0.2326787934991573,3323.982764273676,-1,1.98224,1.9911851727366274,1.9706112754423846,1.91794,1.96753,64.04915985543363,0.0033415113667386504,GBPNZD_merged,19.267321206500842
2023-03-31 01:00:00,2023-03-31 10:00:00,1.3,60.0,0.803178054007229,11473.972200103271,-1,0.62827,0.631555366161133,0.6239990239905271,0.60838,0.62753,62.85764787825656,0.0011481061248655453,NZDUSD_merged,77.19682194599277
2023-03-30 13:00:00,2023-04-02 19:00:00,1.3,60.0,0.8955570330248227,12793.671900354611,-1,1.09048,1.0955941533493747,1.0838316006458126,1.05158,1.08044,62.485540883202354,0.0017910202434150953,EURUSD_merged,77.10444296697517
2023-04-04 08:00:00,2023-04-04 10:00:00,1.0,15.0,0.1900225834534634,2714.6083350494773,-1,166.029,166.94641963945404,165.11158036054596,156.721,165.906,63.301701137620256,0.36043558551929716,GBPJPY_merged,14.809977416546536
2023-04-04 08:00:00,2023-04-04 10:00:00,1.0,15.0,0.1900225834534634,2714.6083350494773,-1,166.029,166.94641963945404,165.11158036054596,156.721,165.906,64.06484034336431,0.36043558551929716,GBPJPY_merged,14.809977416546536
2023-04-05 02:00:00,2023-04-06 01:00:00,1.3,90.0,0.8570436873177673,12243.481247396678,-1,0.63446,0.6391238205953181,0.6283970332260864,0.60838,0.62753,64.2385229751435,0.0016302466259983778,NZDUSD_merged,116.14295631268223
2023-04-11 21:00:00,2023-04-12 08:00:00,1.0,29.999999999999996,0.6072758930868623,8675.36990124089,-1,2.00589,2.0128264996173124,1.9989535003826877,1.91794,1.91997,71.34141241380094,0.00262089272046868,GBPNZD_merged,29.392724106913136
2023-04-12 00:00:00,2023-04-12 08:00:00,1.0,30.0,0.5164941537646186,7378.487910923124,-1,166.398,167.07455325322277,165.72144674677722,158.254,165.906,69.5205623571369,0.2539833047224219,GBPJPY_merged,29.48350584623538
2023-04-12 00:00:00,2023-04-12 08:00:00,1.0,30.0,0.6157634123552945,8796.620176504208,-1,2.00668,2.0135235829661937,1.999836417033806,1.91794,1.91997,64.21428533738973,0.0026034224879263332,GBPNZD_merged,29.384236587644704
2023-04-12 01:00:00,2023-04-12 10:00:00,-1.1,89.99999999999999,1.6285054403812227,23264.36343401747,-1,1.76109,1.7679029136844657,1.7522332122101947,1.69693,1.71069,67.84111563136727,0.0025065274973993415,EURNZD_merged,-100.6285054403812
2023-04-11 19:00:00,2023-04-12 10:00:00,-1.1,60.0,1.0790033291947188,15414.33327421027,-1,1.76211,1.768968979763782,1.7552510202362182,1.69693,1.71069,69.70398905485851,0.002581064201350724,EURNZD_merged,-67.07900332919472
2023-04-11 19:00:00,2023-04-12 10:00:00,-1.1,14.999999999999998,0.2922300683235697,4174.715261765282,-1,1.76211,1.768441365935799,1.7557786340642012,1.69693,1.71069,72.90128522506558,0.002581064201350724,EURNZD_merged,-16.79223006832357
2023-04-11 19:00:00,2023-04-12 10:00:00,-1.1,14.999999999999998,0.2922300683235697,4174.715261765282,-1,1.76211,1.768441365935799,1.7557786340642012,1.69693,1.71069,68.80419007973641,0.002581064201350724,EURNZD_merged,-16.79223006832357
2023-04-11 20:00:00,2023-04-12 14:00:00,-1.1646249732386433,60.0,0.7964262774325447,11377.518249036353,1,0.55928,0.5563306045988683,0.5637040931016976,0.5621,0.58844,27.24833036118681,0.0009965305471604183,NZDCHF_merged,-70.67392467175114
2023-04-12 01:00:00,2023-04-12 20:00:00,-1.1,90.0,1.7325472607378165,24750.67515339738,-1,2.00469,2.0119795829661937,1.9952135421439483,1.91794,1.96753,67.06428415405276,0.0026274637387887338,GBPNZD_merged,-100.73254726073783
2023-04-12 16:00:00,2023-04-13 04:00:00,-1.1,30.0,0.43121158488021744,6160.165498288821,1,0.89638,0.8920146302696786,0.902928054595482,0.90708,0.94393,27.222090380045707,0.0014549213422211254,USDCHF_merged,-33.43121158488022
2023-04-12 16:00:00,2023-04-13 05:00:00,-1.1,60.0,1.1127021234220635,15895.744620315196,-1,1.09884,1.1029876760966415,1.0946923239033586,1.05158,1.08044,69.68030491138225,0.0015170271773719817,EURUSD_merged,-67.11270212342207
2023-04-11 20:00:00,2023-04-13 08:00:00,1.5,15.0,0.23348380693235055,3335.482956176437,1,0.83378,0.8300304080625442,0.8394043879061834,0.83415,0.86133,28.299277819047866,0.0012713225415498669,NZDCAD_merged,22.26651619306765
2023-04-12 22:00:00,2023-04-13 09:00:00,-1.5314782385705372,30.0,0.6224957000549091,8892.79571507013,-1,1.09958,1.1032894521292216,1.0958705478707784,1.05158,1.08044,65.89329091572418,0.0013662329032934457,EURUSD_merged,-46.56684285717103
2023-04-13 11:00:00,2023-04-14 10:00:00,1.0,30.0,0.5066441444566462,7237.773492237804,-1,1.10469,1.1092688528800385,1.1001111471199614,1.05158,1.08044,69.12226790044751,0.0017667331714423405,EURUSD_merged,29.493355855543353
2023-04-13 18:00:00,2023-04-14 11:00:00,1.0,30.0,0.3606788157693913,5152.554510991305,-1,0.62949,0.6331551140632701,0.6258248859367299,0.60838,0.62753,66.48320361292986,0.0013546835940250323,NZDUSD_merged,29.63932118423061
2023-04-13 18:00:00,2023-04-14 11:00:00,1.0,30.0,0.3606788157693913,5152.554510991305,-1,0.62949,0.6331551140632701,0.6258248859367299,0.60838,0.62753,68.66591353374044,0.0013546835940250323,NZDUSD_merged,29.63932118423061
2023-04-13 17:00:00,2023-04-17 10:00:00,1.5,15.0,0.19909555019923317,2844.222145703331,1,0.88928,0.8845900709731301,0.8963148935403047,0.90708,0.94393,29.05559924907053,0.001549558555401661,USDCHF_merged,22.30090444980077
2023-04-13 17:00:00,2023-04-17 10:00:00,1.5,15.0,0.19245903185925875,2749.4147408465537,1,0.88928,0.8844283492825484,0.8965574760761773,0.90708,0.94393,29.365315452510508,0.001549558555401661,USDCHF_merged,22.307540968140742
2023-04-12 03:00:00,2023-04-18 03:00:00,-1.1,60.0,0.9270121748637888,13243.031069482699,-1,166.147,166.89975969282983,165.16841239932117,158.254,165.906,63.64377875610969,0.2702825511935729,GBPJPY_merged,-66.92701217486379
2023-04-25 11:00:00,2023-04-25 23:00:00,-1.1,30.0,0.6813408009155654,9733.440013079506,-1,1.68811,1.6933130217407153,1.6829069782592847,1.65798,1.68651,60.81288930754272,0.0019953649073982836,GBPCAD_merged,-33.681340800915564
2023-04-25 11:00:00,2023-04-25 23:00:00,-1.1,30.0,0.6813408009155654,9733.440013079506,-1,1.68811,1.6933130217407153,1.6829069782592847,1.65798,1.68651,59.7409453230512,0.0019953649073982836,GBPCAD_merged,-33.681340800915564
2023-04-24 18:00:00,2023-04-26 03:00:00,-1.1,15.0,0.30242673983761076,4320.381997680154,-1,1.49558,1.500772526959895,1.487791209560157,1.45785,1.49377,79.12937685976924,0.001713346070902397,EURCAD_merged,-16.80242673983761
2023-04-25 07:00:00,2023-04-26 04:00:00,-1.1,60.0,1.3246374314093883,18923.391877276976,-1,1.49722,1.5019672039147416,1.4900991941278874,1.45785,1.49377,75.17482353214123,0.0016258012117057654,EURCAD_merged,-67.32463743140939
2023-04-25 07:00:00,2023-04-26 04:00:00,-1.1,60.0,1.370314584216608,19575.92263166583,-1,1.49722,1.5018089637842502,1.4903365543236247,1.45785,1.49377,75.58657673764398,0.0016258012117057654,EURCAD_merged,-67.3703145842166
2023-04-25 09:00:00,2023-04-26 09:00:00,-1.1,30.0,0.5876452577499127,8394.932253570183,1,0.65386,0.6515233760216876,0.6573649359674686,0.6653,0.68076,25.413006271220492,0.0008024658058635658,CADCHF_merged,-33.58764525774991
2023-04-25 17:00:00,2023-04-26 09:00:00,-1.1,30.0,0.5425005122421895,7750.007317745565,1,0.65423,0.6516974991654447,0.6580287512518329,0.65945,0.68076,30.9950036327657,0.0009281550202194862,CADCHF_merged,-33.54250051224219
2023-04-26 13:00:00,2023-04-28 03:00:00,-1.1,30.0,0.5264856842511811,7521.22406073116,-1,1.69714,1.703909403436048,1.6903705965639522,1.65798,1.68651,64.65733067035569,0.0026183583700171223,GBPCAD_merged,-33.526485684251185
2023-04-26 09:00:00,2023-04-28 09:00:00,-1.1,30.0,0.6353445583304911,9076.35083329273,-1,1.69946,1.7050772134524579,1.693842786547542,1.65798,1.68651,75.61302471489817,0.002455433375877854,GBPCAD_merged,-33.63534455833049
2023-04-30 18:00:00,2023-05-01 01:00:00,1.0,30.0,0.510382902180157,7291.184316859387,-1,1.89896,1.9067733808616347,1.8911466191383652,1.7221,1.87007,66.96461035718156,0.0030304931648695273,GBPAUD_merged,29.489617097819842
2023-04-30 18:00:00,2023-05-01 01:00:00,1.0,30.0,0.510382902180157,7291.184316859387,-1,1.89896,1.9067733808616347,1.8911466191383652,1.7221,1.87007,66.62136376652415,0.0030304931648695273,GBPAUD_merged,29.489617097819842
2023-05-03 22:00:00,2023-05-04 11:00:00,1.0,30.0,0.6073984656422262,8677.12093774609,-1,1.71191,1.717828702801132,1.705991297198868,1.65373,1.68651,64.90822299836415,0.002232393857547188,GBPCAD_merged,29.392601534357773
2023-05-03 22:00:00,2023-05-04 11:00:00,1.0,30.0,0.6073984656422262,8677.12093774609,-1,1.71191,1.717828702801132,1.705991297198868,1.65373,1.68651,66.20333277844385,0.002232393857547188,GBPCAD_merged,29.392601534357773
2023-05-17 13:00:00,2023-05-18 19:00:00,-1.1,15.0,0.20789607339370814,2969.9439056244023,-1,86.105,86.53988195098704,85.67011804901297,81.554,83.874,74.79274561285601,0.20118646913188915,NZDJPY_merged,-16.70789607339371
2023-05-17 18:00:00,2023-05-18 19:00:00,-1.2634077598941087,30.0,0.3637084858551327,5195.835512216182,-1,85.897,86.39295680885996,85.40104319114005,81.554,83.874,63.862564255196844,0.18612743173570084,NZDJPY_merged,-38.2659412826784
2023-05-17 13:00:00,2023-05-19 04:00:00,-1.1,30.0,0.38380813549607645,5482.973364229664,-1,86.105,86.5761221135693,85.63387788643071,81.554,83.874,73.4768499161545,0.20118646913188915,NZDJPY_merged,-33.383808135496075
2023-05-18 19:00:00,2023-05-19 09:00:00,1.0,30.000000000000004,0.577556310263736,8250.804432339086,-1,0.90472,0.9080095701531378,0.9014304298468622,0.88197,0.89948,67.57089371916365,0.00120127505469209,USDCHF_merged,29.42244368973627
2023-05-18 19:00:00,2023-05-19 09:00:00,1.0,30.000000000000004,0.577556310263736,8250.804432339086,-1,0.90472,0.9080095701531378,0.9014304298468622,0.88197,0.89948,68.92320308929419,0.00120127505469209,USDCHF_merged,29.42244368973627
2023-05-19 14:00:00,2023-05-22 15:00:00,-1.140577040213581,30.0,0.3755659325014154,5365.227607163078,-1,86.621,87.1053466466419,86.13665335335808,81.554,83.874,63.369968207777895,0.18498094522925165,NZDJPY_merged,-34.59287713890885
2023-05-19 14:00:00,2023-05-22 15:00:00,-1.140577040213581,30.0,0.3755659325014154,5365.227607163078,-1,86.621,87.1053466466419,86.13665335335808,81.554,83.874,63.36362271803735,0.18498094522925165,NZDJPY_merged,-34.59287713890885
2023-05-24 05:00:00,2023-05-24 09:00:00,-1.1,15.0,0.3323227616136089,4747.468023051556,1,0.65791,0.6558312814173614,0.661028077873958,0.65728,0.68176,26.873224791506935,0.0012140059485000972,AUDUSD_merged,-16.832322761613607
2023-05-24 05:00:00,2023-05-24 09:00:00,-1.1,15.0,0.26902318797292146,3843.188399613164,1,0.65791,0.6553421711626228,0.6604778288373772,0.65728,0.68176,26.873224791506935,0.0012140059485000972,AUDUSD_merged,-16.76902318797292
2023-05-24 05:00:00,2023-05-24 10:00:00,-1.1,15.0,0.2017673909796911,2882.3912997098732,1,0.65791,0.6544862282168304,0.6616761489614865,0.65728,0.68057,29.768854919092043,0.0012140059485000972,AUDUSD_merged,-16.70176739097969
2023-05-24 05:00:00,2023-05-24 10:00:00,-1.1,15.0,0.2017673909796911,2882.3912997098732,1,0.65791,0.6544862282168304,0.6630456576747543,0.65728,0.68057,26.873224791506935,0.0012140059485000972,AUDUSD_merged,-16.70176739097969
2023-05-24 05:00:00,2023-05-24 10:00:00,-1.1,15.0,0.18831623158104505,2690.231879729215,1,0.65791,0.6542416730894612,0.6626788249837005,0.65728,0.68057,26.873224791506935,0.0012140059485000972,AUDUSD_merged,-16.688316231581044
2023-05-24 05:00:00,2023-05-24 10:00:00,-1.1,15.000000000000002,0.19480989473901208,2782.9984962716017,1,0.65791,0.6543639506531458,0.6632290740202812,0.65728,0.68176,29.768854919092043,0.0012140059485000972,AUDUSD_merged,-16.694809894739016
2023-05-24 05:00:00,2023-05-24 10:00:00,-1.1,15.0,0.2017673909796911,2882.3912997098732,1,0.65791,0.6544862282168304,0.6613337717831695,0.65728,0.68176,32.32067261664972,0.0012140059485000972,AUDUSD_merged,-16.70176739097969
2023-05-24 18:00:00,2023-05-25 08:00:00,-1.1,15.0,0.1510651144527814,2158.073063611163,1,0.6107,0.6064552410275343,0.6170671384586985,0.61112,0.63805,26.172847116947402,0.0016609104754872687,NZDUSD_merged,-16.65106511445278
2023-05-24 18:00:00,2023-05-25 08:00:00,-1.1,15.0,0.13987510597479758,1998.2157996399656,1,0.6107,0.6061156603097371,0.6171180755663681,0.61112,0.63842,27.237060573104007,0.0016609104754872687,NZDUSD_merged,-16.6398751059748
2023-05-24 18:00:00,2023-05-25 11:00:00,-1.1702853749165574,15.0,0.13022854694205294,1860.4078134578992,1,0.6107,0.6057760795919398,0.6166087044896723,0.61112,0.63842,27.237060573104007,0.0016609104754872687,NZDUSD_merged,-17.684509170690415
2023-05-25 17:00:00,2023-05-26 07:00:00,1.0,15.0,0.2619121589443053,3741.602270632933,1,0.65042,0.6478124807357064,0.6530275192642936,0.65728,0.68176,27.39399730003731,0.0012008418515583928,AUDUSD_merged,14.738087841055695
2023-05-25 18:00:00,2023-05-26 11:00:00,-1.1,30.0,0.507547829134545,7250.6832733506435,1,0.82679,0.8233691223992414,0.8302108776007586,0.82612,0.8538,38.60006269900884,0.0015547758098592432,NZDCAD_merged,-33.507547829134545
2023-05-25 18:00:00,2023-05-26 11:00:00,-1.1,15.000000000000002,0.313485423877219,4478.3631982459865,1,0.82679,0.8240207181327193,0.8309439228009211,0.82612,0.8538,38.60006269900884,0.0015547758098592432,NZDCAD_merged,-16.81348542387722
2023-05-25 17:00:00,2023-05-30 21:00:00,-1.1,15.0,0.1634655923839549,2335.222748342213,1,0.60615,0.602256474208315,0.6119902886875275,0.61112,0.63842,27.467919466768613,0.001479023865483027,NZDUSD_merged,-16.663465592383954
2023-05-30 12:00:00,2023-05-31 02:00:00,-1.1,30.0,0.9779739449772895,13971.056356818423,1,0.86451,0.862653640728545,0.866366359271455,0.86608,0.88732,37.91400039036892,0.0008544105622079849,EURGBP_merged,-33.977973944977286
2023-05-30 12:00:00,2023-05-31 11:00:00,-1.7695638567842302,15.0,0.35409401456074274,5058.485922296325,1,0.86451,0.8619464562441812,0.8683553156337281,0.8729,0.88732,37.99300536511249,0.0008544105622079849,EURGBP_merged,-26.897551866324196
2023-05-30 12:00:00,2023-05-31 11:00:00,-1.8291911373836673,14.999999999999998,0.36674022936648365,5239.146133806909,1,0.86451,0.8620348543047267,0.8669851456952733,0.86608,0.88732,38.99428016452133,0.0008544105622079849,EURGBP_merged,-27.804607290121492
2023-05-30 12:00:00,2023-05-31 11:00:00,-1.8291911373836673,14.999999999999998,0.36674022936648365,5239.146133806909,1,0.86451,0.8620348543047267,0.86822271854291,0.8729,0.88732,37.91400039036892,0.0008544105622079849,EURGBP_merged,-27.804607290121492
2023-06-01 02:00:00,2023-06-01 09:00:00,-1.1,15.0,0.3815261590648015,5450.373700925736,-1,1.13187,1.134985024938036,1.1271974625929457,1.10287,1.12765,74.46224039206618,0.0012734378341276947,GBPCHF_merged,-16.8815261590648
2023-05-31 23:00:00,2023-06-01 09:00:00,-1.1,60.0,1.1739684396731367,16770.97770961624,-1,1.13242,1.1364713559302533,1.127558372883696,1.10287,1.12765,73.81485430304778,0.0013329464801303695,GBPCHF_merged,-67.17396843967313
2023-05-31 23:00:00,2023-06-01 09:00:00,-1.1,60.0,1.1348361583506987,16211.945119295699,-1,1.13242,1.1366110578588828,1.1269716247834525,1.10287,1.12765,76.3355977688406,0.0013329464801303695,GBPCHF_merged,-67.1348361583507
2023-05-31 23:00:00,2023-06-01 09:00:00,-1.1,60.0,1.2609290648341098,18013.272354773,-1,1.13242,1.1361919520729944,1.1271392670978078,1.10287,1.12765,73.81485430304778,0.0013329464801303695,GBPCHF_merged,-67.26092906483412
2023-05-31 16:00:00,2023-06-01 10:00:00,-1.1,15.0,0.5027690273935924,7182.414677051322,1,0.85921,0.8574155965048664,0.8619016052427004,0.8729,0.88732,23.835292061117148,0.0010251363628881209,EURGBP_merged,-17.002769027393594
2023-05-31 23:00:00,2023-06-01 10:00:00,-1.1,15.0,0.3749137142459204,5355.910203513149,1,0.85952,0.8571127901122122,0.8619272098877877,0.86608,0.88732,32.273346325072254,0.0008190236872765412,EURGBP_merged,-16.87491371424592
2023-05-31 16:00:00,2023-06-01 10:00:00,-1.1,15.0,0.4070034983662415,5814.335690946307,1,0.85921,0.8569933839177761,0.8614266160822239,0.86608,0.88732,23.835292061117148,0.0010251363628881209,EURGBP_merged,-16.90700349836624
2023-05-31 15:00:00,2023-06-01 21:00:00,1.2,15.0,0.1957661531051283,2796.6593300732616,-1,1.91263,1.9228884714882841,1.9003198342140593,1.85893,1.90249,67.98825727089688,0.003454017964228867,GBPAUD_merged,17.80423384689487
2023-05-31 15:00:00,2023-06-01 22:00:00,1.4,15.0,0.21026734963143412,3003.819280449059,-1,1.91263,1.9221809906959886,1.8992586130256162,1.85893,1.90249,67.98825727089688,0.003454017964228867,GBPAUD_merged,20.789732650368567
2023-05-31 15:00:00,2023-06-01 22:00:00,1.3,15.0,0.18924061466829073,2703.4373524041534,-1,1.91263,1.9232422118844317,1.8988341245502387,1.85893,1.90249,69.10104086803888,0.003454017964228867,GBPAUD_merged,19.31075938533171
2023-06-05 00:00:00,2023-06-05 02:00:00,-1.1,15.0,0.5211119783402918,7444.4568334327405,1,1.67098,1.6676131056031602,1.6760303415952595,1.67147,1.7145,25.04413725019956,0.0019312028218032198,GBPCAD_merged,-17.021111978340294
2023-06-01 19:00:00,2023-06-05 02:00:00,1.0,15.0,0.3457228515404003,4938.897879148576,1,0.85903,0.8564210272463011,0.8616389727536988,0.86608,0.88732,39.37968400423223,0.0008880776989307624,EURGBP_merged,14.654277148459599
2023-06-05 00:00:00,2023-06-05 03:00:00,-1.1,60.00000000000001,1.2655576616835662,18079.39516690809,1,1.67098,1.6654345268757933,1.6765254731242065,1.67147,1.7145,32.53825836369153,0.0019312028218032198,GBPCAD_merged,-67.26555766168359
2023-06-05 00:00:00,2023-06-05 03:00:00,-1.1,15.000000000000002,0.31638941542089155,4519.848791727022,1,1.67098,1.6654345268757933,1.6792982096863098,1.67147,1.7145,25.04413725019956,0.0019312028218032198,GBPCAD_merged,-16.816389415420897
2023-06-05 00:00:00,2023-06-05 03:00:00,-1.1,15.000000000000002,0.421852553894522,6026.465055636028,1,1.67098,1.6668208951568448,1.675139104843155,1.67147,1.7145,25.04413725019956,0.0019312028218032198,GBPCAD_merged,-16.921852553894524
2023-05-31 16:00:00,2023-06-05 07:00:00,1.2,60.00000000000001,1.1789066849229064,16841.524070327236,1,0.85921,0.8561489587435956,0.8628832495076854,0.8729,0.88732,27.096731724977506,0.0010251363628881209,EURGBP_merged,70.82109331507709
2023-05-31 16:00:00,2023-06-05 07:00:00,1.4,60.0,1.2662331060283067,18089.044371832955,1,0.85921,0.8563600650371407,0.863199908948003,0.8729,0.88732,27.096731724977506,0.0010251363628881209,EURGBP_merged,82.73376689397169
2023-06-04 21:00:00,2023-06-05 09:00:00,-1.1452785817082538,60.0,1.098832575753887,15697.608225055532,1,1.66946,1.6630789259813403,1.6771172888223915,1.67147,1.7145,26.81934179810759,0.0021253438976003816,GBPCAD_merged,-69.81554747824912
2023-06-04 21:00:00,2023-06-05 09:00:00,-1.222706624797754,59.99999999999999,1.180227581365286,16860.39401950409,1,1.66946,1.6635190000515927,1.67777739992777,1.67147,1.7145,26.81934179810759,0.0021253438976003816,GBPCAD_merged,-74.54262506923052
2023-06-04 23:00:00,2023-06-05 10:00:00,1.0,30.0,0.6561799371924772,9373.999102749676,1,1.43741,1.4328097968713962,1.442010203128604,1.46226,1.51119,32.830498933239994,0.0015648632824452023,EURCAD_merged,29.343820062807524
2023-06-04 17:00:00,2023-06-05 10:00:00,1.4,60.0,0.9154256215866389,13077.508879809127,-1,104.203,104.68108646566114,103.53367894807442,97.554,101.803,72.48359332309018,0.1694926998305475,CADJPY_merged,83.08457437841336
2023-06-04 17:00:00,2023-06-05 10:00:00,1.2,60.0,0.8522928200979052,12175.611715684361,-1,104.203,104.71650027793233,103.58679966648121,97.554,101.803,72.48359332309018,0.1694926998305475,CADJPY_merged,71.1477071799021
2023-06-04 17:00:00,2023-06-05 10:00:00,1.0,30.0,0.4413659246935581,6305.227495622259,-1,104.203,104.69879337179673,103.70720662820328,97.554,101.803,70.28783614805783,0.1694926998305475,CADJPY_merged,29.558634075306443
2023-06-04 20:00:00,2023-06-06 00:00:00,-1.1,15.0,0.21398965475046638,3056.9950678638056,-1,92.501,92.95488198842257,91.82017701736616,87.927,92.434,72.86648763887565,0.17708473855695292,AUDJPY_merged,-16.713989654750467
2023-06-04 20:00:00,2023-06-06 00:00:00,-1.1,30.0,0.35664942458411064,5094.9917797730095,-1,92.501,93.04565838610708,91.7929440980608,87.927,92.434,75.75900255369923,0.17708473855695292,AUDJPY_merged,-33.35664942458411
2023-06-04 20:00:00,2023-06-06 00:00:00,-1.1,15.0,0.25474958898865047,3639.2798426950067,-1,92.501,92.88226087027496,92.11973912972505,87.927,92.352,75.75900255369923,0.17708473855695292,AUDJPY_merged,-16.754749588988652
2023-06-06 02:00:00,2023-06-06 12:00:00,-1.1,30.0,0.3763155305990006,5375.936151414295,1,1.61014,1.6011547370356523,1.620922315557217,1.61353,1.67615,26.75463439091228,0.0032884832151851926,EURAUD_merged,-33.376315530599
2023-06-06 02:00:00,2023-06-06 12:00:00,-1.1,30.0,0.4041907550878155,5774.1536441116505,1,1.61014,1.6017744103435383,1.621851825519046,1.61353,1.67615,26.75463439091228,0.0032884832151851926,EURAUD_merged,-33.40419075508782
2023-06-04 18:00:00,2023-06-06 13:00:00,-1.1,60.00000000000001,1.2459359716089844,17799.085308699778,1,1.43751,1.432664211662897,1.4442941036719443,1.45785,1.51119,25.46727497893764,0.0018079695339243591,EURCAD_merged,-67.245935971609
2023-06-04 18:00:00,2023-06-07 02:00:00,-1.1,60.0,1.1600093528773303,16571.56218396186,1,1.43751,1.4323052643786671,1.4437556827455995,1.45785,1.51119,25.46727497893764,0.0018079695339243591,EURCAD_merged,-67.16000935287732
2023-06-06 23:00:00,2023-06-08 20:00:00,1.0,30.0,0.42629501672370523,6089.928810338647,1,1.8621,1.852926986367203,1.871273013632797,1.85893,1.90249,31.900549383545062,0.0032213565618969863,GBPAUD_merged,29.573704983276293
2023-05-31 16:00:00,2023-06-09 09:00:00,-1.1,15.0,0.3052526237746811,4360.7517682097305,1,0.85921,0.8562545118903682,0.8636432321644478,0.8729,0.88732,23.835292061117148,0.0010251363628881209,EURGBP_merged,-16.80525262377468
2023-06-07 12:00:00,2023-06-09 10:00:00,-1.1,15.0,0.19900431920976147,2842.9188458537355,1,1.60672,1.5982425156584579,1.6160452327756962,1.61353,1.67615,47.57754572979825,0.0029164106234706023,EURAUD_merged,-16.699004319209763
2023-06-07 12:00:00,2023-06-09 10:00:00,-1.1,30.0,0.39800863841952294,5685.837691707471,1,1.60672,1.5982425156584579,1.615197484341542,1.61353,1.65147,44.060265467711815,0.0029164106234706023,EURAUD_merged,-33.398008638419526
2023-06-07 14:00:00,2023-06-11 17:00:00,1.0,30.0,0.5639019339627286,8055.741913753267,-1,1.10144,1.1055418195907674,1.0973381804092326,1.0559,1.07607,67.63846053738261,0.0014181544561218727,AUDNZD_merged,29.43609806603727
2023-06-11 23:00:00,2023-06-12 04:00:00,1.0,15.0,0.632800061358324,9040.000876547487,1,0.85432,0.8529024337657704,0.8557375662342296,0.86608,0.88732,23.080848911096048,0.0006411007158158224,EURGBP_merged,14.367199938641676
2023-06-12 02:00:00,2023-06-12 07:00:00,1.0,30.000000000000004,1.0337012677912674,14767.160968446678,1,0.85485,0.8531133425575304,0.8565866574424696,0.86608,0.88732,33.13061307383479,0.0006237894579618726,EURGBP_merged,28.966298732208735
2023-06-12 05:00:00,2023-06-13 02:00:00,-1.1,15.0,0.35368031865879423,5052.575980839918,-1,94.266,94.54585526696918,93.84621709954624,87.927,92.352,69.44924055002035,0.16214783489912926,AUDJPY_merged,-16.853680318658796
2023-06-12 05:00:00,2023-06-13 02:00:00,-1.1,30.0,0.572625277828524,8180.361111836058,-1,94.266,94.61170356507958,93.92029643492043,87.927,92.352,69.44924055002035,0.16214783489912926,AUDJPY_merged,-33.57262527782852
2023-06-12 18:00:00,2023-06-13 09:00:00,-1.1,30.000000000000004,0.5028869984999971,7184.0999785713875,-1,0.6133,0.6158610723757854,0.6107389276242146,0.58777,0.60505,71.1374579068273,0.0008879066552349687,AUDCHF_merged,-33.5028869985
2023-06-12 05:00:00,2023-06-13 09:00:00,-1.1,15.0,0.2147344791856965,3067.6354169385218,-1,94.266,94.72693808677276,93.57459286984087,87.927,92.434,69.44924055002035,0.16214783489912926,AUDJPY_merged,-16.714734479185697
2023-06-12 18:00:00,2023-06-13 09:00:00,-1.1,30.0,0.670515997999996,9578.799971428514,-1,0.6133,0.615220804281839,0.6113791957181609,0.58777,0.60505,75.40585000635227,0.0008879066552349687,AUDCHF_merged,-33.670515998
2023-06-12 21:00:00,2023-06-13 15:00:00,1.0,30.0,0.5680914492242688,8115.592131775269,1,1.85534,1.8484815725314643,1.8621984274685357,1.85893,1.90249,37.535595888399754,0.0024473356400756337,GBPAUD_merged,29.43190855077573
2023-06-13 16:00:00,2023-06-14 10:00:00,-1.1,15.000000000000002,0.27285649088887454,3897.949869841065,-1,94.875,95.24009576765235,94.50990423234765,90.293,92.352,73.71902030625058,0.1657940469211065,AUDJPY_merged,-16.772856490888877
2023-06-13 18:00:00,2023-06-14 20:00:00,-1.1,30.0,0.42899459492562414,6128.494213223203,-1,94.833,95.2972233313791,94.3687766686209,90.293,92.352,70.6526305734425,0.16066590071245662,AUDJPY_merged,-33.428994594925626
2023-06-13 20:00:00,2023-06-14 20:00:00,-1.1,30.0,0.47085016001326585,6726.43085733237,-1,176.664,177.45192454905302,175.87607545094696,167.834,172.324,67.12747496253948,0.27794436575738307,GBPJPY_merged,-33.47085016001326
2023-06-13 16:00:00,2023-06-14 21:00:00,-1.1,15.0,0.19758573478159874,2822.6533540228393,-1,94.875,95.37917986961514,94.26998415646182,90.293,92.352,71.31727257613528,0.1657940469211065,AUDJPY_merged,-16.697585734781597
2023-06-12 18:00:00,2023-06-15 01:00:00,-1.1,15.0,0.24277303375861917,3468.186196551703,-1,0.6133,0.6159525392463492,0.6093211911304761,0.58777,0.60505,73.28796802467654,0.0008879066552349687,AUDCHF_merged,-16.74277303375862
2023-06-11 18:00:00,2023-06-15 01:00:00,-1.1,15.0,0.2652187038351265,3788.8386262160934,1,1.59337,1.5870618532674827,1.6003089614057688,1.61353,1.67615,30.20565256709031,0.0021962731510899044,EURAUD_merged,-16.765218703835128
2023-06-15 11:00:00,2023-06-15 22:00:00,-1.1,15.000000000000002,0.2923577862302578,4176.539803289398,-1,178.976,179.6187904740392,178.3332095259608,167.834,172.324,81.52073203821891,0.3373699375003287,GBPJPY_merged,-16.792357786230262
2023-06-15 03:00:00,2023-06-16 01:00:00,-1.1,30.0,0.31259312585581894,4465.616083654557,-1,87.241,87.82708486510514,86.65491513489486,83.52,87.305,71.22359231391985,0.2105791644481316,NZDJPY_merged,-33.31259312585582
2023-06-15 03:00:00,2023-06-16 01:00:00,-1.1,15.0,0.15629656292790947,2232.8080418272784,-1,87.241,87.82708486510514,86.59630664838436,81.554,87.305,71.99173739979729,0.2105791644481316,NZDJPY_merged,-16.65629656292791
2023-06-16 06:00:00,2023-06-16 10:00:00,-1.1,15.0,0.29136303389766066,4162.329055680867,-1,154.335,154.89118500340342,153.5007224948949,148.608,151.066,70.88181397162144,0.32536995984220146,EURJPY_merged,-16.79136303389766
2023-06-18 18:00:00,2023-06-20 03:00:00,1.0,14.999999999999998,0.23112036612181025,3301.719516025861,-1,1.28255,1.2883767366160637,1.2767232633839365,1.23085,1.26773,71.16158426196289,0.0020409075512456123,GBPUSD_merged,14.768879633878187
2023-06-19 00:00:00,2023-06-20 08:00:00,1.0,30.0,0.3616538223499587,5166.483176427982,-1,181.388,182.44125805082024,180.33474194917977,167.834,172.324,69.43047609432747,0.3718661903230327,GBPJPY_merged,29.638346177650043
2023-06-18 22:00:00,2023-06-20 10:00:00,1.5,30.0,0.6361278340400963,9087.540486287091,-1,155.168,155.68024421030358,154.39963368454463,148.608,151.066,74.39022886821098,0.28915440058599057,EURJPY_merged,44.363872165959904
2023-06-18 22:00:00,2023-06-20 11:00:00,1.5,15.0,0.2722828499896673,3889.7549998523905,-1,107.377,107.79107620790026,106.75588568814959,97.554,101.803,68.91543632305016,0.23681893708838378,CADJPY_merged,22.22771715001033
2023-06-18 22:00:00,2023-06-20 11:00:00,1.0,30.0,0.33062917498745314,4723.273928392188,-1,107.377,108.05900787183573,106.69499212816426,97.554,101.803,68.13146047256694,0.23681893708838378,CADJPY_merged,29.669370825012546
2023-06-19 00:00:00,2023-06-21 10:00:00,-1.1,30.0,0.39078665144485275,5582.666449212183,-1,154.789,155.62080144152355,153.95719855847642,148.608,151.066,66.61848634684607,0.29642394744404404,EURJPY_merged,-33.390786651444856
2023-06-16 06:00:00,2023-06-22 03:00:00,-1.1,15.0,0.17266013424599166,2466.5733463713095,-1,158.073,159.03429109782536,157.11170890217466,152.752,155.532,68.55398726691821,0.33772408856452524,CHFJPY_merged,-16.67266013424599
2023-06-18 22:00:00,2023-06-22 04:00:00,-1.1,15.0,0.1851523379929738,2645.0333998996257,-1,107.377,107.98593559985333,106.46359660021999,97.554,101.803,68.919099033413,0.23681893708838378,CADJPY_merged,-16.685152337992974
2023-06-18 22:00:00,2023-06-22 06:00:00,-1.1,15.0,0.1596140844767015,2280.2012068100216,-1,107.377,108.08336529582986,106.52936164500414,97.554,101.803,68.586332265207,0.23681893708838378,CADJPY_merged,-16.6596140844767
2023-06-18 22:00:00,2023-06-22 06:00:00,-1.1,15.0,0.16531458749372657,2361.636964196094,-1,107.377,108.05900787183573,106.35398819224638,97.554,101.803,68.91543632305016,0.23681893708838378,CADJPY_merged,-16.665314587493725
2023-06-18 22:00:00,2023-06-22 06:00:00,-1.1,14.999999999999998,0.17143734999349422,2449.1049999070606,-1,107.377,108.0346504478416,106.45628937302175,97.554,101.803,68.586332265207,0.23681893708838378,CADJPY_merged,-16.671437349993493
2023-06-22 20:00:00,2023-06-23 03:00:00,1.5,15.000000000000002,0.3004035330807517,4291.479044010739,-1,156.694,157.2416922934717,155.87246155979244,146.13,151.066,73.0464107442526,0.21878570900377425,EURJPY_merged,22.199596466919253
2023-06-22 20:00:00,2023-06-23 03:00:00,1.5,30.0,0.6301408328673053,9002.011898104362,-1,159.803,160.33555761648233,159.00416357527652,152.752,155.532,73.73034486394307,0.30732138715421115,CHFJPY_merged,44.369859167132695
2023-06-22 20:00:00,2023-06-23 03:00:00,1.5,60.0,1.7670796063573624,25243.994376533752,-1,156.694,157.06643075956075,156.13535386065885,148.608,151.066,75.40800145404164,0.21878570900377425,EURJPY_merged,88.23292039364264
2023-06-22 20:00:00,2023-06-23 03:00:00,1.3,15.0,0.250336277567293,3576.2325366756145,-1,156.694,157.35123075216603,155.83960002218413,146.13,151.611,75.40800145404164,0.21878570900377425,EURJPY_merged,19.249663722432707
2023-06-22 20:00:00,2023-06-23 03:00:00,1.0,29.999999999999996,0.5364348805013421,7663.35543573346,-1,156.694,157.3074153686883,156.08058463131167,148.608,151.066,69.8981407762569,0.21878570900377425,EURJPY_merged,29.463565119498654
2023-06-22 22:00:00,2023-06-23 08:00:00,1.5,60.0,1.4367409749782079,20524.871071117257,-1,108.578,108.89540418623957,108.10189372064065,97.554,101.803,67.0379032364253,0.18087203450060405,CADJPY_merged,88.5632590250218
2023-06-22 22:00:00,2023-06-23 08:00:00,1.0,30.0,0.43615351026124166,6230.764432303453,-1,108.578,109.10078336557106,108.05521663442894,97.554,101.803,66.00402699336676,0.18087203450060405,CADJPY_merged,29.563846489738758
2023-06-22 22:00:00,2023-06-23 12:00:00,-1.1,30.0,0.4884919314925907,6978.456164179867,-1,108.578,109.04477086211702,107.87784370682449,97.554,101.803,66.99875011315662,0.18087203450060405,CADJPY_merged,-33.48849193149259
2023-06-22 22:00:00,2023-06-25 21:00:00,-1.1,15.0,0.21807675513062083,3115.3822161517264,-1,108.578,109.10078336557106,107.79382495164343,97.554,101.803,67.0379032364253,0.18087203450060405,CADJPY_merged,-16.71807675513062
2023-06-22 22:00:00,2023-06-25 21:00:00,-1.1,15.0,0.2105568670226684,3007.9552431809775,-1,108.578,109.11945420005573,107.92825495993313,97.554,101.803,66.53008995232358,0.18087203450060405,CADJPY_merged,-16.710556867022667
2023-06-26 21:00:00,2023-06-26 23:00:00,1.0,30.0,0.5582656241823272,7975.223202604674,1,0.87827,0.8749662554739038,0.8815737445260962,0.87917,0.91063,41.2574815694608,0.0013042009907971788,AUDCAD_merged,29.441734375817674
2023-06-27 23:00:00,2023-06-28 08:00:00,-1.1,90.0,1.7682348349911878,25260.497642731258,-1,1.64879,1.654664432962436,1.6399783505563459,1.61353,1.65147,71.9255323045237,0.003310152458473517,EURAUD_merged,-100.7682348349912
2023-06-28 13:00:00,2023-06-30 01:00:00,1.5,89.99999999999999,1.880984280672238,26871.204009603403,-1,1.79262,1.7986240406057854,1.7836139390913222,1.74087,1.78364,63.982205421839325,0.0035223751208071103,EURNZD_merged,133.11901571932773
2023-06-28 11:00:00,2023-06-30 01:00:00,1.0,60.0,0.8340586043580837,11915.122919401196,-1,1.7928,1.8018278548301712,1.7837721451698287,1.74087,1.78364,61.00959174396469,0.0035317885916384207,EURNZD_merged,59.165941395641916
2023-06-28 11:00:00,2023-06-30 11:00:00,1.5,60.0,1.1831756449617583,16902.509213739406,1,0.54546,0.5435237431054676,0.5483643853417985,0.5446,0.56012,36.078768664325914,0.0011397621692823912,NZDCHF_merged,88.81682435503824
2023-06-28 13:00:00,2023-06-30 13:00:00,1.5,30.0,0.42635643695237396,6090.806242176772,-1,1.79262,1.801449471479096,1.779375792781356,1.71663,1.78364,64.14573242134901,0.0035223751208071103,EURNZD_merged,44.573643563047625
2023-06-28 13:00:00,2023-06-30 13:00:00,1.3,30.0,0.3552970307936449,5075.671868480642,-1,1.79262,1.8032153657749153,1.7788460244926103,1.71663,1.78364,63.982205421839325,0.0035223751208071103,EURNZD_merged,38.64470296920636
2023-06-28 07:00:00,2023-06-30 13:00:00,1.0,60.0,0.7186137951792558,10265.911359703656,1,0.54535,0.5421626551210603,0.5485373448789397,0.5446,0.56012,33.82619640796593,0.0011327419241381593,NZDCHF_merged,59.28138620482074
2023-06-28 11:00:00,2023-06-30 13:00:00,1.1,15.0,0.1795891603959812,2565.559434228303,1,0.54546,0.5422708709972407,0.548968041903035,0.5446,0.56775,36.63670465291385,0.0011397621692823912,NZDCHF_merged,16.32041083960402
2023-06-28 13:00:00,2023-06-30 14:00:00,1.5,30.0,0.3806753901360482,5438.219859086403,-1,1.79262,1.8025090080565878,1.7777864879151188,1.74087,1.78364,63.982205421839325,0.0035223751208071103,EURNZD_merged,44.61932460986395
2023-06-28 07:00:00,2023-07-02 23:00:00,1.5,15.0,0.17965344879481396,2566.477839925914,1,0.54535,0.5421626551210603,0.5501310173184095,0.5446,0.56775,27.74154307422902,0.0011327419241381593,NZDCHF_merged,22.320346551205187
2023-07-09 19:00:00,2023-07-10 14:00:00,-1.1800387444021636,90.0,2.1833271748295426,31190.38821185061,1,0.88883,0.8862652771931961,0.8926770842102059,0.89012,0.91449,25.420873639813625,0.001458756154976905,USDCHF_merged,-108.38681417102427
2023-07-09 21:00:00,2023-07-10 14:00:00,-1.1,30.0,0.4638990690385679,6627.129557693828,1,0.88953,0.8855032339970601,0.893959442603234,0.89012,0.91449,33.02543839597041,0.0014018356642402899,USDCHF_merged,-33.46389906903857
2023-07-09 19:00:00,2023-07-10 18:00:00,-1.1,60.0,0.989774985922726,14139.642656038943,1,0.88883,0.8850583488135237,0.8944874767797144,0.89012,0.91449,28.289368607437158,0.001458756154976905,USDCHF_merged,-66.98977498592272
2023-07-11 02:00:00,2023-07-11 21:00:00,-1.1,90.0,3.392498423970709,48464.26319958156,-1,1.10073,1.1027740979282412,1.0976638531076381,1.06355,1.10081,72.00039177176785,0.0012600955070224832,EURUSD_merged,-102.39249842397072
2023-07-11 02:00:00,2023-07-12 08:00:00,-1.1,29.999999999999996,0.7689663094333606,10985.232991905154,-1,1.10073,1.1037360263650606,1.0962209604524091,1.06355,1.10081,71.24018915104249,0.0012600955070224832,EURUSD_merged,-33.76896630943336
2023-07-11 02:00:00,2023-07-12 08:00:00,-1.1,30.0,0.6408052578611338,9154.360826587626,-1,1.10073,1.1043372316380726,1.0960405988705055,1.06355,1.10081,72.00039177176785,0.0012600955070224832,EURUSD_merged,-33.64080525786113
2023-07-11 02:00:00,2023-07-12 08:00:00,-1.1,60.00000000000001,1.3731541239881442,19616.48748554492,-1,1.10073,1.1040967495288678,1.0973632504711321,1.06355,1.10081,68.99492912579593,0.0012600955070224832,EURUSD_merged,-67.37315412398816
2023-07-13 18:00:00,2023-07-14 05:00:00,-1.1,15.0,0.23255765372723183,3322.252196103312,-1,160.717,161.44263877083975,159.6285418437404,152.752,155.532,71.63250390770202,0.2550740821662368,CHFJPY_merged,-16.73255765372723
2023-07-14 02:00:00,2023-07-14 11:00:00,-1.1,29.999999999999996,0.5214372519572156,7449.1035993887945,1,0.65524,0.652601132149966,0.6591983017750511,0.66185,0.68312,27.989034495557437,0.0009263862574000668,CADCHF_merged,-33.52143725195722
2023-07-14 03:00:00,2023-07-14 12:00:00,1.1,30.0,0.6576668218358077,9395.240311940111,1,1.31355,1.3093556953636492,1.3181637350999857,1.3116,1.36542,37.095069798772904,0.0015445398028714336,USDCAD_merged,32.34233317816419
2023-07-14 03:00:00,2023-07-14 12:00:00,1.5,30.0,0.6349886555656075,9071.266508080107,1,1.31355,1.309205898769494,1.3200661518457593,1.3116,1.36542,37.095069798772904,0.0015445398028714336,USDCAD_merged,44.36501134443439
2023-07-13 13:00:00,2023-07-14 12:00:00,-1.1,15.0,0.16427910521579078,2346.844360225583,-1,0.83721,0.8425610791822569,0.8291833812266147,0.80539,0.82832,71.91291671401345,0.001843164014523975,NZDCAD_merged,-16.66427910521579
2023-07-14 01:00:00,2023-07-14 12:00:00,1.5,30.0,0.8319514242909604,11885.02034701372,1,1.30988,1.3065736194594,1.3148395708108997,1.3116,1.36542,26.425881105381634,0.0013116556293656842,USDCAD_merged,44.16804857570904
2023-07-13 19:00:00,2023-07-14 12:00:00,1.3,30.0,0.5584397937769406,7977.711339670581,1,1.31094,1.3060102402825189,1.3173486876327254,1.3116,1.36542,22.38080400854776,0.0015658780077917691,USDCAD_merged,38.44156020622306
2023-07-13 20:00:00,2023-07-16 21:00:00,1.3,30.000000000000004,0.283359621530011,4047.9945932858714,-1,0.6888,0.6939047499011668,0.6821638251284831,0.64625,0.68993,70.6862137355321,0.001685041636075452,AUDUSD_merged,38.71664037847
2023-07-13 19:00:00,2023-07-17 08:00:00,1.1,15.0,0.21210512352386732,3030.073193198105,-1,1.31301,1.319509892492436,1.3058601182583205,1.23085,1.28481,76.66532931958587,0.0022091480204507233,GBPUSD_merged,16.287894876476134
2023-07-13 13:00:00,2023-07-17 09:00:00,1.3,15.000000000000002,0.12422817846305143,1774.6882637578776,-1,0.63817,0.6435639332306905,0.6311578868001024,0.59877,0.6247,75.51718242434414,0.0018038364761661073,NZDUSD_merged,19.37577182153695
2023-07-13 13:00:00,2023-07-18 04:00:00,1.5,15.0,0.12851190875488075,1835.884410784011,-1,0.63817,0.6433841354563341,0.6303487968154988,0.60501,0.6247,73.90759642860223,0.0018038364761661073,NZDUSD_merged,22.37148809124512
2023-07-17 09:00:00,2023-07-18 09:00:00,-1.1,60.0,0.9905541355730229,14150.7733653289,1,0.65127,0.648508582020136,0.655412126969796,0.66185,0.68312,46.30069922702372,0.0011427693038973486,CADCHF_merged,-66.99055413557302
2023-07-13 21:00:00,2023-07-18 13:00:00,1.5,15.0,0.2556293502060752,3651.8478600867884,-1,1.31201,1.3173990936189033,1.3039263595716446,1.25973,1.28481,75.80496357930917,0.0020980919155927143,GBPUSD_merged,22.244370649793925
2023-07-13 21:00:00,2023-07-18 13:00:00,1.3,30.0,0.4260489170101253,6086.413100144648,-1,1.31201,1.318476912342684,1.3036030139545105,1.23085,1.28481,76.91922694817715,0.0020980919155927143,GBPUSD_merged,38.57395108298987
2023-07-18 12:00:00,2023-07-18 17:00:00,-1.2168873964537001,30.0,0.36798550091687676,5256.935727383954,1,0.53971,0.5366300118016172,0.5430979870182212,0.5446,0.56012,28.31185047602365,0.0010864246576269875,NZDCHF_merged,-36.87460739452788
2023-07-18 12:00:00,2023-07-18 17:00:00,-1.1424282366901202,60.0,0.6869062683781698,9812.946691116713,1,0.53971,0.5364100126445898,0.5439999835620334,0.5446,0.56012,24.53573716568117,0.0010864246576269875,NZDCHF_merged,-69.23260046978538
2023-07-18 12:00:00,2023-07-18 17:00:00,-1.1783740379552965,30.0,0.35529634571284646,5075.662081612093,1,0.53971,0.5365200122231034,0.5444949816653449,0.5446,0.56012,28.31185047602365,0.0010864246576269875,NZDCHF_merged,-35.70651748437174
2023-07-17 09:00:00,2023-07-18 22:00:00,-1.1,29.999999999999996,0.4144450785586497,5920.643979409282,1,0.58506,0.5820954913990706,0.5883209594610225,0.58777,0.61683,40.30344230502934,0.0010874135666347688,AUDCHF_merged,-33.41444507855865
2023-07-13 21:00:00,2023-07-18 22:00:00,1.5,30.000000000000004,0.44074025897599167,6296.289413942739,-1,1.31201,1.318261348597928,1.3026329771031078,1.25973,1.28481,75.2766742606751,0.0020980919155927143,GBPUSD_merged,44.559259741024015
2023-07-18 20:00:00,2023-07-19 02:00:00,-1.1,30.0,0.2801481845089094,4002.1169215558484,1,0.53983,0.53578341657492,0.545090558452604,0.5446,0.56012,37.45931586220086,0.0013775139172866617,NZDCHF_merged,-33.28014818450891
2023-07-18 20:00:00,2023-07-19 02:00:00,-1.1,30.0,0.28980846673335453,4140.120953333637,1,0.53983,0.5359183026890894,0.545697545966366,0.5446,0.56012,36.978049663286136,0.0013775139172866617,NZDCHF_merged,-33.289808466733355
2023-07-18 20:00:00,2023-07-19 02:00:00,-1.1,30.0,0.30015876911668865,4287.982415952695,1,0.53983,0.5360531888032587,0.5439844923164154,0.5446,0.56012,36.978049663286136,0.0013775139172866617,NZDCHF_merged,-33.30015876911669
2023-07-26 14:00:00,2023-07-27 08:00:00,1.2,15.0,0.44116828390584606,6302.404055797801,-1,1.70689,1.7109524735852102,1.7020150316977478,1.66902,1.69778,73.59182880780033,0.002522569605366905,GBPCAD_merged,17.558831716094154
2023-07-26 14:00:00,2023-07-27 08:00:00,1.3,15.0,0.2999944330559753,4285.634757942505,-1,1.70689,1.7128642258606033,1.6991235063812158,1.66902,1.69778,75.56162308339671,0.002522569605366905,GBPCAD_merged,19.200005566944025
2023-07-27 09:00:00,2023-07-27 09:00:00,1.4,15.0,0.295806106968452,4225.801528120744,1,0.86158,0.8585217162841182,0.8658615972022345,0.89012,0.90164,59.75542845735063,0.002170631725230827,USDCHF_merged,20.704193893031547
2023-08-01 11:00:00,2023-08-02 00:00:00,-1.1,60.0,0.7138838520591795,10198.340743702565,1,0.6618,0.6579064254472455,0.666861646918581,0.65948,0.68946,25.04056613622759,0.0015661848338802545,AUDUSD_merged,-66.71388385205918
2023-08-02 07:00:00,2023-08-02 08:00:00,-1.1,60.0,1.1857586619686213,16939.409456694593,1,0.65856,0.6562273566985309,0.6613591719617629,0.65948,0.68946,28.47321867491186,0.001408418610046115,AUDUSD_merged,-67.18575866196862
2023-08-02 04:00:00,2023-08-02 10:00:00,-1.1,15.0,0.1662297903073421,2374.7112901048877,1,0.65806,0.6539033262851233,0.6642950105723151,0.65948,0.68946,30.802068644496735,0.0013830180546046998,AUDUSD_merged,-16.66622979030734
2023-08-02 04:00:00,2023-08-02 10:00:00,-1.1,30.0,0.39895149673762115,5699.307096251731,1,0.65806,0.6545961052376027,0.6625630631911165,0.65948,0.68946,29.1227695092486,0.0013830180546046998,AUDUSD_merged,-33.398951496737624
2023-08-02 04:00:00,2023-08-02 10:00:00,-1.1,15.0,0.17810334675786657,2544.33352511238,1,0.65806,0.654180437866115,0.6623275183472734,0.65948,0.68946,29.1227695092486,0.0013830180546046998,AUDUSD_merged,-16.678103346757865
2023-08-02 14:00:00,2023-08-02 17:00:00,-1.1,60.0,1.4234256661028435,20334.652372897766,1,0.87343,0.8708528327566668,0.8765226006919999,0.87389,0.90495,32.05388046123879,0.0014669821077030122,AUDCAD_merged,-67.42342566610284
2023-08-02 05:00:00,2023-08-03 07:00:00,1.2,60.0,1.4157734302693983,20225.33471813426,-1,1.94208,1.9478413286318335,1.9351664056418,1.85069,1.93919,66.27003693345078,0.0032955156392367093,GBPAUD_merged,70.5842265697306
2023-08-02 19:00:00,2023-08-03 21:00:00,1.4,60.0,1.2871714155828213,18388.16307975459,1,0.87321,0.8703607431290032,0.8771989596193955,0.87389,0.90495,34.13017072065768,0.001366440690105646,AUDCAD_merged,82.71282858441718
2023-08-02 14:00:00,2023-08-03 21:00:00,1.1,15.0,0.21605568146203882,3086.5097351719833,1,0.87343,0.8691852539521571,0.8780992206526272,0.87389,0.90495,31.943392974623652,0.0014669821077030122,AUDCAD_merged,16.283944318537962
2023-08-02 13:00:00,2023-08-04 08:00:00,1.5,60.0,0.9768286372607599,13954.694818010856,1,0.87308,0.8693260805712218,0.8787108791431671,0.87389,0.90495,32.16110783114226,0.0015159807313724748,AUDCAD_merged,89.02317136273923
2023-08-02 14:00:00,2023-08-04 08:00:00,1.3,15.0,0.24198236323748343,3456.8909033926207,1,0.87343,0.8696400481715688,0.8783569373769606,0.87389,0.90495,31.943392974623652,0.0014669821077030122,AUDCAD_merged,19.258017636762517
2023-08-08 00:00:00,2023-08-08 07:00:00,1.4,60.0,1.563642470422046,22337.749577457802,-1,163.942,164.3823541174052,163.3255042356327,158.472,161.621,71.32528573559044,0.21416441165242,CHFJPY_merged,82.43635752957795
2023-08-08 11:00:00,2023-08-08 13:00:00,1.2,30.0,0.9548435376414288,13640.621966306127,-1,1.34683,1.3497921010024179,1.3432754787970984,1.3092,1.33867,64.58228138976584,0.00177581147190898,USDCAD_merged,35.04515646235857
2023-08-08 11:00:00,2023-08-08 14:00:00,1.4,90.00000000000001,2.4348510209856435,34783.586014080625,-1,1.34683,1.350314824708727,1.3419512454077822,1.3092,1.33867,64.58228138976584,0.00177581147190898,USDCAD_merged,123.56514897901437
2023-08-08 11:00:00,2023-08-08 15:00:00,1.1,30.0,0.5797264335680105,8281.806193828721,-1,1.34683,1.3517087545922177,1.3414633699485603,1.3092,1.33867,64.7329944724341,0.00177581147190898,USDCAD_merged,32.42027356643199
2023-08-08 05:00:00,2023-08-08 22:00:00,1.3,29.999999999999996,0.5853492193944063,8362.131705634376,-1,1.95403,1.9610402818352528,1.9449166336141712,1.885,1.93919,69.59338926005456,0.0028159618245224703,GBPAUD_merged,38.41465078060559
2023-08-08 09:00:00,2023-08-08 23:00:00,1.4,90.0,1.5436309068772087,22051.87009824584,1,0.60439,0.6019233112449122,0.6078433642571229,0.60501,0.64114,32.63016771111562,0.0012559626362907777,NZDUSD_merged,124.45636909312277
2023-08-08 11:00:00,2023-08-09 02:00:00,1.3,60.0,1.248641549223407,17837.736417477245,-1,1.34683,1.3513602721213451,1.3409406462422513,1.3092,1.33867,63.80806250521533,0.00177581147190898,USDCAD_merged,76.75135845077659
2023-08-08 11:00:00,2023-08-09 02:00:00,1.3,30.0,0.6492936055961718,9275.622937088168,-1,1.34683,1.3511860308859087,1.3411671598483186,1.3092,1.33867,64.7329944724341,0.00177581147190898,USDCAD_merged,38.35070639440383
2023-08-08 11:00:00,2023-08-09 02:00:00,1.3,60.0,1.248641549223407,17837.736417477245,-1,1.34683,1.3513602721213451,1.3409406462422513,1.3092,1.33867,63.80806250521533,0.00177581147190898,USDCAD_merged,76.75135845077659
2023-08-08 11:00:00,2023-08-10 02:00:00,1.5,15.0,0.31216038730585177,4459.434104369311,-1,1.34683,1.3513602721213451,1.3400345918179823,1.3092,1.33867,64.34936764239261,0.00177581147190898,USDCAD_merged,22.187839612694148
2023-08-08 11:00:00,2023-08-10 02:00:00,1.5,60.0,1.352695011658691,19324.214452267017,-1,1.34683,1.3510117896504723,1.3405573155242914,1.3092,1.33867,64.7329944724341,0.00177581147190898,USDCAD_merged,88.6473049883413
2023-08-08 11:00:00,2023-08-10 02:00:00,1.3,15.0,0.28986321678400523,4140.9030969143605,-1,1.34683,1.3517087545922177,1.3404876190301167,1.3092,1.33867,63.53945430485492,0.00177581147190898,USDCAD_merged,19.210136783215994
2023-08-10 21:00:00,2023-08-11 04:00:00,-1.1,30.0,0.7898170615166183,11283.100878808835,-1,1.82638,1.8312360586835579,1.8205527295797304,1.74785,1.8069,72.4920775522471,0.0028924690288341932,EURNZD_merged,-33.789817061516615
2023-08-11 00:00:00,2023-08-11 08:00:00,-1.1,30.000000000000004,0.7353497604431235,10504.996577758908,1,0.52668,0.5251759157403771,0.5284849011115476,0.5446,0.55773,30.40699537655934,0.0008715586292058089,NZDCHF_merged,-33.73534976044313
2023-08-10 21:00:00,2023-08-11 08:00:00,-1.1,89.99999999999999,1.4518054700527316,20740.078143610455,1,0.60153,0.5989197060741462,0.6051844114961954,0.60501,0.64114,35.263302172953225,0.001286922179860719,NZDUSD_merged,-100.45180547005272
2023-08-11 08:00:00,2023-08-13 21:00:00,-1.1,30.0,0.8047077105441368,11495.824436344812,-1,1.8291,1.833873298366189,1.8233720419605732,1.74785,1.8069,69.30557581022705,0.002851549527750296,EURNZD_merged,-33.804707710544136
2023-08-11 00:00:00,2023-08-13 21:00:00,-1.1,60.00000000000001,1.1089388638251678,15841.98376893097,-1,1.82714,1.8340601181871554,1.818143846356698,1.74785,1.80061,72.36903179620646,0.0027581867552291775,EURNZD_merged,-67.10893886382519
2023-08-10 14:00:00,2023-08-14 10:00:00,-1.1,90.00000000000001,2.048194155295466,29259.916504220942,-1,165.013,165.52056023168618,164.3024156756394,158.814,161.621,72.24237526057226,0.25608153614000173,CHFJPY_merged,-101.04819415529549
2023-08-10 14:00:00,2023-08-14 20:00:00,-1.1,15.0,0.22757712836616284,3251.1018338023264,-1,165.013,165.77434034752923,163.87098947870615,158.814,161.621,70.84435988383068,0.25608153614000173,CHFJPY_merged,-16.727577128366164
2023-08-14 12:00:00,2023-08-15 03:00:00,-1.1,60.0,1.125512974682199,16078.756781174272,-1,145.3,145.84220609955415,144.59513207057964,137.237,145.067,63.06266397316799,0.18909896158682812,USDJPY_merged,-67.1255129746822
2023-08-14 12:00:00,2023-08-15 03:00:00,-1.1,30.0,0.6302872658220312,9004.10379745759,-1,145.3,145.78411258888764,144.67065363444613,137.237,145.067,62.452954416560075,0.18909896158682812,USDJPY_merged,-33.630287265822034
2023-08-14 12:00:00,2023-08-15 03:00:00,-1.1,60.0,1.2120908958115988,17315.584225879986,-1,145.3,145.80347709244313,144.64547977982394,137.237,145.067,62.987081236543695,0.18909896158682812,USDJPY_merged,-67.2120908958116
2023-08-14 12:00:00,2023-08-15 03:00:00,-1.1,60.0,1.2120908958115988,17315.584225879986,-1,145.3,145.80347709244313,144.64547977982394,137.237,145.067,62.987081236543695,0.18909896158682812,USDJPY_merged,-67.2120908958116
2023-08-14 11:00:00,2023-08-15 09:00:00,1.4,90.0,2.130648782478729,30437.839749696133,1,1.09033,1.08710606226963,1.094843512822518,1.09122,1.12756,42.784843970318015,0.0016639710891003408,EURUSD_merged,123.86935121752126
2023-08-15 04:00:00,2023-08-16 04:00:00,-1.1,30.000000000000004,0.5847337918388622,8353.339883412318,-1,185.042,185.7065557438676,184.1780775329721,176.303,184.008,69.04379607139323,0.26712070486511164,GBPJPY_merged,-33.58473379183887
2023-08-17 01:00:00,2023-08-17 17:00:00,-2.381512186148113,90.0,1.656485360881517,23664.076584021677,1,0.52091,0.5189288578314669,0.5236835990359462,0.5446,0.55773,35.70082957396132,0.0009769588639617576,NZDCHF_merged,-215.9925821142117
2023-08-16 17:00:00,2023-08-18 08:00:00,-1.1,90.00000000000001,2.5566085406696244,36522.97915242321,1,1.08783,1.0851493670869123,1.0915828860783228,1.09122,1.12756,37.31578260084019,0.001286722423933546,EURUSD_merged,-101.55660854066966
2023-08-17 01:00:00,2023-08-21 11:00:00,-1.1,15.0,0.25593564673583397,3656.2235247976287,-1,2.14949,2.15830848436818,2.138025970321366,2.04484,2.09182,71.12731895204513,0.0034761513367525835,GBPNZD_merged,-16.755935646735836
2023-08-17 01:00:00,2023-08-22 21:00:00,1.3,60.0,0.9843678720608999,14062.398172298572,-1,2.14949,2.1586612237429073,2.1375674091342205,2.04484,2.09182,68.62218771114314,0.0034761513367525835,GBPNZD_merged,77.0156321279391
2023-08-17 01:00:00,2023-08-22 21:00:00,1.3,60.0,0.9843678720608999,14062.398172298572,-1,2.14949,2.1586612237429073,2.1375674091342205,2.04484,2.09182,68.62218771114314,0.0034761513367525835,GBPNZD_merged,77.0156321279391
2023-08-25 02:00:00,2023-08-25 10:00:00,1.1,60.0,1.1897174612141028,16995.963731630043,1,1.25779,1.2533496869238103,1.2626743443838084,1.25973,1.31421,28.505720495564457,0.0016004099487363233,GBPUSD_merged,64.8102825387859
2023-08-30 19:00:00,2023-08-31 04:00:00,1.1,60.0,1.207636652477047,17251.95217824353,-1,185.857,186.50338597909303,185.14597542299768,176.303,184.008,62.970167711334064,0.22936269714819787,GBPJPY_merged,64.79236334752295
2023-08-30 19:00:00,2023-08-31 05:00:00,1.3,30.0,0.6038183262385235,8625.976089121765,-1,185.857,186.50338597909303,185.01669822717906,176.303,184.008,62.34352572949215,0.22936269714819787,GBPJPY_merged,38.396181673761475
2023-08-30 19:00:00,2023-08-31 05:00:00,1.3,30.0,0.6762765253871462,9661.093219816375,-1,185.857,186.4341303384759,185.10673055998132,176.303,184.008,62.970167711334064,0.22936269714819787,GBPJPY_merged,38.323723474612855
2023-08-30 19:00:00,2023-08-31 05:00:00,1.5,90.0,2.113364141834832,30190.91631192618,-1,185.857,186.4110451249369,185.02593231259468,176.303,184.008,62.970167711334064,0.22936269714819787,GBPJPY_merged,132.88663585816516
2023-08-30 19:00:00,2023-08-31 05:00:00,1.3,90.0,1.9507976693859987,27868.5381340857,-1,185.857,186.45721555201496,185.07671978238056,176.303,184.008,62.64327547575341,0.22936269714819787,GBPJPY_merged,115.04920233061401
2023-08-30 19:00:00,2023-08-31 05:00:00,1.5,60.0,1.300531779590666,18579.0254227238,-1,185.857,186.45721555201496,184.95667667197756,176.303,184.008,63.06736588542405,0.22936269714819787,GBPJPY_merged,88.69946822040933
2023-08-30 19:00:00,2023-08-31 05:00:00,1.3,90.0,1.9507976693859987,27868.5381340857,-1,185.857,186.45721555201496,185.07671978238056,176.303,184.008,62.64327547575341,0.22936269714819787,GBPJPY_merged,115.04920233061401
2023-09-05 08:00:00,2023-09-05 09:00:00,1.3,30.0,0.9776879118147972,13966.970168782818,-1,1.365,1.3679319171950066,1.3611885076464914,1.3092,1.33867,61.52417761240493,0.0012961406724310697,USDCAD_merged,38.0223120881852
2023-09-05 06:00:00,2023-09-05 09:00:00,1.5,60.0,2.058245123353293,29403.5017621899,-1,1.36532,1.3681060355090544,1.3611409467364188,1.3092,1.33867,72.72925651833273,0.0011014412532336568,USDCAD_merged,87.94175487664671
2023-09-05 06:00:00,2023-09-05 09:00:00,1.3,90.0,3.087367685029939,44105.252643284846,-1,1.36532,1.3681060355090544,1.3616981538382296,1.3092,1.33867,70.69528469859844,0.0011014412532336568,USDCAD_merged,113.91263231497007
2023-09-05 06:00:00,2023-09-05 09:00:00,1.3,90.0,3.087367685029939,44105.252643284846,-1,1.36532,1.3681060355090544,1.3616981538382296,1.3092,1.33867,70.69528469859844,0.0011014412532336568,USDCAD_merged,113.91263231497007
2023-09-05 06:00:00,2023-09-05 09:00:00,1.1,90.0,2.8668414218135156,40954.877454478796,-1,1.36532,1.3683203459328277,1.3620196194738896,1.3092,1.33867,74.9905374342291,0.0011014412532336568,USDCAD_merged,96.1331585781865
2023-09-05 06:00:00,2023-09-05 09:00:00,1.5,90.0,3.3446483254491017,47780.690363558606,-1,1.36532,1.367891725085281,1.3614624123720789,1.3092,1.33867,74.9905374342291,0.0011014412532336568,USDCAD_merged,131.6553516745509
2023-09-05 06:00:00,2023-09-05 09:00:00,1.3,30.0,0.9556138072711718,13651.625818159599,-1,1.36532,1.3683203459328277,1.361419550287324,1.3092,1.33867,69.76649133347935,0.0011014412532336568,USDCAD_merged,38.04438619272883
2023-09-05 09:00:00,2023-09-05 10:00:00,-1.1,30.0,0.7443638770653416,10633.769672362023,1,1.07441,1.0713788735986285,1.078350464321783,1.08337,1.1065,25.82198420673815,0.001288704091937971,EURUSD_merged,-33.74436387706534
2023-09-05 09:00:00,2023-09-05 10:00:00,-1.1,15.0,0.3101516154438923,4430.737363484176,1,1.07441,1.0707726483183544,1.0798660275224687,1.07658,1.1065,28.586538171477635,0.001288704091937971,EURUSD_merged,-16.810151615443893
2023-09-05 09:00:00,2023-09-05 10:00:00,-1.1,90.0,2.3261371158291926,33230.530226131326,1,1.07441,1.0715001186546835,1.0787748220179751,1.08337,1.1065,25.82198420673815,0.001288704091937971,EURUSD_merged,-101.32613711582921
2023-09-05 09:00:00,2023-09-05 10:00:00,-1.1,90.00000000000001,1.9938318135678794,28483.31162239828,1,1.07441,1.071015138430464,1.0781443477264898,1.08337,1.1065,25.82198420673815,0.001288704091937971,EURUSD_merged,-100.99383181356791
2023-09-05 10:00:00,2023-09-06 03:00:00,-1.1,30.0,0.7891721749931511,11273.888214187873,-1,1.36225,1.3658749694181436,1.3575375397564133,1.3092,1.33867,59.14285011824051,0.0015442743553104557,USDCAD_merged,-33.78917217499315
2023-09-05 06:00:00,2023-09-06 10:00:00,-1.1,90.0,1.750712194120391,25010.17420171987,1,1.2551,1.2505834780802034,1.2600681741117763,1.25973,1.31421,31.939097528566183,0.0016221118611570357,GBPUSD_merged,-100.75071219412041
2023-09-05 06:00:00,2023-09-06 10:00:00,-1.1,15.0,0.272333007974283,3890.471542489757,1,1.2551,1.2502608693716466,1.2623586959425304,1.25476,1.28001,34.196097394401534,0.0016221118611570357,GBPUSD_merged,-16.772333007974282
2023-09-05 09:00:00,2023-09-11 00:00:00,1.3,90.0,1.2795470815955126,18279.24402279304,1,0.58829,0.585393485246218,0.5920554691799165,0.60501,0.64114,32.488244492375216,0.0011630409834935522,NZDUSD_merged,115.72045291840449
2023-09-05 09:00:00,2023-09-11 00:00:00,1.3,90.0,1.2795470815955126,18279.24402279304,1,0.58829,0.585393485246218,0.5920554691799165,0.60501,0.64114,32.488244492375216,0.0011630409834935522,NZDUSD_merged,115.72045291840449
2023-09-05 09:00:00,2023-09-11 00:00:00,1.1,89.99999999999999,1.1881508614815475,16973.58373545068,1,0.58829,0.5851706764190041,0.5917212559390955,0.60501,0.64114,29.48123899817969,0.0011630409834935522,NZDUSD_merged,97.81184913851844
2023-09-05 09:00:00,2023-09-11 00:00:00,1.5,90.0,1.3861760050618053,19802.514358025794,1,0.58829,0.5856162940734321,0.5923005588898519,0.60501,0.64114,29.48123899817969,0.0011630409834935522,NZDUSD_merged,133.6138239949382
2023-09-05 09:00:00,2023-09-11 00:00:00,1.3,30.0,0.4435763216197777,6336.804594568253,1,0.58829,0.5855048896598251,0.5919106434422273,0.60501,0.64114,29.48123899817969,0.0011630409834935522,NZDUSD_merged,38.55642367838022
2023-09-14 15:00:00,2023-09-17 17:00:00,1.1,90.0,1.6645606410780172,23779.43772968596,-1,0.66337,0.6658807111731859,0.6606082177094955,0.6453,0.66179,67.54682348659794,0.0008840623788626624,CADCHF_merged,97.335439358922
2023-09-14 15:00:00,2023-09-17 17:00:00,1.5,90.00000000000001,1.9419874145910199,27742.677351300288,-1,0.66337,0.665522038148445,0.6601419427773325,0.6453,0.66179,67.54682348659794,0.0008840623788626624,CADCHF_merged,133.05801258540902
2023-09-14 16:00:00,2023-09-18 09:00:00,-1.1,90.0,1.8164668448689512,25949.526355270733,-1,0.66274,0.6650385621850429,0.6597518691594442,0.6453,0.66179,67.54660284069834,0.0008494864946581914,CADCHF_merged,-100.81646684486897
2023-09-14 15:00:00,2023-09-18 09:00:00,-1.1,90.0,1.7926037673147874,25608.62524735411,-1,0.66337,0.6657013746608155,0.6598729380087769,0.6453,0.66179,67.42642854595788,0.0008840623788626624,CADCHF_merged,-100.7926037673148
2023-09-14 16:00:00,2023-09-19 09:00:00,-1.1,60.0,1.0649788763902732,15213.983948432477,1,1.43841,1.4327372846683335,1.4469190729974997,1.44834,1.48235,22.100907226621647,0.0021259697613094626,EURCAD_merged,-67.06497887639027
2023-09-19 06:00:00,2023-09-19 09:00:00,-1.1,90.0,2.4255116750308368,34650.16678615481,1,1.66559,1.6612638130316908,1.6703488056651399,1.6858,1.73131,32.645352830205525,0.0015704191476535313,GBPCAD_merged,-101.42551167503085
2023-09-14 16:00:00,2023-09-19 09:00:00,-1.1,59.99999999999999,0.988908956648111,14127.270809258729,1,1.43841,1.432300921950513,1.446351801464333,1.44834,1.48235,24.454313951854587,0.0021259697613094626,EURCAD_merged,-66.98890895664812
2023-09-19 10:00:00,2023-09-19 22:00:00,1.3,30.0,0.677258411995761,9675.120171368015,1,1.3402,1.3360443927012935,1.3456022894883186,1.34889,1.33867,28.743507382922978,0.0015245636449792246,USDCAD_merged,38.32274158800424
2023-09-19 11:00:00,2023-09-19 23:00:00,1.1,90.0,1.979577900823633,28279.68429748047,1,1.34133,1.337061221794058,1.346025656026536,1.34889,1.33867,36.45186496891429,0.0015706662417664234,USDCAD_merged,97.02042209917639
2023-09-19 11:00:00,2023-09-20 15:00:00,1.3,90.0,2.1318531239639125,30455.04462805589,1,1.34133,1.3373661345230539,1.3464830251200297,1.34889,1.33867,36.144877735898696,0.0015706662417664234,USDCAD_merged,114.86814687603609
2023-09-19 11:00:00,2023-09-20 15:00:00,1.3,90.0,2.1318531239639125,30455.04462805589,1,1.34133,1.3373661345230539,1.3464830251200297,1.34889,1.33867,36.144877735898696,0.0015706662417664234,USDCAD_merged,114.86814687603609
2023-09-19 11:00:00,2023-09-20 15:00:00,1.5,90.00000000000001,2.309507550960905,32992.96501372722,1,1.34133,1.3376710472520499,1.3468184291219252,1.34889,1.33867,36.45186496891429,0.0015706662417664234,USDCAD_merged,132.6904924490391
2023-09-20 10:00:00,2023-09-20 15:00:00,1.3,15.0,0.32430717381020874,4632.959625860125,-1,95.972,96.28272578141294,95.56805648416317,93.583,95.063,73.33812813460551,0.125983861667664,AUDJPY_merged,19.175692826189792
2023-09-19 11:00:00,2023-09-20 16:00:00,1.5,60.0,1.4212354159759415,20303.363085370594,1,1.34133,1.3373661345230539,1.3472757982154189,1.34889,1.33867,36.08132307461957,0.0015706662417664234,USDCAD_merged,88.57876458402406
2023-09-19 11:00:00,2023-09-20 20:00:00,1.5,15.0,0.30793434012812065,4399.062001830295,1,1.34133,1.3367563090650623,1.3481905364024065,1.34889,1.36941,36.08020500933111,0.0015706662417664234,USDCAD_merged,22.19206565987188
2023-09-20 15:00:00,2023-09-20 21:00:00,1.3,90.0,1.6413100517344974,23447.286453349967,-1,95.781,96.14864552764563,95.30306081406069,93.583,95.063,49.770555108077716,0.15273054558772356,AUDJPY_merged,115.3586899482655
2023-09-20 15:00:00,2023-09-20 21:00:00,1.3,90.0,1.6413100517344974,23447.286453349967,-1,95.781,96.14864552764563,95.30306081406069,92.788,95.063,49.770555108077716,0.15273054558772356,AUDJPY_merged,115.3586899482655
2023-09-20 16:00:00,2023-09-20 22:00:00,1.3,30.0,0.52533224242243,7504.74632032043,-1,95.517,95.8988263639693,95.0206257268399,93.583,95.063,49.69408038356242,0.15317836376002947,AUDJPY_merged,38.47466775757757
2023-09-19 11:00:00,2023-09-22 08:00:00,-1.1,90.0,1.7257098460711489,24652.997801016416,1,1.43379,1.4285557035042333,1.439547726145343,1.44834,1.48235,35.731661498693924,0.001859435062371567,EURCAD_merged,-100.72570984607117
2023-09-22 09:00:00,2023-09-22 16:00:00,0.2088865562109399,90.00000000000001,1.6810743123782517,24015.34731968931,1,1.64788,1.6417043991217064,1.654673160966123,1.6858,1.73131,39.248639687405195,0.0022908880463728787,GBPCAD_merged,17.118715746606345
2023-09-22 09:00:00,2023-09-22 16:00:00,0.24370098224609651,90.0,1.961253364441293,28017.90520630419,1,1.64788,1.6425866278186054,1.6558200582720919,1.6858,1.73131,39.248639687405195,0.0022908880463728787,GBPCAD_merged,19.971835037707393
2023-09-22 10:00:00,2023-09-22 16:00:00,0.46237313181807527,90.0,1.406505234810219,20092.93192586027,1,1.7817,1.7737194324754757,1.7936708512867867,1.80832,1.84611,24.92908743826796,0.003287719577940998,EURNZD_merged,40.20707662881656
2023-09-22 09:00:00,2023-09-22 16:00:00,0.19496078579687723,30.0,0.5230008971843448,7471.441388347784,1,1.64788,1.641263284773257,1.6578050728401148,1.70751,1.73131,38.39124931215057,0.0022908880463728787,GBPCAD_merged,5.325822676721971
2023-09-22 10:00:00,2023-09-22 16:00:00,0.3698985054544602,30.000000000000004,0.37506806261605835,5358.115180229405,1,1.7817,1.7717242905943447,1.7966635641084834,1.80832,1.83786,28.52147622272975,0.003287719577940998,EURNZD_merged,10.721887101017748
2023-09-22 09:00:00,2023-09-22 16:00:00,0.5123876507598023,30.0,0.5366440821467422,7666.344030667747,-1,0.67329,0.6759247239204501,0.669864858903415,0.6453,0.66179,59.42191006405765,0.0010878974561671674,CADCHF_merged,14.834985440647328
2023-09-22 09:00:00,2023-09-22 16:00:00,0.23395294295625269,30.0,0.6276010766212139,8965.729666017342,1,1.64788,1.6423660706443808,1.6550481081623052,1.6858,1.73131,39.248639687405195,0.0022908880463728787,GBPCAD_merged,6.390987212066367
2023-09-24 17:00:00,2023-09-24 21:00:00,-1.1,15.0,0.23855855179725813,3407.979311389402,-1,0.5386,0.5409706129825965,0.5352811418243648,0.51639,0.5292,62.433976817566545,0.0009395758934855665,NZDCHF_merged,-16.738558551797258
2023-09-25 05:00:00,2023-09-25 09:00:00,-1.1,15.0,0.5456407846231063,7794.868351758661,-1,0.90978,0.9115307287338498,0.9076791255193803,0.87445,0.88275,70.80032862600432,0.0010334232579851685,USDCHF_merged,-17.045640784623107
2023-09-25 05:00:00,2023-09-25 09:00:00,-1.1,15.0,0.4637946669296402,6625.638098994861,-1,0.90978,0.9118396808633527,0.9071024148776415,0.87445,0.8876,70.80032862600432,0.0010334232579851685,USDCHF_merged,-16.96379466692964
2023-09-25 12:00:00,2023-09-25 20:00:00,-1.1,15.000000000000002,0.4533387640602753,6476.268058003933,-1,0.67676,0.6783274768105768,0.6750357755083656,0.6453,0.66179,67.80375887050792,0.0009254705267856064,CADCHF_merged,-16.95333876406028
2023-09-25 12:00:00,2023-09-25 20:00:00,-1.1,15.000000000000002,0.4533387640602753,6476.268058003933,-1,0.67676,0.6783274768105768,0.6747222801462502,0.6453,0.66179,67.80375887050792,0.0009254705267856064,CADCHF_merged,-16.95333876406028
2023-09-25 12:00:00,2023-09-26 02:00:00,-1.1,15.0,0.6258038023848413,8940.054319783449,-1,148.741,148.99056391988165,148.41656690415388,144.441,147.872,66.24672076618,0.12529753423076462,USDJPY_merged,-17.12580380238484
2023-09-25 12:00:00,2023-09-26 02:00:00,-1.1,60.0,2.384014485275586,34057.349789651234,-1,148.741,149.00304211587573,148.4789578841243,145.9,147.872,63.84395194570421,0.12529753423076462,USDJPY_merged,-68.38401448527559
2023-09-25 12:00:00,2023-09-26 17:00:00,1.0,15.0,0.3669885232868895,5242.693189812708,-1,0.67676,0.6786962948836537,0.6748237051163464,0.6453,0.66179,67.80375887050792,0.0009254705267856064,CADCHF_merged,14.63301147671311
2023-09-26 19:00:00,2023-09-27 00:00:00,-1.1,14.999999999999998,0.5689184068320977,8127.405811887112,-1,0.91559,0.9172798196445308,0.9133932344621101,0.87445,0.88275,67.31439807707143,0.0009465821587772887,USDCHF_merged,-17.068918406832097
2023-09-26 22:00:00,2023-09-27 01:00:00,-1.1,15.0,0.5902082390134977,8431.546271621397,-1,0.91595,0.9175795053786567,0.9141575440834777,0.87445,0.8876,68.6255879062558,0.0009686373917032447,USDCHF_merged,-17.0902082390135
2023-09-26 06:00:00,2023-09-27 05:00:00,-1.1,30.0,1.0401581929530017,14859.402756471454,-1,148.854,149.15452486450408,148.55347513549594,145.9,147.872,58.08502127372935,0.14081371559703743,USDJPY_merged,-34.040158192953
2023-09-27 03:00:00,2023-09-27 07:00:00,-1.1,15.0,0.6188678492666925,8840.969275238465,-1,0.91665,0.9182052310580368,0.9147837227303558,0.87445,0.88275,63.94099695622935,0.0009452102417848098,USDCHF_merged,-17.118867849266692
2023-09-26 01:00:00,2023-09-27 10:00:00,-1.1,15.0,0.2889091524347045,4127.273606210065,-1,0.54395,0.545926910371952,0.5411823254792674,0.51639,0.5292,64.06266813473242,0.0007213183818882136,NZDCHF_merged,-16.788909152434705
2023-09-25 11:00:00,2023-09-27 21:00:00,-1.1,14.999999999999998,0.2096779035223834,2995.398621748335,-1,0.54357,0.5462920250222459,0.5403035699733049,0.52018,0.5292,69.00303121403495,0.000923012938157574,NZDCHF_merged,-16.709677903522383
2023-09-28 00:00:00,2023-09-28 04:00:00,1.0,15.0,0.44280087802730206,6325.7268289614585,-1,0.92095,0.9231338201954523,0.9187661798045478,0.87445,0.8876,65.95060120215317,0.0010277776374448644,USDCHF_merged,14.557199121972697
2023-09-27 18:00:00,2023-09-28 05:00:00,1.3,15.0,0.37765111113127414,5395.015873303917,-1,0.92057,0.9231295012738199,0.9172426483440341,0.87445,0.8876,69.03367698568887,0.0012154827342735243,USDCHF_merged,19.122348888868725
2023-09-27 15:00:00,2023-09-28 11:00:00,1.5,15.0,0.2532386539508824,3617.6950564411777,-1,0.92092,0.9247383981193785,0.9151924028209322,0.87445,0.8876,70.41080218982297,0.0013176397919192374,USDCHF_merged,22.24676134604912
2023-09-28 09:00:00,2023-09-28 15:00:00,1.0,30.0,0.79217470927672,11316.781561096,-1,1.11979,1.1227584853258532,1.116821514674147,1.10871,1.12071,54.259933698986515,0.0014918812665337467,GBPCHF_merged,29.20782529072328
2023-09-28 09:00:00,2023-09-28 17:00:00,1.3,30.000000000000004,0.831783444740556,11882.6206391508,-1,1.11979,1.122617128881765,1.1161147324537055,1.10871,1.12071,52.49492136000122,0.0014918812665337467,GBPCHF_merged,38.16821655525945
2023-09-29 02:00:00,2023-09-29 02:00:00,-1.1,15.0,0.328623600277276,4694.622861103943,-1,89.498,89.78395907269201,89.1548491127696,85.788,87.526,69.49924745290556,0.1774818464284096,NZDJPY_merged,-16.828623600277275
2023-09-29 02:00:00,2023-09-29 02:00:00,-1.1,15.0,0.328623600277276,4694.622861103943,-1,89.498,89.78395907269201,89.18344502003879,85.788,87.526,66.62093338239536,0.1774818464284096,NZDJPY_merged,-16.828623600277275
2023-09-29 02:00:00,2023-09-29 02:00:00,-1.1,15.0,0.328623600277276,4694.622861103943,-1,89.498,89.78395907269201,89.12625320550039,85.788,87.526,66.62093338239536,0.1774818464284096,NZDJPY_merged,-16.828623600277275
2023-09-29 02:00:00,2023-09-29 04:00:00,-1.1,30.0,0.6108081682224434,8725.830974606335,-1,96.273,96.60399311783658,95.84270894681244,93.583,96.064,70.255961128565,0.16567537613841402,AUDJPY_merged,-33.61080816822244
2023-09-29 02:00:00,2023-09-29 04:00:00,-1.1,60.0,1.1173202409427383,15961.717727753407,-1,89.498,89.83442243846119,89.06065083000045,86.295,87.526,69.49924745290556,0.1774818464284096,NZDJPY_merged,-67.11732024094273
2023-09-29 02:00:00,2023-09-29 04:00:00,-1.1,30.0,0.5320572575917801,7600.81796559686,-1,89.498,89.85124356038425,89.14475643961576,86.295,87.526,66.62093338239536,0.1774818464284096,NZDJPY_merged,-33.53205725759178
2023-09-29 02:00:00,2023-09-29 04:00:00,-1.1,15.0,0.26602862879589007,3800.40898279843,-1,89.498,89.85124356038425,89.14475643961576,85.788,87.526,67.2308715784699,0.1774818464284096,NZDJPY_merged,-16.76602862879589
2023-09-29 02:00:00,2023-09-29 05:00:00,-1.1,30.0,0.5817220649737554,8310.315213910793,-1,96.273,96.62054277372842,95.92545722627158,93.583,96.064,67.29380000369775,0.16567537613841402,AUDJPY_merged,-33.581722064973754
2023-09-29 01:00:00,2023-09-29 06:00:00,-1.1,60.0,0.8609018941499721,12298.598487856745,-1,96.433,96.90345848400636,95.72731227399046,93.583,96.064,65.83671761008354,0.16549655891829262,AUDJPY_merged,-66.86090189414998
2023-09-29 01:00:00,2023-09-29 06:00:00,-1.1,15.0,0.20805129108624326,2972.1613012320468,-1,96.433,96.91968119035141,95.70297821447289,93.583,96.064,68.43733834368616,0.16549655891829262,AUDJPY_merged,-16.708051291086242
2023-09-29 08:00:00,2023-09-29 13:00:00,1.0,30.0,0.4837454418693867,6910.649169562668,-1,89.941,90.33144522935474,89.55055477064526,86.295,87.526,67.75082509769652,0.18643156400039254,NZDJPY_merged,29.516254558130612
2023-09-29 08:00:00,2023-10-01 17:00:00,1.3,30.0,0.5079327139628561,7256.181628040802,-1,89.941,90.31285259938547,89.45759162079891,86.295,87.526,69.99885589739245,0.18643156400039254,NZDJPY_merged,38.49206728603714
2023-09-29 10:00:00,2023-10-02 00:00:00,1.2,60.0,0.7547448038464118,10782.068626377313,-1,96.585,97.12247571090604,95.94002914691274,93.583,96.064,57.151465774367914,0.1996695626053862,AUDJPY_merged,71.2452551961536
2023-09-29 08:00:00,2023-10-02 01:00:00,1.2,15.0,0.16999837680929236,2428.548240132748,-1,0.6026,0.6063219767145765,0.5981336279425081,0.58586,0.60148,67.82666804082257,0.0013510516573767473,NZDUSD_merged,17.830001623190707
2023-09-29 10:00:00,2023-10-02 01:00:00,1.4,30.0,0.40532591317677674,5790.370188239668,-1,96.585,97.08540842049874,95.88442821130175,93.583,95.063,57.151465774367914,0.1996695626053862,AUDJPY_merged,41.594674086823225
2023-09-29 08:00:00,2023-10-02 05:00:00,1.4,15.0,0.18259084916553625,2608.4407023648037,-1,0.6026,0.6060652886652954,0.5977485958685864,0.58586,0.60148,67.82666804082257,0.0013510516573767473,NZDUSD_merged,20.817409150834465
2023-09-29 14:00:00,2023-10-03 21:00:00,1.4,60.0,0.8681408441567289,12402.012059381843,-1,0.8128,0.8167322651652404,0.8072948287686632,0.79408,0.81393,67.83908385637584,0.0014366520409557534,NZDCAD_merged,83.13185915584327
2023-10-03 03:00:00,2023-10-04 09:00:00,-1.1,60.0,1.228362231202193,17548.031874317043,-1,1.36925,1.37393172160778,1.3636319340706642,1.33787,1.36941,68.52865434551421,0.001623359135496007,USDCAD_merged,-67.2283622312022
2023-10-03 03:00:00,2023-10-04 09:00:00,-1.1,60.0,1.3193520261060592,18847.886087229417,-1,1.36925,1.3736088442555192,1.3631476180422732,1.33787,1.36941,68.52865434551421,0.001623359135496007,USDCAD_merged,-67.31935202610606
2023-10-03 03:00:00,2023-10-04 23:00:00,1.4,60.0,0.7551680502580612,10788.11500368659,1,0.632,0.6284850207856477,0.6369209709000931,0.63567,0.65108,31.85617582335776,0.0012824267139306658,AUDUSD_merged,83.24483194974194
2023-10-04 12:00:00,2023-10-05 04:00:00,-1.1,15.000000000000002,0.3965406024015983,5664.865748594261,-1,1.37411,1.3777485063503252,1.3693799417445771,1.33787,1.36941,59.27917255246788,0.002156705149337299,USDCAD_merged,-16.8965406024016
2023-10-04 12:00:00,2023-10-06 04:00:00,1.0,30.0,0.6420181181740162,9171.687402485946,-1,1.37411,1.3786046254915783,1.3696153745084216,1.33787,1.36941,59.27917255246788,0.002156705149337299,USDCAD_merged,29.357981881825985
2023-10-04 12:00:00,2023-10-06 04:00:00,1.0,15.0,0.3210090590870081,4585.843701242973,-1,1.37411,1.3786046254915783,1.3696153745084216,1.33787,1.36941,59.08246010119382,0.002156705149337299,USDCAD_merged,14.678990940912993
2023-10-08 17:00:00,2023-10-09 14:00:00,-1.1,90.0,1.112226166787719,15888.94523982456,-1,88.921,89.4246766052879,88.21585275259696,85.788,87.526,53.93484122447555,0.2065792557868401,NZDJPY_merged,-100.11222616678774
2023-10-06 16:00:00,2023-10-10 04:00:00,-1.1,15.0,0.39092795490443155,5584.685070063309,-1,109.283,109.57652505637017,108.93076993235579,106.538,108.281,67.4237950052042,0.16504309801732192,CADJPY_merged,-16.89092795490443
2023-10-06 16:00:00,2023-10-10 08:00:00,-1.1,30.0,0.6645775233375337,9493.964619107626,-1,109.283,109.62832359572961,108.8340793255515,106.675,108.281,67.4237950052042,0.16504309801732192,CADJPY_merged,-33.664577523337535
2023-10-11 12:00:00,2023-10-11 23:00:00,-1.1,30.0,0.7466024276425044,10665.748966321493,-1,183.293,183.8085559180479,182.62277730653778,178.028,183.016,64.23869593345178,0.25657953337936723,GBPJPY_merged,-33.74660242764251
2023-10-11 12:00:00,2023-10-12 11:00:00,1.0,30.0,0.7110499310880997,10157.856158401424,-1,183.293,183.83433371395026,182.75166628604975,178.028,183.016,62.93189635306262,0.25657953337936723,GBPJPY_merged,29.288950068911902
2023-10-11 13:00:00,2023-10-12 13:00:00,1.2,60.0,1.0352216568359067,14788.880811941524,-1,183.402,184.14608064680016,182.5091032238398,178.028,183.016,61.47188663563243,0.2514667095665555,GBPJPY_merged,70.9647783431641
2023-10-12 17:00:00,2023-10-13 10:00:00,1.0,30.0,0.8612405894380409,12303.436991972014,-1,1.36889,1.3722278234087593,1.3655521765912406,1.33787,1.36941,67.06138512242754,0.00155805116713849,USDCAD_merged,29.13875941056196
2023-10-12 17:00:00,2023-10-13 12:00:00,-1.1,15.0,0.4803599084232066,6862.284406045809,-1,1.66682,1.6704634368674625,1.6628122194457913,1.63197,1.66425,68.1164604324955,0.0021172554318072316,EURAUD_merged,-16.980359908423207
2023-10-13 02:00:00,2023-10-15 17:00:00,1.0,60.0,1.427918766979459,20398.83952827799,-1,2.06115,2.0672125507558192,2.055087449244181,2.02731,2.05826,64.02770860713566,0.002852148293389551,GBPNZD_merged,58.57208123302054
2023-10-13 15:00:00,2023-10-16 02:00:00,1.3,15.0,0.39981502270172586,5711.643181453227,1,1.09387,1.0909972627720723,1.0976045583963059,1.10671,1.12152,25.656473757651522,0.0016555707547504107,GBPCHF_merged,19.100184977298273
2023-10-15 17:00:00,2023-10-16 02:00:00,1.1,15.0,0.41427254683765363,5918.179240537909,1,1.09388,1.091107491880001,1.0969297589319986,1.10671,1.12152,27.602186268228056,0.0016636809058817373,GBPCHF_merged,16.085727453162345
2023-10-13 16:00:00,2023-10-16 02:00:00,1.2,30.0,0.8167963306714259,11668.519009591799,1,1.09469,1.0918755297169243,1.0980673643396908,1.10671,1.12152,26.335068477454172,0.0016308871294110903,GBPCHF_merged,35.18320366932858
2023-10-13 16:00:00,2023-10-16 02:00:00,1.2,15.0,0.47080438798868873,6725.776971266982,1,0.94804,0.9459256569195275,0.9505772116965671,0.9526,0.96936,22.764854106931004,0.001229178993535448,EURCHF_merged,17.52919561201131
2023-10-13 15:00:00,2023-10-16 02:00:00,1.0,90.00000000000001,1.9419586816940972,27742.266881344247,1,1.09387,1.090321324600795,1.0974186753992048,1.10671,1.12152,25.656473757651522,0.0016555707547504107,GBPCHF_merged,88.05804131830591
2023-10-13 16:00:00,2023-10-16 02:00:00,1.0,60.0,1.5245094468205156,21778.706383150224,1,0.94804,0.9454281644300044,0.9506518355699956,0.95205,0.96936,24.77340169935689,0.001229178993535448,EURCHF_merged,58.47549055317948
2023-10-13 15:00:00,2023-10-16 02:00:00,1.0,60.0,1.501881712829435,21455.453040420503,1,0.94747,0.9448204078476972,0.9501195921523029,0.9526,0.96936,26.73763968453042,0.0012437312238073853,EURCHF_merged,58.49811828717056
2023-10-15 17:00:00,2023-10-16 02:00:00,1.3,30.000000000000004,0.7042633296240112,10060.904708914446,1,1.09388,1.0906182257411778,1.0981203065364689,1.10671,1.12152,25.656929404333944,0.0016636809058817373,GBPCHF_merged,38.295736670375994
2023-10-15 17:00:00,2023-10-16 02:00:00,1.0,60.0,1.3414539611885925,19163.628016979896,1,1.09388,1.0904551370282367,1.0973048629717632,1.10671,1.12152,27.107329876443202,0.0016636809058817373,GBPCHF_merged,58.65854603881141
2023-10-13 16:00:00,2023-10-16 03:00:00,1.3,29.999999999999996,0.8003674595807706,11433.820851153867,1,0.94804,0.9455525375523852,0.9512737011818992,0.9526,0.96936,22.764854106931004,0.001229178993535448,EURCHF_merged,38.19963254041923
2023-10-12 21:00:00,2023-10-16 20:00:00,1.3,15.0,0.4476962621997949,6395.660888568499,-1,1.66703,1.670939752320467,1.6619473219833931,1.63197,1.66425,67.02410756344293,0.0019373850059310616,EURAUD_merged,19.052303737800205
2023-10-12 21:00:00,2023-10-16 20:00:00,1.0,30.0,0.8527547851424665,12182.211216320951,-1,1.66703,1.6711352399364903,1.6629247600635098,1.63197,1.66425,65.18675508700487,0.0019373850059310616,EURAUD_merged,29.147245214857534
2023-10-12 15:00:00,2023-10-17 02:00:00,1.5,30.0,0.5218976675228535,7455.680964612194,-1,1.66774,1.6744506143942417,1.6576740784086375,1.63197,1.66425,69.86069763481416,0.0022272903232793666,EURAUD_merged,44.47810233247715
2023-10-13 15:00:00,2023-10-17 12:00:00,1.5,15.0,0.2628292997451511,3754.704282073588,1,0.94747,0.9436848683538531,0.9531476974692203,0.9526,0.96936,24.286705940753667,0.0012437312238073853,EURCHF_merged,22.23717070025485
2023-10-13 15:00:00,2023-10-17 12:00:00,1.5,30.000000000000004,0.5437847580934161,7768.353687048802,1,0.94747,0.9438110394087247,0.9529584408869131,0.9526,0.96936,26.73763968453042,0.0012437312238073853,EURCHF_merged,44.45621524190659
2023-10-15 19:00:00,2023-10-18 09:00:00,-1.1,60.0,0.9264363729601255,13234.805328001794,1,1.0965,1.0915290164177327,1.1024651802987206,1.10671,1.12152,33.44609245923762,0.001624551393336812,GBPCHF_merged,-66.92643637296013
2023-10-15 19:00:00,2023-10-18 09:00:00,-1.1,60.0,0.9950612894756905,14215.161278224152,1,1.0965,1.0918718428716823,1.102979419979645,1.10671,1.12152,33.44609245923762,0.001624551393336812,GBPCHF_merged,-66.99506128947569
2023-10-15 20:00:00,2023-10-18 09:00:00,-1.1,29.999999999999996,0.5865755218707853,8379.650312439791,1,0.94949,0.9460907292741424,0.9542489790162005,0.95205,0.96936,34.14942806199184,0.0012390613607446885,EURCHF_merged,-33.586575521870785
2023-10-15 20:00:00,2023-10-18 10:00:00,-1.1,59.99999999999999,1.092244075207669,15603.486788680988,1,0.94949,0.9458389314425973,0.9538712822688831,0.9526,0.96936,34.14942806199184,0.0012390613607446885,EURCHF_merged,-67.09224407520767
2023-10-13 16:00:00,2023-10-18 10:00:00,-1.1,60.0,0.9257025080942827,13224.32154420404,1,1.09469,1.0897232877357488,1.1021400683963767,1.10671,1.12152,26.335068477454172,0.0016308871294110903,GBPCHF_merged,-66.92570250809429
2023-10-13 15:00:00,2023-10-19 02:00:00,-1.1,59.99999999999999,0.9374972946109431,13392.818494442046,1,1.09387,1.0889694482582408,1.1012208276126383,1.10671,1.12152,25.656473757651522,0.0016555707547504107,GBPCHF_merged,-66.93749729461095
2023-10-19 07:00:00,2023-10-19 19:00:00,-1.1,30.0,1.2532169920108587,17903.09988586941,-1,0.87048,0.8719386524214509,0.8685837518521139,0.85217,0.87058,69.86043123654801,0.000743660052816469,EURGBP_merged,-34.253216992010856
2023-10-19 07:00:00,2023-10-19 19:00:00,-1.1,90.0,3.580619977173881,51151.71395962688,-1,0.87048,0.8720115850425234,0.8689484149574767,0.86102,0.87058,66.7940719126927,0.000743660052816469,EURGBP_merged,-102.5806199771739
2023-10-19 07:00:00,2023-10-19 19:00:00,-1.1,90.0,3.580619977173881,51151.71395962688,-1,0.87048,0.8720115850425234,0.8689484149574767,0.85217,0.87058,67.44685333282645,0.000743660052816469,EURGBP_merged,-102.5806199771739
2023-10-19 01:00:00,2023-10-19 20:00:00,-1.1,30.000000000000004,0.7965407884386083,11379.154120551548,-1,1.67124,1.6756460568535099,1.6655121260904373,1.63197,1.66425,70.36289040347239,0.0021635263962724166,EURAUD_merged,-33.79654078843861
2023-10-19 22:00:00,2023-10-20 03:00:00,-1.1,15.0,0.2888160203647323,4125.943148067605,1,1.08229,1.0783552996375863,1.087798580507379,1.10671,1.12152,30.686341392378388,0.001401060971200497,GBPCHF_merged,-16.78881602036473
2023-10-19 10:00:00,2023-10-20 09:00:00,1.1,29.999999999999996,1.09823671714108,15689.095959158287,-1,1.45041,1.453183410278914,1.4473592486931943,1.41568,1.44969,66.73366669503302,0.001615602253188409,EURCAD_merged,31.90176328285892
2023-10-19 10:00:00,2023-10-20 09:00:00,1.2,29.999999999999996,1.09823671714108,15689.095959158287,-1,1.45041,1.453183410278914,1.447081907665303,1.41568,1.44969,69.27236762803962,0.001615602253188409,EURCAD_merged,34.901763282858916
2023-10-19 10:00:00,2023-10-20 09:00:00,1.0,60.0,1.7780975420379392,25401.393457684848,-1,1.45041,1.4538359774033645,1.4469840225966355,1.41568,1.44969,67.34414037067658,0.001615602253188409,EURCAD_merged,58.22190245796206
2023-10-19 10:00:00,2023-10-20 09:00:00,1.0,60.0,1.7780975420379392,25401.393457684848,-1,1.45041,1.4538359774033645,1.4469840225966355,1.41568,1.44969,66.73366669503302,0.001615602253188409,EURCAD_merged,58.22190245796206
2023-10-19 10:00:00,2023-10-20 10:00:00,1.3,29.999999999999996,1.09823671714108,15689.095959158287,-1,1.45041,1.453183410278914,1.4468045666374116,1.41568,1.44969,66.73366669503302,0.001615602253188409,EURCAD_merged,37.90176328285892
2023-10-19 19:00:00,2023-10-22 17:00:00,-1.157291408857901,60.0,0.7971685556193291,11388.122223133274,1,0.5206,0.5178571421883277,0.5238914293740067,0.52018,0.5473,28.034176494399873,0.0009153978214714228,NZDCHF_merged,-70.23465308709338
2023-10-19 10:00:00,2023-10-23 03:00:00,-1.1,29.999999999999996,0.933501209569918,13335.731565284545,-1,1.45041,1.453672835622252,1.4461683136910723,1.41568,1.44969,69.27236762803962,0.001615602253188409,EURCAD_merged,-33.93350120956992
2023-10-19 10:00:00,2023-10-23 03:00:00,-1.1,30.0,0.6437939376344263,9197.056251920376,-1,1.45041,1.4551411116522652,1.443313332521602,1.41568,1.44969,66.73366669503302,0.001615602253188409,EURCAD_merged,-33.64379393763443
2023-10-19 19:00:00,2023-10-23 10:00:00,1.2,30.0,0.49963987858790515,7137.712551255789,1,1.08268,1.0781294665109082,1.0881406401869103,1.10671,1.12152,27.971480765557033,0.0015227816590687902,GBPCHF_merged,35.50036012141209
2023-10-24 03:00:00,2023-10-24 04:00:00,1.0,90.0,2.494205085983581,35631.50122833688,-1,183.597,184.0607393719145,183.1332606280855,178.028,183.811,59.98156879645556,0.23412625288736869,GBPJPY_merged,87.50579491401642
2023-10-24 03:00:00,2023-10-24 04:00:00,1.3,30.0,1.0270256236402981,14671.794623432832,-1,183.597,183.97240806297842,183.10896951812808,178.028,183.811,59.98156879645556,0.23412625288736869,GBPJPY_merged,37.9729743763597
2023-10-23 19:00:00,2023-10-24 05:00:00,1.1,30.0,0.9972270522307464,14246.100746153521,-1,1.46047,1.4635455152431327,1.457086933232554,1.41568,1.44969,67.6504512253432,0.0017156175697784209,EURCAD_merged,32.00277294776925
2023-10-24 04:00:00,2023-10-24 06:00:00,1.3,30.0,1.1748085042439156,16782.97863205594,-1,1.67714,1.6801379302901511,1.6732426906228035,1.63569,1.67607,66.58302826582714,0.0018803820912590202,GBPCAD_merged,37.82519149575609
2023-10-23 22:00:00,2023-10-24 06:00:00,1.2,30.000000000000004,0.6687367472714875,9553.382103878394,-1,1.06705,1.0704008028520082,1.0630290365775903,1.04483,1.06397,72.05220370936048,0.0012029171693622484,EURUSD_merged,35.33126325272851
2023-10-24 04:00:00,2023-10-24 06:00:00,1.0,90.0,2.85310636744951,40758.662392135855,-1,1.67714,1.6808433256525397,1.6734366743474605,1.65485,1.67607,66.58302826582714,0.0018803820912590202,GBPCAD_merged,87.14689363255049
2023-10-24 04:00:00,2023-10-24 06:00:00,1.0,60.0,1.9020709116330066,27172.441594757238,-1,1.67714,1.6808433256525397,1.6734366743474605,1.63569,1.67607,67.11998346237247,0.0018803820912590202,GBPCAD_merged,58.097929088366996
2023-10-23 22:00:00,2023-10-24 09:00:00,1.2,30.0,0.6583737099041378,9405.338712916255,-1,159.631,160.14017145529522,159.01999425364573,154.342,158.473,68.35036216574085,0.17874948075955166,EURJPY_merged,35.34162629009586
2023-10-23 16:00:00,2023-10-24 09:00:00,1.5,30.0,0.5226025886864801,7465.751266949717,-1,1.06654,1.070825730779921,1.0601114038301187,1.04483,1.06397,69.6222421391099,0.0014172783285461004,EURUSD_merged,44.47739741131352
2023-10-23 15:00:00,2023-10-24 10:00:00,1.5,30.0,0.5883305613076883,8404.72230439555,-1,159.643,160.21283322310308,158.7882501653454,154.342,158.473,68.61315481468496,0.1958874852300471,EURJPY_merged,44.411669438692314
2023-10-24 23:00:00,2023-10-25 03:00:00,1.0,90.0,1.7786999289240746,25409.998984629638,-1,95.705,96.04397876206961,95.36602123793038,94.047,95.825,62.469171888420675,0.16188856826207634,AUDJPY_merged,88.22130007107593
2023-10-24 23:00:00,2023-10-25 03:00:00,1.2,30.0,0.7324058530863837,10462.940758376912,-1,95.705,95.97941137881826,95.37570634541808,94.047,95.825,64.12423006695238,0.16188856826207634,AUDJPY_merged,35.267594146913616
2023-10-24 22:00:00,2023-10-25 03:00:00,1.1,30.0,0.7248295348351365,10354.70764050195,-1,95.772,96.04947379257352,95.46677882816914,94.047,95.825,65.24364916227928,0.16141845812838942,AUDJPY_merged,32.27517046516486
2023-10-24 23:00:00,2023-10-25 03:00:00,1.3,60.0,1.4648117061727675,20925.881516753823,-1,95.705,95.97941137881826,95.34826520753626,93.016,95.825,62.469171888420675,0.16188856826207634,AUDJPY_merged,76.53518829382723
2023-10-25 02:00:00,2023-10-25 05:00:00,1.2,60.0,1.0400104905585519,14857.292722265029,-1,0.87639,0.8799292316071957,0.8721429220713651,0.8584,0.87478,66.25347064514484,0.0012053943569838624,AUDCAD_merged,70.95998950944144
2023-10-25 09:00:00,2023-10-25 10:00:00,-1.1,90.0,3.1027481953850797,44324.974219786855,-1,1.37705,1.3798460422353653,1.3742539577646349,1.33787,1.37851,62.6400846172196,0.0013884880632567416,USDCAD_merged,-102.10274819538509
2023-10-25 10:00:00,2023-10-25 10:00:00,-1.1,15.0,0.520637353053233,7437.676472189043,-1,1.37695,1.3797269761265134,1.3733399310355323,1.34163,1.37851,68.00897401194797,0.0015814532015955565,USDCAD_merged,-17.020637353053232
2023-10-25 00:00:00,2023-10-25 13:00:00,1.2,60.0,1.376112680693746,19658.75258133923,-1,1.09031,1.0936377085984639,1.086316749681843,1.06134,1.09174,66.62978139621814,0.0011240938862077054,AUDNZD_merged,70.62388731930625
2023-10-25 20:00:00,2023-10-25 21:00:00,-1.1,30.0,1.603033147428157,22900.473534687957,-1,150.094,150.29062562842552,149.89737437157447,147.277,150.159,64.01719433297271,0.10008616222897107,USDJPY_merged,-34.60303314742816
2023-10-25 20:00:00,2023-10-25 21:00:00,-1.1,29.999999999999996,1.9802174174112523,28288.82024873218,-1,150.094,150.25317312777304,149.90299224667234,147.277,150.159,66.45052767495574,0.10008616222897107,USDJPY_merged,-34.980217417411254
2023-10-26 04:00:00,2023-10-26 08:00:00,-1.1,60.0,2.6219257686708253,37456.08240958322,-1,1.38024,1.38245097334992,1.3773657346451038,1.33787,1.37851,59.80252929791863,0.0012848173760067977,USDCAD_merged,-68.62192576867082
2023-10-19 15:00:00,2023-10-27 04:00:00,1.2,30.0,0.48628350361288386,6946.90719446977,-1,167.723,168.44730649483927,166.85383220619292,159.946,166.59,71.06792358309009,0.2467065131258693,CHFJPY_merged,35.51371649638712
2023-10-27 13:00:00,2023-10-29 16:00:00,1.1,30.000000000000004,0.85779303869296,12254.186267042287,-1,1.46726,1.4708520622586247,1.4633087315155129,1.43261,1.44969,63.150246586580025,0.0021870508135345287,EURCAD_merged,32.142206961307046
2023-10-27 13:00:00,2023-10-30 02:00:00,1.1,30.0,0.8593452577922294,12276.360825603278,-1,1.68189,1.686000069809513,1.677368923209536,1.65485,1.67607,61.317460228814795,0.0023821389715827208,GBPCAD_merged,32.14065474220777
2023-10-27 13:00:00,2023-10-30 02:00:00,1.3,30.0,0.8593452577922294,12276.360825603278,-1,1.68189,1.686000069809513,1.6765469092476333,1.63569,1.67607,61.317460228814795,0.0023821389715827208,GBPCAD_merged,38.14065474220777
2023-10-27 13:00:00,2023-10-30 02:00:00,1.0,90.00000000000001,2.086981340352557,29814.019147893676,-1,1.68189,1.6869671450588102,1.67681285494119,1.65485,1.67607,61.317460228814795,0.0023821389715827208,GBPCAD_merged,87.91301865964746
2023-10-27 13:00:00,2023-10-30 02:00:00,1.2,15.000000000000002,0.42889651934648,6127.0931335211435,-1,1.46726,1.4708520622586247,1.4629495252896503,1.43261,1.44969,64.80869062114525,0.0021870508135345287,EURCAD_merged,17.57110348065352
2023-10-27 11:00:00,2023-10-30 04:00:00,-1.1,60.0,1.5785561360005738,22550.801942865342,-1,0.87973,0.882070661770421,0.8766871396984527,0.8584,0.87478,68.65079236896389,0.0013742270174568368,AUDCAD_merged,-67.57855613600057
2023-10-27 11:00:00,2023-10-30 04:00:00,-1.1,30.0,0.7892780680002869,11275.400971432671,-1,0.87973,0.882070661770421,0.877155272052537,0.8584,0.87478,68.65079236896389,0.0013742270174568368,AUDCAD_merged,-33.789278068000286
2023-10-27 11:00:00,2023-10-30 04:00:00,-1.1,30.0,0.7892780680002869,11275.400971432671,-1,0.87973,0.882070661770421,0.8769212058754948,0.8584,0.87478,72.70938154747334,0.0013742270174568368,AUDCAD_merged,-33.789278068000286
2023-10-27 13:00:00,2023-10-30 04:00:00,-1.1,15.0,0.31099394329676994,4442.7706185252855,-1,0.879,0.8819677426840409,0.8760322573159591,0.8584,0.87478,62.73927833903915,0.0013522671732153365,AUDCAD_merged,-16.81099394329677
2023-10-27 11:00:00,2023-10-30 10:00:00,-1.1,90.0,1.9168181651435536,27383.116644907914,-1,0.87973,0.8826214057164024,0.8768385942835977,0.8584,0.87478,68.65079236896389,0.0013742270174568368,AUDCAD_merged,-100.91681816514357
2023-10-27 14:00:00,2023-10-30 10:00:00,-1.1,90.0,2.0103099446941983,28718.713495631404,-1,1.46555,1.4701428067084223,1.4609571932915775,1.43261,1.44969,64.46402093287088,0.002187261469710659,EURCAD_merged,-101.01030994469421
2023-10-27 14:00:00,2023-10-30 10:00:00,-1.1,60.0,1.6555493662187517,23650.705231696455,-1,1.46555,1.4692679863830087,1.4607166177020885,1.43261,1.44969,64.46402093287088,0.002187261469710659,EURCAD_merged,-67.65554936621875
2023-10-27 13:00:00,2023-10-31 04:00:00,-1.1,30.0,0.502844195095873,7183.488501369614,-1,1.46726,1.4733876356176538,1.458068546573519,1.43261,1.44969,63.150246586580025,0.0021870508135345287,EURCAD_merged,-33.502844195095875
2023-10-31 07:00:00,2023-10-31 07:00:00,1.2,30.0,0.8897343606286104,12710.490866123007,-1,1.06556,1.068074993349722,1.0625420079803338,1.04483,1.06397,55.244452325061516,0.0016573072918648919,EURUSD_merged,35.11026563937139
2023-10-31 07:00:00,2023-10-31 07:00:00,1.1,30.0,0.8897343606286104,12710.490866123007,-1,1.06556,1.068074993349722,1.062793507315306,1.04483,1.06397,55.6999843753153,0.0016573072918648919,EURUSD_merged,32.11026563937139
2023-10-31 08:00:00,2023-10-31 10:00:00,1.2,30.0,0.791872742629086,11312.467751844088,-1,1.0624,1.0652174223961703,1.0590190931245955,1.04483,1.06397,49.296996869959486,0.0017139281995888329,EURUSD_merged,35.20812725737091
2023-10-31 08:00:00,2023-10-31 10:00:00,1.1,30.0,0.791872742629086,11312.467751844088,-1,1.0624,1.0652174223961703,1.0593008353642126,1.04483,1.06397,50.992603130179454,0.0017139281995888329,EURUSD_merged,32.20812725737091
2023-10-31 07:00:00,2023-10-31 10:00:00,1.2,60.0,1.1846104988994153,16923.007127134504,-1,1.47354,1.4787643906378931,1.4672707312345283,1.43261,1.44969,62.10960464093325,0.0019428344407047009,EURCAD_merged,70.81538950110058
2023-10-31 08:00:00,2023-10-31 13:00:00,-1.1,30.0,0.6479647668500794,9256.639526429706,-1,183.515,184.10975687524405,182.7418160621827,178.028,183.811,63.001580230418,0.34829577219213453,GBPJPY_merged,-33.64796476685008
2023-10-31 07:00:00,2023-10-31 13:00:00,-1.1,60.0,1.2631227043190518,18044.610061700743,-1,183.583,184.19343048103207,182.91152647086471,180.984,183.811,66.63366977336565,0.3498569854376831,GBPJPY_merged,-67.26312270431904
2023-10-31 08:00:00,2023-10-31 13:00:00,-1.1,14.999999999999998,0.2753850259112837,3934.0717987326248,-1,183.515,184.21471397087535,182.605371837862,180.984,183.811,65.42442759308874,0.34829577219213453,GBPJPY_merged,-16.775385025911284
2023-10-31 08:00:00,2023-10-31 13:00:00,-1.1,30.0,0.6479647668500794,9256.639526429706,-1,183.515,184.10975687524405,182.8012917497071,178.028,183.811,65.42442759308874,0.34829577219213453,GBPJPY_merged,-33.64796476685008
2023-10-27 15:00:00,2023-11-02 07:00:00,-1.1,90.0,1.5428082684806776,22040.11812115254,-1,1.68099,1.687854259944905,1.672752888066114,1.65485,1.67607,61.85533379709287,0.002260772888762652,GBPCAD_merged,-100.5428082684807
2023-11-02 00:00:00,2023-11-02 09:00:00,1.2,30.0,0.8054568653778602,11506.526648255147,-1,0.88857,0.8908866938916394,0.8857899673300326,0.8584,0.87478,67.67953964859358,0.0013189924618199054,AUDCAD_merged,35.19454313462214
2023-11-02 00:00:00,2023-11-02 09:00:00,1.1,30.0,0.8054568653778602,11506.526648255147,-1,0.88857,0.8908866938916394,0.8860216367191965,0.8584,0.87478,66.20661649102311,0.0013189924618199054,AUDCAD_merged,32.19454313462214
2023-11-02 00:00:00,2023-11-02 10:00:00,1.3,15.0,0.34231916778559046,4890.273825508436,-1,0.88857,0.8912955222254583,0.8850268211069042,0.8584,0.87478,67.67953964859358,0.0013189924618199054,AUDCAD_merged,19.15768083221441
2023-11-01 23:00:00,2023-11-02 14:00:00,1.5,30.0,0.46574009125602706,6653.429875086102,-1,0.88948,0.8934906231674464,0.8834640652488305,0.8584,0.87478,67.30643054196258,0.0013627611127291267,AUDCAD_merged,44.53425990874397
2023-11-01 22:00:00,2023-11-02 16:00:00,1.5,30.0,0.4306250252960071,6151.7860756572445,-1,0.88972,0.8940588374809747,0.8832117437785378,0.8584,0.87478,74.20630424980223,0.0013829735060159833,AUDCAD_merged,44.56937497470399
2023-11-02 07:00:00,2023-11-03 07:00:00,-1.1,30.0,0.7092451858885754,10132.074084122507,-1,96.792,97.0785908772371,96.44809094731548,94.047,95.825,66.6984541666272,0.17039837832278829,AUDJPY_merged,-33.70924518588858
2023-11-02 07:00:00,2023-11-03 07:00:00,-1.1,30.0,0.6028584080052891,8612.262971504131,-1,96.792,97.129165737926,96.3536845406962,94.047,95.825,66.6984541666272,0.17039837832278829,AUDJPY_merged,-33.60285840800529
2023-11-02 07:00:00,2023-11-03 07:00:00,-1.1,30.0,0.7092451858885754,10132.074084122507,-1,96.792,97.0785908772371,96.47675003503919,94.047,95.825,65.37154491939691,0.17039837832278829,AUDJPY_merged,-33.70924518588858
2023-10-27 13:00:00,2023-11-03 09:00:00,-1.1,60.0,1.007508233273648,14392.974761052115,-1,1.68189,1.6889012955574045,1.6713730566638934,1.65485,1.67607,61.317460228814795,0.0023821389715827208,GBPCAD_merged,-67.00750823327365
2023-10-31 18:00:00,2023-11-03 12:00:00,-1.1,90.0,1.1373801159845882,16248.287371208406,-1,183.962,184.98097385378213,182.7392313754614,180.984,183.811,63.71185417254133,0.350486701949948,GBPJPY_merged,-100.1373801159846
2023-11-05 17:00:00,2023-11-05 18:00:00,-1.1,30.000000000000004,0.7994955206567512,11421.364580810732,-1,97.133,97.3881350129297,96.80132448319138,94.243,95.825,64.24876737223417,0.12838411314593434,AUDJPY_merged,-33.799495520656755
2023-11-05 17:00:00,2023-11-05 18:00:00,-1.1,30.0,0.9405829654785307,13436.899506836155,-1,97.133,97.34986476099024,96.87276228681169,94.047,95.825,64.24876737223417,0.12838411314593434,AUDJPY_merged,-33.940582965478534
2023-11-05 17:00:00,2023-11-05 18:00:00,-1.1,30.0,0.9405829654785307,13436.899506836155,-1,97.133,97.34986476099024,96.89444876291073,94.243,95.825,63.78624062178024,0.12838411314593434,AUDJPY_merged,-33.940582965478534
2023-11-05 17:00:00,2023-11-06 02:00:00,-1.1,30.0,0.6269969164966138,8957.098807094484,-1,184.743,185.36175950230785,184.00048859723057,180.984,183.811,65.67064795539957,0.21848210665029585,GBPJPY_merged,-33.626996916496616
2023-11-05 20:00:00,2023-11-06 03:00:00,-1.1,29.999999999999996,0.8957266781618629,12796.095402312329,-1,1.07243,1.0749442747837115,1.0694128702595462,1.04483,1.06942,70.31107539200106,0.0014247719406827325,EURUSD_merged,-33.895726678161864
2023-11-05 20:00:00,2023-11-06 03:00:00,-1.1,29.999999999999996,0.8957266781618629,12796.095402312329,-1,1.07243,1.0749442747837115,1.0696642977379174,1.04483,1.06942,68.30839219954856,0.0014247719406827325,EURUSD_merged,-33.895726678161864
2023-11-03 12:00:00,2023-11-06 06:00:00,-1.1,15.0,0.44679115927713164,6382.730846816167,-1,1.69075,1.6947234168036633,1.6855845581552376,1.63569,1.67607,69.09338101683325,0.0024274965734295845,GBPCAD_merged,-16.946791159277133
2023-11-06 00:00:00,2023-11-06 16:00:00,1.1,15.0,0.35004395950251416,5000.62799289306,-1,0.65086,0.6528123347895255,0.6487124317315219,0.62698,0.64449,68.8297041707473,0.0011464013556231516,AUDUSD_merged,16.149956040497486
2023-11-05 18:00:00,2023-11-06 20:00:00,1.2,30.0,0.6221547834051419,8887.925477216313,-1,0.65045,0.6526455067073887,0.6478153919511335,0.62859,0.64449,72.53555156990981,0.0012842263527753834,AUDUSD_merged,35.37784521659486
2023-11-05 23:00:00,2023-11-06 22:00:00,1.2,30.0,0.9278206282829055,13254.580404041508,-1,97.401,97.62145435697904,97.13645477162514,94.243,95.825,64.85546116016441,0.13198767398014918,AUDJPY_merged,35.07217937171709
2023-11-03 15:00:00,2023-11-06 23:00:00,1.5,30.0,0.3260477101892432,4657.824431274904,-1,0.65088,0.6550721717505903,0.6445917423741145,0.62698,0.63992,73.65416064476383,0.0013354341132779534,AUDUSD_merged,44.67395228981076
2023-11-03 15:00:00,2023-11-06 23:00:00,1.5,30.0,0.33729073467852744,4818.439066836107,-1,0.65088,0.6549324326922373,0.644801350961644,0.62698,0.63992,71.04592004535948,0.0013354341132779534,AUDUSD_merged,44.662709265321475
2023-11-06 09:00:00,2023-11-07 06:00:00,1.2,30.0,1.249782732997174,17854.039042816774,-1,160.85,161.12027497746743,160.52567002703907,154.342,158.473,67.95248922244403,0.15862918937296816,EURJPY_merged,34.750217267002824
2023-11-06 09:00:00,2023-11-07 06:00:00,1.1,30.0,1.249782732997174,17854.039042816774,-1,160.85,161.12027497746743,160.55269752478583,154.342,158.473,65.74474840926804,0.15862918937296816,EURJPY_merged,31.750217267002824
2023-11-08 14:00:00,2023-11-09 05:00:00,1.2,30.0,1.2128278736131552,17326.112480187934,-1,1.47752,1.4800783119150753,1.4744500257019095,1.43261,1.44969,68.37500304407101,0.001465968693108389,EURCAD_merged,34.78717212638684
2023-11-08 14:00:00,2023-11-09 05:00:00,1.1,30.0,1.2128278736131552,17326.112480187934,-1,1.47752,1.4800783119150753,1.474705856893417,1.43261,1.44969,66.08226614609642,0.001465968693108389,EURCAD_merged,31.787172126386846
2023-11-08 18:00:00,2023-11-09 09:00:00,-1.1,60.0,2.7361438326496703,39087.769037852435,-1,161.541,161.7889665695582,161.24344011653014,157.695,158.473,67.97201020870708,0.14115821026289038,EURJPY_merged,-68.73614383264967
2023-11-08 18:00:00,2023-11-09 09:00:00,-1.1,30.0,1.3680719163248352,19543.884518926217,-1,161.541,161.7889665695582,161.26823677348597,157.695,158.473,66.51452907632364,0.14115821026289038,EURJPY_merged,-34.36807191632484
2023-11-08 15:00:00,2023-11-12 22:00:00,-1.1,30.0,0.7753260077058569,11076.085824369386,-1,161.637,162.07479996624178,160.98030005063734,157.695,158.473,72.0029097316296,0.14746796948628524,EURJPY_merged,-33.77532600770586
2023-11-13 05:00:00,2023-11-13 07:00:00,1.1,30.0,1.6027841159819345,22896.915942599066,-1,162.237,162.44956618193478,162.00317719987174,157.695,158.473,67.63052742215275,0.1270361497963107,EURJPY_merged,31.397215884018067
2023-11-13 05:00:00,2023-11-13 08:00:00,1.2,30.0,1.6027841159819345,22896.915942599066,-1,162.237,162.44956618193478,161.98192058167825,157.695,158.473,70.04711530634856,0.1270361497963107,EURJPY_merged,34.39721588401807
2023-11-03 14:00:00,2023-11-14 02:00:00,-1.1,60.0,0.9907487662044008,14153.553802920012,-1,1.69104,1.698208687201307,1.682437575358432,1.65485,1.67607,64.439899053729,0.0023539638821918384,GBPCAD_merged,-66.9907487662044
2023-11-13 20:00:00,2023-11-14 04:00:00,-1.1,30.0,1.1558519060349879,16512.170086214115,-1,186.202,186.5402995675816,185.7960405189021,180.76,183.811,69.61538908044973,0.19114262094793052,GBPJPY_merged,-34.15585190603499
2023-11-13 20:00:00,2023-11-14 04:00:00,-1.1,30.0,1.1558519060349879,16512.170086214115,-1,186.202,186.5402995675816,185.82987047566024,180.76,183.811,66.2558386611044,0.19114262094793052,GBPJPY_merged,-34.15585190603499
2023-11-03 15:00:00,2023-11-14 08:00:00,-1.1,60.00000000000001,0.8934906216240075,12764.151737485823,-1,1.07248,1.0775213690876944,1.0649179463684586,1.04483,1.06942,73.69098061135713,0.0016161380509529856,EURUSD_merged,-66.89349062162403
2023-11-03 15:00:00,2023-11-14 08:00:00,-1.1,60.0,0.9243006430593179,13204.2949008474,-1,1.07248,1.0773533234514379,1.0651700148228433,1.04483,1.06942,70.48385569309647,0.0016161380509529856,EURUSD_merged,-66.92430064305931
2023-11-14 08:00:00,2023-11-14 08:00:00,-1.1,30.0,1.172954768220596,16756.49668886566,-1,186.475,186.80885558472477,186.07437329833027,180.76,183.811,75.63515986232866,0.2507866639252971,GBPJPY_merged,-34.1729547682206
2023-11-14 08:00:00,2023-11-14 08:00:00,-1.1,30.0,1.172954768220596,16756.49668886566,-1,186.475,186.80885558472477,186.10775885680275,180.76,183.811,72.8993470490778,0.2507866639252971,GBPJPY_merged,-34.1729547682206
2023-11-14 06:00:00,2023-11-14 08:00:00,-1.1,30.000000000000004,1.2653615366043593,18076.593380062277,-1,1.69875,1.7015692535467557,1.6953668957438932,1.65485,1.67607,67.61245364504688,0.0016506426936060148,GBPCAD_merged,-34.26536153660437
2023-11-14 20:00:00,2023-11-15 03:00:00,-1.1,30.0,0.8299074120858654,11855.820172655222,1,0.88976,0.8875085488467879,0.8922365962685334,0.88878,0.91121,27.85161200437637,0.0012797842433511554,USDCHF_merged,-33.829907412085866
2023-11-15 18:00:00,2023-11-15 20:00:00,1.2,15.0,0.3806676433077855,5438.109190111222,-1,98.436,98.70751716679118,98.11017939985061,94.243,95.825,69.70321607061453,0.1550219818607204,AUDJPY_merged,17.619332356692215
2023-11-15 20:00:00,2023-11-15 20:00:00,1.1,14.999999999999998,0.3622584008997706,5175.120012853867,-1,98.253,98.53778469993728,97.939736830069,94.243,95.825,55.70588275976301,0.18112609660439682,AUDJPY_merged,16.13774159910023
2023-11-15 21:00:00,2023-11-16 04:00:00,-1.1,30.0,0.6683471897009909,9547.816995728443,-1,97.997,98.30491436422747,97.65829419934978,94.243,95.825,51.748633753303125,0.186188518275511,AUDJPY_merged,-33.66834718970099
2023-11-14 18:00:00,2023-11-16 09:00:00,-1.1,30.0,0.598788132987439,8554.116185534844,-1,1.48864,1.4938607848281882,1.4808088227577176,1.43261,1.47465,72.34459540261435,0.001793822728237629,EURCAD_merged,-33.59878813298744
2023-11-14 17:00:00,2023-11-16 10:00:00,-1.1,29.999999999999996,0.5746432899369766,8209.189856242523,-1,1.48926,1.4947024128059392,1.4810963807910913,1.43261,1.47465,71.31989027517352,0.0018002706304097466,EURCAD_merged,-33.57464328993698
2023-11-14 18:00:00,2023-11-17 13:00:00,-1.1,30.0,0.45850843945305103,6550.120563615015,1,0.88934,0.8852667619976028,0.8954498570035958,0.89532,0.91121,21.668446893801566,0.0013293355721705647,USDCHF_merged,-33.45850843945305
2023-11-16 16:00:00,2023-11-17 15:00:00,-1.1,30.0,1.045944304404992,14942.06149149989,-1,1.49268,1.4956769358662776,1.489083676960467,1.43261,1.44969,65.06451587571443,0.0016934103471263901,EURCAD_merged,-34.04594430440499
2023-11-16 16:00:00,2023-11-17 15:00:00,-1.1,30.0,1.045944304404992,14942.06149149989,-1,1.49268,1.4956769358662776,1.4893833705470947,1.43261,1.44969,64.3029869234975,0.0016934103471263901,EURCAD_merged,-34.04594430440499
2023-11-16 14:00:00,2023-11-20 04:00:00,-1.1,15.0,0.3004210439178872,4291.729198826961,-1,1.49391,1.499131356931403,1.4860779646028954,1.43261,1.47465,69.27757216775483,0.0017654344854246473,EURCAD_merged,-16.800421043917886
2023-11-24 14:00:00,2023-11-26 17:00:00,1.1,30.0,1.1771874474402895,16816.96353486128,-1,98.481,98.65668153691215,98.28775030939663,96.032,98.584,71.87271066504316,0.09881764621251896,AUDJPY_merged,31.82281255255971
2023-11-24 12:00:00,2023-11-26 20:00:00,1.1,15.0,0.5248376234648712,7497.680335212446,-1,188.444,188.82100460324037,188.02929493643558,180.76,188.282,75.73671429464402,0.2156411698371844,GBPJPY_merged,15.97516237653513
2023-11-24 14:00:00,2023-11-26 20:00:00,1.0,30.0,1.1194260899295996,15991.801284708567,-1,188.447,188.80051927524298,188.09348072475703,180.76,188.282,72.62510437621593,0.2093844780738997,GBPJPY_merged,28.8805739100704
2023-11-24 12:00:00,2023-11-26 21:00:00,1.0,15.0,0.4537082475503628,6481.546393576612,-1,0.608,0.6094070716224508,0.6065929283775492,0.58615,0.60551,69.43011383647021,0.0007985685332714697,NZDUSD_merged,14.546291752449637
2023-11-26 17:00:00,2023-11-26 22:00:00,1.4,15.0,0.31220221877315146,4460.031696759307,-1,90.814,91.11942608048946,90.38640348731474,86.781,90.199,65.75603076477188,0.1151835726551088,NZDJPY_merged,20.68779778122685
2023-11-26 17:00:00,2023-11-26 22:00:00,1.5,15.0,0.31220221877315146,4460.031696759307,-1,90.814,91.11942608048946,90.35586087926579,86.781,90.199,66.26856218044097,0.1151835726551088,NZDJPY_merged,22.18779778122685
2023-11-24 13:00:00,2023-11-27 06:00:00,-1.1,59.99999999999999,2.112850520276567,30183.578861093818,-1,1.26069,1.2631960447718313,1.2579333507509858,1.20691,1.24282,70.65066611458231,0.001406705127470838,GBPUSD_merged,-68.11285052027657
2023-11-24 13:00:00,2023-11-27 06:00:00,-1.1,59.99999999999999,2.112850520276567,30183.578861093818,-1,1.26069,1.2631960447718313,1.2581839552281688,1.20691,1.22885,69.60544409218807,0.001406705127470838,GBPUSD_merged,-68.11285052027657
2023-11-24 12:00:00,2023-11-27 08:00:00,-1.1,14.999999999999998,0.2856681558650432,4080.973655214903,-1,0.608,0.6102347608121277,0.6055417631066594,0.58615,0.60016,69.43011383647021,0.0007985685332714697,NZDUSD_merged,-16.785668155865043
2023-11-26 17:00:00,2023-11-27 19:00:00,1.4,60.0,1.324453072117955,18920.758173113645,-1,188.232,188.8289063129853,187.39633116182057,180.76,183.811,64.54138759473182,0.22528523991558405,GBPJPY_merged,82.67554692788204
2023-11-26 17:00:00,2023-11-27 19:00:00,1.5,15.0,0.34384839372293063,4912.119910327581,-1,188.232,188.80679867176363,187.36980199235455,180.76,188.282,64.54138759473182,0.22528523991558405,GBPJPY_merged,22.15615160627707
2023-11-26 17:00:00,2023-11-27 19:00:00,1.5,60.0,1.324453072117955,18920.758173113645,-1,188.232,188.8289063129853,187.33664053052203,180.76,183.811,65.04087266800134,0.22528523991558405,GBPJPY_merged,88.67554692788204
2023-11-24 13:00:00,2023-11-28 08:00:00,-1.1,15.0,0.3325783226361263,4751.118894801804,-1,1.26069,1.2646701887552614,1.254719716867108,1.20691,1.23371,66.18517569566372,0.001406705127470838,GBPUSD_merged,-16.832578322636127
2023-11-24 13:00:00,2023-11-28 08:00:00,-1.1,15.0,0.3453697965836696,4933.854236909567,-1,1.26069,1.2645227743569185,1.2549408384646226,1.20691,1.24282,64.9204322419424,0.001406705127470838,GBPUSD_merged,-16.845369796583668
2023-11-24 13:00:00,2023-11-28 08:00:00,-1.1,15.0,0.3325783226361263,4751.118894801804,-1,1.26069,1.2646701887552614,1.2551177357426342,1.20691,1.23371,64.9204322419424,0.001406705127470838,GBPUSD_merged,-16.832578322636127
2023-11-24 13:00:00,2023-11-28 08:00:00,-1.1,15.0,0.3453697965836696,4933.854236909567,-1,1.26069,1.2645227743569185,1.2549408384646226,1.20691,1.22885,64.9204322419424,0.001406705127470838,GBPUSD_merged,-16.845369796583668
2023-11-28 13:00:00,2023-11-28 20:00:00,-1.1,60.0,0.7547972278655583,10782.817540936547,-1,0.61301,0.6164210379648329,0.6082345468492341,0.57729,0.60551,60.40751849621804,0.001260965437640943,NZDUSD_merged,-66.75479722786555
2023-11-28 13:00:00,2023-11-28 20:00:00,-1.1,30.0,0.5880386570252163,8400.552243217377,-1,0.66472,0.667093843935808,0.662346156064192,0.63381,0.65226,60.68850358783902,0.0014116374439287487,AUDUSD_merged,-33.588038657025216
2023-11-28 13:00:00,2023-11-28 20:00:00,-1.1,30.0,0.5993977985991198,8562.82569427314,-1,0.61301,0.6151576905704503,0.6108623094295498,0.58615,0.60551,61.550285387777436,0.001260965437640943,NZDUSD_merged,-33.59939779859912
2023-11-28 13:00:00,2023-11-28 20:00:00,-1.1,15.0,0.18869930696638956,2695.7043852341367,-1,0.61301,0.6164210379648329,0.609257858238684,0.58615,0.60016,61.550285387777436,0.001260965437640943,NZDUSD_merged,-16.688699306966388
2023-11-28 13:00:00,2023-11-28 20:00:00,-1.1,14.999999999999998,0.195956972618943,2799.385323127757,-1,0.61301,0.6162947032253946,0.6080829451619082,0.58615,0.60551,60.40751849621804,0.001260965437640943,NZDUSD_merged,-16.695956972618944
2023-11-28 13:00:00,2023-11-28 20:00:00,-1.1,15.0,0.1756855616583627,2509.79373797661,-1,0.61301,0.6166737074437094,0.607880809578807,0.58615,0.60016,60.40751849621804,0.001260965437640943,NZDUSD_merged,-16.675685561658362
2023-11-28 13:00:00,2023-11-28 20:00:00,-1.1,59.99999999999999,0.783827890475772,11197.541292511029,-1,0.61301,0.6162947032253946,0.6080829451619082,0.58615,0.60016,60.40751849621804,0.001260965437640943,NZDUSD_merged,-66.78382789047578
2023-11-29 02:00:00,2023-11-29 04:00:00,1.2,15.0,0.43167518119251314,6166.788302750188,1,1.07381,1.071198081249227,1.0769443025009273,1.07727,1.09416,34.8656183362309,0.0015431326888907938,AUDNZD_merged,17.568324818807486
2023-11-29 02:00:00,2023-11-29 04:00:00,1.2,60.0,1.1091621936395697,15845.174194850997,-1,0.54183,0.5438817161629289,0.5393679406044853,0.52693,0.53931,59.25974416645569,0.0011627107189712766,NZDCHF_merged,70.89083780636042
2023-11-29 02:00:00,2023-11-29 04:00:00,1.3,15.0,0.311951866961129,4456.455242301843,-1,0.54183,0.5436537477003813,0.5394591279895044,0.5177,0.53931,59.25974416645569,0.0011627107189712766,NZDCHF_merged,19.188048133038873
2023-11-29 20:00:00,2023-11-30 03:00:00,-1.1,29.999999999999996,0.5312002641320056,7588.575201885795,1,161.414,160.77588021187472,162.1159317669378,161.244,164.301,30.864295939723014,0.23724490067800064,EURJPY_merged,-33.531200264132
2023-11-28 13:00:00,2023-11-30 08:00:00,1.5,30.0,0.38448681420879527,5492.6687744113615,-1,0.66472,0.6683505848430005,0.6592741227354992,0.63381,0.65226,60.506270557475084,0.0014116374439287487,AUDUSD_merged,44.61551318579121
2023-11-30 05:00:00,2023-11-30 09:00:00,1.1,60.0,1.474704287856696,21067.204112238516,1,161.047,160.58833353678446,161.55153310953708,161.244,164.301,38.36491150403171,0.26667495889923615,EURJPY_merged,64.5252957121433
2023-11-29 11:00:00,2023-11-30 19:00:00,-1.1,30.0,0.5948946898273313,8498.495568961876,1,1.07551,1.071713410387382,1.0796862485738796,1.07727,1.08867,40.07741946529584,0.0013771339937575064,AUDNZD_merged,-33.59489468982733
2023-12-01 16:00:00,2023-12-03 18:00:00,-1.1,90.0,2.1215813779970913,30308.30539995845,1,159.79,159.31550629900872,160.31194307109038,161.244,164.301,26.539372265099193,0.265605803062459,EURJPY_merged,-101.1215813779971
2023-12-03 22:00:00,2023-12-04 09:00:00,-1.1,60.0,1.4957881445387924,21368.402064839895,1,159.517,159.069094725148,160.00969580233718,161.244,164.301,34.44008635974258,0.25929699886873436,EURJPY_merged,-67.49578814453879
2023-12-01 14:00:00,2023-12-06 02:00:00,-1.1,60.0,0.840273727776468,12003.910396806687,1,1.75597,1.747193010126098,1.768257785823463,1.78809,1.82831,33.64406823258176,0.0032513986338816654,EURNZD_merged,-66.84027372777646
2023-12-01 14:00:00,2023-12-06 02:00:00,-1.1,60.0,0.840273727776468,12003.910396806687,1,1.75597,1.747193010126098,1.7691354848108531,1.78809,1.82831,32.90254064998393,0.0032513986338816654,EURNZD_merged,-66.84027372777646
2023-12-06 05:00:00,2023-12-06 10:00:00,-1.1,15.0,0.2631885663319697,3759.8366618852815,1,2.04965,2.0414728495637404,2.0586448654798857,2.05874,2.09638,49.44304428968552,0.002948676075962312,GBPNZD_merged,-16.76318856633197
2023-12-07 09:00:00,2023-12-07 09:00:00,-1.1,15.0,0.2885648195228212,4122.354564611732,1,95.353,95.0060393061581,95.69996069384189,96.032,98.54,21.948161949315466,0.2195163453758265,AUDJPY_merged,-16.788564819522822
2023-12-07 09:00:00,2023-12-07 09:00:00,-1.1,30.0,0.5771296390456424,8244.709129223464,1,95.353,95.0060393061581,95.73465676322608,96.032,98.54,21.240497335796704,0.2195163453758265,AUDJPY_merged,-33.577129639045644
2023-12-07 07:00:00,2023-12-07 10:00:00,-1.1,30.0,0.3538820173394371,5055.457390563387,1,145.023,144.16240724569826,146.31388913145258,148.804,151.907,26.70121742656699,0.33014026939347546,USDJPY_merged,-33.35388201733944
2023-12-07 09:00:00,2023-12-07 10:00:00,-1.1,30.0,0.3809661177811578,5442.373111159398,1,156.279,155.41754307592643,157.57118538611033,161.244,164.301,19.765610629225193,0.3565917585976985,EURJPY_merged,-33.380966117781156
2023-12-07 07:00:00,2023-12-07 10:00:00,-1.1,30.0,0.3172735327870815,4532.47903981545,1,145.023,144.06310808174038,146.36684868556347,148.804,151.907,26.70121742656699,0.33014026939347546,USDJPY_merged,-33.317273532787084
2023-12-07 07:00:00,2023-12-07 12:00:00,-1.1,30.0,0.3344087089190287,4777.267270271839,1,95.212,94.61409332272979,96.0490693481783,96.032,98.54,25.45770440008212,0.1979479508500704,AUDJPY_merged,-33.33440870891903
2023-12-07 07:00:00,2023-12-07 12:00:00,-1.1,60.0,0.7459886583578335,10656.980833683336,1,95.212,94.67594573761981,96.0160813935703,96.032,98.54,25.45770440008212,0.1979479508500704,AUDJPY_merged,-66.74598865835783
2023-12-13 18:00:00,2023-12-13 20:00:00,-1.1,60.0,0.7445985128463197,10637.121612090283,1,2.04292,2.0313966570816793,2.0602050143774817,2.0564,2.09736,40.53161620707131,0.004405911585665941,GBPNZD_merged,-66.74459851284632
2023-12-13 19:00:00,2023-12-13 21:00:00,-1.1,60.0,0.8015562396030388,11450.803422900555,1,142.787,142.03882367702982,143.6848115875642,148.804,151.907,23.908071230198075,0.4381068332782627,USDJPY_merged,-66.80155623960304
2023-12-14 00:00:00,2023-12-14 07:00:00,-1.1,15.0,0.4757741736927574,6796.773909896535,1,1.3469,1.3439274868242148,1.3501697644933637,1.34793,1.38542,26.37318822758459,0.0016800702220675235,USDCAD_merged,-16.975774173692756
2023-12-14 02:00:00,2023-12-14 07:00:00,1.4,60.0,0.7279901870722918,10399.859815318456,1,2.02696,2.0152658423709844,2.043331820680622,2.0564,2.09736,38.672793328849025,0.004306800242783185,GBPNZD_merged,83.2720098129277
2023-12-14 04:00:00,2023-12-14 07:00:00,1.0,14.999999999999998,0.2985205082725019,4264.57868960717,1,1.88805,1.8814090743514669,1.8946909256485331,1.89684,1.92637,37.249927508784936,0.003850967791215589,GBPAUD_merged,14.701479491727497
2023-12-14 03:00:00,2023-12-14 07:00:00,1.1,15.0,0.18328649782540485,2618.3785403629267,1,2.02983,2.0182016393444853,2.042621196721066,2.05874,2.09638,51.31369443941709,0.004799171654012981,GBPNZD_merged,16.316713502174593
2023-12-14 02:00:00,2023-12-14 07:00:00,1.5,30.0,0.3639950935361459,5199.929907659228,1,2.02696,2.0152658423709844,2.0445012364435233,2.0564,2.09736,38.01399332724135,0.004306800242783185,GBPNZD_merged,44.63600490646385
2023-12-14 04:00:00,2023-12-14 10:00:00,1.4,60.0,0.7590656043273086,10843.794347532981,1,1.62857,1.6195589290714711,1.6411854992999404,1.64517,1.68394,37.60319923578677,0.003521188414573438,EURAUD_merged,83.2409343956727
2023-12-14 07:00:00,2023-12-14 10:00:00,1.1,30.0,0.2682184752321386,3831.6925033162656,1,154.566,153.35583504130702,155.89718145456231,161.244,163.714,40.066217735280595,0.44969429796320004,EURJPY_merged,32.73178152476786
2023-12-14 04:00:00,2023-12-14 10:00:00,1.1,30.000000000000004,0.3759147141209283,5370.210201727547,1,1.88805,1.8775026474993886,1.8996520877506726,1.89684,1.92637,37.249927508784936,0.003850967791215589,GBPAUD_merged,32.624085285879076
2023-12-14 04:00:00,2023-12-14 10:00:00,1.1,30.0,0.3795328021636543,5421.897173766491,1,1.62857,1.6195589290714711,1.6384821780213819,1.62677,1.68394,36.26189890789759,0.003521188414573438,EURAUD_merged,32.62046719783635
2023-12-14 04:00:00,2023-12-14 10:00:00,1.4,90.00000000000001,1.127744142362785,16110.630605182643,1,1.88805,1.8775026474993886,1.902816293500856,1.8898,1.93147,36.58546387990099,0.003850967791215589,GBPAUD_merged,124.87225585763723
2023-12-14 05:00:00,2023-12-14 10:00:00,1.2,59.99999999999999,1.0869103137892886,15527.29019698984,-1,0.9026,0.9060877946707339,0.8984146463951193,0.8752,0.90416,62.36850029439561,0.001878544869823043,AUDCAD_merged,70.9130896862107
2023-12-14 05:00:00,2023-12-14 10:00:00,1.3,60.0,1.2227741030129498,17468.20147161357,-1,0.9026,0.9057002619295412,0.8985696594915963,0.8752,0.90416,62.36850029439561,0.001878544869823043,AUDCAD_merged,76.77722589698705
2023-12-14 07:00:00,2023-12-14 18:00:00,1.4,90.0,0.8046554256964158,11495.077509948796,1,154.566,153.35583504130702,156.2602309421702,154.342,164.301,39.13687073441116,0.44969429796320004,EURJPY_merged,125.19534457430358
2023-12-14 07:00:00,2023-12-14 18:00:00,1.5,15.0,0.1341092376160693,1915.8462516581328,1,154.566,153.35583504130702,156.3812474380395,154.342,164.301,39.042367813227855,0.44969429796320004,EURJPY_merged,22.36589076238393
2023-12-14 14:00:00,2023-12-14 22:00:00,-1.1,30.000000000000004,0.9379367845048009,13399.096921497157,1,1.34182,1.3388157229031297,1.3448242770968704,1.34793,1.38542,23.748556822958715,0.0017524202629964293,USDCAD_merged,-33.93793678450481
2023-12-14 04:00:00,2023-12-14 23:00:00,-1.1,30.0,0.4683952745019752,6691.361064313932,-1,0.66929,0.672290689965317,0.6662893100346831,0.63381,0.66901,70.11481015113185,0.0018011751911395624,AUDUSD_merged,-33.46839527450197
2023-12-15 09:00:00,2023-12-15 11:00:00,-1.1,60.00000000000001,1.634158404362926,23345.120062327518,1,1.34019,1.3367455370978896,1.3439789091923213,1.34793,1.38542,35.94200416317446,0.0013988893578686747,USDCAD_merged,-67.63415840436294
2023-12-15 09:00:00,2023-12-15 11:00:00,-1.1,90.00000000000001,2.451237606544389,35017.680093491275,1,1.34019,1.3367455370978896,1.3450122480629545,1.36288,1.38986,33.38126292746408,0.0013988893578686747,USDCAD_merged,-101.45123760654442
2023-12-14 08:00:00,2023-12-17 18:00:00,1.1,30.0,0.24526188130182006,3503.7411614545726,1,105.411,104.50844189017457,106.40381392080798,107.227,109.982,45.052096367168275,0.34004643988705346,CADJPY_merged,32.75473811869818
2023-12-14 08:00:00,2023-12-18 05:00:00,1.4,90.0,0.7357856439054602,10511.223484363718,1,105.411,104.50844189017457,106.6745813537556,107.227,110.67,42.01324139985595,0.34004643988705346,CADJPY_merged,125.26421435609453
2023-12-14 08:00:00,2023-12-18 06:00:00,1.5,30.0,0.24526188130182006,3503.7411614545726,1,105.411,104.50844189017457,106.76483716473815,107.227,110.67,42.42209091877934,0.34004643988705346,CADJPY_merged,44.75473811869818
2023-12-14 14:00:00,2023-12-18 21:00:00,1.4,90.0,0.704478788902517,10063.982698607388,1,141.851,140.58245747738948,143.62695953165473,147.277,151.907,36.82310191992348,0.45141409507768976,USDJPY_merged,125.29552121109747
2023-12-14 09:00:00,2023-12-18 21:00:00,1.1,30.0,0.21995331597438292,3142.1902282054707,1,141.862,140.50757531819752,143.3518671499827,147.149,151.907,33.76114999996424,0.5037360016780937,USDJPY_merged,32.78004668402562
2023-12-14 09:00:00,2023-12-19 02:00:00,1.5,30.0,0.21995331597438292,3142.1902282054707,1,141.862,140.50757531819752,143.8936370227037,147.277,151.907,32.96690944982907,0.5037360016780937,USDJPY_merged,44.78004668402562
2023-12-14 04:00:00,2023-12-19 08:00:00,-1.1,30.0,0.29491554320494723,4213.079188642104,-1,0.66929,0.6740558017096212,0.6640476181194167,0.63381,0.66901,70.11481015113185,0.0018011751911395624,AUDUSD_merged,-33.294915543204944
2023-12-14 04:00:00,2023-12-19 23:00:00,-1.1,30.0,0.3795328021636543,5421.897173766491,1,1.62857,1.6195589290714711,1.6420866063927935,1.64517,1.68394,36.918650457678034,0.003521188414573438,EURAUD_merged,-33.37953280216365
2023-12-18 06:00:00,2023-12-20 02:00:00,-1.1,30.0,0.40950476811732334,5850.0681159617625,1,2.03351,2.023081865012384,2.044980948486378,2.05874,2.09638,35.85993092215836,0.003934967059233169,GBPNZD_merged,-33.40950476811732
2023-12-19 13:00:00,2023-12-20 15:00:00,1.1,15.0,0.22991050547722655,3284.435792531808,-1,0.67608,0.6791676536003716,0.6726835810395914,0.6525,0.66901,67.04182000050265,0.0011126057355775138,AUDUSD_merged,16.270089494522775
2023-12-20 12:00:00,2023-12-20 16:00:00,1.1,30.0,0.5400063571507349,7714.376530724784,1,1.74409,1.7373075076246784,1.7515507416128535,1.79543,1.82831,40.13741439401626,0.0024883174835761833,EURNZD_merged,32.45999364284926
2023-12-20 12:00:00,2023-12-21 02:00:00,1.1,30.0,0.46106896838548,6586.699548364,1,2.01501,2.0058323686907027,2.025105394440227,2.05874,2.06029,36.782759507891235,0.0034284710852080973,GBPNZD_merged,32.53893103161452
2023-12-21 01:00:00,2023-12-21 10:00:00,-1.1,30.0,0.40936981300761766,5848.14018582311,1,180.798,179.87053591267383,181.8182104960588,184.454,188.656,36.057193885621714,0.3401834162762,GBPJPY_merged,-33.409369813007615
2023-12-27 14:00:00,2023-12-27 22:00:00,-1.1,59.99999999999999,1.2110093137186109,17300.133053123012,1,0.84307,0.8401460802911358,0.846578703650637,0.86663,0.88205,27.719088613552216,0.0016219427069537713,USDCHF_merged,-67.2110093137186
2023-12-28 02:00:00,2023-12-28 03:00:00,-1.1,30.0,0.7737818911774612,11054.027016820875,1,0.84042,0.8381391479664709,0.8431570224402347,0.86663,0.88205,24.75378824804475,0.0013037728744395372,USDCHF_merged,-33.773781891177464
2023-12-27 22:00:00,2023-12-28 04:00:00,1.0,30.0,0.8343505358926874,11919.293369895535,-1,0.68516,0.6868844982032168,0.6834355017967831,0.6525,0.66901,61.41415272095555,0.0010090956572193128,AUDUSD_merged,29.16564946410731
2023-12-28 00:00:00,2023-12-28 04:00:00,-1.1,30.0,1.3590858540196071,19415.512200280104,-1,1.11101,1.1127266840439842,1.1092933159560159,1.07236,1.10171,66.43852816681202,0.0010033988475543574,EURUSD_merged,-34.359085854019604
2023-12-28 00:00:00,2023-12-28 04:00:00,-1.1,29.999999999999996,0.855720722901234,12224.581755731915,-1,1.11101,1.1137364981875042,1.1080108519937455,1.07236,1.10171,66.43852816681202,0.0010033988475543574,EURUSD_merged,-33.85572072290123
2023-12-28 06:00:00,2023-12-28 08:00:00,-1.1,29.999999999999996,0.6656628451957963,9509.469217082806,1,1.07124,1.0678605053861188,1.0746194946138812,1.09892,1.11558,26.449127117484704,0.001970228150439292,GBPCHF_merged,-33.6656628451958
2023-12-28 08:00:00,2023-12-28 08:00:00,1.0,30.0,1.1600548847763328,16572.2126396619,-1,1.11125,1.113261650509493,1.1092383494905071,1.07236,1.10171,39.14949065596766,0.001438800698462498,EURUSD_merged,28.839945115223667
2023-12-28 08:00:00,2023-12-28 08:00:00,1.1,30.0,0.730404927451765,10434.356106453786,-1,1.11125,1.1144449743386065,1.1077355282275332,1.07236,1.10171,39.14949065596766,0.001438800698462498,EURUSD_merged,32.269595072548235
2023-12-28 09:00:00,2023-12-28 09:00:00,-1.1,29.999999999999996,0.9506986504903994,13581.409292719993,-1,1.10732,1.1097659611873862,1.104874038812614,1.07236,1.10171,52.22962172008332,0.001568886362858021,EURUSD_merged,-33.9506986504904
2023-12-28 06:00:00,2023-12-28 10:00:00,-1.1,30.0,0.4352410910895592,6217.72987270799,1,1.07124,1.06607136117877,1.078992958231845,1.09892,1.11558,29.393244258302232,0.001970228150439292,GBPCHF_merged,-33.43524109108956
2023-12-28 06:00:00,2023-12-28 10:00:00,-1.1,30.0,0.3902161506320186,5574.516437600266,1,1.07124,1.0654749797763203,1.0793110283131515,1.09892,1.11558,29.393244258302232,0.001970228150439292,GBPCHF_merged,-33.39021615063202
2023-12-20 12:00:00,2023-12-28 10:00:00,-1.1,60.0,0.92213793677096,13173.399096728,1,2.01501,2.0058323686907027,2.028776446963946,2.0564,2.09736,36.99324544765207,0.0034284710852080973,GBPNZD_merged,-66.92213793677097
2023-12-28 09:00:00,2023-12-28 10:00:00,-1.1,29.999999999999996,0.4474991728102607,6392.845325860868,1,141.117,140.45477374796255,141.84544887724118,140.956,151.907,31.065933849632923,0.254178340647802,USDJPY_merged,-33.44749917281026
2023-12-28 09:00:00,2023-12-28 10:00:00,-1.1,30.0,0.598588039197659,8551.257702823701,-1,1.10732,1.111204761885849,1.1030467619255664,1.07236,1.10171,52.22962172008332,0.001568886362858021,EURUSD_merged,-33.59858803919766
2023-12-28 09:00:00,2023-12-28 10:00:00,-1.1,29.999999999999996,0.3831401677555986,5473.430967937124,1,0.83942,0.8348191198304103,0.8444809681865487,0.86663,0.88205,29.7998343029115,0.0019087418572662999,USDCHF_merged,-33.3831401677556
2023-12-28 07:00:00,2023-12-28 10:00:00,-1.1,30.0,0.7446824154155991,10638.320220222846,1,140.817,140.4198968941949,141.21410310580512,140.956,151.907,29.72731638735891,0.2309050577927176,USDJPY_merged,-33.744682415415596
2023-12-28 06:00:00,2023-12-28 10:00:00,-1.1,30.0,0.6245383882490902,8921.976974987005,1,0.83709,0.8342752987213031,0.8399047012786969,0.86663,0.88205,24.00596349502662,0.001609584732061315,USDCHF_merged,-33.62453838824909
2023-12-20 12:00:00,2023-12-28 10:00:00,-1.1,90.0,1.38320690515644,19760.098645092003,1,2.01501,2.0058323686907027,2.0278586838330166,2.0564,2.09736,37.512920625676614,0.0034284710852080973,GBPNZD_merged,-100.38320690515646
2023-12-28 06:00:00,2023-12-28 11:00:00,1.0,30.0,0.582526627200129,8321.808960001845,1,0.63357,0.6312859893850776,0.6358540106149223,0.64045,0.65129,25.257798787250763,0.0013347116804197777,CADCHF_merged,29.417473372799872
2023-12-28 07:00:00,2023-12-28 11:00:00,1.0,30.0,0.4896667633836563,6995.239476909376,1,0.57188,0.5694274177750982,0.5743325822249019,0.57058,0.58644,31.829015011452096,0.001436074324526261,AUDCHF_merged,29.510333236616344
2023-12-28 06:00:00,2023-12-28 12:00:00,1.0,30.000000000000004,0.4856243453962392,6937.490648517703,1,0.5308,0.5285046455545995,0.5330953544454006,0.53312,0.54388,32.54112517749335,0.0013273364617734354,NZDCHF_merged,29.514375654603764
2023-12-28 08:00:00,2023-12-28 13:00:00,1.5,30.0,0.7584974246614483,10835.677495163549,-1,1.11125,1.114326641955695,1.1066350370664577,1.07236,1.10171,48.85246448543361,0.001438800698462498,EURUSD_merged,44.24150257533855
2023-12-28 08:00:00,2023-12-28 13:00:00,1.4,60.0,1.3600643476688037,19429.49068098291,-1,1.11125,1.1146816391044292,1.1064457052537995,1.07236,1.10171,48.85246448543361,0.001438800698462498,EURUSD_merged,82.63993565233119
2023-12-28 08:00:00,2023-12-28 13:00:00,1.5,60.0,1.5169948493228966,21671.354990327098,-1,1.11125,1.114326641955695,1.1066350370664577,1.07236,1.10171,48.85246448543361,0.001438800698462498,EURUSD_merged,88.4830051506771
2023-12-28 06:00:00,2023-12-28 14:00:00,1.4,30.0,0.36610871035291503,5230.124433613072,1,0.83709,0.83228845075987,0.8438121689361819,0.86663,0.88205,25.653855527745545,0.001609584732061315,USDCHF_merged,41.63389128964708
2023-12-28 06:00:00,2023-12-28 14:00:00,1.5,30.0,0.4083520230859437,5833.6003297991965,1,0.83709,0.8327851627502283,0.8435472558746575,0.86663,0.88205,25.653855527745545,0.001609584732061315,USDCHF_merged,44.591647976914054
2023-12-28 07:00:00,2023-12-28 14:00:00,1.1,30.000000000000004,0.3106923867534992,4438.462667907132,1,0.53022,0.5266361915532117,0.5341621892914671,0.53312,0.54388,32.38655677943125,0.001299669571646773,NZDCHF_merged,32.689307613246505
2023-12-27 22:00:00,2023-12-29 04:00:00,1.1,15.0,0.26266590944769785,3752.370134967113,-1,0.68516,0.6878989089109916,0.6821472001979093,0.6525,0.66901,61.41415272095555,0.0010090956572193128,AUDUSD_merged,16.237334090552302
2023-12-27 22:00:00,2023-12-29 04:00:00,1.5,30.000000000000004,0.545536888852911,7793.384126470158,-1,0.68516,0.6877974678402141,0.6812037982396788,0.6525,0.66901,61.167689893664175,0.0010090956572193128,AUDUSD_merged,44.4544631111471
2023-12-27 22:00:00,2023-12-29 04:00:00,1.4,30.0,0.48910203828192006,6987.171975456002,-1,0.68516,0.6881017910525464,0.6810414925264349,0.6525,0.66901,61.167689893664175,0.0010090956572193128,AUDUSD_merged,41.51089796171808
2023-12-27 22:00:00,2023-12-29 04:00:00,1.5,30.000000000000004,0.545536888852911,7793.384126470158,-1,0.68516,0.6877974678402141,0.6812037982396788,0.6525,0.66901,61.167689893664175,0.0010090956572193128,AUDUSD_merged,44.4544631111471
2023-12-28 06:00:00,2023-12-29 11:00:00,1.4,30.0,0.3414811262897308,4878.301804139012,1,0.63357,0.6296737465980736,0.6390247547626968,0.64045,0.65129,28.022253005872113,0.0013347116804197777,CADCHF_merged,41.65851887371027
2023-12-28 06:00:00,2023-12-29 11:00:00,1.5,29.999999999999996,0.3808827947077767,5441.182781539667,1,0.63357,0.6300768072948246,0.638809789057763,0.64045,0.65129,28.022253005872113,0.0013347116804197777,CADCHF_merged,44.61911720529221
2024-01-04 07:00:00,2024-01-05 01:00:00,-1.1,15.0,0.3009017690009784,4298.596700013978,-1,108.162,108.53943247697434,107.7090810276308,104.195,108.277,65.80340532486957,0.20827865875660384,CADJPY_merged,-16.80090176900098
2024-01-04 12:00:00,2024-01-05 01:00:00,-1.1,30.0,0.5838524505043786,8340.749292919696,-1,170.033,170.64457455054188,169.4214254494581,162.125,170.208,66.32976408922856,0.35362475449767433,CHFJPY_merged,-33.58385245050438
2024-01-05 01:00:00,2024-01-05 08:00:00,-1.1,30.0,0.5844222187149724,8348.88883878532,-1,158.297,158.8658074295514,157.44378885567286,153.129,158.566,68.54019164681388,0.2442883676969365,EURJPY_merged,-33.58442221871497
2024-01-05 01:00:00,2024-01-05 08:00:00,-1.1,60.0,1.0479294956268472,14970.421366097818,-1,158.297,158.93143905603813,157.40878532154662,153.129,158.566,68.54019164681388,0.2442883676969365,EURJPY_merged,-67.04792949562685
2024-01-05 01:00:00,2024-01-05 08:00:00,-1.1,60.0,1.1688444374299447,16697.77767757064,-1,158.297,158.8658074295514,157.44378885567286,153.129,158.566,68.54019164681388,0.2442883676969365,EURJPY_merged,-67.16884443742994
2024-01-04 13:00:00,2024-01-05 09:00:00,-1.1,60.0,0.7758191208744989,11083.130298207128,-1,169.835,170.75442436169396,168.4558634574591,162.125,170.208,64.07858123176045,0.34450870060498323,CHFJPY_merged,-66.7758191208745
2024-01-04 13:00:00,2024-01-05 09:00:00,-1.1,60.0,0.7758191208744989,11083.130298207128,-1,169.835,170.75442436169396,168.4558634574591,162.125,170.208,64.07858123176045,0.34450870060498323,CHFJPY_merged,-66.7758191208745
2024-01-04 13:00:00,2024-01-10 10:00:00,-1.1,60.0,0.6955619704392056,9936.599577702938,-1,169.835,170.86051178804325,168.39928349673946,162.125,170.208,64.07858123176045,0.34450870060498323,CHFJPY_merged,-66.6955619704392
2024-01-10 21:00:00,2024-01-11 09:00:00,-1.1,60.0,1.1731960740914587,16759.943915592266,-1,159.591,160.16233007414732,158.73400488877905,153.129,158.566,66.57049133325935,0.2237607407668933,EURJPY_merged,-67.17319607409146
2024-01-10 13:00:00,2024-01-12 10:00:00,1.5,30.0,0.4951139293827139,7073.056134038771,-1,108.825,109.28657558177554,108.1326366273367,106.162,108.277,65.79082571540958,0.17249127920555007,CADJPY_merged,44.50488607061729
2024-01-10 18:00:00,2024-01-12 10:00:00,1.5,29.999999999999996,0.5849861365111958,8356.944807302798,-1,97.554,97.90420214533935,97.02869678199097,93.691,97.591,67.79112828102453,0.13707219476405383,AUDJPY_merged,44.415013863488795
2024-01-10 13:00:00,2024-01-12 10:00:00,1.4,30.0,0.44389524703277794,6341.3606718968285,-1,108.825,109.33983430274965,108.1042319761505,106.162,108.277,65.79082571540958,0.17249127920555007,CADJPY_merged,41.55610475296722
2024-01-10 18:00:00,2024-01-12 10:00:00,1.4,60.0,1.0489406585717993,14984.866551025705,-1,97.554,97.9446100851862,97.00714588073932,95.836,97.591,67.79112828102453,0.13707219476405383,AUDJPY_merged,82.9510593414282
2024-01-10 13:00:00,2024-01-12 10:00:00,1.5,60.0,0.9902278587654278,14146.112268077542,-1,108.825,109.28657558177554,108.1326366273367,106.162,108.277,65.79082571540958,0.17249127920555007,CADJPY_merged,89.00977214123458
2024-01-10 12:00:00,2024-01-12 11:00:00,1.5,30.0,0.5435242900418181,7764.632714883117,-1,97.471,97.84759604869592,96.90610592695613,93.691,97.591,66.61336547172797,0.14057001739139802,AUDJPY_merged,44.456475709958184
2024-01-11 03:00:00,2024-01-14 17:00:00,1.4,90.0,1.5536590366514766,22195.129095021093,-1,90.862,91.23044029899489,90.34618358140713,88.565,90.424,63.93316716565419,0.1275449233234905,NZDJPY_merged,124.4463409633485
2024-01-11 03:00:00,2024-01-14 17:00:00,1.5,60.00000000000001,1.15528492468956,16504.070352708,-1,90.862,91.19232578530577,90.36651132204133,88.565,90.424,63.93316716565419,0.1275449233234905,NZDJPY_merged,88.84471507531046
2024-01-11 03:00:00,2024-01-14 17:00:00,1.5,60.00000000000001,1.15528492468956,16504.070352708,-1,90.862,91.19232578530577,90.36651132204133,87.674,90.424,63.93316716565419,0.1275449233234905,NZDJPY_merged,88.84471507531046
2024-01-16 07:00:00,2024-01-17 01:00:00,-1.1,90.00000000000001,1.7763882757391105,25376.97536770158,-1,0.86014,0.863190505384441,0.8555642419233386,0.83323,0.85764,64.83639680478025,0.001144466208728928,USDCHF_merged,-100.77638827573914
2024-01-16 07:00:00,2024-01-17 05:00:00,-1.1,89.99999999999999,1.5926239713523054,22751.77101931865,-1,0.86014,0.8635424867749534,0.8553765185150652,0.83323,0.85764,64.83639680478025,0.001144466208728928,USDCHF_merged,-100.5926239713523
2024-01-17 17:00:00,2024-01-17 19:00:00,-1.1,60.0,1.857481916823306,26535.45595461866,-1,1.93368,1.9380522934400835,1.9279960185278917,1.85867,1.92637,63.86557867597682,0.002769634585762676,GBPAUD_merged,-67.8574819168233
2024-01-17 17:00:00,2024-01-18 12:00:00,-1.1,30.0,0.5741665361218217,8202.379087454596,-1,2.07057,2.0781430589061665,2.0592104116407506,2.00557,2.06029,61.376407995392334,0.0028925210379165353,GBPNZD_merged,-33.57416653612182
2024-01-17 11:00:00,2024-01-19 01:00:00,-1.1,60.0,1.1882132589289225,16974.475127556037,-1,1.78,1.7862917998463836,1.7705623002304245,1.73973,1.77382,63.875649609109445,0.0023827856594227453,EURNZD_merged,-67.18821325892893
2024-01-17 11:00:00,2024-01-19 01:00:00,-1.1,60.0,1.1882132589289225,16974.475127556037,-1,1.78,1.7862917998463836,1.7705623002304245,1.73973,1.77382,63.875649609109445,0.0023827856594227453,EURNZD_merged,-67.18821325892893
2024-01-19 02:00:00,2024-01-19 02:00:00,1.3,60.0,2.0673360907908935,29533.3727255842,-1,188.635,189.01823086581285,188.13679987444326,178.731,188.656,57.04684178842971,0.26641077033782856,GBPJPY_merged,75.93266390920911
2024-01-22 23:00:00,2024-01-23 16:00:00,1.2,15.0,0.5181907205831472,7402.724579759247,-1,1.08206,1.084252557594859,1.0794289308861693,1.06566,1.08316,62.673658073505116,0.0011732241560780407,AUDNZD_merged,17.481809279416854
2024-01-23 16:00:00,2024-01-24 04:00:00,1.2,15.0,0.30303574212973616,4329.082030424803,1,1.08498,1.081220611777365,1.089491265867162,1.08767,1.1,42.219699595384135,0.0012587449973954685,EURUSD_merged,17.696964257870263
2024-01-23 16:00:00,2024-01-24 04:00:00,1.2,15.0,0.30303574212973616,4329.082030424803,1,1.08498,1.081220611777365,1.089491265867162,1.08767,1.1,42.219699595384135,0.0012587449973954685,EURUSD_merged,17.696964257870263
2024-01-24 19:00:00,2024-01-25 06:00:00,1.2,15.0,0.31401380011508173,4485.911430215454,1,0.56742,0.5655226598201046,0.5696968082158745,0.57058,0.58644,37.567666980792076,0.00085653968631952,AUDCHF_merged,17.68598619988492
2024-01-24 19:00:00,2024-01-25 08:00:00,1.5,15.0,0.2558630963900666,3655.187091286666,1,0.56742,0.5650914461428557,0.5709128307857166,0.57058,0.58644,35.34095489253883,0.00085653968631952,AUDCHF_merged,22.244136903609935
2024-01-24 20:00:00,2024-01-25 08:00:00,1.2,60.0,0.9604168791624683,13720.241130892406,1,0.56801,0.5655260349096735,0.570990758108392,0.57058,0.58644,35.995114404320205,0.0008432154230109951,AUDCHF_merged,71.03958312083753
2024-01-24 20:00:00,2024-01-25 08:00:00,1.2,60.0,0.9604168791624683,13720.241130892406,1,0.56801,0.5655260349096735,0.570990758108392,0.57058,0.58644,35.995114404320205,0.0008432154230109951,AUDCHF_merged,71.03958312083753
2024-01-25 05:00:00,2024-01-25 08:00:00,1.2,60.0,1.601738911578807,22881.984451125816,-1,1.47157,1.4754286775630667,1.46693958692432,1.45486,1.47263,58.04344228666553,0.0013162514364499299,EURCAD_merged,70.3982610884212
2024-01-24 19:00:00,2024-01-25 08:00:00,1.2,14.999999999999998,0.23027678675105998,3289.668382158,1,0.56742,0.5648327179365062,0.5705247384761926,0.57058,0.58644,35.99609732803641,0.00085653968631952,AUDCHF_merged,17.769723213248938
2024-01-24 20:00:00,2024-01-25 09:00:00,1.3,15.0,0.24010421979061708,3430.0602827231014,1,0.56801,0.5655260349096735,0.5712391546174246,0.57058,0.58644,37.312062755111505,0.0008432154230109951,AUDCHF_merged,19.259895780209384
2024-01-24 20:00:00,2024-01-25 09:00:00,1.5,15.0,0.24010421979061708,3430.0602827231014,1,0.56801,0.5655260349096735,0.57173594763549,0.57058,0.58644,36.35576944150859,0.0008432154230109951,AUDCHF_merged,22.259895780209384
2024-01-30 03:00:00,2024-01-30 06:00:00,1.2,60.0,2.2491009575600325,32130.01367942904,1,1.45098,1.4482704213216773,1.4542314944139874,1.45486,1.47168,33.38648460617803,0.001249367623967415,EURCAD_merged,69.75089904243997
2024-01-24 20:00:00,2024-01-31 16:00:00,-1.1,15.000000000000002,0.23210074579759657,3315.7249399656657,1,0.56801,0.5654403809410414,0.5718644285884379,0.57058,0.58644,36.35576944150859,0.0008432154230109951,AUDCHF_merged,-16.7321007457976
2024-02-01 07:00:00,2024-02-01 12:00:00,1.2,90.0,0.965173837709262,13788.197681560887,1,0.65179,0.6475355570804262,0.6568953315034884,0.65245,0.68706,33.70515974064704,0.0014315457624250881,AUDUSD_merged,107.03482616229074
2024-02-01 07:00:00,2024-02-01 12:00:00,1.2,60.0,0.643449225139508,9192.131787707258,1,0.65179,0.6475355570804262,0.6568953315034884,0.65245,0.68706,33.70515974064704,0.0014315457624250881,AUDUSD_merged,71.3565507748605
2024-02-01 07:00:00,2024-02-01 16:00:00,1.3,30.0,0.321724612569754,4596.065893853629,1,0.65179,0.6475355570804262,0.6573207757954459,0.65245,0.68706,35.744859363564146,0.0014315457624250881,AUDUSD_merged,38.67827538743025
2024-02-01 11:00:00,2024-02-01 18:00:00,1.2,60.0,0.9406999657980575,13438.570939972251,1,95.749,95.32150365193876,96.26199561767348,95.836,97.88,38.925040216740825,0.2033653417141582,AUDJPY_merged,71.05930003420194
2024-02-01 07:00:00,2024-02-01 19:00:00,1.5,30.0,0.3455560653526988,4936.515219324268,1,0.65179,0.6478289669369486,0.6577315495945771,0.65245,0.68706,32.87986187663868,0.0014315457624250881,AUDUSD_merged,44.654443934647304
2024-02-01 07:00:00,2024-02-01 19:00:00,1.5,60.0,0.643449225139508,9192.131787707258,1,0.65179,0.6475355570804262,0.6581716643793606,0.65245,0.68706,34.45153920159897,0.0014315457624250881,AUDUSD_merged,89.3565507748605
2024-02-01 05:00:00,2024-02-01 21:00:00,1.2,60.0,0.7876299600044556,11251.856571492224,1,89.447,88.970028047336,90.01936634319681,89.737,90.983,29.28436133357717,0.1676535809022689,NZDJPY_merged,71.21237003999555
2024-02-01 08:00:00,2024-02-01 21:00:00,1.2,90.0,1.1259534968038138,16085.0499543402,1,95.812,95.27590716693588,96.45531139967693,95.836,97.88,27.54164026527994,0.18794105492200686,AUDJPY_merged,106.87404650319618
2024-02-01 05:00:00,2024-02-01 21:00:00,1.4,15.0,0.1988639219785289,2840.9131711218415,1,95.814,95.30810280658719,96.52225607077791,95.836,97.88,21.97392257318508,0.1817010717824237,AUDJPY_merged,20.80113607802147
2024-02-01 08:00:00,2024-02-01 21:00:00,1.2,30.0,0.36280723785900665,5182.9605408429525,1,95.812,95.25742120717506,96.47749455138992,95.836,97.88,27.81263897601138,0.18794105492200686,AUDJPY_merged,35.63719276214099
2024-02-01 08:00:00,2024-02-01 21:00:00,1.2,60.0,0.7506356645358759,10723.3666362268,1,95.812,95.27590716693588,96.45531139967693,95.836,97.88,27.54164026527994,0.18794105492200686,AUDJPY_merged,71.24936433546412
2024-02-01 08:00:00,2024-02-01 23:00:00,1.5,30.0,0.40311915317667407,5758.845045381058,1,95.812,95.31287908645754,96.56068137031367,95.836,97.88,27.356306609678988,0.18794105492200686,AUDJPY_merged,44.596880846823325
2024-02-01 12:00:00,2024-02-02 04:00:00,1.3,30.0,0.3417060735524295,4881.515336463279,1,95.964,95.37424050902894,96.73068733826237,95.836,97.88,43.04256449711789,0.2027678173060046,AUDJPY_merged,38.65829392644757
2024-02-02 14:00:00,2024-02-05 08:00:00,-1.1,90.0,1.3612845226608221,19446.921752297458,1,1.07882,1.0738272406709544,1.0848113111948545,1.08767,1.1,33.27513208424125,0.0016672382088076447,EURUSD_merged,-100.36128452266084
2024-02-02 14:00:00,2024-02-05 08:00:00,-1.1,60.0,0.9075230151072147,12964.61450153164,1,1.07882,1.0738272406709544,1.0848113111948545,1.08767,1.1,33.27513208424125,0.0016672382088076447,EURUSD_merged,-66.90752301510722
2024-02-02 14:00:00,2024-02-05 10:00:00,-1.1,90.0,0.9694191412196778,13848.844874566828,1,0.65121,0.646977957506143,0.6562884509926283,0.65245,0.68706,34.19104098033382,0.0014129446408901662,AUDUSD_merged,-99.96941914121969
2024-02-02 14:00:00,2024-02-05 10:00:00,-1.1,15.0,0.1561841949742815,2231.2027853468785,1,0.65121,0.6468320250063548,0.6577769624904677,0.65245,0.68706,35.27503519222865,0.0014129446408901662,AUDUSD_merged,-16.65618419497428
2024-02-02 14:00:00,2024-02-05 10:00:00,-1.1,90.0,0.9694191412196778,13848.844874566828,1,0.65121,0.646977957506143,0.6562884509926283,0.65245,0.68706,34.19104098033382,0.0014129446408901662,AUDUSD_merged,-99.96941914121969
2024-01-29 13:00:00,2024-02-06 13:00:00,-1.1,60.0,1.370916898674063,19584.527123915188,1,1.45373,1.4492762902194105,1.460410564670884,1.45486,1.47637,34.09071591010271,0.0016224134166048368,EURCAD_merged,-67.37091689867407
2024-02-05 14:00:00,2024-02-06 18:00:00,1.2,90.0,1.234118281627983,17630.261166114044,1,0.64863,0.645318835210666,0.6526033977472009,0.65245,0.68706,35.56672350581728,0.0011009394645650897,AUDUSD_merged,106.76588171837201
2024-02-04 22:00:00,2024-02-06 18:00:00,1.2,90.0,1.5811860060237333,22588.371514624763,-1,148.52,149.11175580636018,147.8098930323678,140.248,148.802,62.73735353806159,0.263838489697477,USDJPY_merged,106.41881399397627
2024-02-05 14:00:00,2024-02-06 18:00:00,1.2,60.0,0.822745521085322,11753.507444076029,1,0.64863,0.645318835210666,0.6526033977472009,0.65245,0.68706,35.56672350581728,0.0011009394645650897,AUDUSD_merged,71.17725447891468
2024-02-05 14:00:00,2024-02-06 20:00:00,1.5,14.999999999999998,0.1988301675956195,2840.4309656517075,1,0.64863,0.645204657114482,0.653768014328277,0.65245,0.68706,35.88678973128252,0.0011009394645650897,AUDUSD_merged,22.301169832404376
2024-02-05 12:00:00,2024-02-07 02:00:00,1.2,90.0,2.410117643880606,34430.25205543723,1,1.07353,1.0707238137471538,1.0768974235034157,1.07236,1.11394,34.208480159267246,0.0012472864054221264,EURUSD_merged,105.58988235611939
2024-02-02 15:00:00,2024-02-07 08:00:00,1.2,30.0,0.3336874640374537,4766.963771963625,1,0.60709,0.6032693919838208,0.611674729619415,0.60615,0.6369,32.04388688109276,0.0012647759657716787,NZDUSD_merged,35.66631253596255
2024-02-05 12:00:00,2024-02-07 08:00:00,1.2,30.0,0.5891398685041481,8416.283835773545,1,1.07353,1.0697033823824824,1.0781219411410212,1.07236,1.11394,32.752222685580136,0.0012472864054221264,EURUSD_merged,35.41086013149585
2024-02-02 15:00:00,2024-02-07 08:00:00,1.2,90.0,1.0010623921123611,14300.891315890874,1,0.60709,0.6032693919838208,0.611674729619415,0.60615,0.6369,32.04388688109276,0.0012647759657716787,NZDUSD_merged,106.99893760788764
2024-02-02 14:00:00,2024-02-07 08:00:00,1.2,30.0,0.31397646924990275,4485.378132141468,1,0.60671,0.602652081255185,0.6115795024937779,0.60837,0.6369,32.53187712693075,0.0013174510400617886,NZDUSD_merged,35.6860235307501
2024-02-02 14:00:00,2024-02-07 09:00:00,1.3,60.0,0.649606488103247,9280.092687189242,1,0.60671,0.6027873452133455,0.6118094512226507,0.60837,0.6369,34.81784298691594,0.0013174510400617886,NZDUSD_merged,77.35039351189675
2024-01-29 13:00:00,2024-02-07 10:00:00,-1.1,90.0,1.914556358493088,27350.80512132983,1,1.45373,1.4489463857912188,1.4594703370505375,1.45486,1.47263,34.463551244167604,0.0016224134166048368,EURCAD_merged,-100.9145563584931
2024-01-29 13:00:00,2024-02-07 10:00:00,-1.1,60.0,1.2763709056620587,18233.870080886554,1,1.45373,1.4489463857912188,1.4599486984714156,1.45486,1.47168,35.6898231868237,0.0016224134166048368,EURCAD_merged,-67.27637090566206
2024-01-29 13:00:00,2024-02-07 10:00:00,-1.1,60.0,1.2338252088066568,17626.07441152367,1,1.45373,1.4487814335771227,1.4596682797074525,1.45486,1.47637,34.86679677134302,0.0016224134166048368,EURCAD_merged,-67.23382520880665
2024-01-29 13:00:00,2024-02-07 10:00:00,-1.1,60.0,1.2763709056620587,18233.870080886554,1,1.45373,1.4489463857912188,1.4594703370505375,1.45486,1.47263,34.463551244167604,0.0016224134166048368,EURCAD_merged,-67.27637090566206
2024-02-05 12:00:00,2024-02-07 13:00:00,-1.1,30.0,0.5052179999683895,7217.399999548421,-1,0.8711,0.8747208329871747,0.8656687505192379,0.83323,0.8728,63.609054997572365,0.001339545736329942,USDCHF_merged,-33.50521799996839
2024-02-05 13:00:00,2024-02-07 22:00:00,1.2,30.000000000000004,0.6234864771362288,8906.949673374698,1,1.07392,1.0703028694242758,1.078260556690869,1.08767,1.1,35.06466626396906,0.0012231945193205594,EURUSD_merged,35.376513522863775
2024-02-05 13:00:00,2024-02-07 22:00:00,1.2,90.00000000000001,1.8704594314086864,26720.849020124093,1,1.07392,1.0703028694242758,1.078260556690869,1.08767,1.1,35.06466626396906,0.0012231945193205594,EURUSD_merged,106.12954056859132
2024-02-05 13:00:00,2024-02-08 02:00:00,1.3,30.000000000000004,0.6234864771362288,8906.949673374698,1,1.07392,1.0703028694242758,1.0786222697484413,1.07236,1.11394,35.692100484191165,0.0012231945193205594,EURUSD_merged,38.37651352286378
2024-02-07 07:00:00,2024-02-08 03:00:00,1.2,90.0,1.8628405053793933,26612.00721970562,1,169.737,169.16296100046569,170.4258467994412,169.735,171.82,42.702015283323036,0.20237701955532444,CHFJPY_merged,106.1371594946206
2024-02-07 07:00:00,2024-02-08 03:00:00,1.2,60.0,1.2418936702529288,17741.338146470414,1,169.737,169.16296100046569,170.4258467994412,169.735,171.82,42.702015283323036,0.20237701955532444,CHFJPY_merged,70.75810632974706
2024-02-04 21:00:00,2024-02-08 05:00:00,-1.1,90.0,1.259734754560246,17996.210779432087,-1,148.374,149.1160262056089,147.26096069158663,140.248,148.802,68.49650552701739,0.2689799119818981,USDJPY_merged,-100.25973475456026
2024-02-04 21:00:00,2024-02-08 06:00:00,-1.1,60.0,0.7558408527361478,10797.726467659255,-1,148.374,149.19847356178767,147.3846317258548,140.248,148.802,67.07462424140571,0.2689799119818981,USDJPY_merged,-66.75584085273614
2024-02-04 21:00:00,2024-02-08 06:00:00,-1.1,60.0,0.7819043304167045,11170.06186309578,-1,148.374,149.17099110972808,147.4176106683263,140.248,148.802,67.8306394738636,0.2689799119818981,USDJPY_merged,-66.78190433041671
2024-02-04 21:00:00,2024-02-08 06:00:00,-1.1,60.0,0.7819043304167045,11170.06186309578,-1,148.374,149.17099110972808,147.3379115573535,140.248,148.802,65.50907522993779,0.2689799119818981,USDJPY_merged,-66.78190433041671
2024-02-04 21:00:00,2024-02-08 06:00:00,-1.1,15.0,0.18896021318403694,2699.4316169148137,-1,148.374,149.19847356178767,147.1372896573185,140.248,148.802,67.07462424140571,0.2689799119818981,USDJPY_merged,-16.688960213184036
2024-02-08 07:00:00,2024-02-08 18:00:00,-1.1,90.0,1.6431582441121373,23473.689201601963,-1,90.868,91.21639517255949,90.44992579292861,89.737,90.983,65.42627987631033,0.11634081879983786,NZDJPY_merged,-100.64315824411216
2024-02-08 07:00:00,2024-02-08 18:00:00,-1.1,60.0,1.0954388294080915,15649.12613440131,-1,90.868,91.21639517255949,90.41508627567265,88.565,90.983,64.59713419497103,0.11634081879983786,NZDJPY_merged,-67.0954388294081
2024-02-02 15:00:00,2024-02-08 20:00:00,1.5,60.0,0.716810107932308,10240.144399032974,1,0.60709,0.6035328821918332,0.6124256767122502,0.60837,0.6369,30.605722480343037,0.0012647759657716787,NZDUSD_merged,89.2831898920677
2024-02-02 15:00:00,2024-02-09 02:00:00,1.5,60.0,0.6673749280749074,9533.92754392725,1,0.60709,0.6032693919838208,0.6128209120242688,0.60837,0.6369,33.325334125210574,0.0012647759657716787,NZDUSD_merged,89.3326250719251
2024-02-09 01:00:00,2024-02-09 03:00:00,-1.1,90.0,1.6339906056592435,23342.722937989194,-1,91.406,91.75842418041178,90.98309098350587,88.565,90.983,73.2593564925665,0.12220232377716961,NZDJPY_merged,-100.63399060565926
2024-02-09 00:00:00,2024-02-09 03:00:00,-1.1,30.000000000000004,0.5670529231216336,8100.7560445947665,-1,91.434,91.77261283871525,90.92608074192711,88.565,90.983,71.6702412193157,0.12152557945233647,NZDJPY_merged,-33.56705292312164
2024-02-08 16:00:00,2024-02-09 04:00:00,1.2,89.99999999999999,2.3137903359394754,33054.147656278226,-1,1.94359,1.9488820166576062,1.9372395800108724,1.91808,1.94145,65.83289007875865,0.001772345235194128,GBPAUD_merged,105.68620966406051
2024-02-09 03:00:00,2024-02-09 04:00:00,-1.1,90.0,3.016823708698243,43097.48155283205,1,1.06121,1.0589938867479316,1.063869335902482,1.06905,1.08325,28.71698981766911,0.001092515333665204,AUDNZD_merged,-102.01682370869825
2024-02-08 16:00:00,2024-02-09 04:00:00,1.2,30.0,0.7455546638027201,10650.780911467431,-1,1.94359,1.949064499990627,1.9370206000112473,1.85867,1.94145,65.31224268820897,0.001772345235194128,GBPAUD_merged,35.25444533619728
2024-02-09 00:00:00,2024-02-09 04:00:00,-1.1,90.0,1.3382687909048674,19118.12558435525,-1,0.53504,0.537558740646803,0.5320175112238363,0.52704,0.53373,66.03813048197667,0.0008329218819812718,NZDCHF_merged,-100.33826879090488
2024-02-08 16:00:00,2024-02-09 04:00:00,1.2,15.0,0.4141970354459556,5917.100506370794,-1,1.94359,1.9485170499915643,1.9376775400101227,1.85867,1.94145,63.420047666204795,0.001772345235194128,GBPAUD_merged,17.585802964554045
2024-02-08 16:00:00,2024-02-09 04:00:00,1.2,90.0,3.0499963519202185,43571.37645600312,-1,1.94359,1.9476046333264598,1.938772440008248,1.91808,1.94145,63.420047666204795,0.001772345235194128,GBPAUD_merged,104.95000364807979
2024-02-08 17:00:00,2024-02-09 06:00:00,1.2,89.99999999999999,2.3812960008479265,34018.514297827525,-1,1.94276,1.947899801182063,1.9365922385815244,1.91808,1.94145,63.8777745515399,0.0018514634326802773,GBPAUD_merged,105.61870399915206
2024-02-08 16:00:00,2024-02-09 06:00:00,1.3,29.999999999999996,0.7712634453131585,11018.049218759408,-1,1.94359,1.9488820166576062,1.9367103783451118,1.85867,1.94145,64.06303746771506,0.001772345235194128,GBPAUD_merged,38.22873655468684
2024-02-08 16:00:00,2024-02-09 06:00:00,1.5,15.0,0.4141970354459556,5917.100506370794,-1,1.94359,1.9485170499915643,1.9361994250126533,1.85867,1.94145,66.18323567202599,0.001772345235194128,GBPAUD_merged,22.085802964554045
2024-02-08 16:00:00,2024-02-09 07:00:00,1.4,59.99999999999999,1.542526890626317,22036.098437518816,-1,1.94359,1.9488820166576062,1.9361811766793513,1.85867,1.94145,65.83289007875865,0.001772345235194128,GBPAUD_merged,82.45747310937367
2024-02-08 12:00:00,2024-02-09 08:00:00,1.2,90.0,1.5309441366118768,21870.630523026815,1,0.64885,0.6461799123709069,0.6520541051549118,0.65245,0.66242,31.628768603572187,0.0008806684526652744,AUDUSD_merged,106.46905586338812
2024-02-08 16:00:00,2024-02-09 08:00:00,1.5,89.99999999999999,2.3137903359394754,33054.147656278226,-1,1.94359,1.9488820166576062,1.9356519750135905,1.85867,1.94145,65.31224268820897,0.001772345235194128,GBPAUD_merged,132.6862096640605
2024-02-08 18:00:00,2024-02-09 08:00:00,1.2,90.0,2.897628586481174,41394.6940925882,1,0.87389,0.8719899956220456,0.8761700052535452,0.88125,0.9065,40.95083213878979,0.0008669498997859382,AUDCAD_merged,105.10237141351882
2024-02-08 12:00:00,2024-02-09 08:00:00,1.5,30.0,0.49330422179716044,7047.203168530864,1,0.64885,0.6460878403836968,0.6529932394244549,0.65245,0.68706,33.18799215398533,0.0008806684526652744,AUDUSD_merged,44.50669577820284
2024-02-08 16:00:00,2024-02-09 08:00:00,1.5,60.0,1.4911093276054401,21301.561822934862,-1,1.94359,1.949064499990627,1.9353782500140593,1.85867,1.94145,65.31224268820897,0.001772345235194128,GBPAUD_merged,88.50889067239456
2024-02-08 12:00:00,2024-02-09 08:00:00,1.2,90.0,1.5309441366118768,21870.630523026815,1,0.64885,0.6461799123709069,0.6520541051549118,0.65245,0.66242,31.628768603572187,0.0008806684526652744,AUDUSD_merged,106.46905586338812
2024-02-08 18:00:00,2024-02-09 09:00:00,1.2,90.0,2.1982009966408897,31402.871380584143,1,0.87389,0.8713854487745146,0.8768954614705823,0.88125,0.8915,41.351262020733586,0.0008669498997859382,AUDCAD_merged,105.80179900335911
2024-02-08 18:00:00,2024-02-09 09:00:00,1.2,30.0,0.7083092100287314,10118.703000410449,1,0.87389,0.8712990849391531,0.8769990980730162,0.88125,0.9065,40.9978434262948,0.0008669498997859382,AUDCAD_merged,35.29169078997127
2024-02-08 18:00:00,2024-02-09 09:00:00,1.3,30.0,0.7327336655469633,10467.623793528048,1,0.87389,0.8713854487745146,0.8771459165931309,0.88125,0.9065,40.86129648640697,0.0008669498997859382,AUDCAD_merged,38.26726633445303
2024-02-08 18:00:00,2024-02-09 09:00:00,1.2,90.0,2.1982009966408897,31402.871380584143,1,0.87389,0.8713854487745146,0.8768954614705823,0.88125,0.8915,41.351262020733586,0.0008669498997859382,AUDCAD_merged,105.80179900335911
2024-02-08 18:00:00,2024-02-09 10:00:00,1.5,30.0,0.7870102333652569,11243.003333789386,1,0.87389,0.8715581764452377,0.8773877353321432,0.88125,0.9065,42.03325942658599,0.0008669498997859382,AUDCAD_merged,44.21298976663474
2024-02-08 18:00:00,2024-02-09 11:00:00,1.5,90.0,2.1982009966408897,31402.871380584143,1,0.87389,0.8713854487745146,0.8776468268382279,0.88768,0.9065,40.9978434262948,0.0008669498997859382,AUDCAD_merged,132.80179900335912
2024-02-08 18:00:00,2024-02-09 11:00:00,1.5,60.0,1.4166184200574627,20237.406000820898,1,0.87389,0.8712990849391531,0.8777763725912703,0.88768,0.9065,40.9978434262948,0.0008669498997859382,AUDCAD_merged,88.58338157994254
2024-02-05 13:00:00,2024-02-11 18:00:00,1.5,60.00000000000001,1.2469729542724577,17813.899346749396,1,1.07392,1.0703028694242758,1.0793456958635863,1.07236,1.11394,35.164800139091724,0.0012231945193205594,EURUSD_merged,88.75302704572756
2024-02-09 08:00:00,2024-02-12 03:00:00,1.2,90.0,2.7785894888695055,39694.135555278655,1,1.06121,1.058803878827088,1.0640973454074945,1.06905,1.08325,39.88931626970535,0.0010991420535018796,AUDNZD_merged,105.2214105111305
2024-02-09 07:00:00,2024-02-12 05:00:00,1.3,59.99999999999999,1.433156542971568,20473.66489959383,1,1.06048,1.0573721636496425,1.064520187255465,1.06905,1.08325,38.06814043002061,0.0010936914422327846,AUDNZD_merged,76.56684345702843
2024-02-09 03:00:00,2024-02-12 07:00:00,1.2,90.00000000000001,2.288624882460736,32694.641178010515,1,1.06121,1.0582887598040918,1.0647154882350898,1.06905,1.08325,26.917175298014566,0.001092515333665204,AUDNZD_merged,105.71137511753928
2024-02-09 03:00:00,2024-02-12 07:00:00,1.2,90.00000000000001,2.288624882460736,32694.641178010515,1,1.06121,1.0582887598040918,1.0647154882350898,1.06905,1.08325,26.917175298014566,0.001092515333665204,AUDNZD_merged,105.71137511753928
2024-02-09 00:00:00,2024-02-12 10:00:00,1.4,60.00000000000001,1.4305122047274066,20435.88863896295,1,1.06062,1.0575060076934129,1.0649795892292218,1.06905,1.08325,30.149163087788892,0.0010442339897939012,AUDNZD_merged,82.5694877952726
2024-02-09 01:00:00,2024-02-12 10:00:00,1.2,60.00000000000001,1.4225719661674585,20322.456659535124,1,1.06107,1.0579372980306183,1.064829242363258,1.06905,1.08325,29.917931754025112,0.0010325029905229237,AUDNZD_merged,70.57742803383255
2024-02-09 01:00:00,2024-02-12 11:00:00,1.5,29.999999999999996,0.7903177589819212,11290.253699741734,1,1.06107,1.0582505682275565,1.0652991476586653,1.06905,1.08325,29.493156060032693,0.0010325029905229237,AUDNZD_merged,44.20968224101807
2024-02-09 03:00:00,2024-02-12 13:00:00,1.5,90.00000000000001,2.288624882460736,32694.641178010515,1,1.06121,1.0582887598040918,1.0655918602938623,1.06905,1.08325,27.356905966749345,0.001092515333665204,AUDNZD_merged,132.7113751175393
2024-02-09 03:00:00,2024-02-12 19:00:00,1.5,90.0,2.212337386378712,31604.819805410167,1,1.06121,1.0581880273835431,1.0657429589246852,1.06905,1.08325,27.356905966749345,0.001092515333665204,AUDNZD_merged,132.78766261362128
2024-02-04 21:00:00,2024-02-13 08:00:00,-1.1,60.0,0.6653740601977209,9505.3437171103,1,0.65063,0.6465230680297517,0.6559690115613229,0.65245,0.68706,36.41829079665069,0.0014014560495869274,AUDUSD_merged,-66.66537406019772
2024-02-04 21:00:00,2024-02-13 08:00:00,-1.1,90.0,0.9980610902965814,14258.01557566545,1,0.65063,0.6465230680297517,0.6567903979553726,0.65245,0.68706,35.13311863002456,0.0014014560495869274,AUDUSD_merged,-99.9980610902966
2024-02-13 05:00:00,2024-02-13 08:00:00,-1.1,90.0,2.2278160363157533,31825.94337593934,-1,0.65386,0.6557090386696436,0.6516411535964276,0.63027,0.64741,68.39723012608543,0.0008482955423820629,CADCHF_merged,-101.22781603631577
2024-02-04 21:00:00,2024-02-13 08:00:00,-1.1,30.0,0.32159746242889853,4594.249463269979,1,0.65063,0.64638144968595,0.6557282603768602,0.65245,0.68706,35.13311863002456,0.0014014560495869274,AUDUSD_merged,-33.3215974624289
2024-02-04 21:00:00,2024-02-13 08:00:00,-1.1,60.0,0.7146610276197743,10209.443251711064,1,0.65063,0.646806304717355,0.6563655429239676,0.65245,0.68706,33.608957893222346,0.0014014560495869274,AUDUSD_merged,-66.71466102761977
2024-02-13 04:00:00,2024-02-13 10:00:00,-1.1,90.0,2.1797174146779437,31138.82020968491,-1,189.142,189.6886738908337,188.48599133099952,185.221,188.928,68.90958347487403,0.1886862212029142,GBPJPY_merged,-101.17971741467795
2024-02-13 07:00:00,2024-02-13 11:00:00,-1.1,90.0,2.0953908819626488,29934.15545660927,-1,189.218,189.78690263781402,188.42153630706036,178.731,188.928,65.73745557171434,0.19344665742813405,GBPJPY_merged,-101.09539088196266
2024-02-13 18:00:00,2024-02-14 02:00:00,1.5,90.0,2.0773821446510503,29676.887780729296,-1,1.9499,1.9558133896147276,1.9410299155779087,1.91808,1.94145,74.3114323604816,0.0021537054230544627,GBPAUD_merged,132.92261785534896
2024-02-13 18:00:00,2024-02-14 02:00:00,1.2,90.00000000000001,1.934114410537185,27630.205864816933,-1,1.9499,1.9562514184750777,1.9422782978299067,1.91808,1.94543,73.36638910425704,0.0021537054230544627,GBPAUD_merged,106.06588558946282
2024-02-13 23:00:00,2024-02-14 02:00:00,1.2,89.99999999999999,2.046453772631844,29235.05389474063,-1,1.95005,1.9560532213599433,1.942846134368068,1.91808,1.94145,68.13777485157759,0.001917425659030071,GBPAUD_merged,105.95354622736814
2024-02-13 23:00:00,2024-02-14 02:00:00,1.2,90.0,2.790618780861606,39865.98258373723,-1,1.95005,1.9544523623306251,1.9447671652032499,1.91808,1.94543,66.65348696523239,0.001917425659030071,GBPAUD_merged,105.2093812191384
2024-02-13 23:00:00,2024-02-14 02:00:00,1.4,89.99999999999999,2.1170211441019076,30243.159201455823,-1,1.95005,1.9558531139812785,1.9419256404262102,1.91808,1.94145,68.4905441022178,0.001917425659030071,GBPAUD_merged,123.88297885589806
2024-02-13 23:00:00,2024-02-14 02:00:00,1.3,89.99999999999999,2.1170211441019076,30243.159201455823,-1,1.95005,1.9558531139812785,1.942505951824338,1.91808,1.94145,67.17725061775593,0.001917425659030071,GBPAUD_merged,114.88297885589807
2024-02-13 23:00:00,2024-02-14 02:00:00,1.2,89.99999999999999,2.2738375251464937,32483.393216378485,-1,1.95005,1.955452899223949,1.9435665209312614,1.91808,1.94145,66.65348696523239,0.001917425659030071,GBPAUD_merged,105.7261624748535
2024-02-13 23:00:00,2024-02-14 02:00:00,1.5,89.99999999999999,2.1170211441019076,30243.159201455823,-1,1.95005,1.9558531139812785,1.9413453290280822,1.85867,1.94145,68.13777485157759,0.001917425659030071,GBPAUD_merged,132.88297885589807
2024-02-09 12:00:00,2024-02-14 03:00:00,-1.1,90.00000000000001,1.3632629105836997,19475.184436909996,-1,0.53716,0.5396423590326762,0.5341811691607884,0.52704,0.53373,69.44040470517562,0.0008377011680983266,NZDCHF_merged,-100.36326291058373
2024-02-13 16:00:00,2024-02-14 08:00:00,1.2,90.0,1.6184559031334054,23120.798616191503,1,0.64518,0.6426685729094437,0.6481937125086675,0.65245,0.66242,32.49727258345505,0.0010814464992607744,AUDUSD_merged,106.38154409686659
2024-02-14 01:00:00,2024-02-14 10:00:00,1.2,90.0,2.0022566987715162,28603.667125307373,-1,1.11669,1.1202036089215315,1.1124736692941621,1.08944,1.10603,68.57684779371237,0.001132545618569297,GBPCHF_merged,105.99774330122848
2024-02-13 16:00:00,2024-02-14 11:00:00,1.2,90.0,1.5327229007119578,21896.041438742257,1,0.60583,0.6033398375588783,0.608818194929346,0.60615,0.61734,35.608639450542405,0.001082471160213714,NZDUSD_merged,106.46727709928804
2024-02-13 00:00:00,2024-02-14 12:00:00,1.5,59.99999999999999,1.2407712238733328,17725.30319819047,1,0.82075,0.8179717682569725,0.8249173476145413,0.8265,0.83804,33.812716331891636,0.0010276193825227047,NZDCAD_merged,88.75922877612665
2024-02-13 21:00:00,2024-02-14 13:00:00,1.2,90.0,1.398018739055101,19971.696272215733,1,0.64557,0.6426608179651806,0.6490610184417833,0.65245,0.66242,32.981489141327366,0.0009736543461244436,AUDUSD_merged,106.6019812609449
2024-02-13 17:00:00,2024-02-14 13:00:00,1.2,90.0,1.2528969310328095,17898.527586182994,1,0.64521,0.6419656605022176,0.6491032073973387,0.65245,0.66242,31.668566094382786,0.0010642003207421442,AUDUSD_merged,106.74710306896719
2024-02-13 17:00:00,2024-02-14 17:00:00,1.5,90.0,1.7512417065720756,25017.738665315366,-1,1.11673,1.1207473774834151,1.1107039337748774,1.08944,1.10603,70.01192521770693,0.001552352044560723,GBPCHF_merged,133.24875829342793
2024-02-13 17:00:00,2024-02-14 17:00:00,1.2,90.0,1.6304664164636564,23292.37737805224,-1,1.11673,1.121044961000705,1.111552046799154,1.08944,1.10603,70.15710660660606,0.001552352044560723,GBPCHF_merged,106.36953358353634
2024-02-13 17:00:00,2024-02-14 18:00:00,1.5,90.0,1.392107701147566,19887.25287353666,1,0.64521,0.6422900944519958,0.6495898583220061,0.65245,0.66242,30.28112498773846,0.0010642003207421442,AUDUSD_merged,133.60789229885245
2024-02-13 18:00:00,2024-02-14 18:00:00,1.3,89.99999999999999,1.3178190430330354,18825.986329043364,1,0.64556,0.6424738190698478,0.6495720352091979,0.65245,0.66242,32.48412415106573,0.0010253288692605679,AUDUSD_merged,115.68218095696695
2024-02-13 05:00:00,2024-02-14 19:00:00,-1.1,90.00000000000001,1.633082774105917,23329.753915798818,-1,0.57314,0.5753510220359019,0.5704867735569177,0.56166,0.57388,65.72479854463346,0.0007751055779981672,AUDCHF_merged,-100.63308277410594
2024-02-14 03:00:00,2024-02-15 02:00:00,1.2,90.0,2.0002283238583507,28574.690340833586,-1,1.11399,1.1174986679436987,1.1097795984675616,1.08944,1.10603,59.678536977581956,0.0013223990282561673,GBPCHF_merged,105.99977167614165
2024-02-13 18:00:00,2024-02-15 02:00:00,1.4,90.0,1.5628036100515128,22325.765857878752,-1,1.11674,1.121241820929226,1.1104374506990835,1.08944,1.10603,72.4359084085941,0.0015264697556635304,GBPCHF_merged,124.43719638994847
2024-02-14 03:00:00,2024-02-15 02:00:00,1.3,90.0,1.8622815429026027,26604.022041465752,-1,1.11399,1.1177585692728615,1.10909085994528,1.08944,1.10603,59.11086115642108,0.0013223990282561673,GBPCHF_merged,115.13771845709739
2024-02-13 18:00:00,2024-02-15 02:00:00,1.5,90.0,1.5628036100515128,22325.765857878752,-1,1.11674,1.121241820929226,1.109987268606161,1.06359,1.10603,72.2326215085333,0.0015264697556635304,GBPCHF_merged,133.4371963899485
2024-02-14 03:00:00,2024-02-15 02:00:00,1.2,89.99999999999999,2.454825670189794,35068.938145568485,-1,1.11399,1.1168489146207916,1.1105593024550502,1.08944,1.10603,59.678536977581956,0.0013223990282561673,GBPCHF_merged,105.5451743298102
2024-02-13 18:00:00,2024-02-15 02:00:00,1.5,90.0,1.510710156383129,21581.57366261613,-1,1.11674,1.1213970561336821,1.1097544157994768,1.06359,1.10603,72.2326215085333,0.0015264697556635304,GBPCHF_merged,133.48928984361686
2024-02-13 21:00:00,2024-02-15 06:00:00,1.5,90.0,1.3514181144199313,19305.97306314188,1,0.64557,0.6425605013432902,0.6500842479850646,0.65245,0.66242,33.4387677040463,0.0009736543461244436,AUDUSD_merged,133.64858188558006
2024-02-13 00:00:00,2024-02-15 06:00:00,1.5,90.0,1.6750411522289999,23929.159317557143,1,0.82075,0.8176630758410806,0.8253803862383792,0.8265,0.84142,36.42419811230648,0.0010276193825227047,NZDCAD_merged,133.324958847771
2024-02-13 18:00:00,2024-02-15 06:00:00,1.5,89.99999999999999,1.3178190430330354,18825.986329043364,1,0.64556,0.6424738190698478,0.6501892713952283,0.65245,0.66242,31.033475670209853,0.0010253288692605679,AUDUSD_merged,133.68218095696693
2024-02-13 16:00:00,2024-02-15 07:00:00,1.2,90.0,1.1627553039883818,16610.790056976883,1,0.60583,0.6025475131457941,0.609768984225047,0.60615,0.61734,33.491410458738976,0.001082471160213714,NZDUSD_merged,106.83724469601162
2024-02-13 16:00:00,2024-02-15 07:00:00,1.2,90.0,1.1627553039883818,16610.790056976883,1,0.60583,0.6025475131457941,0.609768984225047,0.60615,0.61734,33.491410458738976,0.001082471160213714,NZDUSD_merged,106.83724469601162
2024-02-13 16:00:00,2024-02-15 08:00:00,1.5,90.0,1.6173491426229472,23104.987751756387,1,1.07072,1.0665492641815975,1.0769761037276036,1.07236,1.11394,33.743549900902025,0.0013130848961721855,EURUSD_merged,133.38265085737706
2024-02-13 16:00:00,2024-02-15 08:00:00,1.2,90.0,1.6731198027133938,23901.711467334197,1,1.07072,1.0666882887088776,1.0755580535493467,1.08767,1.1,33.07815114538541,0.0013130848961721855,EURUSD_merged,106.32688019728661
2024-02-13 05:00:00,2024-02-15 08:00:00,1.2,90.0,1.6900673378947095,24143.81911278157,-1,0.65386,0.6562973691554393,0.6509351570134728,0.63027,0.64741,71.29703566396708,0.0008482955423820629,CADCHF_merged,106.3099326621053
2024-02-13 16:00:00,2024-02-15 08:00:00,1.2,90.00000000000001,1.123996793855436,16057.097055077658,1,0.60583,0.6024343239439249,0.60990481126729,0.60837,0.61734,33.98036784950182,0.001082471160213714,NZDUSD_merged,106.87600320614457
2024-02-13 05:00:00,2024-02-15 08:00:00,1.2,90.0,1.6337317599648862,23339.02514235552,-1,0.65386,0.6563814163676959,0.650834300358765,0.63027,0.64741,70.44234991852989,0.0008482955423820629,CADCHF_merged,106.36626824003511
2024-02-13 16:00:00,2024-02-15 08:00:00,1.5,90.00000000000001,1.123996793855436,16057.097055077658,1,0.60583,0.6024343239439249,0.6109235140841125,0.60837,0.6369,33.98036784950182,0.001082471160213714,NZDUSD_merged,133.8760032061446
2024-02-13 17:00:00,2024-02-15 08:00:00,1.2,90.0,2.2763966760468946,32519.952514955643,-1,1.3563,1.3600536032669133,1.3517956760797043,1.33581,1.35415,67.62698109915026,0.0016628844957750641,USDCAD_merged,105.7236033239531
2024-02-13 16:00:00,2024-02-15 08:00:00,1.5,90.0,1.1627553039883818,16610.790056976883,1,0.60583,0.6025475131457941,0.6107537302813087,0.60837,0.6369,33.98036784950182,0.001082471160213714,NZDUSD_merged,133.83724469601162
2024-02-13 16:00:00,2024-02-15 08:00:00,1.5,90.0,1.6731198027133938,23901.711467334197,1,1.07072,1.0666882887088776,1.0767675669366834,1.07236,1.11394,33.743549900902025,0.0013130848961721855,EURUSD_merged,133.3268801972866
2024-02-13 16:00:00,2024-02-15 08:00:00,1.3,90.0,1.6731198027133938,23901.711467334197,1,1.07072,1.0666882887088776,1.075961224678459,1.07236,1.11394,34.985155692254985,0.0013130848961721855,EURUSD_merged,115.32688019728661
2024-02-13 16:00:00,2024-02-15 08:00:00,1.3,90.0,1.1627553039883818,16610.790056976883,1,0.60583,0.6025475131457941,0.6100972329104676,0.60837,0.61734,35.0588579304945,0.001082471160213714,NZDUSD_merged,115.83724469601162
2024-02-13 23:00:00,2024-02-15 08:00:00,1.2,90.0,2.156570392254128,30808.148460773264,-1,1.35608,1.3600415233663066,1.351326171960432,1.33581,1.35415,65.51565721450125,0.0013013252158125244,USDCAD_merged,105.84342960774588
2024-02-13 16:00:00,2024-02-15 08:00:00,1.2,90.0,1.6731198027133938,23901.711467334197,1,1.07072,1.0666882887088776,1.0755580535493467,1.08767,1.1,33.07815114538541,0.0013130848961721855,EURUSD_merged,106.32688019728661
2024-02-13 05:00:00,2024-02-15 08:00:00,1.2,59.99999999999999,1.210171674048064,17288.1667721152,-1,0.65386,0.6561292747309263,0.6511368703228885,0.63027,0.64741,68.39723012608543,0.0008482955423820629,CADCHF_merged,70.78982832595192
2024-02-13 16:00:00,2024-02-15 08:00:00,1.5,90.0,1.2488853265060396,17841.21895008628,1,0.60583,0.6027738915495324,0.6104141626757013,0.60837,0.61734,33.0829053732029,0.001082471160213714,NZDUSD_merged,133.75111467349396
2024-02-13 17:00:00,2024-02-15 09:00:00,1.2,90.0,1.6693575624343895,23847.965177634134,-1,1.3563,1.3614185499094271,1.3501577401086875,1.33581,1.35415,69.23460020035216,0.0016628844957750641,USDCAD_merged,106.33064243756561
2024-02-13 17:00:00,2024-02-15 09:00:00,1.2,90.0,1.726921616311437,24670.3088044491,-1,1.3563,1.3612479315791128,1.3503624821050646,1.33581,1.35415,69.74113434422091,0.0016628844957750641,USDCAD_merged,106.27307838368856
2024-02-13 17:00:00,2024-02-15 09:00:00,1.2,90.0,1.8548417360382103,26497.739086260153,-1,1.3563,1.3609066949184845,1.3507719660978188,1.33581,1.35415,67.62698109915026,0.0016628844957750641,USDCAD_merged,106.14515826396179
2024-02-13 21:00:00,2024-02-15 09:00:00,1.3,90.0,2.0025919710810713,28608.456729729598,-1,1.35642,1.3606871927798585,1.3508726493861838,1.33581,1.35415,68.02853829400433,0.0014041996585754315,USDCAD_merged,114.99740802891893
2024-02-13 17:00:00,2024-02-15 10:00:00,1.5,90.0,1.6693575624343895,23847.965177634134,-1,1.3563,1.3614185499094271,1.3486221751358594,1.31767,1.35415,69.23460020035216,0.0016628844957750641,USDCAD_merged,133.33064243756561
2024-02-13 17:00:00,2024-02-15 10:00:00,1.5,90.0,1.8548417360382103,26497.739086260153,-1,1.3563,1.3609066949184845,1.3493899576222734,1.33581,1.35415,70.19099109823968,0.0016628844957750641,USDCAD_merged,133.14515826396178
2024-02-13 17:00:00,2024-02-15 10:00:00,1.4,90.0,1.726921616311437,24670.3088044491,-1,1.3563,1.3612479315791128,1.3493728957892421,1.33581,1.35415,69.74113434422091,0.0016628844957750641,USDCAD_merged,124.27307838368854
2024-02-13 17:00:00,2024-02-15 10:00:00,1.5,90.0,1.726921616311437,24670.3088044491,-1,1.3563,1.3612479315791128,1.3488781026313308,1.31767,1.35415,69.23460020035216,0.0016628844957750641,USDCAD_merged,133.27307838368856
2024-02-16 15:00:00,2024-02-20 04:00:00,-1.1,90.0,1.8059185900526629,25798.837000752326,-1,98.15,98.49239915542482,97.73912101349023,95.5,97.88,63.18116251911231,0.11484948326410303,AUDJPY_merged,-100.80591859005267
2024-02-13 17:00:00,2024-02-20 04:00:00,-1.1,90.00000000000001,2.3984147761787713,34263.068231125304,-1,0.94969,0.9521845839474573,0.9466964992630512,0.93049,0.94729,65.9175415914423,0.0010850516661345946,EURCHF_merged,-101.3984147761788
2024-02-13 17:00:00,2024-02-20 07:00:00,-1.1,90.00000000000001,1.9542638917012214,27918.055595731734,-1,0.94969,0.9527515348446067,0.946016158186472,0.93049,0.94729,65.9175415914423,0.0010850516661345946,EURCHF_merged,-100.95426389170125
2024-02-13 05:00:00,2024-02-20 08:00:00,1.3,90.0,1.6900673378947095,24143.81911278157,-1,0.65386,0.6562973691554393,0.6506914200979289,0.63027,0.64741,69.00348156211928,0.0008482955423820629,CADCHF_merged,115.3099326621053
2024-02-13 08:00:00,2024-02-20 10:00:00,1.2,89.99999999999999,1.5937012186244095,22767.160266062994,-1,0.65363,0.6562138400271503,0.6505293919674197,0.63027,0.64741,68.7757495341322,0.0010837665111565224,CADCHF_merged,106.40629878137558
2024-02-13 05:00:00,2024-02-20 10:00:00,1.4,90.0,1.6900673378947095,24143.81911278157,-1,0.65386,0.6562973691554393,0.650447683182385,0.63027,0.64741,71.29703566396708,0.0008482955423820629,CADCHF_merged,124.30993266210528
2024-02-13 05:00:00,2024-02-20 10:00:00,1.5,89.99999999999999,1.8152575110720959,25932.2501581728,-1,0.65386,0.6561292747309263,0.6504560879036106,0.63027,0.64741,72.25497844591497,0.0008482955423820629,CADCHF_merged,133.18474248892787
2024-02-20 10:00:00,2024-02-20 17:00:00,1.2,90.0,2.0133165897935275,28761.665568478966,-1,0.61798,0.6199137614460323,0.6156594862647612,0.60379,0.61734,68.33943938316695,0.0009147694415071692,NZDUSD_merged,105.98668341020647
2024-02-20 08:00:00,2024-02-21 00:00:00,-1.1,90.0,1.6452906496540742,23504.152137915346,-1,0.61723,0.6195934419856561,0.6143938696172125,0.60379,0.61734,75.01560338048034,0.0008558272812745505,NZDUSD_merged,-100.64529064965409
2024-02-20 08:00:00,2024-02-21 00:00:00,-1.1,90.0,1.7020248099869728,24314.640142671044,-1,0.61723,0.6195146605861342,0.6142599412380253,0.60379,0.61734,72.8490247539821,0.0008558272812745505,NZDUSD_merged,-100.70202480998698
2024-02-20 08:00:00,2024-02-21 00:00:00,-1.1,90.0,1.7020248099869728,24314.640142671044,-1,0.61723,0.6195146605861342,0.6140314751794119,0.60379,0.61734,76.30101012182095,0.0008558272812745505,NZDUSD_merged,-100.70202480998698
2024-02-20 10:00:00,2024-02-21 19:00:00,-1.1,90.0,2.6885863351279267,38408.37621611325,-1,98.397,98.62756767487829,98.12031879014606,95.5,97.88,59.301699121344726,0.11353181082525324,AUDJPY_merged,-101.68858633512794
2024-02-20 10:00:00,2024-02-22 01:00:00,-1.1,90.0,1.6404801842762073,23435.43120394582,-1,0.61798,0.620353252683767,0.6151320967794797,0.60379,0.61734,68.33943938316695,0.0009147694415071692,NZDUSD_merged,-100.64048018427623
2024-02-20 10:00:00,2024-02-22 01:00:00,-1.1,90.0,2.1906999767709032,31295.71395387005,-1,98.397,98.67996941916883,98.05743669699743,95.5,97.88,59.301699121344726,0.11353181082525324,AUDJPY_merged,-101.19069997677092
2024-02-20 10:00:00,2024-02-22 01:00:00,-1.1,89.99999999999999,2.03961721975222,29137.38885360315,-1,98.397,98.70093011688503,97.97149783636097,95.5,97.88,58.953986356618316,0.11353181082525324,AUDJPY_merged,-101.0396172197522
2024-02-20 10:00:00,2024-02-22 01:00:00,-1.1,89.99999999999999,2.03961721975222,29137.38885360315,-1,98.397,98.70093011688503,98.00189084804947,95.5,97.88,59.28582226791311,0.11353181082525324,AUDJPY_merged,-101.0396172197522
2024-02-20 10:00:00,2024-02-22 01:00:00,-1.1,89.99999999999999,2.03961721975222,29137.38885360315,-1,98.397,98.70093011688503,97.94110482467246,95.5,97.88,59.13312068144774,0.11353181082525324,AUDJPY_merged,-101.0396172197522
2024-02-20 10:00:00,2024-02-22 01:00:00,-1.1,90.0,1.6404801842762073,23435.43120394582,-1,0.61798,0.620353252683767,0.6144201209743495,0.60379,0.61734,71.8526583825133,0.0009147694415071692,NZDUSD_merged,-100.64048018427623
2024-02-20 10:00:00,2024-02-22 02:00:00,-1.1,90.0,1.5273436198433652,21819.194569190935,-1,0.61798,0.6205290491788608,0.6141564262317087,0.60379,0.61734,70.28524329052884,0.0009147694415071692,NZDUSD_merged,-100.52734361984338
2024-02-22 04:00:00,2024-02-25 19:00:00,1.3,15.000000000000002,0.23976470263440558,3425.2100376343656,-1,0.62104,0.6237597164254587,0.6175043686469038,0.60379,0.61734,62.09538260462045,0.0009676610594633436,NZDUSD_merged,19.260235297365597
2024-02-22 05:00:00,2024-02-25 19:00:00,1.3,60.0,1.1148649609680632,15926.64229954376,-1,93.206,93.55713239154998,92.74952789098502,89.258,90.983,64.52792549990913,0.12473268087116945,NZDJPY_merged,76.88513503903194
2024-02-22 05:00:00,2024-02-26 05:00:00,-1.1,15.0,0.45117417149345584,6445.34530704937,-1,162.979,163.35829465118437,162.4479874883419,158.076,161.864,63.85581961743602,0.1856010880498791,EURJPY_merged,-16.951174171493456
2024-02-28 07:00:00,2024-02-28 10:00:00,-1.1,60.0,1.4916000217125247,21308.571738750354,-1,1.66371,1.6683946218143504,1.6576199916413445,1.63492,1.6611,67.92128665052586,0.0016735735608815298,EURAUD_merged,-67.49160002171253
2024-02-28 13:00:00,2024-02-28 21:00:00,1.0,15.0,0.38284527050673867,5469.218150096267,-1,1.66837,1.6729457088697512,1.6637942911302486,1.63492,1.6611,71.35324815849616,0.001711324596339745,EURAUD_merged,14.617154729493262
2024-02-28 13:00:00,2024-02-28 22:00:00,1.5,15.0,0.4524535015079639,6463.62145011377,-1,1.66837,1.6722417536590202,1.6625623695114695,1.63492,1.6611,67.96593504256336,0.001711324596339745,EURAUD_merged,22.047546498492036
2024-02-28 20:00:00,2024-02-28 23:00:00,1.3,15.0,0.4013340840944757,5733.34405849251,-1,1.66794,1.6723037883484317,1.6622670751470388,1.64509,1.6611,58.388172069316816,0.0016393175645309582,EURAUD_merged,19.098665915905524
2024-02-28 13:00:00,2024-02-29 10:00:00,1.5,15.0,0.35549917975625733,5078.559710803676,-1,1.66837,1.6732976864751166,1.660978470287325,1.63492,1.6611,70.58346239435156,0.001711324596339745,EURAUD_merged,22.144500820243742
2024-02-28 14:00:00,2024-02-29 10:00:00,1.3,15.0,0.36549319827331317,5221.331403904474,-1,1.66794,1.6727317088697513,1.6617107784693232,1.63492,1.6611,69.84911551343185,0.0016690871251726369,EURAUD_merged,19.134506801726687
2024-02-28 14:00:00,2024-02-29 10:00:00,1.4,15.0,0.37902998339454697,5414.714048493529,-1,1.66794,1.6725605764101172,1.6614711930258357,1.63492,1.6611,71.35081569951124,0.0016690871251726369,EURAUD_merged,20.620970016605455
2024-02-29 23:00:00,2024-03-01 03:00:00,-1.1,60.0,1.8172785540966019,25961.12220138003,-1,0.95633,0.958540220326953,0.9534567135749612,0.93049,0.94729,64.04241013843404,0.00074940980230585,EURCHF_merged,-67.8172785540966
2024-03-01 05:00:00,2024-03-01 08:00:00,-1.1,60.0,1.6689392269305714,23841.98895615102,-1,0.95721,0.9596188845987483,0.9540784500216272,0.93049,0.94729,62.27338697368287,0.000878864790401249,EURCHF_merged,-67.66893922693058
2024-03-01 05:00:00,2024-03-01 08:00:00,-1.1,60.0,1.6689392269305714,23841.98895615102,-1,0.95721,0.9596188845987483,0.9540784500216272,0.93049,0.94729,63.1766437919625,0.000878864790401249,EURCHF_merged,-67.66893922693058
2024-02-28 21:00:00,2024-03-01 10:00:00,1.3,59.99999999999999,1.5238749672732024,21769.64238961718,-1,1.66541,1.6700000891806868,1.6594428840651074,1.63492,1.6611,51.98545878224581,0.0016807948813501834,EURAUD_merged,76.4761250327268
2024-03-01 10:00:00,2024-03-03 17:00:00,1.4,15.0,0.44862539776093846,6408.9342537276925,-1,1.11996,1.1225812470490284,1.1162902541313604,1.08944,1.11843,62.059621938743895,0.0013484361299059935,GBPCHF_merged,20.55137460223906
2024-03-01 12:00:00,2024-03-05 01:00:00,1.3,30.0,0.5424709774791993,7749.5853925599895,-1,0.57727,0.5795047131004745,0.574364872969383,0.56166,0.57388,63.45854417670864,0.0007703895486267806,AUDCHF_merged,38.4575290225208
2024-03-05 05:00:00,2024-03-05 22:00:00,1.3,60.0,1.3660934148134467,19515.62021162067,-1,1.67273,1.6778727420144322,1.6660444353812385,1.64509,1.6611,59.21400265235259,0.0019012154639698102,EURAUD_merged,76.63390658518655
2024-03-05 03:00:00,2024-03-06 00:00:00,1.4,60.0,2.0044368416039067,28634.812022912953,-1,1.95483,1.9589260562236674,1.9490955212868657,1.91916,1.9528,68.52840529592704,0.002033883246702768,GBPAUD_merged,81.9955631583961
2024-03-04 16:00:00,2024-03-06 02:00:00,1.3,60.0,1.5841414935958673,22630.59276565525,-1,190.992,191.4983729491607,190.33371516609105,185.221,188.928,64.83834595109664,0.17578694742574846,GBPJPY_merged,76.41585850640413
2024-03-05 12:00:00,2024-03-06 03:00:00,-1.1,60.0,2.3154816706820767,33078.30958117253,-1,1.72578,1.7289103534343526,1.7213975051919066,1.6914,1.7219,62.64281283873155,0.001554806951663694,GBPCAD_merged,-68.31548167068208
2024-03-06 04:00:00,2024-03-06 19:00:00,-1.1,30.0,0.6425450419355023,9179.214884792891,1,169.345,168.79153763271012,170.17519355093484,169.197,171.691,36.16979408586862,0.20047476466246272,CHFJPY_merged,-33.642545041935506
2024-03-06 04:00:00,2024-03-06 19:00:00,-1.1,15.0,0.4283633612903348,6119.476589861926,1,169.345,168.92990322453258,169.88462580810764,169.197,171.82,35.493730495691025,0.20047476466246272,CHFJPY_merged,-16.928363361290334
2024-03-06 04:00:00,2024-03-06 19:00:00,-1.1,60.0,1.3839431672456972,19770.616674938534,1,169.345,168.8310706589451,169.8589293410549,169.197,171.691,35.493730495691025,0.20047476466246272,CHFJPY_merged,-67.3839431672457
2024-03-06 22:00:00,2024-03-07 01:00:00,-1.1,15.0,0.3782203934968819,5403.148478526885,1,168.697,168.22867028260347,169.3994945760948,169.197,171.691,34.01813415374421,0.22122742605969173,CHFJPY_merged,-16.878220393496882
2024-03-06 22:00:00,2024-03-07 01:00:00,-1.1,60.0,1.444114229715367,20630.203281648104,1,168.697,168.20636886748935,169.432946698766,169.197,171.691,35.02340067340031,0.22122742605969173,CHFJPY_merged,-67.44411422971537
2024-03-06 13:00:00,2024-03-07 08:00:00,1.4,60.0,2.2013326589673254,31447.609413818936,-1,1.09023,1.0923100881599368,1.0873178765760887,1.06949,1.08882,65.34483700509027,0.0010171837885420627,EURUSD_merged,81.79866734103267
2024-03-06 08:00:00,2024-03-07 08:00:00,1.3,90.00000000000001,2.5654022692029272,36648.60384575611,-1,1.12474,1.1275020861200071,1.1211492880439908,1.08944,1.11843,56.1708409510525,0.0010052836622472345,GBPCHF_merged,114.4345977307971
2024-03-07 07:00:00,2024-03-07 19:00:00,-1.1,30.0,0.5635500970933086,8050.715672761553,-1,0.66037,0.6628307874386905,0.6579092125613095,0.64422,0.65946,73.31113044357619,0.000909566942389451,AUDUSD_merged,-33.563550097093305
2024-03-07 22:00:00,2024-03-08 04:00:00,-1.1,60.0,2.447490339363575,34964.14770519394,-1,1.28062,1.2828175996854798,1.2775433604403286,1.25181,1.27093,68.21256863470036,0.001051742711115575,GBPUSD_merged,-68.44749033936357
2024-03-07 21:00:00,2024-03-08 04:00:00,-1.1,30.0,0.5911526276167536,8445.037537382195,-1,0.66188,0.6642312506501132,0.6585882490898416,0.64422,0.65946,69.78073646114396,0.0008779168902505547,AUDUSD_merged,-33.59115262761675
2024-03-07 07:00:00,2024-03-08 04:00:00,-1.1,59.99999999999999,1.750776715380718,25011.09593401026,-1,0.58086,0.5822534455368111,0.5789091762484645,0.56166,0.57925,64.94624641454928,0.0006805282849480088,AUDCHF_merged,-67.75077671538072
2024-03-08 08:00:00,2024-03-08 08:00:00,-1.1,15.0,0.2986955606373851,4267.079437676931,-1,0.66388,0.6662137273527351,0.6603794089708974,0.64422,0.65946,71.83425473281358,0.0011110830506519378,AUDUSD_merged,-16.798695560637384
2024-03-08 08:00:00,2024-03-08 08:00:00,-1.1,15.0,0.3216721422248762,4595.316317498232,-1,0.66388,0.6660470325418254,0.6617129674581747,0.64422,0.65946,71.87874902276906,0.0011110830506519378,AUDUSD_merged,-16.821672142224877
2024-03-07 23:00:00,2024-03-08 08:00:00,-1.1,90.0,2.627592684784261,37537.038354060875,-1,1.09476,1.0973848314816594,1.0913477190738425,1.06949,1.08882,64.92147033663711,0.0009040512566727993,EURUSD_merged,-101.62759268478428
2024-03-08 08:00:00,2024-03-08 08:00:00,-1.1,15.0,0.2986955606373851,4267.079437676931,-1,0.66388,0.6662137273527351,0.6608461544414445,0.64422,0.65946,71.45017740199073,0.0011110830506519378,AUDUSD_merged,-16.798695560637384
2024-03-08 08:00:00,2024-03-08 08:00:00,-1.1,15.0,0.3982607475165135,5689.439250235908,-1,0.66388,0.6656302955145513,0.6612545567281731,0.64422,0.65946,71.45017740199073,0.0011110830506519378,AUDUSD_merged,-16.898260747516513
2024-03-08 08:00:00,2024-03-08 08:00:00,-1.1,15.0,0.38015798626576286,5430.828375225185,-1,0.66388,0.6657136429200061,0.6611295356199909,0.64422,0.65946,70.82419678084969,0.0011110830506519378,AUDUSD_merged,-16.88015798626576
2024-03-08 08:00:00,2024-03-08 08:00:00,-1.1,15.0,0.3097583591795105,4425.119416850151,-1,0.66388,0.6661303799472803,0.6607294680738077,0.64422,0.65946,71.83425473281358,0.0011110830506519378,AUDUSD_merged,-16.80975835917951
2024-03-10 17:00:00,2024-03-11 10:00:00,1.0,14.999999999999998,0.5033435574833028,7190.62224976147,1,0.85083,0.8490551257879075,0.8526048742120924,0.84979,0.85778,38.638842369780726,0.0006753122186044565,EURGBP_merged,14.496656442516695
2024-03-08 12:00:00,2024-03-11 16:00:00,1.4,30.0,0.9896506829651018,14137.866899501456,-1,1.73079,1.734462668611828,1.725648263943441,1.6914,1.7219,66.91156576267814,0.0018358818554915532,GBPCAD_merged,41.0103493170349
2024-03-10 17:00:00,2024-03-12 02:00:00,1.5,15.0,0.46739044623449566,6677.00637477851,1,0.85083,0.8489185970023619,0.8536971044964571,0.84979,0.85778,38.66093474551993,0.0006753122186044565,EURGBP_merged,22.032609553765504
2024-03-08 14:00:00,2024-03-12 02:00:00,1.3,15.0,0.3803707780564531,5433.868257949331,-1,1.28425,1.287795126433976,1.279641335635831,1.25181,1.27854,65.15994751181147,0.0016918586272683463,GBPUSD_merged,19.119629221943548
2024-03-08 14:00:00,2024-03-12 03:00:00,1.4,15.0,0.2958439384883524,4226.341978405035,-1,1.28425,1.2888080197008263,1.277868772418843,1.25181,1.27093,65.44551533036636,0.0016918586272683463,GBPUSD_merged,20.704156061511647
2024-03-08 14:00:00,2024-03-12 03:00:00,1.5,15.0,0.3630811972357053,5186.874246224362,-1,1.28425,1.287963941978451,1.278679087032323,1.25181,1.27093,65.7579368764074,0.0016918586272683463,GBPUSD_merged,22.136918802764296
2024-03-08 14:00:00,2024-03-12 03:00:00,1.3,30.000000000000004,0.5705561670846798,8150.802386923999,-1,1.28425,1.2889768352453015,1.278105114181108,1.25352,1.27093,65.7579368764074,0.0016918586272683463,GBPUSD_merged,38.429443832915325
2024-03-08 14:00:00,2024-03-12 03:00:00,1.3,90.00000000000001,1.7116685012540396,24452.407160771996,-1,1.28425,1.2889768352453015,1.278105114181108,1.25181,1.27093,65.62722904212949,0.0016918586272683463,GBPUSD_merged,115.28833149874599
2024-03-08 14:00:00,2024-03-12 03:00:00,1.3,15.000000000000002,0.2852780835423399,4075.4011934619994,-1,1.28425,1.2889768352453015,1.278105114181108,1.25181,1.27093,65.72870825792144,0.0016918586272683463,GBPUSD_merged,19.214721916457663
2024-03-08 12:00:00,2024-03-14 10:00:00,1.3,15.000000000000002,0.20572240698277738,2938.8915283253914,-1,0.66254,0.6659215810839616,0.65814394459085,0.64422,0.65946,58.88487979037269,0.0012007284207015316,AUDUSD_merged,19.294277593017227
2024-03-08 12:00:00,2024-03-14 10:00:00,1.3,90.00000000000001,1.2343344418966642,17633.349169952347,-1,0.66254,0.6659215810839616,0.65814394459085,0.64422,0.65946,56.365884411178016,0.0012007284207015316,AUDUSD_merged,115.76566555810336
2024-03-08 14:00:00,2024-03-14 10:00:00,1.3,90.0,1.7846286180585842,25494.694543694066,-1,1.09371,1.0975709562405738,1.088690756887254,1.06949,1.08882,55.84592211830423,0.0013347048757005222,EURUSD_merged,115.21537138194141
2024-03-15 13:00:00,2024-03-18 16:00:00,-1.1,30.0,0.9200823700242877,13144.033857489825,1,0.82406,0.8221791618746545,0.8268812571880184,0.82342,0.83735,34.190298773165836,0.0008680916880779944,NZDCAD_merged,-33.92008237002429
2024-03-17 16:00:00,2024-03-18 19:00:00,-1.1,30.0,0.7625915696926409,10894.165281323441,-1,2.08906,2.0948127858612025,2.0815813783804367,2.06643,2.09136,61.81126560966231,0.002109954494786516,GBPNZD_merged,-33.76259156969264
2024-03-17 16:00:00,2024-03-18 19:00:00,-1.1,30.0,0.7625915696926409,10894.165281323441,-1,2.08906,2.0948127858612025,2.0815813783804367,2.03734,2.09136,62.33131618858513,0.002109954494786516,GBPNZD_merged,-33.76259156969264
2024-03-17 16:00:00,2024-03-18 19:00:00,-1.1,30.0,0.7908357019034793,11297.652884335419,-1,2.08906,2.0946073292233023,2.0812937390873767,2.03734,2.09136,62.54053972774507,0.002109954494786516,GBPNZD_merged,-33.79083570190348
2024-03-15 14:00:00,2024-03-18 20:00:00,-1.1,30.0,0.7121050788640425,10172.929698057751,1,0.82423,0.8217993432733817,0.8273898537446039,0.82342,0.83735,33.48343991353768,0.0008339422817867251,NZDCAD_merged,-33.71210507886404
2024-03-17 17:00:00,2024-03-18 20:00:00,-1.1,30.0,0.892678430141141,12752.549002016302,1,0.82371,0.8217722462226107,0.826616630666084,0.82342,0.83735,37.57010301766214,0.000907883087859164,NZDCAD_merged,-33.89267843014114
2024-03-17 17:00:00,2024-03-18 22:00:00,-1.1,30.0,0.755343287042504,10790.618386321486,1,0.82371,0.8214199273539945,0.8260000726460056,0.82342,0.83735,37.40038701075399,0.000907883087859164,NZDCAD_merged,-33.75534328704251
2024-03-17 17:00:00,2024-03-18 23:00:00,-1.1,30.0,0.7013901951108967,10019.859930155668,1,0.82371,0.8212437679196863,0.8274093481204706,0.82342,0.83735,37.23011990866368,0.000907883087859164,NZDCAD_merged,-33.701390195110896
2024-03-18 22:00:00,2024-03-19 00:00:00,-1.1,30.0,0.6893435243118092,9847.764633025847,1,0.60747,0.6056194175907816,0.6102458736138274,0.60684,0.62175,34.99574381101129,0.0007522849826489544,NZDUSD_merged,-33.68934352431181
2024-03-18 22:00:00,2024-03-19 00:00:00,-1.1,30.0,0.7423699492588715,10605.28498941245,1,0.60747,0.6057516020485829,0.609188397951417,0.60684,0.62175,34.74172774076132,0.0007522849826489544,NZDUSD_merged,-33.74236994925887
2024-03-15 11:00:00,2024-03-19 00:00:00,-1.1,90.0,1.9727180871407164,28181.686959153092,1,0.82382,0.8211890787174144,0.8272401976673612,0.82342,0.83735,31.28361707472502,0.0009160708335105354,NZDCAD_merged,-100.97271808714073
2024-03-18 22:00:00,2024-03-19 00:00:00,-1.1,30.0,0.6893435243118092,9847.764633025847,1,0.60747,0.6056194175907816,0.6098757571319838,0.60684,0.62175,35.41078306865315,0.0007522849826489544,NZDUSD_merged,-33.68934352431181
2024-03-18 22:00:00,2024-03-19 00:00:00,-1.1,30.0,0.9191246990824122,13130.352844034462,1,0.60747,0.6060820631930862,0.6095519052103706,0.60684,0.62175,35.41078306865315,0.0007522849826489544,NZDUSD_merged,-33.91912469908241
2024-03-18 22:00:00,2024-03-19 00:00:00,-1.1,30.0,0.8773463036695753,12533.518623851078,1,0.60747,0.6060159709641856,0.6096510435537216,0.60684,0.62175,35.787039907917695,0.0007522849826489544,NZDUSD_merged,-33.877346303669576
2024-03-18 16:00:00,2024-03-19 07:00:00,1.3,90.0,2.038729012966306,29124.70018523294,-1,0.65571,0.6577362491845297,0.6530758760601114,0.6462,0.65587,64.25393136628742,0.0008676846785430235,CADCHF_merged,114.9612709870337
2024-03-15 12:00:00,2024-03-19 20:00:00,-1.1,30.0,0.9258579106002559,13226.541580003657,-1,1.07792,1.0803649021540815,1.0744971369842857,1.05691,1.07025,65.0494405798917,0.0008851250794460369,AUDNZD_merged,-33.92585791060026
2024-03-15 12:00:00,2024-03-19 21:00:00,-1.1,30.0,0.8927915566502468,12754.165095003527,-1,1.07792,1.080455454085714,1.0746239096885715,1.05691,1.07025,63.17309831482939,0.0008851250794460369,AUDNZD_merged,-33.892791556650245
2024-03-19 14:00:00,2024-03-19 23:00:00,-1.1,60.0,1.356123034432205,19373.18620617436,-1,191.998,192.59263011800962,191.22498084658747,185.221,191.311,75.85872780557298,0.2694316848341888,GBPJPY_merged,-67.3561230344322
2024-03-19 07:00:00,2024-03-20 04:00:00,-1.1,30.0,0.5425427868133881,7750.611240191259,1,0.60517,0.6028275911966974,0.6075124088033026,0.60684,0.62175,36.06395732655385,0.0008822888583223671,NZDUSD_merged,-33.542542786813385
2024-03-19 07:00:00,2024-03-20 04:00:00,-1.1,30.0,0.5037897306124318,7196.996151606169,1,0.60517,0.6026474059041357,0.6089538911437965,0.60684,0.62175,35.8877850481962,0.0008822888583223671,NZDUSD_merged,-33.50378973061243
2024-03-20 02:00:00,2024-03-20 13:00:00,1.3,60.0,1.7155116891800575,24507.309845429394,-1,151.472,151.8428411921717,150.98990645017682,145.896,150.842,78.01252661999386,0.17619168361333118,USDJPY_merged,76.28448831081994
2024-03-20 03:00:00,2024-03-20 13:00:00,-1.1,60.0,1.570673485307125,22438.192647244643,-1,192.589,193.1039853279925,191.91951907360976,185.221,191.311,68.60457201989536,0.25021460081300645,GBPJPY_merged,-67.57067348530713
2024-03-20 08:00:00,2024-03-20 13:00:00,1.3,90.0,2.4231883641387446,34616.9766305535,-1,0.89049,0.8928051675218587,0.8874802822215837,0.85504,0.88923,65.28398956190958,0.0008349280046980429,USDCHF_merged,114.57681163586126
2024-03-20 03:00:00,2024-03-20 14:00:00,-1.1,60.0,1.7843591280328843,25490.844686184064,-1,164.587,164.97440261931578,164.08337659488944,158.076,163.716,67.9755966171847,0.19130047792875607,EURJPY_merged,-67.78435912803289
2024-03-20 14:00:00,2024-03-20 15:00:00,-1.1,30.0,0.5253145220429409,7504.493172042014,-1,150.785,151.38777888143764,150.00138745413105,146.481,150.842,58.44522697890609,0.23197258823187608,USDJPY_merged,-33.52531452204294
2024-03-20 14:00:00,2024-03-20 15:00:00,-1.1,90.0,1.5759435661288228,22513.47951612604,-1,150.785,151.38777888143764,150.00138745413105,146.481,150.842,55.90507578522649,0.23197258823187608,USDJPY_merged,-100.57594356612884
2024-03-20 18:00:00,2024-03-20 19:00:00,-1.1,60.0,2.129029400761658,30414.70572516655,-1,1.08274,1.0848759535938646,1.0797496649685898,1.05691,1.08325,63.055148833809916,0.0010666927400085232,AUDNZD_merged,-68.12902940076165
2024-03-20 21:00:00,2024-03-21 01:00:00,-1.1,30.0,0.6881351208951358,9830.50172707337,-1,0.5851,0.5868855650186865,0.5826002089738388,0.56965,0.57925,69.51086037105387,0.0008990123301044955,AUDCHF_merged,-33.68813512089513
2024-03-21 03:00:00,2024-03-21 03:00:00,-1.1,15.0,0.33141354269348283,4734.47918133547,-1,0.58638,0.5882377967423904,0.5835933048864145,0.56965,0.57925,79.59704541643261,0.0012834207029569806,AUDCHF_merged,-16.831413542693483
2024-03-21 03:00:00,2024-03-21 08:00:00,1.3,30.0,0.6356004250322717,9080.006071889597,-1,0.66234,0.6645283465542513,0.6594951494794734,0.6477,0.65946,64.92855481236252,0.0010954933743287877,AUDUSD_merged,38.36439957496773
2024-03-20 18:00:00,2024-03-21 10:00:00,1.4,30.000000000000004,0.7424993096871026,10607.132995530039,-1,192.971,193.51677707307334,192.20691209769734,185.221,191.311,65.63668340744158,0.2708964982126211,GBPJPY_merged,41.257500690312895
2024-03-21 09:00:00,2024-03-21 16:00:00,-1.1,15.000000000000002,0.4079028941897404,5827.184202710578,1,1.93021,1.9252413652369986,1.937662952144502,1.9275,1.95682,38.77107579756959,0.0024184439428237272,GBPAUD_merged,-16.907902894189743
2024-03-21 20:00:00,2024-03-21 21:00:00,1.5,15.0,0.47279811588127585,6754.258798303941,1,1.9274,1.923119589541452,1.933820615687822,1.9275,1.95682,44.02434790376167,0.0021380953234131288,GBPAUD_merged,22.027201884118725
2024-03-21 20:00:00,2024-03-21 21:00:00,1.3,30.0,0.7429684678134335,10613.835254477623,1,1.9274,1.921952204870939,1.9344821336677793,1.9275,1.95682,44.77024018500457,0.0021380953234131288,GBPAUD_merged,38.257031532186566
2024-03-21 07:00:00,2024-03-21 21:00:00,1.4,60.0,1.2785535983220537,18265.05140460077,-1,99.718,100.0455698418507,99.25940222140902,95.5,99.056,65.26648500551364,0.16201456943068235,AUDJPY_merged,82.72144640167795
2024-03-21 20:00:00,2024-03-21 22:00:00,1.5,15.0,0.37148423390671675,5306.917627238811,1,1.9274,1.921952204870939,1.9355716926935915,1.9275,1.95682,46.28403438267883,0.0021380953234131288,GBPAUD_merged,22.128515766093283
2024-03-21 04:00:00,2024-03-22 01:00:00,1.4,30.0,0.612838689210752,8754.838417296458,-1,164.658,165.2222297167062,163.86807839661125,158.076,163.716,59.11275659623518,0.282963797042179,EURJPY_merged,41.387161310789246
2024-03-21 05:00:00,2024-03-22 02:00:00,1.4,60.0,1.2895749221409696,18422.49888772814,-1,112.012,112.37681044406396,111.50126537831045,108.818,111.797,61.17282160458804,0.17866199188684045,CADJPY_merged,82.71042507785903
2024-03-20 20:00:00,2024-03-22 02:00:00,1.3,15.0,0.2603247350862334,3718.9247869461915,-1,164.685,165.3492444097474,163.8214822673284,160.21,163.716,60.612977036806754,0.24778513588561243,EURJPY_merged,19.239675264913767
2024-03-20 20:00:00,2024-03-22 02:00:00,1.3,90.0,1.5619484105174002,22313.54872167715,-1,164.685,165.3492444097474,163.8214822673284,158.076,163.716,58.54024603014626,0.24778513588561243,EURJPY_merged,115.4380515894826
2024-03-21 16:00:00,2024-03-22 03:00:00,-1.1,90.0,3.844399617557161,54919.994536530874,-1,0.85753,0.8589352750851725,0.8555626148807585,0.84983,0.85778,66.50737339874908,0.0007353062895444069,EURGBP_merged,-102.84439961755717
2024-03-21 16:00:00,2024-03-22 03:00:00,-1.1,29.999999999999996,0.41706788364521996,5958.1126235031425,-1,0.89727,0.9017878904295658,0.8913967424415645,0.87294,0.88923,64.74525888027783,0.0015382799893968204,USDCHF_merged,-33.41706788364522
2024-03-21 16:00:00,2024-03-22 03:00:00,-1.1,89.99999999999999,1.2512036509356599,17874.33787050943,-1,0.89727,0.9017878904295658,0.8913967424415645,0.87294,0.88923,65.67329533567666,0.0015382799893968204,USDCHF_merged,-100.25120365093565
2024-03-21 16:00:00,2024-03-22 09:00:00,1.3,90.00000000000001,1.2256821256058057,17509.74465151151,-1,0.5894,0.592429513054345,0.5854616330293516,0.56965,0.57925,65.21786603900287,0.0010725425945531737,AUDCHF_merged,115.77431787439423
2024-03-21 14:00:00,2024-03-22 09:00:00,1.3,29.999999999999996,0.3753893102085982,5362.704431551404,-1,0.58986,0.5931597902878792,0.5855702726257571,0.56965,0.57925,67.82076480277779,0.001112889636286484,AUDCHF_merged,38.6246106897914
2024-03-21 16:00:00,2024-03-22 09:00:00,1.3,30.000000000000004,0.40856070853526855,5836.581550503837,-1,0.5894,0.592429513054345,0.5854616330293516,0.56965,0.57925,65.27533236333585,0.0010725425945531737,AUDCHF_merged,38.59143929146474
2024-03-20 18:00:00,2024-03-22 10:00:00,1.3,90.0,1.463282720773273,20904.038868189615,-1,111.905,112.38679445433992,111.2786672093581,108.818,111.797,64.68290572227406,0.17027877312293474,CADJPY_merged,115.53671727922672
2024-03-20 19:00:00,2024-03-22 10:00:00,1.3,15.0,0.2463834700624188,3519.7638580345547,-1,111.877,112.35378056474421,111.25718526583252,108.676,111.797,62.39740628230338,0.17597314647129655,CADJPY_merged,19.25361652993758
2024-03-20 23:00:00,2024-03-24 16:00:00,1.4,30.0,0.9961283503767644,14230.40500538235,-1,1.0865,1.088790518083475,1.0832932746831352,1.05691,1.08325,69.92329451952016,0.0011098833958990792,AUDNZD_merged,41.003871649623235
2024-03-21 16:00:00,2024-03-24 16:00:00,1.3,29.999999999999996,0.4268271700093928,6097.531000134183,-1,0.66303,0.666292123636528,0.6587892392725136,0.64747,0.65391,65.67709771805083,0.0011225410019098205,CADCHF_merged,38.573172829990604
2024-03-21 16:00:00,2024-03-24 16:00:00,1.3,89.99999999999999,1.2804815100281783,18292.59300040255,-1,0.66303,0.666292123636528,0.6587892392725136,0.6462,0.65587,65.9776891762036,0.0011225410019098205,CADCHF_merged,115.7195184899718
2024-03-26 06:00:00,2024-03-26 06:00:00,-1.1,30.0,1.189937721376919,16999.11030538456,-1,1.13966,1.1416712699656504,1.1370453490446542,1.08944,1.11843,76.5541587791768,0.0010971942024985213,GBPCHF_merged,-34.18993772137692
2024-03-22 08:00:00,2024-03-26 06:00:00,-1.1,90.0,1.4754688101465414,21078.12585923631,-1,0.89842,0.9022561000660108,0.893433069914186,0.87294,0.88923,55.841863007414126,0.0013871760422994948,USDCHF_merged,-100.47546881014655
2024-03-26 06:00:00,2024-03-26 06:00:00,-1.1,30.0,1.1358496431325138,16226.423473321627,-1,1.13966,1.1417670447259194,1.1364994329111204,1.08944,1.11843,69.91713395025621,0.0010971942024985213,GBPCHF_merged,-34.13584964313252
2024-03-26 06:00:00,2024-03-26 07:00:00,-1.1,30.0,0.8924532910326898,12749.332729038426,-1,1.13966,1.1423416932875339,1.1361737987262057,1.08944,1.12893,69.91713395025621,0.0010971942024985213,GBPCHF_merged,-33.89245329103269
2024-03-26 06:00:00,2024-03-26 07:00:00,-1.1,30.0,0.8924532910326898,12749.332729038426,-1,1.13966,1.1423416932875339,1.1361737987262057,1.08944,1.11843,72.26875280312375,0.0010971942024985213,GBPCHF_merged,-33.89245329103269
2024-03-26 11:00:00,2024-03-27 03:00:00,-1.1,15.0,0.32150507517431476,4592.929645347354,-1,1.13994,1.1436629179021545,1.1351002067271991,1.08944,1.11843,66.64264203942989,0.0013753554267349282,GBPCHF_merged,-16.821505075174315
2024-03-21 09:00:00,2024-03-28 02:00:00,1.3,89.99999999999999,1.8355630238538319,26222.328912197598,1,1.93021,1.9235851536493316,1.9388223002558689,1.9275,1.95682,38.6101916271768,0.0024184439428237272,GBPAUD_merged,115.16443697614615
2024-03-26 09:00:00,2024-03-28 03:00:00,1.4,60.0,1.5409668256721274,22013.81179531611,-1,0.59069,0.5922999619788492,0.5884360532296112,0.56965,0.57925,61.702751390171535,0.0008303394901799844,AUDCHF_merged,82.45903317432787
2024-03-27 09:00:00,2024-03-28 08:00:00,1.4,90.0,2.8964265665610873,41377.52237944411,-1,0.9061,0.9080708526588946,0.9033408062775475,0.87294,0.88923,62.685491288617136,0.0010057530202010835,USDCHF_merged,123.1035734334389
2024-03-28 06:00:00,2024-03-31 20:00:00,1.5,15.0,0.38407747167547907,5486.821023935416,1,90.279,90.03219315244792,90.64921027132813,90.358,93.449,32.89272815906787,0.11684656524411927,NZDJPY_merged,22.11592252832452
2024-03-28 06:00:00,2024-03-31 20:00:00,1.5,15.0,0.36661940478113914,5237.420068301988,1,90.279,90.02044044542163,90.66683933186756,90.358,93.449,34.274517628701794,0.11684656524411927,NZDJPY_merged,22.13338059521886
2024-03-22 08:00:00,2024-04-01 10:00:00,-1.1,30.0,0.5543138583235295,7918.769404621851,1,1.26194,1.2571591814074163,1.2691112278888759,1.25995,1.28934,36.924128636443335,0.001692618410805861,GBPUSD_merged,-33.55431385832353
2024-03-22 08:00:00,2024-04-01 10:00:00,-1.1,30.0,0.5543138583235295,7918.769404621851,1,1.26194,1.2571591814074163,1.268155064170359,1.25995,1.28934,37.04876178128089,0.001692618410805861,GBPUSD_merged,-33.55431385832353
2024-03-22 08:00:00,2024-04-01 10:00:00,-1.1,30.0,0.5543138583235295,7918.769404621851,1,1.26194,1.2571591814074163,1.268155064170359,1.25995,1.28934,36.84062767489984,0.001692618410805861,GBPUSD_merged,-33.55431385832353
2024-04-02 06:00:00,2024-04-02 09:00:00,1.4,60.00000000000001,2.188204837548346,31260.069107833515,-1,0.90831,0.9100533934586645,0.9058692491578695,0.87294,0.88923,67.70064261424014,0.0008622898200942796,USDCHF_merged,81.81179516245166
2024-03-28 06:00:00,2024-04-03 10:00:00,1.3,15.0,0.28805810375660934,4115.115767951563,1,90.279,89.94992420326389,90.70679853575695,90.358,93.449,32.89272815906787,0.11684656524411927,NZDJPY_merged,19.211941896243392
2024-04-01 18:00:00,2024-04-03 10:00:00,1.3,30.0,0.8140996727846519,11629.995325495029,1,1.25527,1.2520319849410046,1.2594794195766943,1.25995,1.28934,32.258491510403864,0.0011195458103811541,GBPUSD_merged,38.18590032721535
2024-04-01 17:00:00,2024-04-03 10:00:00,1.5,30.0,1.0805528900526207,15436.46985789458,1,1.25511,1.2526707570677345,1.2587688643983983,1.25995,1.28934,33.187016708091896,0.0011564339496412449,GBPUSD_merged,43.91944710994738
2024-04-03 16:00:00,2024-04-03 21:00:00,-1.1,30.0,0.78870863332359,11267.266190337,-1,99.53,99.7950066084851,99.18549140896937,96.895,99.056,76.06122290142659,0.12153693572470194,AUDJPY_merged,-33.78870863332359
2024-04-02 09:00:00,2024-04-04 02:00:00,-1.1,15.0,0.36074610949826796,5153.515849975257,-1,0.66899,0.6709371852405476,0.6664586591872881,0.64747,0.65391,52.220175108201,0.0007928930644673325,CADCHF_merged,-16.86074610949827
2024-04-03 12:00:00,2024-04-04 05:00:00,-1.1,90.0,3.00121799737452,42874.54281963601,-1,112.161,112.39644251054676,111.83138048523453,108.676,112.288,60.51953388193291,0.11816973703957147,CADJPY_merged,-102.00121799737454
2024-04-04 10:00:00,2024-04-04 14:00:00,1.3,15.0,0.48681143937516375,6954.449133930912,-1,112.396,112.63842610270514,112.08084606648332,108.676,112.288,66.98416219248952,0.08761069732568379,CADJPY_merged,19.013188560624837
2024-04-04 08:00:00,2024-04-04 14:00:00,1.3,30.0,0.8507904887778667,12154.14983968381,-1,100.181,100.42827603655067,99.85954115248413,96.895,100.168,80.72935766607998,0.12369688691016169,AUDJPY_merged,38.14920951122213
2024-04-04 05:00:00,2024-04-04 14:00:00,1.3,30.0,0.6783771622824092,9691.102318320132,-1,1.14707,1.1506208963655196,1.1424538347248248,1.08944,1.14581,68.25869060085319,0.001279021753871242,GBPCHF_merged,38.32162283771759
2024-04-04 10:00:00,2024-04-04 14:00:00,1.5,90.0,2.4201460201919236,34573.514574170345,-1,100.209,100.46985892947482,99.81771160578778,96.895,100.168,76.30974596700408,0.12677435657049735,AUDJPY_merged,132.57985397980806
2024-04-04 10:00:00,2024-04-04 15:00:00,1.3,30.0,0.5262403649484575,7517.719499263679,-1,0.54626,0.5484398897925901,0.5434261432696329,0.53398,0.54613,65.82498848166338,0.0007800654924405921,NZDCHF_merged,38.47375963505154
2024-04-04 05:00:00,2024-04-04 15:00:00,1.3,29.999999999999996,0.7248751251344185,10355.358930491695,-1,0.59754,0.5992711036846068,0.5952895652100111,0.56965,0.57388,81.14616457984664,0.0008361682959145781,AUDCHF_merged,38.27512487486558
2024-04-04 09:00:00,2024-04-04 15:00:00,1.3,30.0,0.5261628761341622,7516.612516202318,-1,0.54664,0.5488217274689431,0.543803754290374,0.53398,0.54613,65.48649314682577,0.0007785320687821572,NZDCHF_merged,38.473837123865835
2024-04-04 13:00:00,2024-04-04 15:00:00,1.3,30.0,0.5790040106163654,8271.485865948078,-1,0.59819,0.6003595860079842,0.5953695381896206,0.57728,0.59324,69.79643256038119,0.0007530769924437528,AUDCHF_merged,38.420995989383634
2024-04-04 09:00:00,2024-04-04 15:00:00,1.5,30.0,0.7015505015122162,10022.150021603089,-1,0.54664,0.5482762956017073,0.5441855565974391,0.53398,0.54613,65.48649314682577,0.0007785320687821572,NZDCHF_merged,44.298449498487784
2024-04-04 10:00:00,2024-04-04 15:00:00,1.5,59.99999999999999,1.458443026870074,20834.900383858203,-1,0.5979,0.5996218224872241,0.5953172662691639,0.57728,0.59324,72.98340916335789,0.0008242072222419411,AUDCHF_merged,88.54155697312991
2024-04-04 08:00:00,2024-04-04 22:00:00,1.5,30.0,0.9870816406411467,14101.166294873525,1,1.64372,1.6402230126608799,1.6489654810086802,1.64763,1.66791,33.69245461892265,0.0017027154900871508,EURAUD_merged,44.012918359358856
2024-04-04 15:00:00,2024-04-04 22:00:00,1.3,29.999999999999996,0.5017517680461747,7167.882400659639,-1,0.59589,0.5983840001803539,0.59264779976554,0.57728,0.59324,46.72584916448394,0.0010399490394030543,AUDCHF_merged,38.49824823195382
2024-04-04 08:00:00,2024-04-04 22:00:00,1.3,60.0,1.9741632812822933,28202.33258974705,1,1.64372,1.6402230126608799,1.6482660835408562,1.644,1.67437,31.613847213742137,0.0017027154900871508,EURAUD_merged,76.02583671871771
2024-04-04 08:00:00,2024-04-07 20:00:00,1.3,30.0,0.7403112304808601,10575.874721155145,1,1.64372,1.6390573502145065,1.6497814447211416,1.64763,1.66791,33.69245461892265,0.0017027154900871508,EURAUD_merged,38.25968876951914
2024-04-10 16:00:00,2024-04-11 08:00:00,1.3,30.0,0.44785994404767376,6397.999200681054,-1,0.91323,0.9175121043174065,0.9076632643873714,0.87294,0.88923,66.81379744502593,0.0014736570440378885,USDCHF_merged,38.55214005595233
2024-04-10 16:00:00,2024-04-11 08:00:00,1.3,60.0,1.19429318412713,17061.331201816145,-1,0.91323,0.9164415782380549,0.9090549482905286,0.87294,0.88923,69.94544656535423,0.0014736570440378885,USDCHF_merged,76.80570681587287
2024-04-10 16:00:00,2024-04-11 08:00:00,1.3,60.0,0.8957198880953475,12795.998401362109,-1,0.91323,0.9175121043174065,0.9076632643873714,0.87294,0.88923,68.06708615431337,0.0014736570440378885,USDCHF_merged,77.10428011190466
2024-04-10 16:00:00,2024-04-11 08:00:00,1.5,90.0,1.791439776190695,25591.996802724218,-1,0.91323,0.9164415782380549,0.9084126326429176,0.87294,0.88923,68.06708615431337,0.0014736570440378885,USDCHF_merged,133.20856022380931
2024-04-11 05:00:00,2024-04-11 10:00:00,-1.1,59.99999999999999,1.5214700415141058,21735.28630734437,1,1.07405,1.0710850977167379,1.0779043729682407,1.07246,1.09812,31.20110459949056,0.0010682584102654823,EURUSD_merged,-67.5214700415141
2024-04-10 23:00:00,2024-04-11 11:00:00,-1.1,90.00000000000001,2.4780678609323465,35400.969441890666,1,1.25447,1.251280756830111,1.2592538647548335,1.25995,1.28934,32.630968863453354,0.0014530667077740712,GBPUSD_merged,-101.47806786093237
2024-04-11 14:00:00,2024-04-12 02:00:00,-1.1,30.0,0.5510217607164037,7871.739438805769,1,1.07277,1.0686815643689442,1.0780849663203724,1.07246,1.09812,37.70030285085404,0.0014237158980541908,EURUSD_merged,-33.5510217607164
2024-04-10 22:00:00,2024-04-12 03:00:00,-1.1,30.0,0.6705018257266134,9578.597510380192,-1,1.36837,1.3726557109253745,1.3627985757970134,1.34554,1.36139,66.28232097339504,0.0014741388272925297,USDCAD_merged,-33.67050182572661
2024-04-11 01:00:00,2024-04-12 03:00:00,-1.1,60.0,1.3666759073188621,19523.941533126603,1,1.25473,1.2508740265597873,1.2597427654722764,1.25995,1.28934,32.587283560649645,0.0013180524163970417,GBPUSD_merged,-67.36667590731886
2024-04-12 12:00:00,2024-04-15 13:00:00,-1.1,90.0,1.7458121310154078,24940.173300220114,1,0.6476,0.6452630475138083,0.6511054287292874,0.64802,0.66671,29.633726851020597,0.0011504891945745372,AUDUSD_merged,-100.74581213101543
2024-04-15 13:00:00,2024-04-15 21:00:00,-1.1,14.999999999999998,0.20525371957456662,2932.1959939223807,1,0.59182,0.5887924738665491,0.5957557839734862,0.59392,0.62163,31.903603910924915,0.001099740809562802,NZDUSD_merged,-16.705253719574568
2024-04-15 14:00:00,2024-04-16 07:00:00,-1.1,15.0,0.3448305979053194,4926.15139864742,-1,154.173,154.64245268483526,153.70354731516474,146.481,151.97,67.75481077965793,0.1955305870452913,USDJPY_merged,-16.844830597905318
2024-04-15 14:00:00,2024-04-16 09:00:00,-1.1,15.0,0.29374458340082765,4196.351191440395,-1,154.173,154.724096630024,153.5667937069736,146.481,151.97,67.48383278351697,0.1955305870452913,USDJPY_merged,-16.793744583400827
2024-04-15 14:00:00,2024-04-16 09:00:00,-1.1,15.0,0.273486336269736,3906.9476609962294,-1,154.173,154.76491860261837,153.40350581659612,146.481,151.97,67.20316217125671,0.1955305870452913,USDJPY_merged,-16.773486336269738
2024-04-16 11:00:00,2024-04-16 23:00:00,1.3,15.0,0.2744976430662545,3921.3949009464936,-1,2.11545,2.1235419547256873,2.1049304588566065,2.03734,2.11734,58.61351628489136,0.002955699271273851,GBPNZD_merged,19.225502356933745
2024-04-16 11:00:00,2024-04-17 02:00:00,1.5,60.0,1.2555574259963571,17936.53465709082,-1,1.80772,1.8137670543543438,1.7986494184684843,1.74401,1.80986,61.98116935412875,0.002374662269408523,EURNZD_merged,88.74444257400364
2024-04-16 11:00:00,2024-04-17 02:00:00,1.3,14.999999999999998,0.2914686881777258,4163.8384025389405,-1,1.80772,1.814232212381601,1.7992541239039186,1.74401,1.80986,62.222039599861816,0.002374662269408523,EURNZD_merged,19.208531311822274
2024-04-16 11:00:00,2024-04-17 02:00:00,1.5,59.99999999999999,1.209055299107603,17272.218558680044,-1,1.80772,1.8139996333679724,1.7983005499480413,1.74401,1.80986,61.69473381598051,0.002374662269408523,EURNZD_merged,88.79094470089238
2024-04-16 11:00:00,2024-04-17 02:00:00,1.5,60.0,1.2555574259963571,17936.53465709082,-1,1.80772,1.8137670543543438,1.7986494184684843,1.74401,1.80986,61.98116935412875,0.002374662269408523,EURNZD_merged,88.74444257400364
2024-04-16 11:00:00,2024-04-17 02:00:00,1.5,60.00000000000001,1.1256721750312166,16081.031071874526,-1,1.80772,1.8144647913952296,1.7976028129071555,1.74401,1.80986,62.23475314436337,0.002374662269408523,EURNZD_merged,88.8743278249688
2024-04-16 11:00:00,2024-04-17 02:00:00,1.4,59.99999999999999,1.1658747527109032,16655.353610155762,-1,1.80772,1.814232212381601,1.7986029026657586,1.74401,1.80986,62.144104185327116,0.002374662269408523,EURNZD_merged,82.83412524728908
2024-04-16 11:00:00,2024-04-17 13:00:00,1.5,15.0,0.28466422243907874,4066.631749129697,-1,2.11545,2.1232529563426272,2.1037455654860597,2.03734,2.11734,56.14613770416293,0.002955699271273851,GBPNZD_merged,22.21533577756092
2024-04-16 11:00:00,2024-04-17 13:00:00,1.5,15.0,0.2956128463790433,4223.040662557762,-1,2.11545,2.1229639579595667,2.10417906306065,2.03734,2.11734,58.61351628489136,0.002955699271273851,GBPNZD_merged,22.204387153620956
2024-04-16 11:00:00,2024-04-17 13:00:00,1.5,15.0,0.2956128463790433,4223.040662557762,-1,2.11545,2.1229639579595667,2.10417906306065,2.03734,2.11734,58.61351628489136,0.002955699271273851,GBPNZD_merged,22.204387153620956
2024-04-16 11:00:00,2024-04-17 13:00:00,1.4,15.0,0.2744976430662545,3921.3949009464936,-1,2.11545,2.1235419547256873,2.104121263384038,2.03734,2.11734,58.399046368025765,0.002955699271273851,GBPNZD_merged,20.725502356933745
2024-04-16 11:00:00,2024-04-18 08:00:00,1.5,15.0,0.2650322070984526,3786.1743871207514,-1,2.11545,2.123830953108748,2.1028785703368786,2.03734,2.11734,58.082634470018064,0.002955699271273851,GBPNZD_merged,22.234967792901546
2024-04-19 00:00:00,2024-04-19 10:00:00,1.1,30.0,0.36397265439982246,5199.6093485688925,1,0.63901,0.6353231268687951,0.6430655604443253,0.6477,0.66671,41.05299207841474,0.0013615436694619741,AUDUSD_merged,32.636027345600176
2024-04-19 00:00:00,2024-04-19 10:00:00,1.0,15.0,0.23942629944829424,3420.375706404204,1,0.58776,0.5851823884284136,0.5903376115715863,0.59392,0.62163,39.29811170747913,0.001090650634491357,NZDUSD_merged,14.760573700551706
2024-04-19 00:00:00,2024-04-21 20:00:00,1.1,59.99999999999999,1.0502383595594977,15003.405136564255,1,0.88043,0.8769090792810587,0.8843030127908356,0.87968,0.89494,38.63929481062182,0.001333041517096227,AUDCAD_merged,64.9497616404405
2024-04-19 00:00:00,2024-04-21 20:00:00,1.0,30.000000000000004,0.6164442545240534,8806.346493200763,1,0.88043,0.8774306971653463,0.8834293028346538,0.87968,0.90065,38.58036843428783,0.001333041517096227,AUDCAD_merged,29.38355574547595
2024-04-19 00:00:00,2024-04-21 21:00:00,1.1,14.999999999999998,0.3088527014668826,4412.1814495268945,-1,1.80944,1.8155915149162576,1.8026733335921166,1.74401,1.80986,59.21481888573404,0.0022691717965965534,EURNZD_merged,16.191147298533117
2024-04-22 01:00:00,2024-04-22 05:00:00,-1.1,60.0,1.7117326652701783,24453.323789573977,1,1.70027,1.6960981254164926,1.7061106244169102,1.70214,1.7343,29.94599724130303,0.0014392441220815446,GBPCAD_merged,-67.71173266527018
2024-04-19 16:00:00,2024-04-22 05:00:00,-1.1,60.0,1.367818944194054,19540.270631343632,1,1.70105,1.6958267867740642,1.7088848198389037,1.70214,1.7343,23.54875910027263,0.0018599146015123508,GBPCAD_merged,-67.36781894419406
2024-04-22 01:00:00,2024-04-22 06:00:00,-1.1,60.0,2.0097900802249242,28711.286860356064,-1,0.86106,0.8628594177777986,0.8587207568888618,0.84983,0.8602,72.26849097331582,0.0006138885487597406,EURGBP_merged,-68.00979008022492
2024-04-22 22:00:00,2024-04-23 07:00:00,1.5,90.0,2.549566471861246,36422.378169446376,1,1.69209,1.6879088315081592,1.6983617527377612,1.70214,1.72393,30.781765719570885,0.0013752263643825441,GBPCAD_merged,132.45043352813875
2024-04-23 00:00:00,2024-04-23 07:00:00,1.5,90.0,3.0392748040878965,43418.21148696994,1,1.69223,1.6887222392059906,1.697491641191014,1.70214,1.72393,31.785521104197983,0.0012949145692890793,GBPCAD_merged,131.9607251959121
2024-04-23 00:00:00,2024-04-23 07:00:00,1.3,60.0,1.881455831102031,26877.940444314732,1,1.69223,1.6884524114526052,1.697140865111613,1.70214,1.72393,32.228176969031985,0.0012949145692890793,GBPCAD_merged,76.11854416889797
2024-04-23 00:00:00,2024-04-23 07:00:00,1.5,90.0,3.0392748040878965,43418.21148696994,1,1.69223,1.6887222392059906,1.697491641191014,1.70214,1.72393,31.785521104197983,0.0012949145692890793,GBPCAD_merged,131.9607251959121
2024-04-22 10:00:00,2024-04-23 07:00:00,1.0,60.0,1.2868689772908006,18383.842532725725,1,1.91356,1.907314646244624,1.9198053537553759,1.91128,1.95066,33.201810132066484,0.00277141611241891,GBPAUD_merged,58.7131310227092
2024-04-23 00:00:00,2024-04-23 07:00:00,1.3,30.0,0.9407279155510155,13438.970222157366,1,1.69223,1.6884524114526052,1.697140865111613,1.70214,1.72393,31.785521104197983,0.0012949145692890793,GBPCAD_merged,38.059272084448985
2024-04-22 22:00:00,2024-04-23 08:00:00,1.3,30.0,0.6866677873451079,9809.539819215828,1,1.91336,1.907508471685944,1.9209669868082726,1.91128,1.95066,30.897816068406296,0.0021105578592532444,GBPAUD_merged,38.31333221265489
2024-04-22 10:00:00,2024-04-23 08:00:00,1.1,60.0,1.096221721395867,15660.310305655245,1,1.91356,1.906228497765428,1.921624652458029,1.9275,1.95682,33.47520055459415,0.00277141611241891,GBPAUD_merged,64.90377827860414
2024-04-22 11:00:00,2024-04-23 09:00:00,1.3,30.0,0.8214029529006152,11734.327898580217,-1,0.86323,0.8654369350902607,0.8603609843826613,0.84983,0.8602,66.18092223737715,0.0007804631676884483,EURGBP_merged,38.17859704709939
2024-04-22 11:00:00,2024-04-23 10:00:00,1.5,89.99999999999999,1.9259118340272288,27513.026200388987,1,1.69227,1.6867342839762263,1.7005735740356605,1.70214,1.7343,31.076710800101825,0.0020102462515624118,GBPCAD_merged,133.07408816597274
2024-04-22 12:00:00,2024-04-23 10:00:00,1.3,30.0,0.8291518764641097,11845.02680663014,-1,0.86283,0.8650152968695276,0.859989114069614,0.84983,0.8602,63.66083473012594,0.0007597157985678442,EURGBP_merged,38.17084812353589
2024-04-22 12:00:00,2024-04-23 10:00:00,1.5,60.0,1.785865580076544,25512.365429664915,-1,0.86283,0.8648592042359899,0.859786193646015,0.84983,0.8602,63.66083473012594,0.0007597157985678442,EURGBP_merged,88.21413441992345
2024-04-22 11:00:00,2024-04-23 10:00:00,1.5,60.0,1.703650568979053,24337.865271129333,-1,0.86323,0.8653581159798942,0.8600378260301589,0.84983,0.8602,65.09105742130265,0.0007804631676884483,EURGBP_merged,88.29634943102094
2024-04-22 12:00:00,2024-04-23 10:00:00,1.4,60.0,1.2633452235148475,18047.788907354967,1,1.69309,1.6874613104956253,1.7009701653061247,1.70214,1.72393,29.947571657701847,0.0019509429478793954,GBPCAD_merged,82.73665477648515
2024-04-22 12:00:00,2024-04-23 10:00:00,1.4,30.0,0.8291518764641097,11845.02680663014,-1,0.86283,0.8650152968695276,0.8597705843826613,0.84983,0.8602,63.43669463579626,0.0007597157985678442,EURGBP_merged,41.17084812353589
2024-04-22 12:00:00,2024-04-23 10:00:00,1.5,60.0,1.785865580076544,25512.365429664915,-1,0.86283,0.8648592042359899,0.859786193646015,0.84983,0.8602,63.66083473012594,0.0007597157985678442,EURGBP_merged,88.21413441992345
2024-04-22 11:00:00,2024-04-23 10:00:00,1.5,90.0,2.3792361394362636,33989.08770623234,-1,0.86323,0.8655157542006271,0.8598013686990595,0.84983,0.8602,66.42320603370068,0.0007804631676884483,EURGBP_merged,132.62076386056373
2024-04-22 11:00:00,2024-04-23 22:00:00,-1.1,60.0,1.1167620386644,15953.743409491428,1,1.91596,1.908754318107711,1.926768522838434,1.91916,1.95682,34.83626542881495,0.0026606006758175755,GBPAUD_merged,-67.1167620386644
2024-04-22 11:00:00,2024-04-23 22:00:00,-1.1,60.0,1.1167620386644,15953.743409491428,1,1.91596,1.908754318107711,1.926768522838434,1.91916,1.95682,34.83626542881495,0.0026606006758175755,GBPAUD_merged,-67.1167620386644
2024-04-22 10:00:00,2024-04-24 09:00:00,1.5,60.0,1.0430963510453521,14901.37644350503,1,2.08636,2.077959326379372,2.098961010430942,2.08567,2.11734,34.86327830604333,0.002887728006605016,GBPNZD_merged,88.95690364895465
2024-04-24 01:00:00,2024-04-24 17:00:00,1.1,90.0,2.092600119421074,29894.287420301058,-1,1.09617,1.0994701388731214,1.0925398472395664,1.05691,1.09549,68.3776071446042,0.001165682681232259,AUDNZD_merged,96.90739988057894
2024-04-24 00:00:00,2024-04-24 17:00:00,1.0,60.00000000000001,1.6160222849545407,23086.032642207727,-1,1.0968,1.099650554749701,1.093949445250299,1.05691,1.09549,68.480884333808,0.0012222736567116348,AUDNZD_merged,58.38397771504547
2024-04-24 04:00:00,2024-04-24 21:00:00,-1.1,90.0,1.6371803057732641,23388.290082475203,-1,100.709,101.09653624006022,100.12769563990969,96.895,100.806,65.62637620683661,0.14440580002150372,AUDJPY_merged,-100.63718030577328
2024-04-24 03:00:00,2024-04-24 22:00:00,-1.1,90.0,1.650890949981187,23584.156428302675,-1,100.769,101.15354672006485,100.19217991990274,96.895,100.806,65.84492792799091,0.1490524000231587,AUDJPY_merged,-100.6508909499812
2024-04-24 18:00:00,2024-04-24 23:00:00,-1.1,90.0,3.6470197408532936,52100.28201218991,-1,155.228,155.49614672513158,154.95985327486844,150.81,151.97,67.30542555552334,0.11154370890405174,USDJPY_merged,-102.64701974085331
2024-04-24 18:00:00,2024-04-25 00:00:00,-1.1,90.0,3.1067205199861387,44381.7217140877,-1,155.228,155.54278093819795,154.8817409679823,150.81,151.97,66.82710762473387,0.11154370890405174,USDJPY_merged,-102.10672051998615
2024-04-25 06:00:00,2024-04-25 08:00:00,1.3,60.0,1.053891347053813,15055.59067219733,-1,92.724,93.09352651816404,92.24361552638676,90.102,92.363,69.32382356706307,0.12876134530950162,NZDJPY_merged,76.9461086529462
2024-04-25 07:00:00,2024-04-25 08:00:00,1.0,60.0,1.6864061623670117,24091.516605243025,-1,166.823,167.23847322088565,166.40752677911436,162.27,165.17,69.30483031410495,0.18002335004699396,EURJPY_merged,58.313593837632986
2024-04-25 07:00:00,2024-04-25 08:00:00,1.3,29.999999999999996,0.5397951522868336,7711.359318383338,-1,92.673,93.0335317668666,92.20430870307342,90.102,92.363,68.6076781478097,0.1277783920731083,NZDJPY_merged,38.460204847713165
2024-04-25 06:00:00,2024-04-25 09:00:00,1.3,30.0,0.7428335156285611,10611.907366122303,-1,113.798,114.11970842452872,113.37977904811265,108.676,112.478,63.025676420348134,0.1164747326243228,CADJPY_merged,38.25716648437144
2024-04-25 07:00:00,2024-04-25 09:00:00,1.5,90.0,1.6793626960034824,23990.89565719261,-1,92.673,93.02065563233566,92.15151655149651,90.102,92.363,71.02527444827219,0.1277783920731083,NZDJPY_merged,133.3206373039965
2024-04-25 06:00:00,2024-04-25 09:00:00,1.5,60.0,1.5406917361184966,22009.881944549954,-1,113.798,114.10821883793842,113.33267174309238,108.676,112.478,63.55116720683963,0.1164747326243228,CADJPY_merged,88.4593082638815
2024-04-25 07:00:00,2024-04-25 09:00:00,1.5,90.0,1.7439535689266932,24913.622413238474,-1,92.673,93.0077794978047,92.17083075329295,90.102,92.363,68.6076781478097,0.1277783920731083,NZDJPY_merged,133.25604643107332
2024-04-25 06:00:00,2024-04-25 09:00:00,1.3,60.0,1.4856670312571223,21223.814732244606,-1,113.798,114.11970842452872,113.37977904811265,110.865,112.478,63.42647035669893,0.1164747326243228,CADJPY_merged,76.51433296874288
2024-04-25 06:00:00,2024-04-25 09:00:00,1.5,89.99999999999999,2.3999236658768894,34284.62379824128,-1,113.798,114.09672925134811,113.34990612297784,108.676,112.478,63.025676420348134,0.1164747326243228,CADJPY_merged,132.6000763341231
2024-04-25 06:00:00,2024-04-25 09:00:00,1.4,60.0,1.4856670312571223,21223.814732244606,-1,113.798,114.11970842452872,113.34760820565978,108.676,112.478,63.171734445325946,0.1164747326243228,CADJPY_merged,82.51433296874288
2024-04-25 07:00:00,2024-04-25 09:00:00,1.5,90.0,2.3652280755249286,33788.972507498984,-1,113.694,113.99683430482324,113.23974854276514,108.676,112.478,64.6442579075992,0.11922653743687125,CADJPY_merged,132.63477192447507
2024-04-25 08:00:00,2024-04-25 09:00:00,1.1,60.0,1.44097480156543,20585.354308077574,-1,166.763,167.2490630451269,166.22833065036042,160.21,165.17,57.85074735168741,0.21223596790078014,EURJPY_merged,64.55902519843457
2024-04-25 07:00:00,2024-04-25 09:00:00,1.5,90.0,1.563544579037725,22336.351129110357,-1,92.673,93.04640790139756,92.11288814790367,90.102,92.363,69.60890657659236,0.1277783920731083,NZDJPY_merged,133.43645542096226
2024-04-25 06:00:00,2024-04-25 09:00:00,1.5,90.0,2.1516557004413492,30737.938577733563,-1,113.798,114.13119801111904,113.29820298332145,110.865,112.478,63.30757705929161,0.1164747326243228,CADJPY_merged,132.84834429955865
2024-04-25 07:00:00,2024-04-25 09:00:00,1.4,59.99999999999999,1.0795903045736672,15422.718636766676,-1,92.673,93.0335317668666,92.16825552638676,90.102,92.363,69.10810137995352,0.1277783920731083,NZDJPY_merged,82.92040969542632
2024-04-25 09:00:00,2024-04-25 12:00:00,-1.1,60.0,1.4321684263998673,20459.548948569536,-1,166.453,166.9411427261718,165.96485727382822,162.27,165.17,59.53927656523048,0.24414768447929527,EURJPY_merged,-67.43216842639987
2024-04-25 09:00:00,2024-04-25 19:00:00,-1.1,90.0,1.4225807316482313,20322.581880689024,-1,92.305,92.71377926086222,91.69183110870668,90.102,92.363,53.15064491448645,0.17220687887936353,NZDJPY_merged,-100.42258073164824
2024-04-25 10:00:00,2024-04-25 19:00:00,-1.1,60.0,0.8034086727564489,11477.266753663556,-1,92.235,92.71717926086222,91.5599490347929,90.102,92.363,54.97704323413475,0.17690638753083757,NZDJPY_merged,-66.80340867275645
2024-04-25 09:00:00,2024-04-25 19:00:00,-1.1,60.0,0.8806452148298576,12580.645926140824,-1,92.305,92.74522381939009,91.7327090347929,90.102,92.363,53.15064491448645,0.17220687887936353,NZDJPY_merged,-66.88064521482985
2024-04-25 09:00:00,2024-04-25 23:00:00,-1.1,60.0,1.0150640789780432,14500.915413972047,-1,194.259,195.06277960061539,193.13370855913843,187.953,192.938,61.57728560741963,0.31484527571428655,GBPJPY_merged,-67.01506407897804
2024-04-25 09:00:00,2024-04-25 23:00:00,-1.1,60.0,1.0931459312071232,15616.370445816048,-1,194.259,195.005366772,193.13944984199998,187.953,192.938,61.72867985760825,0.31484527571428655,GBPJPY_merged,-67.09314593120712
2024-04-25 09:00:00,2024-04-25 23:00:00,-1.1,90.0,1.4700928040371657,21001.325771959513,-1,194.259,195.09148601492308,193.01027097761536,189.988,192.938,61.29563368662456,0.31484527571428655,GBPJPY_merged,-100.47009280403718
2024-04-25 10:00:00,2024-04-25 23:00:00,-1.1,60.0,1.0612156076184514,15160.222965977879,-1,166.56,167.2191987480941,165.8348813770965,160.21,165.17,61.99995728353948,0.2525657070164881,EURJPY_merged,-67.06121560761845
2024-04-26 02:00:00,2024-04-26 03:00:00,-1.1,30.0,0.6871586093968218,9816.551562811741,-1,167.424,167.93565829139305,166.91234170860696,162.27,165.17,77.34599760698406,0.2527844033574408,EURJPY_merged,-33.687158609396825
2024-04-22 11:00:00,2024-04-26 10:00:00,-1.1,90.0,1.6131007225152438,23044.296035932057,1,1.91596,1.908477176496469,1.9271842352552966,1.91916,1.95682,33.39998736169759,0.0026606006758175755,GBPAUD_merged,-100.61310072251526
2024-04-26 11:00:00,2024-04-26 16:00:00,-1.1,90.00000000000001,0.9113522710339459,13019.3181576278,-1,93.373,94.0184692863525,92.40479607047128,90.102,92.363,72.66529454999962,0.22839164341335724,NZDJPY_merged,-99.91135227103398
2024-04-26 11:00:00,2024-04-26 16:00:00,-1.1,60.0,0.6292670442853437,8989.52920407634,-1,93.373,93.99621172475413,92.56282475781964,90.102,92.363,73.25240810247894,0.22839164341335724,NZDJPY_merged,-66.62926704428534
2024-04-26 11:00:00,2024-04-26 16:00:00,-1.1,90.0,1.0165083023070935,14521.547175815624,-1,93.373,93.9516966015574,92.5049550976639,90.102,92.363,71.61707341731417,0.22839164341335724,NZDJPY_merged,-100.0165083023071
2024-04-26 11:00:00,2024-04-26 16:00:00,-1.1,90.0,0.97885984666609,13983.712095229861,-1,93.373,93.97395416315577,92.47156875526636,90.102,92.363,74.60585445705588,0.22839164341335724,NZDJPY_merged,-99.9788598466661
2024-04-26 11:00:00,2024-04-26 16:00:00,-1.1,15.0,0.15731676107133594,2247.382301019085,-1,93.373,93.99621172475413,92.56282475781964,90.102,92.363,71.61707341731417,0.22839164341335724,NZDJPY_merged,-16.657316761071336
2024-04-22 11:00:00,2024-04-28 22:00:00,-1.1,90.0,1.5018523968245376,21455.03424035054,1,1.91596,1.9079228932739853,1.9280156600890224,1.91128,1.95066,34.08191326315489,0.0026606006758175755,GBPAUD_merged,-100.50185239682455
2024-04-22 11:00:00,2024-04-28 22:00:00,-1.1,60.0,1.0369933216169427,14814.19030881347,1,1.91596,1.9082000348852273,1.9268239511606822,1.9275,1.95682,34.44576706002409,0.0026606006758175755,GBPAUD_merged,-67.03699332161695
2024-04-30 11:00:00,2024-04-30 18:00:00,-1.1,59.99999999999999,1.0855187971568712,15507.411387955304,-1,1.80692,1.8139111861681962,1.7992296952149844,1.78435,1.80986,65.06353559178696,0.002556519052554216,EURNZD_merged,-67.08551879715687
2024-05-01 02:00:00,2024-05-01 14:00:00,1.4,60.0,1.6935515770946525,24193.59395849504,1,1.24762,1.2445259082280862,1.2519517284806791,1.25995,1.2709,28.63828525583555,0.0011161018631346256,GBPUSD_merged,82.30644842290535
2024-05-01 08:00:00,2024-05-01 14:00:00,1.2,60.0,1.2279171489461507,17541.673556373582,-1,0.92001,0.9231568263174892,0.916233808419013,0.90102,0.88923,60.332265670745564,0.0010590176696990265,USDCHF_merged,70.77208285105385
2024-05-01 02:00:00,2024-05-01 14:00:00,1.5,60.0,1.5806481386216757,22580.68769459537,1,1.24762,1.2443049016729495,1.2525926474905755,1.25995,1.2709,30.513354996504823,0.0011161018631346256,GBPUSD_merged,88.41935186137833
2024-04-30 21:00:00,2024-05-01 14:00:00,1.3,60.00000000000001,0.8392243990574616,11988.919986535167,1,0.58836,0.5854154812243598,0.5921878744083322,0.59392,0.60823,32.378368971257245,0.0009849690660916812,NZDUSD_merged,77.16077560094256
2024-05-01 08:00:00,2024-05-01 14:00:00,1.2,60.0,1.2702591195994661,18146.558851420945,-1,0.92001,0.9230519321069062,0.9163596814717125,0.90102,0.88923,60.43211309329103,0.0010590176696990265,USDCHF_merged,70.72974088040053
2024-05-01 01:00:00,2024-05-01 16:00:00,1.3,60.0,1.0361391991308035,14801.988559011479,-1,157.855,158.49486672886823,157.02317325247125,150.81,151.97,64.47383280760926,0.2047682732211259,USDJPY_merged,76.9638608008692
2024-05-01 08:00:00,2024-05-01 16:00:00,1.3,90.0,1.841875723419226,26312.51033456037,-1,0.92001,0.9231568263174892,0.9159191257872641,0.90102,0.91517,59.02299118652204,0.0010590176696990265,USDCHF_merged,115.15812427658078
2024-05-01 08:00:00,2024-05-01 16:00:00,1.4,60.0,1.3156255167280189,18794.6502389717,-1,0.92001,0.9229470378963232,0.9158981469451475,0.90102,0.88923,59.69825343025201,0.0010590176696990265,USDCHF_merged,82.68437448327198
2024-05-01 08:00:00,2024-05-01 16:00:00,1.4,90.0,1.9734382750920283,28191.97535845755,-1,0.92001,0.9229470378963232,0.9158981469451475,0.90102,0.88923,59.69825343025201,0.0010590176696990265,USDCHF_merged,124.02656172490796
2024-05-01 06:00:00,2024-05-01 16:00:00,1.5,90.0,1.829786811416501,26139.811591664304,-1,0.92063,0.9237997512321175,0.9158753731518235,0.90102,0.88923,68.40123903748834,0.0010303991908935423,USDCHF_merged,133.1702131885835
2024-04-30 22:00:00,2024-05-02 03:00:00,1.2,60.0,1.0361021307343534,14801.459010490766,-1,2.11947,2.128061598970741,2.109160081235111,2.08567,2.12034,62.60656298642724,0.00283671888225703,GBPNZD_merged,70.96389786926565
2024-04-30 22:00:00,2024-05-02 04:00:00,1.2,60.0,1.0015653930432087,14308.07704347441,-1,2.11947,2.1283578610042153,2.108804566794942,2.08567,2.12034,62.63163000781055,0.00283671888225703,GBPNZD_merged,70.99843460695679
2024-04-30 21:00:00,2024-05-02 04:00:00,1.5,15.0,0.24979818006001184,3568.545429428741,-1,2.12173,2.1306484656968467,2.1083523014547296,2.08567,2.12034,61.92459422917432,0.0029626203347383325,GBPNZD_merged,22.25020181993999
2024-04-30 18:00:00,2024-05-02 05:00:00,1.1,15.000000000000002,0.2756483277926615,3937.833254180879,-1,1.81063,1.8175270543562667,1.8030432402081067,1.78435,1.80986,69.29375228959546,0.002565559276637104,EURNZD_merged,16.22435167220734
2024-04-30 22:00:00,2024-05-02 10:00:00,1.4,60.0,1.0731057782605806,15330.082546579724,-1,2.11947,2.1277653369372675,2.107856528287826,2.08567,2.12034,62.440945546899925,0.00283671888225703,GBPNZD_merged,82.92689422173942
2024-04-30 21:00:00,2024-05-02 10:00:00,1.2,15.0,0.24041138501322754,3434.448357331822,-1,1.81181,1.8197231048635458,1.8023142741637448,1.78435,1.81344,60.14028655339994,0.002607865791097578,EURNZD_merged,17.75958861498677
2024-04-30 21:00:00,2024-05-02 10:00:00,1.2,15.0,0.2487014327723043,3552.877611032919,-1,1.81181,1.8194593347014276,1.8026307983582865,1.78435,1.81344,59.95478937021576,0.002607865791097578,EURNZD_merged,17.751298567227696
2024-04-30 22:00:00,2024-05-02 10:00:00,1.4,60.0,1.0731057782605806,15330.082546579724,-1,2.11947,2.1277653369372675,2.107856528287826,2.08567,2.12034,62.63163000781055,0.00283671888225703,GBPNZD_merged,82.92689422173942
2024-04-30 22:00:00,2024-05-02 10:00:00,1.3,15.0,0.25039134826080217,3577.0192608686025,-1,2.11947,2.1283578610042153,2.107915780694521,2.08367,2.12034,62.15896476332363,0.00283671888225703,GBPNZD_merged,19.249608651739198
2024-04-30 22:00:00,2024-05-02 10:00:00,1.4,60.0,1.0731057782605806,15330.082546579724,-1,2.11947,2.1277653369372675,2.107856528287826,2.08567,2.12034,62.440945546899925,0.00283671888225703,GBPNZD_merged,82.92689422173942
2024-04-30 21:00:00,2024-05-02 11:00:00,1.3,15.0,0.2487014327723043,3552.877611032919,-1,1.81181,1.8194593347014276,1.8018658648881438,1.78435,1.80986,60.28281738264937,0.002607865791097578,EURNZD_merged,19.251298567227696
2024-04-30 21:00:00,2024-05-02 12:00:00,1.4,15.0,0.2575836267998866,3679.766097141238,-1,1.81181,1.8191955645393094,1.8014702096449664,1.78435,1.80986,60.14028655339994,0.002607865791097578,EURNZD_merged,20.742416373200115
2024-04-30 21:00:00,2024-05-02 12:00:00,1.4,15.0,0.2575836267998866,3679.766097141238,-1,1.81181,1.8191955645393094,1.8014702096449664,1.78435,1.81344,60.28281738264937,0.002607865791097578,EURNZD_merged,20.742416373200115
2024-04-30 21:00:00,2024-05-02 12:00:00,1.4,15.0,0.2575836267998866,3679.766097141238,-1,1.81181,1.8191955645393094,1.8014702096449664,1.78435,1.81344,60.28281738264937,0.002607865791097578,EURNZD_merged,20.742416373200115
2024-04-30 21:00:00,2024-05-02 12:00:00,1.3,15.0,0.24041138501322754,3434.448357331822,-1,1.81181,1.8197231048635458,1.8015229636773902,1.78435,1.80986,59.72904175080621,0.002607865791097578,EURNZD_merged,19.25958861498677
2024-04-30 21:00:00,2024-05-02 14:00:00,1.5,60.0,0.9616455400529101,13737.793429327288,-1,1.81181,1.8197231048635458,1.799940342704681,1.78435,1.81344,60.26143863812599,0.002607865791097578,EURNZD_merged,89.03835445994709
2024-04-30 22:00:00,2024-05-02 14:00:00,1.3,60.0,0.9716489278896284,13880.698969851835,-1,1.80995,1.8177735973732927,1.7997793234147195,1.78435,1.81344,61.0062123210011,0.002487303948876325,EURNZD_merged,77.02835107211037
2024-05-03 11:00:00,2024-05-06 20:00:00,-1.1,90.00000000000001,1.458738241107333,20839.117730104757,1,1.62881,1.6217754939379594,1.638658308486857,1.63598,1.66809,36.62989317214311,0.002453586194044096,EURAUD_merged,-100.45873824110735
2024-05-06 02:00:00,2024-05-06 20:00:00,-1.1,90.0,1.2116066156061636,17308.66593723091,-1,101.778,102.30721582941277,101.03709783882215,97.774,100.806,63.03658769462353,0.18164810669300624,AUDJPY_merged,-100.21160661560617
2024-05-06 02:00:00,2024-05-06 20:00:00,-1.1,60.0,0.8077377437374424,11539.110624820607,-1,101.778,102.30721582941277,101.03709783882215,97.774,100.806,63.03658769462353,0.18164810669300624,AUDJPY_merged,-66.80773774373745
2024-05-06 02:00:00,2024-05-06 21:00:00,-1.1,30.0,0.38994235904566177,5570.60512922374,-1,101.778,102.32611639474894,101.0654486868264,97.774,100.806,63.03658769462353,0.18164810669300624,AUDJPY_merged,-33.38994235904566
2024-05-06 10:00:00,2024-05-07 02:00:00,1.2,90.0,2.107201726498499,30102.88180712142,-1,0.90518,0.9078862591721941,0.901932488993367,0.87809,0.90065,60.217770103868745,0.0009551076167124271,AUDCAD_merged,105.8927982735015
2024-05-06 10:00:00,2024-05-07 02:00:00,1.2,90.0,2.0369616689485492,29099.45241355071,-1,0.90518,0.907979578453994,0.9018205058552072,0.87809,0.90065,59.64980453944776,0.0009551076167124271,AUDCAD_merged,105.96303833105145
2024-05-06 10:00:00,2024-05-07 02:00:00,1.1,30.0,0.7024005754994996,10034.29393570714,-1,0.90518,0.9078862591721941,0.9022031149105864,0.87809,0.90065,60.643392685747756,0.0009551076167124271,AUDCAD_merged,32.2975994245005
2024-05-03 11:00:00,2024-05-08 08:00:00,1.2,90.00000000000001,1.4084369224484592,20120.52746354942,1,1.62881,1.621524261578601,1.6375528861056792,1.63598,1.66809,37.43532220647804,0.002453586194044096,EURAUD_merged,106.59156307755156
2024-05-07 01:00:00,2024-05-08 09:00:00,-1.1,59.99999999999999,1.0831561148373205,15473.658783390296,-1,92.835,93.19497304050539,92.33103774329244,89.954,92.363,63.81071738369297,0.1287359573104623,NZDJPY_merged,-67.08315611483732
2024-05-07 01:00:00,2024-05-08 09:00:00,-1.1,15.0,0.26145147599521523,3735.0210856459325,-1,92.835,93.20782922052344,92.35032201331951,89.954,92.363,65.83313571678092,0.1287359573104623,NZDJPY_merged,-16.761451475995216
2024-05-07 01:00:00,2024-05-08 09:00:00,-1.1,90.0,1.5687088559712914,22410.126513875595,-1,92.835,93.20782922052344,92.38760493537185,89.954,92.363,62.853281101633,0.1287359573104623,NZDJPY_merged,-100.56870885597131
2024-05-07 01:00:00,2024-05-08 09:00:00,-1.1,90.0,1.5164185607722485,21663.12229674641,-1,92.835,93.22068540054148,92.3721775193502,89.954,92.363,63.81071738369297,0.1287359573104623,NZDJPY_merged,-100.51641856077227
2024-05-03 13:00:00,2024-05-09 07:00:00,-1.1,60.0,0.9709835279211645,13871.193256016637,1,2.08611,2.077086508099207,2.097840539471031,2.08367,2.12034,26.195896134597316,0.0029878668647859495,GBPNZD_merged,-66.97098352792116
2024-05-03 13:00:00,2024-05-09 07:00:00,-1.1,60.0,1.0056615110612062,14366.593015160088,1,2.08611,2.077397662992338,2.098307271810727,2.08367,2.12034,26.195896134597316,0.0029878668647859495,GBPNZD_merged,-67.0056615110612
2024-05-03 11:00:00,2024-05-09 07:00:00,-1.1,60.0,0.9968460161152017,14240.657373074311,1,2.08588,2.077091585482238,2.0981837803248666,2.08367,2.12034,24.789605684900774,0.003131668079870045,GBPNZD_merged,-66.9968460161152
2024-05-03 13:00:00,2024-05-09 07:00:00,-1.1,59.99999999999999,0.9386174103237923,13408.82014748275,1,2.08611,2.0767753532060764,2.098245040832101,2.08367,2.12034,25.427379374159923,0.0029878668647859495,GBPNZD_merged,-66.93861741032379
2024-05-06 02:00:00,2024-05-09 08:00:00,-1.1,60.0,1.3870449729451877,19814.928184931254,1,1.89706,1.8913156642679856,1.9051020700248202,1.91128,1.94799,30.323050448596803,0.002020009298882353,GBPAUD_merged,-67.38704497294519
2024-05-08 17:00:00,2024-05-09 08:00:00,-1.1,60.0,1.4109957923497802,20157.082747854005,-1,171.066,171.575198683579,170.4040417113473,166.565,170.799,64.27923359352648,0.1747519734887352,CHFJPY_merged,-67.41099579234978
2024-05-08 17:00:00,2024-05-09 08:00:00,-1.1,30.0,0.7298254098360932,10426.07728337276,-1,171.066,171.55822539412637,170.524552066461,166.565,170.799,64.27923359352648,0.1747519734887352,CHFJPY_merged,-33.729825409836096
2024-05-03 11:00:00,2024-05-09 17:00:00,-1.1,90.0,1.4240190128751058,20343.12875535866,1,1.89794,1.8895433269978195,1.9088556749028345,1.91128,1.94799,23.71692697049426,0.0027846845006749,GBPAUD_merged,-100.42401901287512
2024-05-03 11:00:00,2024-05-09 17:00:00,-1.1,60.0,1.017156437767933,14530.806253827615,1,1.89794,1.8901031051979649,1.9089116527228491,1.91128,1.94799,26.12314976763882,0.0027846845006749,GBPAUD_merged,-67.01715643776794
2024-05-06 10:00:00,2024-05-10 08:00:00,1.4,30.000000000000004,0.7274863103387678,10392.661576268112,-1,0.90518,0.9077929398903943,0.9015218841534478,0.87809,0.90065,59.64980453944776,0.0009551076167124271,AUDCAD_merged,41.27251368966123
2024-05-06 10:00:00,2024-05-10 08:00:00,1.3,60.0,1.3579744459656995,19399.634942367138,-1,0.90518,0.907979578453994,0.9015405480098078,0.87809,0.90065,60.643392685747756,0.0009551076167124271,AUDCAD_merged,76.6420255540343
2024-05-09 14:00:00,2024-05-13 07:00:00,-1.1,30.0,0.6784384253526811,9691.977505038301,-1,167.647,168.16592505914147,166.97239742311606,162.27,165.351,63.25637427697656,0.169405375448556,EURJPY_merged,-33.67843842535268
2024-05-06 10:00:00,2024-05-14 08:00:00,1.5,90.0,2.0369616689485492,29099.45241355071,-1,0.90518,0.907979578453994,0.900980632319009,0.87809,0.90065,58.89565932772354,0.0009551076167124271,AUDCAD_merged,132.96303833105145
2024-05-14 15:00:00,2024-05-15 08:00:00,-1.1,60.0,1.64885682123473,23555.09744621043,-1,1.08199,1.0847460658642252,1.0786827209629297,1.0601,1.08124,65.93469458985398,0.0008709251484506794,EURUSD_merged,-67.64885682123473
2024-05-03 12:00:00,2024-05-15 08:00:00,-1.1,60.0,0.9439826083700965,13485.465833858523,1,1.78906,1.781100052503749,1.7994079317451264,1.78435,1.80986,36.3697395848246,0.002602364701220539,EURNZD_merged,-66.94398260837009
2024-05-03 12:00:00,2024-05-15 08:00:00,-1.1,90.0,1.4159739125551447,20228.198750787786,1,1.78906,1.781100052503749,1.7994079317451264,1.78435,1.81344,34.48913425622048,0.002602364701220539,EURNZD_merged,-100.41597391255516
2024-05-03 12:00:00,2024-05-15 08:00:00,-1.1,90.0,1.4159739125551447,20228.198750787786,1,1.78906,1.781100052503749,1.8009999212443766,1.78435,1.81344,35.11757061421495,0.002602364701220539,EURNZD_merged,-100.41597391255516
2024-05-15 22:00:00,2024-05-16 11:00:00,-1.1,15.0,0.23117371914436954,3302.4817020624223,-1,0.551,0.5535026633742857,0.5477465376134287,0.528,0.54952,63.14535562647282,0.0008239196158503191,NZDCHF_merged,-16.73117371914437
2024-05-15 17:00:00,2024-05-17 09:00:00,-1.1,60.00000000000001,0.979254618834836,13989.351697640515,-1,0.60361,0.6061988690757634,0.6005033571090839,0.57405,0.59951,62.431846861854105,0.0009053767976582541,AUDCHF_merged,-66.97925461883484
2024-05-16 04:00:00,2024-05-17 14:00:00,-1.1,30.000000000000004,0.597269652550334,8532.423607861916,-1,0.83236,0.8352865776229149,0.8285554490902105,0.8074,0.82482,65.25067220268468,0.0009842243620171044,NZDCAD_merged,-33.59726965255034
2024-05-17 16:00:00,2024-05-19 17:00:00,1.1,15.0,0.3282742050021789,4689.631500031128,-1,0.5572,0.5589822295845515,0.5552395474569934,0.528,0.54952,77.28607931234546,0.0006006646452997563,NZDCHF_merged,16.171725794997823
2024-05-19 17:00:00,2024-05-19 19:00:00,-1.1,15.0,0.36750510788631924,5250.072969804561,-1,95.29,95.56225335880488,94.99052130531464,90.789,95.389,64.929130060884,0.12398738088395675,NZDJPY_merged,-16.86750510788632
2024-05-19 17:00:00,2024-05-19 19:00:00,-1.1,15.0,0.3381046992554137,4830.067132220196,-1,95.29,95.58592756391835,94.84610865412249,90.789,95.389,64.95776485639101,0.12398738088395675,NZDJPY_merged,-16.838104699255414
2024-05-19 17:00:00,2024-05-19 19:00:00,-1.1,15.0,0.3381046992554137,4830.067132220196,-1,95.29,95.58592756391835,94.99407243608167,90.789,95.389,64.75587703437944,0.12398738088395675,NZDJPY_merged,-16.838104699255414
2024-05-20 02:00:00,2024-05-20 05:00:00,1.1,60.0,3.677954344760666,52542.20492515238,-1,0.9891,0.9902294919976149,0.9878575588026236,0.9564,0.98367,74.14521359402902,0.0005820073672553998,EURCHF_merged,62.322045655239336
2024-05-20 02:00:00,2024-05-20 06:00:00,1.1,15.0,0.49862967574938455,7123.281082134065,-1,0.60936,0.6106431727254067,0.6079485100020526,0.57405,0.59951,68.82889473506992,0.0006871144898604407,AUDCHF_merged,16.001370324250615
2024-05-19 23:00:00,2024-05-20 08:00:00,1.1,15.000000000000002,0.3716455952518546,5309.222789312209,-1,0.55697,0.5585435919044155,0.5552390489051429,0.528,0.54952,67.33311782181646,0.0006660153651367137,NZDCHF_merged,16.128354404748148
2024-05-20 10:00:00,2024-05-20 13:00:00,-1.1,30.0,0.9299700820003854,13285.286885719794,-1,1.15433,1.156936635468085,1.1514627009851066,1.11678,1.15119,64.30717976662054,0.0011545112138230717,GBPCHF_merged,-33.92997008200039
2024-05-17 14:00:00,2024-05-20 13:00:00,-1.1,15.0,0.4072391584948554,5817.702264212221,-1,1.15388,1.1568550920920226,1.1497148710711682,1.11678,1.15119,80.79888284197003,0.0010352091121503672,GBPCHF_merged,-16.907239158494857
2024-05-20 05:00:00,2024-05-20 16:00:00,-1.1,60.00000000000001,1.8323691961706035,26176.702802437194,-1,1.15467,1.15731663584726,1.1509647098138363,1.11678,1.15119,73.3450942633372,0.0009398537248566076,GBPCHF_merged,-67.83236919617062
2024-05-20 10:00:00,2024-05-20 16:00:00,-1.1,15.0,0.4277862377201773,6111.231967431105,-1,1.15433,1.1571632994218315,1.150080050867253,1.11678,1.15119,63.30811006784139,0.0011545112138230717,GBPCHF_merged,-16.927786237720177
2024-05-20 10:00:00,2024-05-20 16:00:00,-1.1,15.0,0.4277862377201773,6111.231967431105,-1,1.15433,1.1571632994218315,1.1514967005781687,1.11678,1.15119,65.62163423188584,0.0011545112138230717,GBPCHF_merged,-16.927786237720177
2024-05-17 16:00:00,2024-05-20 17:00:00,1.4,14.999999999999998,0.33999828375225677,4857.118339317954,-1,0.5572,0.5589207733919808,0.554790917251227,0.528,0.54952,74.66063467467824,0.0006006646452997563,NZDCHF_merged,20.66000171624774
2024-05-20 10:00:00,2024-05-20 21:00:00,-1.1,14.999999999999998,0.3687812394139458,5268.303420199226,-1,1.15433,1.1576166273293245,1.1494000590060134,1.11678,1.15119,65.62163423188584,0.0011545112138230717,GBPCHF_merged,-16.868781239413945
2024-05-20 10:00:00,2024-05-20 21:00:00,-1.1,14.999999999999998,0.3687812394139458,5268.303420199226,-1,1.15433,1.1576166273293245,1.1500573844718784,1.11678,1.15119,66.0287898345666,0.0011545112138230717,GBPCHF_merged,-16.868781239413945
2024-05-20 06:00:00,2024-05-20 21:00:00,-1.1,60.0,3.196891585306471,45669.87979009245,-1,0.98791,0.9892078926214046,0.9864823181164548,0.9564,0.98367,62.251007109689766,0.0006735941382804975,EURCHF_merged,-69.19689158530647
2024-05-20 02:00:00,2024-05-20 21:00:00,-1.1,60.0,1.8923741020476146,27033.915743537353,-1,1.15509,1.1576536463713758,1.1522699889914865,1.11678,1.15119,77.82375288896299,0.0008880148479774846,GBPCHF_merged,-67.89237410204761
2024-05-21 09:00:00,2024-05-21 17:00:00,1.1,29.999999999999996,1.1479922076198574,16399.88868028368,-1,1.73561,1.7387849178921317,1.7321175903186552,1.70778,1.72252,69.40667049499434,0.0014646562918544024,GBPCAD_merged,31.852007792380142
2024-05-19 17:00:00,2024-05-21 22:00:00,-1.1,15.0,0.2914695683236324,4163.850976051892,-1,95.29,95.63327597414529,94.84374123361114,90.789,95.389,64.6452906620881,0.12398738088395675,NZDJPY_merged,-16.79146956832363
2024-05-17 16:00:00,2024-05-21 22:00:00,-1.1,15.0,0.3014925107782254,4307.035868260364,-1,95.516,95.84865104907954,95.0170234263807,90.789,95.389,64.85457865514617,0.1183710255673389,NZDJPY_merged,-16.801492510778225
2024-05-22 00:00:00,2024-05-22 14:00:00,1.1,30.0,0.5015402248362315,7164.860354803308,-1,95.735,96.13585219498725,95.29406258551403,90.789,95.389,59.145346467123716,0.17333473710665204,NZDJPY_merged,32.49845977516377
2024-05-22 18:00:00,2024-05-22 22:00:00,-1.1,30.0,0.9201519268725201,13145.02752675029,1,1.08571,1.0832321580986637,1.0884356260914698,1.08536,1.10296,28.063663882214396,0.0010982280968127858,AUDNZD_merged,-33.92015192687252
2024-05-22 18:00:00,2024-05-23 02:00:00,-1.1,14.999999999999998,0.37791954139407075,5398.8505913438685,1,1.08571,1.0826934968157644,1.0899331044579295,1.08536,1.10296,28.063663882214396,0.0010982280968127858,AUDNZD_merged,-16.87791954139407
2024-05-22 18:00:00,2024-05-23 02:00:00,-1.1,30.000000000000004,0.7297756661402744,10425.366659146779,1,1.08571,1.0825857645591848,1.0891466589848968,1.08536,1.10296,26.879957776069524,0.0010982280968127858,AUDNZD_merged,-33.729775666140284
2024-05-22 16:00:00,2024-05-23 05:00:00,1.0,15.0,0.5869087905173425,8384.411293104893,1,0.85091,0.8493876927617451,0.852432307238255,0.85272,0.86203,35.031340362533236,0.000588999831351829,EURGBP_merged,14.413091209482658
2024-05-22 05:00:00,2024-05-23 13:00:00,-1.1,60.0,1.7210647610469951,24586.639443528504,-1,1.73863,1.7428728653269023,1.7339628481404072,1.70778,1.72252,59.96798127783579,0.0017715294798053688,GBPCAD_merged,-67.72106476104699
2024-05-22 05:00:00,2024-05-23 13:00:00,-1.1,15.0,0.3958448950408088,5654.927072011555,-1,1.73863,1.7432418101379374,1.7340181898620624,1.70778,1.72252,59.988501764078514,0.0017715294798053688,GBPCAD_merged,-16.89584489504081
2024-05-22 20:00:00,2024-05-23 17:00:00,-1.1,30.0,0.7616712216052772,10881.017451503962,1,1.08498,1.0819886069482867,1.0891679502723988,1.08536,1.10296,30.476617009802457,0.001067757899802897,AUDNZD_merged,-33.761671221605276
2024-05-24 10:00:00,2024-05-26 17:00:00,1.1,30.0,1.2201224963080337,17430.321375829055,-1,0.99204,0.993747438397623,0.9901618177626147,0.97259,0.98367,61.7142150432178,0.0007764813406552762,EURCHF_merged,31.779877503691967
2024-05-22 16:00:00,2024-05-27 17:00:00,-1.1,15.000000000000002,0.5643353754974447,8061.933935677782,1,0.85091,0.8493268004722149,0.8532847992916778,0.85205,0.86445,35.02717642973719,0.000588999831351829,EURGBP_merged,-17.06433537549745
2024-05-23 07:00:00,2024-05-27 20:00:00,-1.1,30.0,0.9843204047356936,14061.720067652766,1,1.08361,1.0812981704483093,1.0859218295516906,1.08536,1.10296,34.307450990066414,0.0008936795477707907,AUDNZD_merged,-33.98432040473569
2024-05-23 09:00:00,2024-05-27 20:00:00,-1.1,15.0,0.44927363210070903,6418.1947442958435,1,1.08378,1.0812470915035028,1.0870727810454461,1.08536,1.10296,41.053443759246825,0.000906744099863629,AUDNZD_merged,-16.94927363210071
2024-05-23 04:00:00,2024-05-27 20:00:00,-1.1,30.0,1.0067999453761614,14382.856362516592,1,1.08353,1.0812699551813147,1.086016049300554,1.08536,1.10296,33.52405486247013,0.0009474404547487322,AUDNZD_merged,-34.00679994537616
2024-05-27 17:00:00,2024-05-27 20:00:00,-1.1,30.0,0.9647937390355212,13782.767700507447,-1,0.61454,0.6158776268395876,0.6130686104764536,0.58737,0.60478,64.59499488286762,0.0005828928234360118,NZDUSD_merged,-33.96479373903552
2024-05-27 08:00:00,2024-05-27 21:00:00,-1.1,30.0,0.7864350795454653,11234.786850649505,-1,96.351,96.60828391988433,96.06798768812723,90.789,95.389,67.536965345242,0.1141581043011253,NZDJPY_merged,-33.78643507954546
2024-05-27 08:00:00,2024-05-27 21:00:00,-1.1,15.0,0.36176013659091394,5168.001951298771,-1,96.351,96.63065643465687,95.93151534801468,90.789,95.389,68.70699721386183,0.1141581043011253,NZDJPY_merged,-16.861760136590913
2024-05-27 13:00:00,2024-05-27 21:00:00,-1.1,15.0,0.4083943739156955,5834.205341652793,-1,0.6148,0.6163806779946809,0.6124289830079788,0.58737,0.60823,69.70855000250071,0.0006085375408814694,NZDUSD_merged,-16.908394373915694
2024-05-27 13:00:00,2024-05-27 21:00:00,-1.1,30.0,0.816788747831391,11668.410683305587,-1,0.6148,0.6163806779946809,0.6132193220053191,0.58737,0.60478,66.5046628574857,0.0006085375408814694,NZDUSD_merged,-33.81678874783139
2024-05-27 17:00:00,2024-05-27 21:00:00,-1.1,15.0,0.38259062065201693,5465.580295028813,-1,0.61454,0.616226572971654,0.6123474551368498,0.58517,0.60823,63.08440975597936,0.0005828928234360118,NZDUSD_merged,-16.882590620652017
2024-05-28 02:00:00,2024-05-28 13:00:00,1.1,30.000000000000004,1.003831188146438,14340.445544949114,-1,0.61574,0.6170281189738561,0.6143230691287582,0.58737,0.60478,65.37302895983024,0.0005500480329233089,NZDUSD_merged,31.99616881185357
2024-05-28 01:00:00,2024-05-28 13:00:00,1.0,30.0,0.9087354464956676,12981.93494993811,-1,0.61587,0.6172932161901327,0.6144467838098674,0.58737,0.60478,64.81048314866416,0.0005600517277635481,NZDUSD_merged,29.09126455350433
2024-05-28 05:00:00,2024-05-29 01:00:00,1.1,30.0,0.8819002704821208,12598.575292601727,-1,96.635,96.86510935226164,96.3818797125122,90.789,95.389,64.72493939258152,0.10040129128575286,NZDJPY_merged,32.11809972951788
2024-05-27 13:00:00,2024-05-29 20:00:00,1.0,30.0,0.7333902093411337,10477.002990587625,-1,96.463,96.73921353192318,96.1867864680768,90.789,95.389,65.90258961880548,0.10602216900004098,NZDJPY_merged,29.266609790658865
2024-05-28 07:00:00,2024-05-29 20:00:00,1.3,15.0,0.3422113684794419,4888.733835420599,-1,96.623,96.91946633439092,96.2375937652918,90.789,95.389,61.710165532835404,0.10107050115965355,NZDJPY_merged,19.157788631520557
2024-05-30 23:00:00,2024-05-31 02:00:00,1.1,30.0,0.8633224174622629,12333.177392318043,1,0.66044,0.6588335040120041,0.6622071455867955,0.65956,0.6703,37.023704355216495,0.0006971567653399546,CADCHF_merged,32.136677582537736
2024-05-30 18:00:00,2024-05-31 10:00:00,-1.1,30.0,0.6749698551198632,9642.426501712333,-1,173.543,174.08293566858669,173.00306433141333,167.301,172.713,68.19274139062433,0.21054753404648333,CHFJPY_merged,-33.67496985511986
2024-05-30 22:00:00,2024-05-31 10:00:00,-1.1,30.0,0.5471222530911547,7816.032187016497,-1,173.454,174.119762355565,172.5885089377655,167.301,172.713,61.996128862042305,0.22046085276712007,CHFJPY_merged,-33.54712225309115
2024-05-30 22:00:00,2024-05-31 10:00:00,-1.1,30.0,0.6898497973758039,9854.997105368628,-1,173.454,173.98201841993088,172.87317973807606,167.301,172.713,61.82477234563433,0.22046085276712007,CHFJPY_merged,-33.68984979737581
2024-05-30 22:00:00,2024-05-31 10:00:00,-1.1,15.0,0.31733090679286974,4533.298668469568,-1,173.454,174.02793306514226,172.59310040228664,167.301,172.713,61.617410804254504,0.22046085276712007,CHFJPY_merged,-16.81733090679287
2024-06-03 22:00:00,2024-06-04 03:00:00,-1.1,60.0,1.6506448912058103,23580.64130294015,-1,0.84273,0.8448742928269171,0.8403712778903911,0.80878,0.82482,67.85195976517109,0.0009378511413019455,NZDCAD_merged,-67.65064489120581
2024-06-03 22:00:00,2024-06-04 03:00:00,-1.1,30.0,0.8697922415763085,12425.603451090123,1,0.89587,0.893707038651218,0.8982492574836602,0.89876,0.91579,32.45997375013082,0.000901102407893349,USDCHF_merged,-33.869792241576306
2024-06-04 03:00:00,2024-06-04 03:00:00,-1.1,30.0,0.64951829647026,9278.832806718001,1,0.65663,0.6545070066871194,0.6587529933128807,0.65956,0.6703,28.39709968446235,0.0009956832304985478,CADCHF_merged,-33.64951829647026
2024-06-03 21:00:00,2024-06-04 03:00:00,-1.1,30.0,0.5706307310533504,8151.8675864764355,1,0.65692,0.6545024435577567,0.6600628233749162,0.65956,0.6703,35.9947714430788,0.0008040944273192797,CADCHF_merged,-33.57063073105335
2024-06-03 22:00:00,2024-06-04 04:00:00,-1.1,29.999999999999996,0.8002088622502037,11431.555175002912,1,0.89587,0.8935189550556718,0.8993965674164924,0.89876,0.91579,32.47780094146072,0.000901102407893349,USDCHF_merged,-33.8002088622502
2024-06-04 03:00:00,2024-06-04 04:00:00,-1.1,15.000000000000002,0.32783790157485154,4683.398593926451,1,0.89631,0.8934392962299995,0.9000419149010008,0.89876,0.91579,29.988724242479133,0.0011063337194583054,USDCHF_merged,-16.827837901574856
2024-06-03 21:00:00,2024-06-04 05:00:00,1.1,29.999999999999996,0.8688554320091675,12412.220457273823,-1,0.91125,0.9134524665203219,0.9088272868276459,0.90034,0.9125,59.812300639005144,0.0009691945578939299,AUDCAD_merged,32.13114456799083
2024-06-03 22:00:00,2024-06-04 05:00:00,1.1,30.0,0.9715298838045427,13878.998340064898,-1,1.28059,1.2833580455792761,1.2775451498627959,1.24457,1.2634,65.9969517739724,0.0011561053580929224,GBPUSD_merged,32.02847011619546
2024-06-03 20:00:00,2024-06-04 05:00:00,1.0,29.999999999999996,0.8277769506482736,11825.385009261052,-1,0.91164,0.9139527534518819,0.9093272465481181,0.90034,0.9125,65.03447064294912,0.0009575941392703851,AUDCAD_merged,29.17222304935172
2024-06-03 22:00:00,2024-06-04 06:00:00,-1.1,15.0,0.357236099218841,5103.372845983443,1,0.89587,0.8932368296623524,0.8995564384727067,0.89876,0.9224,32.63369105505177,0.000901102407893349,USDCHF_merged,-16.85723609921884
2024-06-03 22:00:00,2024-06-04 06:00:00,-1.1,15.0,0.34491761303888085,4927.394471984013,1,0.89587,0.8931427878645792,0.8988699333489629,0.89876,0.91579,32.47780094146072,0.000901102407893349,USDCHF_merged,-16.84491761303888
2024-06-03 22:00:00,2024-06-04 06:00:00,1.5,30.000000000000004,0.8938074931001794,12768.678472859707,-1,1.28059,1.2835987451948654,1.2760768822077015,1.24457,1.2634,66.75387947960905,0.0011561053580929224,GBPUSD_merged,44.10619250689983
2024-06-03 22:00:00,2024-06-04 06:00:00,-1.1,15.0,0.357236099218841,5103.372845983443,1,0.89587,0.8932368296623524,0.8995564384727067,0.89876,0.91579,32.45997375013082,0.000901102407893349,USDCHF_merged,-16.85723609921884
2024-06-03 22:00:00,2024-06-04 06:00:00,-1.1,30.0,0.6898352260777617,9854.788943968026,1,0.89587,0.8931427878645792,0.8999608182031312,0.89876,0.91579,32.55141985124061,0.000901102407893349,USDCHF_merged,-33.68983522607776
2024-06-03 22:00:00,2024-06-04 10:00:00,-1.1,30.0,0.7592966499546726,10847.094999352466,-1,0.84273,0.845060753072736,0.839233870390896,0.8074,0.82482,68.47322107546238,0.0009378511413019455,NZDCAD_merged,-33.75929664995467
2024-06-03 22:00:00,2024-06-04 11:00:00,-1.1,15.0,0.32728303877356574,4675.471982479511,-1,0.84273,0.8454336735643737,0.8392152243663141,0.8074,0.82482,65.97605529757347,0.0009378511413019455,NZDCAD_merged,-16.827283038773565
2024-06-03 21:00:00,2024-06-04 21:00:00,-1.1,30.0,0.7622171197534336,10888.815996477624,-1,0.84334,0.8456635033091002,0.8410164966908997,0.80878,0.82482,64.17951412403981,0.0009323012290943977,NZDCAD_merged,-33.76221711975344
2024-06-03 21:00:00,2024-06-04 22:00:00,-1.1,30.000000000000004,0.6570837239253738,9386.910341791056,-1,0.84334,0.8460352638385563,0.8392971042421654,0.8074,0.82482,64.17951412403981,0.0009323012290943977,NZDCAD_merged,-33.65708372392538
2024-06-04 07:00:00,2024-06-05 09:00:00,-1.1,30.000000000000004,1.1491683779011277,16416.691112873254,-1,1.48778,1.4904987817382398,1.4847893400879366,1.45794,1.47635,54.05489038778453,0.0012597876582954872,EURCAD_merged,-34.149168377901134
2024-06-04 21:00:00,2024-06-05 10:00:00,1.1,30.0,0.7612736620999584,10875.338029999406,1,0.89046,0.8880036349724202,0.8931620015303379,0.89876,0.91579,33.275607493042045,0.001024557309271381,USDCHF_merged,32.23872633790004
2024-06-04 21:00:00,2024-06-05 11:00:00,1.1,30.0,0.7708798576370901,11012.569394815573,1,0.96917,0.9665298259445532,0.9720741914609915,0.97259,0.99298,34.464007965869975,0.0010909087801493592,EURCHF_merged,32.22912014236291
2024-06-04 22:00:00,2024-06-07 08:00:00,-1.1,15.000000000000002,0.29636753780261316,4233.82196860876,1,0.65147,0.649161908145299,0.653778091854701,0.65956,0.6703,35.30109593321043,0.0008780055460318141,CADCHF_merged,-16.796367537802617
2024-06-03 21:00:00,2024-06-07 08:00:00,1.5,15.0,0.39967349872421704,5709.621410345958,-1,0.91125,0.9136439853481759,0.9076590219777361,0.87809,0.9125,59.868356852905826,0.0009691945578939299,AUDCAD_merged,22.100326501275784
2024-06-04 21:00:00,2024-06-07 08:00:00,-1.1,30.0,0.6311209062687507,9016.012946696439,1,0.6511,0.6489335213008809,0.6534831265690311,0.65956,0.6703,35.68138785407662,0.0009232367418803971,CADCHF_merged,-33.63112090626875
2024-06-03 20:00:00,2024-06-07 08:00:00,1.5,15.0,0.3568004097621868,5097.148710888383,-1,0.91164,0.9143227940041829,0.9076158089937256,0.87809,0.9125,65.03447064294912,0.0009575941392703851,AUDCAD_merged,22.143199590237813
2024-06-04 21:00:00,2024-06-09 17:00:00,-1.678532290854807,30.0,0.7092094690261227,10131.563843230326,1,0.96917,0.9663002455919056,0.9734746316121415,0.97259,0.98367,34.767363346086846,0.0010909087801493592,EURCHF_merged,-51.06517819467033
2024-06-07 16:00:00,2024-06-09 17:00:00,-2.345763005091349,15.0,0.6048151872705806,8640.216961008295,1,0.84898,0.847506113399991,0.8508960525800116,0.85272,0.86203,35.732035553918884,0.0004947912758649351,EURGBP_merged,-35.791260263640815
2024-06-07 16:00:00,2024-06-09 17:00:00,-2.345763005091349,15.0,0.6048151872705806,8640.216961008295,1,0.84898,0.847506113399991,0.8506012752600097,0.85272,0.86203,31.445704793945946,0.0004947912758649351,EURGBP_merged,-35.791260263640815
2024-06-09 20:00:00,2024-06-10 04:00:00,1.0,30.000000000000004,0.7953354480812607,11361.934972589439,1,0.90548,0.90308917483989,0.9078708251601099,0.90469,0.9125,33.821336942937826,0.0009294493451836902,AUDCAD_merged,29.204664551918743
2024-06-10 05:00:00,2024-06-10 08:00:00,-1.1,30.0,1.1734992716677322,16764.275309539033,1,0.84643,0.8449152968869134,0.8480961734243952,0.84834,0.86203,31.433542973179147,0.0006586689586995684,EURGBP_merged,-34.17349927166773
2024-06-09 21:00:00,2024-06-10 08:00:00,-1.1,15.0,0.4498568266924606,6426.52609560658,1,0.84702,0.8450429909890685,0.849787812615304,0.85205,0.86203,30.031016539879648,0.0006834978862782706,EURGBP_merged,-16.94985682669246
2024-06-10 05:00:00,2024-06-10 09:00:00,-1.1,15.000000000000002,0.5398096649671568,7711.566642387955,1,0.84643,0.844783583572732,0.8488996246409021,0.84834,0.86203,31.265007024636976,0.0006586689586995684,EURGBP_merged,-17.03980966496716
2024-06-10 05:00:00,2024-06-10 09:00:00,-1.1,15.0,0.4819729151492471,6885.327359274959,1,0.84643,0.8445860136014598,0.8490115809579564,0.85272,0.86203,31.433542973179147,0.0006586689586995684,EURGBP_merged,-16.981972915149246
2024-06-07 13:00:00,2024-06-10 10:00:00,1.1,15.0,0.3448753549218671,4926.790784598102,1,0.90562,0.9028627690571991,0.9086529540370809,0.90469,0.9125,30.952509884523185,0.0011481677719382417,AUDCAD_merged,16.155124645078132
2024-06-10 05:00:00,2024-06-10 10:00:00,-1.1,15.0,0.4653531594544454,6647.902277920649,1,0.84643,0.8445201569443691,0.8492947645834464,0.85272,0.86203,31.997795600070084,0.0006586689586995684,EURGBP_merged,-16.965353159454445
2024-06-05 06:00:00,2024-06-11 02:00:00,-1.1,30.0,0.6490624734223963,9272.321048891377,-1,174.883,175.44882272899486,174.2605949981057,167.301,172.713,62.316467381622346,0.24129489058797873,CHFJPY_merged,-33.6490624734224
2024-06-10 13:00:00,2024-06-11 06:00:00,-1.1,30.0,1.093821970930882,15626.028156155458,1,0.84482,0.843198052327391,0.84660414243987,0.84834,0.86203,33.507219223802814,0.0006919664516744711,EURGBP_merged,-34.09382197093088
2024-06-10 12:00:00,2024-06-12 08:00:00,1.0,30.0,0.6934591428853069,9906.559184075813,1,1.07501,1.0717545508172162,1.0782654491827839,1.07883,1.08949,35.93055653501164,0.0012713096964626041,EURUSD_merged,29.306540857114694
2024-06-11 18:00:00,2024-06-12 08:00:00,-1.1,30.0,0.765672928879757,10938.184698282244,1,1.74858,1.7437841950792587,1.7533758049207413,1.78413,1.81554,34.61838540692972,0.0018505846848468064,EURNZD_merged,-33.76567292887976
2024-06-11 18:00:00,2024-06-12 08:00:00,-1.1,30.0,0.7362239700766895,10517.485286809851,1,1.74858,1.743592362882429,1.7560614556763565,1.78435,1.81554,35.26743569544965,0.0018505846848468064,EURNZD_merged,-33.736223970076686
2024-06-12 10:00:00,2024-06-12 14:00:00,1.2,15.0,0.4056869891185104,5795.528415978721,1,0.89109,0.8887836788087955,0.8938575854294455,0.89876,0.91579,20.10028313341839,0.0011613043988850488,USDCHF_merged,17.59431301088149
2024-06-12 12:00:00,2024-06-12 15:00:00,1.2,15.0,0.4097821006606839,5854.030009438342,1,0.89177,0.889484984381967,0.8945120187416394,0.89876,0.91579,34.36471628693379,0.001196736956181502,USDCHF_merged,17.590217899339315
2024-06-12 12:00:00,2024-06-12 15:00:00,1.4,15.0,0.4866162445345621,6951.66063620803,1,0.89177,0.8898457763216564,0.8944639131496809,0.89876,0.91579,34.36471628693379,0.001196736956181502,USDCHF_merged,20.513383755465437
2024-06-12 14:00:00,2024-06-12 15:00:00,1.4,60.00000000000001,1.4497182653912208,20710.2609341603,-1,0.62105,0.6228492530426566,0.6185310457402807,0.58737,0.60478,63.37045521218141,0.0012434950693989315,NZDUSD_merged,82.55028173460877
2024-06-12 12:00:00,2024-06-12 15:00:00,1.0,15.000000000000002,0.35390272329786326,5055.753189969476,1,0.89177,0.8891241924422776,0.8944158075577223,0.89876,0.91579,31.270092912230556,0.001196736956181502,USDCHF_merged,14.646097276702138
2024-06-12 12:00:00,2024-06-13 00:00:00,1.5,15.0,0.43254777291961066,6179.253898851582,1,0.89177,0.8896052483618635,0.8950171274572046,0.89876,0.91579,27.69454168891639,0.001196736956181502,USDCHF_merged,22.067452227080388
2024-06-12 10:00:00,2024-06-13 03:00:00,-1.1,14.999999999999998,0.3098566182324329,4426.523117606184,-1,96.795,97.12300574207443,96.40139310951069,95.264,96.855,62.96886580405242,0.15251541061582766,NZDJPY_merged,-16.809856618232434
2024-06-12 10:00:00,2024-06-13 03:00:00,-1.1,14.999999999999998,0.3098566182324329,4426.523117606184,-1,96.795,97.12300574207443,96.46699425792558,90.789,95.389,61.918881224964714,0.15251541061582766,NZDJPY_merged,-16.809856618232434
2024-06-12 12:00:00,2024-06-13 07:00:00,1.3,15.0,0.2684779280190687,3835.3989717009817,1,0.89177,0.8882823445830024,0.8963039520420969,0.89876,0.91579,26.50846636233274,0.001196736956181502,USDCHF_merged,19.23152207198093
2024-06-13 19:00:00,2024-06-14 02:00:00,-1.1,60.0,1.8579971390743464,26542.816272490665,1,0.95995,0.9577800343336327,0.9625539587996407,0.97259,0.99298,23.853271310930907,0.0009351803137264728,EURCHF_merged,-67.85799713907434
2024-06-14 00:00:00,2024-06-14 02:00:00,-1.1,60.0,1.6663053621796418,23804.362316852028,1,0.96037,0.9579493428434246,0.9635168543035478,0.97259,0.99298,30.434809739119476,0.0008043729811694584,EURCHF_merged,-67.66630536217964
2024-06-13 23:00:00,2024-06-14 02:00:00,-1.1,60.0,2.5579309853564123,36541.871219377324,1,0.96008,0.9585035946852811,0.9619716863776627,0.97259,0.99298,35.2490188068207,0.0008347093643363211,EURCHF_merged,-68.5579309853564
2024-06-12 10:00:00,2024-06-14 03:00:00,1.3,14.999999999999998,0.3645688583000234,5208.126547143192,-1,1.75663,1.7616892952689394,1.7500529161503786,1.73227,1.72252,61.68097500046011,0.001844256084087106,GBPCAD_merged,19.135431141699975
2024-06-13 18:00:00,2024-06-14 04:00:00,-1.1,15.0,0.8823841046560039,12605.487209371486,1,0.84146,0.8404586979645962,0.8427616926460249,0.85272,0.86203,33.778414872860516,0.0006569964981071002,EURGBP_merged,-17.382384104656005
2024-06-14 04:00:00,2024-06-14 05:00:00,1.4,60.0,1.5812339423586534,22589.056319409337,-1,176.397,176.86553750109542,175.7410474984664,167.301,172.713,63.69164213089859,0.3141333711714539,CHFJPY_merged,82.41876605764135
2024-06-13 19:00:00,2024-06-14 05:00:00,-1.1,60.0,1.8552578812007368,26503.684017153384,1,0.84162,0.8397147101554895,0.8440968767978638,0.85205,0.86203,36.91648508948308,0.0006429253196708719,EURGBP_merged,-67.85525788120074
2024-06-14 04:00:00,2024-06-14 05:00:00,1.0,30.0,0.5749941608576922,8214.202297967031,-1,176.397,177.04123906400622,175.75276093599376,167.301,172.713,64.91329120371924,0.3141333711714539,CHFJPY_merged,29.425005839142308
2024-06-14 04:00:00,2024-06-14 06:00:00,1.2,30.0,0.5749941608576922,8214.202297967031,-1,176.397,177.04123906400622,175.62391312319252,167.301,172.713,66.53511606919791,0.3141333711714539,CHFJPY_merged,35.42500583914231
2024-06-14 04:00:00,2024-06-14 06:00:00,1.5,30.0,0.7027706410482905,10039.58058640415,-1,176.397,176.92410468873234,175.60634296690145,167.301,172.713,66.19383379543505,0.3141333711714539,CHFJPY_merged,44.29722935895171
2024-06-14 06:00:00,2024-06-14 07:00:00,-1.1,30.0,0.8802674685124329,12575.249550177614,1,1.13591,1.1332001293239529,1.1399748060140706,1.13526,1.16766,25.516445175956704,0.001506520586849659,GBPCHF_merged,-33.880267468512436
2024-06-14 06:00:00,2024-06-14 07:00:00,-1.1,14.999999999999998,0.5307103050805289,7581.575786864698,1,0.64974,0.6484545020673822,0.6514111473124031,0.65956,0.67053,39.813787322547675,0.000853641577334872,CADCHF_merged,-17.03071030508053
2024-06-14 06:00:00,2024-06-14 07:00:00,-1.1,60.00000000000001,1.9806018041529743,28294.311487899635,1,1.13591,1.133501226065736,1.1392822835079697,1.13526,1.16766,31.843146903804502,0.001506520586849659,GBPCHF_merged,-67.98060180415298
2024-06-14 06:00:00,2024-06-14 08:00:00,-1.1,30.000000000000004,0.7202188378738088,10288.840541054413,1,1.13591,1.132597935840387,1.1398844769915357,1.13526,1.16766,24.308353123439403,0.001506520586849659,GBPCHF_merged,-33.720218837873816
2024-06-14 06:00:00,2024-06-14 09:00:00,-1.1,60.0,1.0980213208562666,15686.018869375237,1,0.64974,0.6472547039969389,0.6529708848039795,0.65956,0.67053,38.97585760637716,0.000853641577334872,CADCHF_merged,-67.09802132085626
2024-06-14 12:00:00,2024-06-16 17:00:00,-1.1,14.999999999999998,0.4688173584061787,6697.390834373982,1,0.64827,0.6468180838373517,0.6501574910114428,0.65956,0.67053,41.66668060895891,0.0009680909578299022,CADCHF_merged,-16.968817358406177
2024-06-13 18:00:00,2024-06-17 00:00:00,1.3,15.0,0.4564055713737951,6520.0795910542165,1,0.84146,0.8395241493982193,0.8439766057823148,0.84834,0.85403,33.778414872860516,0.0006569964981071002,EURGBP_merged,19.043594428626204
2024-06-13 18:00:00,2024-06-17 00:00:00,1.3,60.0,1.8256222854951805,26080.318364216866,1,0.84146,0.8395241493982193,0.8439766057823148,0.85205,0.86203,31.037630561561976,0.0006569964981071002,EURGBP_merged,76.17437771450481
2024-06-14 04:00:00,2024-06-17 14:00:00,-1.1,60.0,0.9035622527763735,12908.032182519622,-1,176.397,177.216940626917,175.3310771850079,167.301,172.713,64.08006886281095,0.3141333711714539,CHFJPY_merged,-66.90356225277637
2024-06-14 04:00:00,2024-06-17 15:00:00,-1.1,30.0,0.43620246685755953,6231.463812250851,-1,176.397,177.24622422073546,175.29300851304387,167.301,172.713,65.78381221100877,0.3141333711714539,CHFJPY_merged,-33.43620246685756
2024-06-14 04:00:00,2024-06-17 15:00:00,-1.1,30.0,0.43620246685755953,6231.463812250851,-1,176.397,177.24622422073546,175.29300851304387,167.301,172.713,65.78381221100877,0.3141333711714539,CHFJPY_merged,-33.43620246685756
2024-06-14 04:00:00,2024-06-17 15:00:00,-1.1,60.0,0.8724049337151191,12462.927624501703,-1,176.397,177.24622422073546,175.29300851304387,167.301,172.713,66.53511606919791,0.3141333711714539,CHFJPY_merged,-66.87240493371512
2024-06-17 22:00:00,2024-06-18 02:00:00,-1.1,30.0,0.8610360966216294,12300.515666023279,-1,177.2,177.6321770033336,176.76782299666638,167.301,172.713,61.18690638325736,0.1897695143940525,CHFJPY_merged,-33.86103609662163
2024-06-17 22:00:00,2024-06-18 02:00:00,-1.1,30.0,0.8610360966216294,12300.515666023279,-1,177.2,177.6321770033336,176.68138759599967,167.301,172.713,60.09444953430343,0.1897695143940525,CHFJPY_merged,-33.86103609662163
2024-06-17 22:00:00,2024-06-18 03:00:00,-1.1,30.0,0.6765283616312804,9664.690880446864,-1,177.2,177.7500434587882,176.4849435035753,167.301,172.713,61.17853344561845,0.1897695143940525,CHFJPY_merged,-33.67652836163128
2024-06-12 13:00:00,2024-06-18 03:00:00,1.3,15.0,0.27920656470720223,3988.6652101028894,1,2.06635,2.058579167311036,2.0764520824956527,2.06668,2.08944,32.15311889171353,0.002687483373313537,GBPNZD_merged,19.220793435292798
2024-06-17 22:00:00,2024-06-18 03:00:00,-1.1,30.0,0.6531997974370982,9331.425677672833,-1,177.2,177.76968786803064,176.45940577156014,167.301,172.713,60.09444953430343,0.1897695143940525,CHFJPY_merged,-33.6531997974371
2024-06-18 06:00:00,2024-06-18 08:00:00,1.0,30.0,1.011277375899852,14446.81965571217,-1,158.098,158.4263033991585,157.7696966008415,154.548,157.707,64.35840764368488,0.14478390224221926,USDJPY_merged,28.98872262410015
2024-06-18 14:00:00,2024-06-18 21:00:00,-1.1,90.0,3.214751410004167,45925.02014291668,1,1.90978,1.9060373734433842,1.9150196771792622,1.90919,1.93457,33.87179354046134,0.0022999171980360254,GBPAUD_merged,-102.21475141000418
2024-06-18 14:00:00,2024-06-19 01:00:00,-1.1,60.0,1.8047727214058484,25782.46744865498,1,1.90978,1.9053356309640186,1.9151132428431776,1.90919,1.94799,33.87179354046134,0.0022999171980360254,GBPAUD_merged,-67.80477272140585
2024-06-18 14:00:00,2024-06-19 01:00:00,-1.1,60.0,1.905037872595062,27214.826751358032,1,1.90978,1.905569545123807,1.9160956823142894,1.90919,1.92474,27.788718163754798,0.0022999171980360254,GBPAUD_merged,-67.90503787259506
2024-06-19 00:00:00,2024-06-19 02:00:00,-1.1,30.0,1.4337835654786455,20482.622363980652,1,1.612,1.609638974192824,1.615069333549329,1.62128,1.64046,31.47454601239997,0.0015580159758709126,EURAUD_merged,-34.43378356547865
2024-06-19 00:00:00,2024-06-19 03:00:00,-1.1,30.0,1.0288588083256336,14697.98297608048,-1,0.91376,0.9156250722377766,0.9115219133146681,0.9045,0.9125,71.88000451961415,0.0008386343860745121,AUDCAD_merged,-34.02885880832564
2024-06-19 04:00:00,2024-06-19 17:00:00,1.3,29.999999999999996,1.513240479564273,21617.721136632474,-1,0.91507,0.9163398887096607,0.9134191446774413,0.87809,0.9125,69.84825291533521,0.0008211215821708214,AUDCAD_merged,37.486759520435726
2024-06-19 13:00:00,2024-06-19 21:00:00,-1.1,30.0,1.3605375132427873,19436.250189182676,-1,105.363,105.52562859189574,105.15158283053555,102.612,104.86,70.7481151227391,0.1032462711735506,AUDJPY_merged,-34.36053751324279
2024-06-18 11:00:00,2024-06-20 03:00:00,1.0,30.0,0.8035247058511716,11478.924369302453,1,0.6443,0.6426161314267659,0.6459838685732341,0.65956,0.67053,30.732621281171067,0.0007850094627287171,CADCHF_merged,29.19647529414883
2024-06-18 11:00:00,2024-06-20 03:00:00,1.5,60.0,1.8601532297389924,26573.617567699894,1,0.88447,0.8824729741955606,0.887465538706659,0.89876,0.91579,29.155739239645733,0.0011337831530838056,USDCHF_merged,88.139846770261
2024-06-18 11:00:00,2024-06-20 03:00:00,1.0,60.0,1.52194355160463,21742.050737209003,1,0.88447,0.882029190683463,0.886910809316537,0.89876,0.91579,30.949641822370527,0.0011337831530838056,USDCHF_merged,58.47805644839537
2024-06-18 13:00:00,2024-06-20 03:00:00,1.3,15.0,0.30338577345742707,4334.082477963244,1,0.64431,0.6420800816610805,0.6472088938405954,0.65956,0.67053,33.06913857112124,0.0007511561183732591,CADCHF_merged,19.19661422654257
2024-06-18 14:00:00,2024-06-20 03:00:00,1.3,15.0,0.5599432766826982,7999.189666895689,1,0.88452,0.8828613569933329,0.8866762359086672,0.89876,0.91579,30.361609286777547,0.0010867790041272365,USDCHF_merged,18.9400567233173
2024-06-18 11:00:00,2024-06-20 03:00:00,1.5,30.0,0.9820857515958764,14029.796451369664,1,0.6443,0.6429222893491721,0.6463665659762419,0.65956,0.67053,28.376012723312233,0.0007850094627287171,CADCHF_merged,44.017914248404125
2024-06-19 18:00:00,2024-06-20 03:00:00,-1.1,30.0,1.0156566509781944,14509.380728259921,-1,105.362,105.57984940785539,105.1441505921446,102.612,104.86,67.68015548627078,0.09852085396494215,AUDJPY_merged,-34.015656650978194
2024-06-19 05:00:00,2024-06-20 03:00:00,-1.1,89.99999999999999,3.9339702368162657,56199.57481166093,1,1.60991,1.6073318328077113,1.613519434069204,1.62128,1.64199,35.01111392109555,0.0015891148883818542,EURAUD_merged,-102.93397023681625
2024-06-19 06:00:00,2024-06-20 03:00:00,-1.1,30.0,1.4181529708621499,20259.32815517357,1,1.60972,1.6073363276674273,1.6128187740323447,1.62128,1.64046,37.16257925168657,0.0016034638249260204,EURAUD_merged,-34.41815297086215
2024-06-18 11:00:00,2024-06-20 03:00:00,1.4,60.0,2.092672383456366,29895.319763662377,1,0.88447,0.8826948659516094,0.8869551876677467,0.89876,0.91579,32.52761794072502,0.0011337831530838056,USDCHF_merged,81.90732761654364
2024-06-19 13:00:00,2024-06-20 03:00:00,-1.1,30.0,0.9276392135746274,13251.988765351822,-1,105.363,105.60152193478041,105.0767736782635,102.612,104.86,72.15743785330612,0.1032462711735506,AUDJPY_merged,-33.92763921357463
2024-06-18 11:00:00,2024-06-20 03:00:00,1.2,15.0,0.3804858879011575,5435.512684302251,1,0.88447,0.882029190683463,0.8873989711798443,0.88808,0.91579,28.538376505766884,0.0011337831530838056,USDCHF_merged,17.61951411209884
2024-06-18 13:00:00,2024-06-20 03:00:00,1.2,30.0,0.9261249926595144,13230.357037993064,1,0.64431,0.6428490190193287,0.6460631771768057,0.65956,0.67053,35.40125545377817,0.0007511561183732591,CADCHF_merged,35.07387500734048
2024-06-18 11:00:00,2024-06-20 03:00:00,1.2,30.0,0.8811252140868913,12587.503058384162,1,0.88447,0.8823620283175362,0.8869995660189565,0.89876,0.91579,32.52761794072502,0.0011337831530838056,USDCHF_merged,35.11887478591311
2024-06-19 00:00:00,2024-06-20 03:00:00,-1.1,30.0,0.7416121890406786,10594.459843438266,1,1.612,1.6074353501061263,1.6179340448620358,1.62128,1.64199,31.47454601239997,0.0015580159758709126,EURAUD_merged,-33.74161218904068
2024-06-18 13:00:00,2024-06-20 03:00:00,1.4,90.0,3.299320286349519,47133.14694785028,1,0.64431,0.643079700226803,0.6460324196824758,0.65956,0.67053,35.40125545377817,0.0007511561183732591,CADCHF_merged,122.70067971365047
2024-06-18 14:00:00,2024-06-20 03:00:00,1.3,15.0,0.28962583276691284,4137.511896670184,1,0.88452,0.8813132901871104,0.8886887227567566,0.89876,0.91579,30.361609286777547,0.0010867790041272365,USDCHF_merged,19.210374167233088
2024-06-19 18:00:00,2024-06-20 04:00:00,-1.1,15.0,0.39900797002714794,5700.113857530685,-1,105.362,105.63926288272505,105.00155825245741,102.612,104.86,66.67791133608283,0.09852085396494215,AUDJPY_merged,-16.89900797002715
2024-06-19 13:00:00,2024-06-20 05:00:00,-1.1,30.0,0.7037262999531657,10053.232856473796,-1,105.363,105.67741527766509,104.95426013903538,102.612,104.86,70.7481151227391,0.1032462711735506,AUDJPY_merged,-33.70372629995317
2024-06-19 13:00:00,2024-06-20 05:00:00,-1.1,30.0,0.7037262999531657,10053.232856473796,-1,105.363,105.67741527766509,104.95426013903538,102.612,104.86,72.15743785330612,0.1032462711735506,AUDJPY_merged,-33.70372629995317
2024-06-19 04:00:00,2024-06-20 09:00:00,1.5,30.0,1.2610337329702277,18014.767613860397,-1,0.91507,0.9165938664515927,0.9127842003226111,0.9045,0.9125,70.6920992516839,0.0008211215821708214,AUDCAD_merged,43.738966267029774
2024-06-20 07:00:00,2024-06-20 11:00:00,-1.1,30.0,0.9991840878482755,14274.058397832508,-1,158.417,158.74994735579347,157.98416843746847,154.548,157.707,74.29910783389961,0.11196590210135864,USDJPY_merged,-33.99918408784828
2024-06-20 07:00:00,2024-06-20 11:00:00,-1.1,30.0,0.9991840878482755,14274.058397832508,-1,158.417,158.74994735579347,157.98416843746847,154.548,157.707,71.02154830230216,0.11196590210135864,USDJPY_merged,-33.99918408784828
2024-06-19 04:00:00,2024-06-20 11:00:00,1.3,29.999999999999996,0.7827105928780721,11181.579898258175,-1,0.91507,0.9175251181720104,0.9118783463763865,0.87809,0.9125,69.84825291533521,0.0008211215821708214,AUDCAD_merged,38.217289407121925
2024-06-20 12:00:00,2024-06-20 15:00:00,-1.1,30.0,1.1033525322848738,15762.179032641056,-1,115.852,116.07249996975689,115.58740003629174,112.959,115.542,73.94662126391002,0.12176314311426925,CADJPY_merged,-34.10335253228487
2024-06-18 23:00:00,2024-06-20 17:00:00,1.3,30.0,0.7711729428418962,11016.756326312803,-1,0.91411,0.916599235414466,0.9108739939611942,0.87809,0.9125,70.0270065045523,0.0008477601080802481,AUDCAD_merged,38.22882705715811
2024-06-20 17:00:00,2024-06-20 20:00:00,-1.1,60.0,3.267602438122958,46680.034830327975,-1,158.893,159.09723249542662,158.6070745064027,154.548,157.707,71.61460789294026,0.12224207323867209,USDJPY_merged,-69.26760243812296
2024-06-20 22:00:00,2024-06-21 03:00:00,1.5,60.0,2.455110569590604,35073.008137008634,-1,116.159,116.35771520494548,115.8609271925818,112.959,115.542,75.32244702583863,0.10994038350361927,CADJPY_merged,87.5448894304094
2024-06-21 00:00:00,2024-06-21 03:00:00,1.3,15.0,0.7678146105329405,10968.78015047058,-1,116.13,116.28880981988003,115.92354723415595,112.959,115.542,72.61247096323658,0.10102512659240702,CADJPY_merged,18.73218538946706
2024-06-21 04:00:00,2024-06-21 07:00:00,-1.1,30.0,1.3542796540709043,19346.85220101292,-1,115.937,116.1167765323197,115.70329050798438,112.959,115.542,58.87835340895655,0.12193309143600935,CADJPY_merged,-34.35427965407091
2024-06-20 22:00:00,2024-06-21 09:00:00,-1.1,60.0,2.806185800440434,40088.36857772049,-1,158.961,159.19891589277347,158.60412616083983,154.548,157.707,70.1496431574957,0.13394867484345377,USDJPY_merged,-68.80618580044043
2024-06-21 04:00:00,2024-06-21 10:00:00,-1.1,15.0,0.534584073975357,7636.915342505101,-1,115.937,116.16471694093829,115.66373967087404,112.959,115.542,61.810860355460136,0.12193309143600935,CADJPY_merged,-17.034584073975356
2024-06-21 13:00:00,2024-06-21 16:00:00,-1.1,60.0,2.1839048933230414,31198.64133318631,-1,159.475,159.78169604800456,159.01495592799316,154.548,157.707,72.57435782904737,0.1683590723833072,USDJPY_merged,-68.18390489332305
2024-06-23 21:00:00,2024-06-24 06:00:00,1.2,15.0,0.40362117487509586,5766.016783929941,-1,116.655,116.9584720614891,116.29083352621308,112.959,115.542,61.69502799360743,0.14066028569345362,CADJPY_merged,17.596378825124905
2024-06-24 06:00:00,2024-06-24 06:00:00,1.2,30.000000000000004,0.7571800518952715,10816.857884218165,-1,97.795,98.06622941166496,97.46952470600205,95.264,96.855,55.25148431235238,0.15226566076767858,NZDJPY_merged,35.24281994810473
2024-06-24 06:00:00,2024-06-24 06:00:00,1.3,15.0,0.29746359181599946,4249.479883085707,-1,97.795,98.14020106939178,97.3462386097907,95.264,95.389,58.08862249713999,0.15226566076767858,NZDJPY_merged,19.202536408184
2024-06-25 11:00:00,2024-06-25 17:00:00,-1.871288048556134,15.0,0.8676674078095956,12395.248682994225,1,0.84441,0.8433881447453024,0.8457384118311068,0.85272,0.86203,40.381927758180524,0.0006718627767175,EURGBP_merged,-28.936988136151605
2024-06-26 10:00:00,2024-06-27 08:00:00,1.3,30.0,0.8087074725719693,11552.963893885277,1,1.06746,1.0646880879353438,1.0710634856840533,1.06676,1.0916,35.28438063377018,0.001040415193116573,EURUSD_merged,38.19129252742803
2024-06-24 14:00:00,2024-06-27 08:00:00,-1.1,30.0,0.6008831203744274,8584.044576777535,-1,171.286,171.88461991093354,170.50779411578642,167.997,170.888,65.64884943036712,0.20766476638101788,EURJPY_merged,-33.60088312037443
2024-06-25 11:00:00,2024-06-27 09:00:00,1.3,15.0,0.4487934867980665,6411.335525686665,1,0.84441,0.8424344131742515,0.8469782628734731,0.8397,0.85403,40.381927758180524,0.0006718627767175,EURGBP_merged,19.051206513201933
2024-06-25 11:00:00,2024-06-27 09:00:00,1.3,30.0,0.897586973596133,12822.67105137333,1,0.84441,0.8424344131742515,0.8469782628734731,0.85205,0.86203,40.381927758180524,0.0006718627767175,EURGBP_merged,38.102413026403866
2024-06-27 17:00:00,2024-06-27 20:00:00,-1.1,15.0,0.4807606757952287,6868.009654217553,-1,171.987,172.36262629202417,171.61137370797582,167.52,170.888,64.5991975412443,0.16961499338682864,EURJPY_merged,-16.980760675795228
2024-06-26 06:00:00,2024-06-28 09:00:00,-1.1,15.000000000000002,0.33759213102535207,4822.744728933601,-1,106.748,107.08001425536659,106.41598574463342,102.612,104.86,64.57062433797658,0.1538501727196609,AUDJPY_merged,-16.837592131025357
2024-06-24 07:00:00,2024-06-28 10:00:00,-1.1,30.0,0.6123508053615727,8747.868648022468,-1,97.68,98.0149844536889,97.27801865557333,95.264,96.855,50.11307508784042,0.15453239928427281,NZDJPY_merged,-33.61235080536157
2024-06-26 13:00:00,2024-06-28 10:00:00,-1.1,30.0,0.8167612782063018,11668.018260090028,-1,117.248,117.54945993274893,116.8862480807013,112.959,115.542,72.2177342013961,0.13538243914727396,CADJPY_merged,-33.8167612782063
2024-06-24 07:00:00,2024-06-28 13:00:00,-1.1,30.0,0.4811327756412357,6873.325366303367,-1,97.68,98.1063438501495,97.12575299480565,95.264,95.389,54.884974919190554,0.15453239928427281,NZDJPY_merged,-33.481132775641235
2024-06-30 22:00:00,2024-07-01 09:00:00,-1.1,30.0,0.657109157144097,9387.273673487101,-1,172.966,173.5187675212725,172.30267897447303,167.52,170.888,74.04505456778425,0.24473953819942887,EURJPY_merged,-33.6571091571441
2024-07-01 04:00:00,2024-07-01 09:00:00,-1.1,15.0,0.31916676841875863,4559.525263125123,-1,203.891,204.56176391148313,203.0190069150719,197.196,200.734,64.79615480414544,0.24273292982859374,GBPJPY_merged,-16.819166768418757
2024-07-01 02:00:00,2024-07-01 09:00:00,-1.1,30.0,1.0689710089389366,15271.01441341338,-1,173.196,173.5362445875132,172.75368203623285,167.52,170.888,74.5847526168899,0.23027045893674458,EURJPY_merged,-34.06897100893894
2024-07-01 11:00:00,2024-07-02 03:00:00,1.3,30.0,1.1383320522641773,16261.88646091682,-1,204.425,204.80212414329907,203.93473861371123,197.196,200.734,65.62674726847682,0.25188637442323447,GBPJPY_merged,37.861667947735825
2024-07-01 11:00:00,2024-07-02 18:00:00,-1.1,30.0,0.9486100435534811,13551.572050764016,-1,204.425,204.8775489719589,203.74617654206168,197.196,200.734,65.79346661844251,0.25188637442323447,GBPJPY_merged,-33.94861004355348
2024-07-01 13:00:00,2024-07-02 20:00:00,-1.1,15.0,0.3078814294591016,4398.306135130023,-1,204.288,204.9847045735004,203.38228405444949,197.196,200.734,60.17174874802532,0.24326427182411509,GBPJPY_merged,-16.8078814294591
2024-07-02 17:00:00,2024-07-02 22:00:00,-1.1,29.999999999999996,1.4682980307946478,20975.686154209256,-1,117.987,118.15574823421639,117.7676272955187,112.959,115.542,65.0264934709403,0.1120346211815746,CADJPY_merged,-34.46829803079465
2024-07-01 11:00:00,2024-07-03 00:00:00,-1.1,30.0,0.5887924408262984,8411.320583232835,-1,204.425,205.1541066770449,203.47716131984168,197.196,200.734,65.62674726847682,0.25188637442323447,GBPJPY_merged,-33.588792440826296
2024-07-01 11:00:00,2024-07-03 00:00:00,-1.1,30.0,0.5887924408262984,8411.320583232835,-1,204.425,205.1541066770449,203.47716131984168,197.196,200.734,65.62674726847682,0.25188637442323447,GBPJPY_merged,-33.588792440826296
2024-07-02 17:00:00,2024-07-03 02:00:00,-1.1,29.999999999999996,0.7594644986868867,10849.492838384096,-1,117.987,118.31324658615168,117.5628794380028,112.959,115.542,65.0264934709403,0.1120346211815746,CADJPY_merged,-33.75946449868689
2024-07-01 04:00:00,2024-07-03 02:00:00,-1.1,29.999999999999996,0.530931907041595,7584.741529165643,-1,173.165,173.8499211644225,172.2746024862507,167.52,170.888,72.80541937590506,0.24130973245056098,EURJPY_merged,-33.5309319070416
2024-07-03 06:00:00,2024-07-03 08:00:00,-1.1,30.0,1.2437732246925817,17768.18892417974,-1,174.089,174.38293372742075,173.73627952709512,167.52,170.888,73.05071776415585,0.16079467881464643,EURJPY_merged,-34.24377322469258
2024-07-03 13:00:00,2024-07-04 07:00:00,-1.1,30.000000000000004,0.8967749908513053,12811.071297875791,-1,0.67138,0.672952187019468,0.6693361568746915,0.65753,0.6704,67.05782236900112,0.001037544345384983,AUDUSD_merged,-33.89677499085131
2024-07-03 14:00:00,2024-07-04 23:00:00,1.2,30.0,0.8951549527520024,12787.927896457179,-1,205.688,206.1705363459947,205.10895638480636,197.196,200.734,68.71891710073007,0.25439746232823096,GBPJPY_merged,35.104845047248
2024-07-03 14:00:00,2024-07-05 08:00:00,-1.1,15.0,0.47244289173022347,6749.184167574622,-1,205.688,206.1451396962055,205.00229045569174,197.196,200.734,67.94144880027429,0.25439746232823096,GBPJPY_merged,-16.972442891730225
2024-07-07 17:00:00,2024-07-07 23:00:00,-1.1,30.0,1.0151530229766315,14502.186042523306,-1,0.91885,0.9207507824006099,0.916569061119268,0.9045,0.91819,66.61024950693633,0.0010339538048093869,AUDCAD_merged,-34.015153022976634
2024-07-10 17:00:00,2024-07-11 02:00:00,-1.1,30.0,1.2708597065726221,18155.138665323175,-1,207.703,208.04621357246924,207.29114371303692,197.196,200.734,66.41661665696282,0.17773595646993048,GBPJPY_merged,-34.27085970657262
2024-07-10 14:00:00,2024-07-11 07:00:00,-1.1,15.000000000000002,0.5019137212007903,7170.196017154148,-1,175.041,175.40718454972756,174.56496008535416,167.52,170.888,68.14088374879562,0.12958161087904105,EURJPY_merged,-17.001913721200793
2024-07-10 17:00:00,2024-07-11 08:00:00,1.3,15.0,0.4163161107737899,5947.373011054142,-1,207.703,208.22685229482147,207.0219920167321,197.196,200.734,68.68885760057505,0.17773595646993048,GBPJPY_merged,19.08368388922621
2024-07-14 19:00:00,2024-07-15 06:00:00,1.2,30.0,1.5934722867623765,22763.889810891094,1,0.83947,0.8383636820460293,0.8407975815447649,0.8397,0.84989,33.222993258830726,0.000556395992542082,EURGBP_merged,34.40652771323762
2024-07-14 20:00:00,2024-07-15 09:00:00,-1.1,30.0,1.1023394571536171,15747.706530765961,-1,1.76952,1.7728910051616906,1.7654747938059714,1.72487,1.76046,72.3668958110769,0.0017231980113525435,GBPCAD_merged,-34.10233945715362
2024-07-14 20:00:00,2024-07-16 03:00:00,-1.1,30.0,0.7222224029627147,10317.462899467353,-1,1.76952,1.7746652184046856,1.7628312160739088,1.72487,1.76046,72.45474467764718,0.0017231980113525435,GBPCAD_merged,-33.722222402962714
2024-07-14 20:00:00,2024-07-16 03:00:00,-1.1,15.0,0.36111120148135734,5158.7314497336765,-1,1.76952,1.7746652184046856,1.7628312160739088,1.72487,1.76046,72.45474467764718,0.0017231980113525435,GBPCAD_merged,-16.861111201481357
2024-07-16 00:00:00,2024-07-16 10:00:00,-1.1,30.0,1.0161519275719504,14516.456108170722,-1,2.13958,2.144001699037403,2.1342739611551167,2.06104,2.08583,72.3939456109993,0.002306695018279634,GBPNZD_merged,-34.01615192757195
2024-07-16 00:00:00,2024-07-16 18:00:00,-1.1,30.0,0.6657547111678296,9510.781588111851,-1,2.13958,2.1463289090570887,2.130806418225785,2.06104,2.08583,75.44708218980817,0.002306695018279634,GBPNZD_merged,-33.66575471116783
2024-07-16 03:00:00,2024-07-16 18:00:00,-1.1,30.000000000000004,0.5630208780449871,8043.155400642674,1,0.60568,0.6034208866178877,0.6086168473967459,0.60472,0.62215,36.18178145026515,0.0007576471420556457,NZDUSD_merged,-33.563020878044995
2024-07-16 18:00:00,2024-07-16 20:00:00,1.5,15.0,0.30663047212520755,4380.435316074394,1,0.54061,0.538758779878054,0.5433868301829191,0.54026,0.56233,42.506638520647385,0.0009218817595799717,NZDCHF_merged,22.193369527874793
2024-07-16 18:00:00,2024-07-16 21:00:00,1.3,15.0,0.255525393437673,3650.3627633953292,1,0.54061,0.5383885358536648,0.5434979033902358,0.54026,0.55254,45.71984046371041,0.0009218817595799717,NZDCHF_merged,19.244474606562328
2024-07-17 07:00:00,2024-07-17 08:00:00,-1.1,60.0,2.5270376382843915,36100.537689777026,-1,1.49382,1.4963027663446513,1.4913372336553485,1.45762,1.49282,66.48247314346848,0.0012349647102200439,EURCAD_merged,-68.5270376382844
2024-07-17 07:00:00,2024-07-17 11:00:00,1.0,14.999999999999998,0.5107959542887895,7297.0850612684235,-1,1.30325,1.3059289806937788,1.3005710193062212,1.26125,1.28604,66.72683727066749,0.0012552975856845187,GBPUSD_merged,14.489204045711208
2024-07-17 08:00:00,2024-07-17 17:00:00,1.1,15.0,0.8510120987049682,12157.31569578526,-1,1.78171,1.7839083183351292,1.7792918498313577,1.72487,1.76046,73.3807701896305,0.0014951494455562586,GBPCAD_merged,15.648987901295031
2024-07-17 16:00:00,2024-07-17 21:00:00,-1.1,60.0,2.7226806338144263,38895.43762592038,-1,1.62576,1.628267893109165,1.6222489496471693,1.59967,1.61766,70.42019801949257,0.001515473679426087,EURAUD_merged,-68.72268063381442
2024-07-17 08:00:00,2024-07-17 23:00:00,1.3,15.0,0.8510120987049682,12157.31569578526,-1,1.78171,1.7839083183351292,1.7788521861643318,1.72487,1.76046,75.47375764888574,0.0014951494455562586,GBPCAD_merged,18.648987901295033
2024-07-17 08:00:00,2024-07-18 02:00:00,1.4,15.0,0.7978238425359075,11397.48346479868,-1,1.78171,1.7840548728908046,1.7784271779528735,1.72487,1.76046,74.66375042874711,0.0014951494455562586,GBPCAD_merged,20.20217615746409
2024-07-17 08:00:00,2024-07-18 02:00:00,1.2,15.0,0.5550078904597618,7928.68414942517,-1,1.78171,1.7850807547805314,1.777665094263362,1.72487,1.76046,74.66375042874711,0.0014951494455562586,GBPCAD_merged,17.444992109540237
2024-07-17 08:00:00,2024-07-18 02:00:00,1.2,15.0,0.5106072592229808,7294.389417471155,-1,1.78171,1.7853738638918821,1.7773133633297413,1.72487,1.76046,76.42282912447834,0.0014951494455562586,GBPCAD_merged,17.48939274077702
2024-07-17 10:00:00,2024-07-18 02:00:00,1.0,30.0,0.9407325101160944,13439.03585880135,-1,1.93326,1.9375756220884712,1.9289443779115287,1.89003,1.93457,68.2315473146795,0.0020582682704124626,GBPAUD_merged,29.059267489883904
2024-07-17 10:00:00,2024-07-18 02:00:00,1.0,30.0,1.174915738054735,16784.510543639073,-1,1.78058,1.7837625414188347,1.7773974585811654,1.72487,1.76046,69.4981795229124,0.001562246205607221,GBPCAD_merged,28.825084261945264
2024-07-17 07:00:00,2024-07-18 05:00:00,1.5,59.99999999999999,1.7162744064103332,24518.205805861904,-1,1.30325,1.306439262730689,1.2984661059039664,1.26125,1.28604,67.2287876544831,0.0012552975856845187,GBPUSD_merged,88.28372559358965
2024-07-17 07:00:00,2024-07-18 07:00:00,1.3,60.0,1.4302286720086108,20431.838171551586,-1,1.30325,1.307077115276827,1.298274750140125,1.26125,1.28604,71.37386792095552,0.0012552975856845187,GBPUSD_merged,76.56977132799139
2024-07-17 05:00:00,2024-07-18 08:00:00,1.3,60.00000000000001,2.069915328997846,29570.218985683514,1,0.83979,0.8380860085610325,0.8420051888706578,0.84256,0.84989,40.446625920842784,0.0005909973501566225,EURGBP_merged,75.93008467100216
2024-07-17 16:00:00,2024-07-18 10:00:00,1.5,60.0,1.8151204225429511,25930.29175061359,-1,1.62576,1.6295218396637474,1.620117240504379,1.59967,1.61766,69.36024326295052,0.001515473679426087,EURAUD_merged,88.18487957745705
2024-07-17 16:00:00,2024-07-18 10:00:00,1.3,90.0,2.1781445070515413,31116.350100736305,-1,1.62576,1.6304622995796842,1.6196470105464105,1.59967,1.61766,71.36341736767233,0.001515473679426087,EURAUD_merged,114.82185549294846
2024-07-17 10:00:00,2024-07-18 15:00:00,1.5,15.000000000000002,0.5140256353989467,7343.223362842096,-1,1.78058,1.784217190192954,1.775124214710569,1.72487,1.76046,69.4981795229124,0.001562246205607221,GBPCAD_merged,21.985974364601056
2024-07-17 10:00:00,2024-07-18 16:00:00,1.5,60.0,1.9738584399319548,28197.97771331364,-1,1.78058,1.784368739784327,1.7748968903235094,1.72487,1.76046,69.73503231652919,0.001562246205607221,GBPCAD_merged,88.02614156006804
2024-07-17 10:00:00,2024-07-18 16:00:00,1.3,90.0,2.4673230499149437,35247.47214164206,-1,1.78058,1.7851264877411925,1.7746695659364498,1.72487,1.76046,71.57353031070149,0.001562246205607221,GBPCAD_merged,114.53267695008506
2024-07-18 23:00:00,2024-07-19 11:00:00,-1.1,90.0,2.003539106915805,28621.987241654362,1,0.60334,0.6014428361328813,0.6061857458006781,0.60472,0.62215,33.85473563323733,0.0007560894363583981,NZDUSD_merged,-101.00353910691582
2024-07-18 23:00:00,2024-07-19 11:00:00,-1.1,15.0,0.30918813378330323,4416.9733397614755,1,0.60334,0.6012910630235118,0.6064134054647323,0.60472,0.61532,30.889722314473328,0.0007560894363583981,NZDUSD_merged,-16.8091881337833
2024-07-19 02:00:00,2024-07-19 14:00:00,-1.1,90.00000000000001,1.6336240485327465,23337.486407610668,1,0.60308,0.6007542482437054,0.6061034772831828,0.60472,0.61532,38.76399187029786,0.0007998755436149871,NZDUSD_merged,-100.63362404853278
2024-07-18 19:00:00,2024-07-19 15:00:00,-1.1,90.0,1.3338671319117041,19055.244741595772,1,0.53649,0.5339560991944858,0.5397840710471685,0.54026,0.55254,40.08825155459851,0.0008100169159925123,NZDCHF_merged,-100.33386713191172
2024-07-22 11:00:00,2024-07-22 17:00:00,-1.1,60.0,1.5384365406595073,21977.66486656439,1,0.53165,0.5301985719163672,0.5331014280836327,0.54026,0.55254,32.538504465688824,0.0006753593567083652,NZDCHF_merged,-67.5384365406595
2024-07-22 11:00:00,2024-07-22 17:00:00,-1.1,59.99999999999999,1.3461319730770689,19230.456758243843,1,0.53165,0.5299912250472768,0.5341381624290846,0.54026,0.55254,32.538504465688824,0.0006753593567083652,NZDCHF_merged,-67.34613197307706
2024-07-22 04:00:00,2024-07-22 20:00:00,-1.1,60.0,0.9534341252967075,13620.48750423868,1,94.045,93.63071967425954,94.66642048861071,95.264,99.016,36.03401853227392,0.17428703079244356,NZDJPY_merged,-66.95343412529671
2024-07-23 07:00:00,2024-07-23 08:00:00,-1.1,29.999999999999996,1.365155274066115,19502.218200944502,-1,1.94704,1.9500351054489367,1.9428468523714888,1.89003,1.93457,65.31445460746353,0.0020060879837578913,GBPAUD_merged,-34.36515527406611
2024-07-23 07:00:00,2024-07-23 09:00:00,-1.1,30.0,1.0401183040503736,14858.832915005338,-1,1.94704,1.9509710759017294,1.9431089240982709,1.89003,1.93457,65.59642034264998,0.0020060879837578913,GBPAUD_merged,-34.040118304050374
2024-07-23 07:00:00,2024-07-23 09:00:00,-1.1,30.0,0.9101035160440769,13001.478800629671,-1,1.94704,1.9515326581734052,1.9403010127398927,1.89003,1.93457,65.59642034264998,0.0020060879837578913,GBPAUD_merged,-33.910103516044074
2024-07-23 07:00:00,2024-07-23 09:00:00,-1.1,60.0,1.7473987508046276,24962.839297208968,-1,1.94704,1.9517198522639636,1.940020221604055,1.89003,1.93457,65.56520114303326,0.0020060879837578913,GBPAUD_merged,-67.74739875080462
2024-07-24 02:00:00,2024-07-24 04:00:00,-1.1,60.0,2.078080124616978,29686.85892309969,1,0.52786,0.5267931441200283,0.5292469126439633,0.54026,0.55254,29.418234017061433,0.0007004345923634656,NZDCHF_merged,-68.07808012461697
2024-07-24 05:00:00,2024-07-24 07:00:00,-1.1,29.999999999999996,0.46914289949541743,6702.041421363107,1,154.86,154.16680822335846,155.69183013196988,154.548,161.949,31.38140049348465,0.32678860547640387,USDJPY_merged,-33.46914289949542
2024-07-24 08:00:00,2024-07-24 08:00:00,-1.1,30.0,1.034376168124306,14776.8024017758,1,0.58552,0.5843312719164541,0.5870653465086098,0.58608,0.60819,24.99250686790505,0.0008358792898141745,AUDCHF_merged,-34.034376168124304
2024-07-24 02:00:00,2024-07-24 08:00:00,1.1,60.0,2.5150189811035837,35928.842587194056,1,0.65938,0.6582788568194484,0.6605912574986067,0.66195,0.67983,30.231953547901163,0.0007473743498652674,AUDUSD_merged,63.48498101889642
2024-07-24 08:00:00,2024-07-24 09:00:00,-1.1,30.000000000000004,0.6745931531245475,9637.045044636394,1,0.58552,0.5836972836052295,0.5877072596737246,0.58608,0.60819,25.65249380981395,0.0008358792898141745,AUDCHF_merged,-33.674593153124555
2024-07-24 02:00:00,2024-07-24 10:00:00,-1.1,15.0,0.5189663719320532,7413.805313315047,-1,1.95531,1.9592660858102553,1.951353914189745,1.89003,1.93457,62.88115498088105,0.0019885753582761065,GBPAUD_merged,-17.018966371932052
2024-07-24 12:00:00,2024-07-24 14:00:00,1.1,90.0,1.7388164099595675,24840.234427993826,1,153.383,152.82726973746904,153.9943032887841,154.548,161.949,25.28247090258845,0.3612377815667937,USDJPY_merged,97.26118359004045
2024-07-24 02:00:00,2024-07-24 14:00:00,-1.1,30.0,1.178915147392305,16841.644962747214,1,0.65938,0.6582054472740783,0.6610243738162903,0.66195,0.67983,30.29787569234139,0.0007473743498652674,AUDUSD_merged,-34.1789151473923
2024-07-24 14:00:00,2024-07-24 17:00:00,-1.1,14.999999999999998,0.3877725684196434,5539.608120280621,1,0.64189,0.6401519077395113,0.6436280922604887,0.6435,0.66331,30.192103245489168,0.0008221156253861693,CADCHF_merged,-16.887772568419642
2024-07-24 04:00:00,2024-07-24 20:00:00,-1.1,30.0,1.0389316319596422,14841.88045656632,-1,1.8259,1.8295907048375912,1.8207330132273725,1.73743,1.77452,60.67748412583432,0.0023497840575306206,EURNZD_merged,-34.03893163195964
2024-07-25 05:00:00,2024-07-25 05:00:00,-1.1,89.99999999999999,3.1908795378923474,45583.99339846211,-1,1.6593,1.6625760841880308,1.655696307393166,1.59961,1.61766,76.3384250185527,0.0023301949735428603,EURAUD_merged,-102.19087953789233
2024-07-25 05:00:00,2024-07-25 06:00:00,-1.1,90.0,3.0920482059446965,44172.11722778139,-1,1.97128,1.975296452258449,1.966861902515706,1.89003,1.93457,74.30338218766903,0.0027528037790399223,GBPAUD_merged,-102.0920482059447
2024-07-25 09:00:00,2024-07-25 10:00:00,1.1,59.99999999999999,1.942139654076567,27744.852201093818,-1,1.66053,1.6641210012883787,1.6565798985827838,1.59961,1.61766,61.34933211318989,0.0025694293689962544,EURAUD_merged,64.05786034592343
2024-07-25 09:00:00,2024-07-26 05:00:00,1.4,15.0,0.4769825928628356,6814.037040897652,1,0.90378,0.9017904745661591,0.9065653356073773,0.90574,0.92632,34.413450579983376,0.0013503495821398173,AUDCAD_merged,20.523017407137164
2024-07-25 09:00:00,2024-07-30 21:00:00,-1.1,29.999999999999996,0.6359767904837808,9085.38272119687,1,0.90378,0.9007957118492387,0.908256432226142,0.9045,0.91819,34.09196059580537,0.0013503495821398173,AUDCAD_merged,-33.63597679048378
2024-07-25 09:00:00,2024-07-30 21:00:00,-1.1,15.0,0.28265635132612477,4037.947876087497,1,0.90378,0.9004226758303935,0.9088159862544098,0.9045,0.91819,34.62548130258546,0.0013503495821398173,AUDCAD_merged,-16.782656351326125
2024-07-31 04:00:00,2024-07-31 14:00:00,1.4,29.999999999999996,0.8470380926223571,12100.544180319388,1,0.90005,0.8978185714297118,0.9031739999984035,0.90574,0.92632,31.83278240286414,0.0014378826523994358,AUDCAD_merged,41.15296190737764
2024-07-31 04:00:00,2024-07-31 14:00:00,1.0,15.0,0.3226811781418503,4609.731116312148,1,0.90005,0.8971212500014967,0.9029787499985034,0.9045,0.92632,33.81121201202867,0.0014378826523994358,AUDCAD_merged,14.67731882185815
2024-07-31 03:00:00,2024-07-31 14:00:00,1.2,14.999999999999998,0.22626282880939344,3232.326125848478,1,0.65069,0.6476703944218537,0.6543135266937755,0.65753,0.67983,36.15884905471858,0.0011994249290257614,AUDUSD_merged,17.773737171190604
2024-07-31 04:00:00,2024-07-31 15:00:00,1.2,30.000000000000004,0.5892438905199008,8417.769864570011,1,0.90005,0.8968423214302107,0.9038992142837473,0.9045,0.92632,31.83278240286414,0.0014378826523994358,AUDCAD_merged,35.4107561094801
2024-07-31 04:00:00,2024-08-01 08:00:00,1.2,29.999999999999996,0.5421043792783086,7744.348275404408,1,0.90005,0.8965633928589246,0.9042339285692905,0.9045,0.92632,30.24884390369065,0.0014378826523994358,AUDCAD_merged,35.457895620721686
2024-08-01 07:00:00,2024-08-01 10:00:00,-1.1,29.999999999999996,0.7338548376347386,10483.640537639123,1,0.94587,0.9431632971234446,0.9485767028765554,0.94778,0.97732,34.19493558065411,0.0013018414080006747,EURCHF_merged,-33.73385483763474
2024-08-01 06:00:00,2024-08-01 10:00:00,-1.1,15.0,0.5198511522824695,7426.445032606708,1,0.94514,0.9432309977872652,0.9476217028765553,0.94778,0.97732,30.08862759799148,0.0012889061316930194,EURCHF_merged,-17.01985115228247
2024-08-01 07:00:00,2024-08-01 10:00:00,-1.1,30.0,0.6700413734925875,9572.019621322679,1,0.94587,0.942905515897106,0.9494273809234727,0.94778,0.97732,33.6587802853813,0.0013018414080006747,EURCHF_merged,-33.67004137349259
2024-08-01 07:00:00,2024-08-01 10:00:00,-1.1,30.000000000000004,0.5707759848270191,8153.942640385987,1,0.94587,0.9423899534444289,0.9510900698333568,0.94778,0.97732,33.554343743683404,0.0013018414080006747,EURCHF_merged,-33.57077598482702
2024-08-01 06:00:00,2024-08-01 10:00:00,-1.1,30.0,0.9747209105296304,13924.584436137578,1,0.94514,0.9431037309730828,0.947990776637684,0.94778,0.97732,30.468199717777257,0.0012889061316930194,EURCHF_merged,-33.97472091052963
2024-08-01 07:00:00,2024-08-01 10:00:00,-1.1,29.999999999999996,0.7892991421943991,11275.70203134856,1,1.12053,1.117548731081529,1.1247037764858594,1.12177,1.16316,35.39065267958786,0.0020509149973269385,GBPCHF_merged,-33.7892991421944
2024-08-01 07:00:00,2024-08-01 11:00:00,-1.1,29.999999999999996,0.5051514510044154,7216.449300063078,1,1.12053,1.115871767314889,1.1261198792221332,1.12177,1.16316,35.34911408355485,0.0020509149973269385,GBPCHF_merged,-33.505151451004416
2024-08-01 07:00:00,2024-08-01 11:00:00,-1.1,30.0,0.5490776641352343,7843.966630503347,1,1.12053,1.116244425929698,1.1256726888843624,1.12177,1.16316,35.39065267958786,0.0020509149973269385,GBPCHF_merged,-33.54907766413523
2024-08-01 07:00:00,2024-08-01 12:00:00,-1.1,30.0,0.46773282500408836,6681.897500058406,1,1.12053,1.1154991087000803,1.1280763369498799,1.12177,1.16316,35.334472288950984,0.0020509149973269385,GBPCHF_merged,-33.46773282500409
2024-08-01 06:00:00,2024-08-01 12:00:00,-1.1,30.0,0.6238213827389635,8911.73403912805,1,0.94514,0.9419583296454419,0.9489580044254697,0.94778,0.97732,29.729107623920044,0.0012889061316930194,EURCHF_merged,-33.62382138273896
2024-08-01 16:00:00,2024-08-02 05:00:00,-1.1,30.0,0.6568347699007628,9383.353855725185,1,0.62965,0.6276369138166974,0.6324683206566237,0.6435,0.66331,28.655980838250464,0.0012304518028095832,CADCHF_merged,-33.65683476990076
2024-08-01 16:00:00,2024-08-02 06:00:00,-1.1,30.0,0.4569285355831395,6527.550508330565,1,0.62965,0.6267561886115025,0.6331225736661971,0.6435,0.66331,28.655980838250464,0.0012304518028095832,CADCHF_merged,-33.45692853558314
2024-08-01 16:00:00,2024-08-02 08:00:00,-1.1,30.0,0.42037425273648826,6005.346467664119,1,0.62965,0.6265045528385896,0.6334245365936925,0.6435,0.66331,27.393977720463862,0.0012304518028095832,CADCHF_merged,-33.42037425273649
2024-07-31 04:00:00,2024-08-02 08:00:00,1.5,15.0,0.25097424966588355,3585.346423798337,1,0.90005,0.8962844642876385,0.9056983035685422,0.9045,0.92632,31.062262705703642,0.0014378826523994358,AUDCAD_merged,22.249025750334116
2024-08-02 16:00:00,2024-08-04 20:00:00,-1.1,60.0,2.2689384953751492,32413.40707678785,-1,0.85193,0.8535069955894764,0.8501953048515758,0.8376,0.84989,67.5580774985035,0.0010055210791997241,EURGBP_merged,-68.26893849537515
2024-08-21 13:00:00,2024-08-23 10:00:00,-1.1,15.0,0.6093125138138665,8704.464483055237,1,1.35896,1.3566181672497277,1.3617701993003266,1.35884,1.39464,31.735568631418108,0.0009990318556999777,USDCAD_merged,-17.109312513813865
2024-08-25 17:00:00,2024-08-25 17:00:00,-1.1,30.0,1.1328877271022282,16184.11038717469,-1,0.83966,0.8412164525573158,0.8376366116754893,0.81136,0.83852,69.03223446461263,0.0011420896783383855,NZDCAD_merged,-34.13288772710223
2024-08-25 17:00:00,2024-08-25 17:00:00,-1.1,30.0,1.0620822441583389,15172.60348797627,-1,0.83966,0.8413202160611368,0.8373356975144083,0.82045,0.83852,68.21711268877002,0.0011420896783383855,NZDCAD_merged,-34.06208224415834
2024-08-25 19:00:00,2024-08-26 08:00:00,-1.1,30.0,1.4855505101154332,21222.15014450619,1,1.35117,1.3492599626228263,1.3536530485903258,1.35884,1.39464,25.728707812661423,0.0012302612334885203,USDCAD_merged,-34.48555051011543
2024-08-23 15:00:00,2024-08-26 08:00:00,-1.1,60.0,2.8074064301048174,40105.80614435454,1,1.35128,1.3492584273701376,1.3535037298928487,1.35884,1.39464,25.801585340328025,0.001301449723248249,USDCAD_merged,-68.80740643010482
2024-08-25 19:00:00,2024-08-26 08:00:00,-1.1,30.0,1.392703603233219,19895.76576047456,1,1.35117,1.3491326267976813,1.3540223224832462,1.35884,1.39464,26.356987953071624,0.0012302612334885203,USDCAD_merged,-34.392703603233215
2024-08-25 19:00:00,2024-08-26 09:00:00,-1.1,14.999999999999998,0.4844186446028588,6920.266351469411,1,1.35117,1.3482412760216669,1.3546844687739996,1.35884,1.39464,26.356987953071624,0.0012302612334885203,USDCAD_merged,-16.984418644602858
2024-08-25 19:00:00,2024-08-26 10:00:00,-1.1,15.0,0.44566515303463006,6366.6450433518585,1,1.35117,1.347986604371377,1.3549900747543475,1.35884,1.39464,25.081861056052787,0.0012302612334885203,USDCAD_merged,-16.94566515303463
2024-08-26 00:00:00,2024-08-26 10:00:00,-1.1,15.0,0.45841940422775385,6548.848631825055,1,1.35119,1.348095127734743,1.355832308397885,1.35884,1.39464,29.60787057745223,0.001086516916622711,USDCAD_merged,-16.958419404227755
2024-08-23 15:00:00,2024-08-26 20:00:00,1.3,15.000000000000002,0.3925683198866091,5608.118855522988,-1,0.67908,0.6808963309770029,0.6767187697298963,0.63481,0.67983,76.46175142093315,0.0011929667952874567,AUDUSD_merged,19.107431680113393
2024-08-23 15:00:00,2024-08-26 20:00:00,1.4,15.0,0.3680327998936961,5257.611427052801,-1,0.67908,0.681017419708803,0.6763676124076758,0.63481,0.67983,74.89889367225881,0.0011929667952874567,AUDUSD_merged,20.631967200106303
2024-08-28 23:00:00,2024-08-29 05:00:00,1.2,15.0,0.340990370050991,4871.291000728443,1,1.08174,1.0784090349647406,1.0857371580423112,1.08428,1.10566,29.422170360036535,0.001444799548396655,AUDNZD_merged,17.659009629949008
2024-08-28 23:00:00,2024-08-29 07:00:00,1.2,14.999999999999998,0.3137111404469117,4481.587720670167,1,1.08174,1.0781193858312397,1.0860847370025122,1.08428,1.10566,28.12123833053822,0.001444799548396655,AUDNZD_merged,17.686288859553084
2024-08-28 23:00:00,2024-08-30 02:00:00,1.5,15.0,0.29047327819158486,4149.618259879784,1,1.08174,1.077829736697739,1.0876053949533915,1.08428,1.10566,28.81742144686717,0.001444799548396655,AUDNZD_merged,22.209526721808416
2024-08-29 03:00:00,2024-09-02 23:00:00,1.5,30.0,0.5302404101435735,7574.863002051051,1,2.10324,2.094910185984497,2.1157347210232547,2.10985,2.19071,34.953727753409225,0.003045465137606879,GBPNZD_merged,44.46975958985642
2024-09-11 02:00:00,2024-09-11 20:00:00,1.5,30.0,0.2971508372588608,4245.0119608408695,1,141.287,140.28850811373442,142.78473782939838,141.676,149.396,33.41024789512105,0.3651823947474264,USDJPY_merged,44.70284916274114
2024-09-16 14:00:00,2024-09-16 18:00:00,0.1583721168165218,60.0,1.7556876680090279,25081.25240012897,-1,1.79485,1.7991436851111728,1.7884094723332409,1.74071,1.7868,77.60902779290542,0.0015288070488160396,GBPCAD_merged,7.746639340982281
2024-09-16 17:00:00,2024-09-16 18:00:00,-0.03976283994843757,30.0,1.152352794618011,16462.182780257303,-1,1.79404,1.7973093841830348,1.7901167389803585,1.74071,1.7868,76.10090348832586,0.001423509142219005,GBPCAD_merged,-2.3452379930711382
2024-09-16 14:00:00,2024-09-16 18:00:00,0.17104188616184354,30.0,0.948071340724875,13543.876296069644,-1,1.79485,1.7988256343621971,1.7900792387653637,1.74071,1.7868,78.52418118749858,0.0015288070488160396,GBPCAD_merged,4.183185244130431
2024-11-17 17:00:00,2024-11-17 20:00:00,1.3,15.0,0.24945700068367133,3563.6714383381623,1,99.704,99.28433168156,100.24956881397198,99.533,101.69,34.816974574030546,0.22538677216991976,AUDJPY_merged,19.25054299931633
2024-11-17 18:00:00,2024-11-18 11:00:00,1.3,59.99999999999999,1.0428054192309681,14897.220274728117,1,90.59,90.22513998586564,91.06431801837468,90.42,92.045,38.303840470282076,0.1936007587874699,NZDJPY_merged,76.95719458076903
2024-11-17 17:00:00,2024-11-18 11:00:00,1.4,14.999999999999998,0.48319180170937653,6902.740024419665,-1,1.40876,1.4118213060792155,1.4044741714890983,1.38152,1.36471,66.16830279188906,0.0015346984597669835,USDCAD_merged,20.51680819829062
2024-11-17 20:00:00,2024-11-19 14:00:00,1.2,15.000000000000002,0.15636877862570955,2233.839694652994,1,90.624,90.01546931480632,91.3542368222324,90.42,92.045,39.002401721130134,0.22221187875042128,NZDJPY_merged,17.84363122137429
2024-11-20 06:00:00,2024-11-20 10:00:00,1.4,60.0,1.2012701602218308,17161.002288883297,-1,111.32,111.70920803619534,110.77510874932652,109.003,110.72,64.85466695318092,0.19778588235110656,CADJPY_merged,82.79872983977818
2024-11-19 07:00:00,2024-11-21 04:00:00,-1.1,59.99999999999999,1.1059482458092653,15799.260654418076,1,0.93311,0.9295663784834866,0.9373623458198161,0.93321,0.94458,38.28902565658646,0.0011539780884446437,EURCHF_merged,-67.10594824580926
2024-11-19 11:00:00,2024-11-21 04:00:00,-1.1,30.000000000000004,0.5469013664393461,7812.87666341923,1,1.76989,1.7630939500573963,1.7780452599311245,1.77184,1.81498,36.814426928284476,0.0021949678393773622,GBPCAD_merged,-33.54690136643935
2024-11-20 11:00:00,2024-11-21 04:00:00,1.4,60.0,1.1224110672068373,16034.443817240533,-1,111.051,111.46654668661695,110.46923463873627,109.003,110.72,55.24550219680172,0.22265815511354878,CADJPY_merged,82.87758893279316
2024-11-21 04:00:00,2024-11-21 10:00:00,-1.1,59.99999999999999,1.9507479592591686,27867.827989416695,1,0.81985,0.8180848462887498,0.8221446998246251,0.82737,0.83669,36.16502575499469,0.0009519548212876868,NZDCAD_merged,-67.95074795925917
2024-11-21 09:00:00,2024-11-21 10:00:00,-1.1,30.0,1.1111906044034912,15874.151491478447,1,1.47052,1.4677409160266814,1.4741328091653143,1.4885,1.51698,32.91401698994057,0.0015074846486144012,EURCAD_merged,-34.11119060440349
2024-11-21 09:00:00,2024-11-21 11:00:00,-1.1,60.0,1.96311128297693,28044.44689967043,1,1.61388,1.610427166704823,1.6183686832837298,1.61624,1.65997,32.99930108701722,0.0018131892044097318,EURAUD_merged,-67.96311128297693
2024-11-21 23:00:00,2024-11-22 03:00:00,-1.1,60.0,2.0673492205401596,29533.560293430855,1,1.60843,1.6051623343666945,1.6130047318866276,1.61624,1.65997,36.08265079111903,0.0017334080162771475,EURAUD_merged,-68.06734922054017
2024-11-21 13:00:00,2024-11-22 03:00:00,-1.1,15.0,0.4339818863893131,6199.7412341330455,1,1.46344,1.4598992715774743,1.4673348012647784,1.4885,1.51698,26.3340726485399,0.0019294233925728364,EURCAD_merged,-16.93398188638931
2024-11-21 13:00:00,2024-11-22 03:00:00,-1.1,14.999999999999998,0.5256877896071414,7509.825565816306,1,1.75824,1.754728120826661,1.7631566308426747,1.77184,1.81498,32.75703250215816,0.0021467155916700415,GBPCAD_merged,-17.02568778960714
2024-11-21 20:00:00,2024-11-22 04:00:00,-1.1,90.00000000000001,1.5813211437616141,22590.30205373735,1,161.667,161.02291697864914,162.56871622989124,161.84,166.687,32.387855030692776,0.3296345593068179,EURJPY_merged,-100.58132114376164
2024-11-22 06:00:00,2024-11-22 08:00:00,-1.1,60.0,1.824887305285846,26069.81864694066,1,1.753,1.7489654494945117,1.7586483707076834,1.77184,1.81498,26.17786945586198,0.0021910585177198193,GBPCAD_merged,-67.82488730528584
2024-11-22 13:00:00,2024-11-25 04:00:00,1.1,14.999999999999998,0.3712882031407002,5304.11718772429,-1,0.63918,0.6409875958091932,0.6371916446098874,0.61878,0.6298,74.59655762524207,0.0009760613301393603,CADCHF_merged,16.1287117968593
2024-11-22 11:00:00,2024-11-25 07:00:00,1.3,15.0,0.34142409456903317,4877.487065271903,-1,0.6393,0.6412660738965927,0.6367441039344294,0.61878,0.63346,74.20631975540027,0.0010230060396882181,CADCHF_merged,19.15857590543097
2024-11-22 14:00:00,2024-11-25 08:00:00,1.2,15.0,0.1989859004400052,2842.655720571503,1,1.4559,1.4482175712619854,1.4651189144856174,1.4885,1.51698,33.32413907025653,0.002475037466528334,EURCAD_merged,17.801014099559996
2024-11-24 17:00:00,2024-11-25 18:00:00,1.2,30.0,0.6319745693497366,9028.208133567667,1,1.75613,1.7502945231013098,1.7631325722784281,1.77184,1.81498,43.9169591569965,0.002128361897213597,GBPCAD_merged,35.36802543065026
2024-11-25 22:00:00,2024-11-26 08:00:00,-1.1,30.0,0.421268488447797,6018.121263539958,1,109.107,108.56310766937676,109.81406002981021,109.003,109.808,33.714111929314335,0.27788346985346085,CADJPY_merged,-33.421268488447794
2024-11-25 21:00:00,2024-11-26 11:00:00,-1.1,30.0,0.39938410350221404,5705.487192888772,1,99.633,99.10912011052703,100.31404385631485,99.533,102.401,40.71145944754352,0.2719600963589689,AUDJPY_merged,-33.399384103502214
2024-11-25 23:00:00,2024-11-27 00:00:00,-1.1,30.0,0.27466369280709274,3923.767040101325,1,109.035,108.20134959043962,110.03538049147245,109.003,109.808,33.44821575845364,0.2733917934353568,CADJPY_merged,-33.274663692807096
2024-11-26 14:00:00,2024-11-27 04:00:00,-1.1,30.0,0.3006274749478518,4294.67821354074,1,98.982,98.29057217878686,99.81171338545576,99.533,102.401,31.049747562711364,0.22308480180406576,AUDJPY_merged,-33.30062747494785
2024-11-25 21:00:00,2024-11-27 11:00:00,-1.1,30.0,0.2820751015444292,4029.6443077775607,1,89.625,88.95775748561468,90.42569101726238,90.42,92.46,38.66193337635356,0.22081315921450467,NZDJPY_merged,-33.28207510154443
2024-11-27 08:00:00,2024-11-27 11:00:00,-1.1,15.0,0.29386933933119463,4198.133419017066,1,98.191,97.84016193627194,98.68217328921928,99.533,102.401,31.116884874413962,0.2148970905564624,AUDJPY_merged,-16.793869339331195
2024-12-02 13:00:00,2024-12-03 05:00:00,1.4,15.0,0.3136026673720481,4480.038105314973,1,168.64,168.07536194547117,169.43049327634031,172.4,177.304,33.05925278807111,0.340834585217615,CHFJPY_merged,20.68639733262795
2024-12-04 09:00:00,2024-12-05 03:00:00,1.2,15.0,0.2063889520797177,2948.4136011388246,1,0.90122,0.8966350598156315,0.9067219282212422,0.90439,0.92702,35.1963156570226,0.001509148152304535,AUDCAD_merged,17.793611047920283
2024-12-05 23:00:00,2024-12-06 06:00:00,-1.1,30.0,0.45289763162287455,6469.966166041066,1,0.56537,0.5627484870639627,0.5685158155232447,0.56567,0.58316,34.26745401722022,0.000862134956392498,AUDCHF_merged,-33.452897631622875
2024-12-06 09:00:00,2024-12-06 10:00:00,-1.1,30.0,0.720159945616175,10287.999223088216,1,0.5136,0.5121023327018317,0.5156967342174356,0.51381,0.5264,31.629553964918173,0.0009434676284012509,NZDCHF_merged,-33.720159945616174
2024-12-06 09:00:00,2024-12-09 00:00:00,-1.1,30.000000000000004,0.3840853043286267,5486.932918980382,1,0.5136,0.5107918738159344,0.5169697514208786,0.51381,0.5264,31.629553964918173,0.0009434676284012509,NZDCHF_merged,-33.384085304328636
2024-12-06 14:00:00,2024-12-09 02:00:00,1.4,30.0,0.6785588109258771,9693.697298941102,1,0.56079,0.5590544702551381,0.5632197416428067,0.56567,0.58316,31.126495558222196,0.0010443699412145246,AUDCHF_merged,41.32144118907412
2024-12-06 13:00:00,2024-12-09 07:00:00,1.1,30.0,0.7540716935267776,10772.452764668253,1,0.62077,0.6190412293656019,0.622671647697838,0.62657,0.64065,24.6042428890349,0.0009303975494911492,CADCHF_merged,32.245928306473225
2024-12-10 01:00:00,2024-12-11 19:00:00,1.2,15.0,0.16075610647590266,2296.5158067986094,1,0.56104,0.5573754922378124,0.565437409314625,0.56567,0.58316,37.728017503832234,0.001183538116867601,AUDCHF_merged,17.8392438935241
2024-12-11 04:00:00,2024-12-12 02:00:00,1.2,30.0,0.3889933307223785,5557.047581748265,1,0.57774,0.5746210416421615,0.5814827500294062,0.57965,0.60372,31.525135885235375,0.0010575347298071732,NZDUSD_merged,35.61100666927762
2024-12-18 02:00:00,2024-12-18 14:00:00,-1.1,30.0,0.4025773517163776,5751.10502451968,1,97.018,96.5119163886608,97.62530033360706,99.533,102.401,36.485931629180804,0.16528778446213735,AUDJPY_merged,-33.402577351716374
2024-12-18 02:00:00,2024-12-18 14:00:00,-1.1,30.0,0.47896432331016114,6842.347475859446,1,0.56396,0.561487339840648,0.5669271921912223,0.56567,0.58316,36.63222662562621,0.0008417757636089526,AUDCHF_merged,-33.47896432331016
2024-12-18 20:00:00,2024-12-18 22:00:00,1.4,60.0,1.157776665430777,16539.666649011102,1,96.293,95.94368340719278,96.78204322993014,99.533,102.401,33.69662748863181,0.2162283797541978,AUDJPY_merged,82.84222333456923
2024-12-18 20:00:00,2024-12-19 01:00:00,1.4,60.0,1.0443561819627496,14919.374028039281,1,87.064,86.71386198548394,87.55419322032246,90.42,92.46,27.39591948262315,0.2167765262816371,NZDJPY_merged,82.95564381803725
2024-12-18 22:00:00,2024-12-19 02:00:00,1.2,29.999999999999996,0.2580898377583066,3686.9976822615226,1,87.279,86.568836819644,88.13119581642718,90.42,92.46,39.53795908510853,0.23895527011018686,NZDJPY_merged,35.74191016224169
2024-12-18 22:00:00,2024-12-19 04:00:00,1.1,60.0,0.9661238346735485,13801.769066764979,1,0.56279,0.560343400594036,0.5654812593465605,0.57965,0.59284,22.16218913217866,0.0013278488999021,NZDUSD_merged,65.03387616532645
2024-12-18 22:00:00,2024-12-19 04:00:00,1.1,59.99999999999999,1.7602170126905077,25145.957324150113,-1,1.44327,1.446713742422836,1.4394818833348804,1.39269,1.41774,70.60589992705727,0.0018315337895582783,USDCAD_merged,64.2397829873095
2024-12-18 20:00:00,2024-12-19 04:00:00,-1.1,90.0,2.2564610373679677,32235.157676685252,-1,2.02264,2.0282871757273786,2.0147339539816698,1.92267,1.98824,69.91396066737512,0.003401664484639391,GBPAUD_merged,-101.25646103736798
2024-12-18 23:00:00,2024-12-19 07:00:00,1.3,15.0,0.30808045035623494,4401.149290803357,-1,2.23535,2.242968521387144,2.2254459221967124,2.13603,2.18405,72.31170363872803,0.004068761033050626,GBPNZD_merged,19.191919549643764
2024-12-18 23:00:00,2024-12-19 07:00:00,1.4,59.99999999999999,1.3863620266030572,19805.171808615105,-1,2.23535,2.242122019010795,2.225869173384887,2.13603,2.18405,72.58273358729143,0.004068761033050626,GBPNZD_merged,82.61363797339693
2024-12-18 20:00:00,2024-12-19 09:00:00,1.4,30.0,0.7286101355864578,10408.716222663685,1,0.55996,0.5583460833900512,0.5622194832539282,0.56567,0.58316,29.814792804583828,0.0009795051754167082,AUDCHF_merged,41.27138986441354
2024-12-18 23:00:00,2024-12-19 10:00:00,1.5,60.0,0.924241351068705,13203.447872410072,-1,2.23535,2.245508028516192,2.2201129572257114,2.13603,2.18405,72.01305361745229,0.004068761033050626,GBPNZD_merged,89.0757586489313
2024-12-18 23:00:00,2024-12-19 10:00:00,1.2,30.000000000000004,0.369696540427482,5281.379148964029,-1,2.23535,2.2480475356452403,2.2201129572257114,2.13603,2.18405,72.58273358729143,0.004068761033050626,GBPNZD_merged,35.63030345957252
2024-12-18 23:00:00,2024-12-19 10:00:00,1.2,15.000000000000002,0.20538696690415664,2934.099527202238,-1,2.23535,2.2467777820807164,2.2216366615031404,2.13603,2.18405,71.69578070339757,0.004068761033050626,GBPNZD_merged,17.794613033095843
2024-12-18 23:00:00,2024-12-19 11:00:00,1.3,60.0,1.299196426778968,18559.94895398526,-1,1.84307,1.8490282168180616,1.83532431813652,1.77413,1.82742,71.56709545554777,0.003219397564873057,EURNZD_merged,76.70080357322104
2024-12-18 23:00:00,2024-12-19 11:00:00,1.4,60.0,1.461595980126339,20879.942573233417,-1,1.84307,1.848366192727166,1.8356553301819678,1.77413,1.82742,72.08902824811885,0.003219397564873057,EURNZD_merged,82.53840401987367
2024-12-19 02:00:00,2024-12-19 17:00:00,-1.2556097601141736,30.0,0.3884443535452515,5549.20505064645,1,0.56023,0.5572012959159723,0.5638644449008332,0.55921,0.58316,35.820503483297934,0.0009967417402943013,AUDCHF_merged,-38.05673715697046
2024-12-18 22:00:00,2024-12-19 17:00:00,-1.1,60.0,1.4683873765207431,20976.962521724905,1,0.8122,0.8098768800559409,0.8154523679216829,0.81364,0.83669,28.51543319024327,0.0014310963961057558,NZDCAD_merged,-67.46838737652074
2024-12-19 04:00:00,2024-12-19 17:00:00,-1.1,90.0,1.7858105256107506,25511.578937296435,1,0.56484,0.5628473518724597,0.5676297073785564,0.57965,0.59284,38.33981337949451,0.001245019002590363,NZDUSD_merged,-100.78581052561077
2024-12-19 14:00:00,2024-12-20 07:00:00,1.3,60.0,0.9538852227541235,13626.931753630337,-1,157.537,158.2306425727297,156.6352646554514,148.646,156.746,73.35402326450797,0.37247434307483696,USDJPY_merged,77.04611477724588
2024-12-19 15:00:00,2024-12-20 08:00:00,1.4,60.0,1.109411984161752,15848.742630882172,-1,157.42,158.01595894891972,156.58565747151235,148.646,156.746,71.88185676007421,0.3550118899980619,USDJPY_merged,82.89058801583825
2024-12-19 15:00:00,2024-12-20 11:00:00,1.2,30.0,0.3287146619738524,4695.9237424836065,-1,157.42,158.42568072630203,156.21318312843752,148.646,156.746,71.31026166834936,0.3550118899980619,USDJPY_merged,35.671285338026145
2024-12-19 14:00:00,2024-12-20 11:00:00,1.5,60.0,0.7154139170655927,10220.198815222753,-1,157.537,158.4618567636396,156.14971485454063,148.646,156.746,73.05105482467303,0.37247434307483696,USDJPY_merged,89.28458608293441
2024-12-18 20:00:00,2024-12-20 12:00:00,1.5,14.999999999999998,0.19018092717353843,2716.8703881934066,1,0.62193,0.6184962881672454,0.6270805677491317,0.64401,0.65494,27.34414916315638,0.0013870908876728733,AUDUSD_merged,22.309819072826457
2024-12-19 02:00:00,2024-12-24 14:00:00,-1.1,30.0,0.4182349879639476,5974.785542342109,1,0.81303,0.8089476944800534,0.8179287666239359,0.81364,0.83669,34.24423612922292,0.001343570756173947,NZDCAD_merged,-33.41823498796395
2024-12-18 23:00:00,2024-12-26 10:00:00,-1.1,60.0,0.974397320084226,13919.961715488944,-1,1.84307,1.8510142890907488,1.8311535663638767,1.77413,1.80716,71.04610901912555,0.003219397564873057,EURNZD_merged,-66.97439732008422
2024-12-18 23:00:00,2024-12-26 14:00:00,-1.1,60.0,0.8661309511859786,12373.299302656838,-1,1.84307,1.8520073252270923,1.832345209727489,1.77413,1.82742,70.53379903185399,0.003219397564873057,EURNZD_merged,-66.86613095118598
2024-12-18 23:00:00,2024-12-26 15:00:00,-1.1,30.0,0.3897589280336904,5567.9846861955775,-1,1.84307,1.853000361363436,1.8311535663638767,1.77413,1.82742,72.08902824811885,0.003219397564873057,EURNZD_merged,-33.38975892803369
2024-12-30 09:00:00,2024-12-31 09:00:00,1.1,90.0,3.2765752181151706,46808.21740164529,-1,0.94105,0.9428593938351308,0.9390596667813561,0.92555,0.94177,56.223273314220144,0.0010205603117738498,EURCHF_merged,95.72342478188484
2025-01-02 20:00:00,2025-01-03 12:00:00,1.4,90.0,3.020369251625337,43148.132166076255,1,1.23864,1.236056398012991,1.2422570427818125,1.24869,1.2811,27.54334388855514,0.0015529832960319897,GBPUSD_merged,122.97963074837465
2025-01-09 04:00:00,2025-01-10 08:00:00,-1.1,90.0,1.9238070408683599,27482.95772669086,1,1.22875,1.2247261427026976,1.2343834002162235,1.24869,1.2811,30.950183213790034,0.002528131467184457,GBPUSD_merged,-100.92380704086837
2025-01-09 06:00:00,2025-01-12 21:00:00,-1.1,90.0,2.808297918834958,40118.541697642264,-1,0.83864,0.8405213644964676,0.8360060897049454,0.82198,0.83753,71.33946557910518,0.001231863323842821,EURGBP_merged,-101.80829791883497
2025-01-09 06:00:00,2025-01-12 22:00:00,-1.1,90.00000000000001,1.8721986125566392,26745.694465094846,-1,0.83864,0.8414620467447015,0.834406929882948,0.82198,0.83284,70.52491152121931,0.001231863323842821,EURGBP_merged,-100.87219861255667
2025-01-13 06:00:00,2025-01-13 10:00:00,1.4,60.0,1.556340499166525,22233.43570237893,1,1.11178,1.1087797079671828,1.115980408845944,1.11722,1.13942,27.186309711709526,0.0018898123404742315,GBPCHF_merged,82.44365950083348
2025-01-13 07:00:00,2025-01-13 13:00:00,1.4,90.0,2.1071882436721947,30102.68919531707,1,1.7474,1.7421756826979942,1.7547140442228082,1.74781,1.82319,27.995813743067693,0.0032626841484855677,GBPCAD_merged,123.89281175632779
2025-01-13 08:00:00,2025-01-13 16:00:00,1.4,90.0,1.8192668101905447,25989.52585986493,1,1.21225,1.2080520588529289,1.2181271176058999,1.24869,1.2811,36.15062432170205,0.0027355908442824473,GBPUSD_merged,124.18073318980944
2025-01-20 11:00:00,2025-01-20 12:00:00,1.1,14.999999999999998,0.6257403199655984,8939.147428079978,-1,0.94458,0.9461650169285152,0.9428364813786333,0.92555,0.94407,65.8430293295129,0.0009727330388704497,EURCHF_merged,15.874259680034402
2025-01-20 11:00:00,2025-01-20 12:00:00,1.1,14.999999999999998,0.6257403199655984,8939.147428079978,-1,0.94458,0.9461650169285152,0.9428364813786333,0.92555,0.94407,65.8430293295129,0.0009727330388704497,EURCHF_merged,15.874259680034402
2025-01-20 11:00:00,2025-01-20 12:00:00,1.1,14.999999999999998,0.6257403199655984,8939.147428079978,-1,0.94458,0.9461650169285152,0.9428364813786333,0.92555,0.94407,65.8430293295129,0.0009727330388704497,EURCHF_merged,15.874259680034402
2025-01-20 13:00:00,2025-01-21 11:00:00,-1.1,60.0,2.3442603112413174,33489.43301773311,-1,0.94316,0.9448497748006075,0.9413012477193317,0.92555,0.94407,60.704672584675436,0.001021387161066905,EURCHF_merged,-68.34426031124131
2025-01-20 13:00:00,2025-01-21 11:00:00,-1.1,60.0,2.3442603112413174,33489.43301773311,-1,0.94316,0.9448497748006075,0.9413012477193317,0.92555,0.94407,60.704672584675436,0.001021387161066905,EURCHF_merged,-68.34426031124131
2025-01-20 13:00:00,2025-01-21 11:00:00,-1.1,60.0,2.3442603112413174,33489.43301773311,-1,0.94316,0.9448497748006075,0.9413012477193317,0.92555,0.94407,60.704672584675436,0.001021387161066905,EURCHF_merged,-68.34426031124131
2025-01-24 07:00:00,2025-01-24 10:00:00,-1.1,30.0,1.3366162504498638,19094.517863569483,-1,0.94939,0.9508816166097255,0.947749221729302,0.92555,0.94407,69.38399690773221,0.0009313846395728294,EURCHF_merged,-34.336616250449865
2025-01-24 07:00:00,2025-01-24 10:00:00,-1.1,15.0,0.6683081252249319,9547.258931784741,-1,0.94939,0.9508816166097255,0.9476000600683294,0.92555,0.94407,68.65557325931005,0.0009313846395728294,EURCHF_merged,-17.168308125224932
2025-02-14 16:00:00,2025-02-16 17:00:00,1.1,15.0,0.40908849486555987,5844.121355222284,-1,0.57341,0.5748817610188423,0.5717910628792734,0.55158,0.5723,65.5946764775521,0.0009405755912924261,NZDUSD_merged,16.09091150513444
2025-02-14 16:00:00,2025-02-16 17:00:00,1.1,15.0,0.40908849486555987,5844.121355222284,-1,0.57341,0.5748817610188423,0.5717910628792734,0.55158,0.5723,65.5946764775521,0.0009405755912924261,NZDUSD_merged,16.09091150513444
2025-02-14 16:00:00,2025-02-16 17:00:00,1.1,15.0,0.40908849486555987,5844.121355222284,-1,0.57341,0.5748817610188423,0.5717910628792734,0.55158,0.5723,65.5946764775521,0.0009405755912924261,NZDUSD_merged,16.09091150513444
2025-02-20 17:00:00,2025-02-21 13:00:00,1.1,30.0,0.828604212787068,11837.203039815258,-1,0.57619,0.5776502858413308,0.5745836855745361,0.55158,0.5723,65.36059201083349,0.0009039158900580681,NZDUSD_merged,32.17139578721293
2025-02-20 17:00:00,2025-02-21 13:00:00,1.1,30.0,0.828604212787068,11837.203039815258,-1,0.57619,0.5776502858413308,0.5745836855745361,0.55158,0.5723,65.36059201083349,0.0009039158900580681,NZDUSD_merged,32.17139578721293
2025-02-20 17:00:00,2025-02-21 13:00:00,1.1,30.0,0.828604212787068,11837.203039815258,-1,0.57619,0.5776502858413308,0.5745836855745361,0.55158,0.5723,65.36059201083349,0.0009039158900580681,NZDUSD_merged,32.17139578721293
2025-02-26 12:00:00,2025-02-26 23:00:00,-1.1,15.0,0.40607510984149875,5801.072997735697,-1,2.22321,2.2289586175424816,2.2174613824575182,2.18313,2.22102,70.50173110144989,0.0022930579443503282,GBPNZD_merged,-16.9060751098415
2025-02-26 12:00:00,2025-02-26 23:00:00,-1.1,30.0,1.2689847182546836,18128.353117924053,-1,2.22321,2.226889115227188,2.219162973250093,2.18313,2.22102,69.95845883718182,0.0022930579443503282,GBPNZD_merged,-34.268984718254686
2025-02-26 12:00:00,2025-02-26 23:00:00,-1.1,30.0,1.2689847182546836,18128.353117924053,-1,2.22321,2.226889115227188,2.219162973250093,2.18313,2.22102,69.95845883718182,0.0022930579443503282,GBPNZD_merged,-34.268984718254686
2025-02-26 12:00:00,2025-02-26 23:00:00,-1.1,30.0,1.2689847182546836,18128.353117924053,-1,2.22321,2.226889115227188,2.219162973250093,2.18313,2.22102,69.95845883718182,0.0022930579443503282,GBPNZD_merged,-34.268984718254686
2025-02-26 12:00:00,2025-02-26 23:00:00,-1.1,15.0,0.6344923591273418,9064.176558962026,-1,2.22321,2.226889115227188,2.218427150204655,2.18313,2.22102,69.40715918055906,0.0022930579443503282,GBPNZD_merged,-17.134492359127343
2025-02-26 12:00:00,2025-02-26 23:00:00,-1.1,15.0,0.5075938873018734,7251.34124716962,-1,2.22321,2.227808894033985,2.217231437755819,2.18313,2.22102,69.40715918055906,0.0022930579443503282,GBPNZD_merged,-17.007593887301873
2025-02-26 12:00:00,2025-02-26 23:00:00,-1.1,15.0,0.5075938873018734,7251.34124716962,-1,2.22321,2.227808894033985,2.2186111059660147,2.18313,2.22102,69.95845883718182,0.0022930579443503282,GBPNZD_merged,-17.007593887301873
2025-02-26 12:00:00,2025-02-27 00:00:00,-1.1,15.0,0.3904568363860564,5577.954805515092,-1,2.22321,2.2291885622441807,2.2142421566337287,2.18313,2.22102,70.50173110144989,0.0022930579443503282,GBPNZD_merged,-16.890456836386058
2025-02-27 08:00:00,2025-02-27 08:00:00,-1.1,30.0,1.3286836032641316,18981.194332344738,-1,2.22856,2.232082265186763,2.2246855082945607,2.18313,2.22102,70.8923499841977,0.002310600331603512,GBPNZD_merged,-34.32868360326413
2025-02-28 11:00:00,2025-03-02 22:00:00,-1.1,30.0,1.1466185947083813,16380.265638691164,-1,1.85576,1.8591587727200527,1.852021350007942,1.82061,1.84938,69.18346042617385,0.00220321631074487,EURNZD_merged,-34.14661859470838
2025-02-28 11:00:00,2025-03-02 22:00:00,-1.1,30.0,1.1466185947083813,16380.265638691164,-1,1.85576,1.8591587727200527,1.852021350007942,1.82061,1.84938,69.18346042617385,0.00220321631074487,EURNZD_merged,-34.14661859470838
2025-02-28 11:00:00,2025-03-02 22:00:00,-1.1,30.0,1.1466185947083813,16380.265638691164,-1,1.85576,1.8591587727200527,1.852021350007942,1.82061,1.84938,69.18346042617385,0.00220321631074487,EURNZD_merged,-34.14661859470838
2025-03-07 14:00:00,2025-03-10 00:00:00,1.1,15.0,0.3637307272284898,5196.153246121284,-1,1.90121,1.9066983196567169,1.8951728483776116,1.81684,1.84938,63.66390733543552,0.003388756943630259,EURNZD_merged,16.13626927277151
2025-03-07 14:00:00,2025-03-10 00:00:00,1.1,15.0,0.3637307272284898,5196.153246121284,-1,1.90121,1.9066983196567169,1.8951728483776116,1.81684,1.84938,63.66390733543552,0.003388756943630259,EURNZD_merged,16.13626927277151
2025-03-07 14:00:00,2025-03-10 00:00:00,1.1,15.0,0.3637307272284898,5196.153246121284,-1,1.90121,1.9066983196567169,1.8951728483776116,1.81684,1.84938,63.66390733543552,0.003388756943630259,EURNZD_merged,16.13626927277151
2025-03-17 15:00:00,2025-03-18 08:00:00,1.5,15.0,0.3393318461005845,4847.597801436921,-1,0.63858,0.6405559683852404,0.6356160474221395,0.61867,0.63634,76.93177396368571,0.0008327512114324402,AUDUSD_merged,22.160668153899415
2025-03-17 15:00:00,2025-03-18 09:00:00,1.4,15.0,0.27873687358262295,3981.955336894614,-1,0.63858,0.6409855267298579,0.6352122625781991,0.61867,0.63634,72.38932783323638,0.0008327512114324402,AUDUSD_merged,20.721263126417377
2025-03-18 18:00:00,2025-03-19 08:00:00,1.0,15.0,0.8545665475820826,12208.093536886896,1,1.09309,1.0917469278855492,1.0944330721144506,1.10012,1.11743,29.424910152817613,0.0006492834817093322,AUDNZD_merged,14.145433452417917
2025-03-18 18:00:00,2025-03-19 11:00:00,1.2,15.0,0.8995437342969291,12850.624775670418,1,1.09309,1.0918140814912716,1.094621102210474,1.10012,1.11062,29.424910152817613,0.0006492834817093322,AUDNZD_merged,17.10045626570307
2025-03-18 18:00:00,2025-03-19 16:00:00,-1.1,15.0,0.9495183862023141,13564.548374318774,1,1.09309,1.0918812350969942,1.0947822708642079,1.10012,1.11062,29.424910152817613,0.0006492834817093322,AUDNZD_merged,-17.449518386202314
2025-03-18 18:00:00,2025-03-19 16:00:00,-1.1,15.000000000000002,0.7768786796200751,11098.26685171536,1,1.09309,1.091612620674104,1.0950105931236647,1.10012,1.11743,29.424910152817613,0.0006492834817093322,AUDNZD_merged,-17.27687867962008
2025-03-18 18:00:00,2025-03-19 19:00:00,-1.1,60.0,2.972405382894201,42462.93404134573,1,1.09309,1.0915454670683815,1.0954067993974275,1.10012,1.11062,28.292848967897804,0.0006492834817093322,AUDNZD_merged,-68.9724053828942
2025-03-31 11:00:00,2025-04-01 08:00:00,1.5,30.0,0.6137739934415516,8768.19990630788,-1,2.07182,2.078908638564831,2.061187042152754,2.03242,2.06483,56.501097388614724,0.0032133012839379426,GBPAUD_merged,44.386226006558445
2025-04-03 01:00:00,2025-04-03 02:00:00,-1.1,30.0,0.5223361374212699,7461.944820303856,-1,1.30584,1.311089998618779,1.2979650020718314,1.25589,1.30144,79.26754090391418,0.0024245646597554774,GBPUSD_merged,-33.52233613742127
2025-04-03 20:00:00,2025-04-03 23:00:00,-1.1,60.0,1.0216993970349983,14595.70567192855,1,1.12452,1.1198973252546627,1.1300672096944047,1.12848,1.15018,28.987559946354164,0.0023899162289242283,GBPCHF_merged,-67.021699397035
2025-04-04 02:00:00,2025-04-04 03:00:00,-1.1,30.0,0.43429524855247287,6204.2178364638985,1,1.11889,1.1134796967378031,1.127005454893295,1.12848,1.14689,23.306576714252117,0.0024057124971601927,GBPCHF_merged,-33.43429524855247
2025-04-04 02:00:00,2025-04-04 03:00:00,-1.1,60.0,0.7134850511933482,10192.643588476403,1,1.11889,1.1123035438547169,1.1281110386033961,1.13642,1.14689,25.846858922938885,0.0024057124971601927,GBPCHF_merged,-66.71348505119335
2025-04-04 02:00:00,2025-04-04 03:00:00,-1.1,60.0,0.9988790716706876,14269.701023866966,1,1.11889,1.114185388467655,1.123594611532345,1.12848,1.15018,25.846858922938885,0.0024057124971601927,GBPCHF_merged,-66.99887907167069
2025-04-21 03:00:00,2025-04-21 03:00:00,-1.1,30.0,0.592019376232659,8457.419660466558,-1,1.15154,1.1556247210363089,1.1474552789636911,1.07328,1.09545,78.56210206870307,0.0023100490525719743,EURUSD_merged,-33.592019376232656
2025-04-21 03:00:00,2025-04-21 05:00:00,-1.1,29.999999999999996,0.4228709830233278,6041.014043190398,-1,1.15154,1.1572586094508324,1.1435339467688346,1.07328,1.14736,78.56210206870307,0.0023100490525719743,EURUSD_merged,-33.42287098302333
2025-05-12 05:00:00,2025-05-12 06:00:00,-1.1,15.0,0.1899108601445196,2713.0122877788517,-1,0.84151,0.8461626328158779,0.8368573671841221,0.80391,0.83342,70.33039345408511,0.0023851509502290633,USDCHF_merged,-16.68991086014452
2025-05-12 05:00:00,2025-05-12 06:00:00,-1.1,15.0,0.16513987838653882,2359.1411198076976,-1,0.84151,0.8468605277382596,0.8334842083926105,0.80391,0.83342,73.42251476884415,0.0023851509502290633,USDCHF_merged,-16.66513987838654
2025-05-19 08:00:00,2025-05-20 08:00:00,1.1,15.0,0.4044525386805441,5777.893409722059,-1,1.86519,1.8700322232838222,1.8598635543877953,1.8278,1.86001,61.034865690888324,0.0021737955418730747,GBPCAD_merged,16.095547461319455
2025-05-19 08:00:00,2025-05-20 08:00:00,1.4,15.0,0.4683134658406301,6690.19236915186,-1,1.86519,1.8693719201087555,1.859335311847742,1.8278,1.86001,62.138473569647765,0.0021737955418730747,GBPCAD_merged,20.53168653415937
2025-05-23 08:00:00,2025-05-23 08:00:00,-1.1,60.0,1.4500932152170944,20715.617360244207,-1,1.34881,1.352716646786946,1.3445126885343595,1.31394,1.34438,71.13695868596554,0.002053195072412256,GBPUSD_merged,-67.4500932152171
2025-05-23 08:00:00,2025-05-23 08:00:00,-1.1,59.99999999999999,1.6790553018303198,23986.504311861714,-1,1.34881,1.3521839222250898,1.3440865088848746,1.31394,1.34438,74.88935148360244,0.002053195072412256,GBPUSD_merged,-67.67905530183032
2025-05-25 23:00:00,2025-05-26 12:00:00,1.3,15.0,0.29566563439059473,4223.794777008497,-1,0.65242,0.6547369449551077,0.64940797155836,0.63535,0.65141,71.45565653975757,0.0012523922387460264,AUDUSD_merged,19.204334365609405
2025-05-26 00:00:00,2025-05-26 13:00:00,1.4,30.0,0.5754834869890443,8221.192671272061,-1,0.65209,0.6544695452536174,0.6487586366449355,0.63535,0.65141,71.45565653975757,0.001220078507407026,AUDUSD_merged,41.42451651301096
2025-05-28 22:00:00,2025-05-29 07:00:00,1.1,30.000000000000004,0.5752829863909262,8218.328377013233,-1,195.987,196.70242651136275,195.20003083750098,184.365,196.402,64.31948250977783,0.3233943067440152,GBPJPY_merged,32.42471701360908
2025-05-30 16:00:00,2025-06-02 03:00:00,-1.1,60.00000000000001,1.8783770557980835,26833.957939972624,1,1.37247,1.3694011944147706,1.3764594472607983,1.37499,1.40159,32.50604812364967,0.001735256849523124,USDCAD_merged,-67.8783770557981
2025-05-30 16:00:00,2025-06-02 03:00:00,-1.1,29.999999999999996,0.8897575527464606,12710.822182092295,1,1.37247,1.3692307052155912,1.3770050126981725,1.37499,1.40159,32.50604812364967,0.001735256849523124,USDCAD_merged,-33.88975755274646
2025-06-05 11:00:00,2025-06-06 04:00:00,1.4,30.0,0.5724502895645202,8177.861279493146,-1,0.60564,0.6078617544880054,0.6025295437167923,0.58462,0.60223,55.01206603705138,0.001210105576844773,NZDUSD_merged,41.42754971043548
2025-06-06 13:00:00,2025-06-09 17:00:00,1.1,30.0,0.7370471842266729,10529.24548895247,-1,176.088,176.58971116302138,175.53611772067646,173.088,176.172,69.37425513731517,0.21790406231421922,CHFJPY_merged,32.262952815773325
2025-06-06 13:00:00,2025-06-09 17:00:00,1.4,60.0,1.7068461108407162,24383.515869153092,-1,176.088,176.52129600442754,175.4813855938014,173.088,176.172,72.09947340841082,0.21790406231421922,CHFJPY_merged,82.29315388915929
2025-06-10 07:00:00,2025-06-11 04:00:00,-1.1,60.00000000000001,2.056609908813048,29380.141554472113,-1,0.84574,0.8474671666273601,0.8438401167099039,0.83551,0.84589,70.2371805515341,0.0008089989011584855,EURGBP_merged,-68.05660990881306
2025-06-11 09:00:00,2025-06-11 09:00:00,-1.1,30.0,0.7622708538745362,10889.58362677909,-1,165.862,166.31893758095245,165.35936866095227,161.078,165.209,69.63096068428207,0.236363264687727,EURJPY_merged,-33.76227085387453
2025-06-11 09:00:00,2025-06-11 09:00:00,-1.1,60.0,1.7652588194989263,25217.98313569895,-1,165.862,166.25662791082257,165.30952092484839,161.078,165.209,72.0798500427614,0.236363264687727,EURJPY_merged,-67.76525881949892
2025-06-11 12:00:00,2025-06-12 02:00:00,-1.1,30.0,1.0232797609450828,14618.28229921547,-1,0.84757,0.8493094040886299,0.8456566555025072,0.83551,0.84589,64.21391804546056,0.0007998783490969951,EURGBP_merged,-34.02327976094508
2025-06-11 16:00:00,2025-06-12 03:00:00,1.1,15.000000000000002,0.5650761064457248,8072.515806367498,-1,0.94218,0.9439307181576346,0.9402542100266019,0.92927,0.9421,61.19121412722222,0.0008082251964042218,EURCHF_merged,15.934923893554279
2025-06-11 16:00:00,2025-06-12 03:00:00,1.4,30.000000000000004,1.3085972991374684,18694.247130535263,-1,0.94218,0.9436919838634117,0.9400632225912237,0.92927,0.9421,61.5505164026626,0.0008082251964042218,EURCHF_merged,40.69140270086253
2025-06-11 13:00:00,2025-06-12 08:00:00,-1.1,60.0,1.5034926183564088,21478.46597652013,-1,166.157,166.6211588468608,165.50717761439492,161.078,165.209,62.28399813754362,0.23370169207481578,EURJPY_merged,-67.5034926183564
2025-06-12 10:00:00,2025-06-12 17:00:00,-1.1,30.0,0.6069397282257512,8670.56754608216,1,0.81248,0.8096688345404778,0.8161345150973788,0.81565,0.8476,32.42288369568271,0.0015409186894360515,USDCHF_merged,-33.606939728225754
2025-06-12 10:00:00,2025-06-12 19:00:00,-1.1,14.999999999999998,0.19508776978684858,2786.968139812123,1,0.81248,0.8081070759518544,0.8186020936674038,0.81852,0.8476,33.29932466431788,0.0015409186894360515,USDCHF_merged,-16.69508776978685
2025-06-12 08:00:00,2025-06-12 19:00:00,-1.1,30.0,0.5458968520810854,7798.52645830122,1,0.81261,0.809483986370329,0.8160486149926383,0.81565,0.8476,23.044576994656186,0.0015272784800559806,USDCHF_merged,-33.545896852081086
2025-06-12 10:00:00,2025-06-12 19:00:00,-1.1,30.0,0.5749955320033432,8214.221885762046,1,0.81248,0.8095126586816155,0.8166342778457383,0.81565,0.8476,32.42288369568271,0.0015409186894360515,USDCHF_merged,-33.57499553200334
2025-06-12 22:00:00,2025-06-13 03:00:00,1.4,30.0,0.5405035735208354,7721.479621726222,1,0.59253,0.5902278635092187,0.5957529910870938,0.59132,0.60597,25.256087363737013,0.0011943900142916226,CADCHF_merged,41.45949642647916
2025-06-13 02:00:00,2025-06-15 17:00:00,-1.1,30.000000000000004,0.6207100731205731,8867.286758865332,-1,177.206,177.80552724486833,176.5465200306448,173.088,176.172,61.979142301919474,0.2776186423145566,CHFJPY_merged,-33.62071007312058
2025-06-13 02:00:00,2025-06-15 17:00:00,-1.1,30.0,0.71871692677119,10267.384668159859,-1,177.206,177.723773529659,176.48111705847737,173.088,176.172,62.046426178417214,0.2776186423145566,CHFJPY_merged,-33.71871692677119
2025-06-16 17:00:00,2025-06-16 22:00:00,-1.1,30.0,0.5917190199473682,8453.128856390975,-1,87.585,87.89583756614137,87.14982740740207,84.607,87.725,65.28289001472888,0.16698452480593534,NZDJPY_merged,-33.59171901994737
2025-06-16 16:00:00,2025-06-17 14:00:00,1.1,15.0,0.2535779369889352,3622.541956984789,-1,87.722,88.08523388814389,87.3224427230417,84.607,87.725,63.55410654565917,0.16359871902177664,NZDJPY_merged,16.246422063011064
2025-06-17 17:00:00,2025-06-18 14:00:00,-1.1,30.0,0.9769772453245302,13956.817790350433,-1,0.85452,0.8563567797290957,0.8524995422979945,0.83551,0.84589,63.84964799294951,0.000821692742800199,EURGBP_merged,-33.976977245324534
2025-06-19 05:00:00,2025-06-20 09:00:00,-1.1,29.999999999999996,0.6409348474785722,9156.212106836747,-1,1.91755,1.9238327836804967,1.9106389379514537,1.88366,1.91549,67.90676382389357,0.0029253957093005444,EURNZD_merged,-33.64093484747857
2025-06-20 16:00:00,2025-06-22 18:00:00,-1.1,15.0,0.4575179039398222,6535.970056283175,-1,1.93023,1.934659862706021,1.9240281922115703,1.88263,1.91549,70.50405653625506,0.002253541923995324,EURNZD_merged,-16.957517903939824
2025-06-23 08:00:00,2025-06-23 11:00:00,1.3,29.999999999999996,0.6868721716122173,9812.459594460248,-1,107.091,107.41841332273243,106.66536268044783,103.001,106.247,61.562214964849005,0.18247512680641514,CADJPY_merged,38.313127828387785
2025-06-23 08:00:00,2025-06-23 17:00:00,1.3,15.0,0.34002100369070154,4857.442909867165,-1,180.51,181.06742291782777,179.7853502068239,173.088,176.172,66.64713623236254,0.3237022988794085,CHFJPY_merged,19.1599789963093
2025-06-23 08:00:00,2025-06-23 20:00:00,1.4,60.0,0.8743397237760899,12490.567482515571,-1,180.51,181.37710231662098,179.29605675673062,172.038,176.172,66.94031375437157,0.3237022988794085,CHFJPY_merged,83.12566027622391
2025-06-23 03:00:00,2025-06-24 03:00:00,1.4,15.000000000000002,0.2456070745950007,3508.672494214296,-1,169.334,170.05792336537206,168.32050728847912,161.078,165.209,76.4461692749346,0.2677909119856312,EURJPY_merged,20.754392925405
2025-06-24 14:00:00,2025-06-26 03:00:00,-1.1,30.0,0.691262973070404,9875.1853295772,1,0.58662,0.5848378967368552,0.5889367342420884,0.59132,0.60241,21.51475196554076,0.0009786246992414234,CADCHF_merged,-33.6912629730704
2025-06-24 14:00:00,2025-06-26 03:00:00,-1.1,15.0,0.3274403556649282,4677.719366641832,1,0.58662,0.5847388910000137,0.5892535525999808,0.59132,0.60241,21.51475196554076,0.0009786246992414234,CADCHF_merged,-16.82744035566493
2025-06-24 16:00:00,2025-06-26 04:00:00,-1.1,59.99999999999999,0.9253356333368243,13219.08047624035,1,0.58658,0.5839175757819722,0.5903073939052388,0.59132,0.60241,29.203918276471885,0.0009229468069990121,CADCHF_merged,-66.92533563333683
2025-06-26 01:00:00,2025-06-26 04:00:00,-1.1,15.000000000000002,0.5546982808715948,7924.261155308497,-1,1.87911,1.882667006697226,1.8741301906238836,1.8278,1.86926,72.6749630031677,0.0018519581602984096,GBPCAD_merged,-17.054698280871598
2025-06-26 06:00:00,2025-06-26 07:00:00,1.3,30.0,0.9109801638965096,13014.00234137871,-1,1.37434,1.3775081414309343,1.370221416139785,1.31394,1.35929,68.92482918778053,0.0017950729604027053,GBPUSD_merged,38.08901983610349
2025-06-26 08:00:00,2025-06-26 09:00:00,-1.1,29.999999999999996,0.8501027918506542,12144.32559786649,-1,1.37071,1.3740960505195303,1.3663081343246108,1.31394,1.35929,62.72322205759203,0.001950343521979878,GBPUSD_merged,-33.85010279185065
2025-06-26 06:00:00,2025-06-26 12:00:00,-1.1,30.0,0.7488236697859595,10697.480996942279,1,0.80022,0.7979758642070165,0.8031373765308787,0.81565,0.8476,30.060481444164683,0.0012305462424121896,USDCHF_merged,-33.748823669785956
2025-06-26 06:00:00,2025-06-27 08:00:00,-1.1,60.0,0.9627732897248051,13753.904138925789,1,0.80022,0.7967291220998033,0.8051072290602754,0.81852,0.8476,31.222907462663706,0.0012305462424121896,USDCHF_merged,-66.96277328972481
2025-06-26 15:00:00,2025-06-27 13:00:00,1.4,30.0,0.694679949535359,9923.99927907656,1,1.36258,1.35846095496075,1.3683466630549497,1.37499,1.40159,30.98973750790225,0.0014767241201594213,USDCAD_merged,41.305320050464644
2025-06-26 07:00:00,2025-07-01 04:00:00,-1.1,15.0,0.27689586263421934,3955.6551804888477,-1,1.3728,1.3780057115851678,1.3649914326222483,1.31394,1.35929,62.815210713853816,0.00188113917751679,GBPUSD_merged,-16.77689586263422
2025-06-30 15:00:00,2025-07-01 05:00:00,-1.1,30.0,0.8486126218932626,12123.037455618038,1,1.08829,1.0855968878060036,1.0917910458521953,1.09236,1.12057,29.61503177128902,0.0014600181953155894,GBPCHF_merged,-33.84861262189326
2025-07-02 11:00:00,2025-07-03 09:00:00,1.4,30.0,0.41866610921198266,5980.944417314038,1,1.07853,1.0731201687522234,1.086103763746887,1.09068,1.12057,31.040260674608533,0.0019212195464564906,GBPCHF_merged,41.58133389078802
2025-07-07 02:00:00,2025-07-07 09:00:00,1.3,15.0,0.4441627376980374,6345.1819671148205,-1,1.80806,1.812334250941984,1.8025034737754209,1.74606,1.79905,69.21107534313792,0.0024363992954678972,EURAUD_merged,19.055837262301964
2025-07-03 12:00:00,2025-07-07 09:00:00,-1.1,15.0,0.4170414002342934,5957.734289061335,-1,170.438,170.8671178283486,169.83723504031195,161.078,165.209,70.44712753358947,0.22207638227563248,EURJPY_merged,-16.917041400234293
2025-07-08 10:00:00,2025-07-09 00:00:00,-1.1,30.0,0.5641842233779545,8059.774619685065,-1,95.762,96.11844421036085,95.2986225265309,92.312,94.84,67.99020951704213,0.19645137836075208,AUDJPY_merged,-33.56418422337796
2025-07-10 18:00:00,2025-07-11 02:00:00,-1.1,30.0,0.9902194026724279,14145.991466748972,1,2.06062,2.0562499563628815,2.0663010567282543,2.0589,2.10353,23.255954286908622,0.0023736733048627767,GBPAUD_merged,-33.99021940267243
2025-07-10 18:00:00,2025-07-11 06:00:00,-1.1,59.99999999999999,1.2731392320074073,18187.703314391536,1,2.06062,2.05382215434226,2.070136983920836,2.0589,2.10353,27.52671524266721,0.0023736733048627767,GBPAUD_merged,-67.27313923200741
2025-07-24 06:00:00,2025-07-25 00:00:00,1.5,15.0,0.5564916724830425,7949.881035472037,1,2.04718,2.0433173384251937,2.0529739923622095,2.0589,2.10353,36.27484251177591,0.0024010089496644287,GBPAUD_merged,21.94350832751696
2025-07-24 03:00:00,2025-07-28 04:00:00,1.5,15.0,0.3408854843255397,4869.792633221997,-1,0.89981,0.9025816067226193,0.8956525899160711,0.87897,0.89468,69.46162759289233,0.0009243068427154949,AUDCAD_merged,22.15911451567446
2025-07-28 19:00:00,2025-07-29 00:00:00,-1.1,60.0,2.374148666900319,33916.409527147414,1,1.336,1.333636542277984,1.3395451865830243,1.33701,1.37885,31.467112138827357,0.0014130781422415398,GBPUSD_merged,-68.37414866690033
2025-07-29 04:00:00,2025-07-29 09:00:00,-1.1,30.000000000000004,1.1529038674602976,16470.055249432826,1,1.33327,1.33084146534154,1.3369128019876901,1.33701,1.37885,34.57406919944194,0.0015522745785705823,GBPUSD_merged,-34.1529038674603
2025-08-20 20:00:00,2025-08-21 10:00:00,1.5,30.0,1.1055383827045782,15793.40546720826,1,0.57959,0.5784890531499934,0.5812414202750099,0.57926,0.60241,35.3360879157472,0.0006760852254502742,CADCHF_merged,43.89446161729542
2025-08-20 16:00:00,2025-08-21 10:00:00,1.5,15.0,0.33661417689581996,4808.773955654571,1,85.814,85.54632054326729,86.21551918509905,86.642,89.063,29.510581773111944,0.16734968471094472,NZDJPY_merged,22.16338582310418
2025-08-20 13:00:00,2025-08-21 11:00:00,1.0,60.0,0.7074415941261306,10106.308487516153,1,85.747,85.23792984779209,86.25607015220791,86.642,89.063,28.94866093481321,0.17979132218790775,NZDJPY_merged,59.29255840587387
2025-08-20 12:00:00,2025-08-21 11:00:00,1.1,60.0,0.6882127365150585,9831.610521643694,1,85.681,85.15810906685302,86.25618002646168,86.642,89.063,29.247715569179515,0.1885445008177466,NZDJPY_merged,65.31178726348494
2025-08-20 20:00:00,2025-08-21 14:00:00,1.5,30.0,0.6892048173653275,9845.783105218965,1,0.46856,0.46713230249236865,0.470701546261447,0.4723,0.49839,30.48186980323932,0.0008721458749646244,NZDCHF_merged,44.31079518263467
2025-08-20 13:00:00,2025-08-21 20:00:00,1.0,15.0,0.21736156358969455,3105.165194138494,1,0.46852,0.4662567387689176,0.4707832612310824,0.4723,0.49839,24.153103845170325,0.0009473104349090315,NZDCHF_merged,14.782638436410306
2025-08-20 19:00:00,2025-08-21 21:00:00,1.1,60.00000000000001,0.8007227083397528,11438.89583342504,1,0.46812,0.46566458818324685,0.4708209529984284,0.4723,0.49839,31.50484263404289,0.0008923109422695955,NZDCHF_merged,65.19927729166027
2025-08-20 05:00:00,2025-08-22 02:00:00,-1.1,15.000000000000002,0.20946948410928096,2992.421201561157,1,0.58291,0.5799880684231757,0.5858319315768243,0.58562,0.6059,26.32648097888348,0.0012389475310160142,NZDUSD_merged,-16.709469484109285
2025-08-20 06:00:00,2025-08-22 10:00:00,1.0,15.0,0.18301151662227724,2614.450237461104,1,0.58305,0.5797048416662567,0.5863951583337432,0.58562,0.6059,26.671119533959164,0.0011975941359434414,NZDUSD_merged,14.816988483377722
2025-08-20 05:00:00,2025-08-22 10:00:00,1.1,15.000000000000002,0.17843696794494304,2549.099542070615,1,0.58291,0.5794799064098151,0.5866831029492036,0.58562,0.6059,28.04070975564803,0.0012389475310160142,NZDUSD_merged,16.32156303205506
2025-08-20 11:00:00,2025-08-25 01:00:00,1.0,60.0,0.722616102750796,10323.08718215423,1,0.46844,0.4657173261037078,0.47116267389629224,0.4723,0.49839,23.184845855348573,0.0010227979008412386,NZDCHF_merged,59.2773838972492
2025-08-20 13:00:00,2025-08-25 10:00:00,1.3,15.0,0.3126354895698136,4466.221279568766,-1,2.00016,2.0068776250619846,1.9914270874194202,1.92813,1.96766,70.14700615480143,0.003210325921635697,EURNZD_merged,19.187364510430186
2025-08-20 13:00:00,2025-08-25 11:00:00,1.5,15.0,0.2977480853045843,4253.544075779776,-1,2.00016,2.0072135063150838,1.9895797405273745,1.92813,1.96766,70.14700615480143,0.003210325921635697,EURNZD_merged,22.202251914695417
2025-08-20 13:00:00,2025-08-25 12:00:00,1.4,15.0,0.2501083916558508,3572.977023655012,-1,2.00016,2.0085570313274808,1.988404156141527,1.92813,1.96766,70.76661857381809,0.003210325921635697,EURNZD_merged,20.74989160834415
2025-08-20 02:00:00,2025-08-28 21:00:00,1.5,60.0,0.6594468016553485,9420.668595076408,1,0.58346,0.5797439580177678,0.5890340629733483,0.58562,0.6059,22.506803211949826,0.0012352034706909088,NZDUSD_merged,89.34055319834465
2025-08-20 13:00:00,2025-08-28 22:00:00,1.5,60.0,0.6665754616750633,9522.506595358049,1,0.46852,0.46556792013337084,0.4729481197999438,0.4723,0.49839,24.153103845170325,0.0009473104349090315,NZDCHF_merged,89.33342453832493
2025-09-02 05:00:00,2025-09-03 03:00:00,-1.1,59.99999999999999,1.0697089368702934,15281.556241004193,-1,148.449,149.0318555586571,147.63300221788012,146.213,148.777,72.0582416003135,0.23627492178691242,USDJPY_merged,-67.0697089368703
2025-09-02 06:00:00,2025-09-03 03:00:00,-1.1,60.0,1.2575266039785775,17964.665771122538,-1,148.561,149.05717733575253,147.81673399637123,146.572,148.777,70.37960749663937,0.2317552845164188,USDJPY_merged,-67.25752660397858
2025-09-07 20:00:00,2025-09-08 02:00:00,-1.1,59.99999999999999,1.5463393882904117,22090.562689863025,1,0.57764,0.5760710766327423,0.5799933850508868,0.57926,0.58974,35.147589237875245,0.0009648215970692729,CADCHF_merged,-67.5463393882904
2025-09-05 13:00:00,2025-09-08 07:00:00,1.3,60.0,1.6668228843855089,23811.755491221556,-1,1.62382,1.6279116428877292,1.6185008642459522,1.57561,1.62248,72.4479530091547,0.0020125484835885167,EURCAD_merged,76.33317711561449
2025-09-07 20:00:00,2025-09-08 09:00:00,-1.1,90.0,1.3745239007025882,19636.05572432269,1,0.57764,0.5749924418177524,0.5802875581822476,0.57926,0.58974,34.923344959167494,0.0009648215970692729,CADCHF_merged,-100.3745239007026
2025-09-07 20:00:00,2025-09-08 09:00:00,-1.1,30.0,0.5378571785357954,7683.673979082792,1,0.57764,0.5753846726595669,0.5798953273404331,0.57781,0.58974,34.63260898585569,0.0009648215970692729,CADCHF_merged,-33.537857178535795
2025-09-07 20:00:00,2025-09-08 09:00:00,-1.1,90.0,1.2370715106323296,17672.45015189042,1,0.57764,0.5746982686863916,0.5820525969704127,0.57781,0.58974,34.63260898585569,0.0009648215970692729,CADCHF_merged,-100.23707151063235
2025-09-05 15:00:00,2025-09-11 09:00:00,-1.1,30.0,0.8331354382706921,11901.934832438461,-1,1.62242,1.6265094695429976,1.6162857956855035,1.57561,1.62248,70.55217666985136,0.001868983131257484,EURCAD_merged,-33.833135438270695
2025-09-11 22:00:00,2025-09-15 08:00:00,1.5,30.0,1.204966456590719,17213.806522724557,1,1.76142,1.758350219941171,1.7660246700882434,1.76732,1.81569,31.894155489425412,0.00192871164128467,EURAUD_merged,43.79503354340928
2025-09-16 21:00:00,2025-09-17 14:00:00,-1.1,15.0,0.48137971243723254,6876.853034817608,1,0.78662,0.7849042006452283,0.7891936990321575,0.79106,0.81038,29.50133086233498,0.0008792628425576207,USDCHF_merged,-16.98137971243723
2025-09-16 18:00:00,2025-09-17 14:00:00,-1.1,15.000000000000002,0.33403145209637003,4771.877887091001,1,0.78616,0.7836887716326729,0.7893725968775251,0.80217,0.81038,21.29919902815184,0.0009435991078643546,USDCHF_merged,-16.834031452096372
2025-09-16 21:00:00,2025-09-17 14:00:00,-1.1,15.0,0.5081230297948566,7258.900425640809,1,0.78662,0.7849945058744268,0.7885705929506879,0.79106,0.8171,29.147229336099755,0.0008792628425576207,USDCHF_merged,-17.008123029794856
2025-09-16 21:00:00,2025-09-17 14:00:00,-1.1,15.0,0.4355340255384485,6221.9146505492645,1,0.78662,0.7847235901868312,0.7887060507944856,0.80217,0.81038,28.60405214536107,0.0008792628425576207,USDCHF_merged,-16.93553402553845
2025-09-16 18:00:00,2025-09-17 14:00:00,-1.1,15.0,0.3357483045329919,4796.404350471314,-1,1.62955,1.6346461612520427,1.6234346064975491,1.60128,1.62248,62.9218977087819,0.001731775770358442,EURCAD_merged,-16.83574830453299
2025-09-16 21:00:00,2025-09-17 14:00:00,-1.1,15.0,0.41573702437760984,5939.10034825157,1,0.78662,0.7846332849576327,0.7896000725635509,0.79106,0.8171,28.847299190079703,0.0008792628425576207,USDCHF_merged,-16.91573702437761
2025-09-16 21:00:00,2025-09-17 14:00:00,-1.1,15.0,0.39766150157858343,5680.8785939797635,1,0.78662,0.7845429797284342,0.7895278283801921,0.79106,0.8171,28.93857730349616,0.0008792628425576207,USDCHF_merged,-16.897661501578582
2025-09-16 18:00:00,2025-09-17 14:00:00,-1.1,14.999999999999998,0.4056958679773652,5795.655256819503,-1,1.62955,1.633767512760311,1.6236454821355646,1.60128,1.62248,62.9218977087819,0.001731775770358442,EURCAD_merged,-16.905695867977364
2025-09-16 21:00:00,2025-09-17 14:00:00,-1.1,15.0,0.36584858145229676,5226.408306461382,1,0.78662,0.7843623692700372,0.7900064460949442,0.79106,0.8171,28.52878225504367,0.0008792628425576207,USDCHF_merged,-16.865848581452298
2025-09-16 19:00:00,2025-09-17 14:00:00,-1.1,15.0,0.6288700155590266,8983.857365128952,1,0.57199,0.5710349703672608,0.5729450296327392,0.57781,0.58484,32.205442119050794,0.0005678296975718451,CADCHF_merged,-17.128870015559027
2025-09-18 08:00:00,2025-09-19 00:00:00,1.4,15.0,0.4176377878105445,5966.254111579207,-1,174.286,174.72417945918968,173.67254875713445,169.719,173.016,66.30209832236939,0.18524800504362732,EURJPY_merged,20.582362212189455
2025-09-18 08:00:00,2025-09-19 00:00:00,1.2,15.0,0.34563127267079535,4937.589609582791,-1,174.286,174.81546684652088,173.65063978417496,169.719,173.911,66.30209832236939,0.18524800504362732,EURJPY_merged,17.654368727329203
2025-09-18 09:00:00,2025-09-22 03:00:00,-1.1,60.0,1.0577586743179894,15110.838204542708,-1,2.00183,2.009778586198474,1.9907019793221366,1.92813,2.00328,63.530436786592404,0.0032460601363143073,EURNZD_merged,-67.057758674318
2025-09-18 09:00:00,2025-09-22 20:00:00,-1.1,60.0,0.8753864890907499,12505.521272725,-1,2.00183,2.0114345416564894,1.990304550012213,1.92813,1.99553,63.530436786592404,0.0032460601363143073,EURNZD_merged,-66.87538648909074
2025-09-22 23:00:00,2025-09-25 08:00:00,1.2,30.0,0.7310832859568694,10444.046942240993,-1,1.63219,1.636878383753041,1.626563939496351,1.60128,1.62248,65.10173788558293,0.0015604923347175628,EURCAD_merged,35.26891671404313
2025-09-22 23:00:00,2025-09-25 08:00:00,1.4,30.0,0.8833923038645508,12619.89005520787,-1,1.63219,1.6360700417266547,1.6267579415826836,1.60128,1.62248,65.10173788558293,0.0015604923347175628,EURCAD_merged,41.116607696135446
2025-09-26 00:00:00,2025-09-26 06:00:00,-1.1,15.000000000000002,0.4751924716286246,6788.463880408924,1,0.57668,0.5754057500146735,0.5779542499853264,0.57995,0.59956,33.797622679211464,0.0007873772236269362,NZDUSD_merged,-16.975192471628628
2025-09-25 17:00:00,2025-09-26 10:00:00,1.4,30.0,0.6833497484536739,9762.139263623914,1,1.33412,1.3300201199512551,1.3398598320682427,1.33331,1.35945,25.342132968790384,0.0016791202569548412,GBPUSD_merged,41.31665025154633
2025-09-25 17:00:00,2025-09-26 10:00:00,1.2,30.0,0.5655308263064888,8079.011804378411,1,1.33412,1.3291659782744334,1.34006482607068,1.33331,1.35945,25.342132968790384,0.0016791202569548412,GBPUSD_merged,35.434469173693515
2025-09-26 08:00:00,2025-09-28 17:00:00,1.2,15.0,0.905061579143204,12929.4511306172,-1,1.39488,1.3964982589491717,1.3929380892609937,1.372,1.38911,59.81359318976381,0.0009533875531441529,USDCAD_merged,17.094938420856796
2025-09-26 08:00:00,2025-09-29 03:00:00,1.5,15.0,0.7405049283898942,10578.641834141346,-1,1.39488,1.3968578720489875,1.3919131919265184,1.372,1.38911,59.15803142935338,0.0009533875531441529,USDCAD_merged,21.759495071610107
2025-09-26 08:00:00,2025-09-29 11:00:00,1.5,15.0,0.651644336983107,9309.204814044386,-1,1.39488,1.3971275818738496,1.3915086271892254,1.372,1.39242,57.31728834376549,0.0009533875531441529,USDCAD_merged,21.848355663016893
2025-09-26 09:00:00,2025-09-29 17:00:00,1.4,60.00000000000001,2.5578894878138536,36541.27839734077,-1,1.39352,1.395808130127546,1.3903166178214357,1.372,1.38911,60.87691507169546,0.0009652884422052855,USDCAD_merged,81.44211051218615
2025-09-26 09:00:00,2025-09-29 17:00:00,1.2,60.0,2.11687405888043,30241.057984006147,-1,1.39352,1.3962848239041181,1.3902022113150585,1.372,1.38911,60.87691507169546,0.0009652884422052855,USDCAD_merged,69.88312594111957
2025-09-30 03:00:00,2025-09-30 09:00:00,-1.1,60.0,1.1748086204373436,16782.980291962052,-1,0.65979,0.662148782487456,0.656251826268816,0.64068,0.65684,66.71349554255401,0.0011011192096265295,AUDUSD_merged,-67.17480862043735
2025-09-30 03:00:00,2025-09-30 09:00:00,-1.1,60.0,1.2237589796222328,17482.27113746047,-1,0.65979,0.6620544311879578,0.6566197963368591,0.64068,0.65684,64.96548136934526,0.0011011192096265295,AUDUSD_merged,-67.22375897962223
2025-10-06 09:00:00,2025-10-06 16:00:00,-1.1,60.00000000000001,1.1041731050415575,15773.901500593682,-1,149.782,150.35173349298915,149.09831980841304,145.481,149.136,65.8767652616186,0.31741013527218015,USDJPY_merged,-67.10417310504157
2025-10-06 18:00:00,2025-10-06 20:00:00,-1.1,30.0,0.6865425871804509,9807.751245435014,-1,99.335,99.63884640937819,98.97038430874615,94.399,98.422,70.89596200192,0.1689604492824043,AUDJPY_merged,-33.68654258718045
2025-10-06 09:00:00,2025-10-06 20:00:00,-1.1,60.0,0.9034143586703651,12905.919409576645,-1,149.782,150.47834093587565,148.73748859618658,145.481,149.136,65.9733546772962,0.31741013527218015,USDJPY_merged,-66.90341435867036
2025-10-06 09:00:00,2025-10-06 20:00:00,-1.1,30.0,0.3975023178149607,5678.604540213725,-1,149.782,150.5732965180405,148.5950552229393,145.481,149.136,65.79853166717247,0.31741013527218015,USDJPY_merged,-33.39750231781496
2025-10-06 09:00:00,2025-10-06 20:00:00,-1.1,60.0,0.8281298287811681,11830.42612544526,-1,149.782,150.54164465731887,148.7184974797536,145.481,149.136,65.9733546772962,0.31741013527218015,USDJPY_merged,-66.82812982878117
2025-10-06 07:00:00,2025-10-07 09:00:00,-1.1,15.0,0.21958699947217095,3136.957135316728,-1,107.688,108.20293212381333,107.01858823904269,105.976,107.623,77.02555521996474,0.19947478884494813,CADJPY_merged,-16.71958699947217
2025-10-06 18:00:00,2025-10-07 12:00:00,-1.1,30.0,0.5080235113311493,7257.478733302134,-1,175.93,176.65723602699398,174.91186956220844,169.719,173.016,65.33622981242418,0.292656796158387,EURJPY_merged,-33.508023511331146
2025-10-06 18:00:00,2025-10-07 12:00:00,-1.1,30.0,0.5617166622385508,8024.523746265011,-1,99.335,99.70636783368447,98.7779482494733,94.399,98.422,71.13082088606072,0.1689604492824043,AUDJPY_merged,-33.56171666223855
2025-10-06 18:00:00,2025-10-07 13:00:00,-1.1,30.0,0.442650278021855,6323.575400312216,-1,189.033,189.9298011988471,187.68779820172935,181.467,186.036,68.25846954121896,0.355526159571778,CHFJPY_merged,-33.44265027802186
2025-10-06 18:00:00,2025-10-07 13:00:00,-1.1,60.0,0.8408665015136264,12012.378593051806,-1,175.93,176.80874353261774,174.87550776085874,169.719,173.911,65.33622981242418,0.292656796158387,EURJPY_merged,-66.84086650151363
2025-10-07 00:00:00,2025-10-07 13:00:00,-1.1,30.0,0.44032622753802886,6290.374679114699,-1,189.007,189.90841053422878,187.92530735892547,181.467,186.036,65.48784270651169,0.3011289887924688,CHFJPY_merged,-33.44032622753803
2025-09-30 13:00:00,2025-10-07 20:00:00,1.5,30.0,0.502054251496709,7172.203592810129,-1,0.66189,0.6646585633491924,0.6577371549762114,0.64068,0.65684,64.33654014251174,0.0010597521011285963,AUDUSD_merged,44.49794574850329
2025-10-08 04:00:00,2025-10-08 09:00:00,1.4,15.0,0.24767067038970578,3538.1524341386544,1,0.57506,0.5726220326821504,0.5784731542449895,0.57995,0.6007,31.20380052118434,0.0011014153767715704,NZDUSD_merged,20.752329329610294
2025-10-08 04:00:00,2025-10-08 18:00:00,1.4,15.000000000000002,0.23735105912346802,3390.7294160495435,1,0.57506,0.5725160341031135,0.5786215522556412,0.57995,0.6007,32.0464332679455,0.0011014153767715704,NZDUSD_merged,20.76264894087653
2025-10-08 04:00:00,2025-10-08 20:00:00,1.5,15.0,0.22785701675852926,3255.1002394075613,1,0.57506,0.5724100355240765,0.5790349467138852,0.57995,0.6007,31.335144552255084,0.0011014153767715704,NZDUSD_merged,22.27214298324147
2025-10-08 07:00:00,2025-10-08 20:00:00,1.0,15.0,0.37134979823791786,5304.997117684541,1,0.80508,0.8028036179903392,0.8073563820096609,0.80403,0.82706,39.98763359958644,0.0013782574163210737,NZDCAD_merged,14.628650201762083
2025-10-08 04:00:00,2025-10-08 20:00:00,1.2,15.0,0.19642846272287007,2806.1208960410013,1,0.57506,0.5719860412079288,0.5787487505504855,0.57538,0.6007,32.0464332679455,0.0011014153767715704,NZDUSD_merged,17.80357153727713
2025-10-08 09:00:00,2025-10-08 20:00:00,-1.1,30.0,0.7170222457963394,10243.174939947707,-1,100.342,100.6358795849576,99.98934449805087,94.399,98.422,70.65927854637718,0.1616045477955913,AUDJPY_merged,-33.717022245796336
2025-10-08 05:00:00,2025-10-08 22:00:00,1.4,30.0,0.5486845135479931,7838.350193542759,-1,2.01726,2.024980731851181,2.0064509754083457,1.9621,2.00328,53.63151623344964,0.003250045061469029,EURNZD_merged,41.45131548645201
2025-10-08 05:00:00,2025-10-08 23:00:00,1.2,30.0,0.4540837353500632,6486.910505000903,-1,2.01726,2.0265892176535107,2.0060649388157867,1.9621,1.99553,53.63151623344964,0.003250045061469029,EURNZD_merged,35.54591626464994
2025-10-08 09:00:00,2025-10-09 00:00:00,-1.1,30.0,0.5162560169733644,7375.08595676235,-1,100.342,100.7501660902189,99.72975086467164,94.399,98.422,71.30499696500928,0.1616045477955913,AUDJPY_merged,-33.516256016973365
2025-10-08 11:00:00,2025-10-09 02:00:00,-1.1,15.0,0.31347140098161147,4478.162871165879,-1,109.327,109.6932003922544,108.77769941161841,105.976,108.03,72.39658959431638,0.16549367205542567,CADJPY_merged,-16.813471400981612
2025-10-08 09:00:00,2025-10-09 02:00:00,-1.1,30.0,0.8345065256457305,11921.521794939008,-1,109.417,109.69234320336466,109.14165679663535,105.976,108.03,73.64365250493447,0.16779739480984224,CADJPY_merged,-33.83450652564573
2025-10-08 08:00:00,2025-10-09 05:00:00,1.2,15.0,0.3612635186228047,5160.90740889721,-1,204.714,205.30899420483811,204.00000695419425,197.855,201.522,68.0663091167723,0.3280128834482418,GBPJPY_merged,17.638736481377194
2025-10-08 09:00:00,2025-10-09 09:00:00,1.1,30.0,0.6238931771479994,8912.759673542849,-1,204.645,205.33382705524133,203.88729023923457,197.942,201.522,69.5730516208957,0.3287262489162241,GBPJPY_merged,32.376106822852
2025-10-08 09:00:00,2025-10-09 12:00:00,1.4,30.0,0.5696415965264342,8137.737093234775,-1,204.645,205.39942963193096,203.58879851529667,195.023,201.522,69.49783590074743,0.3287262489162241,GBPJPY_merged,41.43035840347357
2025-10-08 08:00:00,2025-10-09 12:00:00,1.5,30.0,0.5202194668168387,7431.706668811983,-1,204.714,205.54038084005296,203.47442873992057,195.023,201.522,67.71956344323118,0.3280128834482418,GBPJPY_merged,44.47978053318316
2025-10-08 09:00:00,2025-10-09 17:00:00,1.4,30.0,0.5520515729481191,7886.4510421159885,-1,190.552,191.27685836398044,189.53719829042737,181.467,186.036,61.42787181978953,0.29295115273052663,CHFJPY_merged,41.447948427051884
2025-10-08 10:00:00,2025-10-09 17:00:00,1.2,30.0,0.4708274638630199,6726.10662661457,-1,190.474,191.32355834291852,189.45452998849777,181.467,186.036,61.80629375439271,0.28724035610691717,CHFJPY_merged,35.52917253613698
2025-10-08 12:00:00,2025-10-09 23:00:00,1.4,60.0,1.0631758243872418,15188.226062674883,-1,204.473,205.2807559518389,203.34214166742558,195.023,201.522,63.60559035210203,0.3271674813662333,GBPJPY_merged,82.93682417561276
2025-10-08 12:00:00,2025-10-09 23:00:00,1.2,30.0,0.4399348238843758,6284.7831983482265,-1,204.473,205.44903844180533,203.30175386983365,197.855,201.522,63.60559035210203,0.3271674813662333,GBPJPY_merged,35.56006517611562
2025-10-08 09:00:00,2025-10-09 23:00:00,1.1,15.0,0.31790724786504015,4541.532112357717,-1,109.417,109.7783879544161,109.01947325014228,105.976,108.03,72.8627390632892,0.16779739480984224,CADJPY_merged,16.18209275213496
2025-10-08 09:00:00,2025-10-10 02:00:00,1.4,30.0,0.5805262787100735,8293.23255300105,-1,109.417,109.81280585483668,108.86287180322864,105.976,108.03,72.23638120024835,0.16779739480984224,CADJPY_merged,41.419473721289926
2025-10-08 09:00:00,2025-10-10 02:00:00,1.3,15.0,0.2670420882066338,3814.8869743804826,-1,109.417,109.84722375525726,108.85770911816556,105.976,107.623,72.8627390632892,0.16779739480984224,CADJPY_merged,19.232957911793367
2025-10-08 05:00:00,2025-10-10 11:00:00,-1.1,30.0,0.5267371330060734,7524.816185801049,-1,2.01726,2.025302429011647,2.0051963564825286,1.9621,2.00328,53.395686516825926,0.003250045061469029,EURNZD_merged,-33.52673713300607
2025-10-09 18:00:00,2025-10-10 11:00:00,1.2,60.0,1.0136654763390929,14480.935376272757,-1,0.80567,0.8090081959620652,0.8016641648455218,0.78288,0.80137,63.560061046862195,0.0011431661947499173,USDCHF_merged,70.9863345236609
2025-10-15 19:00:00,2025-10-15 22:00:00,-1.1,15.0,0.5268530270419254,7526.471814884649,1,0.56698,0.5658500283201512,0.5681099716798489,0.57781,0.57805,32.57144261904886,0.0006750728499122767,CADCHF_merged,-17.026853027041927
2025-10-16 00:00:00,2025-10-16 06:00:00,-1.1,30.0,0.853160578184387,12188.008259776958,-1,1.88276,1.8873942928882321,1.8762719899564748,1.85369,1.88399,64.27344022888546,0.001864458557947001,GBPCAD_merged,-33.85316057818439
2025-10-16 00:00:00,2025-10-16 07:00:00,-1.1,60.00000000000001,1.4121278535465713,20173.255050665306,-1,1.88276,1.8883597705732806,1.8760402753120633,1.85369,1.88399,64.27344022888546,0.001864458557947001,GBPCAD_merged,-67.41212785354658
2025-10-16 17:00:00,2025-10-16 23:00:00,-1.1,60.0,0.8113783034465427,11591.118620664896,-1,1.8013,1.8106242079161639,1.790110950500603,1.75909,1.79311,64.64704615906778,0.0031698695298062202,EURAUD_merged,-66.81137830344655
2025-10-17 01:00:00,2025-10-17 03:00:00,-1.1,60.0,1.0739676951837533,15342.395645482193,-1,1.80855,1.8156227546406323,1.798648143503115,1.75909,1.79311,73.37699065382638,0.0030354599480813442,EURAUD_merged,-67.07396769518375
2025-10-17 01:00:00,2025-10-17 03:00:00,-1.1,30.000000000000004,0.5881251664101506,8401.78809157358,-1,1.80855,1.8150077324979688,1.8014464942522346,1.75909,1.79311,72.5086512019184,0.0030354599480813442,EURAUD_merged,-33.58812516641016
2025-10-17 01:00:00,2025-10-17 06:00:00,1.1,30.0,1.1251497580967136,16073.567972810195,-1,1.64395,1.6470182982199986,1.6405748719580016,1.6169,1.64029,76.71772069908113,0.0015231590768701403,EURCAD_merged,31.874850241903285
2025-10-17 06:00:00,2025-10-17 07:00:00,1.4,60.0,0.9919050238907895,14170.071769868422,-1,1.80904,1.8166999753171897,1.7983160345559344,1.75909,1.79311,57.43429271879565,0.003379395212007951,EURAUD_merged,83.0080949761092
2025-10-17 01:00:00,2025-10-17 07:00:00,1.4,29.999999999999996,1.0273106486969994,14675.866409957134,-1,1.64395,1.6473105170980937,1.6392452760626688,1.6169,1.64029,77.71461635585037,0.0015231590768701403,EURCAD_merged,40.972689351302996
2025-10-17 07:00:00,2025-10-17 07:00:00,1.0,15.0,0.43003289176515047,6143.327025216436,1,0.5629,0.5615255818768328,0.5642744181231671,0.57781,0.57805,42.13304916278526,0.0009383676607666669,CADCHF_merged,14.569967108234849
2025-10-17 06:00:00,2025-10-17 07:00:00,1.2,90.00000000000001,1.2313303744851178,17590.433921215972,-1,1.80904,1.818295803508271,1.7979330357900747,1.75909,1.79311,57.43429271879565,0.003379395212007951,EURAUD_merged,106.7686696255149
2025-10-17 04:00:00,2025-10-17 07:00:00,1.1,29.999999999999996,0.6714444346569652,9592.063352242361,1,0.56165,0.5598933915017814,0.5635822693480405,0.56926,0.57805,25.731693408539186,0.0008253030774436097,CADCHF_merged,32.32855556534304
2025-10-17 06:00:00,2025-10-17 08:00:00,1.2,15.000000000000002,0.5531145163841996,7901.63594834571,-1,1.64248,1.645597987232145,1.638738415321426,1.6169,1.64029,54.61366540871967,0.00177777119118592,EURCAD_merged,17.4468854836158
2025-10-17 04:00:00,2025-10-17 08:00:00,1.2,60.00000000000001,0.9724367674342256,13891.953820488938,1,0.56165,0.5592242073119839,0.5645609512256193,0.57781,0.57805,27.350105629466736,0.0008253030774436097,CADCHF_merged,71.02756323256577
2025-10-17 04:00:00,2025-10-17 08:00:00,1.4,30.0,0.6130579620780988,8757.970886829984,1,0.56165,0.559726095454332,0.5643434663639352,0.57781,0.57805,25.194209805830972,0.0008253030774436097,CADCHF_merged,41.3869420379219
2025-10-17 04:00:00,2025-10-17 08:00:00,1.5,15.0,0.32046211654082435,4578.030236297491,1,0.56165,0.5598097434780567,0.5644103847829149,0.57781,0.57805,27.350105629466736,0.0008253030774436097,CADCHF_merged,22.179537883459176
2025-10-17 04:00:00,2025-10-17 08:00:00,1.4,15.0,0.2937569401624224,4196.527716606034,1,0.56165,0.5596424474306073,0.5644605735971497,0.57781,0.57805,27.350105629466736,0.0008253030774436097,CADCHF_merged,20.70624305983758
2025-10-17 05:00:00,2025-10-17 10:00:00,1.4,30.0,0.84732644698003,12104.663528286144,-1,1.64333,1.6474028021794902,1.6376280769487137,1.6169,1.64029,60.62875515113685,0.0017322151289694534,EURCAD_merged,41.15267355301997
2025-10-17 05:00:00,2025-10-17 10:00:00,1.2,90.0,2.1037070407780054,30052.957725400076,-1,1.64333,1.6482513026335506,1.637424436839739,1.6169,1.64029,60.62875515113685,0.0017322151289694534,EURCAD_merged,105.896292959222
2025-10-17 04:00:00,2025-10-17 14:00:00,1.5,15.0,0.2820066625559254,4028.666607941792,1,0.56165,0.5595587994068826,0.564786800889676,0.57781,0.57805,26.27558710643096,0.0008253030774436097,CADCHF_merged,22.217993337444074
2025-10-17 05:00:00,2025-10-17 14:00:00,1.5,29.999999999999996,0.8134333891008286,11620.476987154696,-1,1.64333,1.6475725022703023,1.6369662465945465,1.6169,1.62248,59.38653014880236,0.0017322151289694534,EURCAD_merged,44.18656661089916
2025-10-17 08:00:00,2025-10-17 14:00:00,1.0,30.000000000000004,0.7887719877252318,11268.171253217599,1,0.56393,0.5624286117427734,0.5654313882572267,0.57781,0.57805,43.54039309929129,0.0009377699707119199,CADCHF_merged,29.211228012274773
2025-10-17 00:00:00,2025-10-17 15:00:00,1.2,60.0,1.1104488903145846,15863.555575922639,-1,2.04439,2.052122402702089,2.0351111167574936,2.00016,2.03098,60.304814784634914,0.0027016067765308826,EURNZD_merged,70.88955110968541
2025-10-17 08:00:00,2025-10-19 18:00:00,1.0,30.0,0.485287203105101,6932.674330072872,1,0.51335,0.5111285628940919,0.515571437105908,0.52017,0.53089,42.09511502061491,0.0013999411775359083,AUDCHF_merged,29.514712796894898
2025-10-17 08:00:00,2025-10-20 11:00:00,1.4,60.0,0.834374481203635,11919.635445766215,-1,1.8013,1.8103672236153319,1.788605886938535,1.75909,1.79311,55.04837812870947,0.0038574377083129877,EURAUD_merged,83.16562551879636
2025-10-17 08:00:00,2025-10-20 11:00:00,1.2,90.00000000000001,1.0357752180458915,14796.788829227022,-1,1.8013,1.8122562285351929,1.7881525257577684,1.75909,1.79311,55.04837812870947,0.0038574377083129877,EURAUD_merged,106.96422478195413
2025-10-16 11:00:00,2025-10-21 08:00:00,1.2,59.99999999999999,1.1830115176296667,16900.16453756667,-1,1.88552,1.8922140886728367,1.8774870935925962,1.85369,1.88399,61.22510460102952,0.0022705702647013693,GBPCAD_merged,70.81698848237032
2025-10-23 14:00:00,2025-10-24 03:00:00,-1.1,60.0,1.7173479693873692,24533.54241981956,-1,191.833,192.3021527951015,191.17618608685788,183.967,191.163,64.00364296967648,0.1888031647714209,CHFJPY_merged,-67.71734796938738
2025-10-23 23:00:00,2025-10-28 00:00:00,1.5,30.0,0.8517528169437096,12167.897384910138,-1,192.06,192.5335247033843,191.34971294492357,183.967,186.036,64.00193883259315,0.18995203268559208,CHFJPY_merged,44.14824718305629
2025-10-28 17:00:00,2025-10-28 19:00:00,-1.1,30.0,0.676846308695861,9669.232981369445,1,2.01585,2.009595574223258,2.0252316386651126,2.02406,2.10039,25.358807354814047,0.0024066438599327144,GBPAUD_merged,-33.67684630869586
2025-10-28 17:00:00,2025-10-28 19:00:00,-1.1,60.00000000000001,1.4100964764497108,20144.235377853012,1,2.01585,2.0098457512543275,2.024255948243941,2.02406,2.10039,26.45222726227854,0.0024066438599327144,GBPAUD_merged,-67.41009647644972
2025-10-28 17:00:00,2025-10-28 19:00:00,-1.1,30.0,0.769143532608933,10987.764751556186,1,2.01585,2.010346105316467,2.0241058420252993,2.02406,2.10039,26.45222726227854,0.0024066438599327144,GBPAUD_merged,-33.769143532608936
2025-10-28 17:00:00,2025-10-28 19:00:00,-1.1,30.0,0.7357025094520231,10510.035849314616,1,2.01585,2.010095928285397,2.0239057004004435,2.02406,2.10039,24.341149387903563,0.0024066438599327144,GBPAUD_merged,-33.735702509452025
2025-10-28 17:00:00,2025-10-28 19:00:00,-1.1,29.999999999999996,0.8057694151141203,11510.991644487432,1,2.01585,2.0105962823475365,2.0216290894177096,2.02406,2.08487,24.82644505452674,0.0024066438599327144,GBPAUD_merged,-33.80576941511412
2025-10-28 12:00:00,2025-10-29 00:00:00,-1.1,30.0,1.018283490389162,14546.907005559458,1,1.05361,1.0514371463488479,1.055782853651152,1.06522,1.07791,30.805424265158944,0.001308173993972195,GBPCHF_merged,-34.01828349038916
2025-10-28 12:00:00,2025-10-29 02:00:00,-1.1,30.0,0.84151194676211,12021.599239458716,-1,0.87793,0.8801208815520609,0.8750818539823207,0.86533,0.8751,78.0234298949861,0.0008644702907654935,EURGBP_merged,-33.84151194676211
2025-10-28 14:00:00,2025-10-29 02:00:00,-1.1,29.999999999999996,1.2219686174081454,17456.69453440208,-1,0.87818,0.8796891860574223,0.8763689767310932,0.86533,0.8751,69.72163439272865,0.0008078340772416735,EURGBP_merged,-34.221968617408145
2025-10-28 14:00:00,2025-10-29 02:00:00,-1.1,29.999999999999996,1.0474016720641246,14962.881029487495,-1,0.87818,0.8799407170669926,0.876243211226308,0.86533,0.8751,72.14750650580027,0.0008078340772416735,EURGBP_merged,-34.047401672064126
2025-10-28 12:00:00,2025-10-29 02:00:00,-1.1,60.0,1.5516700805930088,22166.715437042985,1,1.05361,1.0507581295828627,1.056747057458851,1.06522,1.07791,27.24792414547932,0.001308173993972195,GBPCHF_merged,-67.55167008059301
2025-10-23 14:00:00,2025-10-29 02:00:00,1.2,90.0,2.131880237860182,30455.431969431178,-1,191.833,192.39989296074768,191.1527284471028,183.967,191.163,64.00364296967648,0.1888031647714209,CHFJPY_merged,105.86811976213981
2025-10-28 14:00:00,2025-10-29 02:00:00,-1.1,30.0,0.9563232657976791,13661.760939966845,-1,0.87818,0.8801084044067062,0.8754802338306111,0.86533,0.8751,72.74357863214178,0.0008078340772416735,EURGBP_merged,-33.95632326579768
2025-10-28 12:00:00,2025-10-29 02:00:00,-1.1,60.0,1.416742247497965,20239.174964256643,1,1.05361,1.0504865228764688,1.0579828679729435,1.06522,1.07791,26.26587423641791,0.001308173993972195,GBPCHF_merged,-67.41674224749796
2025-10-28 14:00:00,2025-10-29 02:00:00,-1.1,30.0,0.9997925051521189,14282.750073601701,-1,0.87818,0.8800245607368494,0.8754131588947257,0.86533,0.8751,70.29811593615413,0.0008078340772416735,EURGBP_merged,-33.99979250515212
2025-10-28 17:00:00,2025-10-29 02:00:00,-1.1,30.0,0.9680685518558059,13829.550740797227,-1,0.8776,0.8795037494777277,0.8747443757834087,0.86533,0.8751,69.41124495917377,0.0007428212345845316,EURGBP_merged,-33.96806855185581
2025-10-28 12:00:00,2025-10-29 02:00:00,-1.1,30.0,0.6517014338490638,9310.020483558055,1,1.05361,1.0502149161700747,1.0587026257448877,1.06522,1.07791,28.208454849180516,0.001308173993972195,GBPCHF_merged,-33.65170143384906
2025-10-29 05:00:00,2025-10-29 07:00:00,-1.1,30.0,0.8959808646981722,12799.726638545319,1,1.84305,1.838730259308547,1.8478017147605985,1.85595,1.89143,23.538759256381496,0.0020536608499622457,GBPCAD_merged,-33.895980864698174
2025-10-29 05:00:00,2025-10-29 07:00:00,-1.1,15.0,0.5226555044072672,7466.507205818102,1,1.84305,1.8393473651216117,1.847493161854066,1.85595,1.89143,26.577086382468377,0.0020536608499622457,GBPCAD_merged,-17.02265550440727
2025-10-29 05:00:00,2025-10-29 07:00:00,-1.1,15.0,0.4951473199647794,7073.533142353992,1,1.84305,1.8391416631839235,1.8489125052241149,1.85595,1.89143,27.235693988317227,0.0020536608499622457,GBPCAD_merged,-16.99514731996478
2025-10-29 05:00:00,2025-10-29 08:00:00,-1.1,15.0,0.427627230878673,6108.960441123901,1,1.84305,1.8385245573708588,1.849838163943712,1.85595,1.89143,25.874474046320504,0.0020536608499622457,GBPCAD_merged,-16.927627230878674
2025-10-29 05:00:00,2025-10-29 08:00:00,-1.1,14.999999999999998,0.4090347425796003,5843.353465422862,1,1.84305,1.8383188554331704,1.8496736023935614,1.85595,1.88399,22.728714420958273,0.0020536608499622457,GBPCAD_merged,-16.9090347425796
2025-10-29 05:00:00,2025-10-29 08:00:00,-1.1,29.999999999999996,1.1129046799701006,15898.638285287152,1,1.32199,1.319495465607284,1.324484534392716,1.32484,1.37261,33.43066494510144,0.0015091494243441078,GBPUSD_merged,-34.1129046799701
2025-10-29 05:00:00,2025-10-29 08:00:00,-1.1,90.0,1.9464411888270639,27806.302697529485,1,1.84305,1.8370846438070412,1.850208427431551,1.85595,1.89143,25.874474046320504,0.0020536608499622457,GBPCAD_merged,-100.94644118882708
2025-10-29 15:00:00,2025-10-29 23:00:00,1.0,30.0,1.0846399873226902,15494.85696175272,1,1.61766,1.6145280059377258,1.6207919940622744,1.61729,1.62248,35.88869896776237,0.001939103696855672,EURCAD_merged,28.91536001267731
2025-10-29 03:00:00,2025-10-31 00:00:00,1.2,90.0,1.6425630572548386,23465.186532211985,1,2.28549,2.276724073519184,2.296009111776979,2.30336,2.35207,29.454283829146043,0.003100395178586385,GBPNZD_merged,106.35743694274517
2025-10-30 08:00:00,2025-11-04 00:00:00,1.2,90.0,1.1849610241429338,16928.01463061334,-1,178.286,179.23388079701812,177.14854304357826,174.811,177.934,63.11079995374856,0.3287943438727927,EURJPY_merged,106.81503897585706
2025-10-30 08:00:00,2025-11-04 00:00:00,1.5,30.0,0.4581849293352677,6545.498990503826,-1,178.286,179.10313861811906,177.0602920728214,174.811,177.934,64.31133588625241,0.3287943438727927,EURJPY_merged,44.54181507066473
2025-11-04 06:00:00,2025-11-04 09:00:00,-1.1,30.0,0.5907798992306619,8439.712846152313,1,200.758,200.0443809338317,201.54298097278516,200.675,205.32,25.998454006764227,0.33833155987034536,GBPJPY_merged,-33.59077989923066
2025-11-05 00:00:00,2025-11-05 06:00:00,-1.1,90.0,2.507787818736283,35825.54026766119,1,0.56554,0.564119264970752,0.566960735029248,0.56823,0.6007,36.61638563232646,0.0008845337223314165,NZDUSD_merged,-101.5077878187363
2025-11-05 00:00:00,2025-11-05 06:00:00,-1.1,15.0,0.3519702201735134,5028.146002478764,1,0.56554,0.5638528771527681,0.568070684270848,0.56823,0.58446,36.43802458918334,0.0008845337223314165,NZDUSD_merged,-16.851970220173513
2025-11-04 18:00:00,2025-11-05 19:00:00,1.0,60.0,2.1916057330256966,31308.653328938526,1,1.30265,1.3001535975141174,1.3051464024858828,1.32484,1.37261,30.11118525300535,0.0015088050141283157,GBPUSD_merged,57.808394266974304
2025-11-04 16:00:00,2025-11-06 03:00:00,1.4,15.0,0.369621015207512,5280.300217250172,1,1.30185,1.2981517727787133,1.3070275181098012,1.32484,1.37261,23.906242558711405,0.001549501673190237,GBPUSD_merged,20.63037898479249
2025-11-05 00:00:00,2025-11-06 09:00:00,-1.1,30.0,0.5815160159388483,8307.371656269263,1,0.56554,0.5634976933954561,0.5683992292463615,0.56823,0.6007,39.73118136368948,0.0008845337223314165,NZDUSD_merged,-33.581516015938845
2025-11-05 00:00:00,2025-11-06 09:00:00,-1.1,30.0,0.6368984936473101,9098.549909247287,1,0.56554,0.563675285274112,0.5675911861984768,0.56823,0.58446,38.654094697119966,0.0008845337223314165,NZDUSD_merged,-33.63689849364731
2025-11-05 00:00:00,2025-11-06 10:00:00,-1.1,30.000000000000004,0.5349947346637405,7642.781923767721,1,0.56554,0.5633201015168001,0.5688698477248,0.56823,0.6007,37.86796514708501,0.0008845337223314165,NZDUSD_merged,-33.53499473466375
2025-11-05 00:00:00,2025-11-06 10:00:00,-1.1,90.0,1.383607072406225,19765.81532008893,1,0.56554,0.5629649177594881,0.5686300986886144,0.56823,0.58446,36.89398088084418,0.0008845337223314165,NZDUSD_merged,-100.38360707240624
2025-11-07 04:00:00,2025-11-07 09:00:00,-1.1,29.999999999999996,0.6248568313303753,8926.526161862505,-1,2.05218,2.0590769046730664,2.0432140239250134,2.00724,2.04838,68.67663013557694,0.002823850307138963,EURNZD_merged,-33.624856831330376
2025-11-07 04:00:00,2025-11-07 09:00:00,-1.1,29.999999999999996,0.6791922079677993,9702.74582811142,-1,2.05218,2.058525152299221,2.0432967867810903,2.00016,2.04838,68.43944873483602,0.002823850307138963,EURNZD_merged,-33.6791922079678
2025-11-07 04:00:00,2025-11-07 09:00:00,-1.1,29.999999999999996,0.6248568313303753,8926.526161862505,-1,2.05218,2.0590769046730664,2.0418346429904,2.00016,2.04838,68.74630181196034,0.002823850307138963,EURNZD_merged,-33.624856831330376
2025-11-07 13:00:00,2025-11-10 04:00:00,1.5,30.0,0.5717358930794192,8167.655615420275,-1,2.05942,2.0669843003217907,2.0480735495173135,2.00016,2.04838,65.28655917500667,0.00301531154809374,EURNZD_merged,44.42826410692058
2025-11-07 14:00:00,2025-11-10 17:00:00,1.2,90.0,1.4823048839873336,21175.784056961907,-1,2.05744,2.066184403489472,2.0469467158126338,2.00724,2.04838,60.10219079768768,0.0031035035803727807,EURNZD_merged,106.51769511601266
2025-11-10 08:00:00,2025-11-11 03:00:00,-1.1,90.0,1.969536453079773,28136.23504399676,-1,191.321,191.93298273234052,190.5866207211914,183.967,191.163,68.41742150245715,0.2078836335080458,CHFJPY_merged,-100.96953645307978
2025-11-10 07:00:00,2025-11-11 10:00:00,-1.1,30.0,0.7619245126693494,10884.63589527642,-1,178.22,178.71120614152287,177.4831907877157,174.811,177.934,68.76589962924879,0.1903765668513489,EURJPY_merged,-33.76192451266935
2025-11-11 08:00:00,2025-11-11 21:00:00,-1.1,30.0,0.7951242251176457,11358.917501680653,-1,192.283,192.79083800473472,191.52124299289787,183.967,186.036,71.88001153882463,0.20441125890147446,CHFJPY_merged,-33.79512422511765
2025-11-10 09:00:00,2025-11-11 23:00:00,-1.1,90.0,2.012017165319237,28743.102361703393,-1,178.214,178.77202118359256,177.5443745796889,174.811,177.934,64.49857480518487,0.186533876519786,EURJPY_merged,-101.01201716531925
2025-11-11 18:00:00,2025-11-11 23:00:00,-1.1,90.0,2.26194966423498,32313.566631928286,-1,192.417,192.95292134217982,191.77389438938422,183.967,192.693,67.16508205424226,0.18610042976201102,CHFJPY_merged,-101.26194966423499
2025-11-12 01:00:00,2025-11-12 03:00:00,-1.1,15.0,0.49833771111964786,7119.110158852113,-1,193.124,193.53091321462387,192.67639546391374,183.967,192.693,76.53702065102136,0.18764189762280226,CHFJPY_merged,-16.998337711119646
2025-11-12 12:00:00,2025-11-13 03:00:00,-1.1,30.0,1.2287602620653755,17553.718029505366,-1,193.982,194.31352292808955,193.65047707191044,183.967,186.036,75.15239718545882,0.20368741362340045,CHFJPY_merged,-34.22876026206538
2025-11-12 12:00:00,2025-11-13 03:00:00,-1.1,30.0,0.7864065677218405,11234.379538883437,-1,193.982,194.50000457513994,193.30859405231809,183.967,192.693,76.25931159990266,0.20368741362340045,CHFJPY_merged,-33.78640656772184
2025-11-18 19:00:00,2025-11-18 21:00:00,-1.1,15.0,0.30589806936039243,4369.972419434178,1,0.79126,0.788543987434974,0.7953340188475388,0.79938,0.80876,24.46947977739788,0.0010032306242694056,NZDCAD_merged,-16.805898069360392
2025-11-18 19:00:00,2025-11-18 21:00:00,-1.1,15.0,0.34119400044043774,4874.200006291968,1,0.79126,0.7888249542520457,0.794669064047136,0.79938,0.80876,26.319498739321595,0.0010032306242694056,NZDCAD_merged,-16.84119400044044
2025-11-18 19:00:00,2025-11-18 22:00:00,-1.1,15.0,0.29570146704837935,4224.306672119706,1,0.79126,0.7884503318292835,0.7946316018048597,0.79938,0.80876,27.96620213695935,0.0010032306242694056,NZDCAD_merged,-16.795701467048378
2025-11-18 19:00:00,2025-11-18 22:00:00,-1.1,15.0,0.29570146704837935,4224.306672119706,1,0.79126,0.7884503318292835,0.7951935354390031,0.79938,0.80876,24.46947977739788,0.0010032306242694056,NZDCAD_merged,-16.795701467048378
2025-11-18 14:00:00,2025-11-19 09:00:00,-1.1,15.0,0.29769639325154795,4252.805617879257,-1,111.303,111.69557496109887,110.87116754279124,105.194,109.748,68.64624803433686,0.17655436669757457,CADJPY_merged,-16.79769639325155
2025-11-18 14:00:00,2025-11-19 09:00:00,-1.1,15.0,0.25189694813592517,3598.527830513217,-1,111.303,111.7669522267532,110.6534668825455,108.198,110.387,68.64624803433686,0.17655436669757457,CADJPY_merged,-16.751896948135926
2025-11-19 02:00:00,2025-11-19 10:00:00,-1.1,15.0,0.43216781575229907,6173.825939318559,1,0.78893,0.7870132064077747,0.791805190388338,0.7887,0.80876,32.59161750287515,0.0009054189353377206,NZDCAD_merged,-16.932167815752297
2025-11-19 07:00:00,2025-11-19 14:00:00,-1.1,15.0,0.31529456017340207,4504.208002477173,1,0.78848,0.7858541887600449,0.792156135735937,0.7887,0.80876,34.49021404438587,0.0009208047479442917,NZDCAD_merged,-16.815294560173403
2025-11-19 07:00:00,2025-11-19 20:00:00,-1.1,15.0,0.25542411794950204,3648.915970707172,-1,111.472,111.93024020433003,110.83046371393795,106.232,109.748,69.07334860141646,0.15090768229263102,CADJPY_merged,-16.755424117949502
2025-11-19 20:00:00,2025-11-20 01:00:00,-1.1,15.0,0.40520670517223617,5788.667216746231,-1,181.186,181.65550185564953,180.66954795878553,175.699,177.934,71.1300181679078,0.22288065335856935,EURJPY_merged,-16.905206705172237
2025-11-20 04:00:00,2025-11-20 08:00:00,-1.1,60.0,0.9283212653824318,13261.73236260617,-1,157.152,157.86300213321957,156.1565970134926,149.378,153.272,60.287816382554745,0.23050066028224706,USDJPY_merged,-66.92832126538244
2025-11-20 04:00:00,2025-11-20 08:00:00,-1.1,15.0,0.2400830858747668,3429.758369639526,-1,157.152,157.83930206211224,156.12104690683162,149.378,153.272,58.91921238722983,0.23050066028224706,USDJPY_merged,-16.740083085874765
2025-11-19 20:00:00,2025-11-20 08:00:00,-1.1,15.0,0.34286721206881515,4898.103029554502,-1,181.186,181.74086582940402,180.4091878388344,175.699,178.821,71.1300181679078,0.22288065335856935,EURJPY_merged,-16.842867212068814
2025-11-20 04:00:00,2025-11-20 08:00:00,-1.1,60.0,0.9283212653824318,13261.73236260617,-1,157.152,157.86300213321957,156.2987974401365,149.378,153.272,61.28125219255911,0.23050066028224706,USDJPY_merged,-66.92832126538244
2025-11-20 04:00:00,2025-11-20 08:00:00,-1.1,60.0,1.0711399215951134,15301.998879930194,-1,157.152,157.76820184879028,156.2893174116936,149.378,153.272,60.287816382554745,0.23050066028224706,USDJPY_merged,-67.07113992159512
2025-11-19 20:00:00,2025-11-20 17:00:00,1.4,15.0,0.41834067777280287,5976.295396754327,-1,1.15548,1.1583801578485249,1.1514197790120653,1.1276,1.1444,70.94159618942386,0.001112199231616043,AUDNZD_merged,20.581659322227196
2025-11-20 03:00:00,2025-11-21 02:00:00,1.4,60.0,0.7632187577121734,10903.125110173907,-1,101.961,102.52209234170775,101.17547072160916,98.824,101.207,54.77270985136444,0.21660440775276654,AUDJPY_merged,83.23678124228783
2025-11-20 03:00:00,2025-11-21 02:00:00,1.2,15.000000000000002,0.16536406417097096,2362.343773871014,-1,101.961,102.60841424043201,101.18410291148159,98.824,100.946,55.265766063239184,0.21660440775276654,AUDJPY_merged,17.83463593582903
2025-11-20 03:00:00,2025-11-21 02:00:00,1.4,15.000000000000002,0.16536406417097096,2362.343773871014,-1,101.961,102.60841424043201,101.05462006339518,98.824,101.207,53.98782920180893,0.21660440775276654,AUDJPY_merged,20.83463593582903
2025-11-20 03:00:00,2025-11-21 02:00:00,1.4,15.000000000000002,0.16536406417097096,2362.343773871014,-1,101.961,102.60841424043201,101.05462006339518,98.824,101.207,54.77270985136444,0.21660440775276654,AUDJPY_merged,20.83463593582903
2025-11-20 13:00:00,2025-11-25 09:00:00,1.5,15.0,0.13975132298720752,1996.447471245822,-1,101.52,102.28275485427609,100.37586771858584,98.824,100.946,42.25250138716062,0.277231849891362,AUDJPY_merged,22.36024867701279
2025-11-25 16:00:00,2025-11-25 20:00:00,1.2,30.0,0.46118379985482993,6588.339997926142,-1,2.34261,2.3532770724373853,2.329809513075138,2.28036,2.3448,50.509065375987845,0.003463141468714474,GBPNZD_merged,35.53881620014517
2025-11-25 16:00:00,2025-11-25 20:00:00,1.5,30.0,0.47708668950499644,6815.524135785664,-1,2.34261,2.3529215033561393,2.3271427449657915,2.28036,2.3448,48.0517562545867,0.003463141468714474,GBPNZD_merged,44.52291331049501
2025-11-26 02:00:00,2025-11-26 19:00:00,-1.1,30.0,0.45576527934064864,6510.932562009267,-1,0.56833,0.5709486571336163,0.5644020142995756,0.56057,0.5691,69.1231643382293,0.0012607667597623103,NZDUSD_merged,-33.455765279340646
2025-11-26 02:00:00,2025-11-26 20:00:00,-1.1,60.0,1.0535222626851137,15050.31803835877,1,2.03828,2.0301541384940633,2.0504687922589047,2.04067,2.06398,31.854810392601635,0.003820210869971914,EURNZD_merged,-67.0535222626851
2025-11-26 02:00:00,2025-11-26 20:00:00,-1.1,15.0,0.17091197975274328,2441.5997107534754,-1,0.56833,0.5718215428448217,0.5634418400172496,0.56057,0.5691,69.1231643382293,0.0012607667597623103,NZDUSD_merged,-16.670911979752745
2025-11-26 06:00:00,2025-11-26 21:00:00,-1.1,60.0,0.9063642118113819,12948.06016873403,-1,101.572,102.04267436516214,100.91305588877302,98.824,101.207,64.10175156298497,0.17716941612933418,AUDJPY_merged,-66.90636421181138
2025-11-26 06:00:00,2025-11-27 10:00:00,-1.1,60.0,0.7855156502365312,11221.652146236162,-1,101.572,102.11508580595631,100.92029703285243,98.824,100.946,62.90616726050248,0.17716941612933418,AUDJPY_merged,-66.78551565023653
2025-11-26 06:00:00,2025-11-27 10:00:00,-1.1,59.99999999999999,0.8126023967964112,11608.605668520162,-1,101.572,102.09698294575777,100.78452558136335,98.824,100.946,65.30481383836673,0.17716941612933418,AUDJPY_merged,-66.81260239679641
2025-11-26 06:00:00,2025-11-27 10:00:00,-1.1,60.0,0.7855156502365312,11221.652146236162,-1,101.572,102.11508580595631,100.81167987166117,98.824,101.207,65.30481383836673,0.17716941612933418,AUDJPY_merged,-66.78551565023653
2025-11-26 06:00:00,2025-11-27 10:00:00,-1.1,30.0,0.3927578251182656,5610.826073118081,-1,101.572,102.11508580595631,100.81167987166117,98.824,101.207,64.10175156298497,0.17716941612933418,AUDJPY_merged,-33.39275782511827
2025-11-27 06:00:00,2025-11-27 19:00:00,-1.1,30.0,0.5088318726300741,7269.026751858202,-1,89.232,89.60026938342409,88.71642286320628,85.881,88.824,68.81936064606236,0.1409533512228879,NZDJPY_merged,-33.508831872630076
2025-11-27 06:00:00,2025-11-28 13:00:00,-1.1,30.0,0.456194092702825,6517.058467183215,-1,89.232,89.6427620045884,88.61585699311739,85.881,88.824,67.9583516742059,0.1409533512228879,NZDJPY_merged,-33.45619409270282
2025-11-26 18:00:00,2025-11-30 21:00:00,1.4,30.0,0.6665516175794153,9522.16596542022,-1,194.359,194.97133652313713,193.50172886760805,189.1,191.163,65.08353519487935,0.22940590112039708,CHFJPY_merged,41.333448382420585
2025-11-26 18:00:00,2025-11-30 21:00:00,1.4,60.0,1.155356137137653,16505.087673395046,-1,194.359,195.06554214208128,193.3698410010862,189.1,191.163,65.98856526106655,0.22940590112039708,CHFJPY_merged,82.84464386286234
2025-12-01 09:00:00,2025-12-02 05:00:00,1.4,14.999999999999998,0.40125898159622697,5732.271165660386,-1,1.16448,1.1675271691752194,1.1602139631546926,1.14687,1.16559,62.13773065280535,0.0011954175625784043,EURUSD_merged,20.598741018403768
2025-11-27 02:00:00,2025-12-03 05:00:00,-1.1,30.0,0.6362399180554082,9089.141686505833,-1,1.32429,1.3286610067870306,1.318170590498157,1.30098,1.32157,60.11504945712743,0.0016746452810823655,GBPUSD_merged,-33.63623991805541
2025-12-02 11:00:00,2025-12-03 08:00:00,-1.1,30.0,0.7125272287627121,10178.960410895888,-1,180.906,181.4391762558179,180.10623561627318,175.699,177.934,47.90996405831022,0.1865786040796205,EURJPY_merged,-33.71252722876271
2025-11-27 06:00:00,2025-12-03 16:00:00,-1.1,30.0,0.44098762294606414,6299.823184943774,-1,89.232,89.65692621164317,88.72208854602819,85.881,88.824,69.2781015875381,0.1409533512228879,NZDJPY_merged,-33.44098762294606
2025-11-27 06:00:00,2025-12-03 16:00:00,-1.1,60.0,0.8819752458921283,12599.646369887549,-1,89.232,89.65692621164317,88.63710330369955,85.881,88.824,67.9583516742059,0.1409533512228879,NZDJPY_merged,-66.88197524589212
2025-11-27 06:00:00,2025-12-03 16:00:00,-1.1,15.0,0.22049381147303207,3149.911592471887,-1,89.232,89.65692621164317,88.63710330369955,85.881,88.824,68.81936064606236,0.1409533512228879,NZDJPY_merged,-16.72049381147303
2025-11-27 01:00:00,2025-12-03 23:00:00,-1.1,60.0,0.9385637841463674,13408.054059233822,-1,89.296,89.69559266097308,88.6966110085404,85.881,88.824,74.22326936511747,0.14964023606181093,NZDJPY_merged,-66.93856378414637
2025-12-03 18:00:00,2025-12-04 05:00:00,1.1,30.0,0.871375130006221,12448.216142946016,-1,207.138,207.63719923695425,206.58888083935034,199.064,204.237,65.60958715347836,0.23077240520795533,GBPJPY_merged,32.12862486999378
2025-12-02 05:00:00,2025-12-04 06:00:00,1.2,30.0,0.743217558289184,10617.393689845487,-1,181.074,181.58563403738108,180.4600391551427,175.699,177.934,64.95362728062611,0.16679148776080874,EURJPY_merged,35.25678244171082
2025-12-03 18:00:00,2025-12-05 00:00:00,1.4,60.0,1.4746348353951435,21066.21193421634,-1,207.138,207.7279627345823,206.3120521715848,199.064,204.237,65.60958715347836,0.23077240520795533,GBPJPY_merged,82.52536516460485
2025-12-02 05:00:00,2025-12-05 00:00:00,1.4,60.0,1.486435116578368,21234.787379690973,-1,181.074,181.58563403738108,180.3577123476665,175.699,177.934,69.61877728141751,0.16679148776080874,EURJPY_merged,82.51356488342164
2025-12-04 04:00:00,2025-12-05 02:00:00,-1.1,30.0,0.7394730186791857,10563.90026684551,-1,0.66103,0.6629072327927251,0.6584018740901848,0.6421,0.65799,67.67843109348725,0.0007332974259732553,AUDUSD_merged,-33.739473018679185
2025-12-04 04:00:00,2025-12-05 03:00:00,-1.1,30.0,0.6408766161886277,9155.38023126611,-1,0.66103,0.6631960378377597,0.6579975470271363,0.64583,0.65799,67.67843109348725,0.0007332974259732553,AUDUSD_merged,-33.64087661618863
2025-12-04 02:00:00,2025-12-05 03:00:00,-1.1,90.0,1.949547727206267,27850.681817232387,-1,0.66108,0.6632162924035557,0.658089190635022,0.64583,0.65799,71.89229380176872,0.0007090905058624783,AUDUSD_merged,-100.94954772720628
2025-12-04 04:00:00,2025-12-05 03:00:00,-1.1,15.0,0.3314879049251522,4735.541498930746,-1,0.66103,0.6631238365765011,0.6578892451352484,0.64583,0.65799,67.89822251322641,0.0007332974259732553,AUDUSD_merged,-16.83148790492515
2025-12-04 04:00:00,2025-12-05 03:00:00,-1.1,30.0,0.6408766161886277,9155.38023126611,-1,0.66103,0.6631960378377597,0.6584307545946884,0.64583,0.65799,67.40826120508923,0.0007332974259732553,AUDUSD_merged,-33.64087661618863
2025-12-04 04:00:00,2025-12-05 05:00:00,-1.1,30.0,0.8524673282672492,12178.104689532132,-1,0.92296,0.9252336542923465,0.9197768839907149,0.90557,0.92045,69.31068508290811,0.0008655908186951872,AUDCAD_merged,-33.85246732826725
2025-12-04 04:00:00,2025-12-05 08:00:00,-1.1,60.0,1.477610035663232,21108.71479518903,-1,0.92296,0.9255834472603999,0.9192871738354402,0.90557,0.92045,70.04782634807019,0.0008655908186951872,AUDCAD_merged,-67.47761003566323
2025-12-04 04:00:00,2025-12-05 08:00:00,-1.1,30.0,0.738805017831616,10554.357397594515,-1,0.92296,0.9255834472603999,0.9192871738354402,0.90557,0.92045,69.31068508290811,0.0008655908186951872,AUDCAD_merged,-33.738805017831616
2025-12-04 08:00:00,2025-12-05 10:00:00,1.2,30.0,0.7656565200261352,10937.950286087646,-1,0.92311,0.9256418546231852,0.9200717744521778,0.90557,0.92045,61.79800174010813,0.0008608121452715823,AUDCAD_merged,35.234343479973866
2025-12-03 16:00:00,2025-12-05 11:00:00,1.4,15.0,0.5074351645046727,7249.073778638183,-1,1.16654,1.1689538394137418,1.163160624820761,1.14687,1.16559,68.85431175560514,0.0009156569334792632,EURUSD_merged,20.492564835495326
2025-12-03 19:00:00,2025-12-05 11:00:00,1.2,30.0,0.8870748891520004,12672.498416457149,-1,1.16662,1.1693817758432345,1.1633058689881184,1.14687,1.16559,60.861507865285404,0.0009112639514773792,EURUSD_merged,35.112925110847996
2025-12-03 08:00:00,2025-12-05 11:00:00,1.1,15.0,0.626117440014173,8944.53485734533,-1,1.16628,1.1682358535216208,1.1641285611262169,1.14687,1.16559,72.12412742292223,0.0009219511617231158,EURUSD_merged,15.873882559985827
2025-12-03 08:00:00,2025-12-05 11:00:00,1.4,30.0,1.0595833600239852,15136.90514319979,-1,1.16628,1.1685914632528247,1.1630439514460453,1.14909,1.16559,72.12412742292223,0.0009219511617231158,EURUSD_merged,40.940416639976014
2025-12-04 23:00:00,2025-12-08 03:00:00,-1.1,30.0,1.4691891963251675,20988.417090359537,-1,0.93593,0.9372677807330166,0.9343246631203801,0.91792,0.93261,66.4417643380303,0.00042336070307657413,EURCHF_merged,-34.46918919632517
2025-12-07 20:00:00,2025-12-08 06:00:00,-1.1,15.0,0.3206444730507796,4580.6353292968515,-1,112.162,112.529291844701,111.61106223294851,108.198,112.287,62.62631513282962,0.17362224425554373,CADJPY_merged,-16.82064447305078
2025-12-07 20:00:00,2025-12-08 06:00:00,-1.1,15.0,0.2589820743871681,3699.743919816687,-1,112.162,112.61674228391553,111.47988657412672,108.198,112.287,62.79584540244719,0.17362224425554373,CADJPY_merged,-16.75898207438717
2025-12-07 21:00:00,2025-12-08 06:00:00,-1.1,30.0,0.4518009793983833,6454.299705691191,-1,112.061,112.58186673276664,111.43595992068005,108.198,112.287,64.98366458886719,0.17000636966586238,CADJPY_merged,-33.451800979398385
2025-12-03 16:00:00,2025-12-08 10:00:00,1.4,14.999999999999998,0.4397771425707164,6282.530608153092,-1,1.16654,1.1693251993235483,1.1626407209470322,1.14687,1.16559,68.85431175560514,0.0009156569334792632,EURUSD_merged,20.56022285742928
2025-12-03 11:00:00,2025-12-08 11:00:00,1.4,60.0,1.6855650786326286,24079.50112332327,-1,1.16595,1.1688552512193553,1.1618826482929028,1.14687,1.16559,68.85661753327183,0.0009549587107528023,EURUSD_merged,82.31443492136736
2025-12-07 23:00:00,2025-12-08 14:00:00,1.1,60.0,2.0248622777380985,28926.603967687122,1,1.38255,1.3796822938533446,1.3857044767613207,1.38874,1.41305,27.98975076089645,0.0012475383086532172,USDCAD_merged,63.9751377222619
2025-12-07 18:00:00,2025-12-08 22:00:00,1.2,30.0,0.7210912169845998,10301.303099779998,1,1.75535,1.7502379768423546,1.7614844277891746,1.75628,1.81615,36.04708566251523,0.001728007167842636,EURAUD_merged,35.2789087830154
2025-12-07 20:00:00,2025-12-08 23:00:00,-1.1,15.0,0.30003241759075516,4286.177394153646,-1,0.53368,0.5355476781812436,0.5310652505462591,0.51348,0.5291,61.46063743072587,0.0007070279218726885,AUDCHF_merged,-16.800032417590756
2025-12-05 12:00:00,2025-12-08 23:00:00,-1.1,30.0,0.4616375586245575,6594.822266065108,-1,103.024,103.49265857415202,102.46160971101759,98.824,100.946,65.7312395246699,0.15463241580895545,AUDJPY_merged,-33.46163755862456
2025-12-07 20:00:00,2025-12-08 23:00:00,-1.1,30.0,0.5200561904906423,7429.374149866319,-1,0.53368,0.5358350132860503,0.5310939840567398,0.51348,0.5291,62.100847972109264,0.0007070279218726885,AUDCHF_merged,-33.52005619049064
2025-12-05 15:00:00,2025-12-08 23:00:00,-1.1,30.0,0.691592924201389,9879.8989171627,-1,0.53394,0.5355612918911725,0.5315080621632412,0.51348,0.5291,70.9108470306514,0.0005961756754187567,AUDCHF_merged,-33.69159292420139
2025-12-05 12:00:00,2025-12-08 23:00:00,-1.1,60.0,0.923275117249115,13189.644532130216,-1,103.024,103.49265857415202,102.36787799618719,98.824,101.207,67.5224954936303,0.15463241580895545,AUDJPY_merged,-66.92327511724912
2025-12-05 15:00:00,2025-12-08 23:00:00,-1.1,14.999999999999998,0.4281289530770503,6116.127901100719,-1,0.53394,0.5352495049890239,0.5319757425164641,0.51348,0.5291,70.38734250561481,0.0005961756754187567,AUDCHF_merged,-16.92812895307705
2025-12-08 11:00:00,2025-12-09 03:00:00,-1.1,15.0,0.3763499794319876,5376.428277599824,-1,112.579,112.893090491458,112.107864262813,108.198,112.287,67.48926117791027,0.1472406935018346,CADJPY_merged,-16.87634997943199
2025-12-08 13:00:00,2025-12-09 08:00:00,-1.1,15.0,0.27145626682793284,3877.9466689704695,-1,112.523,112.95824193189796,112.00070968172243,108.198,112.287,58.08839551444145,0.1464320265398476,CADJPY_merged,-16.771456266827933
2025-12-09 06:00:00,2025-12-09 10:00:00,-1.1,15.0,0.32633892546202276,4661.984649457469,-1,181.741,182.32575417766924,180.8638687334962,175.699,182.003,63.08752169239805,0.2025937022093544,EURJPY_merged,-16.82633892546202
2025-12-09 06:00:00,2025-12-09 10:00:00,-1.1,30.0,0.6309219225599108,9013.17032228444,-1,181.741,182.34591811483023,181.01509826220374,175.699,182.003,63.06813192017201,0.2025937022093544,EURJPY_merged,-33.630921922559914
2025-12-09 05:00:00,2025-12-09 11:00:00,-1.1,60.0,1.6539486063192939,23627.83723313277,-1,208.321,208.8500056756643,207.73909375676925,199.064,204.237,61.42751542584554,0.2511387592089656,GBPJPY_merged,-67.65394860631929
2025-12-08 12:00:00,2025-12-09 17:00:00,1.5,14.999999999999998,0.37659683232620594,5379.9547475172285,-1,0.58336,0.5849864820822216,0.5809202768766676,0.56178,0.57559,68.00188368732843,0.0007699070431592419,CADCHF_merged,22.12340316767379
2025-12-08 14:00:00,2025-12-10 09:00:00,1.2,15.0,0.2631466786615036,3759.238266592909,-1,0.58208,0.584402598191658,0.5792928821700105,0.56178,0.57559,62.466940007034815,0.0007574708688465186,CADCHF_merged,17.736853321338497
2025-12-09 13:00:00,2025-12-10 09:00:00,1.1,60.0,1.4053646612870887,20076.638018386984,-1,113.255,113.5934680240674,112.88268517352584,108.198,112.287,69.79833481703963,0.14943130885962025,CADJPY_merged,64.5946353387129
2025-12-04 14:00:00,2025-12-10 15:00:00,-1.1,60.0,1.2798882538880347,18284.11791268621,-1,1.3343,1.3386785541300001,1.328170024218,1.30377,1.32157,57.563256854941265,0.00162448361785716,GBPUSD_merged,-67.27988825388803
2025-12-07 23:00:00,2025-12-10 15:00:00,-1.1,60.00000000000001,1.7133450042399296,24476.357203427568,1,1.38255,1.379160892735771,1.3872947501699204,1.39709,1.41305,27.98975076089645,0.0012475383086532172,USDCAD_merged,-67.71334500423994
2025-12-09 13:00:00,2025-12-10 23:00:00,1.4,60.0,1.1891547133967675,16987.92447709668,-1,113.255,113.65500766480693,112.6949892692703,108.198,112.287,69.79833481703963,0.14943130885962025,CADJPY_merged,82.81084528660324
2025-12-10 22:00:00,2025-12-11 07:00:00,-1.1,90.0,2.9172663127658516,41675.23303951217,-1,1.16937,1.1718953200120135,1.1665921479867853,1.14909,1.16559,65.49392175389433,0.0011194532518238182,EURUSD_merged,-101.91726631276586
2025-12-10 22:00:00,2025-12-11 08:00:00,-1.1,90.0,2.468456110801875,35263.65872574107,-1,1.16937,1.1723544691051067,1.1651917432528507,1.14909,1.16559,65.49392175389433,0.0011194532518238182,EURUSD_merged,-101.4684561108019
2025-12-08 13:00:00,2025-12-11 08:00:00,1.4,15.0,0.3883005950526419,5547.151357894885,1,1.61091,1.6065539533661526,1.6170084652873864,1.61741,1.63341,44.37934416404663,0.0015867501591840952,EURCAD_merged,20.61169940494736
2025-12-09 20:00:00,2025-12-11 08:00:00,1.2,30.0,0.5726620631820591,8180.886616886561,-1,113.169,113.58400025107206,112.67099969871352,108.198,112.287,60.88628459913876,0.1355238872365911,CADJPY_merged,35.42733793681794
2025-12-09 20:00:00,2025-12-11 09:00:00,1.5,30.0,0.5924090308779921,8462.986155399889,-1,113.169,113.57016690936966,112.5672496359455,108.198,112.287,58.473369141386435,0.1355238872365911,CADJPY_merged,44.407590969122005
2025-12-09 20:00:00,2025-12-11 09:00:00,1.4,15.0,0.2863310315910296,4090.4433084432803,-1,113.169,113.58400025107206,112.5879996484991,108.198,112.287,59.888844213478706,0.1355238872365911,CADJPY_merged,20.71366896840897
2025-12-09 18:00:00,2025-12-12 04:00:00,-1.1,29.999999999999996,0.6478992503673445,9255.703576676351,-1,182.327,182.9179664192124,181.6178402969451,175.699,182.003,65.01869260539303,0.189418177375271,EURJPY_merged,-33.647899250367345
2025-12-09 15:00:00,2025-12-12 07:00:00,-1.1,15.000000000000002,0.32068150055584577,4581.16429365494,-1,182.378,182.9751560556754,181.5419815220544,175.699,182.003,68.7694149018022,0.1916911600900075,EURJPY_merged,-16.82068150055585
2025-12-11 12:00:00,2025-12-12 10:00:00,1.4,90.0,1.9756774636096126,28223.963765851615,-1,1.34252,1.3468010003939344,1.3365265994484918,1.30377,1.32157,67.17844885761477,0.0016217858549765643,GBPUSD_merged,124.02432253639037
2025-12-09 05:00:00,2025-12-14 23:00:00,1.4,30.0,0.6997474872889322,9996.392675556175,-1,208.321,208.94618852578512,207.44573606390085,199.064,204.237,61.42751542584554,0.2511387592089656,GBPJPY_merged,41.30025251271107
2025-12-11 15:00:00,2025-12-15 10:00:00,-1.1,30.0,0.9129426780870715,13042.038258386738,-1,1.17409,1.1767907051583637,1.1700389422624546,1.14909,1.16559,70.41887393995358,0.0012599036414532624,EURUSD_merged,-33.91294267808707
2025-12-11 21:00:00,2025-12-15 10:00:00,-1.1,30.0,0.755330233505437,10790.43190722053,-1,1.17348,1.1767425570785952,1.169564931505686,1.14909,1.16559,65.2292347811308,0.0010562676671841628,EURUSD_merged,-33.75533023350544
2025-12-11 21:00:00,2025-12-15 10:00:00,-1.1,30.0,0.781376103626314,11162.515766090202,-1,1.17348,1.1766338051759753,1.1687492922360372,1.14909,1.16559,63.36766101244941,0.0010562676671841628,EURUSD_merged,-33.781376103626314
2025-12-11 21:00:00,2025-12-15 10:00:00,-1.1,30.0,0.755330233505437,10790.43190722053,-1,1.17348,1.1767425570785952,1.168912420089967,1.14909,1.16559,64.52772684833721,0.0010562676671841628,EURUSD_merged,-33.75533023350544
2025-12-11 15:00:00,2025-12-16 07:00:00,-1.1,30.0,0.6847070085653038,9781.528693790055,-1,1.17409,1.1776909402111515,1.169048683704388,1.14909,1.16559,70.41887393995358,0.0012599036414532624,EURUSD_merged,-33.684707008565304
2025-12-11 15:00:00,2025-12-16 07:00:00,-1.1,30.000000000000004,0.7373767784549425,10533.953977927751,-1,1.17409,1.1774337301960693,1.1690744047058963,1.14909,1.16559,70.73202822239499,0.0012599036414532624,EURUSD_merged,-33.73737677845495
2025-12-11 12:00:00,2025-12-16 08:00:00,-1.1,30.0,1.0018966877965896,14312.809825665567,1,1.37689,1.3740040048318165,1.381218992752275,1.39709,1.41305,35.85054391607882,0.0013761203124620762,USDCAD_merged,-34.00189668779659
2025-12-18 03:00:00,2025-12-18 09:00:00,1.2,15.0,0.3731385883697781,5330.551262425402,-1,182.955,183.4698294922787,182.3372046092656,180.092,182.003,58.32714586950336,0.17998973890696898,EURJPY_merged,17.626861411630223
2025-12-18 03:00:00,2025-12-19 02:00:00,-1.1,15.0,0.38646496652584167,5520.92809322631,-1,182.955,183.45207675116563,182.20938487325157,180.092,182.003,58.546951893583135,0.17998973890696898,EURJPY_merged,-16.886464966525843
2025-12-18 03:00:00,2025-12-19 02:00:00,-1.1,15.0,0.3731385883697781,5330.551262425402,-1,182.955,183.4698294922787,182.18275576158197,180.092,182.003,58.32714586950336,0.17998973890696898,EURJPY_merged,-16.873138588369777
2025-12-18 06:00:00,2025-12-19 02:00:00,-1.1,60.0,1.3785678625979554,19693.826608542222,-1,113.121,113.46563896402215,112.70743324317341,108.198,112.287,56.94218672463143,0.12063809192827654,CADJPY_merged,-67.37856786259796
2025-12-17 23:00:00,2025-12-19 02:00:00,-1.1,15.0,0.3691297509443258,5273.282156347512,-1,182.854,183.37413336640796,182.12581328702888,180.092,182.003,63.842978734971204,0.16785080388817503,EURJPY_merged,-16.869129750944325
2025-12-22 02:00:00,2025-12-22 05:00:00,-1.1,15.0,0.2923648242679984,4176.640346685692,-1,210.734,211.4908307868568,209.5987538197148,199.064,204.237,70.3587992925528,0.29684694462088007,GBPJPY_merged,-16.792364824268
2025-12-22 02:00:00,2025-12-22 06:00:00,-1.1,15.0,0.2728738359834652,3898.197656906646,-1,210.734,211.54489012877517,209.5987538197148,199.064,204.237,70.64080551074478,0.29684694462088007,GBPJPY_merged,-16.772873835983464
2025-12-21 23:00:00,2025-12-22 07:00:00,-1.1,15.0,0.25305155893779524,3615.022270539932,-1,210.71,211.58430996643014,209.57339704364082,199.064,204.237,65.9610482758388,0.28730860994068785,GBPJPY_merged,-16.753051558937795
2025-12-21 23:00:00,2025-12-22 07:00:00,-1.1,15.0,0.25305155893779524,3615.022270539932,-1,210.71,211.58430996643014,209.39853505035478,199.064,208.945,66.16475592391508,0.28730860994068785,GBPJPY_merged,-16.753051558937795
2025-12-21 23:00:00,2025-12-22 07:00:00,-1.1,15.0,0.25305155893779524,3615.022270539932,-1,210.71,211.58430996643014,209.39853505035478,199.064,204.237,65.9610482758388,0.28730860994068785,GBPJPY_merged,-16.753051558937795
2025-12-22 14:00:00,2025-12-22 21:00:00,-1.1,30.0,0.606551534531303,8665.021921875757,-1,0.57938,0.5813859268351207,0.5763711097473189,0.55792,0.5691,63.6276371753507,0.0006852308381778138,NZDUSD_merged,-33.606551534531306
2025-12-19 11:00:00,2025-12-22 23:00:00,1.3,15.0,0.27511068079751533,3930.152582821648,-1,114.241,114.67701742270518,113.67417735048326,108.198,112.287,70.82010132757279,0.20179681956351517,CADJPY_merged,19.224889319202486
2025-12-23 01:00:00,2025-12-23 03:00:00,-1.1,30.0,0.7556735055322175,10795.335793317394,-1,0.66653,0.6683822721648341,0.6637515917527487,0.6421,0.65799,71.16519685976542,0.0006054651938772529,AUDUSD_merged,-33.755673505532215
2025-12-23 01:00:00,2025-12-23 03:00:00,-1.1,30.0,0.8396372283691305,11994.817548130437,-1,0.66653,0.6681970449483507,0.6641961370723088,0.6421,0.65799,71.16519685976542,0.0006054651938772529,AUDUSD_merged,-33.83963722836913
2025-12-22 23:00:00,2025-12-23 04:00:00,-1.1,60.0,1.0920814974725992,15601.164249608562,-1,0.58128,0.5835155254673301,0.5779267117990049,0.55792,0.58012,71.89128755793168,0.0007226626446498071,NZDUSD_merged,-67.0920814974726
2025-12-22 23:00:00,2025-12-23 04:00:00,-1.1,60.0,1.2134238860806659,17334.626944009513,-1,0.58128,0.5832919729205971,0.578463237911164,0.55792,0.58012,71.89128755793168,0.0007226626446498071,NZDUSD_merged,-67.21342388608066
2025-12-23 08:00:00,2025-12-23 09:00:00,1.3,29.999999999999996,0.9465482737476967,13522.118196395668,1,0.78747,0.7857229290413763,0.7897411922462109,0.78778,0.81016,38.7865697081832,0.0009068000837451902,USDCHF_merged,38.053451726252305
2025-12-23 10:00:00,2025-12-23 16:00:00,-1.1,30.0,0.6355784497154345,9079.692138791923,-1,0.66785,0.6700566276800731,0.6649813840159051,0.6421,0.66855,68.2009477416412,0.0008194128039642814,AUDUSD_merged,-33.63557844971543
2025-12-23 10:00:00,2025-12-23 16:00:00,-1.1,30.0,0.6355784497154345,9079.692138791923,-1,0.66785,0.6700566276800731,0.6645400584798905,0.6421,0.66855,68.2009477416412,0.0008194128039642814,AUDUSD_merged,-33.63557844971543
2025-12-23 10:00:00,2025-12-23 16:00:00,-1.1,30.0,0.6355784497154345,9079.692138791923,-1,0.66785,0.6700566276800731,0.6645400584798905,0.6421,0.66855,68.80116587061224,0.0008194128039642814,AUDUSD_merged,-33.63557844971543
2025-12-23 09:00:00,2025-12-23 20:00:00,-1.1,29.999999999999996,0.6092346151075554,8703.35164439365,1,0.78922,0.7864995997487645,0.7930285603517299,0.78778,0.80853,47.580606535055814,0.000964885792049117,USDCHF_merged,-33.60923461510755
2025-12-23 09:00:00,2025-12-23 20:00:00,-1.1,15.0,0.315121352641839,4501.733609169129,1,0.78922,0.786590279757139,0.7923756642914332,0.78778,0.80853,45.951868163573856,0.000964885792049117,USDCHF_merged,-16.81512135264184
2025-12-23 07:00:00,2025-12-23 20:00:00,-1.1,30.0,1.0083208142462097,14404.58306066014,1,1.37082,1.3679650336447213,1.37481695289739,1.39709,1.41305,28.800532184031418,0.0009622514909195421,USDCAD_merged,-34.00832081424621
2025-12-23 07:00:00,2025-12-23 20:00:00,-1.1,60.0,1.976972504590429,28242.464351291845,-1,0.66915,0.6705715827450682,0.6673019424314114,0.6421,0.65799,74.08807045287261,0.00066430529543832,AUDUSD_merged,-67.97697250459044
2025-12-23 07:00:00,2025-12-23 20:00:00,-1.1,15.0,0.5215452487480394,7450.646410686279,1,1.37082,1.3680601991898973,1.374131760972123,1.38874,1.41305,30.493975093354265,0.0009622514909195421,USDCAD_merged,-17.02154524874804
2025-12-23 10:00:00,2025-12-23 20:00:00,-1.1,30.0,0.5181379789134366,7401.971127334809,-1,0.58223,0.584589763325136,0.578690355012296,0.55792,0.5831,65.17080648231116,0.0008291606706100523,NZDUSD_merged,-33.51813797891344
2025-12-23 09:00:00,2025-12-23 21:00:00,-1.1,30.0,0.7437576098306334,10625.108711866193,-1,1.34946,1.3532702010151472,1.3437446984772796,1.30377,1.32157,59.21850917538321,0.0013878727856354962,GBPUSD_merged,-33.74375760983063
2025-12-22 11:00:00,2025-12-24 17:00:00,1.4,15.0,0.2581875977922069,3688.394254174385,-1,211.187,212.0458574815219,209.98459952586938,199.064,204.237,62.922913178105965,0.2845511252329641,GBPJPY_merged,20.741812402207792
2025-12-21 18:00:00,2025-12-26 09:00:00,-1.1,15.0,0.2297959765625878,3282.7996651798258,-1,114.07,114.59121669748808,113.28817495376788,108.198,113.457,67.74171655352919,0.186034903136577,CADJPY_merged,-16.72979597656259
2025-12-21 18:00:00,2025-12-26 09:00:00,-1.1,15.0,0.2297959765625878,3282.7996651798258,-1,114.07,114.59121669748808,113.3924182932655,108.198,113.457,67.74171655352919,0.186034903136577,CADJPY_merged,-16.72979597656259
2025-12-21 18:00:00,2025-12-26 09:00:00,-1.1,30.0,0.4595919531251756,6565.5993303596515,-1,114.07,114.59121669748808,113.4445399630143,108.198,112.287,68.24628275409339,0.186034903136577,CADJPY_merged,-33.45959195312518
2025-12-21 18:00:00,2025-12-26 09:00:00,-1.1,15.0,0.24681790075240914,3525.9700107487024,-1,114.07,114.55527071835097,113.39062099430863,108.198,112.287,68.24628275409339,0.186034903136577,CADJPY_merged,-16.746817900752408
2025-12-23 08:00:00,2025-12-29 06:00:00,1.5,15.0,0.3427157542879591,4895.939346970845,1,0.78747,0.7850573781999959,0.7910889327000062,0.78778,0.80853,38.74646738601496,0.0009068000837451902,USDCHF_merged,22.15728424571204
2025-12-22 11:00:00,2025-12-29 17:00:00,1.5,15.0,0.21303582215836317,3043.368887976617,-1,90.952,91.40027953830699,90.27958069253953,87.23,90.89,59.85214236041134,0.1531641326018064,NZDJPY_merged,22.286964177841636
2025-12-29 04:00:00,2025-12-30 07:00:00,-1.1,30.0,0.8557694552084365,12225.277931549093,-1,1.15296,1.155789285370334,1.149564857555599,1.13919,1.15187,64.66816241021611,0.0009902145274468875,AUDNZD_merged,-33.85576945520844
2025-12-29 04:00:00,2025-12-30 07:00:00,-1.1,15.0,0.44316632501865466,6330.947500266496,-1,1.15296,1.1556917238058397,1.1488624142912403,1.13919,1.15187,65.11237170568484,0.0009902145274468875,AUDNZD_merged,-16.943166325018655
2025-12-29 04:00:00,2025-12-30 07:00:00,-1.1,30.0,0.8557694552084365,12225.277931549093,-1,1.15296,1.155789285370334,1.1487160719444989,1.14193,1.15187,64.66816241021611,0.0009902145274468875,AUDNZD_merged,-33.85576945520844
2025-12-29 04:00:00,2025-12-30 08:00:00,-1.1,15.0,0.4136219033507444,5908.884333582063,-1,1.15296,1.1558868469348282,1.1488624142912403,1.13919,1.15187,65.54061375785606,0.0009902145274468875,AUDNZD_merged,-16.913621903350744
2025-12-29 03:00:00,2025-12-30 16:00:00,-1.1,29.999999999999996,0.8639620884045375,12342.31554863625,-1,1.1535,1.1563037688603597,1.1492943467094603,1.13919,1.15187,61.79435909581291,0.000975615644942788,AUDNZD_merged,-33.863962088404534
2025-12-23 09:00:00,2025-12-31 03:00:00,1.5,30.0,0.7181107956985425,10258.725652836323,-1,1.34946,1.353406279622831,1.3435405805657539,1.30377,1.32157,60.320428119401626,0.0013878727856354962,GBPUSD_merged,44.28188920430146
2025-12-23 09:00:00,2025-12-31 03:00:00,1.3,15.0,0.35905539784927126,5129.362826418162,-1,1.34946,1.353406279622831,1.34432983649032,1.30377,1.32157,60.320428119401626,0.0013878727856354962,GBPUSD_merged,19.14094460215073
2025-12-23 09:00:00,2025-12-31 03:00:00,1.5,15.0,0.35905539784927126,5129.362826418162,-1,1.34946,1.353406279622831,1.3435405805657539,1.30377,1.32157,59.76879470865662,0.0013878727856354962,GBPUSD_merged,22.14094460215073
2025-12-23 09:00:00,2025-12-31 03:00:00,1.4,30.0,0.6941737691752577,9916.768131075112,-1,1.34946,1.3535423582305148,1.3437446984772796,1.30377,1.32157,58.39637865447286,0.0013878727856354962,GBPUSD_merged,41.30582623082474
2025-12-31 12:00:00,2026-01-05 09:00:00,1.5,30.0,0.5136292690383161,7337.560986261658,-1,2.03941,2.04774823393285,2.026902649100726,2.00728,2.04131,64.01832150231884,0.002757735003129172,EURNZD_merged,44.48637073096168
2026-01-06 06:00:00,2026-01-06 10:00:00,-1.1,30.000000000000004,0.6802087879443313,9717.268399204733,-1,0.92425,0.9271034253517448,0.9208258895779062,0.90866,0.92562,61.85358050507742,0.0009843726495734734,AUDCAD_merged,-33.68020878794434
2026-01-06 06:00:00,2026-01-06 10:00:00,-1.1,30.000000000000004,0.6802087879443313,9717.268399204733,-1,0.92425,0.9271034253517448,0.9199698619723827,0.90866,0.92562,61.85358050507742,0.0009843726495734734,AUDCAD_merged,-33.68020878794434
2026-01-06 06:00:00,2026-01-06 10:00:00,-1.1,29.999999999999996,0.6575351616795202,9393.359452564575,-1,0.92425,0.9272018193293913,0.9201174529388523,0.90866,0.92562,61.353151273865144,0.0009843726495734734,AUDCAD_merged,-33.65753516167952
2026-01-06 06:00:00,2026-01-06 10:00:00,-1.1,30.000000000000004,0.6802087879443313,9717.268399204733,-1,0.92425,0.9271034253517448,0.9199698619723827,0.90866,0.92562,61.91069972419875,0.0009843726495734734,AUDCAD_merged,-33.68020878794434
2026-01-06 06:00:00,2026-01-06 10:00:00,-1.1,15.0,0.35225097947117157,5032.156849588166,-1,0.92425,0.9270050313740985,0.9201174529388523,0.90866,0.92562,61.67962886199083,0.0009843726495734734,AUDCAD_merged,-16.852250979471172
2025-12-19 15:00:00,2026-01-06 15:00:00,1.5,15.000000000000002,0.22031819072650471,3147.402724664353,-1,114.266,114.81057282716587,113.44914075925121,108.198,112.287,73.03648080222528,0.17327254174181422,CADJPY_merged,22.279681809273498
2025-12-19 11:00:00,2026-01-06 15:00:00,1.4,15.0,0.213974973953623,3056.7853421946147,-1,114.241,114.80159382919237,113.45616863913068,108.198,112.287,73.46478127053173,0.20179681956351517,CADJPY_merged,20.786025026046378
2026-01-06 17:00:00,2026-01-06 20:00:00,-1.1,60.0,1.9265801183026134,27522.573118608765,-1,0.93018,0.932207819119945,0.9275438351440715,0.90866,0.92562,73.83833071959076,0.0010109404271865738,AUDCAD_merged,-67.92658011830261
2026-01-06 01:00:00,2026-01-07 03:00:00,1.5,15.0,0.35170292785907925,5024.3275408439895,-1,1.35493,1.3589751084915904,1.3488623372626143,1.30377,1.32157,65.06049871411616,0.00136380321159302,GBPUSD_merged,22.14829707214092
2026-01-05 10:00:00,2026-01-07 03:00:00,-1.1,30.0,0.719219217718608,10274.560253122972,-1,1.3786,1.3826252817620521,1.372562077356922,1.39709,1.38054,50.44510772855086,0.0015860261799673762,USDCAD_merged,-33.71921921771861
2026-01-05 19:00:00,2026-01-07 10:00:00,1.2,30.0,0.6390096890747059,9128.709843924371,-1,1.35324,1.3576872001733102,1.3479033597920276,1.30377,1.32157,65.07678755555116,0.0014782660653456724,GBPUSD_merged,35.360990310925295
2026-01-05 19:00:00,2026-01-07 11:00:00,1.3,30.0,1.330958448832103,19013.6921261729,1,0.86564,0.8642741842590239,0.8674155604632688,0.87202,0.87966,30.910588816946383,0.0006210749875064337,EURGBP_merged,37.66904155116789
2026-01-06 05:00:00,2026-01-07 11:00:00,1.4,30.0,0.6390712420195185,9129.589171707408,-1,1.35354,1.3579877576412571,1.34731313930224,1.30377,1.32157,57.40136470568808,0.00144668688896054,GBPUSD_merged,41.36092875798048
2026-01-05 19:00:00,2026-01-07 14:00:00,1.5,30.0,0.6390096890747059,9128.709843924371,-1,1.35324,1.3576872001733102,1.3465691997400346,1.30377,1.3534,65.07678755555116,0.0014782660653456724,GBPUSD_merged,44.360990310925295
2026-01-07 01:00:00,2026-01-07 17:00:00,1.4,15.0,0.3317508778467129,4739.2982549530425,-1,1.16799,1.1716867181758799,1.1628145945537685,1.14193,1.16361,65.0944577937447,0.0013513581028157967,AUDNZD_merged,20.668249122153288
2026-01-07 01:00:00,2026-01-07 17:00:00,1.4,15.0,0.3317508778467129,4739.2982549530425,-1,1.16799,1.1716867181758799,1.1628145945537685,1.14193,1.16361,64.84007521815603,0.0013513581028157967,AUDNZD_merged,20.668249122153288
2026-01-07 01:00:00,2026-01-07 21:00:00,1.2,30.000000000000004,0.531413625925713,7591.623227510186,1,1.73156,1.7247173527237551,1.7397711767314938,1.74798,1.78061,34.6588309969493,0.002330995433280396,EURAUD_merged,35.468586374074285
2026-01-07 01:00:00,2026-01-07 21:00:00,1.3,30.0,0.7338569119926511,10483.670171323589,1,1.73156,1.7266049795585812,1.7380015265738442,1.74798,1.78061,34.82825101483623,0.002330995433280396,EURAUD_merged,38.26614308800735
2026-01-05 19:00:00,2026-01-07 22:00:00,1.2,30.0,0.9637974974301432,13768.535677573476,1,0.86564,0.8637538735005568,0.8679033517993318,0.87202,0.87966,29.180769628923393,0.0006210749875064337,EURGBP_merged,35.03620250256986
2026-01-06 22:00:00,2026-01-07 23:00:00,1.2,30.0,0.4750886467761103,6786.980668230148,-1,105.698,106.16520922822768,105.13734892612678,98.824,104.393,66.54961564818788,0.159241871107386,AUDJPY_merged,35.52491135322389
2026-01-07 02:00:00,2026-01-08 00:00:00,1.4,60.00000000000001,1.1562051346862048,16517.216209802926,1,1.73257,1.7262763123301428,1.7413811627377997,1.74798,1.78061,36.73412938527641,0.002268781473760369,EURAUD_merged,82.8437948653138
2026-01-07 01:00:00,2026-01-08 00:00:00,1.5,15.000000000000002,0.2657068129628565,3795.811613755093,1,1.73156,1.7247173527237551,1.7418239709143672,1.74798,1.78061,34.72079663662629,0.002330995433280396,EURAUD_merged,22.234293187037146
2026-01-07 01:00:00,2026-01-08 00:00:00,1.4,15.0,0.25684991919742794,3669.2845599632565,1,1.73156,1.724481399369402,1.7414700408828374,1.74798,1.78061,34.947130706406554,0.002330995433280396,EURAUD_merged,20.74315008080257
2026-01-07 02:00:00,2026-01-08 01:00:00,1.2,60.0,0.9122587854411461,13032.268363444946,-1,0.53645,0.5389197926026664,0.5334862488768003,0.52354,0.53684,64.88797607376706,0.0008301060057798853,AUDCHF_merged,71.08774121455886
2026-01-05 22:00:00,2026-01-08 02:00:00,1.4,15.0,0.5107962629634543,7297.08947090649,1,0.86576,0.8639803315374195,0.8682515358476126,0.87202,0.87966,28.834525446265825,0.0005844211907987025,EURGBP_merged,20.489203737036547
2026-01-08 06:00:00,2026-01-08 16:00:00,1.5,59.99999999999999,2.0489082474000426,29270.117820000614,-1,1.61983,1.6231504444409033,1.6148493333386456,1.60651,1.62144,60.0212040922987,0.0011403393529985453,EURCAD_merged,87.95109175259995
2026-01-06 22:00:00,2026-01-09 03:00:00,1.5,14.999999999999998,0.2932151086147247,4188.7872659246395,-1,0.79915,0.8020117471451738,0.7948573792822394,0.79087,0.80032,64.90872239766261,0.0009570372632329952,NZDCAD_merged,22.206784891385272
2026-01-07 00:00:00,2026-01-09 05:00:00,1.2,30.000000000000004,0.8635229279231041,12336.041827472918,-1,1.8652,1.8697359768378365,1.8597568277945962,1.8346,1.86666,62.37225443786254,0.001517406376647184,GBPCAD_merged,35.13647707207689
2026-01-09 09:00:00,2026-01-09 09:00:00,-1.1,90.0,2.0154519600527045,28792.170857895784,-1,157.488,157.98028382500075,156.79880264499894,154.393,157.778,71.0839877182203,0.20115927916689763,USDJPY_merged,-101.01545196005272
2026-01-09 08:00:00,2026-01-09 10:00:00,-1.1,30.0,0.779534689129569,11136.20984470813,-1,157.648,158.07269027307774,157.0109645903834,154.343,157.778,62.111305815327775,0.1640946083335826,USDJPY_merged,-33.77953468912957
2026-01-09 14:00:00,2026-01-12 04:00:00,-1.1,60.0,1.2656043374036687,18080.061962909556,-1,211.692,212.39451529148832,210.7084785919164,199.064,211.589,60.030713964969905,0.22294520927018915,GBPJPY_merged,-67.26560433740367
2026-01-06 05:00:00,2026-01-12 04:00:00,-1.1,30.0,0.7682167287242754,10974.524696061078,-1,1.86349,1.8685840429356422,1.8563583398901011,1.8346,1.85456,59.82242142152422,0.0017110132896035232,GBPCAD_merged,-33.768216728724276
2026-01-06 05:00:00,2026-01-12 04:00:00,-1.1,59.99999999999999,1.5894139214985006,22705.913164264297,-1,1.86349,1.8684142415044542,1.856103637743319,1.8346,1.85456,61.26330191530243,0.0017110132896035232,GBPCAD_merged,-67.5894139214985
2026-01-06 05:00:00,2026-01-12 04:00:00,-1.1,14.999999999999998,0.39735348037462515,5676.478291066074,-1,1.86349,1.8684142415044542,1.8570884860442098,1.8346,1.85456,61.79932805597423,0.0017110132896035232,GBPCAD_merged,-16.897353480374626
2026-01-06 05:00:00,2026-01-12 04:00:00,-1.1,29.999999999999996,0.7947069607492503,11352.956582132148,-1,1.86349,1.8684142415044542,1.856103637743319,1.8346,1.85456,61.79932805597423,0.0017110132896035232,GBPCAD_merged,-33.79470696074925
2026-01-09 13:00:00,2026-01-12 05:00:00,-1.1,30.0,0.6691963481894562,9559.947831277947,-1,211.837,212.5017640878549,210.83985386821763,199.064,211.589,60.411250960616144,0.2341717638294346,GBPJPY_merged,-33.66919634818946
2026-01-09 13:00:00,2026-01-12 05:00:00,-1.1,60.0,1.2922412240899843,18460.588915571207,-1,211.837,212.52550566242115,210.80424150636824,206.765,211.589,59.87289124628534,0.2341717638294346,GBPJPY_merged,-67.29224122408998
2026-01-06 01:00:00,2026-01-12 06:00:00,-1.1,15.0,0.4178554477532195,5969.363539331707,-1,1.86475,1.8694358010599788,1.8581898785160293,1.8346,1.86666,70.33263611472559,0.0016972331687758393,GBPCAD_merged,-16.91785544775322
2026-01-07 02:00:00,2026-01-12 16:00:00,1.2,90.0,1.8765099282476299,26807.284689251857,-1,1.16729,1.1712089384981657,1.162587273802201,1.14193,1.15187,58.53638660077466,0.0013691182383289732,AUDNZD_merged,106.12349007175237
2026-01-07 02:00:00,2026-01-12 17:00:00,1.3,30.0,0.6255033094158766,8935.761563083952,-1,1.16729,1.1712089384981657,1.1621953799523843,1.14193,1.15187,58.76945344335564,0.0013691182383289732,AUDNZD_merged,38.374496690584124
2026-01-09 10:00:00,2026-01-12 20:00:00,-1.1,60.0,1.1775668563788544,16822.383662555065,-1,157.919,158.48224598166732,157.07413102749905,154.343,157.778,68.48484219949532,0.21314790208354778,USDJPY_merged,-67.17756685637886
2026-01-12 12:00:00,2026-01-12 22:00:00,-1.1,90.00000000000001,1.919219365024722,27417.41950035317,-1,198.371,199.02216959675107,197.58959648389873,192.395,198.566,67.31384465570086,0.22085972309763457,CHFJPY_merged,-100.91921936502474
2026-01-12 12:00:00,2026-01-12 22:00:00,-1.1,30.000000000000004,0.639739788341574,9139.139833451058,-1,198.371,199.02216959675107,197.3942456048734,192.395,198.566,67.31384465570086,0.22085972309763457,CHFJPY_merged,-33.63973978834158
2026-01-07 02:00:00,2026-01-12 22:00:00,1.5,30.0,0.6255033094158766,8935.761563083952,-1,1.16729,1.1712089384981657,1.1614115922527513,1.14193,1.15187,58.53638660077466,0.0013691182383289732,AUDNZD_merged,44.374496690584124
2026-01-12 12:00:00,2026-01-12 22:00:00,-1.1,30.000000000000004,0.639739788341574,9139.139833451058,-1,198.371,199.02216959675107,197.5244795242236,192.395,198.566,66.276820564135,0.22085972309763457,CHFJPY_merged,-33.63973978834158
2026-01-12 12:00:00,2026-01-12 22:00:00,-1.1,30.000000000000004,0.639739788341574,9139.139833451058,-1,198.371,199.02216959675107,197.3942456048734,192.395,198.566,66.276820564135,0.22085972309763457,CHFJPY_merged,-33.63973978834158
2026-01-07 02:00:00,2026-01-12 22:00:00,1.5,30.0,0.6255033094158766,8935.761563083952,-1,1.16729,1.1712089384981657,1.1614115922527513,1.14193,1.15187,58.76945344335564,0.0013691182383289732,AUDNZD_merged,44.374496690584124
2026-01-07 01:00:00,2026-01-13 10:00:00,1.4,30.0,0.5463700181777429,7805.285973967756,1,2.00034,1.992651594962677,2.0111037670522522,1.99962,2.02873,38.69625567913718,0.0028220176054285255,GBPAUD_merged,41.45362998182226
2026-01-13 05:00:00,2026-01-13 10:00:00,1.3,60.0,1.5641091942457352,22344.417060653363,-1,91.684,91.93019304164739,91.36394904585839,85.881,91.36,65.70109320418555,0.1225751544699332,NZDJPY_merged,76.43589080575427
2026-01-07 01:00:00,2026-01-13 10:00:00,1.4,30.0,0.4917330163599685,7024.757376570979,1,2.00034,1.991797327736308,2.012299741169169,1.99962,2.02873,38.54447869131464,0.0028220176054285255,GBPAUD_merged,41.508266983640034
2026-01-13 06:00:00,2026-01-14 07:00:00,1.4,15.0,0.2613025464949059,3732.8935213557993,-1,91.512,91.8797254634098,90.99718435122628,87.23,91.36,66.14791013247842,0.11939121486493819,NZDJPY_merged,20.738697453505093
2026-01-13 06:00:00,2026-01-14 07:00:00,1.4,90.00000000000001,1.7420169766327067,24885.956809038667,-1,91.512,91.84295291706881,91.04866591610366,85.881,91.36,66.97483529596853,0.11939121486493819,NZDJPY_merged,124.2579830233673
2026-01-13 02:00:00,2026-01-14 07:00:00,1.4,60.0,1.4694026100452369,20991.4658577891,-1,185.092,185.62104928484922,184.35133100121112,180.092,184.919,73.9995413200358,0.20394816674708338,EURJPY_merged,82.53059738995476
2026-01-13 06:00:00,2026-01-14 07:00:00,1.5,30.0,0.5406259582653226,7723.227975218895,-1,91.512,91.86746794796281,90.97879807805579,89.674,91.36,66.97483529596853,0.11939121486493819,NZDJPY_merged,44.45937404173468
2026-01-13 06:00:00,2026-01-14 07:00:00,1.5,15.000000000000002,0.279967014101685,3999.528772881215,-1,91.512,91.85521043251582,90.99718435122628,87.23,91.36,66.67816087767133,0.11939121486493819,NZDJPY_merged,22.220032985898317
2026-01-13 10:00:00,2026-01-14 07:00:00,1.3,30.0,0.5937126462051047,8481.609231501496,-1,114.51,114.91502927053524,113.9834619483042,108.198,114.637,65.51811471606914,0.1416891752945351,CADJPY_merged,38.406287353794895
2026-01-13 06:00:00,2026-01-14 07:00:00,1.3,15.0,0.2703129791326613,3861.6139876094476,-1,91.512,91.86746794796281,91.04989166764835,87.23,91.36,67.09241741362516,0.11939121486493819,NZDJPY_merged,19.22968702086734
2026-01-13 06:00:00,2026-01-14 07:00:00,1.5,30.0,0.5406259582653226,7723.227975218895,-1,91.512,91.86746794796281,90.97879807805579,87.23,91.36,67.09241741362516,0.11939121486493819,NZDJPY_merged,44.45937404173468
2026-01-13 06:00:00,2026-01-14 07:00:00,1.4,90.00000000000001,1.7420169766327067,24885.956809038667,-1,91.512,91.84295291706881,91.04866591610366,85.881,91.36,66.67816087767133,0.11939121486493819,NZDJPY_merged,124.2579830233673
2026-01-13 02:00:00,2026-01-14 07:00:00,1.4,90.0,2.204103915067855,31487.19878668365,-1,185.092,185.62104928484922,184.35133100121112,180.092,184.919,74.60404564042689,0.20394816674708338,EURJPY_merged,123.79589608493212
2026-01-13 06:00:00,2026-01-14 07:00:00,1.5,30.0,0.5226050929898118,7465.787042711599,-1,91.512,91.8797254634098,90.9604118048853,85.881,91.36,66.67816087767133,0.11939121486493819,NZDJPY_merged,44.477394907010186
2026-01-13 08:00:00,2026-01-14 07:00:00,1.3,30.0,0.651741625237816,9310.594646254514,-1,185.187,185.7836976558511,184.41129304739357,180.092,184.919,67.05657534122379,0.2141322543365641,EURJPY_merged,38.34825837476218
2026-01-13 08:00:00,2026-01-14 12:00:00,1.5,30.0,0.6750181118534524,9643.115883620749,-1,185.187,185.76312187461488,184.32281718807772,180.092,184.919,67.13885360947526,0.2141322543365641,EURJPY_merged,44.324981888146546
2026-01-13 08:00:00,2026-01-14 12:00:00,1.4,30.0,0.6300169043965554,9000.241491379364,-1,185.187,185.80427343708737,184.32281718807772,180.092,184.919,67.01866464926927,0.2141322543365641,EURJPY_merged,41.369983095603445
2026-01-13 08:00:00,2026-01-14 17:00:00,1.5,60.0,1.303483250475632,18621.18929250903,-1,185.187,185.7836976558511,184.29195351622334,181.567,184.919,67.17603568573925,0.2141322543365641,EURJPY_merged,88.69651674952436
2026-01-13 08:00:00,2026-01-14 17:00:00,1.5,60.0,1.303483250475632,18621.18929250903,-1,185.187,185.7836976558511,184.29195351622334,180.092,184.919,67.05657534122379,0.2141322543365641,EURJPY_merged,88.69651674952436
2026-01-07 02:00:00,2026-01-14 17:00:00,1.3,30.0,0.45612939272057307,6516.134181722473,-1,0.53645,0.5389197926026664,0.5332392696165337,0.52354,0.53684,64.51521958150882,0.0008301060057798853,AUDCHF_merged,38.54387060727943
2026-01-13 02:00:00,2026-01-15 09:00:00,1.5,30.0,0.6612311745203566,9446.159636005095,-1,185.092,185.67983253872137,184.210251191918,180.092,184.919,74.60404564042689,0.20394816674708338,EURJPY_merged,44.33876882547964
2026-01-06 20:00:00,2026-01-15 10:00:00,-1.1,29.999999999999996,0.46292905463788275,6613.272209112612,-1,0.53566,0.5380899317330167,0.532015102400475,0.52354,0.53684,67.74627885658816,0.0008809141017048452,AUDCHF_merged,-33.46292905463788
2026-01-13 06:00:00,2026-01-15 21:00:00,1.5,15.0,0.2952661565295598,4218.087950422283,-1,114.396,114.80280517337914,113.7857922399313,108.198,114.637,65.99570022622451,0.1381863855647497,CADJPY_merged,22.20473384347044
2026-01-13 17:00:00,2026-01-15 21:00:00,1.5,60.0,1.2898553626565117,18426.50518080731,-1,114.43,114.80260456785649,113.87109314821528,108.198,114.637,63.3258738278083,0.13578212709526252,CADJPY_merged,88.71014463734349
2026-01-13 06:00:00,2026-01-15 21:00:00,1.5,15.0,0.2952661565295598,4218.087950422283,-1,114.396,114.80280517337914,113.7857922399313,112.279,114.637,66.87748472580817,0.1381863855647497,CADJPY_merged,22.20473384347044
2026-01-13 17:00:00,2026-01-15 21:00:00,1.4,60.0,1.2038650051460775,17198.071502086823,-1,114.43,114.82921917984625,113.87109314821528,108.198,114.637,63.17269897871708,0.13578212709526252,CADJPY_merged,82.79613499485393
2025-12-31 12:00:00,2026-01-18 17:00:00,1.5,30.0,0.5050479147723997,7214.970211034282,-1,2.33656,2.346275466308204,2.321986800537694,2.29618,2.33026,65.25835837564773,0.003268006453365884,GBPNZD_merged,44.4949520852276
2026-01-16 01:00:00,2026-01-18 18:00:00,1.4,90.0,2.6050331700750453,37214.759572500654,1,1.73191,1.727721556979259,1.7377738202290376,1.74798,1.78061,38.8737120472385,0.0015340412505194512,EURAUD_merged,123.39496682992494
2026-01-07 03:00:00,2026-01-18 20:00:00,1.5,30.0,0.6385843643914141,9122.633777020203,-1,1.16573,1.1695635310673211,1.1599797033990182,1.14193,1.15187,52.86262080445561,0.0013906097927340669,AUDNZD_merged,44.36141563560859
2026-01-07 03:00:00,2026-01-18 20:00:00,1.4,30.0,0.5960120734319865,8514.458191885522,-1,1.16573,1.169837354714987,1.1599797033990182,1.14193,1.15187,52.14395933563082,0.0013906097927340669,AUDNZD_merged,41.403987926568014
2026-01-07 02:00:00,2026-01-20 03:00:00,1.5,15.0,0.23620986408743969,3374.426629820567,-1,0.53645,0.5388346273405055,0.5328730589892418,0.52354,0.53684,64.99916300238874,0.0008301060057798853,AUDCHF_merged,22.26379013591256
2026-01-07 02:00:00,2026-01-20 03:00:00,1.4,30.0,0.44092507962988725,6298.92970899839,-1,0.53645,0.5390049578648273,0.5328730589892418,0.52354,0.53684,65.02500147647802,0.0008301060057798853,AUDCHF_merged,41.559074920370115
2026-01-07 02:00:00,2026-01-20 03:00:00,1.5,30.0,0.45612939272057307,6516.134181722473,-1,0.53645,0.5389197926026664,0.5327453110960003,0.52354,0.53684,64.51521958150882,0.0008301060057798853,AUDCHF_merged,44.54387060727943
2026-01-20 04:00:00,2026-01-21 01:00:00,-1.1,60.0,1.1210055543625266,16014.36506232181,-1,92.13,92.47517759389697,91.68126912793393,85.881,91.36,64.19197517681793,0.1697009768932189,NZDJPY_merged,-67.12100555436253
2026-01-15 20:00:00,2026-01-21 01:00:00,-1.1,90.0,2.3405673427291926,33436.676324702756,1,1.99717,1.9917943072052227,2.004695969912688,1.99962,2.02873,30.94002310587963,0.0017960477698119818,GBPAUD_merged,-101.3405673427292
2026-01-16 03:00:00,2026-01-21 01:00:00,-1.1,90.0,2.8098084015232416,40140.1200217606,1,1.99839,1.9939093183303265,2.004662954337543,1.99962,2.02873,38.443929626494814,0.0016438323202581156,GBPAUD_merged,-101.80980840152326
2026-01-20 06:00:00,2026-01-21 02:00:00,-1.1,90.0,1.9483299463710764,27833.284948158238,-1,0.80687,0.8094790452540997,0.8032173366442602,0.78728,0.8066,70.66332969778175,0.000961576410140164,NZDCAD_merged,-100.94832994637109
2026-01-20 04:00:00,2026-01-21 08:00:00,-1.1,90.0,1.3078398134229476,18683.42590604211,-1,92.13,92.57379976358182,91.50868033098544,89.674,91.36,64.75887619949178,0.1697009768932189,NZDJPY_merged,-100.30783981342296
2026-01-20 04:00:00,2026-01-21 08:00:00,-1.1,90.0,1.2354109108946572,17648.727298495105,-1,106.293,106.83504305150184,105.47993542274726,102.321,104.393,51.35099155004763,0.1988462972789122,AUDJPY_merged,-100.23541091089467
2026-01-20 05:00:00,2026-01-21 08:00:00,-1.1,60.0,0.7857427387040326,11224.896267200465,-1,92.069,92.56113283299034,91.3308007505145,89.674,91.36,65.09883423349193,0.16879376425798873,NZDJPY_merged,-66.78574273870403
2026-01-20 04:00:00,2026-01-21 08:00:00,-1.1,60.0,0.8236072739297714,11765.818198996736,-1,106.293,106.83504305150184,105.58834403304762,102.321,104.393,51.35099155004763,0.1988462972789122,AUDJPY_merged,-66.82360727392977
2026-01-20 05:00:00,2026-01-21 08:00:00,-1.1,30.0,0.3928713693520163,5612.448133600233,-1,92.069,92.56113283299034,91.42922731711256,89.674,91.36,65.09883423349193,0.16879376425798873,NZDJPY_merged,-33.392871369352015
2026-01-20 04:00:00,2026-01-21 08:00:00,-1.1,90.0,1.2795327291408949,18279.03898772707,-1,106.293,106.81635191179488,105.5079721323077,102.321,104.393,50.749927274626195,0.1988462972789122,AUDJPY_merged,-100.27953272914091
2026-01-20 05:00:00,2026-01-21 08:00:00,-1.1,60.0,0.8138049793720339,11625.785419600485,-1,92.069,92.54416273530101,91.35625589704848,89.674,91.36,65.58723529779526,0.16879376425798873,NZDJPY_merged,-66.81380497937204
2026-01-20 05:00:00,2026-01-21 08:00:00,-1.1,60.0,0.7857427387040326,11224.896267200465,-1,92.069,92.56113283299034,91.3308007505145,89.674,91.36,65.49521219946442,0.16879376425798873,NZDJPY_merged,-66.78574273870403
2026-01-20 04:00:00,2026-01-21 08:00:00,-1.1,90.0,1.3078398134229476,18683.42590604211,-1,92.13,92.57379976358182,91.50868033098544,89.674,91.36,64.72395327640488,0.1697009768932189,NZDJPY_merged,-100.30783981342296
2026-01-20 05:00:00,2026-01-21 08:00:00,-1.1,60.0,0.7595513140805651,10850.733058293788,-1,92.069,92.57810293067966,91.35625589704848,89.674,91.36,65.55865263769678,0.16879376425798873,NZDJPY_merged,-66.75955131408057
2026-01-20 04:00:00,2026-01-21 09:00:00,-1.1,90.0,1.177055832080653,16815.0833154379,-1,92.13,92.62311084842425,91.39033372736363,89.674,91.36,64.75887619949178,0.1697009768932189,NZDJPY_merged,-100.17705583208067
2026-01-20 05:00:00,2026-01-21 22:00:00,-1.1,60.0,1.1335127405784742,16193.03915112106,-1,0.80706,0.8100503960305467,0.80257440595418,0.78728,0.8066,70.28751091353118,0.0009663130570740047,NZDCAD_merged,-67.13351274057847
2026-01-20 05:00:00,2026-01-21 22:00:00,-1.1,90.0,1.8891879009641235,26988.398585201765,-1,0.80706,0.8097513564274921,0.8032921010015112,0.78728,0.8066,70.28751091353118,0.0009663130570740047,NZDCAD_merged,-100.88918790096413
2026-01-21 09:00:00,2026-01-22 06:00:00,-1.1,60.0,1.5261775183411201,21802.53597630172,1,2.29261,2.2863007981645107,2.3008119623861356,2.29618,2.3551,37.93738857596805,0.0031897831245360324,GBPNZD_merged,-67.52617751834111
2026-01-22 20:00:00,2026-01-23 02:00:00,-1.1,15.0,0.3727474603770247,5324.963719671782,-1,186.235,186.75960920807404,185.44808618788895,182.632,184.919,75.35007424838224,0.176450469165772,EURJPY_merged,-16.872747460377024
2026-01-23 03:00:00,2026-01-23 07:00:00,-1.1,15.0,0.38368616793517824,5481.230970502546,-1,0.68424,0.6861124990892071,0.6814312513661892,0.6592,0.67661,71.12220753434663,0.0008366921788724464,AUDUSD_merged,-16.883686167935178
2026-01-23 03:00:00,2026-01-23 08:00:00,-1.1,15.0,0.36098713048953573,5156.959006993368,1,1.71508,1.7100913623232,1.72206409274752,1.72905,1.78061,32.82392130021397,0.001909513455999981,EURAUD_merged,-16.860987130489537
2026-01-23 02:00:00,2026-01-23 12:00:00,-1.1,15.0,0.27498699190134607,3928.3855985906584,-1,0.59092,0.5931763467301122,0.5879867492508541,0.57108,0.5853,61.02227180301106,0.000814706823761731,NZDUSD_merged,-16.774986991901347
2026-01-23 02:00:00,2026-01-23 12:00:00,-1.1,15.0,0.2655046818357824,3792.9240262254634,-1,0.59092,0.593256930541902,0.5881156833497176,0.57108,0.5853,60.30735442349083,0.000814706823761731,NZDUSD_merged,-16.765504681835782
2026-01-25 21:00:00,2026-01-27 08:00:00,-1.1,15.0,0.22136301946718004,3162.3288495311435,-1,0.69193,0.6952120590437768,0.6883197350518455,0.6592,0.67661,72.2860331974498,0.0013140505019742393,AUDUSD_merged,-16.72136301946718
2026-01-26 14:00:00,2026-01-27 08:00:00,-1.1,15.0,0.14417226433836355,2059.603776262337,1,154.159,153.03626706143623,155.73082611398922,154.393,159.452,33.697535695240354,0.41861890662990997,USDJPY_merged,-16.644172264338362
2026-01-25 21:00:00,2026-01-27 08:00:00,-1.1,15.000000000000002,0.25154888575815915,3593.555510830845,-1,0.69193,0.6948182119585237,0.687886503258067,0.6592,0.67661,72.29790279531667,0.0013140505019742393,AUDUSD_merged,-16.75154888575816
2026-01-25 21:00:00,2026-01-27 09:00:00,-1.1,15.0,0.18446918288931666,2635.2740412759526,-1,0.69193,0.6958684708525322,0.6860222937212018,0.6592,0.67661,72.09039391385382,0.0013140505019742393,AUDUSD_merged,-16.684469182889316
2026-01-25 21:00:00,2026-01-27 09:00:00,-1.1,15.0,0.19083018919584482,2726.1455599406404,-1,0.69193,0.6957371884907811,0.6862192172638284,0.6592,0.67661,72.09039391385382,0.0013140505019742393,AUDUSD_merged,-16.690830189195843
2026-01-25 21:00:00,2026-01-27 09:00:00,-1.1,15.0,0.19083018919584482,2726.1455599406404,-1,0.69193,0.6957371884907811,0.6865999361129065,0.6592,0.67661,72.29790279531667,0.0013140505019742393,AUDUSD_merged,-16.690830189195843
2026-01-27 01:00:00,2026-01-27 15:00:00,-1.1,15.0,0.45293726466384837,6470.532352340691,-1,1.63118,1.634961404476117,1.625507893285825,1.60603,1.62144,67.26784668094685,0.001614511123898113,EURCAD_merged,-16.95293726466385
2026-01-27 14:00:00,2026-01-27 15:00:00,-1.1,15.0,0.2920129889851183,4171.614128358833,1,1.36097,1.3560763187121692,1.3668424175453968,1.3642,1.39282,28.603374068993386,0.0016433708557093618,USDCAD_merged,-16.792012988985118
2026-01-27 12:00:00,2026-01-27 17:00:00,-1.1,15.000000000000002,0.23168809771199816,3309.8299673142596,1,1.05651,1.0517219443728225,1.062734472315331,1.06092,1.07979,32.54399534314842,0.001652875590645621,GBPCHF_merged,-16.731688097712002
2026-01-27 20:00:00,2026-01-28 03:00:00,1.5,29.999999999999996,0.4006478592564818,5723.5408465211685,1,0.56141,0.5584673635356796,0.5658239546964805,0.57367,0.5786,41.06505206166076,0.001271592361371575,CADCHF_merged,44.59935214074351
2026-01-27 22:00:00,2026-01-28 05:00:00,-1.1,60.0,1.2056391610918769,17223.416587026815,1,1.36058,1.3558402435418364,1.3672156590414288,1.3642,1.39282,35.148348334964176,0.0017670558779155317,USDCAD_merged,-67.20563916109188
2026-01-27 20:00:00,2026-01-28 09:00:00,1.5,15.0,0.15887759936032897,2269.6799908618427,1,0.56141,0.5576997192406395,0.5669754211390405,0.57367,0.5786,38.86191506528943,0.001271592361371575,CADCHF_merged,22.34112240063967
2026-01-27 21:00:00,2026-01-28 10:00:00,1.4,15.0,0.17865758106597393,2552.251158085342,1,0.56254,0.559233859860434,0.5671685961953926,0.57367,0.5786,38.9958556385664,0.001219335764130763,CADCHF_merged,20.821342418934027
2026-01-27 20:00:00,2026-01-28 10:00:00,1.5,15.0,0.15358167938165135,2194.023991166448,1,0.56141,0.5575717785247996,0.5671673322128006,0.57367,0.5786,38.86191506528943,0.001271592361371575,CADCHF_merged,22.346418320618348
2026-01-27 20:00:00,2026-01-28 10:00:00,1.5,60.0,0.7023032762643441,10032.903946633487,1,0.76375,0.7591825287829177,0.7706012068256235,0.7861,0.80405,36.420333661145925,0.001996152975840699,USDCHF_merged,89.29769672373565
2026-01-27 19:00:00,2026-01-28 13:00:00,1.5,15.0,0.17559369164004296,2508.481309143471,1,152.49,151.57815346095563,153.8577698085666,154.393,159.452,32.85688220564383,0.38799394433468876,USDJPY_merged,22.324406308359958
2026-01-27 23:00:00,2026-01-28 13:00:00,1.5,90.0,1.4293019941443799,20418.599916348285,-1,1.1997,1.2049879727524095,1.1917680408713858,1.15777,1.18079,65.59667441248064,0.002208467260289528,EURUSD_merged,133.57069800585563
2026-01-27 23:00:00,2026-01-28 13:00:00,1.2,30.0,0.37786144672782446,5398.02066754035,-1,1.1997,1.206367443905212,1.1916990673137458,1.15777,1.18079,66.32730021750672,0.002208467260289528,EURUSD_merged,35.62213855327217
2026-01-27 20:00:00,2026-01-28 14:00:00,1.5,60.0,0.5569991501406866,7957.130716295523,1,0.76375,0.7579910145523745,0.7723884781714383,0.7861,0.80405,34.27904066735018,0.001996152975840699,USDCHF_merged,89.44300084985932
2026-01-28 04:00:00,2026-01-28 16:00:00,-1.1,60.0,0.6948766405533296,9926.809150761854,-1,0.69943,0.703657521589531,0.6939342219336097,0.6592,0.67661,66.30242590295533,0.0015048413434669255,AUDUSD_merged,-66.69487664055333
2026-01-28 04:00:00,2026-01-28 16:00:00,-1.1,60.0,0.6709153770859735,9584.50538694248,-1,0.69943,0.7038085045034429,0.6941757945958685,0.6592,0.67661,66.21074387142934,0.0015048413434669255,AUDUSD_merged,-66.67091537708598
2026-01-28 07:00:00,2026-01-28 18:00:00,-1.1,30.000000000000004,0.3670209664090444,5243.156662986349,-1,0.60311,0.6065608410034223,0.5989689907958933,0.57108,0.5853,62.14602039295765,0.0011656633754800558,NZDUSD_merged,-33.36702096640905
2026-01-28 20:00:00,2026-01-28 23:00:00,-1.1,90.00000000000001,1.155985416584836,16514.07737978337,-1,0.60573,0.60903116534798,0.6007782519780301,0.57108,0.5853,59.96807294140183,0.001429911475892511,NZDUSD_merged,-100.15598541658487
2026-01-28 20:00:00,2026-01-28 23:00:00,-1.1,90.0,1.358868747696647,19412.410681380672,-1,92.738,93.16795278314432,92.09307082528353,89.674,91.36,63.519761415824064,0.1886548503377658,NZDJPY_merged,-100.35886874769666
2026-01-28 20:00:00,2026-01-29 10:00:00,1.2,30.0,0.35924116318417104,5132.01661691673,-1,92.738,93.28011437874717,92.08746274550339,89.674,91.36,61.84384685763205,0.1886548503377658,NZDJPY_merged,35.64075883681583
2026-01-29 03:00:00,2026-01-29 10:00:00,1.2,29.999999999999996,0.3747051553528969,5352.93079075567,-1,0.95605,0.9614080928132924,0.949620288624049,0.91331,0.93444,58.71160116591776,0.0018835026249458655,AUDCAD_merged,35.625294844647094
2026-01-28 19:00:00,2026-01-29 10:00:00,1.3,60.0,0.7612129570869602,10874.470815528004,-1,92.833,93.34520699328618,92.16713090872796,89.674,91.36,61.88581235809129,0.1869359926714402,NZDJPY_merged,77.23878704291305
2026-01-29 03:00:00,2026-01-29 10:00:00,1.3,59.99999999999999,0.7761749646595723,11088.213780851032,-1,0.95605,0.9612233309921444,0.9493246697102121,0.90866,0.93444,58.82610794917454,0.0018835026249458655,AUDCAD_merged,77.22382503534043
2026-01-29 07:00:00,2026-01-29 10:00:00,1.4,30.0,0.43767983197956034,6252.569028279434,1,1.69735,1.6892060675188558,1.7087515054736016,1.72905,1.74653,36.11414361368839,0.0031785473146943013,EURAUD_merged,41.56232016802044
2026-01-27 20:00:00,2026-01-29 16:00:00,-1.1,30.0,0.7858478890200679,11226.398414572399,1,0.91765,0.9151977887935755,0.9213283168096367,0.92645,0.93495,40.670962316138,0.001063594586444648,EURCHF_merged,-33.78584788902007
2026-01-27 20:00:00,2026-01-29 16:00:00,-1.1,15.0,0.3116293353010613,4451.847647158019,1,0.91765,0.9145580815223344,0.9219786858687318,0.92645,0.93495,39.50391188144758,0.001063594586444648,EURCHF_merged,-16.81162933530106
2026-01-27 20:00:00,2026-01-30 00:00:00,1.3,15.0,0.14752034364388583,2107.4334806269408,1,152.632,151.54561695586287,154.04429795737826,154.343,159.452,38.69200668542334,0.38835151973935395,USDJPY_merged,19.352479656356113
2026-01-27 21:00:00,2026-01-30 09:00:00,1.4,30.0,0.3181881359361762,4545.544799088231,1,152.99,151.9802860486777,154.40359953185126,154.393,159.452,36.547398889156455,0.37882641118654464,USDJPY_merged,41.681811864063825
2026-01-29 01:00:00,2026-01-30 09:00:00,-1.1,90.0,1.6573352801752446,23676.21828821778,1,2.27281,2.2641704065687387,2.284905430803766,2.29618,2.34529,37.42374005809716,0.0032519976540219485,GBPNZD_merged,-100.65733528017526
2026-01-29 05:00:00,2026-01-30 09:00:00,-1.1,60.0,1.0612098470500388,15160.140672143414,1,1.97059,1.962790903503669,1.9815087350948635,2.01513,2.04389,39.482671991123716,0.00297539160583252,EURNZD_merged,-67.06120984705004
2026-01-27 20:00:00,2026-01-30 10:00:00,1.5,30.0,0.48720052131342695,6960.007447334671,-1,1.38168,1.3876355108688674,1.3727467336966988,1.33407,1.35674,63.43009734107485,0.002542970226561395,GBPUSD_merged,44.512799478686574
2026-01-27 21:00:00,2026-01-30 12:00:00,1.2,15.0,0.1964834454234908,2806.906363192726,-1,1.37999,1.3873646136570281,1.3711404636115665,1.33407,1.35674,64.98847215000048,0.0024713294960927307,GBPUSD_merged,17.803516554576508
2026-01-28 22:00:00,2026-01-30 13:00:00,1.2,30.0,0.29770355754534517,4252.907964933503,-1,0.60636,0.6106372616172249,0.6012272860593302,0.57108,0.5853,69.86110543066452,0.0015052808133971425,NZDUSD_merged,35.70229644245465
2026-01-27 20:00:00,2026-01-30 13:00:00,1.5,60.0,0.5384325118026637,7691.893025752339,1,0.76375,0.7577924288472839,0.7726863567290742,0.7861,0.80405,34.27904066735018,0.001996152975840699,USDCHF_merged,89.46156748819733
2026-01-29 01:00:00,2026-01-30 13:00:00,1.4,59.99999999999999,1.1212958065119583,16018.511521599406,1,1.35257,1.3475037240298158,1.3596627863582582,1.3642,1.39282,33.58751643220905,0.0018922414179229807,USDCAD_merged,82.87870419348803
2026-01-27 21:00:00,2026-02-01 17:00:00,1.4,60.0,0.6197309060377423,8853.298657682033,1,0.76581,0.7606200022628141,0.7730759968320602,0.7861,0.80405,33.9826774165084,0.001929999191852095,USDCHF_merged,83.38026909396226
2026-01-28 20:00:00,2026-02-01 17:00:00,1.3,60.0,0.6330396328916957,9043.423327024226,-1,0.60573,0.6097488099888451,0.6005055470145013,0.57108,0.5853,61.087975464708784,0.001429911475892511,NZDUSD_merged,77.3669603671083
2026-01-27 21:00:00,2026-02-01 17:00:00,1.3,60.0,0.5754644127493321,8220.920182133317,1,0.76581,0.760220771667646,0.7730759968320602,0.7861,0.80405,34.34346944570684,0.001929999191852095,USDCHF_merged,77.42453558725067
2026-01-27 21:00:00,2026-02-02 05:00:00,1.3,30.0,0.4586036598216773,6551.48085459539,1,1.05679,1.051950834519151,1.0630809151251033,1.06092,1.07979,40.27286154348098,0.0016505395727304775,GBPCHF_merged,38.54139634017832
2026-01-27 21:00:00,2026-02-02 09:00:00,1.4,15.0,0.2213948702587407,3162.783860839153,1,1.05679,1.0517780071805494,1.0638067899472308,1.06092,1.07979,40.34392432604039,0.0016505395727304775,GBPCHF_merged,20.77860512974126
2026-02-03 05:00:00,2026-02-04 11:00:00,1.4,60.0,0.9597322782875455,13710.461118393509,1,1.95416,1.9456081650917851,1.9661325688715008,2.01513,2.04389,37.31885866638105,0.0032127981815052954,EURNZD_merged,83.04026772171245
2026-02-04 05:00:00,2026-02-04 22:00:00,1.2,90.00000000000001,1.0527019674173714,15038.599534533882,-1,109.971,110.62913242631218,109.1812410884254,102.321,109.003,66.26142376492515,0.21880348625759447,AUDJPY_merged,106.94729803258264
2026-02-04 10:00:00,2026-02-05 07:00:00,-1.1,90.0,1.9020016379376696,27171.45197053814,-1,201.55,202.2175940623147,200.68212771899093,195.894,198.566,62.515948533478785,0.24761027576762557,CHFJPY_merged,-100.90200163793769
2026-02-04 10:00:00,2026-02-05 07:00:00,-1.1,90.00000000000001,1.8364153745605085,26234.505350864412,-1,201.55,202.24143670739736,200.72027595112317,195.894,201.316,62.45017763894574,0.24761027576762557,CHFJPY_merged,-100.83641537456053
2026-02-03 00:00:00,2026-02-05 08:00:00,1.2,60.0,0.5077949186159283,7254.213123084691,-1,0.54536,0.5498707028763563,0.5399471565483723,0.53002,0.53773,64.72735505079629,0.0015078851574540032,AUDCHF_merged,71.49220508138407
2026-02-03 00:00:00,2026-02-05 10:00:00,1.3,90.0,0.7888956771354603,11269.938244792289,-1,0.54536,0.5497151613978613,0.5396982901827803,0.53002,0.53684,64.04642965404176,0.0015078851574540032,AUDCHF_merged,116.21110432286454
2026-02-03 00:00:00,2026-02-05 10:00:00,1.3,90.0,1.0052280315513984,14360.400450734265,-1,0.95737,0.9633700624840232,0.9495699187707699,0.90866,0.93444,64.73451531513327,0.002096245211538294,AUDCAD_merged,115.9947719684486
2026-02-03 01:00:00,2026-02-05 10:00:00,1.2,60.0,0.6613549127433231,9447.927324904616,-1,0.95725,0.9633291111134611,0.9499550666638468,0.91331,0.93444,67.97921794527824,0.002084370553571272,AUDCAD_merged,71.33864508725668
2026-02-05 12:00:00,2026-02-09 09:00:00,-1.1,60.0,0.9395421465109997,13422.030664442853,1,1.05304,1.0483326348047035,1.0596303112734151,1.05136,1.07979,34.032694320096866,0.0017719161411772957,GBPCHF_merged,-66.939542146511
2026-02-05 12:00:00,2026-02-09 09:00:00,-1.1,90.0,1.3086479897831784,18694.971282616836,1,1.05304,1.0479705297896806,1.0596303112734151,1.06092,1.07979,32.93104765670544,0.0017719161411772957,GBPCHF_merged,-100.3086479897832
2026-02-05 12:00:00,2026-02-09 09:00:00,-1.1,30.0,0.4211740656773447,6016.772366819211,1,1.05304,1.0477894772821694,1.0603907318049628,1.06092,1.07979,32.40503275256017,0.0017719161411772957,GBPCHF_merged,-33.42117406567734
2026-02-08 20:00:00,2026-02-10 00:00:00,1.2,90.0,0.9632186920644077,13760.267029491539,-1,94.443,95.06071112303145,93.70174665236225,89.674,94.022,51.57664024474267,0.23050356156179763,NZDJPY_merged,107.0367813079356
2026-02-09 12:00:00,2026-02-10 08:00:00,-1.1,60.0,1.1592957101816184,16561.367288308837,1,0.76793,0.7651478746357177,0.7718249755099953,0.7861,0.80405,25.909149528575764,0.0012299879784308774,USDCHF_merged,-67.15929571018162
2026-02-09 18:00:00,2026-02-10 09:00:00,-1.1,15.0,0.23941744524954944,3420.249217850707,1,0.76665,0.7632877450099305,0.7713571569860974,0.7861,0.80405,31.8044698345414,0.0011344412529779553,USDCHF_merged,-16.73941744524955
2026-02-06 14:00:00,2026-02-10 09:00:00,1.2,90.0,0.93534907547145,13362.129649592145,-1,110.24,110.98251636978412,109.34898035625905,102.321,109.003,65.49812467873127,0.24339440411806954,AUDJPY_merged,107.06465092452855
2026-02-09 13:00:00,2026-02-10 09:00:00,-1.1,30.0,0.4993565187382293,7133.664553403276,1,1.04919,1.0447777235655855,1.0553671870081804,1.05136,1.07979,38.571424027857155,0.001655813012290928,GBPCHF_merged,-33.49935651873823
2026-02-08 20:00:00,2026-02-10 12:00:00,1.2,90.0,1.5046684580390537,21495.263686272196,-1,0.82204,0.8254818558934566,0.817909772927852,0.78728,0.80032,56.54574160211369,0.0011735006555403124,NZDCAD_merged,106.49533154196095
2026-02-09 17:00:00,2026-02-10 20:00:00,-1.1,90.0,2.5748821743178274,36784.03106168325,-1,1.16966,1.1725218233772006,1.1662258119473592,1.15241,1.16779,61.74465583406027,0.0011220616725026867,AUDNZD_merged,-101.57488217431784
2026-02-10 14:00:00,2026-02-11 04:00:00,-1.1,15.0,0.36909151076245167,5272.735868035024,1,1.35515,1.351294838181023,1.3605472265465681,1.3642,1.39282,37.56122124262002,0.001323697134155245,USDCAD_merged,-16.869091510762452
2026-02-09 11:00:00,2026-02-11 08:00:00,1.4,15.000000000000002,0.41214585729467945,5887.797961352564,-1,1.19122,1.1942548018252812,1.1869712774446062,1.15777,1.18079,69.29676003634489,0.0014566371340472913,EURUSD_merged,20.58785414270532
2026-02-11 02:00:00,2026-02-11 13:00:00,-1.1,90.0,1.3361299692283697,19087.570988976713,1,209.347,208.35990583223602,210.5315130013168,209.609,214.852,24.09755545713918,0.33663606356975045,GBPJPY_merged,-100.33612996922838
2026-02-11 02:00:00,2026-02-11 13:00:00,-1.1,60.0,0.8610615357249496,12300.879081784995,1,209.347,208.32586810231314,210.87869784653034,209.609,214.852,28.018201000942952,0.33663606356975045,GBPJPY_merged,-66.86106153572494
2026-02-11 02:00:00,2026-02-11 13:00:00,-1.1,60.0,0.8907533128189131,12725.047325984475,1,209.347,208.35990583223602,210.82764125164599,209.609,214.852,28.018201000942952,0.33663606356975045,GBPJPY_merged,-66.89075331281892
2026-02-11 15:00:00,2026-02-11 22:00:00,-1.1,30.0,0.46246562346220477,6606.651763745783,1,181.693,180.86795424385596,182.84806405860166,181.789,186.873,31.283376399196396,0.3668050269439127,EURJPY_merged,-33.46246562346221
2026-02-11 23:00:00,2026-02-12 04:00:00,1.2,89.99999999999999,2.1665172658072698,30950.24665438957,-1,1.17742,1.1808438111632293,1.1733114266041247,1.1527,1.16779,58.799046986627474,0.0011920085005414328,AUDNZD_merged,105.83348273419271
2026-02-11 16:00:00,2026-02-12 11:00:00,-1.1,15.000000000000002,0.17952767910807013,2564.681130115288,1,181.876,180.81226542186266,183.3652284093923,181.789,186.873,32.2988541810121,0.3486760964479189,EURJPY_merged,-16.679527679108073
2026-02-11 18:00:00,2026-02-12 11:00:00,1.2,90.0,0.9604773282973864,13721.104689962664,-1,0.54936,0.5529633833366323,0.545035939996041,0.53002,0.53773,66.36443466680244,0.001198792693995594,AUDCHF_merged,107.03952267170261
2026-02-11 15:00:00,2026-02-19 00:00:00,1.2,90.0,1.0525079706381213,15035.82815197316,1,181.693,180.60543968508287,182.9980723779006,181.789,186.873,31.283376399196396,0.3668050269439127,EURJPY_merged,106.94749202936188
2026-02-05 13:00:00,2026-02-19 06:00:00,-1.1,30.0,0.4301896170034766,6145.5659571925235,1,1.85263,1.843586260108973,1.8652912358474378,1.85123,1.86666,32.76525716758437,0.0029936359256983306,GBPCAD_merged,-33.43018961700348
2026-02-05 13:00:00,2026-02-19 06:00:00,-1.1,90.0,1.3366605956893738,19095.151366991056,1,1.85263,1.8438981132086636,1.8639814528287375,1.85123,1.87111,33.227070399075174,0.0029936359256983306,GBPCAD_merged,-100.3366605956894
2026-02-05 13:00:00,2026-02-19 06:00:00,-1.1,60.0,0.9596537610077555,13709.339442967936,1,1.85263,1.8445218194080446,1.8639814528287375,1.85123,1.8816,34.17235763740883,0.0029936359256983306,GBPCAD_merged,-66.95965376100776
2026-02-19 00:00:00,2026-02-20 03:00:00,-1.1,90.0,2.1956743227323363,31366.77603903338,-1,1.1812,1.1845891911577942,1.177132970610647,1.1527,1.16779,63.60224468491438,0.0011344947056976262,AUDNZD_merged,-101.19567432273234
2026-02-20 13:00:00,2026-02-22 21:00:00,1.2,90.00000000000001,2.413317455200308,34475.963645718686,-1,1.18521,1.188304007787459,1.1814971906550495,1.1527,1.16779,65.69480637105956,0.0010599778629794435,AUDNZD_merged,105.5866825447997
2026-02-11 15:00:00,2026-02-24 02:00:00,1.5,60.0,0.7016719804254141,10023.885434648773,1,181.693,180.60543968508287,183.32434047237572,181.789,186.873,31.54621347169175,0.3668050269439127,EURJPY_merged,89.29832801957458
2026-02-11 15:00:00,2026-02-24 02:00:00,1.5,60.00000000000001,0.6782829144112337,9689.755920160482,1,181.693,180.56793760525815,183.38059359211283,181.789,186.873,31.54621347169175,0.3668050269439127,EURJPY_merged,89.32171708558879
2026-02-25 21:00:00,2026-02-26 10:00:00,1.2,90.0,1.3815535070551932,19736.47867221705,-1,111.13,111.63676213148798,110.52188544221441,107.673,110.792,62.02960156308871,0.17233516525477502,AUDJPY_merged,106.61844649294481
2026-02-27 12:00:00,2026-03-01 17:00:00,-1.3562788273788082,60.00000000000001,1.010444602975896,14434.922899655658,1,1.03412,1.0298215911736195,1.0405676132395705,1.06092,1.07979,29.795225579161645,0.0014570520872646557,GBPCHF_merged,-82.3871742457044
2026-02-25 03:00:00,2026-03-01 17:00:00,1.2,90.0,1.673595527967834,23908.50754239763,-1,0.97198,0.9756388733046122,0.9675893520344652,0.91331,0.96977,61.366199176028545,0.0012408461320187114,AUDCAD_merged,106.32640447203217
2026-02-27 14:00:00,2026-03-02 07:00:00,1.2,90.0,2.2473897788193797,32105.568268848285,-1,0.87715,0.8796088725338526,0.8741993529593769,0.86122,0.87454,58.70317447426701,0.0008273237177360485,EURGBP_merged,105.75261022118062
2026-03-03 01:00:00,2026-03-03 07:00:00,1.1,15.0,0.36807322485573385,5258.188926510484,-1,1.19581,1.1992212791021193,1.192057592987669,1.15241,1.16926,73.31118243635964,0.0013299036665014462,AUDNZD_merged,16.131926775144265
2026-03-03 05:00:00,2026-03-03 08:00:00,1.2,90.0,1.8251570879826033,26073.672685465768,-1,1.1954,1.1995262311335209,1.190448522639775,1.1527,1.16779,66.28448794788984,0.001402635584624916,AUDNZD_merged,106.1748429120174
2026-03-02 21:00:00,2026-03-03 09:00:00,1.2,90.0,0.8502619976543491,12146.599966490703,-1,0.5532,0.5572989248133101,0.5482812902240279,0.53002,0.5506,67.57553182669001,0.0014238921816017466,AUDCHF_merged,107.14973800234566
2026-03-03 08:00:00,2026-03-03 10:00:00,-1.1,15.000000000000002,0.20702761961010155,2957.537423001451,1,1.16127,1.1553802858531805,1.1695155998055475,1.15777,1.20822,28.356241743446997,0.0020644404903609487,EURUSD_merged,-16.707027619610106
2026-03-03 16:00:00,2026-03-05 02:00:00,-1.1,15.0,0.35645891017548204,5092.270145364029,1,1.58792,1.5832425576569844,1.5944684192802219,1.60746,1.63919,31.113480681716187,0.0020713880019221933,EURCAD_merged,-16.856458910175483
2026-03-03 16:00:00,2026-03-05 06:00:00,-1.1,30.0,0.6273676819088486,8962.395455840695,1,1.58792,1.5826047246102095,1.5937668029287695,1.60746,1.63919,31.220273845266192,0.0020713880019221933,EURCAD_merged,-33.62736768190885
2026-03-03 16:00:00,2026-03-05 08:00:00,-1.1,89.99999999999999,1.6225026256263322,23178.608937519035,1,1.58792,1.581754280547843,1.5953188633425883,1.60895,1.63919,31.113480681716187,0.0020713880019221933,EURCAD_merged,-100.62250262562632
2026-03-03 16:00:00,2026-03-05 08:00:00,-1.1,29.999999999999996,0.5408342085421107,7726.202979173011,1,1.58792,1.581754280547843,1.5971685791782355,1.60746,1.63919,31.470539424970493,0.0020713880019221933,EURCAD_merged,-33.54083420854211
2026-03-09 01:00:00,2026-03-09 14:00:00,1.1,30.0,0.4551925431038235,6502.750615768908,-1,116.861,117.40013031686907,116.26795665144404,111.775,115.317,72.81828403136637,0.21467697483708123,CADJPY_merged,32.54480745689618
2026-03-09 00:00:00,2026-03-09 14:00:00,1.5,15.0,0.20309443577756306,2901.3490825366152,-1,117.11,117.7154597189195,116.20181042162073,111.775,115.317,68.56512962399913,0.21565212674762607,CADJPY_merged,22.29690556422244
2026-03-09 08:00:00,2026-03-09 14:00:00,1.2,89.99999999999999,1.1612155989929995,16588.794271328567,-1,116.869,117.50305512347448,116.10813385183062,111.775,115.317,57.89456551988969,0.22287971933911996,CADJPY_merged,106.83878440100699
2026-03-09 01:00:00,2026-03-09 16:00:00,1.4,15.0,0.19620368237233768,2802.909748176253,-1,116.861,117.48639116756812,115.98545236540464,111.775,115.317,72.32158425567735,0.21467697483708123,CADJPY_merged,20.80379631762766
2026-03-10 14:00:00,2026-03-10 20:00:00,-1.1,30.0,0.7137365839418046,10196.236913454353,-1,1.20093,1.2044634506549627,1.1970432042795411,1.15241,1.16926,72.0869877755211,0.0013752816718432986,AUDNZD_merged,-33.7137365839418
2026-03-10 15:00:00,2026-03-10 23:00:00,-1.1,90.0,1.0474489581675688,14963.556545250984,-1,0.5543,0.5576338999220631,0.5502993200935242,0.53967,0.5506,62.116877969465406,0.0011310763297246544,AUDCHF_merged,-100.04744895816758
2026-03-11 01:00:00,2026-03-11 10:00:00,-1.1,30.0,0.6631899579873705,9474.142256962436,-1,1.20677,1.2105912535782217,1.2025666210639558,1.15241,1.16926,77.70483847503591,0.0015000370433395443,AUDNZD_merged,-33.66318995798737
2026-03-11 01:00:00,2026-03-11 10:00:00,-1.1,30.0,0.7536249522583756,10766.070746548223,-1,1.20677,1.2101327031488351,1.2020622155916307,1.15241,1.16926,77.03724433935908,0.0015000370433395443,AUDNZD_merged,-33.75362495225838
2026-03-11 11:00:00,2026-03-12 09:00:00,1.2,89.99999999999999,0.9305233442550235,13293.19063221462,-1,0.97239,0.9789734533199212,0.9644898560160944,0.91331,0.97497,57.65028693720948,0.0022151451516989403,AUDCAD_merged,107.06947665574496
2026-03-11 01:00:00,2026-03-12 09:00:00,1.1,30.0,0.41880167200910856,5982.881028701551,-1,113.463,114.03193827299432,112.83716789970623,107.673,110.792,72.77298534525838,0.22760564425503638,AUDJPY_merged,32.58119832799089
2026-03-11 01:00:00,2026-03-12 09:00:00,1.4,15.0,0.23795549545972078,3399.364220853154,-1,113.463,113.96366568023501,112.76206804767098,107.673,110.792,72.29545522667739,0.22760564425503638,AUDJPY_merged,20.762044504540278
2026-03-11 11:00:00,2026-03-12 10:00:00,1.4,30.0,0.5019829427650786,7171.184896643981,1,1.6177,1.6109324991337606,1.6271745012127348,1.72905,1.74653,32.95153422779092,0.0029871269889970875,EURAUD_merged,41.49801705723492
2026-03-11 11:00:00,2026-03-12 10:00:00,1.2,89.99999999999999,0.9819932145932191,14028.474494188846,-1,113.553,114.28150187696698,112.67879774763962,107.673,110.792,65.42254724346259,0.24562129065445226,AUDJPY_merged,107.01800678540677
2026-03-11 11:00:00,2026-03-12 22:00:00,1.4,30.0,0.38817705317079126,5545.386473868447,1,1.87384,1.8637027083495616,1.8880322083106136,1.99962,2.02873,37.701596535794486,0.0033980736811748164,GBPAUD_merged,41.61182294682921
2026-03-11 01:00:00,2026-03-12 23:00:00,-1.1,30.000000000000004,0.5717154810235952,8167.364014622789,-1,1.20677,1.2112026541507372,1.200121018773894,1.1527,1.16926,74.00862113526878,0.0015000370433395443,AUDNZD_merged,-33.5717154810236
2026-03-11 01:00:00,2026-03-12 23:00:00,-1.1,30.000000000000004,0.5717154810235952,8167.364014622789,-1,1.20677,1.2112026541507372,1.2005642841889677,1.15241,1.16926,77.03724433935908,0.0015000370433395443,AUDNZD_merged,-33.5717154810236
2026-03-11 20:00:00,2026-03-12 23:00:00,-1.1,90.0,1.7882056490559453,25545.794986513505,-1,158.977,159.53708943967308,158.3048926723923,152.268,157.66,59.37634885386873,0.1936961260036985,USDJPY_merged,-100.78820564905595
2026-03-11 01:00:00,2026-03-12 23:00:00,-1.1,15.0,0.2763291491614044,3947.5592737343486,-1,1.20677,1.211355504293866,1.1998917435592007,1.1527,1.16926,74.00862113526878,0.0015000370433395443,AUDNZD_merged,-16.776329149161405
2026-03-11 14:00:00,2026-03-13 00:00:00,-1.1,30.0,0.7684413491694366,10977.733559563381,-1,1.20857,1.211872785570744,1.2049369358721813,1.15241,1.16926,71.1299253048191,0.00126817749770498,AUDNZD_merged,-33.768441349169436
2026-03-11 14:00:00,2026-03-13 00:00:00,-1.1,30.0,0.8732288058743597,12474.697226776569,-1,1.20857,1.211476451302255,1.204500968176843,1.15241,1.16926,71.37983559492336,0.00126817749770498,AUDNZD_merged,-33.87322880587436
2026-03-11 11:00:00,2026-03-13 01:00:00,1.5,30.0,0.3808146462355768,5440.209231936812,1,1.6177,1.6087792034035937,1.6310811948946093,1.66228,1.74653,33.29431127281899,0.0029871269889970875,EURAUD_merged,44.61918535376442
2026-03-11 08:00:00,2026-03-13 01:00:00,1.4,30.0,0.42227400131273857,6032.485733039123,1,1.62066,1.6126003373415845,1.6319435277217818,1.72905,1.74653,25.962587392759154,0.0028385373044187653,EURAUD_merged,41.577725998687264
2026-03-13 04:00:00,2026-03-13 13:00:00,-1.1,29.999999999999996,0.48432188956758226,6918.884136679747,1,0.58176,0.5792375123191505,0.5852914827531894,0.5928,0.60922,26.419517547974394,0.0011339720730858646,NZDUSD_merged,-33.48432188956758
2026-03-13 08:00:00,2026-03-13 14:00:00,-1.1,30.0,0.5133531911689128,7333.617016698754,1,1.14779,1.1430946770888644,1.15436345207559,1.15777,1.20822,37.13924201303664,0.0016212856612010838,EURUSD_merged,-33.51335319116891
2026-03-13 04:00:00,2026-03-13 14:00:00,-1.1,89.99999999999999,1.1022498176365663,15746.425966236664,1,0.58176,0.5784349026025165,0.5857501168769802,0.58356,0.60757,26.419517547974394,0.0011339720730858646,NZDUSD_merged,-100.10224981763655
2026-03-13 04:00:00,2026-03-13 14:00:00,-1.1,29.999999999999996,0.36741660587885544,5248.808655412221,1,0.58176,0.5784349026025165,0.5867476460962253,0.58356,0.60757,30.39273159736678,0.0011339720730858646,NZDUSD_merged,-33.36741660587886
2026-03-11 05:00:00,2026-03-15 16:00:00,1.2,89.99999999999999,0.9865923827957856,14094.176897082656,-1,0.55635,0.5599026374023561,0.5520868351171726,0.53967,0.5506,66.94900539944653,0.0012332582815426148,AUDCHF_merged,107.0134076172042
2026-03-15 18:00:00,2026-03-16 08:00:00,1.4,30.0,0.502931444769125,7184.734925273215,1,1.14297,1.1381975066016168,1.1496514907577366,1.15777,1.20822,33.688276377015306,0.0015995668516990628,EURUSD_merged,41.497068555230875
2026-03-15 17:00:00,2026-03-16 10:00:00,1.4,29.999999999999996,0.47626742342420975,6803.820334631569,1,1.32319,1.317355674863878,1.331358055190571,1.33407,1.3869,33.3663072398418,0.0019802765214184284,GBPUSD_merged,41.52373257657578
2026-03-11 22:00:00,2026-03-17 00:00:00,-1.1,90.0,1.8971874529719523,27102.677899599323,-1,1.20838,1.2123926735964201,1.203564791684296,1.1527,1.16779,60.75472147466521,0.0014334176540261529,AUDNZD_merged,-100.89718745297196
2026-03-23 04:00:00,2026-03-23 19:00:00,-1.1,15.0,0.21969494111295815,3138.499158756545,-1,1.91013,1.9192591883638268,1.8964362174542602,1.86936,1.91168,70.39908657181765,0.0030817105598459657,GBPAUD_merged,-16.71969494111296
2026-03-23 08:00:00,2026-03-24 12:00:00,-1.1,15.0,0.17672742894168575,2524.6775563097967,-1,1.98408,1.9958681192097658,1.9711130688692577,1.95128,1.98081,43.154122396130546,0.004087989279213204,EURNZD_merged,-16.676727428941685
2026-03-24 14:00:00,2026-03-27 05:00:00,-1.1,15.0,0.35212010825244894,5030.287260749271,-1,0.91599,0.918721424526629,0.9118928632100565,0.89805,0.91508,62.78258128625926,0.0009245940602506695,EURCHF_merged,-16.85212010825245
2026-03-24 14:00:00,2026-03-27 10:00:00,-1.1,15.0,0.34038277131070066,4862.611018724296,-1,0.91599,0.9188156115792714,0.91203414378902,0.89805,0.91508,62.78258128625926,0.0009245940602506695,EURCHF_merged,-16.8403827713107
2026-03-27 07:00:00,2026-03-27 10:00:00,-1.1,15.0,0.4854026382680066,6934.323403828666,-1,0.91768,0.9196650819176388,0.9154964098905973,0.89805,0.91508,59.159507849331625,0.0006551444030786814,EURCHF_merged,-16.985402638268006
2026-03-27 15:00:00,2026-03-30 04:00:00,-1.1,59.99999999999999,1.6495617150499169,23565.167357855957,-1,1.38819,1.3917245134085048,1.382888229887243,1.35252,1.37526,70.62860954376491,0.0012281693179941244,USDCAD_merged,-67.64956171504991
2026-03-27 14:00:00,2026-03-30 07:00:00,1.4,15.0,0.29600563381307854,4228.651911615408,-1,160.247,160.81543293092946,159.45119389669878,152.268,159.899,62.86590848248009,0.18658638338292743,USDJPY_merged,20.703994366186922
2026-03-27 14:00:00,2026-03-30 08:00:00,1.5,15.0,0.3062127246342191,4374.467494774559,-1,160.247,160.79648516656516,159.4227722501523,152.268,157.66,62.86590848248009,0.18658638338292743,USDJPY_merged,22.193787275365782
2026-03-30 10:00:00,2026-03-30 21:00:00,1.1,30.0,0.564571236535294,8065.303379075628,1,199.327,198.5855759370796,200.14256646921245,199.484,204.006,31.528774676590157,0.2507741147134617,CHFJPY_merged,32.43542876346471
2026-03-30 11:00:00,2026-03-31 00:00:00,-0.29354363356369123,60.0,1.6190432340559202,23129.18905794172,-1,1.39201,1.3956210474859612,1.3869545335196545,1.35252,1.37526,65.56543964095749,0.0012248480313689237,USDCAD_merged,-19.231661247877394
2026-03-30 11:00:00,2026-03-31 00:00:00,0.1052892617301536,30.0,0.5060356419299136,7229.080598998766,1,210.555,209.68121668641032,211.77829663902557,210.792,213.298,21.126628189959735,0.29131388277775777,GBPJPY_merged,2.6526422099746947
2026-03-29 23:00:00,2026-03-31 00:00:00,0.002870918437016413,15.000000000000002,0.24075321048371326,3439.331578338761,-1,0.79866,0.8021432058867051,0.7948284735246245,0.77477,0.78784,62.21731457683661,0.0011195637268372745,USDCHF_merged,-0.19768943392846705
2026-03-30 10:00:00,2026-03-31 00:00:00,0.14401452444926816,15.0,0.26639707030263465,3805.672432894781,1,114.511,114.05965663551251,114.96234336448748,114.659,117.196,35.24595962482449,0.15327294615088777,CADJPY_merged,1.8938207964363876
2026-03-30 08:00:00,2026-03-31 00:00:00,-0.2951736676586789,30.000000000000004,0.8988748441843903,12841.06920263415,-1,1.39211,1.3953623226330274,1.3872315160504587,1.35252,1.37526,70.32419750896031,0.0011092412371763076,USDCAD_merged,-9.754084873944759
2026-03-30 10:00:00,2026-03-31 00:00:00,0.14401452444926816,30.0,0.5327941406052693,7611.344865789562,1,114.511,114.05965663551251,115.00747770093624,114.659,117.196,32.397337950712235,0.15327294615088777,CADJPY_merged,3.787641592872775
