entry_time,exit_time,r_mult,risk_usd,fee_usd,notional,trade_type,entry_price,sl_price,tp_price,zone_lower,zone_upper,momentum,atr,asset,pnl_usd
2018-04-18 03:00:00,2018-04-18 07:00:00,-1.1,14.999999999999998,0.7107736806345163,10153.909723350234,-1,1.19676,1.1985279298407312,1.1946384841911228,1.16512,1.1741,77.80359183514159,0.0008494747804193675,EURCHF_merged,-17.210773680634517
2018-05-16 12:00:00,2018-05-17 03:00:00,-1.1,15.000000000000002,0.2823366856375118,4033.3812233930257,1,1.51208,1.506456628752955,1.5188280454964542,1.54629,1.57134,30.873879117400623,0.002407448018993366,EURCAD_merged,-16.782336685637514
2018-07-19 10:00:00,2018-07-19 13:00:00,1.5,15.000000000000002,0.4145942330630197,5922.774758043139,1,1.298,1.2947126894411172,1.3029309658383244,1.30496,1.34717,36.03483200675522,0.0022235732031179504,GBPUSD_merged,22.085405766936983
2018-08-02 07:00:00,2018-08-02 12:00:00,-1.1,15.0,0.3525682708549094,5036.689583641563,1,0.88028,0.8776583971037474,0.8829016028962525,0.88313,0.92275,34.07381297367673,0.0009830380331027544,NZDCAD_merged,-16.85256827085491
2018-08-02 17:00:00,2018-08-02 21:00:00,-1.1,15.0,0.3252384693676041,4646.263848108631,1,0.87864,0.8758033982849758,0.8814766017150242,0.88313,0.92275,33.02295044175855,0.0010948365686591374,NZDCAD_merged,-16.825238469367605
2018-08-03 04:00:00,2018-08-03 07:00:00,1.0,15.0,0.3602229986831128,5146.042838330183,1,0.8762,0.8736459987192285,0.8787540012807714,0.88313,0.92275,39.38559581414385,0.0009434187920925916,NZDCAD_merged,14.639777001316887
2018-08-03 04:00:00,2018-08-03 08:00:00,1.0,15.0,0.3478015159699019,4968.593085284313,1,0.8762,0.8735547843877725,0.8788452156122275,0.88313,0.92275,39.38559581414385,0.0009434187920925916,NZDCAD_merged,14.652198484030098
2018-08-03 05:00:00,2018-08-06 06:00:00,-1.1,60.0,1.5096679380698288,21566.684829568985,1,1.15791,1.1546886147686108,1.1611313852313891,1.15747,1.17906,33.17745665058964,0.001140459387960716,EURUSD_merged,-67.50966793806982
2018-08-03 05:00:00,2018-08-06 06:00:00,-1.1,60.0,1.4576104229639724,20823.006042342466,1,1.15791,1.1545735652960611,1.1612464347039388,1.15747,1.17906,33.17745665058964,0.001140459387960716,EURUSD_merged,-67.45761042296397
2018-08-06 00:00:00,2018-08-07 02:00:00,-1.1,15.0,0.38550968563502386,5507.281223357484,1,1.5642,1.5599396401148922,1.568460359885108,1.5657,1.58895,34.801510255889916,0.001513060277947146,EURAUD_merged,-16.885509685635025
2018-08-07 04:00:00,2018-08-07 09:00:00,-1.1,15.0,0.6856590161712992,9795.128802447132,-1,1.10081,1.1024957511864342,1.098787098576279,1.06573,1.09866,67.39447180138174,0.0009317764057001217,AUDNZD_merged,-17.1856590161713
2018-08-07 11:00:00,2018-08-07 17:00:00,1.4,15.0,0.5745237249641312,8207.481785201875,-1,1.10195,1.1039639246644204,1.0991305054698113,1.06573,1.09866,67.1382569858322,0.0009700364513380936,AUDNZD_merged,20.42547627503587
2018-08-07 11:00:00,2018-08-08 05:00:00,-1.1,15.0,0.33253009732610467,4750.429961801496,1,1.74495,1.7394401303228406,1.7504598696771594,1.75681,1.79794,34.001384688941776,0.0019885001535204557,GBPAUD_merged,-16.832530097326103
2018-08-08 09:00:00,2018-08-08 13:00:00,-1.1,15.0,0.2823155683559089,4033.0795479415556,1,1.73961,1.7331399689257758,1.7460800310742244,1.75681,1.79794,37.605117293939855,0.002376571533463346,GBPAUD_merged,-16.78231556835591
2018-08-07 04:00:00,2018-08-08 17:00:00,-1.1,30.0,0.8815615922202419,12593.737031717743,-1,1.10081,1.103432279623342,1.0981877203766581,1.06573,1.09866,70.13788144571696,0.0009317764057001217,AUDNZD_merged,-33.881561592220244
2018-08-07 04:00:00,2018-08-08 17:00:00,-1.1,30.0,0.8511629166264402,12159.470237520574,-1,1.10081,1.1035259324670328,1.0980940675329673,1.06573,1.09866,70.13788144571696,0.0009317764057001217,AUDNZD_merged,-33.85116291662644
2018-08-08 13:00:00,2018-08-08 21:00:00,-1.1,15.0,0.6057770993375253,8653.958561964648,-1,0.90016,0.9017202570665573,0.8982876915201311,0.87177,0.89576,71.92038466257273,0.0008441802327478535,EURGBP_merged,-17.105777099337526
2018-08-08 13:00:00,2018-08-08 21:00:00,-1.1,60.00000000000001,2.180797557615091,31154.250823072733,-1,0.90016,0.9018936189628415,0.8977329334520219,0.87177,0.89576,71.92038466257273,0.0008441802327478535,EURGBP_merged,-68.18079755761511
2018-08-09 01:00:00,2018-08-09 05:00:00,1.0,30.0,0.6290100299991574,8985.857571416536,1,142.767,142.2903610185828,143.2436389814172,143.773,149.307,38.1320957737428,0.18206631636041154,GBPJPY_merged,29.370989970000842
2018-08-09 01:00:00,2018-08-09 05:00:00,1.4,30.0,1.366191456641678,19517.02080916683,-1,0.90167,0.9030559748505927,0.8997296352091702,0.87177,0.89576,69.76147507386537,0.0006849168949180503,EURGBP_merged,40.63380854335832
2018-08-09 08:00:00,2018-08-09 09:00:00,-1.1,15.0,0.36163402142658224,5166.200306094032,-1,1.74179,1.7468472661631376,1.735721280604235,1.71175,1.7322,71.53467818711026,0.0029460500047931485,EURNZD_merged,-16.861634021426582
2018-08-09 03:00:00,2018-08-09 09:00:00,-1.1,14.999999999999998,0.45003138420704847,6429.019774386407,1,1.27963,1.276644404890078,1.282615595109922,1.30231,1.3267,28.9689741942628,0.001153692255841478,GBPCHF_merged,-16.950031384207048
2018-08-09 03:00:00,2018-08-09 09:00:00,-1.1,15.0,0.43451306061370193,6207.3294373386,1,1.27963,1.276537776493295,1.282722223506705,1.30231,1.3267,28.9689741942628,0.001153692255841478,GBPCHF_merged,-16.934513060613703
2018-08-08 19:00:00,2018-08-09 10:00:00,1.0,15.000000000000002,0.29807797674023995,4258.256810574857,1,1.73372,1.7276128530718442,1.7398271469281557,1.75681,1.79794,34.64674243630958,0.002183198678995324,GBPAUD_merged,14.701922023259762
2018-08-09 08:00:00,2018-08-09 10:00:00,-1.1,30.0,0.650941238567848,9299.160550969258,-1,1.74179,1.7474091846257083,1.7339231415240082,1.71172,1.7322,71.53467818711026,0.0029460500047931485,EURNZD_merged,-33.650941238567846
2018-08-09 08:00:00,2018-08-09 14:00:00,-1.1,15.000000000000002,0.19670747224774301,2810.106746396329,1,0.86764,0.863008645686969,0.8722713543130309,0.88313,0.92275,30.6083420701057,0.0017244797466684407,NZDCAD_merged,-16.696707472247745
2018-08-09 08:00:00,2018-08-09 15:00:00,-1.1,15.0,0.189924455963338,2713.206513761972,1,0.86764,0.8628432401757894,0.8724367598242105,0.88313,0.92275,30.6083420701057,0.0017244797466684407,NZDCAD_merged,-16.68992445596334
2018-08-09 14:00:00,2018-08-10 01:00:00,1.4,30.0,0.6750347040020918,9643.352914315597,-1,1.74451,1.749937085419876,1.7369120804121738,1.71172,1.7322,65.82195922526013,0.0026954325163709657,EURNZD_merged,41.324965295997906
2018-08-09 22:00:00,2018-08-10 01:00:00,-1.1,29.999999999999996,0.4914872615704033,7021.246593862905,1,81.798,81.44849796112489,82.14750203887512,81.805,83.922,34.98578241898289,0.12798482818456094,AUDJPY_merged,-33.491487261570406
2018-08-09 17:00:00,2018-08-10 01:00:00,-1.1,30.0,0.6811296911995707,9730.424159993867,1,1.50349,1.4988545700065732,1.5081254299934268,1.5287,1.54672,32.0211079065003,0.0016870526432420144,EURCAD_merged,-33.68112969119957
2018-08-09 21:00:00,2018-08-10 01:00:00,-1.1,30.0,0.7399260408860138,10570.37201265734,1,1.15342,1.1501464539073396,1.1566935460926602,1.15747,1.17906,34.97599916428365,0.0011715370159942737,EURUSD_merged,-33.73992604088601
2018-08-10 00:00:00,2018-08-10 15:00:00,-1.1,15.0,0.2279782190579271,3256.8317008275303,1,0.65722,0.6541930397805036,0.6602469602194965,0.66523,0.68132,31.783690651658656,0.0010624102768738365,NZDCHF_merged,-16.727978219057928
2018-08-10 00:00:00,2018-08-10 15:00:00,-1.1,15.000000000000002,0.22011690115937785,3144.527159419684,1,0.65722,0.6540849340583786,0.6603550659416214,0.66523,0.68132,31.783690651658656,0.0010624102768738365,NZDCHF_merged,-16.720116901159383
2018-08-14 11:00:00,2018-08-15 10:00:00,-1.1,15.0,0.26701733007011264,3814.5332867158954,1,1.12898,1.1245404791655707,1.1334195208344295,1.14799,1.17136,32.13162674921996,0.0017003907631635909,EURCHF_merged,-16.76701733007011
2018-08-15 02:00:00,2018-08-15 10:00:00,1.0,30.000000000000004,0.6973434730403841,9962.049614862632,1,1.66213,1.6571246143687535,1.6671353856312467,1.72864,1.77717,38.61776648438303,0.0018728574922277053,GBPCAD_merged,29.30265652695962
2018-08-15 03:00:00,2018-08-15 10:00:00,1.2,15.0,0.4334023534602469,6191.462192289242,1,0.94548,0.9431893940721042,0.9482287271134748,0.96584,0.98134,33.34878654167818,0.0012738046453430337,AUDCAD_merged,17.566597646539755
2018-08-15 03:00:00,2018-08-15 10:00:00,1.0,30.000000000000004,0.5572315973060319,7960.451390086171,1,0.94548,0.9419168352232733,0.9490431647767267,0.96584,0.99317,34.856417954116075,0.0012738046453430337,AUDCAD_merged,29.44276840269397
2018-08-15 03:00:00,2018-08-15 10:00:00,1.0,30.0,0.7176508599839228,10252.15514262747,1,1.48265,1.4783114487996716,1.4869885512003285,1.5287,1.54672,31.271382962567117,0.0015273766735783092,EURCAD_merged,29.282349140016077
2018-08-15 03:00:00,2018-08-15 10:00:00,1.0,30.0,0.6929042786051667,9898.632551502382,1,1.48265,1.478156500542517,1.487143499457483,1.5287,1.54672,31.271382962567117,0.0015273766735783092,EURCAD_merged,29.307095721394834
2018-08-15 03:00:00,2018-08-15 10:00:00,1.0,30.0,0.5380167146403065,7685.953066290093,1,0.94548,0.9417895793383902,0.9491704206616097,0.96584,0.98134,34.856417954116075,0.0012738046453430337,AUDCAD_merged,29.461983285359693
2018-08-15 03:00:00,2018-08-15 11:00:00,1.0,15.0,0.33305857631380353,4757.979661625765,1,1.66339,1.6581459990217624,1.6686340009782374,1.72864,1.77717,38.02394750803206,0.0018483676713543001,GBPCAD_merged,14.666941423686197
2018-08-15 03:00:00,2018-08-15 11:00:00,1.0,15.0,0.3215737978202241,4593.911397431773,1,1.66339,1.6579587132725395,1.6688212867274603,1.72864,1.77717,38.02394750803206,0.0018483676713543001,GBPCAD_merged,14.678426202179775
2018-08-15 01:00:00,2018-08-15 12:00:00,1.0,15.0,0.24703969148320795,3529.138449760114,1,0.7213,0.7182342375897054,0.7243657624102947,0.73175,0.74639,33.68762400524302,0.0011422198765563569,AUDUSD_merged,14.752960308516792
2018-08-15 12:00:00,2018-08-15 22:00:00,1.0,30.0,0.3438634839472628,4912.335484960898,1,125.36,124.59441710943528,126.12558289056471,126.642,131.982,43.56095651493291,0.2877242745328395,EURJPY_merged,29.656136516052737
2018-08-15 12:00:00,2018-08-15 22:00:00,1.0,30.0,0.35643396765797564,5091.913823685367,1,72.532,72.10466362406245,72.95933637593754,74.076,76.3,43.10785038599383,0.16168182241238394,NZDJPY_merged,29.643566032342026
2018-08-15 12:00:00,2018-08-15 22:00:00,1.0,30.0,0.5298050550370589,7568.6436433865565,1,1.13309,1.128598746137136,1.1375812538628638,1.15747,1.17906,46.82838606412943,0.0016888968311436546,EURUSD_merged,29.47019494496294
2018-08-15 12:00:00,2018-08-15 22:00:00,1.0,30.0,0.31269273278774146,4467.039039824878,1,80.014,79.47663733569382,80.55136266430617,81.805,83.255,45.29412895797282,0.20130726550212472,AUDJPY_merged,29.687307267212258
2018-08-15 12:00:00,2018-08-16 12:00:00,1.0,60.0,0.6644937638201679,9492.768054573828,1,140.308,139.42116910393236,141.19483089606763,143.773,147.144,42.06611469251709,0.3352804669015706,GBPJPY_merged,59.33550623617983
2018-08-15 12:00:00,2018-08-17 14:00:00,1.0,30.0,0.31902642244487095,4557.520320641014,1,84.091,83.53746873244326,84.64453126755673,84.262,86.289,39.48724494795076,0.1992833285264683,CADJPY_merged,29.68097357755513
2018-08-15 12:00:00,2018-08-17 14:00:00,1.0,30.0,0.3080255113260823,4400.3644475154615,1,84.091,83.51769975860195,84.66430024139804,84.262,86.289,39.48724494795076,0.1992833285264683,CADJPY_merged,29.691974488673917
2018-08-20 23:00:00,2018-08-21 08:00:00,1.0,60.0,1.3894678105831466,19849.54015118781,1,109.997,109.66450766265963,110.32949233734037,110.587,113.175,40.79679502195044,0.12584921654563072,USDJPY_merged,58.61053218941685
2018-08-21 06:00:00,2018-08-21 13:00:00,-1.1,30.0,0.6868883906047258,9812.691294353228,1,0.98787,0.9848498193878723,0.9908901806121277,0.98671,0.99846,28.68804148281679,0.0010694476519811215,USDCHF_merged,-33.68688839060473
2018-08-21 06:00:00,2018-08-21 13:00:00,-1.1,30.0,0.663202584032149,9474.322629030701,1,0.98787,0.984741955794582,0.990998044205418,0.98671,0.99846,28.68804148281679,0.0010694476519811215,USDCHF_merged,-33.66320258403215
2018-08-21 17:00:00,2018-08-22 07:00:00,-1.1,30.0,0.5650701974760322,8072.431392514745,1,0.9852,0.9815386495885977,0.9888613504114022,0.98671,0.99846,31.605266991810012,0.0012956519221486954,USDCHF_merged,-33.56507019747603
2018-08-21 17:00:00,2018-08-22 08:00:00,-1.1,30.0,0.5455850182527204,7794.071689324579,1,0.9852,0.9814078870739048,0.9889921129260951,0.98671,0.99846,31.605266991810012,0.0012956519221486954,USDCHF_merged,-33.54558501825272
2018-08-23 02:00:00,2018-08-23 11:00:00,-1.1,29.999999999999996,0.500173462569219,7145.335179560272,1,0.71826,0.7152443542033355,0.7212756457966645,0.72753,0.74017,32.253394078797115,0.0011128411470010188,AUDCHF_merged,-33.50017346256922
2018-08-22 11:00:00,2018-08-23 13:00:00,1.0,30.0,0.614188478779308,8774.121125418687,1,0.9829,0.9795393215253689,0.9862606784746311,0.98671,0.99846,41.45891604524143,0.0012230821471990725,USDCHF_merged,29.385811521220692
2018-08-23 00:00:00,2018-08-23 13:00:00,-1.1,90.0,1.2438963618775327,17769.948026821898,1,0.72917,0.7254769503691881,0.7328630496308118,0.73175,0.7453,35.05542737918783,0.0013300964338770888,AUDUSD_merged,-100.24389636187755
2018-08-23 05:00:00,2018-08-23 16:00:00,-1.1,29.999999999999996,0.48193900656812844,6884.842950973264,1,0.71727,0.7141445692308118,0.7203954307691881,0.72753,0.74017,32.193246237917066,0.001091494897945054,AUDCHF_merged,-33.481939006568126
2018-08-23 00:00:00,2018-08-23 16:00:00,-1.1,60.0,1.0794205726588881,15420.293895126973,1,0.95076,0.9470606152549385,0.9544593847450616,0.96584,0.98134,34.053715616955145,0.0013408466054444796,AUDCAD_merged,-67.07942057265889
2018-08-23 17:00:00,2018-08-23 22:00:00,-1.1,30.0,0.9945039020733549,14207.198601047929,-1,1.59118,1.5945399445844644,1.5871480664986428,1.558,1.58895,69.7479853953278,0.0018725904602395367,EURAUD_merged,-33.994503902073355
2018-08-23 14:00:00,2018-08-23 22:00:00,1.0,30.0,0.5441186309995549,7773.123299993642,1,0.94822,0.9445603899691102,0.9518796100308897,0.96584,0.99317,34.46405319527001,0.001255074755142029,AUDCAD_merged,29.455881369000444
2018-08-23 18:00:00,2018-08-23 22:00:00,1.0,30.0,0.4599580862722408,6570.829803889154,1,0.72499,0.7216799614433589,0.7283000385566412,0.73175,0.7453,29.148721476157334,0.0011548597254167142,AUDUSD_merged,29.54004191372776
2018-08-23 21:00:00,2018-08-23 22:00:00,1.0,30.000000000000004,0.556840890009621,7954.8698572803005,1,0.71549,0.7127916906140387,0.7181883093859612,0.72753,0.74017,32.500375905847754,0.0009991332147320623,AUDCHF_merged,29.443159109990383
2018-08-23 14:00:00,2018-08-23 22:00:00,1.0,15.0,0.2626779597928885,3752.54228275555,1,0.94822,0.944429689610864,0.9520103103891359,0.96584,0.98134,34.46405319527001,0.001255074755142029,AUDCAD_merged,14.737322040207111
2018-08-23 18:00:00,2018-08-23 22:00:00,1.0,30.0,0.44409746260768074,6344.249465824011,1,0.72499,0.7215617457806217,0.7284182542193783,0.73175,0.7453,29.148721476157334,0.0011548597254167142,AUDUSD_merged,29.55590253739232
2018-08-23 21:00:00,2018-08-23 22:00:00,1.0,30.0,0.5376394800092891,7680.564000132701,1,0.71549,0.7126953224216829,0.718284677578317,0.72753,0.74017,32.500375905847754,0.0009991332147320623,AUDCHF_merged,29.46236051999071
2018-08-23 14:00:00,2018-08-23 22:00:00,1.4,60.0,1.6223053166329668,23175.790237613815,-1,1.59165,1.595770636190649,1.5858811093330916,1.558,1.58895,72.23510285859632,0.0019710096599441515,EURAUD_merged,82.37769468336704
2018-08-23 19:00:00,2018-08-24 10:00:00,1.0,15.0,0.3023795894610112,4319.708420871589,1,0.65416,0.6518884577929868,0.6564315422070132,0.66523,0.68132,30.254722180091495,0.000852646790771723,NZDCHF_merged,14.697620410538988
2018-08-23 11:00:00,2018-08-24 10:00:00,1.0,30.0,0.5640754032492649,8058.2200464180705,-1,1.591,1.596923144283112,1.585076855716888,1.558,1.58895,75.84412544131452,0.0021585937673585715,EURAUD_merged,29.435924596750734
2018-08-23 23:00:00,2018-08-24 10:00:00,1.0,30.000000000000004,0.37244878310474583,5320.69690149637,1,0.72835,0.7242433011211643,0.7324566988788358,0.73175,0.7453,46.83817548474065,0.0014447725873689952,AUDUSD_merged,29.627551216895256
2018-08-23 23:00:00,2018-08-24 10:00:00,1.0,30.0,0.35960572161837523,5137.224594548218,1,0.72835,0.724096633304063,0.7326033666959371,0.73175,0.7453,46.83817548474065,0.0014447725873689952,AUDUSD_merged,29.640394278381624
2018-08-22 12:00:00,2018-08-27 10:00:00,-1.1,30.0,0.5823797506105967,8319.710723008524,1,0.98365,0.9801030617731227,0.9871969382268774,0.98671,0.99846,41.039912037386756,0.0011857191366848555,USDCHF_merged,-33.5823797506106
2018-08-27 15:00:00,2018-08-28 04:00:00,-1.1,30.0,0.7726796030987354,11038.280044267649,1,0.97958,0.9769176830554991,0.9822423169445009,0.98671,0.99846,33.063885338362766,0.0009563259332939682,USDCHF_merged,-33.77267960309874
2018-08-23 23:00:00,2018-08-29 01:00:00,-1.1,60.0,0.8490234650203107,12128.906643147297,1,0.71798,0.7144282536416966,0.7215317463583033,0.72753,0.74017,49.211065303064444,0.0012521607820904072,AUDCHF_merged,-66.84902346502031
2018-08-23 23:00:00,2018-08-29 01:00:00,-1.1,30.0,0.4098733969063568,5855.334241519384,1,0.71798,0.7143014055574715,0.7216585944425284,0.72753,0.74017,49.211065303064444,0.0012521607820904072,AUDCHF_merged,-33.409873396906356
2018-08-29 05:00:00,2018-08-29 09:00:00,-1.1,30.0,0.5297061480540917,7567.230686487025,1,0.71331,0.7104821094695563,0.7161378905304437,0.72753,0.74017,33.68685782046878,0.0010128208391777813,AUDCHF_merged,-33.52970614805409
2018-08-29 05:00:00,2018-08-29 09:00:00,-1.1,30.0,0.511440418810847,7306.2916972978155,1,0.71331,0.7103811133791833,0.7162388866208167,0.72753,0.74017,33.68685782046878,0.0010128208391777813,AUDCHF_merged,-33.51144041881085
2018-08-30 00:00:00,2018-08-30 04:00:00,-1.1,30.0,0.9586974305675505,13695.677579536437,-1,114.965,115.21682762809438,114.66280684628676,110.705,113.177,71.0906045423185,0.13412536369948108,CHFJPY_merged,-33.958697430567554
2018-08-29 13:00:00,2018-08-30 04:00:00,-1.1,30.0,0.40689269807597905,5812.752829656844,1,0.70969,0.7060272431920082,0.7133527568079919,0.72753,0.74017,30.317843461440322,0.0012689754720381413,AUDCHF_merged,-33.40689269807598
2018-08-29 22:00:00,2018-08-30 04:00:00,-1.1,60.00000000000001,1.6118327468947586,23026.182098496552,-1,114.973,115.27258852798487,114.55357606082119,110.705,113.177,71.5867822971008,0.1446661022786869,CHFJPY_merged,-67.61183274689478
2018-08-29 22:00:00,2018-08-30 11:00:00,1.0,30.0,0.5558043954809512,7940.062792585017,-1,114.973,115.40740336557805,114.53859663442195,110.705,113.177,72.22117455434582,0.1446661022786869,CHFJPY_merged,29.44419560451905
2018-08-29 14:00:00,2018-08-30 17:00:00,1.0,30.0,0.4852915195004459,6932.735992863513,-1,114.899,115.39620197098927,114.40179802901073,110.705,113.177,76.77262006710589,0.1736741230321566,CHFJPY_merged,29.514708480499554
2018-08-30 03:00:00,2018-08-30 20:00:00,-1.1,30.0,0.4876196380580651,6965.99482940093,-1,1.7874,1.7950976801323024,1.7797023198676978,1.72819,1.78237,73.25671504863006,0.002740659227549222,GBPAUD_merged,-33.487619638058064
2018-08-30 04:00:00,2018-08-30 20:00:00,-1.1,30.0,0.47207192446870244,6743.884635267178,-1,1.78666,1.7946079117598928,1.778712088240107,1.72819,1.78237,67.26355618335104,0.0028341835684385554,GBPAUD_merged,-33.4720719244687
2018-08-30 16:00:00,2018-08-31 02:00:00,-1.1,15.0,0.3575775815433451,5108.251164904931,-1,1.79089,1.7961488154209329,1.7845794214948807,1.72819,1.78237,67.42201782869707,0.0028371666854018476,GBPAUD_merged,-16.857577581543346
2018-08-30 05:00:00,2018-08-31 03:00:00,-1.1,30.0,0.7764994522796641,11092.849318280916,1,0.96967,0.9670475808933003,0.9722924191066997,0.98671,0.99846,33.96887376767355,0.0009239655200789627,USDCHF_merged,-33.776499452279666
2018-08-30 04:00:00,2018-08-31 11:00:00,-1.1,59.99999999999999,1.165220225556952,16646.003222242172,-1,1.95414,1.961183636747789,1.9442789085530954,1.90685,1.94554,71.58737253140544,0.0035538313471877784,GBPNZD_merged,-67.16522022555695
2018-09-02 18:00:00,2018-09-02 21:00:00,-1.1,15.0,0.3230419366206863,4614.884808866947,-1,1.79623,1.8020683797463874,1.789223944304335,1.72819,1.78237,59.98162038273677,0.003244005424723693,GBPAUD_merged,-16.823041936620687
2018-08-30 04:00:00,2018-09-03 08:00:00,1.0,30.0,0.41615008055605424,5945.001150800776,-1,1.95414,1.9640010914469046,1.9442789085530954,1.90685,1.94554,73.58377533699091,0.0035538313471877784,GBPNZD_merged,29.583849919443946
2018-08-30 04:00:00,2018-09-03 08:00:00,1.0,30.0,0.4018000777782592,5740.001111117989,-1,1.95414,1.964353273284294,1.9439267267157059,1.90685,1.94554,73.58377533699091,0.0035538313471877784,GBPNZD_merged,29.598199922221742
2018-08-30 04:00:00,2018-09-03 21:00:00,-1.1,30.000000000000004,0.7229742582049253,10328.203688641792,-1,1.75554,1.7606392603929684,1.7484010354498445,1.71172,1.74862,65.17754336268082,0.002481085182449574,EURNZD_merged,-33.722974258204935
2018-08-30 04:00:00,2018-09-04 03:00:00,-1.1,30.000000000000004,0.5164101844320896,7377.288349029852,-1,1.75554,1.7626789645501557,1.7484010354498445,1.71172,1.74862,66.75181199823008,0.002481085182449574,EURNZD_merged,-33.5164101844321
2018-08-30 04:00:00,2018-09-04 03:00:00,-1.1,30.0,0.4986029366930519,7122.899095615027,-1,1.75554,1.7629339275698042,1.748146072430196,1.71172,1.74862,66.75181199823008,0.002481085182449574,EURNZD_merged,-33.498602936693054
2018-09-03 13:00:00,2018-09-04 12:00:00,1.0,29.999999999999996,0.5499469569295079,7856.3850989929715,1,1.24843,1.2436628075154055,1.2531971924845944,1.25921,1.3267,30.458208977872278,0.0016509566913196238,GBPCHF_merged,29.45005304307049
2018-09-03 13:00:00,2018-09-04 12:00:00,1.0,30.0,0.530983268759525,7585.4752679932135,1,1.24843,1.2434925506409555,1.2533674493590443,1.25921,1.3267,30.458208977872278,0.0016509566913196238,GBPCHF_merged,29.469016731240476
2018-09-07 04:00:00,2018-09-07 12:00:00,-1.1,30.0,0.303352608397941,4333.608691399158,1,79.263,78.71429102110227,79.81170897889774,79.7,83.922,36.97418479615477,0.19296981443037248,AUDJPY_merged,-33.303352608397944
2018-09-07 04:00:00,2018-09-07 12:00:00,-1.1,30.0,0.2928921736255982,4184.173908937118,1,79.263,78.69469427185592,79.83130572814409,79.7,83.255,36.97418479615477,0.19296981443037248,AUDJPY_merged,-33.292892173625596
2018-09-07 03:00:00,2018-09-07 16:00:00,-1.1,30.0,0.41485444480597483,5926.492068656784,1,0.93956,0.9348039318785103,0.9443160681214896,0.94174,0.99317,32.825809590361196,0.0016686960606981148,AUDCAD_merged,-33.414854444805975
2018-09-07 03:00:00,2018-09-07 16:00:00,-1.1,30.0,0.4005491191230101,5722.13027318586,1,0.93956,0.9346340723027428,0.9444859276972571,0.94174,0.98134,32.825809590361196,0.0016686960606981148,AUDCAD_merged,-33.40054911912301
2018-09-07 11:00:00,2018-09-10 05:00:00,1.0,30.0,0.5884001858586797,8405.716940838282,1,1.12063,1.116630472031521,1.124629527968479,1.12431,1.14532,38.305647247595715,0.0014170883568935199,EURCHF_merged,29.41159981414132
2018-09-07 08:00:00,2018-09-10 08:00:00,-1.1,29.999999999999996,0.3444227973219255,4920.325676027507,-1,1.8145,1.8255632920632092,1.8034367079367908,1.72819,1.78237,74.1195337381799,0.004138861990682782,GBPAUD_merged,-33.344422797321926
2018-09-09 20:00:00,2018-09-11 10:00:00,-1.1,30.0,0.434625024534158,6208.928921916544,1,0.93702,0.9324925524557426,0.9415474475442573,0.94174,0.99317,39.69495662479842,0.0015693065835547608,AUDCAD_merged,-33.43462502453416
2018-09-12 04:00:00,2018-09-12 11:00:00,1.0,30.0,0.5746290461851917,8208.986374074168,1,0.92897,0.9255750497917724,0.9323649502082275,0.94174,0.99317,39.23414473523296,0.0012308763445652482,AUDCAD_merged,29.42537095381481
2018-09-07 15:00:00,2018-09-12 11:00:00,1.0,30.0,0.3328998956060473,4755.712794372105,1,0.71089,0.7064055618259291,0.715374438174071,0.72022,0.7453,31.770374939193808,0.0015393289862990474,AUDUSD_merged,29.667100104393953
2018-09-12 05:00:00,2018-09-13 08:00:00,1.0,30.0,0.5994153452981197,8563.07636140171,1,0.85183,0.8488456870122998,0.8548143129877002,0.85615,0.87637,34.88907601089203,0.0010325527765332524,NZDCAD_merged,29.40058465470188
2018-09-13 20:00:00,2018-09-17 08:00:00,-1.1,30.0,0.5184367416793447,7406.239166847782,-1,115.934,116.4036067628451,115.4643932371549,110.705,115.292,73.30935421089745,0.16387979380067122,CHFJPY_merged,-33.518436741679345
2018-09-20 16:00:00,2018-09-20 17:00:00,1.2,15.0,0.35528308715233414,5075.472673604774,-1,75.17,75.39215664875192,74.9034120214977,72.251,75.041,69.96595598019293,0.13067604895932605,NZDJPY_merged,17.644716912847667
2018-09-20 20:00:00,2018-09-20 23:00:00,-1.1,30.0,0.6306068934654732,9008.669906649617,-1,75.156,75.4062789005884,74.85566531929393,72.251,75.041,70.07305404049409,0.13968355982734595,NZDJPY_merged,-33.630606893465476
2018-09-20 16:00:00,2018-09-21 02:00:00,-1.1,30.0,0.45679254062442975,6525.60772320614,-1,75.17,75.51557700916966,74.82442299083034,72.251,75.041,72.61264073779013,0.13067604895932605,NZDJPY_merged,-33.45679254062443
2018-09-21 03:00:00,2018-09-21 03:00:00,1.2,30.0,0.8228330885820153,11754.758408314505,-1,149.483,149.86450422528702,149.02519492965558,139.892,145.681,56.70218255238739,0.24702202098139464,GBPJPY_merged,35.177166911417984
2018-09-21 04:00:00,2018-09-21 08:00:00,1.2,30.0,0.7032719835117504,10046.742621596435,-1,148.906,149.3506396377665,148.3724324346802,139.892,145.681,56.75618237558728,0.2512347337684367,GBPJPY_merged,35.29672801648825
2018-09-21 05:00:00,2018-09-21 09:00:00,1.2,30.0,0.6950379630874666,9929.113758392381,-1,75.437,75.66492668661763,75.16348797605883,72.251,75.041,71.14178240463838,0.12415265579481428,NZDJPY_merged,35.304962036912535
2018-09-21 04:00:00,2018-09-21 11:00:00,1.2,30.0,0.7486763778077913,10695.376825825591,-1,132.695,133.0672028746465,132.24835655042418,127.861,130.863,68.23871278657573,0.2170808480319321,EURJPY_merged,35.25132362219221
2018-09-21 09:00:00,2018-09-21 12:00:00,1.0,30.0,0.5066447595937928,7237.782279911326,-1,117.865,118.35354053123622,117.37645946876377,110.705,115.292,65.53031866510527,0.17780170678752216,CHFJPY_merged,29.493355240406206
2018-09-21 09:00:00,2018-09-21 12:00:00,1.4,30.0,0.70930266343131,10132.895191875858,-1,117.865,118.21395752231159,117.37645946876377,113.856,115.292,65.89274873462114,0.17780170678752216,CHFJPY_merged,41.29069733656869
2018-09-21 04:00:00,2018-09-23 17:00:00,1.4,30.0,0.6738087400270121,9625.83914324303,-1,132.695,133.10855874960723,132.11601775054987,127.861,130.863,68.23871278657573,0.2170808480319321,EURJPY_merged,41.32619125997299
2018-09-21 04:00:00,2018-09-23 17:00:00,1.4,15.0,0.3029598033426889,4327.997190609842,-1,75.452,75.71350201817495,75.08589717455506,72.251,75.041,70.70307519509312,0.1266259370098001,NZDJPY_merged,20.697040196657312
2018-09-21 04:00:00,2018-09-23 17:00:00,1.0,15.0,0.24064597858107573,3437.799694015368,-1,132.695,133.2739822494501,132.11601775054987,127.861,130.863,69.25612359660589,0.2170808480319321,EURJPY_merged,14.759354021418924
2018-09-21 10:00:00,2018-09-23 17:00:00,1.2,30.000000000000004,0.7721841884832898,11031.202692618428,-1,117.682,118.00204307221755,117.29794831333895,113.856,115.292,60.105484969287204,0.18253015630269914,CHFJPY_merged,35.22781581151671
2018-09-25 10:00:00,2018-09-25 12:00:00,1.2,60.0,2.3711246646542046,33873.209495060066,-1,1.13713,1.1391442112606704,1.1347129464871955,1.1183,1.13434,62.096677891774604,0.0012162200947903265,EURCHF_merged,69.6288753353458
2018-10-01 10:00:00,2018-10-02 02:00:00,0.602466933627139,60.0,1.2566282227491195,17951.83175355885,-1,88.895,89.19211174175541,88.5384659098935,83.765,86.584,68.55004465609795,0.16941478741350766,CADJPY_merged,34.891387794879215
2018-10-01 13:00:00,2018-10-02 02:00:00,-0.35174913502393235,90.0,1.8135487733659168,25907.8396195131,1,1.48127,1.4761242872752853,1.487444855269658,1.47985,1.53702,23.366088754983764,0.002784534342114797,EURCAD_merged,-33.47097092551983
2018-10-01 16:00:00,2018-10-02 02:00:00,0.09343236567783146,60.0,1.1596192762686157,16565.989660980227,-1,0.76832,0.771102761606364,0.7649806860723631,0.73149,0.76778,67.52012785525685,0.001506980193759261,CADCHF_merged,4.446322664401272
2018-10-01 08:00:00,2018-10-02 02:00:00,0.5615559889344289,30.0,0.3915520375022996,5593.600535747138,-1,88.984,89.46124537763106,88.50675462236893,83.765,86.584,72.2996223537032,0.1699130078878547,CADJPY_merged,16.455127630530566
2018-10-01 09:00:00,2018-10-02 02:00:00,-0.11538941302137475,30.0,0.3576703445152059,5109.576350217228,-1,0.76754,0.772046479289427,0.763033520710573,0.73149,0.76778,74.34367720332736,0.0015752099684324492,CADCHF_merged,-3.819352735156448
2018-10-01 09:00:00,2018-10-02 02:00:00,-0.4461861898396908,30.000000000000004,0.442278873634389,6318.269623348415,1,0.92516,0.9207672150043367,0.9295527849956633,0.92711,0.99317,29.5335024510889,0.0015239337995822063,AUDCAD_merged,-13.827864568825117
2018-10-01 10:00:00,2018-10-02 02:00:00,-0.5389972284078698,30.0,0.4359387533476274,6227.696476394677,1,0.84731,0.8432283463586658,0.8513916536413342,0.84945,0.87196,34.86911302192223,0.0015207524830955156,NZDCAD_merged,-16.60585560558372
2018-10-01 17:00:00,2018-10-02 02:00:00,-0.46919763525553904,15.0,0.21237262557745276,3033.8946511064682,1,1.4829,1.4755683347452795,1.4902316652547207,1.47985,1.53702,30.78715162650909,0.002529276742636928,EURCAD_merged,-7.250337154410539
2018-10-01 09:00:00,2018-10-02 02:00:00,0.609135235062848,60.0,1.0990229784128724,15700.328263041038,-1,88.923,89.26282601577572,88.44724357791401,83.765,86.584,70.8155890197421,0.1650620787530072,CADJPY_merged,35.449091125358
2018-10-01 11:00:00,2018-10-02 02:00:00,-0.46550331967045927,60.00000000000001,0.9731389216194647,13901.984594563783,-1,0.76652,0.7698282470842317,0.7618884540820756,0.73149,0.76778,73.76005238827324,0.0017102575748218882,CADCHF_merged,-28.903338101847027
2018-10-03 19:00:00,2018-10-04 02:00:00,-1.1,15.000000000000002,0.27915193170051533,3987.884738578791,1,0.65095,0.6485015215107547,0.654622717733868,0.65008,0.6699,23.20563348939108,0.00104300629600542,NZDUSD_merged,-16.779151931700518
2018-10-05 07:00:00,2018-10-05 09:00:00,-1.1,15.0,0.30699880641667143,4385.697234523878,-1,1.84366,1.8499657020403286,1.8354625873475732,1.7922,1.83988,69.94267841253351,0.00275720889826925,GBPAUD_merged,-16.806998806416672
2018-10-05 05:00:00,2018-10-05 10:00:00,-1.1,15.000000000000002,0.3052043097041355,4360.061567201936,-1,1.8447,1.8510463553377658,1.8351804669933511,1.7922,1.83988,70.998053615585,0.0028086564737323755,GBPAUD_merged,-16.805204309704138
2018-10-07 17:00:00,2018-10-08 06:00:00,1.5,15.0,0.29704191725934376,4243.455960847768,-1,1.78851,1.7948321228752049,1.779026815687193,1.72143,1.78249,71.68305928484578,0.0024496456393617947,EURNZD_merged,22.202958082740658
2018-10-08 00:00:00,2018-10-08 06:00:00,1.5,60.00000000000001,0.9857967650465572,14082.810929236533,-1,2.03576,2.044433382083574,2.022749926874639,1.9542,2.00313,69.27368597849356,0.0033186847738989095,GBPNZD_merged,89.01420323495346
2018-10-08 00:00:00,2018-10-08 06:00:00,1.5,60.0,1.0402864544056016,14861.235062937167,-1,1.85777,1.8652704667867739,1.846519299819839,1.7922,1.83988,66.53106710153986,0.0028894590922303033,GBPAUD_merged,88.9597135455944
2018-10-08 00:00:00,2018-10-08 06:00:00,1.3,15.000000000000002,0.2826865365232613,4038.3790931894478,-1,1.85777,1.8646704294438319,1.8487994417230182,1.7922,1.83988,67.87521115622566,0.0028894590922303033,GBPAUD_merged,19.217313463476742
2018-10-08 02:00:00,2018-10-08 06:00:00,1.3,60.0,1.1744388773076635,16777.698247252338,-1,2.03385,2.0411234053385416,2.0243945730598965,1.9542,2.00313,66.38441903057002,0.0031357537081067375,GBPNZD_merged,76.82556112269233
2018-10-08 00:00:00,2018-10-08 06:00:00,1.5,15.0,0.2955359245470459,4221.941779243513,-1,1.85777,1.8643704107723609,1.8478693838414584,1.7922,1.83988,67.56087990311472,0.0028894590922303033,GBPAUD_merged,22.204464075452954
2018-10-08 01:00:00,2018-10-08 06:00:00,1.5,60.0,1.1704949101869602,16721.355859813717,-1,2.03474,2.0420411065025776,2.0237883402461336,1.9542,2.00313,69.0707445649465,0.003162350147191866,GBPNZD_merged,88.82950508981304
2018-10-11 03:00:00,2018-10-11 07:00:00,-1.1,90.0,1.8896003124250766,26994.290177501098,-1,1.72002,1.7257546127266952,1.7114180809099573,1.65953,1.72026,64.58891355468633,0.0025583105664622433,GBPCAD_merged,-100.88960031242509
2018-10-11 03:00:00,2018-10-11 08:00:00,-1.1,89.99999999999999,1.6628482749340674,23754.97535620096,-1,1.72002,1.7265366053712445,1.7102450919431333,1.65965,1.72026,63.8225395835567,0.0025583105664622433,GBPCAD_merged,-100.66284827493405
2018-10-10 19:00:00,2018-10-11 08:00:00,1.3,60.0,1.0625767811186992,15179.668301695705,-1,1.8686,1.875985932141052,1.8589982882166327,1.7922,1.83988,70.63205805694307,0.003136898069368753,GBPAUD_merged,76.9374232188813
2018-10-10 19:00:00,2018-10-11 08:00:00,1.5,60.00000000000001,1.1108757257150037,15869.653224500054,-1,1.8686,1.8756648046566584,1.8580027930150127,1.7922,1.83988,71.4501295733196,0.003136898069368753,GBPAUD_merged,88.88912427428501
2018-10-10 19:00:00,2018-10-11 10:00:00,1.5,90.00000000000001,1.7588817359039575,25126.88194148511,-1,1.63238,1.6382268933925876,1.6236096599111185,1.59853,1.63538,70.82439348612243,0.0022931318315325693,EURAUD_merged,133.24111826409606
2018-10-10 21:00:00,2018-10-11 10:00:00,1.5,90.0,1.4808909960684502,21155.58565812072,-1,1.86831,1.876258156232463,1.8563877656513053,1.7922,1.83988,73.21420648014646,0.003264315172057736,GBPAUD_merged,133.51910900393156
2018-10-10 18:00:00,2018-10-16 10:00:00,1.5,90.0,1.1713689865779284,16733.84266539898,1,86.013,85.55039435975416,86.70690846036877,86.209,86.584,24.563457218981515,0.17875352351988294,CADJPY_merged,133.82863101342207
2018-10-15 19:00:00,2018-10-19 04:00:00,-1.1,90.0,1.7789536479064427,25413.623541520617,1,1.08465,1.0808088122276025,1.090411781658596,1.08602,1.10019,34.41264933609893,0.0015145840297476148,AUDNZD_merged,-100.77895364790646
2018-11-01 18:00:00,2018-11-01 20:00:00,-1.1,90.0,1.361840057746835,19454.857967811928,-1,74.811,75.15708271163633,74.29187593254551,72.283,74.406,62.999231820699,0.1366878643220655,NZDJPY_merged,-100.36184005774685
2018-11-01 22:00:00,2018-11-02 00:00:00,-1.1,14.999999999999998,0.28795526231367286,4113.646604481041,-1,0.87082,0.873995357840844,0.867644642159156,0.8321,0.86906,67.15357599801385,0.0014281055821744105,NZDCAD_merged,-16.787955262313673
2018-11-01 22:00:00,2018-11-02 00:00:00,-1.1,14.999999999999998,0.20929308995832488,2989.9012851189273,-1,0.72127,0.7248885308370706,0.715842203744394,0.69693,0.71234,62.23197702134014,0.0011707357352837712,AUDCHF_merged,-16.709293089958326
2018-11-01 22:00:00,2018-11-02 00:00:00,-1.1,15.0,0.1707688665342108,2439.5552362030116,-1,74.96,75.42090368576775,74.31473483992514,72.283,74.406,64.32930157642288,0.154303521785258,NZDJPY_merged,-16.67076886653421
2018-11-02 05:00:00,2018-11-02 09:00:00,1.0,29.999999999999996,0.4989484928208054,7127.835611725792,-1,0.7234,0.7264446830120912,0.7203553169879089,0.70411,0.71593,71.12481888365474,0.001394379193415107,AUDUSD_merged,29.50105150717919
2018-11-02 03:00:00,2018-11-04 17:00:00,1.0,15.0,0.20836229036562146,2976.604148080307,-1,75.445,75.8251899559704,75.06481004402958,72.283,75.538,66.15245510502709,0.1741840723251737,NZDJPY_merged,14.79163770963438
2018-11-02 04:00:00,2018-11-05 13:00:00,-1.1,30.0,0.5281213325117221,7544.590464453173,-1,0.87066,0.8741220567044778,0.8671979432955221,0.8321,0.86906,56.89776730304388,0.0015412576999419792,NZDCAD_merged,-33.52812133251172
2018-11-02 10:00:00,2018-11-06 19:00:00,-1.1,30.000000000000004,0.4280094953827355,6114.421362610508,-1,0.72133,0.7248691574634237,0.7177908425365763,0.70411,0.71593,55.99210763005702,0.0016016573709255685,AUDUSD_merged,-33.428009495382746
2018-11-07 02:00:00,2018-11-07 08:00:00,-1.1,30.0,0.40834516549181094,5833.5023641687285,-1,76.393,76.78586690172219,76.00013309827781,72.283,75.538,62.02850396734254,0.17824901696066126,NZDJPY_merged,-33.40834516549181
2018-11-08 04:00:00,2018-11-11 17:00:00,1.5,15.0,0.25594041470684065,3656.2916386691522,-1,0.73015,0.7331454530662074,0.7256568204006889,0.69693,0.71234,64.537702305025,0.0009828783300165772,AUDCHF_merged,22.244059585293158
2018-11-12 07:00:00,2018-11-12 08:00:00,-1.1,15.0,0.3256585102388024,4652.264431982891,1,1.91226,1.9060944218349227,1.9184255781650774,1.9542,2.04725,22.969161319618667,0.0029180687060391753,GBPNZD_merged,-16.825658510238803
2018-11-12 09:00:00,2018-11-12 10:00:00,-1.1,14.999999999999998,0.2451270033072093,3501.814332960133,1,1.29198,1.2864458116743676,1.2975141883256323,1.29217,1.32574,39.5642275744271,0.0026072872802993695,GBPUSD_merged,-16.74512700330721
2018-11-08 04:00:00,2018-11-13 02:00:00,-1.1,60.0,0.7421398721097243,10601.998172996062,-1,0.88815,0.8931763166556405,0.8806105250165392,0.8321,0.86906,57.570421657208804,0.0016521932505553986,NZDCAD_merged,-66.74213987210972
2018-11-08 04:00:00,2018-11-14 02:00:00,-1.1,30.0,0.3811924039193532,5445.605770276475,-1,0.67971,0.6834545420877327,0.674093186868401,0.63705,0.65166,63.583837524661575,0.0012033106462029579,NZDCHF_merged,-33.38119240391935
2018-11-15 04:00:00,2018-11-16 04:00:00,1.5,30.0,0.4304913401663893,6149.876288091276,-1,0.96264,0.9673358993396213,0.9555961509905683,0.91751,0.94898,58.75635364838213,0.0016127783670256113,AUDCAD_merged,44.56950865983361
2018-11-14 21:00:00,2018-11-16 05:00:00,1.4,15.0,0.1957234461927184,2796.0492313245486,-1,0.96227,0.9674323018072404,0.9550427774698633,0.91751,0.93653,65.25537743327536,0.001655712464145853,AUDCAD_merged,20.80427655380728
2018-11-09 13:00:00,2018-11-16 09:00:00,1.5,15.0,0.28842619674148384,4120.374239164055,-1,1.32213,1.3269431428964626,1.314910285655306,1.27817,1.30816,63.24288608691963,0.0015590680393812776,USDCAD_merged,22.211573803258517
2018-11-21 02:00:00,2018-11-21 13:00:00,1.0,15.0,0.4689533077036548,6699.332967195069,-1,1.32922,1.332196161969801,1.326243838030199,1.27817,1.30816,66.23908486815961,0.0013190294028380804,USDCAD_merged,14.531046692296345
2018-11-21 01:00:00,2018-11-21 14:00:00,1.4,60.0,1.3638608446505447,19483.72635215064,-1,1.33008,1.334175972123484,1.3243456390271222,1.2916,1.30816,64.67340495475842,0.001352800895364087,USDCAD_merged,82.63613915534945
2018-11-21 02:00:00,2018-11-21 16:00:00,1.5,60.0,1.3755963692640543,19651.376703772206,-1,1.32922,1.3332784026860924,1.3231323959708616,1.27817,1.30816,64.69032565725503,0.0013190294028380804,USDCAD_merged,88.62440363073594
2018-11-20 16:00:00,2018-11-22 15:00:00,1.5,30.000000000000004,0.5170187268861559,7385.981812659371,-1,1.51272,1.5188642880785623,1.5035035678821569,1.4776,1.51341,64.04488961710744,0.0019925177386025694,EURCAD_merged,44.48298127311385
2018-11-27 14:00:00,2018-11-28 09:00:00,-1.1,30.0,0.7419972605997538,10599.96086571077,-1,1.33007,1.3338343629543084,1.3263056370456918,1.27817,1.30816,63.320139600050666,0.0017038544937015888,USDCAD_merged,-33.74199726059975
2018-11-27 14:00:00,2018-11-28 10:00:00,-1.1,60.0,1.088262648879639,15546.60926970913,-1,1.33007,1.3352032222104206,1.3223701666843692,1.27817,1.30816,61.671497444046736,0.0017038544937015888,USDCAD_merged,-67.08826264887963
2018-11-27 14:00:00,2018-11-28 10:00:00,-1.1,60.0,1.088262648879639,15546.60926970913,-1,1.33007,1.3352032222104206,1.3228834889054113,1.2916,1.30816,61.671497444046736,0.0017038544937015888,USDCAD_merged,-67.08826264887963
2018-11-28 13:00:00,2018-11-30 05:00:00,-1.1,30.0,0.6449378269255728,9213.397527508183,-1,1.32748,1.3318024445576235,1.3231575554423765,1.27817,1.30816,39.97636810672325,0.0021079798457502006,USDCAD_merged,-33.64493782692557
2018-11-28 21:00:00,2018-11-30 11:00:00,-1.1,30.0,0.37396015565740387,5342.287937962913,-1,77.591,78.02671780986547,76.93742328520176,72.37,75.538,56.8910541469885,0.14336503638693587,NZDJPY_merged,-33.37396015565741
2018-11-28 21:00:00,2018-11-30 11:00:00,-1.1,60.0,0.7479203113148077,10684.575875925826,-1,77.591,78.02671780986547,76.98099506618831,72.37,77.718,56.8910541469885,0.14336503638693587,NZDJPY_merged,-66.74792031131481
2018-11-29 06:00:00,2018-12-02 17:00:00,-1.2750651895247023,29.999999999999996,0.5024977829151183,7178.539755930262,-1,0.97134,0.9753993492535759,0.9656569110449938,0.91751,0.93653,68.23753743899924,0.0013686081022972808,AUDCAD_merged,-38.75445346865619
2018-11-28 17:00:00,2018-12-02 17:00:00,-1.6405074688043562,60.0,0.6544600609527058,9349.429442181512,-1,0.73031,0.7349967672803974,0.723279849079404,0.70207,0.71593,64.19717303019286,0.0015142374915515663,AUDUSD_merged,-99.08490818921408
2018-12-03 07:00:00,2018-12-04 12:00:00,1.0,14.999999999999998,0.24452495701704488,3493.21367167207,-1,0.7372,0.7403655664495058,0.7340344335504941,0.70207,0.71593,62.368802963675385,0.0013846871377784062,AUDUSD_merged,14.755475042982953
2018-12-02 22:00:00,2018-12-04 12:00:00,1.5,15.0,0.150431840799575,2149.026297136786,-1,83.578,84.16136652356013,82.7029502146598,78.561,83.044,62.12990621228729,0.18470868586385233,AUDJPY_merged,22.349568159200427
2018-12-03 10:00:00,2018-12-04 13:00:00,1.5,60.0,0.8403403654218977,12004.862363169968,-1,78.617,79.00992578767679,78.02761131848482,72.37,75.538,65.80300527155072,0.13547702951900636,NZDJPY_merged,89.1596596345781
2018-12-03 07:00:00,2018-12-04 19:00:00,1.5,30.0,0.3821827558120976,5459.753654458537,-1,0.73641,0.740456391357229,0.7303404129641566,0.69693,0.73416,64.80238675708944,0.001304597324856561,AUDCHF_merged,44.617817244187904
2018-12-04 21:00:00,2018-12-05 10:00:00,-1.1,30.0,0.6717006125956226,9595.723037080325,-1,0.92001,0.9228863126961194,0.9171336873038806,0.8321,0.86906,63.92094829693017,0.0012768852288816,NZDCAD_merged,-33.67170061259562
2018-12-04 21:00:00,2018-12-05 10:00:00,-1.1,60.0,0.98516089847358,14073.727121051144,-1,0.92001,0.9239322445856174,0.9141266331215738,0.8321,0.86906,62.99680448662425,0.0012768852288816,NZDCAD_merged,-66.98516089847358
2018-12-05 06:00:00,2018-12-05 10:00:00,-1.1,60.0,1.4829256588297826,21184.652268996895,-1,1.32839,1.3321523180681913,1.3227465228977129,1.27817,1.30816,61.99595088354797,0.001233812735392585,USDCAD_merged,-67.48292565882979
2018-12-04 22:00:00,2018-12-05 20:00:00,-1.1,30.000000000000004,0.6218532676845415,8883.618109779165,1,1.05502,1.051457194889641,1.0585828051103592,1.0589,1.09936,32.14965945495777,0.001553781377748972,AUDNZD_merged,-33.62185326768455
2018-12-03 05:00:00,2018-12-05 21:00:00,1.5,30.0,0.40515817796855175,5787.973970979311,-1,0.69041,0.6939885060720471,0.6850422408919293,0.63705,0.68882,65.32346157972295,0.0011776328318240995,NZDCHF_merged,44.59484182203145
2018-12-05 17:00:00,2018-12-06 03:00:00,-1.1,59.99999999999999,0.9473521912107631,13533.60273158233,-1,1.33547,1.3413906850968818,1.326588972354677,1.27817,1.30816,64.66050030151162,0.0019018787204634624,USDCAD_merged,-66.94735219121077
2018-12-06 00:00:00,2018-12-06 09:00:00,-1.1,30.000000000000004,0.48683074461179027,6954.724923025576,-1,1.51929,1.5258436308774914,1.5094595536837627,1.48469,1.51685,64.42414258249592,0.00209779050969974,EURCAD_merged,-33.486830744611794
2018-12-06 12:00:00,2018-12-07 08:00:00,1.4,15.0,0.199330171464167,2847.573878059529,-1,1.52586,1.533897684351704,1.5146072419076144,1.48469,1.51685,63.98527414622348,0.0026835689660036004,EURCAD_merged,20.800669828535835
2018-12-06 13:00:00,2018-12-07 09:00:00,1.5,15.0,0.19885123384575765,2840.731912082252,-1,1.52466,1.5327107068980108,1.5125839396529837,1.48469,1.51685,61.94803594776469,0.002674742611289066,EURCAD_merged,22.301148766154242
2018-12-06 15:00:00,2018-12-07 13:00:00,-1.1,30.000000000000004,0.4562084153460282,6517.263076371832,-1,1.57476,1.5820088711053075,1.5646115804525693,1.5521,1.57801,63.846273319869155,0.0024544124849761677,EURAUD_merged,-33.45620841534603
2018-12-10 04:00:00,2018-12-10 06:00:00,-1.1,30.0,0.5041803159987125,7202.575942838751,-1,0.89746,0.9011980792946404,0.8918528810580395,0.86557,0.89318,60.54839384952805,0.0012520245435791498,EURGBP_merged,-33.50418031599871
2018-12-09 21:00:00,2018-12-11 18:00:00,1.5,30.0,0.3375478900277694,4822.112714682421,-1,1.5841,1.5939552238016548,1.569317164297518,1.5521,1.57801,60.9970640054355,0.003176854986226462,EURAUD_merged,44.66245210997223
2018-12-11 08:00:00,2018-12-12 07:00:00,1.5,30.0,0.5853580591004206,8362.257987148867,-1,114.507,114.91779933258209,113.89080100112687,112.191,113.743,60.39648258177976,0.13579503151350347,CHFJPY_merged,44.41464194089958
2018-12-10 17:00:00,2018-12-13 08:00:00,1.5,30.0,0.3442236640425924,4917.480914894178,-1,0.90366,0.9091729446294117,0.8953905830558826,0.86557,0.89318,63.50935205878658,0.0018006733376750327,EURGBP_merged,44.655776335957405
2018-12-19 05:00:00,2018-12-20 02:00:00,-1.1,60.0,1.0406299754400077,14866.142506285825,-1,1.53368,1.5398699581522974,1.5243950627715537,1.49136,1.51685,65.34223530828824,0.0022209394280920764,EURCAD_merged,-67.04062997544001
2019-04-22 17:00:00,2019-04-23 03:00:00,-1.1,15.0,0.7124005992867714,10177.15141838245,-1,1.14263,1.1443141107393806,1.1401038338909293,1.11611,1.13932,60.15201387901292,0.0006148438002844699,EURCHF_merged,-17.21240059928677
2019-04-24 08:00:00,2019-04-24 10:00:00,-1.1,15.0,0.428094301947984,6115.6328849712,-1,1.34428,1.3475771567095782,1.3393342649356326,1.32502,1.34505,63.345000435092146,0.0011005485053456401,USDCAD_merged,-16.928094301947983
2019-04-24 01:00:00,2019-04-25 07:00:00,-1.1,14.999999999999998,0.4996625442854238,7138.036346934626,-1,1.02017,1.022313803877739,1.0169542941833916,0.98943,1.01239,62.30363590141324,0.000691415485966825,USDCHF_merged,-16.999662544285425
2019-04-23 14:00:00,2019-04-26 08:00:00,-1.1,15.0,0.39436526242787645,5633.789463255378,-1,1.02017,1.0228862090631547,1.016095686405268,0.98943,1.01239,67.08193723487838,0.000896150685246594,USDCHF_merged,-16.894365262427876
2019-04-30 13:00:00,2019-04-30 18:00:00,-1.1,15.0,0.26491397466889094,3784.485352412728,-1,1.95271,1.9604496653104566,1.941100502034315,1.92588,1.95116,66.07964871687874,0.0025953608136930133,GBPNZD_merged,-16.76491397466889
2019-04-30 13:00:00,2019-04-30 18:00:00,-1.1,30.0,0.5121670176931893,7316.671681331277,-1,1.95271,1.9607165503211619,1.9407001745182568,1.92588,1.95116,62.75450720888776,0.0025953608136930133,GBPNZD_merged,-33.51216701769319
2019-05-01 14:00:00,2019-05-01 14:00:00,-1.1,30.0,0.4602323847119954,6574.748353028506,-1,1.96167,1.9706209281329212,1.9482436078006182,1.92588,1.95116,68.44819292139745,0.0034412396601899036,GBPNZD_merged,-33.46023238471199
2019-04-30 11:00:00,2019-05-05 17:00:00,1.5,15.0,0.3859111337280688,5513.016196115269,-1,1.14166,1.1447662669491279,1.137000599576308,1.11611,1.13932,60.78832971714823,0.0010471778652062953,EURCHF_merged,22.11408886627193
2019-05-09 13:00:00,2019-05-13 07:00:00,-1.1,15.0,0.23601119785947433,3371.588540849634,-1,1.60497,1.6121104175534222,1.5942593736698667,1.56828,1.60767,54.99049581509162,0.0023387006712973614,EURAUD_merged,-16.736011197859476
2019-05-13 14:00:00,2019-05-15 21:00:00,-1.1,15.0,0.2153286595037586,3076.1237071965515,1,0.69864,0.6952332449415207,0.703750132587719,0.70226,0.72728,25.943199234410802,0.001187261471926872,AUDCHF_merged,-16.715328659503758
2019-05-21 13:00:00,2019-05-23 04:00:00,1.5,15.0,0.21436027376545297,3062.289625220757,-1,1.95713,1.9667166013972743,1.9427500979040886,1.92588,1.95116,56.090983622482334,0.0032681728611962304,GBPNZD_merged,22.285639726234546
2019-05-22 11:00:00,2019-05-24 08:00:00,-1.1,30.0,0.532167919339699,7602.398847709986,-1,0.88124,0.8847174813226175,0.8760237780160738,0.84899,0.86816,55.76878538914178,0.0013006220983750466,EURGBP_merged,-33.5321679193397
2019-06-04 05:00:00,2019-06-05 05:00:00,-1.1,15.0,0.31717934464241765,4531.133494891681,-1,1.12479,1.128513538496277,1.1192046922555843,1.11111,1.12647,63.27499876549596,0.0012389523917048276,EURUSD_merged,-16.81717934464242
2019-06-04 05:00:00,2019-06-05 10:00:00,1.5,30.0,0.7447621043855711,10639.458634079589,-1,0.88894,0.8914465373076951,0.8851801940384572,0.84899,0.86816,56.67256025459225,0.0009168715517250501,EURGBP_merged,44.25523789561443
2019-06-12 03:00:00,2019-06-12 21:00:00,1.5,60.0,1.52131245834518,21733.03511921686,-1,1.72267,1.7274259026814716,1.7155361459777925,1.62853,1.71963,61.907210081601924,0.001659254553180568,EURNZD_merged,88.47868754165482
2019-06-12 04:00:00,2019-06-13 22:00:00,-1.1,15.0,0.36317001441696395,5188.1430630994855,-1,1.72169,1.7266677636595416,1.7142233545106873,1.62853,1.71963,63.68734468048661,0.0016507363708105184,EURNZD_merged,-16.863170014416966
2019-06-07 12:00:00,2019-06-14 08:00:00,1.5,30.0,0.4988134192573355,7125.905989390508,-1,1.1324,1.1371673937953406,1.1252489093069893,1.1107,1.13239,69.23565789902712,0.001659362545306069,EURUSD_merged,44.50118658074266
2019-06-17 14:00:00,2019-06-17 21:00:00,-1.1,60.0,1.7158318332274933,24511.883331821336,-1,1.63722,1.6412275745576217,1.6312086381635673,1.60499,1.62612,65.76784814012036,0.0013424992425882546,EURAUD_merged,-67.7158318332275
2019-06-18 03:00:00,2019-06-18 05:00:00,1.5,60.0,1.7075773625778412,24393.962322540592,-1,0.89593,0.8981336518417645,0.8926245222373532,0.84899,0.86816,69.4567990147166,0.0007734599493334557,EURGBP_merged,88.29242263742216
2019-06-18 06:00:00,2019-06-19 10:00:00,1.5,90.0,1.9730345394203217,28186.2077060046,-1,0.89286,0.8957109475569812,0.8885835786645281,0.84899,0.86816,50.451814311281794,0.0009921506955851344,EURGBP_merged,133.02696546057967
2019-06-18 05:00:00,2019-06-20 02:00:00,0.42205279625782205,90.00000000000001,1.760321041166675,25147.443445238216,-1,1.63524,1.6410923483836632,1.6264614774245054,1.60499,1.62612,45.34565750135229,0.0019617617977246383,EURAUD_merged,36.22443062203731
2019-06-18 05:00:00,2019-06-20 02:00:00,0.4079843697158947,14.999999999999998,0.28360727885463094,4051.5325550661564,-1,1.63524,1.6412941535003411,1.6261587697494884,1.60499,1.62612,48.352833852558184,0.0019617617977246383,EURAUD_merged,5.836158266883789
2019-06-20 02:00:00,2019-06-20 06:00:00,-1.1,14.999999999999998,0.38116539878228733,5445.219982604105,1,1.32319,1.3195449957461025,1.327564005104677,1.33571,1.35644,18.443563735425084,0.0013628586058377899,USDCAD_merged,-16.881165398782287
2019-06-20 02:00:00,2019-06-20 06:00:00,-1.1,15.0,0.36755234882577714,5250.747840368245,1,1.32319,1.3194099955885508,1.3273480048525943,1.32377,1.35644,18.443563735425084,0.0013628586058377899,USDCAD_merged,-16.86755234882578
2019-06-20 13:00:00,2019-06-21 11:00:00,-1.1,15.0,0.30318605913444024,4331.22941620629,-1,109.437,109.81600439857971,108.9063938419884,107.92,109.626,69.67443311782343,0.14791591947246216,CHFJPY_merged,-16.80318605913444
2019-06-20 13:00:00,2019-06-21 11:00:00,-1.1,15.0,0.28072783253188915,4010.3976075984165,-1,109.437,109.84632475046608,108.90487782439409,107.92,109.626,68.6769377967275,0.14791591947246216,CHFJPY_merged,-16.780727832531888
2019-06-24 13:00:00,2019-06-25 03:00:00,1.1,60.0,1.1697458165108707,16710.65452158387,-1,110.322,110.7181137483544,109.88627487681016,107.92,109.752,67.88894024908426,0.1264637792525517,CHFJPY_merged,64.83025418348913
2019-06-24 13:00:00,2019-06-25 03:00:00,1.0,15.0,0.3025204697872942,4321.720996961346,-1,110.322,110.7049099567426,109.93909004325741,107.92,109.752,68.42984019078509,0.1264637792525517,CHFJPY_merged,14.697479530212705
2019-06-30 20:00:00,2019-06-30 21:00:00,1.1,15.0,0.24133428490843628,3447.63264154909,-1,76.109,76.44013591809103,75.74475049009985,73.929,76.017,59.962622511128906,0.13188691161182475,AUDJPY_merged,16.258665715091563
2019-06-30 20:00:00,2019-06-30 21:00:00,1.1,60.0,0.9009813303248289,12871.16186178327,-1,76.109,76.46378848366896,75.71873266796412,73.929,76.017,60.31773240352196,0.13188691161182475,AUDJPY_merged,65.09901866967517
2019-06-30 20:00:00,2019-06-30 21:00:00,1.0,60.0,0.9320496520601674,13314.995029430964,-1,76.109,76.45196220088,75.76603779911999,73.929,76.017,59.962622511128906,0.13188691161182475,AUDJPY_merged,59.067950347939835
2019-06-23 17:00:00,2019-07-01 03:00:00,1.1,15.0,0.27082979766537374,3868.9971095053397,-1,1.13695,1.1413579252367754,1.1321012822395469,1.1107,1.13477,70.67788101221825,0.0014150720970971735,EURUSD_merged,16.229170202334625
2019-06-30 21:00:00,2019-07-01 13:00:00,1.1,30.0,0.4893180033342006,6990.257190488581,-1,72.649,72.96078681135874,72.30603450750537,70.265,72.259,58.61775766848353,0.1208986874404017,NZDJPY_merged,32.5106819966658
2019-06-30 21:00:00,2019-07-01 13:00:00,1.0,60.0,0.9448899374729388,13498.427678184842,-1,72.649,72.97192205462156,72.32607794537844,70.265,72.259,58.61775766848353,0.1208986874404017,NZDJPY_merged,59.05511006252706
2019-06-30 21:00:00,2019-07-01 17:00:00,1.1,90.0,1.3700904093357615,19572.720133368024,-1,72.649,72.98305729788437,72.28153697232719,70.265,72.259,59.54763232946774,0.1208986874404017,NZDJPY_merged,97.62990959066425
2019-07-12 16:00:00,2019-07-15 18:00:00,-1.1,15.0,0.32361195311280344,4623.027901611478,-1,0.70201,0.704287760425441,0.6990489114469268,0.68314,0.70218,67.05739283496594,0.0008226424743579985,AUDUSD_merged,-16.823611953112803
2019-07-12 16:00:00,2019-07-15 18:00:00,-1.1,15.000000000000002,0.34950090936182776,4992.870133740397,-1,0.70201,0.7041190374309638,0.6990573475966506,0.68314,0.70218,67.58721161246957,0.0008226424743579985,AUDUSD_merged,-16.849500909361833
2019-07-16 08:00:00,2019-07-17 02:00:00,-1.1,15.000000000000002,0.325687815019637,4652.683071709101,1,1.24294,1.2389328282858192,1.2485500403998528,1.25058,1.27836,21.66984308221758,0.0016505209224099676,GBPUSD_merged,-16.82568781501964
2019-07-16 10:00:00,2019-07-17 03:00:00,-1.1,15.0,0.29355620728078957,4193.66010401128,1,1.85051,1.84389104440714,1.8591146422707183,1.90835,1.94134,22.821932817915506,0.0025399318176503346,GBPNZD_merged,-16.79355620728079
2019-07-16 10:00:00,2019-07-17 03:00:00,-1.1,15.0,0.31704070386325284,4529.152912332183,1,1.85051,1.8443813374140186,1.8590901276203744,1.90835,1.94134,22.4855737106348,0.0025399318176503346,GBPNZD_merged,-16.817040703863253
2019-07-16 13:00:00,2019-07-19 07:00:00,1.4,15.0,0.3110017921430839,4442.882744901199,1,1.76876,1.7627883366626211,1.7771203286723307,1.81171,1.84219,25.691273218973663,0.002403046382455042,GBPAUD_merged,20.688998207856915
2019-07-18 13:00:00,2019-07-19 08:00:00,-1.1,30.000000000000004,0.7407945237559317,10582.778910799025,-1,0.92061,0.9232197398644337,0.9169563641897929,0.91047,0.92049,63.053064798715255,0.0010243319496467823,AUDCAD_merged,-33.74079452375594
2019-07-18 13:00:00,2019-07-19 08:00:00,-1.1,15.000000000000002,0.34296042766478313,4899.434680925474,-1,0.92061,0.9234285190535884,0.9169459252303351,0.91047,0.92049,62.57835274722462,0.0010243319496467823,AUDCAD_merged,-16.842960427664785
2019-07-18 19:00:00,2019-07-22 19:00:00,1.1,60.00000000000001,1.0381833556844562,14831.190795492234,-1,0.6769,0.6796384180110705,0.6738877401878223,0.65665,0.67265,65.75649640531654,0.0009667202587734068,NZDUSD_merged,64.96181664431556
2019-07-18 19:00:00,2019-07-22 20:00:00,1.2,15.0,0.2691586477700441,3845.123539572059,-1,0.6769,0.679540617367818,0.6737312591586183,0.64878,0.67265,65.75649640531654,0.0009667202587734068,NZDUSD_merged,17.730841352229955
2019-07-18 19:00:00,2019-07-22 21:00:00,1.1,89.99999999999999,1.4534566979582382,20763.66711368912,-1,0.6769,0.6798340192975756,0.6736725787726667,0.65665,0.67265,65.1428818643928,0.0009667202587734068,NZDUSD_merged,97.54654330204174
2019-07-18 19:00:00,2019-07-23 00:00:00,1.4,30.0,0.6014462704780245,8592.089578257493,-1,0.70566,0.7081238709602807,0.7022105806556068,0.68314,0.70474,66.3563931174564,0.0009944377852471604,AUDUSD_merged,41.39855372952198
2019-07-29 06:00:00,2019-07-29 07:00:00,-1.1,29.999999999999996,0.7759172536947961,11084.532195639946,1,1.23342,1.2300817806374764,1.2380935071075327,1.25058,1.27836,20.662892315783846,0.0014656243346515762,GBPUSD_merged,-33.77591725369479
2019-07-29 06:00:00,2019-07-29 08:00:00,-1.1,15.0,0.35922095078462785,5131.727868351827,1,1.23342,1.2298147230884746,1.238106859984983,1.25058,1.27836,21.693453922900837,0.0014656243346515762,GBPUSD_merged,-16.85922095078463
2019-07-29 12:00:00,2019-07-29 21:00:00,-1.1,29.999999999999996,0.483042153024963,6900.602186070901,1,133.175,132.59602878962295,133.9855596945279,135.373,137.784,20.21587382335202,0.23383216385433395,GBPJPY_merged,-33.48304215302496
2019-07-29 10:00:00,2019-07-29 21:00:00,-1.1,59.99999999999999,0.9519135721585967,13598.765316551384,1,1.61244,1.605325648237326,1.6209772221152092,1.69019,1.77273,19.415383569686238,0.002860306161766269,GBPCAD_merged,-66.9519135721586
2019-07-29 10:00:00,2019-07-29 21:00:00,-1.1,60.0,0.9179166588672186,13113.095126674552,1,1.61244,1.6050621537275973,1.6205556308996432,1.61449,1.77273,19.415383569686238,0.002860306161766269,GBPCAD_merged,-66.91791665886721
2019-07-30 03:00:00,2019-07-30 09:00:00,1.4,30.0,0.5139975778455206,7342.822540650295,1,1.83265,1.8251624841713618,1.8431325221600934,1.90835,1.94134,31.990384459939005,0.0033025058792084732,GBPNZD_merged,41.48600242215448
2019-07-30 03:00:00,2019-07-30 09:00:00,1.3,15.0,0.23796184159514844,3399.454879930692,1,1.83265,1.8245634829050708,1.843162472223408,1.90835,1.94134,31.637932714713266,0.0033025058792084732,GBPNZD_merged,19.262038158404852
2019-07-30 03:00:00,2019-07-30 09:00:00,1.3,30.0,0.4623136980517111,6604.48140073873,1,1.76056,1.7525628845877146,1.770956250035971,1.81171,1.84219,31.539350322267723,0.003197473554489684,GBPAUD_merged,38.53768630194829
2019-07-30 03:00:00,2019-07-31 09:00:00,1.4,30.0,0.4843734923071095,6919.621318672994,1,1.21462,1.2093540181894538,1.2219923745347647,1.25058,1.27836,28.68128270152936,0.002248793243917176,GBPUSD_merged,41.51562650769289
2019-07-30 03:00:00,2019-07-31 09:00:00,1.3,30.000000000000004,0.44849397435843474,6407.056776549069,1,1.21462,1.2089327396446101,1.222013438462007,1.25058,1.27836,28.110549795139452,0.002248793243917176,GBPUSD_merged,38.55150602564157
2019-07-30 03:00:00,2019-07-31 10:00:00,1.4,30.0,0.4434125338442662,6334.464769203803,1,131.949,131.3240900598193,132.823873916253,135.373,137.784,28.95396839826388,0.26696654920998014,GBPJPY_merged,41.55658746615573
2019-07-30 03:00:00,2019-07-31 10:00:00,1.3,60.00000000000001,0.8211343219338263,11730.490313340377,1,131.949,131.27409726460485,132.82637355601375,135.373,137.784,28.66464426587862,0.26696654920998014,GBPJPY_merged,77.17886567806619
2019-07-30 03:00:00,2019-07-31 14:00:00,1.4,15.000000000000002,0.2502932590722033,3575.6179867457618,1,1.59949,1.5927800130581804,1.6088839817185479,1.69019,1.77273,28.386613099402535,0.0028679951498187797,GBPCAD_merged,20.749706740927795
2019-08-01 01:00:00,2019-08-01 08:00:00,1.4,30.0,0.7183701193073089,10262.430275818699,-1,109.182,109.50117001255715,108.73516198241998,106.778,108.99,68.8837247431126,0.12254886180694377,USDJPY_merged,41.28162988069269
2019-08-01 01:00:00,2019-08-01 08:00:00,1.3,60.0,1.3303150357542755,19004.500510775364,-1,109.182,109.52670361356174,108.73388530236976,106.778,108.99,68.2257125520878,0.12254886180694377,USDJPY_merged,76.66968496424572
2019-07-30 05:00:00,2019-08-01 17:00:00,-1.1,60.0,0.8277208381337204,11824.583401910293,1,1.20549,1.1993731333382691,1.2134419266602499,1.23398,1.33996,30.299069550644607,0.002279398587367716,GBPCHF_merged,-66.82772083813371
2019-07-30 05:00:00,2019-08-01 17:00:00,-1.1,60.0,0.8939385051844182,12770.550074063118,1,1.20549,1.1998262345724715,1.21341927159854,1.23398,1.33996,31.087126283948837,0.002279398587367716,GBPCHF_merged,-66.89393850518442
2019-08-02 09:00:00,2019-08-04 20:00:00,-1.1,60.0,0.8116989384312884,11595.699120446978,1,0.64279,0.6394639909686003,0.6471138117408196,0.64246,0.66712,23.487695880836508,0.0013310083970422316,NZDCHF_merged,-66.81169893843129
2019-08-02 09:00:00,2019-08-04 20:00:00,-1.1,60.0,0.6862759962404696,9803.942803435282,1,69.756,69.32909420465678,70.31097753394619,70.265,72.93,22.89826396257639,0.17831945342491687,NZDJPY_merged,-66.68627599624047
2019-08-02 09:00:00,2019-08-04 20:00:00,-1.1,60.0,0.7411780759397074,10588.258227710106,1,69.756,69.36071685616368,70.30939640137085,70.265,72.93,22.354371589495678,0.17831945342491687,NZDJPY_merged,-66.7411780759397
2019-08-02 09:00:00,2019-08-04 20:00:00,-1.1,30.0,0.4383174267528957,6261.6775250413675,1,0.64279,0.6397103620079633,0.6471014931888515,0.64246,0.66712,22.678009127493308,0.0013310083970422316,NZDCHF_merged,-33.438317426752896
2019-08-02 14:00:00,2019-08-05 02:00:00,-1.1,30.0,0.8392728501883471,11989.612145547817,1,1.0912,1.088469636448402,1.0950225089722372,1.10565,1.1264,23.39941058916347,0.0010612778905935364,EURCHF_merged,-33.839272850188344
2019-08-02 14:00:00,2019-08-05 02:00:00,-1.1,30.000000000000004,0.7771044909151362,11101.49272735909,1,1.0912,1.088251207364274,1.0950334304264435,1.10565,1.1264,23.92528230811839,0.0010612778905935364,EURCHF_merged,-33.77710449091514
2019-08-22 19:00:00,2019-08-23 02:00:00,1.1,15.0,0.1880297945133287,2686.139921618982,-1,1.92292,1.9336580109903638,1.9111081879105996,1.82764,1.90579,63.79631490481318,0.003969707952579615,GBPNZD_merged,16.31197020548667
2019-08-22 20:00:00,2019-08-25 18:00:00,-1.1,15.0,0.18110053902903117,2587.1505575575884,-1,1.91711,1.928225182267223,1.9026602630526104,1.82764,1.90579,61.46304881094576,0.003908300241681084,GBPNZD_merged,-16.681100539029032
2019-08-22 20:00:00,2019-08-25 18:00:00,-1.1,15.0,0.18110053902903117,2587.1505575575884,-1,1.91711,1.928225182267223,1.9004372265991658,1.82764,1.90579,61.46304881094576,0.003908300241681084,GBPNZD_merged,-16.681100539029032
2019-08-22 20:00:00,2019-08-25 18:00:00,-1.1,15.0,0.16902716976042909,2414.6738537204155,-1,1.91711,1.929019123857739,1.9016281389849397,1.82764,1.90579,61.14410946435007,0.003908300241681084,GBPNZD_merged,-16.66902716976043
2019-08-22 20:00:00,2019-08-25 18:00:00,-1.1,15.0,0.17485569285561625,2497.9384693659467,-1,1.91711,1.928622153062481,1.900992985712527,1.82764,1.90579,61.66427399453921,0.003908300241681084,GBPNZD_merged,-16.674855692855616
2019-08-25 20:00:00,2019-08-26 03:00:00,1.1,60.0,0.6905643776242791,9865.20539463256,-1,1.82797,1.8390876803333132,1.8157405516333558,1.75595,1.82058,67.96583649913052,0.003906276954016473,GBPAUD_merged,65.30943562237572
2019-08-22 19:00:00,2019-08-28 00:00:00,-1.1,15.0,0.1817621346962178,2596.601924231683,-1,1.92292,1.934028287231411,1.9062575691528836,1.82764,1.90579,63.78287642948456,0.003969707952579615,GBPNZD_merged,-16.681762134696218
2019-08-27 14:00:00,2019-08-28 04:00:00,1.3,15.0,0.1858036328360675,2654.3376119438217,-1,1.93076,1.9416709707332185,1.916575738046816,1.82764,1.90579,66.34155857241302,0.0035436337983771526,GBPNZD_merged,19.314196367163934
2019-08-28 05:00:00,2019-08-29 00:00:00,-1.1,59.99999999999999,0.6080148664598947,8685.926663712782,-1,1.92168,1.9349544385790975,1.9044232298471735,1.82764,1.90579,46.54693439293,0.004660183369720646,GBPNZD_merged,-66.6080148664599
2019-08-27 14:00:00,2019-09-02 04:00:00,1.4,15.0,0.19221065465800083,2745.866495114298,-1,1.93076,1.9413072717087778,1.915993819607711,1.82764,1.90579,64.93943640036834,0.0035436337983771526,GBPNZD_merged,20.807789345341998
2019-08-30 15:00:00,2019-09-02 21:00:00,-1.1,60.0,1.3254496417715693,18934.994882450992,1,1.09766,1.0941818052389845,1.1014860142371175,1.10268,1.12497,30.905819870254607,0.0012265648249557577,EURUSD_merged,-67.32544964177157
2019-08-30 15:00:00,2019-09-02 21:00:00,-1.1,60.0,1.3254496417715693,18934.994882450992,1,1.09766,1.0941818052389845,1.102529472665422,1.10268,1.12497,30.905819870254607,0.0012265648249557577,EURUSD_merged,-67.32544964177157
2019-08-30 15:00:00,2019-09-02 21:00:00,-1.1,14.999999999999998,0.3431967822444243,4902.811174920347,1,1.09766,1.0943017429893642,1.1026973855159539,1.10268,1.12497,30.73259662199209,0.0012265648249557577,EURUSD_merged,-16.843196782244423
2019-08-30 15:00:00,2019-09-02 21:00:00,-1.1,14.999999999999998,0.3431967822444243,4902.811174920347,1,1.09766,1.0943017429893642,1.1020257341138266,1.10268,1.12497,30.73259662199209,0.0012265648249557577,EURUSD_merged,-16.843196782244423
2019-08-30 15:00:00,2019-09-02 21:00:00,-1.1,30.000000000000004,0.6406339935229253,9151.914193184648,1,1.09766,1.0940618674886045,1.1023375722648143,1.10268,1.12497,30.614518538656178,0.0012265648249557577,EURUSD_merged,-33.64063399352293
2019-09-09 18:00:00,2019-09-10 10:00:00,1.3,15.0,0.4840793909904166,6915.419871291666,-1,1.09556,1.0979363416113346,1.0924707559052653,1.08348,1.09277,71.34157554654576,0.000836643901718082,EURCHF_merged,19.015920609009584
2019-09-10 02:00:00,2019-09-10 10:00:00,1.4,30.0,1.059057594885587,15129.394212651243,-1,1.09542,1.0975921028309594,1.0923790560366569,1.08348,1.09277,65.4532995882315,0.0007590723350362698,EURCHF_merged,40.94094240511441
2019-09-15 21:00:00,2019-09-16 11:00:00,-1.1,14.999999999999998,0.3429264902048759,4898.949860069656,-1,1.07741,1.0807089008790896,1.0731214288571833,1.02627,1.05441,62.655864710467334,0.001077516938765855,AUDNZD_merged,-16.842926490204874
2019-09-16 00:00:00,2019-09-16 23:00:00,-1.1,30.000000000000004,0.38773777921099273,5539.111131585611,-1,1.95231,1.9628837723271195,1.9375067187420325,1.82764,1.94108,64.09496064908889,0.0035964049323289485,GBPNZD_merged,-33.387737779211
2019-09-15 22:00:00,2019-09-17 10:00:00,-1.1,30.0,0.38558149404849756,5508.30705783568,-1,1.95532,1.9659692973946605,1.9414759133869413,1.82764,1.94108,68.05535085354725,0.003727369033943589,GBPNZD_merged,-33.385581494048495
2019-09-15 22:00:00,2019-09-17 10:00:00,-1.1,15.0,0.19279074702424878,2754.15352891784,-1,1.95532,1.9659692973946605,1.9393460539080092,1.82764,1.94108,68.05535085354725,0.003727369033943589,GBPNZD_merged,-16.692790747024247
2019-09-15 19:00:00,2019-09-17 10:00:00,-1.1,14.999999999999998,0.16607005444007888,2372.4293491439844,-1,1.95672,1.9690916223670012,1.9381625664494981,1.82764,1.94108,71.10273010750241,0.003976454542167073,GBPNZD_merged,-16.66607005444008
2019-09-15 19:00:00,2019-09-17 10:00:00,-1.1,59.99999999999999,0.6871864321658437,9816.949030940626,-1,1.95672,1.968679234954768,1.9435648415497553,1.82764,1.94108,71.69995787910923,0.003976454542167073,GBPNZD_merged,-66.68718643216584
2019-09-17 20:00:00,2019-09-18 10:00:00,-1.1,15.0,0.44246348320644335,6320.906902949191,-1,1.09925,1.1018586051025854,1.0958588133666392,1.08108,1.09277,67.79967015011482,0.0008402825317526225,EURCHF_merged,-16.942463483206442
2019-09-17 20:00:00,2019-09-18 10:00:00,-1.1,30.000000000000004,0.9154416893926411,13077.738419894875,-1,1.09925,1.1017716515991658,1.095719687761168,1.08348,1.09277,65.53830601644849,0.0008402825317526225,EURCHF_merged,-33.91544168939265
2019-09-22 17:00:00,2019-09-23 05:00:00,1.4,30.000000000000004,0.6127885287504257,8754.121839291796,-1,1.75754,1.7635630141832555,1.7491077801434427,1.65263,1.75921,57.64843818546815,0.002139265625180289,EURNZD_merged,41.38721147124957
2019-10-01 07:00:00,2019-10-01 10:00:00,1.1,30.0,0.7854771718845867,11221.102455494096,-1,1.00125,1.0039268760127746,0.9983054363859477,0.96593,0.99752,72.97372265995648,0.0009292706444845229,USDCHF_merged,32.21452282811541
2019-10-01 08:00:00,2019-10-01 10:00:00,1.5,14.999999999999998,0.37703493818461553,5386.213402637365,-1,1.00105,1.0038378119334537,0.9968682820998196,0.96593,0.99752,68.16959893409512,0.0009393227413070501,USDCHF_merged,22.122965061815382
2019-10-01 09:00:00,2019-10-01 10:00:00,1.3,30.0,0.7987989292752881,11411.41327536126,-1,1.00044,1.0030701036756597,0.9970208652216423,0.96593,0.99752,71.07545124627043,0.000985799688356553,USDCHF_merged,38.201201070724714
2019-10-01 09:00:00,2019-10-01 11:00:00,1.5,15.0,0.39939946463764403,5705.70663768063,-1,1.00044,1.0030701036756597,0.9964948444865104,0.96593,0.99752,71.07545124627043,0.000985799688356553,USDCHF_merged,22.100600535362357
2019-10-01 11:00:00,2019-10-02 05:00:00,-1.1,60.0,1.1953234340655645,17076.049058079494,-1,0.99641,0.9999110791897271,0.9918585970533549,0.96593,0.99752,40.39917751050983,0.001404643608838048,USDCHF_merged,-67.19532343406557
2019-10-01 11:00:00,2019-10-02 06:00:00,-1.1,29.999999999999996,0.5770526923075138,8243.60989010734,-1,0.99641,1.0000361177322172,0.9913334351748958,0.96593,0.99752,41.5947443888602,0.001404643608838048,USDCHF_merged,-33.57705269230751
2019-10-01 11:00:00,2019-10-02 07:00:00,-1.1,30.0,0.55781760256393,7968.822893770429,-1,0.99641,1.0001611562747075,0.9915334968428802,0.96593,0.99752,39.01318668116922,0.001404643608838048,USDCHF_merged,-33.55781760256393
2019-10-03 04:00:00,2019-10-03 10:00:00,1.3,30.0,0.5281647633467833,7545.210904954048,-1,1.00073,1.0047089345027171,0.9955573851464675,0.96593,0.99752,54.638012383153686,0.001404432107983897,USDCHF_merged,38.47183523665322
2019-10-03 04:00:00,2019-10-04 05:00:00,1.4,30.0,0.5463773413932239,7805.39059133177,-1,1.00073,1.0045763033526265,0.9953451753063226,0.96593,0.99752,54.622176530159976,0.001404432107983897,USDCHF_merged,41.453622658606776
2019-10-02 20:00:00,2019-10-10 10:00:00,1.3,29.999999999999996,0.8709304338850682,12441.863341215261,-1,1.3328,1.3360136665468385,1.32862223348911,1.31333,1.33097,67.98622521880678,0.0011307567629821593,USDCAD_merged,38.12906956611493
2019-10-02 20:00:00,2019-10-10 10:00:00,1.5,29.999999999999996,0.8709304338850682,12441.863341215261,-1,1.3328,1.3360136665468385,1.3279795001797423,1.31333,1.33097,67.98622521880678,0.0011307567629821593,USDCAD_merged,44.12906956611492
2019-10-03 01:00:00,2019-10-10 10:00:00,1.3,30.0,0.9033349681745011,12904.785259635732,-1,1.3317,1.3347958283455488,1.3276754231507868,1.31333,1.33097,64.50426190457416,0.0009960897260031794,USDCAD_merged,38.0966650318255
2019-10-11 10:00:00,2019-10-13 23:00:00,1.1,60.0,1.3394493717464035,19134.991024948624,-1,1.10234,1.1057965158621588,1.0985378325516255,1.08321,1.10188,67.36874503377106,0.0012453375913316351,EURCHF_merged,64.6605506282536
2019-10-11 10:00:00,2019-10-14 02:00:00,1.3,29.999999999999996,0.6936434246543877,9909.191780776968,-1,1.10234,1.1056773256600154,1.0980014766419801,1.08321,1.10188,67.63048764470192,0.0012453375913316351,EURCHF_merged,38.30635657534561
2019-10-13 19:00:00,2019-10-14 08:00:00,1.1,60.0,0.5243325094059845,7490.464420085494,-1,1.2639,1.2740240718528284,1.2527635209618888,1.19581,1.25821,69.25328808612629,0.003425983598196281,GBPUSD_merged,65.47566749059402
2019-10-13 17:00:00,2019-10-14 08:00:00,1.1,60.0,0.4834571987659706,6906.531410942438,-1,1.25951,1.2704519034683992,1.2474739061847606,1.18514,1.24772,71.44711822969042,0.003786422292837222,GBPCHF_merged,65.51654280123402
2019-10-13 20:00:00,2019-10-14 10:00:00,-1.1,30.0,0.25506834985632615,3643.8335693760882,-1,1.85587,1.871149539786866,1.8344786442983874,1.77916,1.84961,63.84139799232065,0.005238892049981735,GBPAUD_merged,-33.25506834985632
2019-10-11 11:00:00,2019-10-15 05:00:00,1.1,60.0,0.8555805447468533,12222.579210669333,-1,119.827,120.41522445541806,119.17995309904013,115.864,120.009,72.4165495095163,0.20234773203041126,EURJPY_merged,65.14441945525314
2019-10-13 18:00:00,2019-10-15 06:00:00,-1.1,30.0,0.23501928757412907,3357.41839391613,-1,1.85883,1.875439458058921,1.8372377045234027,1.77916,1.84961,66.81835001339905,0.005321022732523185,GBPAUD_merged,-33.235019287574126
2019-10-13 19:00:00,2019-10-15 10:00:00,-1.1,29.999999999999996,0.24317543107227133,3473.9347296038763,-1,1.66748,1.6818799251263148,1.6473201048231596,1.59561,1.66898,60.23594629824415,0.0048050991783766366,GBPCAD_merged,-33.243175431072274
2019-10-13 17:00:00,2019-10-15 10:00:00,-1.1,30.0,0.23367097940355247,3338.1568486221786,-1,1.25951,1.2708292104845509,1.2425311842731734,1.16747,1.24772,71.35530930883934,0.003786422292837222,GBPCHF_merged,-33.233670979403556
2019-10-13 18:00:00,2019-10-15 10:00:00,-1.1,60.0,0.44272024387114056,6324.574912444866,-1,136.937,138.23609442353714,135.50799613410916,126.669,135.746,73.30657846787302,0.43325190901435345,GBPJPY_merged,-66.44272024387114
2019-10-11 13:00:00,2019-10-15 11:00:00,-1.1,30.0,0.4958229370058031,7083.184814368617,-1,108.397,108.85610280265502,107.8001663565485,104.453,108.47,64.80014967196004,0.15653181986940606,USDJPY_merged,-33.495822937005805
2019-10-11 13:00:00,2019-10-15 11:00:00,-1.1,30.0,0.5129202796611756,7327.432566588223,-1,108.397,108.84079937589985,107.77568087374023,104.453,108.475,64.42769546270081,0.15653181986940606,USDJPY_merged,-33.512920279661174
2019-10-15 20:00:00,2019-10-16 08:00:00,-1.1,15.0,0.1269734911947327,1813.9070170676102,-1,1.88928,1.9049032925576381,1.8689697196750705,1.77916,1.84961,67.76699215477574,0.005160066744030854,GBPAUD_merged,-16.626973491194732
2019-10-11 15:00:00,2019-10-16 11:00:00,-1.1,60.0,0.8779839236698377,12542.627480997682,-1,119.832,120.40523874211307,119.086789635253,115.864,120.009,66.54107288001205,0.20367611345586656,EURJPY_merged,-66.87798392366983
2019-10-11 15:00:00,2019-10-16 11:00:00,-1.1,30.0,0.43899196183491884,6271.313740498841,-1,119.832,120.40523874211307,118.97214188683039,115.864,120.009,66.54107288001205,0.20367611345586656,EURJPY_merged,-33.438991961834915
2019-10-11 11:00:00,2019-10-16 11:00:00,-1.1,60.0,0.8270611932552918,11815.159903647027,-1,119.827,120.43550805732902,118.91423791400646,115.864,120.009,72.064733641764,0.20234773203041126,EURJPY_merged,-66.82706119325529
2019-10-16 17:00:00,2019-10-17 03:00:00,-1.1,14.999999999999998,0.3699697475405033,5285.282107721477,-1,109.285,109.59515846772022,108.8817939919637,106.732,109.075,63.77254823525251,0.10150143048483057,CHFJPY_merged,-16.8699697475405
2019-10-11 16:00:00,2019-10-17 04:00:00,-1.1,30.0,0.34789194425172143,4969.884917881735,-1,82.075,82.57043400716198,81.33184898925704,78.497,82.088,65.78795999908019,0.176444951354736,CADJPY_merged,-33.34789194425172
2019-10-13 17:00:00,2019-10-17 04:00:00,-1.1,30.0,0.3255400597125572,4650.57228160796,-1,82.057,82.5863348540642,81.36886468971653,78.497,81.826,67.06016502287456,0.16941316911511223,CADJPY_merged,-33.32554005971256
2019-10-11 16:00:00,2019-10-17 04:00:00,-1.1,60.0,0.6957838885034429,9939.76983576347,-1,82.075,82.57043400716198,81.43093579068943,78.497,82.088,65.78795999908019,0.176444951354736,CADJPY_merged,-66.69578388850344
2019-10-11 10:00:00,2019-10-17 05:00:00,-1.1,59.99999999999999,1.3872868493087753,19818.383561553936,-1,1.10234,1.1056773256600154,1.097334011509977,1.08321,1.10188,67.63048764470192,0.0012453375913316351,EURCHF_merged,-67.38728684930878
2019-10-11 12:00:00,2019-10-17 05:00:00,-1.1,30.0,0.5879234135792079,8398.905908274399,-1,1.10022,1.1041498690044238,1.0951111702942489,1.08321,1.10188,63.11198921797318,0.0013499594537502615,EURCHF_merged,-33.587923413579205
2019-10-11 12:00:00,2019-10-17 05:00:00,-1.1,30.0,0.6081966347371116,8688.523353387309,-1,1.10022,1.104018873370943,1.0949015772806796,1.08321,1.10188,63.24913369627562,0.0013499594537502615,EURCHF_merged,-33.60819663473711
2019-10-15 21:00:00,2019-10-17 05:00:00,-1.1,15.0,0.27245531734895656,3892.2188192708086,-1,82.336,82.65331001193591,81.89176598328972,78.497,82.088,60.16348150649906,0.11110172795977433,CADJPY_merged,-16.772455317348957
2019-10-17 01:00:00,2019-10-17 05:00:00,-1.1,15.0,0.3782448625097692,5403.498035853846,-1,109.43,109.73377544122502,109.00471438228499,106.855,109.578,62.5043422251397,0.10391085556465998,CHFJPY_merged,-16.87824486250977
2019-10-11 16:00:00,2019-10-17 05:00:00,-1.1,30.0,0.3246991479682733,4638.559256689619,-1,82.075,82.60582215053068,81.27876677420397,78.497,82.088,65.66608176751392,0.176444951354736,CADJPY_merged,-33.324699147968275
2019-10-11 13:00:00,2019-10-17 05:00:00,-1.1,90.0,1.0383537437615498,14833.624910879284,-1,82.195,82.69370143302426,81.6464284236733,78.497,82.088,74.40975721900446,0.17368272485998754,CADJPY_merged,-100.03835374376156
2019-10-11 13:00:00,2019-10-17 08:00:00,1.3,60.0,0.8893825519552836,12705.465027932623,-1,0.75542,0.7589873782817357,0.7507824082337435,0.74286,0.75634,70.36349617292856,0.001254487695473608,CADCHF_merged,77.11061744804472
2019-10-11 16:00:00,2019-10-18 11:00:00,1.3,30.0,0.4180737879075898,5972.482684394141,-1,0.75524,0.7590335982734956,0.7503083222444558,0.74286,0.75634,62.69481669952708,0.001243494703701038,CADCHF_merged,38.58192621209241
2019-10-11 13:00:00,2019-10-18 12:00:00,1.5,30.0,0.4446912759776418,6352.732513966312,-1,0.75542,0.7589873782817357,0.7500689325773964,0.74286,0.75634,70.36349617292856,0.001254487695473608,CADCHF_merged,44.55530872402236
2019-10-13 17:00:00,2019-10-18 16:00:00,1.3504764755566996,30.000000000000004,0.4393063925305861,6275.805607579802,-1,0.75438,0.7579861346407331,0.7493314115029739,0.74286,0.75634,62.93778291704415,0.0013611022248652697,CADCHF_merged,40.074987874170404
2019-10-11 10:00:00,2019-10-18 16:00:00,0.8753515931435902,30.0,0.6474005296774284,9248.578995391836,-1,1.10234,1.1059157060643023,1.096976440903547,1.08321,1.10188,67.06308229275922,0.0012453375913316351,EURCHF_merged,25.61314726463028
2019-10-21 22:00:00,2019-10-22 14:00:00,1.2,15.0,0.3817763412347375,5453.947731924823,-1,69.753,69.94484177249728,69.52278987300326,66.931,69.682,68.6737198675485,0.11735895136406281,NZDJPY_merged,17.618223658765263
2019-10-28 10:00:00,2019-10-29 05:00:00,1.2,59.99999999999999,3.0844652947662428,44063.78992523204,-1,1.10434,1.1058437381058788,1.1025355142729458,1.08321,1.10188,61.76089187082073,0.0009135124107740301,EURCHF_merged,68.91553470523374
2019-10-29 03:00:00,2019-10-29 09:00:00,-1.1,60.00000000000001,2.1946441250888085,31352.058929840125,-1,74.597,74.73976000214263,74.42568799742884,71.732,74.496,58.83891949984043,0.08419243814513608,AUDJPY_merged,-68.19464412508883
2019-10-29 02:00:00,2019-10-30 13:00:00,-1.1,60.0,1.3184968764635538,18835.669663765057,-1,74.699,74.93694959669642,74.365870564625,71.732,74.496,60.975390658353106,0.08397647184860892,AUDJPY_merged,-67.31849687646356
2019-10-30 20:00:00,2019-10-31 04:00:00,1.2,60.0,1.6705150314603279,23864.500449433257,-1,75.258,75.44721326300409,75.03094408439507,71.732,74.496,68.49297702694525,0.1109232108845913,AUDJPY_merged,70.32948496853967
2019-10-31 05:00:00,2019-10-31 07:00:00,-1.1,60.0,1.5360373377895962,21943.390539851374,-1,0.68918,0.6910644307548964,0.6869186830941243,0.66704,0.68943,54.4607247483162,0.0011164537736829412,AUDUSD_merged,-67.5360373377896
2019-10-31 05:00:00,2019-10-31 07:00:00,-1.1,60.0,1.3613219871891202,19447.456959844578,-1,0.84251,0.8451093424283893,0.8393907890859328,0.82458,0.84374,63.782434000201626,0.0015355231751706803,NZDCAD_merged,-67.36132198718911
2019-10-28 10:00:00,2019-10-31 07:00:00,1.4,15.000000000000002,0.45203370699160456,6457.624385594351,-1,1.10434,1.1069052002982636,1.1007487195824313,1.08321,1.10188,63.22857850763668,0.0009135124107740301,EURCHF_merged,20.547966293008397
2019-10-31 05:00:00,2019-10-31 09:00:00,1.2,30.0,1.357517262973459,19393.103756763703,-1,1.11639,1.1181169901930121,1.1143176117683853,1.0879,1.11094,58.91233418062952,0.001108313970973082,EURUSD_merged,34.64248273702654
2019-10-31 07:00:00,2019-10-31 09:00:00,1.2,30.0,1.0995681232394379,15708.116046277686,-1,1.46848,1.471284562932322,1.4651145244812138,1.44154,1.46891,62.52653334429557,0.0017647612655539392,EURCAD_merged,34.900431876760564
2019-10-31 11:00:00,2019-10-31 20:00:00,-1.1,30.0,0.6497158059680279,9281.654370971828,-1,0.84286,0.845584277266678,0.8395908672799866,0.82458,0.84374,58.80104519621359,0.0015737648935635667,NZDCAD_merged,-33.64971580596803
2019-10-31 05:00:00,2019-10-31 20:00:00,-1.1,30.000000000000004,0.39900816865888006,5700.116695126859,-1,0.84251,0.8469441723778407,0.8363021586710231,0.82458,0.84374,62.97532108966164,0.0015355231751706803,NZDCAD_merged,-33.39900816865889
2019-10-31 01:00:00,2019-11-01 08:00:00,-1.1,15.0,0.2565665591751703,3665.23655964529,-1,0.84474,0.8481971029164967,0.8402457662085544,0.82458,0.84374,72.8880512191491,0.0014785819228092393,NZDCAD_merged,-16.75656655917517
2019-10-31 01:00:00,2019-11-01 09:00:00,-1.1,15.0,0.21855669855662652,3122.2385508089505,-1,0.84474,0.8487983382063222,0.8386524926905168,0.82458,0.84374,73.42773035662312,0.0014785819228092393,NZDCAD_merged,-16.718556698556625
2019-10-31 01:00:00,2019-11-01 09:00:00,-1.1,15.0,0.1967010287009639,2810.014695728056,-1,0.84474,0.8492492646736913,0.8384270294568322,0.82458,0.84374,72.8880512191491,0.0014785819228092393,NZDCAD_merged,-16.696701028700964
2019-10-31 01:00:00,2019-11-01 09:00:00,-1.1,15.0,0.21075110217960422,3010.7300311372032,-1,0.84474,0.8489486470287786,0.8392687588625879,0.82458,0.84374,74.14777160963386,0.0014785819228092393,NZDCAD_merged,-16.710751102179604
2019-10-31 07:00:00,2019-11-01 09:00:00,-1.1,60.0,1.6007733035854192,22868.190051220277,-1,0.90787,0.9102520074906668,0.9050115910111998,0.88794,0.90366,64.68598138629669,0.001435382242801224,AUDCAD_merged,-67.60077330358541
2019-10-31 06:00:00,2019-11-05 03:00:00,1.4,15.0,0.3217808975277737,4596.8699646824825,-1,1.46889,1.4736831201381115,1.4621796318066438,1.44154,1.46891,64.79397251146,0.0016497429013657774,EURCAD_merged,20.678219102472227
2019-11-05 07:00:00,2019-11-05 10:00:00,-1.1,60.0,2.270338876388299,32433.412519832844,-1,108.816,109.01730351673626,108.53417507656924,106.483,108.475,71.67914845578898,0.06809964821604104,USDJPY_merged,-68.2703388763883
2019-11-05 01:00:00,2019-11-05 10:00:00,-1.1,15.0,0.5793319486701183,8276.170695287405,-1,108.772,108.9691418981159,108.47628715282619,106.483,108.475,76.0874857450368,0.07052154784455301,USDJPY_merged,-17.079331948670117
2019-11-05 00:00:00,2019-11-05 10:00:00,-1.1,60.0,2.1821888452900944,31174.126361287064,-1,108.8,109.00940442482155,108.50683380524981,106.483,108.475,69.64556444095028,0.07040782075567224,USDJPY_merged,-68.1821888452901
2019-11-05 08:00:00,2019-11-05 11:00:00,1.3,15.0,0.5555692966522588,7936.704237889413,1,1.31304,1.3105584157794397,1.3162660594867284,1.31333,1.33476,47.340357433682925,0.0009251172160021255,USDCAD_merged,18.94443070334774
2019-11-05 07:00:00,2019-11-05 14:00:00,-1.1,30.0,1.2371281426900669,17673.25918128667,-1,82.877,83.0176820312256,82.70818156252926,79.815,82.088,67.35263961835226,0.08048598344255807,CADJPY_merged,-34.23712814269007
2019-11-05 16:00:00,2019-11-06 11:00:00,1.3,60.0,1.8128748618955757,25898.21231279394,-1,109.177,109.42993714951761,108.84818170562711,106.483,108.475,70.06788476675288,0.08838221795226921,USDJPY_merged,76.18712513810442
2019-11-05 07:00:00,2019-11-06 11:00:00,1.4,30.0,0.7252130491631423,10360.18641661632,-1,82.877,83.11698699444368,82.54101820777885,79.815,82.088,70.11821053743417,0.08048598344255807,CADJPY_merged,41.274786950836855
2019-11-05 16:00:00,2019-11-06 11:00:00,1.3,15.0,0.5517445231856101,7882.064616937287,-1,109.177,109.38476980138947,108.9068992581937,106.483,108.475,70.2532775399206,0.08838221795226921,USDJPY_merged,18.94825547681439
2019-11-05 07:00:00,2019-11-06 11:00:00,1.4,30.0,0.7252130491631423,10360.18641661632,-1,82.877,83.11698699444368,82.54101820777885,79.815,82.088,68.32949712281416,0.08048598344255807,CADJPY_merged,41.274786950836855
2019-11-05 16:00:00,2019-11-06 20:00:00,1.5,15.0,0.4532187154738939,6474.553078198485,-1,109.177,109.42993714951761,108.79759427572358,106.483,108.475,70.06788476675288,0.08838221795226921,USDJPY_merged,22.046781284526105
2019-11-05 16:00:00,2019-11-06 20:00:00,1.4,30.0,0.875180967811657,12502.585254452244,-1,109.177,109.43897061914325,108.81024113319947,106.483,108.475,69.94998081671656,0.08838221795226921,USDJPY_merged,41.12481903218834
2019-11-05 17:00:00,2019-11-06 21:00:00,1.4,30.0,0.8941379655622813,12773.399508032591,-1,109.131,109.38730843206159,108.77216819511379,106.483,108.475,70.95721784155575,0.08671205952710698,USDJPY_merged,41.10586203443772
2019-11-05 12:00:00,2019-11-06 22:00:00,1.4,15.0,0.4048394936215175,5783.421337450251,-1,109.132,109.41504698974634,108.73573421435513,106.483,108.475,74.29755168536342,0.09189549682624588,USDJPY_merged,20.595160506378484
2019-10-31 07:00:00,2019-11-13 19:00:00,1.4,14.999999999999998,0.23459608759441483,3351.3726799202122,-1,0.90787,0.9119334245429023,0.9021812056399368,0.88794,0.90366,64.29637799918028,0.001435382242801224,AUDCAD_merged,20.76540391240558
2019-10-31 07:00:00,2019-11-13 19:00:00,1.4,29.999999999999996,0.46919217518882966,6702.7453598404245,-1,0.90787,0.9119334245429023,0.9021812056399368,0.88794,0.90366,63.053124086256844,0.001435382242801224,AUDCAD_merged,41.53080782481116
2019-11-13 10:00:00,2019-11-13 21:00:00,-1.1,59.99999999999999,1.0198066694573622,14568.666706533748,1,1.0669,1.0625060495246768,1.0726121356179201,1.06599,1.08392,30.21608912800256,0.001547891739265356,AUDNZD_merged,-67.01980666945737
2019-11-11 12:00:00,2019-11-14 04:00:00,-1.1,60.00000000000001,1.1440996187383465,16344.280267690667,1,0.85829,0.8551392096833532,0.8623860274116407,0.85749,0.90192,39.82210838651729,0.0010834763805205989,EURGBP_merged,-67.14409961873837
2019-11-13 10:00:00,2019-11-14 05:00:00,-1.1,30.000000000000004,0.47590977908010235,6798.711129715748,1,1.0669,1.0621921959192964,1.0734909257129848,1.06599,1.08392,30.977461851205508,0.001547891739265356,AUDNZD_merged,-33.47590977908011
2019-11-13 10:00:00,2019-11-14 05:00:00,-1.1,30.0,0.4923204611173472,7033.149444533532,1,1.0669,1.0623491227219866,1.0732712281892187,1.06599,1.08392,30.656654942980868,0.001547891739265356,AUDNZD_merged,-33.492320461117345
2019-11-11 09:00:00,2019-11-14 11:00:00,-1.1,15.000000000000002,0.32135165906118285,4590.737986588327,1,0.85759,0.8547878688312028,0.8617931967531957,0.85749,0.90192,27.21692957061381,0.001044410190327043,EURGBP_merged,-16.821351659061186
2019-11-11 09:00:00,2019-11-14 11:00:00,-1.1,60.0,1.1568659726202581,16526.656751717976,1,0.85759,0.8544765209235587,0.8619488707070176,0.85749,0.90192,28.669358604898086,0.001044410190327043,EURGBP_merged,-67.15686597262025
2019-11-11 09:00:00,2019-11-14 11:00:00,-1.1,29.999999999999996,0.5983789513553058,8548.270733647227,1,0.85759,0.8545803035594401,0.8618035750167837,0.85749,0.90192,27.21692957061381,0.001044410190327043,EURGBP_merged,-33.59837895135531
2019-11-11 09:00:00,2019-11-14 11:00:00,-1.1,14.999999999999998,0.309874814094712,4426.7830584958865,1,0.85759,0.8546840861953214,0.8619488707070176,0.85749,0.90192,33.07289396316543,0.001044410190327043,EURGBP_merged,-16.809874814094712
2019-11-14 01:00:00,2019-11-20 04:00:00,-1.1,30.0,0.612588637724705,8751.266253210071,1,1.06393,1.0602827678079396,1.0686714018496786,1.06599,1.08392,30.34313762058805,0.0012802555738976012,AUDNZD_merged,-33.612588637724706
2019-11-13 23:00:00,2019-11-20 10:00:00,-1.1,30.0,0.566227794800787,8088.9684971541,1,1.06369,1.0597450347042114,1.069212951414104,1.06599,1.08392,27.88534239355711,0.0013181662277155495,AUDNZD_merged,-33.56622779480079
2019-11-28 04:00:00,2019-11-29 04:00:00,1.4,14.999999999999998,0.28553151812070826,4079.02168743869,-1,1.91172,1.9187500680401643,1.90187790474377,1.85456,1.90923,70.12322084938853,0.0024031498650772527,GBPAUD_merged,20.714468481879287
2019-11-28 04:00:00,2019-11-29 04:00:00,1.5,30.0,0.5914581446786101,8449.402066837289,-1,1.91172,1.9185076519008484,1.9015385221487275,1.85456,1.90923,71.88820354620206,0.0024031498650772527,GBPAUD_merged,44.40854185532139
2019-12-02 07:00:00,2019-12-02 10:00:00,-1.1,30.0,0.4597673960710084,6568.105658157264,1,1.99599,1.9868732617627531,2.0087534335321457,2.00018,2.03273,36.23333753969102,0.0031691526375421286,GBPNZD_merged,-33.45976739607101
2019-12-02 07:00:00,2019-12-02 10:00:00,-1.1,15.0,0.2380938301082008,3401.3404301171545,1,1.99599,1.987187632046796,2.007433078339165,2.00018,2.03273,34.93247097738793,0.0031691526375421286,GBPNZD_merged,-16.738093830108202
2019-12-02 18:00:00,2019-12-03 02:00:00,-1.1,15.000000000000002,0.30377825599411534,4339.689371344505,-1,0.64961,0.6518553565603893,0.646466500815455,0.63216,0.64656,70.57785691247832,0.0007603851055433583,NZDUSD_merged,-16.803778255994118
2019-12-02 18:00:00,2019-12-03 02:00:00,-1.1,15.000000000000002,0.30377825599411534,4339.689371344505,-1,0.64961,0.6518553565603893,0.646466500815455,0.63216,0.64656,70.301974586049,0.0007603851055433583,NZDUSD_merged,-16.803778255994118
2019-12-02 17:00:00,2019-12-03 03:00:00,-1.1,14.999999999999998,0.3113737225741887,4448.196036774125,-1,0.65019,0.6523825405084154,0.64733969733906,0.63216,0.64656,69.54022667790174,0.0007742608828928539,NZDUSD_merged,-16.81137372257419
2019-12-02 17:00:00,2019-12-03 03:00:00,-1.1,30.0,0.7581273245284595,10830.390350406566,-1,0.65019,0.6519910154176269,0.6478486799570851,0.63216,0.64656,70.18060216941196,0.0007742608828928539,NZDUSD_merged,-33.75812732452846
2019-12-02 08:00:00,2019-12-03 03:00:00,-1.1,30.0,0.5707829651414239,8154.0423591632,-1,70.922,71.1829331551496,70.53060026727559,68.878,70.029,74.29875460577746,0.09274824022818628,NZDJPY_merged,-33.570782965141426
2019-12-02 17:00:00,2019-12-03 03:00:00,-1.1,29.999999999999996,0.6227474451483774,8896.39207354825,-1,0.65019,0.6523825405084154,0.6469011892373769,0.63216,0.64656,69.54022667790174,0.0007742608828928539,NZDUSD_merged,-33.62274744514838
2019-12-03 05:00:00,2019-12-03 23:00:00,1.5,15.0,0.34139619589916265,4877.088512845181,-1,0.91124,0.914042614708345,0.9070360779374826,0.88794,0.91189,71.57284004970866,0.0010717193441397912,AUDCAD_merged,22.15860380410084
2019-12-03 05:00:00,2019-12-03 23:00:00,1.4,15.0,0.30725657630924647,4389.379661560664,-1,0.91124,0.9143540163426055,0.9068803771203524,0.88794,0.91189,71.46471285512365,0.0010717193441397912,AUDCAD_merged,20.692743423690754
2019-12-03 05:00:00,2019-12-03 23:00:00,1.5,15.000000000000002,0.32920347461704974,4702.906780243568,-1,0.91124,0.9141464152530985,0.9068803771203524,0.88794,0.91189,70.23196915569464,0.0010717193441397912,AUDCAD_merged,22.170796525382954
2019-12-03 05:00:00,2019-12-03 23:00:00,1.5,15.000000000000002,0.32920347461704974,4702.906780243568,-1,0.91124,0.9141464152530985,0.9068803771203524,0.88794,0.91189,71.1996179407106,0.0010717193441397912,AUDCAD_merged,22.170796525382954
2019-12-03 11:00:00,2019-12-04 03:00:00,-1.1,15.000000000000002,0.28525097246154035,4075.0138923077197,-1,1.72728,1.7336380642139424,1.7183787101004806,1.67237,1.70796,65.32576452969175,0.0021994047975677847,GBPCAD_merged,-16.785250972461544
2019-12-03 11:00:00,2019-12-04 03:00:00,-1.1,30.0,0.7193285392508411,10276.12198929773,-1,1.72728,1.732322602652437,1.7207246165518317,1.67237,1.70796,65.61437973532952,0.0021994047975677847,GBPCAD_merged,-33.71932853925084
2019-12-03 11:00:00,2019-12-04 03:00:00,-1.1,30.0,0.6127613482507162,8753.733546438803,-1,1.72728,1.7331995770267739,1.718400634459839,1.67237,1.70796,65.84825259100663,0.0021994047975677847,GBPCAD_merged,-33.612761348250714
2019-12-03 11:00:00,2019-12-04 03:00:00,-1.1,30.000000000000004,0.5705019449230807,8150.0277846154395,-1,1.72728,1.7336380642139424,1.7183787101004806,1.61907,1.70796,65.84825259100663,0.0021994047975677847,GBPCAD_merged,-33.57050194492309
2019-12-03 11:00:00,2019-12-04 04:00:00,-1.1946728069744381,30.000000000000004,0.5514852134256447,7878.360191794925,-1,1.72728,1.7338573078075266,1.7180717690694627,1.61907,1.70796,65.61437973532952,0.0021994047975677847,GBPCAD_merged,-36.391669422658794
2019-12-03 19:00:00,2019-12-04 10:00:00,1.5,30.0,0.7337125401529864,10481.607716471235,1,0.74279,0.7406640188907296,0.7459789716639055,0.74286,0.7637,32.17500341360769,0.0007811575243522491,CADCHF_merged,44.266287459847014
2019-12-03 19:00:00,2019-12-04 10:00:00,1.4,30.0,0.6831116753148493,9758.738218783563,1,0.74279,0.7405065388085614,0.7459868456680139,0.74286,0.7637,32.17500341360769,0.0007811575243522491,CADCHF_merged,41.31688832468515
2019-12-03 23:00:00,2019-12-04 10:00:00,1.5,29.999999999999996,0.7505582229070863,10722.26032724409,1,0.74301,0.7409311193050999,0.7461283210423499,0.74286,0.7637,35.645204419483946,0.0007072818631046091,CADCHF_merged,44.249441777092905
2019-12-03 14:00:00,2019-12-04 11:00:00,1.3,15.000000000000002,0.45909585007618703,6558.51214394553,1,0.98667,0.984413382999807,0.989603602100251,0.9868,0.99786,24.93035665411279,0.0009596279814443972,USDCHF_merged,19.040904149923815
2019-12-03 07:00:00,2019-12-04 18:00:00,-1.1,30.0,0.5684419124328258,8120.5987490403695,-1,0.65233,0.6547399085061076,0.6487151372408384,0.63216,0.64656,64.95264933771848,0.0009130902269682643,NZDUSD_merged,-33.568441912432824
2019-12-03 07:00:00,2019-12-04 18:00:00,-1.1,29.999999999999996,0.5115977211895433,7308.538874136333,-1,0.65233,0.6550076761178975,0.6485812534349435,0.63216,0.64656,65.59910744925156,0.0009130902269682643,NZDUSD_merged,-33.511597721189545
2019-12-03 07:00:00,2019-12-04 18:00:00,-1.1,60.0,1.0962808311204497,15661.15473029214,-1,0.65233,0.6548291643767042,0.6485812534349435,0.63216,0.64656,66.52322232480732,0.0009130902269682643,NZDUSD_merged,-67.09628083112045
2019-12-03 07:00:00,2019-12-04 19:00:00,-1.1,30.0,0.4459321292262235,6370.45898894605,-1,71.002,71.33636523234763,70.50045215147856,68.878,70.029,45.30006154270548,0.12445785766630602,NZDJPY_merged,-33.44593212922622
2019-12-04 10:00:00,2019-12-05 02:00:00,-1.1,30.0,0.5804543821283296,8292.205458976137,-1,1.30912,1.3138562068142545,1.3020156897786186,1.27684,1.29854,76.6102495167829,0.0017842522598292563,GBPUSD_merged,-33.58045438212833
2019-12-04 10:00:00,2019-12-05 02:00:00,-1.1,30.0,0.6019526925775268,8599.324179678955,-1,1.30912,1.3136870565708882,1.3022694151436678,1.27684,1.29854,80.83428185097573,0.0017842522598292563,GBPUSD_merged,-33.60195269257753
2019-12-04 10:00:00,2019-12-05 02:00:00,-1.1,30.0,0.4784894128587666,6835.563040839524,-1,1.29236,1.298031924868275,1.2844193051844148,1.2673,1.28925,71.54012940776711,0.0021504192927974536,GBPCHF_merged,-33.478489412858764
2019-12-04 12:00:00,2019-12-05 02:00:00,-1.1,30.0,0.6498636553109836,9283.766504442623,-1,1.30939,1.313621224469207,1.3038894081900312,1.27684,1.29854,71.83901371298997,0.0017832583260772746,GBPUSD_merged,-33.64986365531098
2019-12-04 12:00:00,2019-12-05 09:00:00,-1.1,15.0,0.24911440120254372,3558.777160036339,-1,1.30939,1.3149089884380958,1.3016634161866658,1.27684,1.29854,71.83901371298997,0.0017832583260772746,GBPUSD_merged,-16.749114401202544
2019-12-03 19:00:00,2019-12-06 08:00:00,1.4,15.0,0.41890269204152436,5984.3241720217775,1,0.98732,0.9848452343331867,0.9907846719335385,0.9868,0.99786,28.917129018168325,0.000855984080506703,USDCHF_merged,20.581097307958476
2019-12-03 19:00:00,2019-12-06 08:00:00,1.5,30.0,0.8998650421632746,12855.214888046781,1,0.98732,0.9850159078274497,0.9907761382588254,0.9868,0.99786,29.257671718669428,0.000855984080506703,USDCHF_merged,44.10013495783672
2019-12-05 13:00:00,2019-12-06 10:00:00,1.3,30.000000000000004,0.7812133712478988,11160.191017827126,-1,1.3158,1.319337036233246,1.3112018528967804,1.27684,1.29854,75.59820243082744,0.0014858531376458594,GBPUSD_merged,38.218786628752106
2019-12-12 12:00:00,2019-12-12 15:00:00,-1.1,30.0,0.7996511469893041,11423.587814132916,-1,121.325,121.64361706315218,120.91079781790218,119.249,121.472,70.02512203050973,0.1387770751856613,EURJPY_merged,-33.799651146989305
2019-12-13 02:00:00,2019-12-13 09:00:00,1.3,30.0,0.46657563541652464,6665.3662202360665,-1,75.896,76.23759863460876,75.45192177500861,73.355,75.673,75.25055474787375,0.14712677794763687,AUDJPY_merged,38.533424364583475
2019-12-13 07:00:00,2019-12-13 09:00:00,1.3,30.0,0.6817003996069976,9738.577137242823,-1,122.544,122.92150073221075,122.05324904812602,119.249,121.472,67.2756602868891,0.17669284219688544,EURJPY_merged,38.318299600393004
2019-12-13 07:00:00,2019-12-13 10:00:00,1.4,15.0,0.2613184865160157,3733.121235943082,-1,122.544,123.03639225940532,121.85465083683255,119.249,121.472,67.2756602868891,0.17669284219688544,EURJPY_merged,20.738681513483986
2019-12-13 07:00:00,2019-12-13 10:00:00,1.5,15.0,0.27998409269573116,3999.7727527961597,-1,122.544,123.0035661087783,121.85465083683255,119.249,121.472,68.3474016207464,0.17669284219688544,EURJPY_merged,22.22001590730427
2019-12-13 07:00:00,2019-12-13 10:00:00,1.5,15.0,0.27998409269573116,3999.7727527961597,-1,122.544,123.0035661087783,121.85465083683255,119.249,121.472,64.1539018636287,0.17669284219688544,EURJPY_merged,22.22001590730427
2019-12-18 12:00:00,2019-12-19 10:00:00,-1.1,15.0,0.1839873634190128,2628.3909059858975,1,1.98803,1.9766844844101816,2.0050482733847277,2.00018,2.03273,37.33559406120811,0.004094754038826472,GBPNZD_merged,-16.683987363419014
2019-12-18 12:00:00,2019-12-19 10:00:00,-1.1,30.0,0.33117725415422306,4731.103630774615,1,1.98803,1.9754238715668684,2.0056785798063843,2.00018,2.03273,37.30856902547802,0.004094754038826472,GBPNZD_merged,-33.33117725415422
2019-12-18 12:00:00,2019-12-19 10:00:00,-1.1,30.000000000000004,0.35483277230809623,5069.039604401375,1,1.98803,1.976264280129077,2.0056785798063843,2.00018,2.03273,38.19215215889463,0.004094754038826472,GBPNZD_merged,-33.3548327723081
2019-12-19 14:00:00,2019-12-20 02:00:00,0.1948880422819179,30.000000000000004,0.3113842130914583,4448.345901306548,1,1.97057,1.9572803185517482,1.9905045221723774,2.00018,2.03273,32.459173633341706,0.004574435174165113,GBPNZD_merged,5.5352570553660785
2019-12-20 16:00:00,2019-12-23 06:00:00,-1.1,15.0,0.4102057475073124,5860.082107247321,1,1.60506,1.6009515422071945,1.609579303572086,1.60937,1.63231,30.658606351142115,0.0015015331033457965,EURAUD_merged,-16.910205747507312
2019-12-20 14:00:00,2019-12-23 08:00:00,-1.1,15.0,0.3269881056178287,4671.258651683268,1,1.67692,1.6715351986272615,1.6849972020591075,1.71444,1.75164,32.035180519802395,0.001800626055310305,EURNZD_merged,-16.82698810561783
2019-12-26 12:00:00,2019-12-26 19:00:00,-1.1,15.000000000000002,0.47556696765482703,6793.8138236403865,-1,0.65362,0.6550631216772358,0.6514553174841462,0.62798,0.63764,72.33139812696943,0.0006831150273492014,NZDCHF_merged,-16.97556696765483
2019-12-26 18:00:00,2019-12-27 05:00:00,-1.1,59.99999999999999,2.1043552064875737,30062.21723553677,-1,76.072,76.22382912039517,75.8898050555258,73.824,75.673,65.44542055992036,0.060750816146777104,AUDJPY_merged,-68.10435520648757
2019-12-26 17:00:00,2019-12-27 05:00:00,-1.1,15.0,0.7717183580670595,11024.547972386565,-1,76.145,76.24860288719871,76.01031624664166,73.824,75.673,64.03721083180473,0.06073164815806711,AUDJPY_merged,-17.27171835806706
2019-12-26 18:00:00,2019-12-27 05:00:00,-1.1,59.99999999999999,2.1043552064875737,30062.21723553677,-1,76.072,76.22382912039517,75.85943923144677,73.824,75.673,65.75638137927679,0.060750816146777104,AUDJPY_merged,-68.10435520648757
2019-12-26 22:00:00,2019-12-27 05:00:00,-1.1,30.0,0.8079685699179978,11542.408141685684,-1,73.082,73.27194823030749,72.8160724775695,68.878,70.029,69.52027275035796,0.07498077125706984,NZDJPY_merged,-33.807968569917996
2019-12-26 13:00:00,2019-12-27 05:00:00,-1.1,14.999999999999998,0.5245065235955073,7492.950337078676,-1,76.077,76.22929715247851,75.89424341702578,73.824,75.673,79.79732347750831,0.05852018471483256,AUDJPY_merged,-17.02450652359551
2019-12-26 17:00:00,2019-12-27 06:00:00,-1.1,15.0,0.47899760155886445,6842.82287941235,-1,76.145,76.31191576270903,75.97808423729096,73.824,75.673,64.21865089789804,0.06073164815806711,AUDJPY_merged,-16.978997601558863
2019-12-27 10:00:00,2019-12-27 10:00:00,-1.1,30.0,0.7908442751704926,11297.775359578467,-1,76.248,76.45046817866321,76.00503818560415,73.824,75.673,75.49145640984152,0.0964881806463371,AUDJPY_merged,-33.79084427517049
2019-12-27 09:00:00,2019-12-29 17:00:00,-1.1,15.0,0.460088571629936,6572.693880427658,-1,0.69713,0.6987209686637224,0.6952208376035333,0.67539,0.69294,66.81854364835425,0.0006485871065711818,AUDUSD_merged,-16.960088571629935
2019-12-27 09:00:00,2019-12-29 19:00:00,-1.1,30.0,0.7581916701006108,10831.30957286587,-1,0.66947,0.6713242633155194,0.6672448840213766,0.63216,0.64656,58.08561618653035,0.0007972978029072279,NZDUSD_merged,-33.75819167010061
2019-12-27 09:00:00,2019-12-29 19:00:00,-1.1,15.0,0.3790958350503054,5415.654786432935,-1,0.66947,0.6713242633155194,0.6668740313582727,0.63216,0.64656,59.09724592593654,0.0007972978029072279,NZDUSD_merged,-16.879095835050304
2019-12-27 15:00:00,2019-12-30 08:00:00,-1.1,15.000000000000002,0.5614771954304207,8021.1027918631535,-1,0.69858,0.6998863914366775,0.6968816911323192,0.67539,0.69294,69.07288824518734,0.0007482178046352125,AUDUSD_merged,-17.061477195430424
2019-12-26 12:00:00,2019-12-30 09:00:00,1.2,15.0,0.3994762528300547,5706.803611857925,-1,0.65362,0.6553380019967093,0.6515583976039487,0.62798,0.63764,72.33139812696943,0.0006831150273492014,NZDCHF_merged,17.600523747169944
2019-12-27 15:00:00,2019-12-30 10:00:00,-1.1,14.999999999999998,0.4812661675117891,6875.23096445413,-1,0.69858,0.7001041233427904,0.6962938149858143,0.67539,0.69294,69.85343125818909,0.0007482178046352125,AUDUSD_merged,-16.98126616751179
2019-12-30 02:00:00,2019-12-30 11:00:00,-1.1,30.0,1.0079517303484842,14399.310433549776,-1,1.11955,1.1218825075290928,1.11628448945927,1.09811,1.11995,69.53794372343397,0.0009470742250916176,EURUSD_merged,-34.00795173034848
2019-12-27 15:00:00,2019-12-30 11:00:00,-1.1,30.0,0.8085271614198057,11550.38802028294,-1,0.69858,0.7003944325509409,0.6960397944286826,0.67539,0.69294,69.85081441497793,0.0007482178046352125,AUDUSD_merged,-33.8085271614198
2019-12-27 15:00:00,2019-12-30 11:00:00,-1.1,15.0,0.40426358070990287,5775.19401014147,-1,0.69858,0.7003944325509409,0.6964026809388708,0.67539,0.69294,69.85343125818909,0.0007482178046352125,AUDUSD_merged,-16.9042635807099
2019-12-27 09:00:00,2019-12-30 17:00:00,1.2,30.0,0.7207524607931651,10296.463725616646,-1,73.322,73.5356325692604,73.06564091688752,68.878,70.029,55.41472666370156,0.09406352572529084,NZDJPY_merged,35.279247539206835
2019-12-26 12:00:00,2019-12-30 17:00:00,1.4,15.0,0.3994762528300547,5706.803611857925,-1,0.65362,0.6553380019967093,0.651214797204607,0.62798,0.63764,70.923804413209,0.0006831150273492014,NZDCHF_merged,20.600523747169944
2019-12-31 00:00:00,2019-12-31 07:00:00,-1.1,15.0,0.4574049293883514,6534.356134119306,1,0.96795,0.965728013670821,0.9703941849620968,0.9868,1.00231,29.783166726697306,0.0007848894782890809,USDCHF_merged,-16.95740492938835
2019-12-30 20:00:00,2019-12-31 07:00:00,-1.1,15.0,0.3692655383862998,5275.22197694714,1,0.96863,0.9658757177985127,0.9722105668619334,0.9868,1.00231,28.89737506943763,0.0009583415916092412,USDCHF_merged,-16.8692655383863
2020-01-01 22:00:00,2020-01-08 10:00:00,1.5,15.0,0.40220653411807206,5745.807630258173,1,1.2979,1.2945117034796856,1.3029824447804716,1.30417,1.33273,37.311772973241595,0.0011492082454208769,USDCAD_merged,22.097793465881928
2020-01-13 21:00:00,2020-01-14 03:00:00,1.0,15.0,0.7839278873317425,11198.969819024893,-1,110.066,110.2134233814967,109.91857661850331,107.887,109.727,68.42964418989965,0.08262317299432301,USDJPY_merged,14.216072112668257
2020-01-13 06:00:00,2020-01-14 03:00:00,-1.1,60.0,1.0223803450263007,14605.433500375724,1,1.26309,1.257901150247745,1.2708732746283824,1.26464,1.33096,30.378625782032344,0.001887882925598868,GBPCHF_merged,-67.0223803450263
2020-01-14 09:00:00,2020-01-14 10:00:00,-1.1,30.0,0.9677582159777783,13825.11737111112,-1,113.405,113.65108471007336,113.08508987690463,108.794,110.174,64.22307943879534,0.14230560440292106,CHFJPY_merged,-33.96775821597778
2020-01-14 09:00:00,2020-01-14 10:00:00,-1.1,30.0,0.9677582159777783,13825.11737111112,-1,113.405,113.65108471007336,113.15891528992664,108.794,110.174,64.52343574714908,0.14230560440292106,CHFJPY_merged,-33.96775821597778
2020-01-14 09:00:00,2020-01-14 13:00:00,-1.1,30.0,0.6967859155040004,9954.084507200007,-1,113.405,113.74678431954634,112.99485881654441,108.794,110.174,61.75308435308117,0.14230560440292106,CHFJPY_merged,-33.696785915504
2020-01-13 21:00:00,2020-01-14 18:00:00,1.3,15.0,0.7839278873317425,11198.969819024893,-1,110.066,110.2134233814967,109.8743496040543,107.887,109.727,69.18381896095808,0.08262317299432301,USDJPY_merged,18.716072112668257
2020-01-14 09:00:00,2020-01-15 03:00:00,-1.1,30.0,0.5736807956951657,8195.439938502368,1,0.74174,0.7390248071406809,0.7458127892889785,0.74034,0.75362,38.65734554205331,0.0009879681569248426,CADCHF_merged,-33.57368079569517
2020-01-14 10:00:00,2020-01-15 08:00:00,-1.1,30.0,0.577801655374689,8254.309362495558,-1,113.548,113.96068625276847,113.13531374723154,108.794,110.174,66.50041403147634,0.14328377551699756,CHFJPY_merged,-33.57780165537469
2020-01-13 21:00:00,2020-01-15 09:00:00,1.2,15.0,0.5644280788788546,8063.258269697923,-1,110.066,110.27075469652318,109.82029436417218,107.887,109.727,70.71980656713939,0.08262317299432301,USDJPY_merged,17.435571921121145
2020-01-13 21:00:00,2020-01-15 09:00:00,1.0,15.0,0.48657593006797806,6951.08471525683,-1,110.066,110.30351544796689,109.82848455203312,107.887,109.727,69.55318773173869,0.08262317299432301,USDJPY_merged,14.513424069932022
2020-01-13 21:00:00,2020-01-16 19:00:00,-1.1,15.0,0.522618591554495,7465.9798793499285,-1,110.066,110.28713507224504,109.80063791330596,107.887,109.727,70.71980656713939,0.08262317299432301,USDJPY_merged,-17.022618591554494
2020-01-22 13:00:00,2020-01-22 19:00:00,1.0,30.0,0.7448914015767546,10641.30573681078,-1,1.91969,1.925101995616363,1.9142780043836367,1.863,1.91567,68.28866874775235,0.0028890453576476596,GBPAUD_merged,29.255108598423245
2020-01-22 13:00:00,2020-01-22 21:00:00,1.2,30.0,0.5363218091352632,7661.740130503761,-1,1.91969,1.927206660578282,1.9106700073060614,1.863,1.91567,69.71028575604053,0.0028890453576476596,GBPAUD_merged,35.463678190864734
2020-01-22 13:00:00,2020-01-22 21:00:00,1.0,30.0,0.4623463871855717,6604.94838836531,-1,1.91969,1.9284093262708073,1.9109706737291925,1.863,1.91567,69.22490617961414,0.0028890453576476596,GBPAUD_merged,29.537653612814427
2020-01-22 16:00:00,2020-01-23 09:00:00,1.3,29.999999999999996,0.9022043516652208,12888.633595217441,-1,1.9917,1.9963359452736846,1.9856732711442102,1.94133,1.98388,71.24129991975032,0.0024922733554722056,GBPNZD_merged,38.09779564833478
2020-01-22 16:00:00,2020-01-23 10:00:00,1.2,29.999999999999996,0.6495871331989589,9279.816188556557,-1,1.9917,1.9981388128801174,1.9839734245438592,1.94133,1.98388,74.72022222186226,0.0024922733554722056,GBPNZD_merged,35.35041286680104
2020-01-22 16:00:00,2020-01-23 10:00:00,1.0,30.0,0.559988907930137,7999.841541859101,-1,1.9917,1.9991690229409362,1.9842309770590638,1.94133,1.98388,71.94951730941357,0.0024922733554722056,GBPNZD_merged,29.440011092069863
2020-01-23 02:00:00,2020-01-23 13:00:00,1.2,30.0,0.7770604667317617,11100.863810453739,1,0.73568,0.7336918303965484,0.738065803524142,0.74094,0.75038,27.355557781602556,0.0007720344241391787,CADCHF_merged,35.22293953326824
2020-01-23 03:00:00,2020-01-23 13:00:00,1.5,14.999999999999998,0.47652020233449904,6807.431461921416,1,0.73578,0.7341587277093077,0.7382119084360385,0.74094,0.75038,32.75515624409702,0.0007740319652721041,CADCHF_merged,22.023479797665498
2020-01-23 02:00:00,2020-01-23 13:00:00,1.2,15.0,0.3597502160795193,5139.28880113599,1,0.73568,0.7335327768282722,0.7382566678060732,0.74094,0.75038,27.355557781602556,0.0007720344241391787,CADCHF_merged,17.64024978392048
2020-01-23 01:00:00,2020-01-23 14:00:00,1.3,15.0,0.3321051713809923,4744.359591157034,1,0.73547,0.7331447019723035,0.7384928874360053,0.74034,0.75038,32.625993879972654,0.0007952678413806391,CADCHF_merged,19.16789482861901
2020-01-23 02:00:00,2020-01-23 14:00:00,1.4,15.0,0.38853023336588083,5550.431905226869,1,0.73568,0.7336918303965484,0.7384634374448322,0.74094,0.75038,28.22013894459949,0.0007720344241391787,CADCHF_merged,20.61146976663412
2020-01-23 03:00:00,2020-01-24 02:00:00,1.5,15.0,0.34506635341463726,4929.519334494818,1,0.73578,0.7335411001699964,0.7391383497450054,0.74034,0.75038,35.10816574358358,0.0007740319652721041,CADCHF_merged,22.154933646585363
2020-01-26 20:00:00,2020-01-27 04:00:00,-1.1,30.0,0.7195048336469082,10278.640480670118,1,120.278,119.92694773712674,120.8045783943099,120.167,122.648,33.48445509227017,0.16287004820926726,EURJPY_merged,-33.71950483364691
2020-01-23 12:00:00,2020-01-27 05:00:00,-1.1,30.0,1.1590717654527105,16558.168077895865,1,1.07081,1.0688699121926486,1.073720131711027,1.08627,1.10327,30.285150833361794,0.000915004812774429,EURCHF_merged,-34.15907176545271
2020-01-23 12:00:00,2020-01-27 06:00:00,-1.1,30.0,0.9015002620187749,12878.575171696784,1,1.07081,1.0683156013905484,1.073803278331342,1.08627,1.10327,30.285150833361794,0.000915004812774429,EURCHF_merged,-33.90150026201877
2020-01-27 10:00:00,2020-01-28 03:00:00,-1.1,30.000000000000004,0.5123887748811446,7319.839641159209,1,0.65638,0.6536898591000169,0.6596081690799797,0.6621,0.68381,23.001626221271156,0.0011084809057080262,AUDCHF_merged,-33.51238877488115
2020-01-27 10:00:00,2020-01-28 03:00:00,-1.1,30.000000000000004,0.5123887748811446,7319.839641159209,1,0.65638,0.6536898591000169,0.6601461972599763,0.6621,0.68381,24.26693249960374,0.0011084809057080262,AUDCHF_merged,-33.51238877488115
2020-01-26 20:00:00,2020-01-28 04:00:00,-1.1,30.0,0.604384060263403,8634.0580037629,1,120.278,119.86008063943659,120.7795032326761,120.167,122.648,33.48445509227017,0.16287004820926726,EURJPY_merged,-33.604384060263406
2020-01-27 13:00:00,2020-01-28 04:00:00,-1.1,30.0,0.6317136720501809,9024.4810292883,-1,1.62944,1.6348567325346857,1.6229399209583772,1.59574,1.62932,70.51356072605364,0.0020826435128832865,EURAUD_merged,-33.63171367205018
2020-01-26 20:00:00,2020-01-28 04:00:00,-1.1,15.0,0.279807435307131,3997.249075816157,1,120.278,119.82664709059152,120.77448820034934,120.167,122.87,33.62064354053782,0.16287004820926726,EURJPY_merged,-16.77980743530713
2020-01-27 10:00:00,2020-01-28 04:00:00,-1.1,30.000000000000004,0.441714461104435,6310.206587206215,1,0.65638,0.6532594365560196,0.6604367324771745,0.6621,0.68201,29.82624912496289,0.0011084809057080262,AUDCHF_merged,-33.44171446110444
2020-01-26 20:00:00,2020-01-28 04:00:00,-1.1,30.0,0.604384060263403,8634.0580037629,1,120.278,119.86008063943659,120.86308710478879,120.167,122.503,33.27900447150577,0.16287004820926726,EURJPY_merged,-33.604384060263406
2020-01-26 20:00:00,2020-01-28 04:00:00,-1.1,30.0,0.559614870614262,7994.498151632314,1,120.278,119.82664709059152,120.81962349129019,120.167,122.648,33.48445509227017,0.16287004820926726,EURJPY_merged,-33.55961487061426
2020-01-26 20:00:00,2020-01-30 12:00:00,-1.1,60.0,1.0420414832127636,14886.30690303948,1,120.278,119.79321354174645,120.90822239572964,120.167,122.503,33.62064354053782,0.16287004820926726,EURJPY_merged,-67.04204148321277
2020-01-30 16:00:00,2020-01-31 02:00:00,-1.1,30.000000000000004,0.4403025332903984,6290.036189862835,-1,2.01664,2.026258259446186,2.007021740553814,1.94133,1.98388,71.69821446886182,0.003176881103458589,GBPNZD_merged,-33.44030253329041
2020-01-30 12:00:00,2020-01-31 03:00:00,-1.1,30.0,0.8719438713339553,12456.341019056506,-1,1.69975,1.7038436981351097,1.6944281924243576,1.66171,1.69203,74.8744123630478,0.0023018284030327037,EURNZD_merged,-33.871943871333954
2020-01-30 12:00:00,2020-01-31 03:00:00,-1.1,30.0,0.8719438713339553,12456.341019056506,-1,1.69975,1.7038436981351097,1.6956563018648905,1.66171,1.69203,73.18921149234544,0.0023018284030327037,EURNZD_merged,-33.871943871333954
2020-01-30 12:00:00,2020-01-31 04:00:00,-1.1,60.00000000000001,0.9487240549301319,13553.200784716171,-1,1.64275,1.6500224518411288,1.635477548158871,1.59574,1.62932,70.89479286594123,0.002584331870312248,EURAUD_merged,-66.94872405493015
2020-01-30 12:00:00,2020-01-31 04:00:00,-1.1,30.0,0.7642499331381619,10917.856187688029,-1,1.64275,1.6472639356255283,1.636881883686813,1.59574,1.62932,70.2809808702132,0.002584331870312248,EURAUD_merged,-33.76424993313816
2020-01-30 12:00:00,2020-01-31 04:00:00,-1.1,30.000000000000004,0.5412065408279721,7731.522011828174,-1,1.69975,1.7063454025510099,1.6931545974489903,1.66171,1.69203,75.78388679394732,0.0023018284030327037,EURNZD_merged,-33.54120654082798
2020-01-31 06:00:00,2020-01-31 09:00:00,-1.1,15.0,0.3101983960521812,4431.405657888303,-1,2.02796,2.0348245035793218,2.0210954964206786,1.95411,1.98388,72.83232333077412,0.0033560389976591784,GBPNZD_merged,-16.810198396052183
2020-01-31 06:00:00,2020-01-31 09:00:00,-1.1,15.0,0.43427775447305367,6203.967921043624,-1,2.02796,2.032863216842373,2.0230567831576276,1.94133,1.98388,73.88155311992597,0.0033560389976591784,GBPNZD_merged,-16.934277754473055
2020-01-31 06:00:00,2020-01-31 09:00:00,-1.1,15.0,0.43427775447305367,6203.967921043624,-1,2.02796,2.032863216842373,2.0230567831576276,1.94133,1.98388,72.83232333077412,0.0033560389976591784,GBPNZD_merged,-16.934277754473055
2020-01-31 06:00:00,2020-01-31 09:00:00,-1.1,14.999999999999998,0.3257083158547902,4652.975940782718,-1,2.02796,2.034497622456497,2.018153566315255,1.95411,1.98388,72.83232333077412,0.0033560389976591784,GBPNZD_merged,-16.82570831585479
2020-01-31 06:00:00,2020-01-31 09:00:00,-1.1,15.0,0.4071353948184879,5816.219925978398,-1,2.02796,2.0331900979651976,2.022729902034803,1.94133,1.98388,73.67447318072267,0.0033560389976591784,GBPNZD_merged,-16.90713539481849
2020-01-31 06:00:00,2020-01-31 10:00:00,-1.1,15.0,0.28322462248242636,4046.066035463234,-1,2.02796,2.0354782658249713,2.0181862544275377,1.95411,1.98388,72.83232333077412,0.0033560389976591784,GBPNZD_merged,-16.783224622482425
2020-01-31 05:00:00,2020-01-31 10:00:00,-1.1,15.0,0.3540550037868241,5057.928625526059,-1,1.73548,1.7406268104687403,1.7293038274375112,1.69174,1.72266,65.54239937423938,0.002214182621834157,GBPCAD_merged,-16.854055003786826
2020-02-02 20:00:00,2020-02-03 03:00:00,1.2,60.0,1.2890609964359823,18415.157091942605,-1,1.74483,1.7505149800127857,1.7380080239846574,1.69174,1.72266,66.94864088467611,0.0022874029811372916,GBPCAD_merged,70.71093900356402
2020-02-02 19:00:00,2020-02-03 04:00:00,1.2,60.0,0.9426503716983077,13466.433881404397,-1,1.96934,1.9781144388039633,1.9588106734352442,1.87659,1.91567,62.69853281684576,0.0037463007277238583,GBPAUD_merged,71.0573496283017
2020-02-02 20:00:00,2020-02-03 07:00:00,1.0,15.0,0.45381956412275204,6483.13663032503,-1,1.71398,1.7179456267430402,1.71001437325696,1.66171,1.69203,70.17832345041681,0.0025379083776572277,EURNZD_merged,14.546180435877249
2020-02-02 19:00:00,2020-02-03 09:00:00,1.2,15.000000000000002,0.2693510201953032,3847.8717170757604,-1,1.6569,1.6633590250994355,1.6491491698806775,1.59574,1.62932,62.52266246935307,0.0028261704253768173,EURAUD_merged,17.7306489798047
2020-02-02 20:00:00,2020-02-03 10:00:00,1.5,15.0,0.3630556512982017,5186.509304260025,-1,1.71398,1.7189370334288,1.7065444498567999,1.66171,1.69203,70.05032369412356,0.0025379083776572277,EURNZD_merged,22.1369443487018
2020-02-02 20:00:00,2020-02-03 10:00:00,1.2,90.0,1.8152782564910086,25932.546521300126,-1,1.71398,1.7199284401145603,1.7068418718625278,1.66171,1.69203,70.14786946635371,0.0025379083776572277,EURNZD_merged,106.18472174350899
2020-02-19 16:00:00,2020-02-19 20:00:00,1.2,90.0,1.5111722020937026,21588.174315624325,-1,74.275,74.58464869480241,73.90342156623711,72.41,74.391,66.86989618186104,0.12730455453664732,AUDJPY_merged,106.4888277979063
2020-02-20 08:00:00,2020-02-20 09:00:00,-1.1,15.0,0.38396258964276647,5485.179852039521,-1,84.435,84.66589944799696,84.20410055200304,81.574,84.567,69.52638308700664,0.15436632495050195,CADJPY_merged,-16.883962589642767
2020-02-20 08:00:00,2020-02-20 09:00:00,-1.1,15.0,0.38396258964276647,5485.179852039521,-1,84.435,84.66589944799696,84.20410055200304,81.574,84.567,69.51971680843664,0.15436632495050195,CADJPY_merged,-16.883962589642767
2020-02-20 08:00:00,2020-02-20 09:00:00,-1.1,30.0,0.7199298555801871,10284.712222574102,-1,84.435,84.6812927445301,84.18870725546991,81.574,84.567,69.63492393814174,0.15436632495050195,CADJPY_merged,-33.71992985558019
2020-02-20 08:00:00,2020-02-21 03:00:00,1.0,15.0,0.27425899260197606,3917.985608599658,-1,84.435,84.75825922719575,84.11174077280425,81.574,84.567,69.51971680843664,0.15436632495050195,CADJPY_merged,14.725741007398025
2020-02-20 08:00:00,2020-02-23 17:00:00,1.3,14.999999999999998,0.2504103845496303,3577.291207851862,-1,84.435,84.78904582026202,83.97474043365939,81.574,84.567,69.51971680843664,0.15436632495050195,CADJPY_merged,19.24958961545037
2020-02-20 08:00:00,2020-02-23 17:00:00,1.2,90.0,1.4398597111603746,20569.424445148208,-1,84.435,84.80443911679515,83.99167305984582,81.574,84.567,69.61335009577981,0.15436632495050195,CADJPY_merged,106.56014028883962
2020-02-20 08:00:00,2020-02-23 17:00:00,1.5,59.99999999999999,1.1518877689282994,16455.539556118565,-1,84.435,84.74286593066262,83.97320110400607,81.574,84.567,69.51971680843664,0.15436632495050195,CADJPY_merged,88.84811223107168
2020-02-27 19:00:00,2020-02-27 20:00:00,-1.1,90.0,1.614986168202726,23071.230974324662,-1,1.7424,1.749197036541939,1.7342435561496732,1.67846,1.71759,71.119201271013,0.002925520090631169,EURNZD_merged,-100.61498616820273
2020-02-27 18:00:00,2020-02-27 20:00:00,-1.1,30.0,0.7987656224037484,11410.937462910691,-1,1.74286,1.7474420775172896,1.7382779224827105,1.67846,1.71759,70.3747492212632,0.002832098559141256,EURNZD_merged,-33.79876562240375
2020-02-27 18:00:00,2020-02-27 22:00:00,-1.1,30.0,0.5677293874745187,8110.4198210645545,-1,1.47252,1.4779667710642137,1.4670732289357864,1.44553,1.47195,73.62302918133975,0.0025448647562849773,EURCAD_merged,-33.56772938747452
2020-02-27 19:00:00,2020-02-27 22:00:00,-1.1,60.0,1.2147969719667924,17354.242456668464,-1,1.47214,1.47722972951257,1.464505405731145,1.44553,1.47195,74.20849848243621,0.0024938029879789077,EURCAD_merged,-67.21479697196679
2020-02-27 18:00:00,2020-02-27 23:00:00,-1.1,30.0,0.5183616146506476,7405.16592358068,-1,1.47252,1.4784855111655675,1.4647648354847624,1.44553,1.47195,73.62302918133975,0.0025448647562849773,EURCAD_merged,-33.51836161465065
2020-02-27 15:00:00,2020-02-28 02:00:00,-1.1,60.00000000000001,1.3068306813472028,18669.00973353147,-1,0.85219,0.8549288383599245,0.8480817424601133,0.83868,0.85376,74.80291022294541,0.001341603524250679,EURGBP_merged,-67.30683068134722
2020-02-27 13:00:00,2020-02-28 02:00:00,-1.1,30.000000000000004,0.5816158225751307,8308.79746535901,-1,0.85214,0.8552167629258725,0.8490632370741276,0.83868,0.85376,75.21973747689798,0.001424759116882407,EURGBP_merged,-33.58161582257514
2020-02-27 13:00:00,2020-02-28 03:00:00,-1.1,59.99999999999999,1.0620810673111079,15172.586675872972,-1,0.85214,0.8555097879664318,0.8477592756436387,0.8282,0.85376,75.21973747689798,0.001424759116882407,EURGBP_merged,-67.06208106731111
2020-02-27 21:00:00,2020-02-28 03:00:00,-1.1,90.0,1.8095747859200997,25851.06837028714,-1,0.85239,0.8553575794787721,0.8488289046254734,0.8282,0.85376,70.81652796876436,0.001191742060239242,EURGBP_merged,-100.80957478592012
2020-02-28 02:00:00,2020-02-28 10:00:00,-1.1,90.0,0.8189492117163779,11699.274453091113,1,67.999,67.47589833035902,68.62672200356917,69.943,71.342,23.23832902710936,0.21996195551585418,NZDJPY_merged,-99.81894921171639
2020-02-28 01:00:00,2020-02-28 16:00:00,1.5,29.999999999999996,0.9545762539878994,13636.803628398564,-1,1.34425,1.3472072545809795,1.3398141181285306,1.29514,1.33291,71.937027400213,0.0014222967697405042,USDCAD_merged,44.04542374601209
2020-03-06 11:00:00,2020-03-08 16:00:00,-3.780137646356472,30.0,0.49557564871695453,7079.652124527923,1,0.69832,0.6953608715525134,0.7012791284474867,0.72521,0.74439,30.907284474979967,0.0020254128484441425,CADCHF_merged,-113.89970503941112
2020-03-06 11:00:00,2020-03-08 16:00:00,-1.4446158317939102,90.0,1.295702085824088,18510.02979748697,1,0.93762,0.9330610770310345,0.9444583844534483,0.96271,0.98484,32.14195172657063,0.002354499949876872,USDCHF_merged,-131.311126947276
2020-03-06 11:00:00,2020-03-08 16:00:00,-1.7807697897423878,30.000000000000004,0.5398758690933699,7712.512415619572,1,0.93762,0.9339728616248276,0.9412671383751724,0.96271,0.98484,32.17031817571247,0.002354499949876872,USDCHF_merged,-53.962969561365014
2020-03-06 11:00:00,2020-03-08 16:00:00,-3.550129043459193,29.999999999999996,0.4646021706721449,6637.173866744927,1,0.69832,0.695163596322681,0.7014764036773191,0.72521,0.74439,31.000516447180857,0.0020254128484441425,CADCHF_merged,-106.96847347444792
2020-04-14 17:00:00,2020-04-14 21:00:00,-1.1,15.0,0.5545833768669448,7922.619669527783,-1,1.05477,1.0567670099108573,1.051774485133714,0.9994,1.05313,69.18472265095562,0.0012719585162450095,AUDNZD_merged,-17.054583376866944
2020-04-28 06:00:00,2020-04-28 21:00:00,1.4,15.0,0.2803533566585777,4005.047952265396,-1,1.07314,1.0771592028140125,1.0675131160603826,0.9994,1.05313,69.00498859421457,0.0013955082902010537,AUDNZD_merged,20.719646643341424
2020-05-01 13:00:00,2020-05-05 01:00:00,1.4,60.0,0.5993611677663168,8562.30239666167,-1,1.54755,1.5583943962497986,1.5323678452502818,1.51208,1.54552,68.93033433349734,0.0036666293410685443,EURCAD_merged,83.40063883223368
2020-05-19 08:00:00,2020-05-22 05:00:00,1.4,60.0,0.8321104092255351,11887.291560364789,-1,117.962,118.55740223810098,117.12843686665865,114.426,117.775,73.83910659738898,0.2065746082589321,EURJPY_merged,83.16788959077446
2020-05-26 16:00:00,2020-05-27 05:00:00,-1.1,90.0,1.1709846734338376,16728.35247762625,-1,77.906,78.32514109649338,77.31920246490928,74.78,77.254,67.59335625755502,0.14742202597078655,CADJPY_merged,-100.17098467343385
2020-05-26 12:00:00,2020-05-27 09:00:00,1.4,60.0,0.6795884001825163,9708.40571689309,-1,0.66427,0.668375329048069,0.6585225393327034,0.64017,0.65611,72.63069452039524,0.0014066570843570582,AUDUSD_merged,83.32041159981749
2020-05-26 12:00:00,2020-05-29 08:00:00,-1.1,90.0,1.0285263576626928,14693.233680895613,-1,0.62011,0.6239083401892372,0.6147923237350679,0.59206,0.61558,72.20467473259399,0.0012669315876867992,NZDUSD_merged,-100.02852635766271
2020-05-28 16:00:00,2020-05-29 10:00:00,-1.1,15.0,0.21622302848459934,3088.900406922848,-1,119.149,119.72759910147781,118.33896125793106,114.426,117.775,64.32662186036215,0.19283715071949523,EURJPY_merged,-16.7162230284846
2020-05-29 10:00:00,2020-05-29 13:00:00,1.4,15.000000000000002,0.3547915750676008,5068.451072394298,-1,1.07089,1.074059281851706,1.0664530054076113,1.05045,1.06112,53.40811108430657,0.0012433661101522492,EURCHF_merged,20.6452084249324
2020-05-26 12:00:00,2020-05-29 16:00:00,-0.174367220516938,90.0,0.9908146329789324,14154.494756841892,-1,66.745,67.16939169346517,66.15085162914876,63.448,65.793,71.71585719486745,0.14396039445929085,NZDJPY_merged,-16.683864479503352
2020-05-26 16:00:00,2020-05-29 16:00:00,-0.8061333502319559,60.0,0.6062801642881331,8661.145204116188,-1,71.448,71.94295533199958,70.75506253520057,67.63,70.167,64.8931414724872,0.17026894866981943,AUDJPY_merged,-48.97428117820548
2020-06-01 00:00:00,2020-06-01 10:00:00,-1.1,30.000000000000004,0.2281615213935484,3259.45030562212,-1,0.67191,0.6780942636364884,0.6632520309089162,0.6253,0.65695,65.55767648711797,0.0020680400806490033,AUDUSD_merged,-33.22816152139355
2020-05-29 14:00:00,2020-06-02 04:00:00,-1.1,60.0,0.8052388516570518,11503.412166529311,-1,119.617,120.24090357713884,118.74353499200564,114.426,117.775,65.20350688896563,0.21770065277844405,EURJPY_merged,-66.80523885165705
2020-06-02 22:00:00,2020-06-03 11:00:00,-1.1,15.0,0.26927300758046646,3846.757251149521,-1,108.463,108.88593934703412,107.8708849141522,105.986,108.088,61.75038859994042,0.14385250028186533,USDJPY_merged,-16.769273007580466
2020-06-04 09:00:00,2020-06-04 10:00:00,-1.1,15.0,0.2100790889660567,3001.1298423722387,-1,113.35,113.9165366343017,112.5568487119776,108.657,111.516,58.13783253289977,0.2030462129537504,CHFJPY_merged,-16.710079088966058
2020-06-04 12:00:00,2020-06-05 02:00:00,-1.1,15.000000000000002,0.11109184625314315,1587.0263750449024,-1,0.64508,0.6511770631314973,0.6365441116159039,0.59206,0.61755,59.4782253984524,0.0020622615938291674,NZDUSD_merged,-16.611091846253146
2020-06-05 05:00:00,2020-06-05 08:00:00,-1.1,15.0,0.1435016599809798,2050.0237140139975,-1,0.62219,0.6267425570929743,0.615816420069836,0.57549,0.59939,64.4528669773083,0.001536286753908051,NZDCHF_merged,-16.64350165998098
2020-06-05 04:00:00,2020-06-05 09:00:00,-1.1,15.0,0.2746065804300901,3922.951149001288,-1,1.0861,1.0902528684353228,1.0802859841905483,1.05045,1.06112,61.73261152476752,0.00144402191278803,EURCHF_merged,-16.77460658043009
2020-06-05 15:00:00,2020-06-08 09:00:00,1.4,30.0,0.5729231748197994,8184.616783139992,-1,109.61,110.01176590879291,109.04752772768991,105.986,108.088,63.97179426866119,0.13421568508147613,USDJPY_merged,41.4270768251802
2020-06-05 14:00:00,2020-06-08 20:00:00,-1.1,30.0,0.291071410668142,4158.163009544886,-1,1.26637,1.275506510500621,1.2535788852991308,1.20745,1.26429,58.3619814841789,0.003039769372119991,GBPUSD_merged,-33.291071410668145
2020-06-08 18:00:00,2020-06-09 03:00:00,1.4,30.0,0.35133499052320294,5019.071293188614,-1,0.65522,0.6591363819064846,0.6497370653309216,0.59206,0.61755,64.73333101325986,0.001321156768086196,NZDUSD_merged,41.648665009476794
2020-06-05 13:00:00,2020-06-09 04:00:00,1.4,15.0,0.14851622791510347,2121.6603987871927,-1,0.71651,0.7215756787514833,0.7094180497479232,0.68023,0.70317,63.63686295293235,0.0016613010780611869,CADCHF_merged,20.851483772084897
2020-06-26 12:00:00,2020-06-29 05:00:00,-1.1,30.0,0.5030110041012322,7185.871487160461,-1,0.90909,0.9128853225365539,0.9037765484488245,0.8864,0.90544,64.98380560245691,0.0012823939156453405,EURGBP_merged,-33.50301100410123
2020-07-08 12:00:00,2020-07-09 15:00:00,1.4,30.0,0.7014570458353179,10020.814940504542,-1,114.457,114.7996577599114,113.97727913612403,111.921,114.589,59.670431748852145,0.11657514479921778,CHFJPY_merged,41.29854295416468
2020-07-10 13:00:00,2020-07-13 08:00:00,1.4,30.000000000000004,0.5146504303344875,7352.149004778394,-1,1.71814,1.7251507665073844,1.7083249268896619,1.67499,1.71748,61.45469387963513,0.002391255285615722,GBPCAD_merged,41.485349569665516
2020-07-13 18:00:00,2020-07-14 05:00:00,-1.1,29.999999999999996,0.6280794723040509,8972.56389005787,-1,1.54346,1.5486205985276191,1.5362351620613335,1.51511,1.54255,65.14846151982226,0.0017302655384001727,EURCAD_merged,-33.62807947230405
2020-07-14 23:00:00,2020-07-15 04:00:00,-1.1,30.0,0.6421416769840377,9173.452528343396,-1,1.14026,1.1439889995118313,1.1350394006834363,1.1168,1.14224,60.13633964347109,0.001259728907729216,EURUSD_merged,-33.64214167698404
2020-07-15 10:00:00,2020-07-15 11:00:00,1.4,30.0,0.6808832477284119,9726.903538977314,-1,1.55144,1.5562249965627286,1.5447410048121797,1.51511,1.54255,45.44503650354347,0.002010713185110167,EURCAD_merged,41.31911675227159
2020-07-15 11:00:00,2020-07-15 20:00:00,1.4,30.0,0.48223572899763284,6889.081842823327,-1,0.95044,0.9545788969750306,0.9446455442349571,0.92699,0.94442,44.620842068721295,0.0015988340067832267,AUDCAD_merged,41.51776427100237
2020-07-07 13:00:00,2020-07-15 21:00:00,1.4,30.0,0.48602081969539596,6943.154567077086,-1,0.89114,0.8949904399897373,0.885749384014368,0.86858,0.85747,60.485944217096716,0.0012936137898173431,NZDCAD_merged,41.5139791803046
2020-07-15 08:00:00,2020-07-16 13:00:00,1.4,30.0,0.5709725387431046,8156.750553472924,-1,1.14384,1.1480469694022197,1.1379502428368922,1.1168,1.14224,65.0068641924263,0.0014242020253413127,EURUSD_merged,41.429027461256894
2020-07-22 04:00:00,2020-07-22 06:00:00,-1.1,90.0,1.5552252993152367,22217.504275931955,-1,1.15186,1.1565260236322,1.1453275669149203,1.1168,1.14224,61.13440528649966,0.0016733326901132574,EURUSD_merged,-100.55522529931525
2020-07-22 18:00:00,2020-07-23 04:00:00,-1.1,90.0,1.8556051394750854,26508.64484964408,-1,79.851,80.12210363584265,79.4714549098203,78.383,79.696,65.68607273719708,0.09216372576242451,CADJPY_merged,-100.8556051394751
2020-07-21 10:00:00,2020-07-23 06:00:00,1.4,60.0,0.8832191897872158,12617.416996960226,1,1.61386,1.6061855607686322,1.6246042149239153,1.61695,1.6445,30.391636969739558,0.002756618473098113,EURAUD_merged,83.11678081021279
2020-07-22 04:00:00,2020-07-23 12:00:00,1.4,90.0,1.6197386321537475,23139.12331648211,-1,0.89441,0.8978888223779706,0.8895396486708411,0.86858,0.85747,63.55521199596418,0.0012010515003354398,NZDCAD_merged,124.38026136784624
2020-07-23 09:00:00,2020-07-23 23:00:00,1.4,60.0,1.1927458674560893,17039.226677944134,-1,79.833,80.11411487044187,79.43943918138137,78.383,79.696,58.27915573754356,0.10015500777695466,CADJPY_merged,82.80725413254392
2020-07-24 15:00:00,2020-07-27 06:00:00,-1.1,90.00000000000001,1.5298203867885158,21854.576954121654,-1,1.56199,1.5684224786654581,1.5529845298683587,1.51511,1.54255,64.66960647716664,0.0021275177992846166,EURCAD_merged,-100.52982038678854
2020-07-30 17:00:00,2020-07-30 22:00:00,-1.1,15.0,0.3932764601564653,5618.235145092362,-1,1.75751,1.7622023365290305,1.7528176634709693,1.67499,1.72063,75.31251703949457,0.0031919226132093824,GBPCAD_merged,-16.893276460156464
2020-07-31 12:00:00,2020-07-31 16:00:00,1.0,15.000000000000002,0.35570281158822653,5081.468736974665,-1,1.75765,1.7628384113363051,1.7524615886636947,1.67499,1.72063,59.233177141494,0.00348187368437944,GBPCAD_merged,14.644297188411775
2020-08-12 12:00:00,2020-08-13 07:00:00,-1.1,30.0,0.8372743318277983,11961.061883254262,-1,80.632,80.834236224811,80.42976377518902,78.112,80.142,72.60208312669707,0.13205099631156697,CADJPY_merged,-33.8372743318278
2020-08-16 22:00:00,2020-08-17 07:00:00,-1.1,30.0,1.1184273981912347,15977.534259874783,-1,1.09939,1.101454254688086,1.097325745311914,1.05649,1.0755,65.25673474415902,0.0013635862354817697,AUDNZD_merged,-34.11842739819124
2020-09-24 04:00:00,2020-09-24 09:00:00,-1.1,15.0,0.4512504501016088,6446.435001451555,-1,1.65462,1.6584700814782762,1.6507699185217237,1.61019,1.65503,69.74443838088918,0.0025912409151233875,EURAUD_merged,-16.951250450101607
2020-10-07 23:00:00,2020-10-08 13:00:00,-1.1,15.0,0.3499469128888539,4999.241612697913,1,0.87102,0.86840654359757,0.8744174933231591,0.87245,0.89389,36.118862788227005,0.0013903544933170785,NZDCAD_merged,-16.849946912888853
2020-10-07 22:00:00,2020-10-09 08:00:00,1.4,15.0,0.207205678039279,2960.0811148468433,-1,1.79184,1.8009200214444092,1.7791279699778273,1.7446,1.78744,62.778337551745174,0.0029647685423171417,EURNZD_merged,20.79279432196072
2020-10-19 17:00:00,2020-10-19 21:00:00,-1.1,60.00000000000001,1.0665570604402552,15236.529434860791,-1,1.66489,1.6714461780605658,1.6557113507152077,1.61234,1.65923,68.09279531778371,0.0021521503520799314,EURAUD_merged,-67.06655706044027
2020-10-20 11:00:00,2020-10-21 05:00:00,1.3,15.0,0.34619022124144344,4945.574589163478,1,0.59691,0.5950995632471869,0.5992635677786571,0.60246,0.61736,34.90832500341074,0.001008955467721048,NZDCHF_merged,19.153809778758557
2020-10-20 11:00:00,2020-10-21 05:00:00,1.3,60.0,1.5106630066748172,21580.900095354533,-1,1.79653,1.8015247777675503,1.7900367889021847,1.7446,1.78744,67.54746215992576,0.002751671070561628,EURNZD_merged,76.48933699332518
2020-10-20 11:00:00,2020-10-21 08:00:00,1.3,60.0,1.5131614609379582,21616.59229911369,-1,1.67703,1.6816848409947172,1.6709787067068678,1.61234,1.65923,67.13051381903007,0.002587735433782638,EURAUD_merged,76.48683853906203
2020-10-22 02:00:00,2020-10-22 10:00:00,1.4,30.0,0.5435628616902164,7765.183738431663,-1,1.7283,1.7349771118039856,1.7189520434744199,1.68098,1.72941,71.06265405536352,0.002219582225043216,GBPCAD_merged,41.45643713830978
2020-10-28 07:00:00,2020-10-28 20:00:00,1.3,90.0,2.4890532555417324,35557.903650596185,1,122.407,122.09717774196552,122.80976893544481,122.376,125.084,28.222743269393682,0.1705432283511173,EURJPY_merged,114.51094674445827
2020-11-09 10:00:00,2020-11-09 15:00:00,-1.1,30.0,0.2810009466229092,4014.2992374701316,-1,0.61921,0.6238375324536363,0.6127314545649094,0.59487,0.61736,72.61674149015994,0.0016301886166016862,NZDCHF_merged,-33.28100094662291
2020-11-09 17:00:00,2020-11-10 04:00:00,-1.1,60.0,0.6601831362669576,9431.187660956537,-1,1.2016,1.2092444242858686,1.1908978059997841,1.17218,1.1969,71.20791463654851,0.002611131326578381,GBPCHF_merged,-66.66018313626695
2020-11-09 18:00:00,2020-11-10 04:00:00,-1.1,60.0,0.6188634399774856,8840.906285392652,-1,138.497,139.4369285244919,137.1811000657114,133.035,137.824,70.67488022321238,0.3091445432951018,GBPJPY_merged,-66.61886343997749
2020-11-09 18:00:00,2020-11-10 21:00:00,-1.1,60.0,0.5121102457809024,7315.860654012891,-1,71.688,72.27593902773978,70.86488536116433,68.63,70.51,69.06912966739763,0.19419541334802548,NZDJPY_merged,-66.5121102457809
2020-11-10 07:00:00,2020-11-11 03:00:00,-1.1,90.0,1.466366411891886,20948.091598455518,-1,139.55,140.14955342189387,138.770580551538,133.035,137.824,71.93048509976765,0.33993628907222695,GBPJPY_merged,-100.4663664118919
2020-11-10 08:00:00,2020-11-11 03:00:00,-1.1,90.0,1.4787725579572664,21125.322256532378,-1,1.21317,1.2183384560677526,1.2064510071119219,1.17218,1.1969,71.0574511780977,0.002848409876221506,GBPCHF_merged,-100.47877255795729
2020-11-09 16:00:00,2020-11-12 09:00:00,1.4,60.00000000000001,0.5721832893368832,8174.046990526904,-1,80.962,81.55628579327104,80.12999988942056,78.367,80.606,72.02629093302475,0.19308845982198716,CADJPY_merged,83.42781671066312
2020-11-09 17:00:00,2020-11-12 17:00:00,1.4,60.0,0.6913248405791517,9876.06915113074,-1,0.7014,0.7056612095314442,0.6954343066559782,0.6859,0.69756,70.89612629764015,0.0014768029502089197,CADCHF_merged,83.30867515942084
2020-11-09 12:00:00,2020-11-18 22:00:00,1.4,30.0,0.20689137135494945,2955.591019356421,-1,76.775,77.55428576210844,75.6839999330482,73.971,76.52,72.5838910423069,0.25335035493832375,AUDJPY_merged,41.79310862864505
2020-11-23 10:00:00,2020-11-24 17:00:00,1.4,30.0,0.49860179053072423,7122.88272186749,-1,1.74594,1.7532935114988202,1.7356450839016517,1.69706,1.73499,52.60003103692179,0.0027982297496348374,GBPCAD_merged,41.50139820946928
2020-11-29 22:00:00,2020-11-30 19:00:00,1.2,15.0,0.5310126745091005,7585.8953501300075,-1,1.19687,1.199236635600858,1.1940300372789707,1.16026,1.19199,69.96566782525332,0.0008923698574492538,EURUSD_merged,17.4689873254909
2020-12-01 14:00:00,2020-12-02 02:00:00,-1.1,14.999999999999998,0.294552387901776,4207.891255739658,-1,1.20434,1.2086331480169215,1.1991882223796941,1.16026,1.19199,75.61597276563202,0.0015350509052904475,EURUSD_merged,-16.794552387901778
2020-12-01 14:00:00,2020-12-02 02:00:00,-1.1,14.999999999999998,0.294552387901776,4207.891255739658,-1,1.20434,1.2086331480169215,1.1991882223796941,1.16026,1.19199,75.61597276563202,0.0015350509052904475,EURUSD_merged,-16.794552387901778
2020-12-02 00:00:00,2020-12-02 05:00:00,-1.1,15.0,0.5031135036468931,7187.335766384188,-1,116.073,116.31524483961682,115.70963274057476,113.766,116.102,72.12910124439685,0.11682796125066877,CHFJPY_merged,-17.003113503646894
2020-12-02 00:00:00,2020-12-02 06:00:00,-1.1,15.0,0.38701038742068705,5528.71982029553,-1,116.073,116.38791829150186,115.75808170849812,113.766,116.102,72.12910124439685,0.11682796125066877,CHFJPY_merged,-16.887010387420688
2020-12-02 00:00:00,2020-12-02 06:00:00,-1.1,60.0,1.5480415496827482,22114.87928118212,-1,116.073,116.38791829150186,115.69509805019774,113.766,116.102,73.86781872552311,0.11682796125066877,CHFJPY_merged,-67.54804154968275
2020-12-02 01:00:00,2020-12-02 10:00:00,-1.1,30.0,0.7711885707189674,11016.979581699536,-1,1.20682,1.2101062546155699,1.2028764944613162,1.17997,1.19199,70.13336754327592,0.0012679480769892673,EURUSD_merged,-33.77118857071897
2020-12-01 14:00:00,2020-12-02 10:00:00,-1.1,15.0,0.27423843011544663,3917.6918587920954,-1,1.20434,1.208951158981138,1.197884377426407,1.16026,1.19199,77.88583486840662,0.0015350509052904475,EURUSD_merged,-16.774238430115446
2020-12-01 20:00:00,2020-12-02 10:00:00,-1.1,15.0,0.3652877299195499,5218.396141707856,-1,1.20666,1.2101284794922595,1.2014572807616108,1.16026,1.19199,75.6242210552377,0.00135543523998211,EURUSD_merged,-16.86528772991955
2020-12-01 20:00:00,2020-12-02 10:00:00,-1.1,15.0,0.31490321544788785,4498.617363541255,-1,1.20666,1.210683436211021,1.2022342201678768,1.17997,1.19199,77.83066338006138,0.00135543523998211,EURUSD_merged,-16.814903215447888
2020-12-01 14:00:00,2020-12-02 10:00:00,-1.1,15.0,0.27423843011544663,3917.6918587920954,-1,1.20434,1.208951158981138,1.1992677251207482,1.16026,1.19199,77.88583486840662,0.0015350509052904475,EURUSD_merged,-16.774238430115446
2020-12-03 09:00:00,2020-12-03 10:00:00,-1.1,15.0,0.45116769070359036,6445.252724337006,1,0.89147,0.8893952869403386,0.894582069589492,0.89821,0.92073,27.215003713997813,0.001078259634842794,USDCHF_merged,-16.951167690703592
2020-12-03 03:00:00,2020-12-03 16:00:00,1.2,15.0,0.424714506285002,6067.350089785744,-1,116.756,117.04464990054691,116.4096201193437,113.766,116.102,63.3603605770141,0.121232107338185,CHFJPY_merged,17.575285493714997
2020-12-03 09:00:00,2020-12-04 07:00:00,-1.1,29.999999999999996,0.6941041395439851,9915.773422056931,1,0.89147,0.8887728730224402,0.8947065523730717,0.89821,0.92073,26.001739069290274,0.001078259634842794,USDCHF_merged,-33.69410413954399
2020-12-07 05:00:00,2020-12-07 14:00:00,1.2,15.0,0.18688927328665597,2669.8467612379427,1,1.70061,1.6910554628743666,1.71207544455076,1.69706,1.74961,24.989602060710258,0.0036301918305833704,GBPCAD_merged,17.813110726713344
2020-12-07 05:00:00,2020-12-07 14:00:00,1.5,15.0,0.24295605527265277,3470.8007896093254,1,1.70061,1.693260356057205,1.7116344659141924,1.69706,1.74961,27.946573928726703,0.0036301918305833704,GBPCAD_merged,22.257043944727346
2020-12-07 08:00:00,2020-12-07 14:00:00,1.1,15.0,0.16975566571495307,2425.080938785044,1,1.69999,1.6894749488970973,1.711556556213193,1.69706,1.74961,33.476524710031796,0.003737602569894972,GBPCAD_merged,16.330244334285048
2020-12-07 08:00:00,2020-12-07 14:00:00,1.1,15.0,0.16975566571495307,2425.080938785044,1,1.69999,1.6894749488970973,1.711556556213193,1.69706,1.74961,33.724157648212994,0.003737602569894972,GBPCAD_merged,16.330244334285048
2020-12-06 17:00:00,2020-12-10 03:00:00,-1.1,30.000000000000004,0.5480603047702715,7829.432925289593,-1,81.412,81.72394596381444,81.03766484342268,79.226,81.424,71.90488695035192,0.12026641564801625,CADJPY_merged,-33.54806030477028
2020-12-11 09:00:00,2020-12-13 17:00:00,1.2,30.0,0.37110760620543004,5301.537231506144,1,1.85902,1.8485002964565513,1.8716436442521382,1.93451,1.92792,34.66416863094725,0.004310608408374519,GBPNZD_merged,35.62889239379457
2020-12-11 09:00:00,2020-12-13 17:00:00,1.4,14.999999999999998,0.15982337406927885,2283.191058132555,1,1.74888,1.7373902913719992,1.7649655920792011,1.79363,1.83161,32.67931969497579,0.004156827885813068,GBPAUD_merged,20.840176625930717
2020-12-11 09:00:00,2020-12-13 17:00:00,1.1,59.99999999999999,0.6392934962771154,9132.76423253022,1,1.74888,1.7373902913719992,1.7615186794908009,1.79363,1.83161,32.809699865581834,0.004156827885813068,GBPAUD_merged,65.36070650372288
2020-12-11 09:00:00,2020-12-13 17:00:00,1.1,30.0,0.3327171641841787,4753.102345488267,1,1.85902,1.8472864845092303,1.8719268670398466,1.90918,1.92792,34.55496097226281,0.004310608408374519,GBPNZD_merged,32.66728283581582
2020-12-11 09:00:00,2020-12-13 17:00:00,1.1,30.0,0.3327171641841787,4753.102345488267,1,1.85902,1.8472864845092303,1.8719268670398466,1.93451,1.98003,34.66416863094725,0.004310608408374519,GBPNZD_merged,32.66728283581582
2020-12-11 09:00:00,2020-12-13 17:00:00,1.1,59.99999999999999,0.6392934962771154,9132.76423253022,1,1.74888,1.7373902913719992,1.7615186794908009,1.79363,1.83161,32.67931969497579,0.004156827885813068,GBPAUD_merged,65.36070650372288
2020-12-31 08:00:00,2020-12-31 10:00:00,-1.1,29.999999999999996,0.6512694137534923,9303.848767907035,1,1.5889,1.5837766364126185,1.5965850453810724,1.60057,1.64192,32.227934609480464,0.0025708473798557612,EURAUD_merged,-33.65126941375349
2020-12-31 08:00:00,2021-01-03 19:00:00,1.0,15.0,0.2325213569019374,3321.7336700276774,-1,0.77225,0.7757372603136492,0.7687627396863508,0.69904,0.76393,68.29461498501908,0.0013461643977318776,AUDUSD_merged,14.767478643098062
2020-12-31 08:00:00,2021-01-04 10:00:00,1.2,30.000000000000004,0.5009764721180712,7156.806744543874,1,1.5889,1.5822396273364039,1.5968924471963153,1.60057,1.6256,30.65105625773304,0.0025708473798557612,EURAUD_merged,35.49902352788193
2020-12-31 08:00:00,2021-01-04 10:00:00,1.5,30.0,0.6045555279450372,8636.50754207196,-1,0.77225,0.7749325079335764,0.7682262380996354,0.69904,0.76393,68.29461498501908,0.0013461643977318776,AUDUSD_merged,44.39544447205496
2020-12-31 08:00:00,2021-01-04 10:00:00,1.1,60.0,0.8983026396599894,12832.894852285563,1,1.5889,1.5814711227982967,1.5970717649218735,1.60057,1.6256,30.122568531351913,0.0025708473798557612,EURAUD_merged,65.10169736034001
2020-12-31 08:00:00,2021-01-04 10:00:00,1.1,60.0,0.8983026396599894,12832.894852285563,1,1.5889,1.5814711227982967,1.5970717649218735,1.60057,1.64192,30.65105625773304,0.0025708473798557612,EURAUD_merged,65.10169736034001
2020-12-31 08:00:00,2021-01-04 11:00:00,1.2,30.0,0.4650427138038748,6643.467340055355,-1,0.77225,0.7757372603136492,0.7680652876236209,0.74617,0.76393,69.01447256661284,0.0013461643977318776,AUDUSD_merged,35.534957286196125
2020-12-31 08:00:00,2021-01-04 11:00:00,1.4,60.0,0.8983026396599894,12832.894852285563,1,1.5889,1.5814711227982967,1.5993004280823846,1.61214,1.64192,30.65105625773304,0.0025708473798557612,EURAUD_merged,83.10169736034001
2021-01-12 13:00:00,2021-01-13 04:00:00,-1.1,90.0,1.669914701307356,23855.924304390803,1,0.89355,0.8901789505711921,0.8972581543716885,0.89316,0.92169,30.994976037290357,0.00114654292055425,EURGBP_merged,-100.66991470130738
2021-01-15 16:00:00,2021-01-18 07:00:00,-1.1,30.0,0.8363363990600305,11947.662843714723,1,125.452,125.13699613278091,125.8300046406629,125.704,127.492,23.061989386702308,0.1193585240068191,EURJPY_merged,-33.83633639906003
2021-01-18 01:00:00,2021-01-18 21:00:00,1.4,60.0,1.637499586776992,23392.851239671316,1,125.277,124.95567875860927,125.72684973794703,125.704,125.134,27.181544210484223,0.10674325463250174,EURJPY_merged,82.362500413223
2021-01-18 01:00:00,2021-01-18 21:00:00,1.5,30.0,1.1871872004133195,16959.817148761707,1,125.277,125.05539914386846,125.60940128419732,125.704,125.134,28.393171415097136,0.10674325463250174,EURJPY_merged,43.81281279958668
2021-01-18 02:00:00,2021-01-18 21:00:00,1.1,60.0,1.7000915980087756,24287.022828696798,1,125.303,124.99344456156574,125.64351098227768,126.047,127.492,24.0174255505518,0.11019016501589456,EURJPY_merged,64.29990840199122
2021-01-18 01:00:00,2021-01-18 21:00:00,1.1,90.0,2.456249380165488,35089.27685950697,1,125.277,124.95567875860927,125.63045336552982,125.704,125.134,27.181544210484223,0.10674325463250174,EURJPY_merged,96.54375061983453
2021-01-20 08:00:00,2021-01-21 03:00:00,-1.1,90.0,1.7084859441639446,24406.94205948492,-1,1.3669,1.371940410211987,1.3598434257032184,1.31339,1.31766,62.18541832317117,0.0017132101663997572,GBPUSD_merged,-100.70848594416395
2021-01-21 00:00:00,2021-01-21 12:00:00,1.1,90.0,1.66776093705769,23825.156243681286,1,1.68326,1.6769014519824952,1.6902544028192552,1.70622,1.73474,26.91672059468867,0.0021152739957527567,EURNZD_merged,97.33223906294232
2021-01-20 08:00:00,2021-01-22 02:00:00,1.4,90.00000000000001,1.863439354243468,26620.56220347812,1,0.88504,0.8820478167624277,0.8892290565326014,0.88607,0.92296,33.68775863660602,0.0010495168002079241,EURGBP_merged,124.13656064575655
2021-01-20 08:00:00,2021-01-22 02:00:00,1.1,90.00000000000001,1.863439354243468,26620.56220347812,1,0.88504,0.8820478167624277,0.8883314015613296,0.89316,0.92169,32.928637708521485,0.0010495168002079241,EURGBP_merged,97.13656064575656
2021-01-20 08:00:00,2021-01-22 02:00:00,1.1,90.00000000000001,1.863439354243468,26620.56220347812,1,0.88504,0.8820478167624277,0.8883314015613296,0.88661,0.92296,33.68775863660602,0.0010495168002079241,EURGBP_merged,97.13656064575656
2021-01-27 07:00:00,2021-01-27 14:00:00,-1.1,60.0,1.3202514688383467,18860.73526911924,-1,142.365,142.81789326625488,141.6856601006177,136.785,140.703,50.406792383468016,0.1633722281111684,GBPJPY_merged,-67.32025146883835
2021-01-27 06:00:00,2021-01-28 03:00:00,1.5,15.0,0.34113757761864216,4873.393965980603,-1,1.2196,1.2233538520644347,1.213969221903348,1.19162,1.21217,54.24037410319149,0.0014062580501884795,GBPCHF_merged,22.158862422381358
2021-01-27 21:00:00,2021-01-28 04:00:00,-1.1,30.0,0.41974278899647777,5996.32555709254,-1,1.28118,1.2875898254229272,1.2715652618656093,1.26876,1.28349,65.75134138587087,0.002205264297981625,USDCAD_merged,-33.41974278899648
2021-01-27 22:00:00,2021-01-28 04:00:00,-1.1,15.0,0.26932929439832526,3847.5613485475037,-1,1.78973,1.796707393618463,1.782752606381537,1.74153,1.79268,68.88379819964209,0.002849586816667223,GBPAUD_merged,-16.769329294398325
2021-01-28 05:00:00,2021-01-28 10:00:00,1.1,15.0,0.21636048359809082,3090.8640514012977,-1,1.28633,1.2925725747878662,1.279463167733347,1.26876,1.28349,67.00468227019846,0.0021602825675434045,USDCAD_merged,16.28363951640191
2021-01-28 00:00:00,2021-01-28 20:00:00,-1.1,15.0,0.4542820604978536,6489.743721397909,-1,104.294,104.53505882561153,103.95651764414384,102.591,104.397,64.09848283306262,0.09259243771840424,USDJPY_merged,-16.954282060497853
2021-01-28 09:00:00,2021-01-28 20:00:00,-1.1,15.0,0.4156368547202539,5937.669353146485,-1,104.29,104.55346195905487,103.89480706141771,102.591,104.397,63.09541863347759,0.10103718168553527,USDJPY_merged,-16.915636854720255
2021-01-28 01:00:00,2021-01-28 20:00:00,-1.1,15.0,0.40760720591855093,5822.960084550728,-1,104.238,104.50651806938338,103.88892650980162,102.591,104.397,65.8073250546221,0.09047869216708983,USDJPY_merged,-16.907607205918552
2021-01-28 00:00:00,2021-01-28 20:00:00,-1.1,15.0,0.4072873645842825,5818.390922632608,-1,104.294,104.56287330548979,103.99823936396123,102.591,104.397,63.89657380749378,0.09259243771840424,USDJPY_merged,-16.90728736458428
2021-01-28 00:00:00,2021-01-29 03:00:00,-1.1,15.0,0.3937111190981397,5624.444558544854,-1,104.294,104.57214479878253,103.96022624146094,102.591,104.397,64.09848283306262,0.09259243771840424,USDJPY_merged,-16.89371111909814
2021-01-28 00:00:00,2021-01-29 03:00:00,-1.1,15.0,0.3937111190981397,5624.444558544854,-1,104.294,104.57214479878253,103.8767828018262,102.591,104.397,63.04255139908711,0.09259243771840424,USDJPY_merged,-16.89371111909814
2021-01-28 05:00:00,2021-01-29 07:00:00,1.2,15.000000000000002,0.2091484674781545,2987.8352496879215,-1,1.28633,1.2927878359874478,1.2785805968150625,1.26876,1.28349,67.46356998233662,0.0021602825675434045,USDCAD_merged,17.790851532521845
2021-01-29 05:00:00,2021-01-29 09:00:00,1.0,15.0,0.3646436690725562,5209.195272465089,-1,1.75618,1.7612369615117411,1.751123038488259,1.71869,1.74339,51.12071077862038,0.0021479910610903504,GBPCAD_merged,14.635356330927443
2021-01-28 09:00:00,2021-01-29 09:00:00,1.5,15.0,0.22260393597968084,3180.056228281155,-1,1.91511,1.9241433780090194,1.901559932986471,1.8626,1.91478,63.90199695051466,0.003223175224562855,GBPNZD_merged,22.27739606402032
2021-01-28 05:00:00,2021-01-29 10:00:00,1.4,15.0,0.25070736603379534,3581.533800482791,-1,1.79433,1.8018449227954716,1.7838091080863399,1.74153,1.79268,71.0497474024203,0.002835329569811262,GBPAUD_merged,20.749292633966206
2021-01-28 05:00:00,2021-01-29 10:00:00,1.2,60.0,0.8691188689171574,12415.983841673678,-1,1.79433,1.8030010647640056,1.7839247222831933,1.74153,1.79268,71.0497474024203,0.002835329569811262,GBPAUD_merged,71.13088113108284
2021-01-28 09:00:00,2021-01-31 18:00:00,-1.1,30.0,0.42991190807908997,6141.598686844143,-1,1.79107,1.79981887838489,1.7814462337766208,1.74153,1.79268,62.59597653981794,0.003049936428659379,GBPAUD_merged,-33.42991190807909
2021-01-28 09:00:00,2021-01-31 18:00:00,-1.1,30.0,0.42991190807908997,6141.598686844143,-1,1.79107,1.79981887838489,1.7779466824226648,1.74153,1.79268,61.312944351094046,0.003049936428659379,GBPAUD_merged,-33.42991190807909
2021-01-28 09:00:00,2021-01-31 18:00:00,-1.1,15.0,0.21495595403954498,3070.7993434220716,-1,1.79107,1.79981887838489,1.7796964580996428,1.74153,1.79268,61.92770241866195,0.003049936428659379,GBPAUD_merged,-16.714955954039546
2021-01-28 09:00:00,2021-01-31 18:00:00,-1.1,15.0,0.23087861730173354,3298.2659614533363,-1,1.79107,1.7992155074617942,1.7788517388073086,1.74153,1.79268,62.59597653981794,0.003049936428659379,GBPAUD_merged,-16.730878617301734
2021-01-28 02:00:00,2021-01-31 18:00:00,-1.1,15.0,0.23998341012399818,3428.3344303428316,-1,1.79192,1.7997601919492177,1.7825117696609387,1.74153,1.79268,70.67077829668686,0.0026495832223769333,GBPAUD_merged,-16.739983410123997
2021-01-29 06:00:00,2021-02-01 09:00:00,-1.1,30.0,0.8368572115623928,11955.103022319898,-1,104.728,104.99080325599321,104.46519674400678,102.591,104.397,67.63162417621031,0.10560840261642214,USDJPY_merged,-33.836857211562396
2021-02-01 21:00:00,2021-02-02 09:00:00,-1.1,29.999999999999996,0.6588544127962715,9412.205897089594,-1,0.89583,0.8986853242772037,0.8915470135841944,0.87572,0.89258,60.185834113143954,0.0009428378227499824,USDCHF_merged,-33.65885441279627
2021-02-01 17:00:00,2021-02-03 04:00:00,-1.1,60.0,1.3234866967535082,18906.952810764404,-1,0.89669,0.8995355881039365,0.8927061766544889,0.87572,0.89258,68.61083224430931,0.0010491386085487598,USDCHF_merged,-67.3234866967535
2021-02-01 17:00:00,2021-02-03 04:00:00,-1.1,30.0,0.5932871399239864,8475.530570342664,-1,0.89669,0.8998639251928522,0.8931986822878625,0.87572,0.89258,68.01518301089467,0.0010491386085487598,USDCHF_merged,-33.59328713992399
2021-02-01 17:00:00,2021-02-03 05:00:00,-1.1,15.0,0.2867554509632601,4096.506442332287,-1,0.89669,0.8999733708891575,0.892749954933011,0.87572,0.89258,68.61083224430931,0.0010491386085487598,USDCHF_merged,-16.78675545096326
2021-02-01 17:00:00,2021-02-03 05:00:00,-1.1,60.0,1.1470218038530404,16386.02576932915,-1,0.89669,0.8999733708891575,0.892749954933011,0.87572,0.89258,68.61083224430931,0.0010491386085487598,USDCHF_merged,-67.14702180385304
2021-02-02 23:00:00,2021-02-03 22:00:00,1.2,60.0,1.049146948803181,14987.81355433116,1,1.05501,1.0507865287264528,1.0600781655282567,1.06282,1.08421,27.272269031936535,0.0013722649180027385,AUDNZD_merged,70.95085305119682
2021-02-04 17:00:00,2021-02-05 04:00:00,1.0,29.999999999999996,1.3163036629753824,18804.338042505464,-1,105.514,105.68233456157003,105.34566543842996,103.327,104.397,71.44504218376292,0.06877230060745647,USDJPY_merged,28.683696337024614
2021-02-05 01:00:00,2021-02-05 07:00:00,-1.1,15.0,0.5801053021160935,8287.218601658478,-1,105.511,105.70197662027199,105.224535069592,103.327,104.397,63.04854400934115,0.0696083614692074,USDJPY_merged,-17.080105302116092
2021-02-04 18:00:00,2021-02-05 07:00:00,-1.1,30.0,0.5538290334120967,7911.843334458524,-1,144.202,144.74878281875965,143.49118233561245,136.785,140.703,69.18980755215647,0.18872109960284456,GBPJPY_merged,-33.5538290334121
2021-02-04 18:00:00,2021-02-05 07:00:00,-1.1,30.0,0.5353680656316934,7648.1152233099065,-1,144.202,144.7676373987169,143.52323512153973,136.785,140.703,68.1431977210886,0.18872109960284456,GBPJPY_merged,-33.535368065631694
2021-02-04 20:00:00,2021-02-05 07:00:00,-1.1,30.0,1.0616400369636685,15166.286242338123,-1,105.485,105.6936568820761,105.19288036509346,103.327,104.397,67.00372694146742,0.0784488864557513,USDJPY_merged,-34.06164003696367
2021-02-04 20:00:00,2021-02-05 08:00:00,-1.1,30.0,0.9200880320351793,13144.114743359705,-1,105.485,105.72575794085705,105.19609047097154,103.327,104.397,67.00372694146742,0.0784488864557513,USDJPY_merged,-33.92008803203518
2021-02-04 20:00:00,2021-02-05 08:00:00,-1.1,90.0,2.760264096105538,39432.344230079114,-1,105.485,105.72575794085705,105.19609047097154,103.327,104.397,67.00372694146742,0.0784488864557513,USDJPY_merged,-101.76026409610556
2021-02-04 17:00:00,2021-02-05 16:00:00,1.3,14.999999999999998,0.27324851431250885,3903.550204464412,-1,1.79849,1.8054009781063265,1.7895057284617755,1.74153,1.79268,62.50863034050351,0.0023921604773951945,GBPAUD_merged,19.22675148568749
2021-02-04 21:00:00,2021-02-09 04:00:00,1.4,30.0,0.6778467382692106,9683.524832417295,-1,1.2366,1.2404310429974639,1.2312365398035505,1.16828,1.21217,67.26301751129274,0.0014218010705228368,GBPCHF_merged,41.32215326173079
2021-02-05 10:00:00,2021-02-09 04:00:00,1.4,60.0,1.3645905240674963,19494.150343821377,-1,144.746,145.1915059516227,144.12229166772823,136.785,140.703,70.56824307213797,0.1710378398652478,GBPJPY_merged,82.6354094759325
2021-02-04 21:00:00,2021-02-09 04:00:00,1.2,60.0,1.1749343463332986,16784.77637618998,-1,1.2366,1.2410204342278428,1.2312954789265884,1.19162,1.21217,67.26301751129274,0.0014218010705228368,GBPCHF_merged,70.8250656536667
2021-02-05 10:00:00,2021-02-09 04:00:00,1.2,90.0,1.7739676812877454,25342.395446967792,-1,144.746,145.26004532879543,144.1291456054455,136.785,140.703,70.56824307213797,0.1710378398652478,GBPJPY_merged,106.22603231871226
2021-02-05 04:00:00,2021-02-09 04:00:00,1.5,15.0,0.4113832389667699,5876.903413810999,-1,1.236,1.239154722597011,1.2312679161044837,1.16828,1.21217,64.81348200607893,0.0011542432211942312,GBPCHF_merged,22.08861676103323
2021-02-05 04:00:00,2021-02-09 04:00:00,1.3,15.000000000000002,0.3830119811069927,5471.599730099896,-1,1.236,1.239388405752345,1.2315950725219516,1.16828,1.21217,65.29670636348641,0.0011542432211942312,GBPCHF_merged,19.11698801889301
2021-02-05 11:00:00,2021-02-09 04:00:00,1.1,30.0,0.6127942219252498,8754.203170360712,-1,144.739,145.23500973560922,144.19338929082986,136.785,140.703,63.96451837555737,0.17424942273201638,GBPJPY_merged,32.38720577807475
2021-02-05 06:00:00,2021-02-09 05:00:00,1.5,15.0,0.3796908312509973,5424.154732157104,-1,1.23557,1.2389868549599303,1.2304447175601048,1.19162,1.21217,66.34408336413141,0.00122478114480526,GBPCHF_merged,22.120309168749003
2021-02-04 17:00:00,2021-02-09 05:00:00,1.2,15.000000000000002,0.26659137283860357,3808.4481834086228,-1,1.23581,1.2406773761876968,1.229969148574764,1.16828,1.21217,68.9936727234969,0.0016044259628585347,GBPCHF_merged,17.733408627161396
2021-02-02 23:00:00,2021-02-10 04:00:00,1.2,59.99999999999999,0.8073091200360902,11532.987429087005,-1,0.64753,0.6508987542138487,0.6434874949433818,0.63079,0.644,71.51333596551905,0.0011012810661912584,NZDCHF_merged,71.19269087996389
2021-02-05 12:00:00,2021-02-10 04:00:00,-1.1,60.0,1.2907716920711285,18439.595601016124,-1,144.589,145.05947344137644,143.88328983793534,136.785,140.703,65.58538672514506,0.17337446396544423,GBPJPY_merged,-67.29077169207113
2021-02-02 23:00:00,2021-02-10 04:00:00,1.4,29.999999999999996,0.46575526155928276,6653.64659370404,-1,0.64753,0.6504495869853355,0.6434425782205304,0.63079,0.644,71.51333596551905,0.0011012810661912584,NZDCHF_merged,41.53424473844071
2021-02-08 23:00:00,2021-02-10 10:00:00,1.5,30.0,0.49744196006618663,7106.313715231238,-1,0.72482,0.7278798986860647,0.7202301519709029,0.70959,0.72472,65.02633049346987,0.001095917537535497,NZDUSD_merged,44.50255803993382
2021-02-08 23:00:00,2021-02-10 10:00:00,1.3,30.0,0.4631356179926565,6616.223114180808,-1,0.72482,0.7281065578479955,0.720547474797606,0.70959,0.72472,67.02421939433053,0.001095917537535497,NZDUSD_merged,38.536864382007344
2021-02-04 17:00:00,2021-02-11 15:00:00,1.5,15.000000000000002,0.26659137283860357,3808.4481834086228,-1,1.23581,1.2406773761876968,1.2285089357184549,1.19162,1.21217,66.23579999789634,0.0016044259628585347,GBPCHF_merged,22.2334086271614
2021-02-10 05:00:00,2021-02-11 21:00:00,1.0,60.0,1.7315699314078532,24736.713305826477,-1,1.38343,1.3867855710887609,1.380074428911239,1.34503,1.37585,66.33866086574142,0.0014040007188658602,GBPUSD_merged,58.268430068592146
2021-02-09 02:00:00,2021-02-12 03:00:00,1.5,29.999999999999996,0.4979894800671767,7114.135429531097,-1,0.72412,0.7271735825772763,0.7195396261340856,0.70959,0.72472,61.757053973922055,0.0010613195444480674,NZDUSD_merged,44.50201051993282
2021-02-05 12:00:00,2021-02-12 09:00:00,-1.1,15.0,0.290423630716004,4148.909010228629,-1,144.589,145.11174826819604,143.96170207816473,136.785,140.703,65.87645827748314,0.17337446396544423,GBPJPY_merged,-16.790423630716003
2021-02-05 12:00:00,2021-02-12 09:00:00,-1.1,30.0,0.580847261432008,8297.818020457258,-1,144.589,145.11174826819604,143.8048775977059,136.785,140.703,64.5186680900171,0.17337446396544423,GBPJPY_merged,-33.580847261432005
2021-02-05 12:00:00,2021-02-12 09:00:00,-1.1,30.0,0.6008764773434564,8583.949676335093,-1,144.589,145.09432332592286,143.9320796763003,136.785,140.703,66.08298602697245,0.17337446396544423,GBPJPY_merged,-33.600876477343455
2021-02-05 12:00:00,2021-02-12 09:00:00,-1.1,30.0,0.6008764773434564,8583.949676335093,-1,144.589,145.09432332592286,143.83101501111574,136.785,140.703,66.14832267157743,0.17337446396544423,GBPJPY_merged,-33.600876477343455
2021-02-14 17:00:00,2021-02-14 19:00:00,-1.1,30.0,0.8078434438601944,11540.620626574206,-1,1.2346,1.2378093594615451,1.229785960807682,1.16828,1.21217,61.71075589291492,0.0012887479629653139,GBPCHF_merged,-33.80784344386019
2021-02-14 18:00:00,2021-02-14 19:00:00,-1.1,30.0,0.7969560559888373,11385.08651412625,-1,145.422,145.80519076403917,144.84721385394124,136.785,140.703,72.06052792848176,0.15664232625685365,GBPJPY_merged,-33.79695605598884
2021-02-14 18:00:00,2021-02-14 19:00:00,-1.1,30.0,0.7419935693689176,10599.90813384168,-1,145.422,145.8335752650791,144.88695215539715,136.785,140.703,74.53302916799072,0.15664232625685365,GBPJPY_merged,-33.741993569368915
2021-02-14 17:00:00,2021-02-14 20:00:00,-1.1,29.999999999999996,0.7521301029043188,10744.715755775984,-1,1.2346,1.23804708979203,1.2294293653119548,1.19162,1.21217,64.39582188237934,0.0012887479629653139,GBPCHF_merged,-33.75213010290432
2021-02-14 17:00:00,2021-02-14 20:00:00,-1.1,29.999999999999996,0.7521301029043188,10744.715755775984,-1,1.2346,1.23804708979203,1.2301187832703608,1.16828,1.21217,63.47564571695911,0.0012887479629653139,GBPCHF_merged,-33.75213010290432
2021-02-15 00:00:00,2021-02-15 05:00:00,-1.1,60.0,1.4430378039581866,20614.825770831238,-1,81.731,81.96888025445932,81.49311974554067,79.201,80.926,71.14730903855066,0.0979655746420009,AUDJPY_merged,-67.44303780395819
2021-02-15 07:00:00,2021-02-15 11:00:00,-1.1,60.0,1.6573637729139066,23676.625327341524,-1,83.161,83.37174202640855,82.95025797359145,80.984,82.205,74.02241027599592,0.09032280783664251,CADJPY_merged,-67.65736377291391
2021-02-15 14:00:00,2021-02-15 19:00:00,-1.1,60.0,1.511267967242367,21589.542389176673,-1,146.445,146.85198870970072,145.875215806419,136.785,140.703,70.96557552342739,0.15121025346454217,GBPJPY_merged,-67.51126796724236
2021-02-15 07:00:00,2021-02-15 19:00:00,-1.1,30.000000000000004,0.8925745984343748,12751.06569191964,-1,127.714,128.01447841432014,127.41352158567986,125.087,127.343,66.31199029961216,0.12618510077862777,EURJPY_merged,-33.89257459843438
2021-02-16 00:00:00,2021-02-16 00:00:00,1.0,30.0,0.7045897342580056,10065.567632257224,-1,82.279,82.52422909091482,82.03377090908518,79.201,80.926,61.017350808860705,0.11780887446108801,AUDJPY_merged,29.295410265741996
2021-02-16 00:00:00,2021-02-16 08:00:00,1.0,15.0,0.2845009882570174,4064.2998322431063,-1,76.605,76.88772397397557,76.32227602602444,73.65,75.576,59.15910799798495,0.13181582326435667,NZDJPY_merged,14.715499011742983
2021-02-15 00:00:00,2021-02-16 10:00:00,-1.1,60.0,1.6802343853529562,24003.34836218509,-1,1.23805,1.2411446932435906,1.2337174294589737,1.16828,1.21217,70.94683915951117,0.0011309618727108539,GBPCHF_merged,-67.68023438535296
2021-02-15 05:00:00,2021-02-16 10:00:00,-1.1,30.0,0.7962588713329041,11375.126733327203,-1,1.23776,1.2410243856082241,1.2328634215876637,1.16828,1.21217,66.39713097188904,0.0012326722991247573,GBPCHF_merged,-33.7962588713329
2021-02-15 05:00:00,2021-02-16 10:00:00,-1.1,30.0,0.7413444664133935,10590.635234477051,-1,1.23776,1.2412661919495742,1.2325007120756386,1.19162,1.21217,67.88030451708353,0.0012326722991247573,GBPCHF_merged,-33.741344466413395
2021-02-15 00:00:00,2021-02-16 10:00:00,-1.1,29.999999999999996,0.7532085175720148,10760.121679600212,-1,1.23805,1.2415017732332354,1.2342530494434412,1.19162,1.21217,69.73075454590501,0.0011309618727108539,GBPCHF_merged,-33.75320851757201
2021-02-15 00:00:00,2021-02-16 11:00:00,-1.1,90.0,2.184304700958843,31204.352870840616,-1,1.23805,1.2416207998964506,1.2337650401242597,1.19162,1.21217,70.94683915951117,0.0011309618727108539,GBPCHF_merged,-101.18430470095886
2021-02-15 00:00:00,2021-02-16 11:00:00,-1.1,30.0,0.7281015669862809,10401.450956946872,-1,1.23805,1.2416207998964506,1.2326938001553245,1.19162,1.21217,66.60703853681503,0.0011309618727108539,GBPCHF_merged,-33.72810156698628
2021-02-16 00:00:00,2021-02-16 18:00:00,-1.1,30.0,0.942803924378587,13468.627491122672,-1,128.139,128.42441661000973,127.85358338999029,125.087,127.343,61.647751609774716,0.12950047411090462,EURJPY_merged,-33.94280392437859
2021-02-16 01:00:00,2021-02-17 09:00:00,1.0,30.0,0.6096463473447626,8709.23353349661,-1,82.082,82.3647412987066,81.79925870129338,79.201,80.926,62.66759326899805,0.12089395485672366,AUDJPY_merged,29.390353652655236
2021-02-16 01:00:00,2021-02-17 09:00:00,1.1,30.0,0.5874938575472961,8392.769393532802,-1,83.488,83.78642831162858,83.15972885720856,80.984,82.205,66.70755960886065,0.10355586332934731,CADJPY_merged,32.412506142452706
2021-02-16 01:00:00,2021-02-17 09:00:00,1.4,30.0,0.655281610341215,9361.165862017358,-1,83.488,83.75555641732217,83.11342101574895,80.984,82.117,66.42047098049466,0.10355586332934731,CADJPY_merged,41.34471838965879
2021-02-16 01:00:00,2021-02-17 09:00:00,1.2,60.0,1.1358214579247727,16226.020827496755,-1,83.488,83.79671894306405,83.11753726832315,80.984,82.205,66.42047098049466,0.10355586332934731,CADJPY_merged,70.86417854207522
2021-02-15 05:00:00,2021-02-17 19:00:00,-1.1,30.0,0.633321968897232,9047.456698531887,-1,0.64444,0.6465768657120113,0.641234701431983,0.63079,0.644,55.32319251870429,0.0007070752279839375,NZDCHF_merged,-33.633321968897235
2021-02-17 17:00:00,2021-02-18 10:00:00,1.0,29.999999999999996,0.6803813137089765,9719.733052985379,-1,0.70701,0.7091921895605956,0.7048278104394045,0.6905,0.70606,64.23827382871552,0.0009278709609447149,CADCHF_merged,29.31961868629102
2021-02-18 14:00:00,2021-02-19 07:00:00,1.0,30.0,0.6892859946829132,9846.942781184474,-1,1.7736,1.779003504537639,1.7681964954623612,1.7349,1.76398,65.11073078567651,0.002257784493729317,GBPCAD_merged,29.310714005317088
2021-02-18 17:00:00,2021-02-19 08:00:00,-1.1,30.0,0.657719522172073,9395.993173886758,-1,1.2512,1.2551948943454239,1.2464061267854916,1.16828,1.21217,68.72298405263363,0.0013122292021549783,GBPCHF_merged,-33.65771952217207
2021-02-16 01:00:00,2021-02-19 10:00:00,-1.1,15.0,0.29374692877364805,4196.384696766401,-1,83.488,83.78642831162858,83.04035753255714,80.984,82.205,65.2290676964568,0.10355586332934731,CADJPY_merged,-16.793746928773647
2021-02-19 13:00:00,2021-02-21 20:00:00,-1.1,30.0,0.49251304312465904,7035.9006160665585,-1,77.005,77.33333749736668,76.6766625026333,73.65,75.576,67.30720786573863,0.13339248410020582,NZDJPY_merged,-33.49251304312466
2021-02-19 13:00:00,2021-02-21 20:00:00,-1.1,29.999999999999996,0.49057918308050225,7008.274044007176,-1,83.009,83.36433285147852,82.65366714852148,79.201,80.926,70.08353460815562,0.14626568658395325,AUDJPY_merged,-33.490579183080506
2021-02-21 17:00:00,2021-02-22 00:00:00,-1.1,30.0,0.705728397899699,10081.834255709986,-1,0.7106,0.7127144961779079,0.7076397053509289,0.6905,0.70561,62.17668632550519,0.0008673200635385594,CADCHF_merged,-33.7057283978997
2021-02-23 10:00:00,2021-02-23 11:00:00,-1.1,15.0,0.2637581661738046,3767.973802482923,-1,0.71068,0.7135091597974952,0.7064362603037571,0.6753,0.69157,65.99642164250126,0.0010979914647470542,AUDCHF_merged,-16.763758166173805
2021-02-23 10:00:00,2021-02-23 11:00:00,-1.1,15.0,0.2275073263225494,3250.1046617507063,-1,0.65867,0.6617099174882811,0.6553260907628907,0.63079,0.644,67.66248123962256,0.0011026583090555564,NZDCHF_merged,-16.72750732632255
2021-02-23 09:00:00,2021-02-23 12:00:00,-1.1,15.0,0.2530749173703726,3615.3559624338945,-1,0.71132,0.7142712446660485,0.7074833819341367,0.6753,0.69157,60.52593270877115,0.0010478369620352784,AUDCHF_merged,-16.753074917370373
2021-02-23 09:00:00,2021-02-23 12:00:00,-1.1,15.000000000000002,0.2369388221756686,3384.840316795266,-1,0.65932,0.6622417921894064,0.6555216701537718,0.63079,0.65022,63.513496228475624,0.0010482474097521137,NZDCHF_merged,-16.736938822175674
2021-02-23 09:00:00,2021-02-23 13:00:00,-1.1,15.0,0.24463908679136026,3494.8440970194324,-1,0.71132,0.7143730117234985,0.7076563859318017,0.6753,0.69157,61.2755108076271,0.0010478369620352784,AUDCHF_merged,-16.74463908679136
2021-02-23 09:00:00,2021-02-23 13:00:00,-1.1,15.0,0.24463908679136026,3494.8440970194324,-1,0.71132,0.7143730117234985,0.7067404824147522,0.6753,0.69157,63.300807811130085,0.0010478369620352784,AUDCHF_merged,-16.74463908679136
2021-02-24 03:00:00,2021-02-24 10:00:00,1.2,15.0,0.2267578091564374,3239.397273663392,-1,1.79103,1.7993233483393403,1.7810779819927915,1.74153,1.79268,60.53023327048051,0.0027941316288434435,GBPAUD_merged,17.77324219084356
2021-02-24 03:00:00,2021-02-24 10:00:00,1.5,15.0,0.2461304979384694,3516.149970549563,-1,1.78376,1.7913695730341723,1.7723456404487414,1.7349,1.76398,60.70460731774333,0.002551772605815282,GBPCAD_merged,22.25386950206153
2021-02-24 02:00:00,2021-02-24 12:00:00,-1.1,14.999999999999998,0.20889808540349478,2984.2583629070687,-1,0.71681,0.7204129554725033,0.7121261578857455,0.6753,0.69157,66.55524906353403,0.0012407985503089794,AUDCHF_merged,-16.708898085403494
2021-02-24 00:00:00,2021-02-24 14:00:00,-1.1,15.0,0.19865996594984153,2837.999513569165,-1,0.71731,0.7211012797195896,0.7131395923084514,0.6753,0.69157,69.15287170847711,0.0012718137033168896,AUDCHF_merged,-16.69865996594984
2021-02-24 05:00:00,2021-02-24 15:00:00,-1.1,30.0,0.36068597417607856,5152.65677394398,-1,0.73835,0.7426488502770087,0.7331913796675895,0.70959,0.7315,67.48902897331772,0.0014148822285979456,NZDUSD_merged,-33.36068597417608
2021-02-24 09:00:00,2021-02-24 15:00:00,-1.1,15.0,0.19246741707034057,2749.534529576294,-1,0.71736,0.721273535139949,0.7114896972900765,0.6753,0.69157,63.485235268218496,0.0014637819264375091,AUDCHF_merged,-16.69246741707034
2021-02-24 05:00:00,2021-02-24 15:00:00,-1.1,30.0,0.3476227750154468,4966.039643077812,-1,0.71796,0.7222972186990136,0.7114541719514796,0.6753,0.69157,67.56693496824101,0.0014531867401708935,AUDCHF_merged,-33.347622775015445
2021-02-24 06:00:00,2021-02-24 15:00:00,-1.1,30.0,0.365163254974217,5216.6179282031,-1,0.73809,0.7423346466857939,0.7317230299713092,0.70959,0.72472,66.83336397275066,0.0013981049265552323,NZDUSD_merged,-33.36516325497422
2021-02-24 05:00:00,2021-02-24 15:00:00,-1.1,15.0,0.1865617107807303,2665.167296867576,-1,0.73835,0.7425055552677751,0.7337788892054473,0.70959,0.72472,67.0748746754054,0.0014148822285979456,NZDUSD_merged,-16.68656171078073
2021-02-24 09:00:00,2021-02-24 16:00:00,-1.1,30.0,0.38648360930814807,5521.19441868783,-1,0.72104,0.7249578479074716,0.7163385825110341,0.6905,0.70561,67.41624132282861,0.001328381495169794,CADCHF_merged,-33.38648360930815
2021-02-24 22:00:00,2021-02-25 03:00:00,-1.1,90.0,1.3106546071779341,18723.637245399063,-1,84.34,84.74540200071785,83.77243719899502,79.201,80.926,69.5705211381806,0.1397302553401036,AUDJPY_merged,-100.31065460717795
2021-02-24 21:00:00,2021-02-25 04:00:00,-1.1,60.0,0.8347547162935712,11925.067375622448,-1,0.79588,0.7998844050482782,0.7898733924275828,0.75634,0.78198,58.437799365968154,0.0014187057558065403,AUDUSD_merged,-66.83475471629357
2021-02-24 21:00:00,2021-02-25 04:00:00,-1.1,60.0,0.8989666175469228,12842.380250670327,-1,0.79588,0.7995983761162584,0.7903024358256125,0.75634,0.78198,58.437799365968154,0.0014187057558065403,AUDUSD_merged,-66.89896661754692
2021-02-24 22:00:00,2021-02-25 04:00:00,-1.1,30.0,0.4710414426366319,6729.163466237599,-1,0.72114,0.7243549910027518,0.7163175134958722,0.6753,0.69157,62.66625330399851,0.0012132110724113786,AUDCHF_merged,-33.47104144263663
2021-02-24 21:00:00,2021-02-25 05:00:00,-1.1,60.0,0.8698078427069975,12425.82632438568,-1,0.72223,0.7257173978493453,0.7169989032259821,0.6753,0.69157,60.709214605060566,0.0012365350010583847,AUDCHF_merged,-66.869807842707
2021-02-25 04:00:00,2021-02-25 05:00:00,-1.1,60.0,1.257039858579129,17957.71226541613,-1,0.72369,0.7261079806067849,0.7200630290898227,0.6905,0.70606,68.13406641398218,0.0009997384665358369,CADCHF_merged,-67.25703985857913
2021-02-25 09:00:00,2021-02-25 11:00:00,1.5,90.0,1.583093083218368,22615.615474548114,-1,0.72582,0.7287084378615969,0.7214873432076048,0.6905,0.70561,52.959168505279976,0.0011930135219988876,CADCHF_merged,133.41690691678164
2021-02-25 09:00:00,2021-02-25 11:00:00,1.5,90.0,1.4700150058456276,21000.214369223253,-1,0.72582,0.728930625389412,0.721154061915882,0.6905,0.70606,52.959168505279976,0.0011930135219988876,CADCHF_merged,133.52998499415438
2021-02-25 08:00:00,2021-02-25 11:00:00,1.5,14.999999999999998,0.2117675256420394,3025.250366314849,-1,0.72376,0.727348595549275,0.7183771066760875,0.6753,0.69157,57.963948040836456,0.0013630698390268,AUDCHF_merged,22.288232474357958
2021-02-24 23:00:00,2021-02-25 12:00:00,1.5,30.0,0.49620436816410896,7088.633830915843,1,1.63789,1.6309582411911732,1.6482876382132405,1.66375,1.70714,35.60953934776144,0.002400226135580398,EURNZD_merged,44.50379563183589
2021-02-25 08:00:00,2021-02-25 12:00:00,1.5,30.0,0.4112636868443986,5875.195526348552,-1,0.79851,0.8025873621733214,0.7923939567400181,0.75634,0.78198,56.12950088634208,0.0014729007207443003,AUDUSD_merged,44.5887363131556
2021-02-25 09:00:00,2021-02-25 12:00:00,1.5,60.0,0.7955315046617211,11364.73578088173,-1,0.72291,0.7267265955492751,0.7171851066760875,0.6753,0.69157,51.440018952972764,0.0014114219933820476,AUDCHF_merged,89.20446849533828
2021-02-24 23:00:00,2021-02-25 12:00:00,1.4,60.0,0.9924087363282179,14177.267661831685,1,1.63789,1.6309582411911732,1.647594462332358,1.66375,1.70714,36.811373635063354,0.002400226135580398,EURNZD_merged,83.00759126367178
2021-02-25 07:00:00,2021-02-25 12:00:00,1.4,90.0,1.9213886413553931,27448.409162219905,1,1.24854,1.2444461889767124,1.2542713354326025,1.25885,1.2881,25.247434140776452,0.0014404985536412489,USDCAD_merged,124.0786113586446
2021-02-24 22:00:00,2021-02-25 12:00:00,1.3,60.0,0.8932553393204233,12760.790561720334,1,1.63823,1.6305272013744305,1.6482436382132404,1.66375,1.70714,32.751228215839916,0.002475628146009644,EURNZD_merged,77.10674466067958
2021-02-25 08:00:00,2021-02-25 12:00:00,1.5,30.0,0.4428993550631985,6327.133643759979,-1,0.79851,0.8022961220180841,0.7928308169728739,0.75634,0.78198,56.12950088634208,0.0014729007207443003,AUDUSD_merged,44.5571006449368
2021-02-25 09:00:00,2021-02-25 13:00:00,1.5,90.0,1.1496381436986425,16423.40205283775,-1,0.67392,0.6776130716184665,0.6683803925723002,0.63079,0.644,57.103695155943555,0.0014382398637380574,NZDCHF_merged,133.85036185630136
2021-02-25 09:00:00,2021-02-25 13:00:00,1.5,60.0,0.9273965877062337,13248.522681517625,-1,84.645,85.02834085407764,84.06998871888354,79.201,80.926,65.01625189105836,0.14612173359915878,AUDJPY_merged,89.07260341229377
2021-02-25 09:00:00,2021-02-25 13:00:00,1.5,30.0,0.40013174091309944,5716.167727329993,-1,78.902,79.31609911551102,78.28085132673347,73.65,75.576,66.2109849418432,0.1651782555396511,NZDJPY_merged,44.599868259086904
2021-02-25 07:00:00,2021-02-25 13:00:00,1.4,90.0,1.2718601892046473,18169.431274352104,-1,84.687,85.10648643768278,84.09971898724412,79.201,80.926,70.88861808746185,0.14847254310908314,AUDJPY_merged,124.72813981079534
2021-02-25 09:00:00,2021-02-25 13:00:00,1.5,90.0,1.1146527068293486,15923.610097562125,-1,78.902,79.34795289362725,78.23307065955912,73.65,75.576,66.2109849418432,0.1651782555396511,NZDJPY_merged,133.88534729317064
2021-02-25 09:00:00,2021-02-25 13:00:00,1.5,90.0,1.2917309614479684,18453.299449256694,-1,84.645,85.05782861208361,84.02575708187457,79.201,80.926,65.01625189105836,0.14612173359915878,AUDJPY_merged,133.70826903855203
2021-02-25 07:00:00,2021-02-25 13:00:00,1.5,30.0,0.6404628804517977,9149.469720739968,1,1.24854,1.2444461889767124,1.2546807165349312,1.25885,1.2881,26.39025229958658,0.0014404985536412489,USDCAD_merged,44.3595371195482
2021-02-25 11:00:00,2021-02-25 13:00:00,1.5,90.0,1.6632434645948004,23760.620922782866,-1,84.891,85.21254841512051,84.40867737731925,80.984,82.205,58.169508361840826,0.11813595399404597,CADJPY_merged,133.3367565354052
2021-02-24 21:00:00,2021-02-25 15:00:00,1.5,30.0,0.36990661995567753,5284.380285081108,-1,0.74266,0.7468761613657708,0.7363357579513438,0.70959,0.72472,62.63186840670477,0.0014582167794648122,NZDUSD_merged,44.63009338004432
2021-02-24 22:00:00,2021-02-25 15:00:00,1.5,30.0,0.3635530751579662,5193.615359399518,-1,0.67292,0.6768070032921217,0.6670894950618174,0.64069,0.65022,64.03735939047958,0.0013440572142240604,NZDCHF_merged,44.63644692484203
2021-02-24 17:00:00,2021-02-25 15:00:00,1.4,15.0,0.1626524911167031,2323.6070159529017,-1,0.67353,0.6778779598446025,0.6674428562175564,0.63079,0.644,70.63155602304327,0.0015240683158120726,NZDCHF_merged,20.837347508883298
2021-02-24 17:00:00,2021-02-25 15:00:00,1.4,60.0,0.6738011213032797,9625.730304332568,-1,0.74347,0.7481042665532527,0.7369820268254461,0.70959,0.72472,73.17718149299701,0.0016011598263338269,NZDUSD_merged,83.32619887869672
2021-02-24 19:00:00,2021-02-25 19:00:00,1.5,15.0,0.22423418178900886,3203.3454541286983,-1,0.931,0.9353595048364206,0.9244607427453692,0.90378,0.92363,62.01927118510535,0.0015236112977925487,NZDCAD_merged,22.275765818210992
2021-02-24 18:00:00,2021-02-25 19:00:00,1.4,60.0,0.7186139945046367,10265.914207209096,-1,78.76,79.2203194517914,78.11555276749205,73.65,75.576,78.66550585514172,0.16315696105326968,NZDJPY_merged,83.28138600549536
2021-02-24 17:00:00,2021-02-25 19:00:00,1.3,15.0,0.16333412282489204,2333.3446117841722,-1,78.709,79.21498398283623,78.05122082231291,73.65,75.576,74.77328264446575,0.16439980421121306,NZDJPY_merged,19.336665877175108
2021-02-24 19:00:00,2021-02-25 19:00:00,1.5,15.0,0.24148296500354793,3449.756642907828,-1,0.931,0.9350481116338192,0.9249278325492714,0.90378,0.92363,62.01927118510535,0.0015236112977925487,NZDCAD_merged,22.25851703499645
2021-03-01 07:00:00,2021-03-01 10:00:00,-1.1,90.0,1.139342739426246,16276.324848946375,-1,0.71899,0.7229656579326438,0.7130265131010344,0.6905,0.70606,65.4777156234926,0.0015013151307237045,CADCHF_merged,-100.13934273942625
2021-03-01 07:00:00,2021-03-01 10:00:00,-1.1,90.0,1.2269844886128802,17528.349837326863,-1,0.71899,0.7226816823660264,0.7134524764509605,0.6905,0.70561,65.4777156234926,0.0015013151307237045,CADCHF_merged,-100.2269844886129
2021-03-01 18:00:00,2021-03-02 03:00:00,-1.1,90.0,1.662225878939331,23746.083984847588,-1,0.91453,0.9179961588855038,0.9093307616717442,0.8871,0.90455,66.75822920608965,0.0012052057528456788,USDCHF_merged,-100.66222587893934
2021-03-01 22:00:00,2021-03-02 05:00:00,-1.1,89.99999999999999,1.4598419970315333,20854.88567187905,-1,0.72228,0.7253970249994539,0.7176044625008192,0.6905,0.70561,60.41535821384297,0.001161080356947843,CADCHF_merged,-100.45984199703152
2021-03-02 05:00:00,2021-03-02 12:00:00,1.4,90.0,1.8587379882437012,26553.399832052877,-1,0.91845,0.9215629911997265,0.9140918123203828,0.8871,0.90455,71.63574619535989,0.0011373695305215605,USDCHF_merged,124.14126201175628
2021-03-01 21:00:00,2021-03-03 03:00:00,-1.1,90.00000000000001,1.371038567826648,19586.265254666403,-1,0.72297,0.7262920881650471,0.7179868677524294,0.6905,0.70606,60.236152812171994,0.001198855769020732,CADCHF_merged,-100.37103856782667
2021-03-01 21:00:00,2021-03-04 10:00:00,-1.1,89.99999999999999,1.8262229661086025,26088.899515837184,1,1.52387,1.5186130400459497,1.5312297439356706,1.52679,1.55933,33.89904547872131,0.0019012367194554808,EURCAD_merged,-100.82622296610859
2021-03-04 10:00:00,2021-03-04 11:00:00,-1.1,15.0,0.311538870848674,4450.5552978382,1,1.52121,1.5160829656249672,1.528900551562549,1.53126,1.54418,32.35461465086603,0.002059577726413886,EURCAD_merged,-16.811538870848675
2021-03-04 13:00:00,2021-03-05 06:00:00,1.5,15.0,0.2916697898523004,4166.711283604292,-1,1.1137,1.1177092770684003,1.1076860843973992,1.0785,1.08461,62.44732046994653,0.001343823854504902,EURCHF_merged,22.2083302101477
2021-03-04 13:00:00,2021-03-05 09:00:00,-1.1,60.00000000000001,0.9912693812386703,14160.991160552434,1,1.51663,1.510204051493409,1.5262689227598865,1.53126,1.54418,40.81817937047922,0.0023039840615638775,EURCAD_merged,-66.99126938123868
2021-03-05 15:00:00,2021-03-08 10:00:00,-1.1,29.999999999999996,0.43772083223768976,6253.154746252711,1,1.50865,1.501412133381215,1.5195067999281777,1.53126,1.54418,35.17164103809705,0.002326006334385865,EURCAD_merged,-33.43772083223769
2021-03-11 23:00:00,2021-03-12 06:00:00,-1.1,30.0,0.6005651020011838,8579.50145715977,-1,86.644,86.94696865301314,86.18954702048029,80.984,82.205,66.95864388186361,0.0977045830754964,CADJPY_merged,-33.600565102001184
2021-03-12 08:00:00,2021-03-12 10:00:00,-1.1,30.0,0.5039597879803772,7199.425542576818,1,0.90043,0.8966779089699243,0.9060581365451135,0.91041,0.93283,31.575494155740365,0.0013713615093091337,NZDCAD_merged,-33.50395978798038
2021-03-11 22:00:00,2021-03-16 08:00:00,1.5,15.0,0.347738257401194,4967.68939144563,-1,130.115,130.50788386334318,129.52567420498528,125.087,129.974,61.873313654373035,0.13096405293955016,EURJPY_merged,22.152261742598807
2021-03-16 20:00:00,2021-03-17 12:00:00,1.5,15.0,0.4077073565331465,5824.390807616379,1,1.48159,1.4777743477311072,1.4873134784033393,1.53126,1.53876,30.57068713511272,0.0013211091708062973,EURCAD_merged,22.092292643466852
2021-03-16 23:00:00,2021-03-17 13:00:00,1.5,15.0,0.42101127659114407,6014.446808444915,1,1.4823,1.478603151277557,1.4878452730836642,1.53126,1.53876,35.332458742012285,0.0011842626998037446,EURCAD_merged,22.078988723408855
2021-03-17 21:00:00,2021-03-18 08:00:00,1.5,60.0,1.2253078512603541,17504.39787514792,1,1.23914,1.2348925874051595,1.2455111188922605,1.24676,1.27484,31.942527045310175,0.0014678664217582884,USDCAD_merged,88.77469214873965
2021-03-17 21:00:00,2021-03-18 12:00:00,1.5,30.0,0.5718103305881652,8168.719008402361,1,1.23914,1.2345892007912425,1.245966198813136,1.24676,1.27484,34.69371140985892,0.0014678664217582884,USDCAD_merged,44.428189669411836
2021-03-17 23:00:00,2021-03-18 14:00:00,1.5,30.0,0.3589026012412377,5127.180017731967,-1,85.161,85.65929145673924,84.41356281489114,79.201,84.949,64.06428344895112,0.16294735565738475,AUDJPY_merged,44.64109739875876
2021-03-23 04:00:00,2021-03-23 07:00:00,-1.1,60.0,1.2656874723690217,18081.24960527174,-1,1.08776,1.0913695735319628,1.082345639702056,1.06391,1.08271,74.95955126574765,0.00128419530396724,AUDNZD_merged,-67.26568747236902
2021-03-23 08:00:00,2021-03-23 18:00:00,-1.1,30.0,0.43129438166220013,6161.348309460002,1,1.37926,1.3725442946183597,1.3893335580724602,1.37784,1.42415,37.59012390706046,0.0022329564276505347,GBPUSD_merged,-33.4312943816622
2021-03-23 08:00:00,2021-03-23 18:00:00,-1.1,60.0,0.9242022464190005,13202.889234557151,1,1.37926,1.3729920083104692,1.388661987534296,1.37784,1.42415,34.69773937743255,0.0022329564276505347,GBPUSD_merged,-66.924202246419
2021-03-23 10:00:00,2021-03-23 21:00:00,-1.1,30.0,0.40427981212539854,5775.425887505694,-1,1.68827,1.6970395870376538,1.6751156194435193,1.63216,1.67564,74.58687757268262,0.0031704242726913086,EURNZD_merged,-33.404279812125395
2021-03-24 05:00:00,2021-03-25 02:00:00,-1.1,30.000000000000004,0.5165440857473816,7379.201224962595,1,1.72558,1.71856468785146,1.7361029682228095,1.7349,1.78846,39.2139606382175,0.002352834712643292,GBPCAD_merged,-33.51654408574739
2021-03-24 05:00:00,2021-03-25 02:00:00,-1.1,15.000000000000002,0.27672004593609734,3953.143513372819,1,1.72558,1.7190323753280294,1.7354014370079556,1.7349,1.78846,37.00831620261709,0.002352834712643292,GBPCAD_merged,-16.776720045936102
2021-03-24 20:00:00,2021-03-28 20:00:00,1.5,60.0,1.0949796859310243,15642.566941871777,1,0.95552,0.9518549237875699,0.9610176143186452,0.97136,0.99926,37.99484337517537,0.0011979997800379142,AUDCAD_merged,88.90502031406898
2021-03-24 05:00:00,2021-03-29 04:00:00,1.5,30.0,0.4405318860374204,6293.312657677435,1,1.37303,1.3664848143020116,1.3828477785469826,1.37784,1.42415,36.656359052030254,0.002276605096996448,GBPUSD_merged,44.55946811396258
2021-03-26 10:00:00,2021-03-29 04:00:00,-1.1,60.0,1.1706263424862327,16723.23346408904,1,0.85521,0.8521416579768987,0.8598125130346521,0.85391,0.87307,37.64079919781426,0.0010904391976266337,EURGBP_merged,-67.17062634248623
2021-03-24 19:00:00,2021-03-29 06:00:00,1.5,30.0,0.3871388775069925,5530.555392957036,1,0.75906,0.7549425473425329,0.7652361789862007,0.76211,0.80068,40.37851041261383,0.0013644496320731558,AUDUSD_merged,44.61286112249301
2021-03-26 11:00:00,2021-03-29 21:00:00,-1.1,30.000000000000004,0.6940937752708747,9915.625361012497,-1,109.557,109.88846774715019,109.05979837927474,104.408,109.364,65.25322295510433,0.1110971598321985,USDJPY_merged,-33.69409377527088
2021-03-25 14:00:00,2021-03-30 03:00:00,-1.1,60.0,1.2074645406195519,17249.49343742217,1,1.17771,1.173613497093619,1.1838547543595714,1.18355,1.22433,33.97862222184768,0.001368679471022702,EURUSD_merged,-67.20746454061955
2021-03-25 13:00:00,2021-03-30 03:00:00,-1.1,15.0,0.320545912347131,4579.227319244728,1,1.17744,1.1735831047710221,1.1832253428434667,1.18355,1.22433,35.0270359670163,0.0013655009687936687,EURUSD_merged,-16.820545912347132
2021-03-30 12:00:00,2021-03-30 20:00:00,-1.1,15.000000000000002,0.35220123835152445,5031.446262164635,-1,110.193,110.5215128994479,109.70023065082815,104.408,109.364,66.55769315112921,0.10982542125768346,USDJPY_merged,-16.85220123835153
2021-04-01 04:00:00,2021-04-01 20:00:00,1.5,15.0,0.1949294098921174,2784.7058556016773,1,0.75704,0.7529621545869353,0.7631567681195972,0.76211,0.78489,37.660521075231074,0.001475918121679655,AUDUSD_merged,22.30507059010788
2021-04-01 04:00:00,2021-04-02 08:00:00,1.5,60.0,0.992834813623403,14183.35448033433,1,0.95181,0.94778354771897,0.9578496784215451,0.97136,0.99926,35.12017369776092,0.0013298542774616996,AUDCAD_merged,89.0071651863766
2021-04-01 04:00:00,2021-04-02 08:00:00,1.5,30.0,0.5318757930125374,7598.225614464821,1,0.95181,0.9480519778710387,0.9574470331934422,0.97136,0.99926,33.47386292522051,0.0013298542774616996,AUDCAD_merged,44.46812420698746
2021-04-01 04:00:00,2021-04-05 08:00:00,1.5,30.0,0.36386823179861916,5198.117597123131,1,0.75704,0.7526708799145735,0.7635936801281399,0.76211,0.78489,39.142729316087085,0.001475918121679655,AUDUSD_merged,44.63613176820138
2021-03-31 20:00:00,2021-04-05 13:00:00,1.5,15.0,0.3131549641300899,4473.64234471557,1,1.47337,1.4684298308275345,1.4807802537586983,1.47969,1.53876,36.52079291180193,0.0016012428390964517,EURCAD_merged,22.18684503586991
2021-04-05 08:00:00,2021-04-06 03:00:00,1.5,60.0,1.5974897765422293,22821.28252203185,1,0.84808,0.8458502918339109,0.8514245622491335,0.85391,0.86453,41.686168611151864,0.000781576337122825,EURGBP_merged,88.40251022345777
2021-04-05 08:00:00,2021-04-06 03:00:00,1.5,30.0,0.8557980945761943,12225.687065374204,1,0.84808,0.8459989390449835,0.8512015914325246,0.8533,0.86453,41.11457352544327,0.000781576337122825,EURGBP_merged,44.144201905423806
2021-04-01 03:00:00,2021-04-06 09:00:00,1.5,30.0,0.4870003884979953,6957.1484071142195,-1,1.82338,1.831242617957677,1.8115860730634845,1.7813,1.81128,62.932204024762164,0.0026622388916619105,GBPAUD_merged,44.512999611502
2021-04-07 08:00:00,2021-04-09 02:00:00,-1.1,90.00000000000001,1.609961488306934,22999.449832956205,-1,1.55816,1.564257293675219,1.5490140594871715,1.52699,1.56072,69.75469781619083,0.002066543280424938,EURAUD_merged,-100.60996148830696
2021-04-12 00:00:00,2021-04-12 20:00:00,1.5,90.0,1.8752908297018305,26789.86899574044,1,1.71879,1.7130157612374068,1.72745135814389,1.71773,1.74484,36.07178592471858,0.001857978664612221,GBPCAD_merged,133.12470917029816
2021-04-11 19:00:00,2021-04-12 20:00:00,1.5,60.0,1.1064203445702065,15806.004922431524,1,1.71772,1.7111994908323902,1.7275007637514146,1.71773,1.74484,31.816063816254697,0.002225270897421625,GBPCAD_merged,88.89357965542979
2021-04-08 11:00:00,2021-04-13 08:00:00,-1.1,59.99999999999999,0.9906343913783033,14151.919876832906,1,0.73498,0.7318638998253381,0.7396541502619928,0.73632,0.74757,37.423288460198144,0.001023078625490602,CADCHF_merged,-66.99063439137831
2021-04-09 04:00:00,2021-04-14 07:00:00,1.5,60.0,0.9277878291304956,13254.111844721367,1,0.70426,0.701071887473484,0.709042168789774,0.70856,0.72404,40.36908550444045,0.0011003681629692462,AUDCHF_merged,89.0722121708695
2021-04-09 04:00:00,2021-04-14 07:00:00,1.5,60.00000000000001,0.9940583883541027,14200.834119344325,1,0.70426,0.7012844283085851,0.7087233575371223,0.70856,0.72404,41.48046458327504,0.0011003681629692462,AUDCHF_merged,89.00594161164591
2021-04-15 21:00:00,2021-04-16 10:00:00,1.5,90.0,1.5596203187386524,22280.290267695036,1,1.92254,1.9147740060241099,1.934188990963835,1.92052,1.98225,34.79406671971481,0.00255304575444215,GBPNZD_merged,133.44037968126133
2021-04-15 21:00:00,2021-04-16 11:00:00,1.5,90.0,1.7424248038521382,24891.782912173403,1,1.66964,1.6636031644494813,1.678695253325778,1.66666,1.69896,37.51592241128547,0.0019764014799224508,EURNZD_merged,133.25757519614785
2021-04-15 20:00:00,2021-04-16 11:00:00,1.5,90.0,1.7552669367163105,25075.241953090153,1,1.77808,1.77169811940641,1.787652820890385,1.7813,1.8264,37.86993012359703,0.002102486850396915,GBPAUD_merged,133.2447330632837
2021-04-16 05:00:00,2021-04-16 13:00:00,1.5,60.0,1.0887300522022032,15553.286460031475,1,1.26539,1.2605084979332113,1.272712253100183,1.27722,1.30734,42.02975712516538,0.0017338654813330036,GBPCHF_merged,88.91126994779779
2021-04-16 05:00:00,2021-04-18 17:00:00,-1.1,90.0,2.873136789100359,41044.81127286227,1,1.10184,1.0994239674510682,1.1054640488233978,1.1005,1.1118,35.670554361539246,0.000916949569798839,EURCHF_merged,-101.87313678910037
2021-04-19 09:00:00,2021-04-19 16:00:00,-1.1,89.99999999999999,1.6980867215693491,24258.38173670499,1,0.73168,0.7289654248599624,0.7357518627100563,0.73632,0.75282,37.155362646693916,0.0009752417556247092,CADCHF_merged,-100.69808672156934
2021-04-19 10:00:00,2021-04-20 20:00:00,-1.1,59.99999999999999,1.2687298292674125,18124.711846677325,1,108.251,107.89264616491872,108.78853075262194,108.405,110.965,29.681673883845637,0.13634183306267103,USDJPY_merged,-67.26872982926741
2021-04-20 21:00:00,2021-04-21 10:00:00,1.5,89.99999999999999,1.6804299503798852,24006.142148284078,1,0.72648,0.7237563970322206,0.7305654044516691,0.73632,0.75282,34.76119183386475,0.0008773056805031576,CADCHF_merged,133.3195700496201
2021-04-19 10:00:00,2021-04-22 02:00:00,-1.1,90.0,1.7762217609743778,25374.596585348256,1,108.251,107.86704946241292,108.82692580638064,108.405,110.965,31.767925629413238,0.13634183306267103,USDJPY_merged,-100.7762217609744
2021-04-26 10:00:00,2021-04-27 21:00:00,1.5,90.0,1.464810041292333,20925.857732747616,1,1.78234,1.774674335727182,1.7938384964092273,1.7813,1.8264,32.05298635968813,0.0026769913225389635,GBPAUD_merged,133.53518995870766
2021-04-19 10:00:00,2021-04-28 14:00:00,-1.1,90.0,1.4000160472687821,20000.22924669689,1,0.91503,0.9109124121971701,0.9212063817042447,0.92132,0.94723,38.4588827292873,0.0013987771770663962,USDCHF_merged,-100.40001604726879
2021-04-28 14:00:00,2021-04-29 03:00:00,-1.1,15.0,0.27504878788698056,3929.2683983854367,-1,88.176,88.51261228144747,87.73840403411828,86.499,88.303,77.09581557654542,0.11656797189204995,CADJPY_merged,-16.77504878788698
2021-04-29 06:00:00,2021-04-29 08:00:00,-1.1,15.0,0.4010977653537773,5729.968076482533,1,1.23135,1.2281265527218541,1.235862826189404,1.25016,1.26532,34.26719837385646,0.0013343099588064141,USDCAD_merged,-16.90109776535378
2021-04-29 06:00:00,2021-04-29 19:00:00,-1.1,15.0,0.33194297822381563,4742.042546054509,1,1.23135,1.2274550012055738,1.2371924981916391,1.23647,1.26468,34.12182091036341,0.0013343099588064141,USDCAD_merged,-16.831942978223815
2021-04-28 17:00:00,2021-04-30 08:00:00,1.3,15.000000000000002,0.22753828911448118,3250.5469873497314,-1,0.72584,0.7291894670412,0.72148569284644,0.69427,0.70692,71.41252708797495,0.0011553465895468055,NZDUSD_merged,19.272461710885523
2021-04-29 09:00:00,2021-05-04 07:00:00,1.3,60.0,1.3008676527884828,18583.82361126404,1,1.22881,1.224842646373413,1.233967559714563,1.25016,1.26532,44.86844273407688,0.00149247776220763,USDCAD_merged,76.69913234721152
2021-05-04 10:00:00,2021-05-05 04:00:00,1.3,60.0,0.9202473944616002,13146.391349451433,-1,1.68256,1.690239187186544,1.672577056657493,1.66584,1.68193,58.632659883456576,0.002659567325740696,EURNZD_merged,77.0797526055384
2021-05-05 18:00:00,2021-05-06 04:00:00,1.4,14.999999999999998,0.3073398759765691,4390.56965680813,1,1.66427,1.658584166053307,1.6722301675253701,1.66584,1.68193,33.424426646550465,0.002361304800803859,EURNZD_merged,20.692660124023426
2021-05-05 12:00:00,2021-05-06 09:00:00,-1.1,90.0,1.97305615102752,28186.516443250286,1,1.22622,1.2223046598329315,1.2313099422171894,1.25016,1.26532,44.03130968432679,0.0013708232062042511,USDCAD_merged,-100.97305615102754
2021-05-07 03:00:00,2021-05-07 11:00:00,-1.1,60.0,1.356791133993948,19382.73048562783,1,1.21739,1.2136215216602655,1.2230427175096017,1.23647,1.26532,39.40640050970081,0.0013152270545947872,USDCAD_merged,-67.35679113399395
2021-05-07 02:00:00,2021-05-07 11:00:00,-1.1,14.999999999999998,0.35320019878726894,5045.717125532414,1,1.21665,1.213033120665316,1.2217136310685577,1.25016,1.26532,36.38523631778689,0.0012994752895636196,USDCAD_merged,-16.85320019878727
2021-05-07 03:00:00,2021-05-07 11:00:00,-1.1,60.00000000000001,1.639455953576021,23420.7993368003,1,1.21739,1.2142712593050473,1.2217562369729338,1.25016,1.26532,39.22460362134954,0.0013152270545947872,USDCAD_merged,-67.63945595357603
2021-05-10 02:00:00,2021-05-10 03:00:00,-1.1,30.0,0.6511881161828735,9302.687374041052,-1,120.679,121.06817463894386,120.17307296937298,117.509,118.736,75.33472795319653,0.14961256911995366,CHFJPY_merged,-33.65118811618287
2021-05-05 23:00:00,2021-05-12 04:00:00,1.3,60.0,0.8975965443465388,12822.807776379126,1,1.66799,1.6601852039096807,1.6781362349174151,1.66584,1.68193,47.15654314501067,0.0027176440683288673,EURNZD_merged,77.10240345565346
2021-05-05 23:00:00,2021-05-12 08:00:00,1.5,15.0,0.2243991360866347,3205.7019440947815,1,1.66799,1.6601852039096807,1.679697194135479,1.66584,1.69837,43.458671844544476,0.0027176440683288673,EURNZD_merged,22.275600863913365
2021-05-10 10:00:00,2021-05-13 04:00:00,1.2,15.0,0.22187344184714883,3169.620597816412,-1,1.41112,1.4177980232355196,1.4031063721173762,1.36689,1.40089,70.33795724144962,0.00258810322914701,GBPUSD_merged,17.778126558152852
2021-05-10 10:00:00,2021-05-13 06:00:00,1.3,15.000000000000002,0.20657182516803513,2951.0260738290735,-1,1.41112,1.418292691623336,1.401795500889663,1.36689,1.40089,71.15687773024806,0.00258810322914701,GBPUSD_merged,19.29342817483197
2021-05-13 03:00:00,2021-05-13 06:00:00,-1.1,30.0,0.6258876286611822,8941.25183801689,1,0.93727,0.9341252390079826,0.9416726653888245,0.95308,0.97586,34.75606628363924,0.0013795801457210407,AUDCAD_merged,-33.62588762866118
2021-05-10 10:00:00,2021-05-13 06:00:00,1.3,15.0,0.19968609766243395,2852.658538034771,-1,1.41112,1.418540025817244,1.4014739664375826,1.36689,1.40089,70.74669632195945,0.00258810322914701,GBPUSD_merged,19.300313902337567
2021-05-13 03:00:00,2021-05-13 12:00:00,1.4,15.0,0.30802734900759565,4400.39070010851,1,0.86944,0.8664762631664323,0.8735892315669946,0.8797,0.90818,34.681022019423985,0.0013102553225112748,NZDCAD_merged,20.691972650992405
2021-05-13 08:00:00,2021-05-14 07:00:00,1.4,30.0,0.4611016772302683,6587.166817575262,1,0.64837,0.6454171219966522,0.6525040292046869,0.64981,0.66231,44.11311433966669,0.0013110539893904894,NZDCHF_merged,41.53889832276973
2021-05-12 16:00:00,2021-05-14 12:00:00,1.3,60.0,0.9490655532967492,13558.079332810705,1,0.93692,0.9327737489993911,0.9423101263007915,0.949,0.97586,27.63338606775516,0.0013983316011801558,AUDCAD_merged,77.05093444670325
2021-05-12 16:00:00,2021-05-14 12:00:00,1.3,15.0,0.22935750871338106,3276.535838762587,1,0.93692,0.9326307748269563,0.9424959927249567,0.949,0.97586,27.63338606775516,0.0013983316011801558,AUDCAD_merged,19.27064249128662
2021-05-12 16:00:00,2021-05-14 12:00:00,1.3,60.0,0.9174300348535243,13106.143355050348,1,0.93692,0.9326307748269563,0.9424959927249567,0.949,0.97586,28.51450744184996,0.0013983316011801558,AUDCAD_merged,77.08256996514648
2021-05-13 08:00:00,2021-05-14 13:00:00,1.5,29.999999999999996,0.3816013880526357,5451.4484007519395,1,0.64837,0.6448019390792882,0.6537220913810677,0.64729,0.66443,44.27012263794488,0.0013110539893904894,NZDCHF_merged,44.618398611947356
2021-05-13 10:00:00,2021-05-14 14:00:00,1.4,30.0,0.5582933606556941,7975.619437938489,1,0.9378,0.9342724996949864,0.9427385004270189,0.95308,0.97586,43.020016655012334,0.0014790923799159513,AUDCAD_merged,41.441706639344304
2021-05-13 03:00:00,2021-05-14 15:00:00,1.5,15.0,0.25898798427359254,3699.8283467656083,1,0.93727,0.933470080467979,0.9429698792980317,0.949,0.97586,34.579009716706324,0.0013795801457210407,AUDCAD_merged,22.241012015726408
2021-05-12 18:00:00,2021-05-14 15:00:00,1.4,15.0,0.250993573406092,3585.6224772298865,1,0.93744,0.9335183378369316,0.9429303270282958,0.95308,0.97586,31.354268639336603,0.001329836941833899,AUDCAD_merged,20.74900642659391
2021-05-12 18:00:00,2021-05-14 15:00:00,1.4,15.0,0.250993573406092,3585.6224772298865,1,0.93744,0.9335183378369316,0.9429303270282958,0.949,0.97586,31.354268639336603,0.001329836941833899,AUDCAD_merged,20.74900642659391
2021-05-21 04:00:00,2021-05-21 07:00:00,1.4,60.0,1.2465769163077656,17808.24166153951,1,0.69458,0.6922398026468831,0.6978562762943635,0.70133,0.70983,40.28024806035044,0.0009961477854321147,AUDCHF_merged,82.75342308369224
2021-05-21 05:00:00,2021-05-23 17:00:00,-1.1,59.99999999999999,1.011112955089857,14444.47078699796,1,0.69546,0.6925711714222469,0.6997932428666297,0.70162,0.72404,43.1180037449879,0.0010035658007583916,AUDCHF_merged,-67.01111295508986
2021-05-21 05:00:00,2021-05-25 08:00:00,1.5,30.0,0.5092064194312003,7274.377420445719,1,0.64463,0.6419715044501754,0.6486177433247371,0.64729,0.66443,45.888129997513914,0.0009633852745743987,NZDCHF_merged,44.4907935805688
2021-05-26 20:00:00,2021-05-27 06:00:00,-1.1,60.0,1.535127600054229,21930.39428648899,1,1.06348,1.060570394309996,1.0675534479660056,1.07104,1.0821,33.508073635919395,0.0012000260110134548,AUDNZD_merged,-67.53512760005422
2021-05-26 17:00:00,2021-06-01 09:00:00,1.4,60.0,1.281040948531622,18300.584979023173,1,1.06208,1.0585978818014263,1.066954965478003,1.07145,1.0821,31.792140153623397,0.0012540698107514627,AUDNZD_merged,82.71895905146837
2021-05-26 14:00:00,2021-06-01 09:00:00,1.3,60.0,1.1619701234817754,16599.573192596792,1,1.06273,1.0588887084643575,1.0677236789963351,1.07145,1.0821,27.34825709612303,0.0012411140467464769,AUDNZD_merged,76.83802987651822
2021-05-26 14:00:00,2021-06-01 09:00:00,1.3,60.0,1.1619701234817754,16599.573192596792,1,1.06273,1.0588887084643575,1.0677236789963351,1.07145,1.0821,27.023955744277373,0.0012411140467464769,AUDNZD_merged,76.83802987651822
2021-05-26 18:00:00,2021-06-01 09:00:00,1.4,59.99999999999999,1.271316785023836,18161.668357483373,1,1.06288,1.059368604529896,1.0677959536581458,1.07104,1.0821,33.51829527210615,0.0012702076814120672,AUDNZD_merged,82.72868321497614
2021-05-26 14:00:00,2021-06-01 09:00:00,1.3,60.0,1.20203805877425,17171.972268203575,1,1.06273,1.0590167515155455,1.0675572230297907,1.07145,1.0821,27.023955744277373,0.0012411140467464769,AUDNZD_merged,76.79796194122575
2021-06-04 03:00:00,2021-06-04 08:00:00,1.5,30.0,0.5102730678860625,7289.61525551518,1,0.76686,0.7637040309682196,0.7715939535476706,0.76747,0.78905,38.49800967975846,0.0010669605274173718,AUDUSD_merged,44.48972693211394
2021-06-04 00:00:00,2021-06-04 08:00:00,1.4,60.0,1.2463989628864325,17805.69946980618,1,0.76588,0.763299208378872,0.7694931082695793,0.76879,0.78905,34.77773014750155,0.0010485205676983565,AUDUSD_merged,82.75360103711357
2021-06-03 18:00:00,2021-06-04 09:00:00,1.4,60.0,0.8828267781076029,12611.8111158229,1,0.71455,0.71115056754686,0.719309205434396,0.71344,0.73046,31.97891093630906,0.0011809342319086713,NZDUSD_merged,83.1171732218924
2021-06-09 22:00:00,2021-06-11 10:00:00,-1.1,60.00000000000001,1.2382959809342096,17689.942584774424,1,0.64315,0.6409685909979599,0.6464221135030602,0.64207,0.65698,39.48227201578265,0.0007334807149389575,NZDCHF_merged,-67.23829598093423
2021-06-11 15:00:00,2021-06-16 10:00:00,1.5,30.0,1.1858493000322936,16940.704286175624,1,1.08791,1.085983439011232,1.090799841483152,1.09266,1.10279,37.05693135070238,0.0006390219914774096,EURCHF_merged,43.814150699967705
2021-06-11 15:00:00,2021-06-16 14:00:00,-1.1,90.0,1.321018037307537,18871.68624725053,1,0.71283,0.7094304786663223,0.7175893298671487,0.71344,0.73159,34.59803871412592,0.0011631065647400454,NZDUSD_merged,-100.32101803730755
2021-06-11 16:00:00,2021-06-16 14:00:00,-1.1,60.0,1.0729842284734479,15328.346121049257,1,0.71314,0.7103485442446239,0.7170480380575266,0.71252,0.73159,32.30480264201705,0.0011743132386871841,NZDUSD_merged,-67.07298422847344
2021-06-16 22:00:00,2021-06-17 03:00:00,-1.1,60.0,1.0603778859410335,15148.255513443337,-1,0.90784,0.9114358199907349,0.9024462700138977,0.893,0.90534,72.58650005579112,0.0011927995044225125,USDCHF_merged,-67.06037788594104
2021-06-16 22:00:00,2021-06-17 03:00:00,-1.1,90.0,1.5905668289115504,22722.383270165006,-1,0.90784,0.9114358199907349,0.9031654340120446,0.893,0.90534,73.22803485614122,0.0011927995044225125,USDCHF_merged,-100.59056682891156
2021-06-16 22:00:00,2021-06-17 03:00:00,-1.1,59.99999999999999,1.0982485247246419,15689.264638923458,-1,0.90784,0.9113118261979509,0.9029794433228686,0.893,0.90534,71.96726810875785,0.0011927995044225125,USDCHF_merged,-67.09824852472464
2021-06-16 23:00:00,2021-06-17 03:00:00,-1.1,30.0,0.6565198437481478,9378.854910687825,1,1.2002,1.1963609385854803,1.2048068736974236,1.19859,1.22664,24.030127961902714,0.0013931692695438047,EURUSD_merged,-33.65651984374815
2021-06-17 15:00:00,2021-06-18 01:00:00,-1.1,60.0,0.6366422726647816,9094.88960949688,1,77.23,76.72050508593735,77.89234338828146,77.924,80.181,27.98414795367877,0.1647722353051096,NZDJPY_merged,-66.63664227266479
2021-06-17 19:00:00,2021-06-18 01:00:00,-1.1,30.0,0.4030713796515452,5758.162566450646,1,83.354,82.91972605042976,83.9185561344413,83.973,85.189,29.945859252484908,0.13948955581935815,AUDJPY_merged,-33.40307137965154
2021-06-17 15:00:00,2021-06-18 01:00:00,-1.1,60.0,0.6585954544808084,9408.506492582977,1,77.23,76.73748824973943,77.87026527533875,77.924,80.181,27.260027348147,0.1647722353051096,NZDJPY_merged,-66.6585954544808
2021-06-17 19:00:00,2021-06-18 01:00:00,-1.1,30.0,0.3442986382771325,4918.551975387607,1,77.371,76.8990867190964,78.07886992135538,77.924,80.181,36.5480088042841,0.15753380915632217,NZDJPY_merged,-33.34429863827713
2021-06-17 15:00:00,2021-06-18 01:00:00,-1.1,60.0,0.6366422726647816,9094.88960949688,1,77.23,76.72050508593735,77.89234338828146,77.924,80.181,27.260027348147,0.1647722353051096,NZDJPY_merged,-66.63664227266479
2021-06-17 14:00:00,2021-06-18 08:00:00,-1.1,60.0,0.5978284812119716,8540.406874456738,1,0.70075,0.6958269324438451,0.7076422945786168,0.71344,0.73159,32.25227123640533,0.0016697928119901338,NZDUSD_merged,-66.59782848121198
2021-06-17 14:00:00,2021-06-18 08:00:00,-1.1,60.0,0.5579732491311735,7971.046416159622,1,0.70075,0.6954752847612626,0.7076071298103586,0.7115,0.73159,31.98581839793074,0.0016697928119901338,NZDUSD_merged,-66.55797324913118
2021-06-17 14:00:00,2021-06-18 08:00:00,-1.1,60.0,0.5978284812119716,8540.406874456738,1,0.70075,0.6958269324438451,0.7076422945786168,0.7115,0.73159,32.25227123640533,0.0016697928119901338,NZDUSD_merged,-66.59782848121198
2021-06-18 13:00:00,2021-06-20 23:00:00,-1.1,15.0,0.18608446608042353,2658.349515434622,1,82.636,82.16971819890382,83.19553816131541,83.973,85.189,30.203019664071977,0.1653614659854566,AUDJPY_merged,-16.686084466080423
2021-06-20 19:00:00,2021-06-20 23:00:00,-1.1,30.0,0.44570472520652366,6367.210360093196,1,82.639,82.24963482124946,83.18411125025075,84.304,85.052,35.52293191392449,0.15814724177848336,AUDJPY_merged,-33.445704725206525
2021-06-20 20:00:00,2021-06-20 23:00:00,-1.1,60.0,0.9159092166043229,13084.417380061757,1,88.506,88.10014623932037,89.07419526495148,89.581,91.183,37.34299180130091,0.16752675264390557,CADJPY_merged,-66.91590921660432
2021-06-20 21:00:00,2021-06-20 23:00:00,-1.1,60.0,1.4391623849239372,20559.462641770533,1,130.869,130.4870765938869,131.40369276855833,130.981,134.123,31.46650130848359,0.1669822702223301,EURJPY_merged,-67.43916238492393
2021-06-21 01:00:00,2021-06-21 05:00:00,1.4,30.0,0.6029075285165957,8612.964693094225,1,1.38002,1.3752132230683363,1.3867494877043294,1.38008,1.42491,36.18495126712805,0.0019904791699889655,GBPUSD_merged,41.397092471483404
2021-06-21 03:00:00,2021-06-21 09:00:00,1.4,60.0,1.1851971037972604,16931.387197103722,1,130.511,130.04850629473881,131.15849118736563,130.981,134.123,39.96675779117429,0.21144101691652217,EURJPY_merged,82.81480289620274
2021-06-21 01:00:00,2021-06-21 09:00:00,1.5,30.0,0.4989579546344239,7127.970780491771,1,1.38002,1.374211811207573,1.3887322831886406,1.38008,1.42491,36.28923520446709,0.0019904791699889655,GBPUSD_merged,44.50104204536557
2021-06-21 05:00:00,2021-06-21 09:00:00,1.4,90.0,1.2744335488167753,18206.193554525362,1,88.255,87.81872264327455,88.86578829941561,89.581,91.183,43.685657145623374,0.19765492968543635,CADJPY_merged,124.72556645118321
2021-06-21 03:00:00,2021-06-21 10:00:00,1.4,60.0,0.7947901332460796,11354.14476065828,1,82.384,81.94864884813452,82.99349161261168,84.304,85.052,37.618854250769225,0.19065371947176307,AUDJPY_merged,83.20520986675392
2021-06-20 18:00:00,2021-06-21 13:00:00,1.3,30.0,0.3619079354886779,5170.11336412397,1,82.495,82.01631610552812,83.11728906281346,83.973,85.189,35.33166432784886,0.16223549114605978,AUDJPY_merged,38.63809206451132
2021-06-21 04:00:00,2021-06-21 13:00:00,1.4,90.0,1.5861787901751228,22659.697002501754,1,119.388,118.91381360647436,120.0518609509359,121.463,122.527,35.13791665806499,0.19460783082837202,CHFJPY_merged,124.41382120982486
2021-06-20 18:00:00,2021-06-21 13:00:00,1.4,90.0,1.1632755069278935,16618.221527541336,1,82.495,82.04822836515957,83.1204802887766,83.973,85.189,34.7941610803523,0.16223549114605978,AUDJPY_merged,124.8367244930721
2021-06-20 19:00:00,2021-06-22 12:00:00,1.4,60.0,1.277772127831745,18253.887540453503,1,1.18719,1.1832877408323492,1.192653162834711,1.19859,1.22664,34.71970292829094,0.0015562312255791519,EURUSD_merged,82.72222787216826
2021-06-20 19:00:00,2021-06-22 14:00:00,1.5,30.0,0.5287332942752048,7553.332775360069,1,1.18719,1.182474770172422,1.194262844741367,1.19859,1.22664,35.00400877342705,0.0015562312255791519,EURUSD_merged,44.471266705724794
2021-06-20 19:00:00,2021-06-22 14:00:00,1.4,30.0,0.41237953965203833,5891.136280743405,1,0.75004,0.7462204991553921,0.7553873011824512,0.7645,0.77753,36.6323584583378,0.001537068779163792,AUDUSD_merged,41.587620460347964
2021-06-18 13:00:00,2021-06-22 15:00:00,1.4,30.000000000000004,0.4827278194684907,6896.1117066927245,1,1.18742,1.1822543934212335,1.194651849210273,1.19859,1.22664,33.725066326162654,0.0017773695286725274,EURUSD_merged,41.517272180531506
2021-06-20 19:00:00,2021-06-23 04:00:00,1.5,15.000000000000002,0.17063980951118826,2437.7115644455466,1,0.75004,0.7454247698127654,0.756962845280852,0.7645,0.78905,36.92078391439887,0.001537068779163792,AUDUSD_merged,22.329360190488817
2021-06-18 12:00:00,2021-06-23 04:00:00,1.3,30.0,0.3027987513318065,4325.696447597236,1,0.74979,0.7445899818589918,0.7565500235833105,0.7645,0.78905,30.688096046880805,0.001700243710312036,AUDUSD_merged,38.69720124866819
2021-06-18 12:00:00,2021-06-23 04:00:00,1.4,30.0,0.3244272335697927,4634.6747652827535,1,0.74979,0.744936649735059,0.7565846903709172,0.7645,0.78905,30.841707248431817,0.001700243710312036,AUDUSD_merged,41.67557276643021
2021-06-28 16:00:00,2021-06-29 04:00:00,-1.1,15.0,0.26361489280827266,3765.927040118181,1,77.876,77.56581342772819,78.34127985840773,77.924,80.181,29.078846897693975,0.1037244152269906,NZDJPY_merged,-16.763614892808274
2021-06-28 18:00:00,2021-06-29 04:00:00,-1.1,15.0,0.25393016649057126,3627.573807008161,1,77.859,77.53705341472481,78.30972521938526,77.924,80.181,36.875873920311136,0.10236441925184439,NZDJPY_merged,-16.753930166490573
2021-06-29 01:00:00,2021-06-29 06:00:00,-1.1,15.0,0.25557137544569636,3651.019649224234,1,77.692,77.37280697669001,78.13887023263395,77.924,80.181,39.11956000757217,0.10963323406476956,NZDJPY_merged,-16.755571375445697
2021-06-29 07:00:00,2021-06-30 04:00:00,-1.1,15.0,0.2616740966665872,3738.2013809512464,1,83.282,82.94782057179538,83.78326914230692,83.973,85.189,27.80961533933395,0.11872220396809588,AUDJPY_merged,-16.76167409666659
2021-06-29 09:00:00,2021-06-30 19:00:00,1.1,15.000000000000002,0.22379049415718855,3197.007059388408,1,77.33,76.96717627817128,77.7291060940116,77.924,80.181,25.871953427184156,0.1284607976298861,NZDJPY_merged,16.276209505842814
2021-06-29 18:00:00,2021-06-30 20:00:00,-1.1,15.000000000000002,0.27742189235123826,3963.1698907319756,1,0.75136,0.7485162157791024,0.7553412979092566,0.7645,0.77753,31.539114232532302,0.0009209332112302022,AUDUSD_merged,-16.777421892351242
2021-06-29 09:00:00,2021-07-01 03:00:00,1.5,15.0,0.24961247425224878,3565.89248931784,1,77.33,77.00470976663631,77.81793535004552,77.924,80.181,25.871953427184156,0.1284607976298861,NZDJPY_merged,22.25038752574775
2021-06-29 21:00:00,2021-07-01 03:00:00,1.4,15.0,0.2381436183482882,3402.051690689832,1,77.323,76.98207484499012,77.8002952170138,77.924,80.181,36.56340420919969,0.11544894125931655,NZDJPY_merged,20.76185638165171
2021-06-29 09:00:00,2021-07-01 03:00:00,1.2,15.0,0.21633081101861565,3090.440157408795,1,77.33,76.9546651153496,77.78040186158049,77.924,80.181,29.606454695114437,0.1284607976298861,NZDJPY_merged,17.783669188981385
2021-06-30 21:00:00,2021-07-01 04:00:00,-1.1,60.0,1.760088574383275,25144.122491189646,-1,111.079,111.34406154678236,110.68140767982645,109.187,110.329,67.65862277570074,0.08590000257549431,USDJPY_merged,-67.76008857438327
2021-06-29 21:00:00,2021-07-01 05:00:00,1.4,60.0,1.1944100311665378,17063.000445236255,1,83.092,82.7998169214142,83.50105631002012,83.973,85.052,34.47307224207195,0.1024133010250094,AUDJPY_merged,82.80558996883346
2021-06-29 12:00:00,2021-07-01 05:00:00,1.2,59.99999999999999,0.9893695398206532,14133.850568866475,1,83.089,82.73627658781241,83.5122680946251,83.973,85.189,30.128946823594244,0.11467629424853758,AUDJPY_merged,71.01063046017933
2021-06-29 12:00:00,2021-07-01 05:00:00,1.1,60.0,1.0234857308489513,14621.224726413593,1,83.089,82.74803403488534,83.46406256162614,83.973,85.189,26.72027084957938,0.11467629424853758,AUDJPY_merged,64.97651426915105
2021-06-29 12:00:00,2021-07-01 07:00:00,1.5,60.0,1.1415802382545999,16308.289117922855,1,83.089,82.7833063761041,83.54754043584386,83.973,85.052,26.72027084957938,0.11467629424853758,AUDJPY_merged,88.8584197617454
2021-06-29 11:00:00,2021-07-02 03:00:00,-1.1,15.0,0.20278973328119265,2896.9961897313237,1,0.69924,0.6956194912685153,0.704670763097227,0.7115,0.73159,36.19816645316613,0.0011706336549833366,NZDUSD_merged,-16.702789733281193
2021-07-01 07:00:00,2021-07-02 13:00:00,1.5,60.0,1.9458039048005584,27797.19864000798,-1,111.452,111.69256812654406,111.0911478101839,108.559,110.329,76.89378980314162,0.09577433090859463,USDJPY_merged,88.05419609519944
2021-07-01 07:00:00,2021-07-02 13:00:00,1.1,60.0,1.7445138456832592,24921.626366903703,-1,111.452,111.72032598729915,111.15684141397094,108.559,110.329,76.89378980314162,0.09577433090859463,USDJPY_merged,64.25548615431674
2021-06-30 16:00:00,2021-07-02 14:00:00,1.5,60.0,1.2281124169852253,17544.463099788936,-1,0.92525,0.9284142461604121,0.9205036307593818,0.8926,0.92385,63.82878233009624,0.0010172666686990048,USDCHF_merged,88.77188758301477
2021-06-29 13:00:00,2021-07-05 11:00:00,1.5,15.0,0.3221657613160949,4602.368018801357,-1,1.58291,1.588069007255179,1.5751714891172315,1.56586,1.58506,73.30956809089867,0.001671835578983976,EURAUD_merged,22.177834238683904
2021-07-02 13:00:00,2021-07-06 08:00:00,1.4,15.0,0.2917550420030214,4167.929171471735,1,1.70378,1.6976482499273433,1.7123644501017194,1.70144,1.72582,38.836736773046695,0.002037922641536611,GBPCAD_merged,20.70824495799698
2021-07-02 14:00:00,2021-07-06 10:00:00,1.5,60.0,1.258041197608948,17972.01710869926,1,1.46322,1.4583350057631814,1.4705474913552277,1.46549,1.48243,25.42247244438368,0.0016534505971105059,EURCAD_merged,88.74195880239105
2021-07-06 09:00:00,2021-07-06 10:00:00,1.5,89.99999999999999,1.9225977209100376,27465.681727286254,1,1.56429,1.5591641086641175,1.5719788370038235,1.56586,1.58715,40.68952739783154,0.0021506754771008574,EURAUD_merged,133.07740227908994
2021-07-02 14:00:00,2021-07-06 10:00:00,1.5,15.0,0.314510299402237,4493.004277174815,1,1.46322,1.4583350057631814,1.4705474913552277,1.46658,1.48243,32.02285417105915,0.0016534505971105059,EURCAD_merged,22.185489700597763
2021-07-06 10:00:00,2021-07-06 10:00:00,1.4,60.0,1.0558453443269917,15083.504918957025,1,1.56792,1.5616830411164075,1.5766517424370294,1.56586,1.58715,55.417803828146184,0.0027270558001650904,EURAUD_merged,82.944154655673
2021-07-02 11:00:00,2021-07-06 10:00:00,1.5,15.0,0.34849711698121166,4978.5302425887385,1,1.46482,1.4604065890274125,1.4714401164588813,1.46549,1.48243,21.20978932594256,0.0016629169041744256,EURCAD_merged,22.15150288301879
2021-07-06 09:00:00,2021-07-06 10:00:00,1.2,60.0,1.1108342387480217,15869.06055354317,1,1.56429,1.5583755099970586,1.5713873880035294,1.56586,1.58506,39.36937660643197,0.0021506754771008574,EURAUD_merged,70.88916576125197
2021-07-06 09:00:00,2021-07-06 10:00:00,1.2,90.0,1.2400230121734177,17714.614459620258,1,1.67133,1.6628387229054362,1.6815195325134764,1.66844,1.71224,36.11124643185787,0.0029268238626030643,EURNZD_merged,106.75997698782658
2021-07-04 21:00:00,2021-07-06 10:00:00,1.5,15.0,0.3438217254441707,4911.738934916725,1,1.46323,1.4587614298477933,1.46993285522831,1.46658,1.48243,35.5037550860854,0.001419557428063954,EURCAD_merged,22.156178274555828
2021-07-06 10:00:00,2021-07-06 10:00:00,1.5,15.000000000000002,0.255162624879023,3645.180355414615,1,1.56792,1.5614679735686974,1.5775980396469538,1.56586,1.58506,56.346286028071994,0.0027270558001650904,EURAUD_merged,22.24483737512098
2021-07-04 21:00:00,2021-07-06 10:00:00,1.4,30.0,0.6876434508883414,9823.47786983345,1,1.46323,1.4587614298477933,1.4694859982130892,1.46658,1.48243,35.74839996690821,0.001419557428063954,EURCAD_merged,41.312356549111655
2021-07-06 09:00:00,2021-07-06 10:00:00,1.1,90.0,1.723708301505551,24624.40430722216,1,1.56429,1.5585726596638234,1.570579074369794,1.56586,1.58506,40.68952739783154,0.0021506754771008574,EURAUD_merged,97.27629169849446
2021-07-06 14:00:00,2021-07-07 10:00:00,-1.1,60.0,1.3233845589659492,18905.49369951356,1,1.1823,1.17854775733829,1.1879283639925646,1.19859,1.22664,35.677142577107105,0.0011978370143387383,EURUSD_merged,-67.32338455896596
2021-07-06 14:00:00,2021-07-07 10:00:00,-1.1,60.0,1.3233845589659492,18905.49369951356,1,1.1823,1.17854775733829,1.1875531397263936,1.18472,1.22664,36.58951052351832,0.0011978370143387383,EURUSD_merged,-67.32338455896596
2021-07-08 05:00:00,2021-07-08 08:00:00,-1.1,60.0,0.8793419030938042,12562.027187054347,1,151.431,150.70772024071377,152.51591963892938,151.309,155.482,27.803421752890948,0.2642203283347265,GBPJPY_merged,-66.8793419030938
2021-07-08 10:00:00,2021-07-08 11:00:00,-1.1,30.0,0.31007707471037754,4429.672495862536,1,0.63792,0.633599680604407,0.6444004790933896,0.63777,0.65698,19.58010860775945,0.0017499018403752471,NZDCHF_merged,-33.31007707471038
2021-07-08 05:00:00,2021-07-09 07:00:00,1.2,90.0,1.4912666920782094,21303.809886831565,1,129.868,129.31936010591116,130.5263678729066,130.037,134.123,36.08980493624377,0.1906742529322593,EURJPY_merged,106.50873330792179
2021-07-08 05:00:00,2021-07-09 07:00:00,1.1,90.0,1.5426896814602165,22038.424020860235,1,129.868,129.3376481023808,130.45138708738114,130.037,134.123,36.18511123753512,0.1906742529322593,EURJPY_merged,97.4573103185398
2021-07-08 09:00:00,2021-07-09 08:00:00,1.1,90.0,1.1371521406029226,16245.030580041752,1,0.74269,0.7385753817066912,0.7472160801226396,0.74761,0.77753,36.396572645563744,0.001486060044655516,AUDUSD_merged,97.86284785939709
2021-07-08 05:00:00,2021-07-09 09:00:00,1.5,90.0,1.231078664331326,17586.838061876086,1,151.431,150.65605740076475,152.5934138988529,151.309,155.482,27.803421752890948,0.2642203283347265,GBPJPY_merged,133.76892133566867
2021-07-08 05:00:00,2021-07-09 09:00:00,1.5,90.0,1.7206923370133185,24581.319100190267,1,129.868,129.39251209178968,130.5812318623155,130.037,134.123,36.18511123753512,0.1906742529322593,EURJPY_merged,133.27930766298667
2021-07-08 05:00:00,2021-07-09 09:00:00,1.5,60.0,0.8207191095542173,11724.558707917391,1,151.431,150.65605740076475,152.5934138988529,151.309,156.073,32.54270400844013,0.2642203283347265,GBPJPY_merged,89.17928089044578
2021-07-08 23:00:00,2021-07-09 09:00:00,1.4,90.0,0.9701790386509042,13859.700552155775,1,81.525,80.99560544545037,82.2661523763695,82.133,85.052,37.75064861290449,0.1775820002252563,AUDJPY_merged,125.02982096134909
2021-07-08 14:00:00,2021-07-09 09:00:00,1.4,60.0,0.6985989315694953,9979.984736707076,1,151.332,150.42218698529632,152.60573822058512,151.309,156.073,37.95905787491975,0.296465933122562,GBPJPY_merged,83.30140106843051
2021-07-08 19:00:00,2021-07-09 10:00:00,1.2,90.0,1.076094830080591,15372.783286865586,1,0.67966,0.6756809287506016,0.6844348854992782,0.68832,0.69828,31.218948524668946,0.0012966172914804731,AUDCHF_merged,106.92390516991941
2021-07-08 14:00:00,2021-07-09 10:00:00,1.5,30.0,0.34929946578474763,4989.992368353538,1,151.332,150.42218698529632,152.69671952205547,151.309,156.073,38.13232832739748,0.296465933122562,GBPJPY_merged,44.650700534215254
2021-07-09 00:00:00,2021-07-09 10:00:00,1.5,60.0,0.7779298663717511,11113.283805310732,1,0.6793,0.6756324971525948,0.6848012542711079,0.68832,0.69828,32.13481651113484,0.0011901794527683018,AUDCHF_merged,89.22207013362825
2021-07-08 06:00:00,2021-07-09 15:00:00,1.4,90.0,1.4817817106645856,21168.310152351223,1,130.057,129.50404466649644,130.83113746690495,130.037,134.123,35.42180865040084,0.19734037772281166,EURJPY_merged,124.5182182893354
2021-07-08 16:00:00,2021-07-09 15:00:00,1.4,90.0,0.7598760589729705,10855.372271042437,1,76.258,75.62575820960943,77.14313850654679,76.218,80.181,35.347634993078906,0.2066562383023985,NZDJPY_merged,125.24012394102702
2021-07-08 15:00:00,2021-07-09 16:00:00,1.4,59.99999999999999,0.8380921431024156,11972.744901463082,1,1.26144,1.2551184421097328,1.270290181046374,1.26125,1.28561,32.19949850962974,0.002052386966035085,GBPCHF_merged,83.16190785689757
2021-07-08 15:00:00,2021-07-11 21:00:00,1.5,59.99999999999999,0.8380921431024156,11972.744901463082,1,1.26144,1.2551184421097328,1.2709223368354006,1.26125,1.28561,31.882848721866825,0.002052386966035085,GBPCHF_merged,89.16190785689757
2021-07-08 15:00:00,2021-07-11 21:00:00,1.5,59.99999999999999,0.8380921431024156,11972.744901463082,1,1.26144,1.2551184421097328,1.2709223368354006,1.26125,1.28561,33.81551209856267,0.002052386966035085,GBPCHF_merged,89.16190785689757
2021-07-08 06:00:00,2021-07-12 09:00:00,1.5,60.0,0.9549259913171776,13641.799875959681,1,130.057,129.4849772412032,130.91503413819515,130.037,134.123,35.3822345326001,0.19734037772281166,EURJPY_merged,89.04507400868282
2021-07-09 02:00:00,2021-07-12 10:00:00,1.4,90.0,1.2605753796453825,18008.21970921975,1,0.68025,0.6768503024736168,0.6850095765369365,0.68832,0.69828,34.779213604881434,0.001158573099580834,AUDCHF_merged,124.7394246203546
2021-07-08 10:00:00,2021-07-12 23:00:00,1.4,90.0,1.087683343909148,15538.333484416402,1,0.74404,0.7397304258704991,0.7500734037813014,0.74761,0.77753,33.574493897075705,0.0015584843271801263,AUDUSD_merged,124.91231665609084
2021-07-08 10:00:00,2021-07-12 23:00:00,1.4,30.0,0.4359129342803549,6227.327632576499,-1,1.59362,1.6012972257412479,1.582871883962253,1.56586,1.58506,75.23822273856753,0.0027227127294338436,EURAUD_merged,41.56408706571965
2021-07-08 10:00:00,2021-07-13 03:00:00,1.5,30.0,0.4359129342803549,6227.327632576499,-1,1.59362,1.6012972257412479,1.5821041613881284,1.56586,1.58506,76.4707311803275,0.0027227127294338436,EURAUD_merged,44.56408706571965
2021-07-13 10:00:00,2021-07-13 15:00:00,-1.1,30.0,0.5904712205323437,8435.303150462054,1,1.18209,1.1778859187278223,1.1883961219082668,1.18472,1.19751,37.69289049234013,0.0015463534831201898,EURUSD_merged,-33.59047122053234
2021-07-13 10:00:00,2021-07-13 15:00:00,-1.1,60.00000000000001,1.1022129449937084,15745.899214195835,1,1.18209,1.177585627208381,1.1888465591874287,1.19859,1.22664,38.46351627874508,0.0015463534831201898,EURUSD_merged,-67.10221294499372
2021-07-09 06:00:00,2021-07-13 17:00:00,-1.1,90.0,2.7097947934468674,38711.35419209811,1,1.08405,1.0815296929212073,1.0878304606181892,1.0869,1.10279,36.842057754014284,0.0008422379053406217,EURCHF_merged,-101.70979479344687
2021-07-09 02:00:00,2021-07-13 17:00:00,-1.1,90.0,2.8996354654617447,41423.36379231064,1,1.08383,1.0814751767536537,1.0873622348695198,1.0869,1.10279,32.07453658562642,0.0008238738619643891,EURCHF_merged,-101.89963546546176
2021-07-08 20:00:00,2021-07-13 22:00:00,1.4,90.0,0.9112785748028045,13018.26535432578,1,0.63553,0.6311363501209096,0.6416811098307266,0.63777,0.65698,31.542302457926734,0.0014220821054327407,NZDCHF_merged,125.08872142519718
2021-07-09 01:00:00,2021-07-13 22:00:00,1.5,60.0,0.6391148741389231,9130.212487698902,1,0.63526,0.6310853326468193,0.6415220010297712,0.63777,0.65698,36.96685835956807,0.0013507303712226148,NZDCHF_merged,89.36088512586107
2021-07-08 17:00:00,2021-07-13 22:00:00,1.5,60.0,0.5638133033614536,8054.475762306481,1,0.6353,0.6305674759816914,0.6423987860274629,0.63777,0.65698,29.174738547245823,0.0015805431485240915,NZDCHF_merged,89.43618669663854
2021-07-09 02:00:00,2021-07-13 22:00:00,1.4,90.0,1.022734041127744,14610.486301824916,1,0.6359,0.6319828819234544,0.6413839653071638,0.63777,0.65698,35.837625879583705,0.0013328210589924274,NZDCHF_merged,124.97726595887224
2021-07-08 19:00:00,2021-07-13 22:00:00,1.5,90.0,0.8874173007527095,12677.390010752992,1,0.63529,0.6307799155148258,0.6420551267277614,0.63777,0.65698,33.46289018379992,0.0014645499596967948,NZDCHF_merged,134.1125826992473
2021-07-08 13:00:00,2021-07-13 22:00:00,1.5,60.0,0.8079615373286876,11542.30767612411,-1,1.59145,1.599722782417464,1.579040826373804,1.56586,1.58506,63.28466162933433,0.0026706231292150575,EURAUD_merged,89.1920384626713
2021-07-08 13:00:00,2021-07-13 22:00:00,1.5,90.0,1.2119423059930314,17313.461514186165,-1,1.59145,1.599722782417464,1.579040826373804,1.57009,1.58715,64.69345207412216,0.0026706231292150575,EURAUD_merged,133.78805769400697
2021-07-08 10:00:00,2021-07-14 02:00:00,1.5,90.0,0.8682158091890568,12403.082988415099,1,0.63792,0.6332910863618646,0.6448633704572032,0.63777,0.65018,19.58010860775945,0.0017499018403752471,NZDCHF_merged,134.13178419081095
2021-07-09 01:00:00,2021-07-14 06:00:00,1.4,90.0,1.2183348182748557,17404.783118212225,1,0.7303,0.7265236243018033,0.7355869259774752,0.73616,0.74784,39.569681252166404,0.0012527557654324255,CADCHF_merged,124.78166518172513
2021-07-14 06:00:00,2021-07-14 20:00:00,1.5,30.0,0.9573473515790335,13676.390736843337,1,0.85176,0.8498916123170448,0.8545625815244327,0.85303,0.86421,31.455607035722554,0.0007296183642453293,EURGBP_merged,44.04265264842097
2021-07-14 06:00:00,2021-07-14 20:00:00,1.5,90.0,2.680572584421294,38293.894063161344,1,0.85176,0.8497581560539765,0.854762765919035,0.85303,0.86713,32.250338765208895,0.0007296183642453293,EURGBP_merged,132.3194274155787
2021-07-14 06:00:00,2021-07-14 20:00:00,1.4,90.0,2.680572584421294,38293.894063161344,1,0.85176,0.8497581560539765,0.8545625815244327,0.85303,0.86713,33.02679432074348,0.0007296183642453293,EURGBP_merged,123.31942741557869
2021-07-08 06:00:00,2021-07-15 06:00:00,-1.1,90.0,1.6047561537155417,22925.087910222028,-1,1.7313,1.7380967896398132,1.7211048155402806,1.70144,1.72582,64.85931034432764,0.002540911078989741,GBPCAD_merged,-100.60475615371556
2021-07-08 06:00:00,2021-07-15 06:00:00,-1.1,60.0,1.069837435810361,15283.391940148018,-1,1.7313,1.7380967896398132,1.7211048155402806,1.70144,1.72582,63.03670787726538,0.002540911078989741,GBPCAD_merged,-67.06983743581036
2021-07-13 12:00:00,2021-07-15 11:00:00,-1.1,90.0,1.4090156760176002,20128.795371680008,-1,1.25095,1.2565432557274838,1.2425601164087743,1.23023,1.24866,61.50576508440636,0.0018291029632688234,USDCAD_merged,-100.40901567601762
2021-07-15 02:00:00,2021-07-15 13:00:00,-1.1,90.0,1.453309046083561,20761.55780119373,1,87.68,87.29991291426377,88.21212192003073,87.959,91.183,36.14593855319659,0.12820276144263454,CADJPY_merged,-100.45330904608358
2021-07-15 00:00:00,2021-07-15 13:00:00,-1.1,30.0,0.4741615223994022,6773.736034277174,1,87.611,87.22298222270548,88.19302666594177,87.959,91.183,30.091657366742112,0.1336079363476714,CADJPY_merged,-33.4741615223994
2021-07-15 01:00:00,2021-07-15 13:00:00,-1.1,90.0,1.3774144338335743,19677.34905476535,1,87.635,87.23417619095699,88.23623571356453,87.959,91.183,35.90838407920869,0.13106451232283767,CADJPY_merged,-100.3774144338336
2021-07-15 23:00:00,2021-07-16 14:00:00,-1.1,90.0,1.4798302597598574,21140.43228228368,1,1.06048,1.0559652768039194,1.066800612474513,1.05999,1.08121,36.05825702085943,0.001533128608310703,AUDNZD_merged,-100.47983025975986
2021-07-15 23:00:00,2021-07-16 14:00:00,-1.1,90.0,1.4798302597598574,21140.43228228368,1,1.06048,1.0559652768039194,1.0672520847941211,1.05999,1.08121,35.77263418595762,0.001533128608310703,AUDNZD_merged,-100.47983025975986
2021-07-08 10:00:00,2021-07-16 15:00:00,-1.1,60.0,0.7009514882970065,10013.592689957237,1,0.74404,0.7395818198660334,0.7507272702009499,0.7645,0.77753,33.0320696359792,0.0015584843271801263,AUDUSD_merged,-66.70095148829701
2021-07-15 19:00:00,2021-07-18 19:00:00,-1.1,90.0,1.3428356591932553,19183.36655990365,1,81.588,81.20522464213617,82.12388550100934,82.133,85.052,34.72495962668512,0.13292068108940192,AUDJPY_merged,-100.34283565919327
2021-07-15 16:00:00,2021-07-18 20:00:00,-1.1,60.0,0.8621480216892383,12316.400309846264,1,81.481,81.08406096935711,82.07640854596431,82.133,85.189,31.51326992065678,0.12750493805612828,AUDJPY_merged,-66.86214802168924
2021-07-08 12:00:00,2021-07-19 03:00:00,1.5,15.0,0.24339659075028167,3477.0941535754528,1,0.91537,0.9114211423063189,0.9212932865405217,0.91422,0.92385,25.839923024722196,0.0013502844392309823,USDCHF_merged,22.256603409249717
2021-07-08 12:00:00,2021-07-19 05:00:00,1.5,90.0,1.3630209082015776,19471.727260022537,1,0.91537,0.9111390810424845,0.9217163784362732,0.91422,0.92385,25.839923024722196,0.0013502844392309823,USDCHF_merged,133.63697909179842
2021-07-18 22:00:00,2021-07-19 09:00:00,-1.1,90.0,1.6466048315789454,23522.92616541351,-1,1.59913,1.605248358701972,1.5899524619470422,1.56155,1.59782,73.88258595387354,0.0019859205506103476,EURAUD_merged,-100.64660483157895
2021-07-19 09:00:00,2021-07-19 10:00:00,-1.1,90.00000000000001,1.4546650484901336,20780.92926414477,-1,1.5023,1.5088063019214104,1.4925405471178843,1.46054,1.48243,79.91935282044895,0.002780822114789464,EURCAD_merged,-100.45466504849016
2021-07-19 09:00:00,2021-07-19 10:00:00,-1.1,90.0,1.260709708691449,18010.13869559213,-1,1.5023,1.5098072714477813,1.4932912742626625,1.46054,1.48243,77.16848168765145,0.002780822114789464,EURCAD_merged,-100.26070970869146
2021-07-19 09:00:00,2021-07-19 10:00:00,-1.1,90.00000000000001,1.3041824572670162,18631.17796095738,-1,1.5023,1.5095570290661886,1.4943172680271926,1.46054,1.48243,79.91935282044895,0.002780822114789464,EURCAD_merged,-100.30418245726705
2021-07-19 07:00:00,2021-07-20 00:00:00,1.5,90.0,1.1385408738637592,16264.869626625135,-1,0.88838,0.8932957602756998,0.8810063595864502,0.86263,0.87804,63.05638770960787,0.0016779734186689861,NZDCAD_merged,133.86145912613625
2021-07-19 07:00:00,2021-07-20 00:00:00,1.5,90.0,1.1385408738637592,16264.869626625135,-1,0.88838,0.8932957602756998,0.8810063595864502,0.85982,0.88514,61.71985851012812,0.0016779734186689861,NZDCAD_merged,133.86145912613625
2021-07-19 12:00:00,2021-07-20 02:00:00,-1.1,90.0,0.9818129252033434,14025.898931476335,1,0.63735,0.6332603156039951,0.6430755581544068,0.63777,0.65453,31.330167442130936,0.001382283265430077,NZDCHF_merged,-99.98181292520336
2021-07-19 12:00:00,2021-07-20 02:00:00,-1.1,90.0,0.9818129252033434,14025.898931476335,1,0.63735,0.6332603156039951,0.6434845265940072,0.63777,0.65453,30.02011711483161,0.001382283265430077,NZDCHF_merged,-99.98181292520336
2021-07-19 07:00:00,2021-07-20 06:00:00,1.5,90.00000000000001,1.3626179229574058,19465.97032796294,-1,1.75209,1.7601907058648127,1.7399389412027808,1.70171,1.72582,76.49731110887967,0.002730218481965846,GBPCAD_merged,133.63738207704262
2021-07-20 05:00:00,2021-07-20 08:00:00,-1.1,90.00000000000001,1.4462589542202147,20660.842203145927,1,1.36648,1.36052752241991,1.3754087163701347,1.37313,1.42491,37.80536072706101,0.002061719250980196,GBPUSD_merged,-100.44625895422024
2021-07-20 05:00:00,2021-07-20 08:00:00,-1.1,90.00000000000001,1.4462589542202147,20660.842203145927,1,1.36648,1.36052752241991,1.3748134686121256,1.37313,1.42491,37.6902793214104,0.002061719250980196,GBPUSD_merged,-100.44625895422024
2021-07-19 09:00:00,2021-07-20 09:00:00,1.5,30.0,0.43453390541032116,6207.627220147446,-1,1.74653,1.7549705680531111,1.7338691479203332,1.70171,1.72582,64.37071162131338,0.003154882262511366,GBPCAD_merged,44.56546609458968
2021-07-19 09:00:00,2021-07-20 09:00:00,1.4,90.00000000000001,1.2166949351488991,17381.356216412845,-1,1.74653,1.7555734657711906,1.7338691479203332,1.70171,1.72582,63.54899365615331,0.003154882262511366,GBPCAD_merged,124.78330506485112
2021-07-19 09:00:00,2021-07-20 09:00:00,-1.1,90.0,1.6565208209525581,23664.58315646512,1,119.122,118.66896096148767,119.75625465391725,118.865,122.766,32.70990643995478,0.15515494049191142,CHFJPY_merged,-100.65652082095258
2021-07-19 09:00:00,2021-07-20 11:00:00,1.5,90.00000000000001,1.2166949351488991,17381.356216412845,-1,1.74653,1.7555734657711906,1.732964801343214,1.70171,1.72582,64.37071162131338,0.003154882262511366,GBPCAD_merged,133.78330506485113
2021-07-19 09:00:00,2021-07-20 11:00:00,1.5,90.00000000000001,1.2166949351488991,17381.356216412845,-1,1.74653,1.7555734657711906,1.732964801343214,1.70171,1.72582,62.086899841226575,0.003154882262511366,GBPCAD_merged,133.78330506485113
2021-07-19 08:00:00,2021-07-20 14:00:00,1.5,90.0,1.2697609053497607,18139.441504996583,-1,0.93834,0.9429956339662793,0.9313565490505809,0.92467,0.93764,57.271382845371015,0.001646743846705521,AUDCAD_merged,133.73023909465024
2021-07-19 14:00:00,2021-07-20 15:00:00,1.5,90.0,0.9949061207312504,14212.944581875006,1,0.71945,0.7148942586033459,0.7262836120949814,0.73616,0.74835,28.705896568617337,0.001470824718012016,CADCHF_merged,134.00509387926874
2021-07-19 18:00:00,2021-07-20 15:00:00,1.5,90.0,1.0229837744833983,14614.053921191406,1,0.71962,0.7151882522899354,0.7262676215650968,0.73616,0.74835,33.97006688324304,0.001426731434067605,CADCHF_merged,133.9770162255166
2021-07-19 14:00:00,2021-07-20 15:00:00,1.5,60.0,0.7106472290937502,10152.103272767861,1,0.71945,0.7151979746964561,0.7258280379553159,0.73616,0.74835,28.705896568617337,0.001470824718012016,CADCHF_merged,89.28935277090625
2021-07-19 16:00:00,2021-07-20 15:00:00,1.5,90.0,1.048547976549291,14979.256807847018,1,0.7201,0.7157734168569665,0.7265898747145502,0.73616,0.74835,28.1439192642021,0.0015070376395103517,CADCHF_merged,133.9514520234507
2021-07-19 18:00:00,2021-07-20 15:00:00,1.4,90.0,1.0229837744833983,14614.053921191406,1,0.71962,0.7151882522899354,0.7258244467940904,0.73616,0.74835,34.18306583246498,0.001426731434067605,CADCHF_merged,124.97701622551659
2021-07-19 12:00:00,2021-07-22 04:00:00,1.1,90.0,1.32162758222276,18880.394031753716,-1,1.60751,1.6151727585079358,1.5990809656412708,1.56155,1.58506,73.80542002709288,0.0026785926256937096,EURAUD_merged,97.67837241777725
2021-07-19 12:00:00,2021-07-22 07:00:00,1.1,90.0,1.1477357809003121,16396.22544143303,1,0.67398,0.6702804778010238,0.6780494744188739,0.68832,0.70023,25.742438773664837,0.0013152903592780964,AUDCHF_merged,97.85226421909971
2021-07-19 12:00:00,2021-07-22 08:00:00,1.2,90.0,1.1094779215369686,15849.684593385267,1,0.67398,0.6701529080700246,0.6785725103159705,0.68832,0.70023,28.786984860153098,0.0013152903592780964,AUDCHF_merged,106.89052207846304
2021-07-20 05:00:00,2021-07-22 09:00:00,1.4,90.0,1.0807529505874935,15439.327865535624,1,0.73266,0.7283891275517769,0.7386392214275124,0.74761,0.77753,37.06355026603495,0.0014119367101643105,AUDUSD_merged,124.91924704941249
2021-07-21 13:00:00,2021-07-22 09:00:00,1.1,90.0,1.3599514193368807,19427.877419098295,1,0.92302,0.9187440928482317,0.9277234978669451,0.92467,0.93764,29.32482109583278,0.0014441328318469955,AUDCAD_merged,97.64004858066313
2021-07-19 12:00:00,2021-07-22 17:00:00,1.5,90.0,1.280166832542656,18288.097607752232,1,0.67398,0.6706631869940214,0.678955219508968,0.68832,0.70023,25.742438773664837,0.0013152903592780964,AUDCHF_merged,133.71983316745735
2021-07-21 13:00:00,2021-07-22 17:00:00,1.2,90.0,1.314619705358985,18780.281505128358,1,0.92302,0.9185966477740327,0.9283280226711605,0.92467,0.93764,31.555704200746913,0.0014441328318469955,AUDCAD_merged,106.68538029464102
2021-07-27 15:00:00,2021-07-28 10:00:00,-1.1,90.0,1.6045585348823348,22922.264784033352,-1,1.99508,2.0029133097401908,1.9833300353897139,1.95268,1.99562,75.16519661660683,0.002960467764353861,GBPNZD_merged,-100.60455853488234
2021-07-27 11:00:00,2021-07-28 10:00:00,-1.1,89.99999999999999,1.12724610072345,16103.515724620716,1,0.63655,0.632992422823706,0.6418863657644407,0.63777,0.65453,33.37186280391411,0.0012204405545671445,NZDCHF_merged,-100.12724610072344
2021-07-27 16:00:00,2021-07-28 10:00:00,-1.1,90.0,1.4633958386782526,20905.654838260754,-1,1.99425,2.002835356516626,1.9848061078317112,1.95268,1.99562,73.3582062938655,0.002886862924042886,GBPNZD_merged,-100.46339583867827
2021-07-28 12:00:00,2021-07-28 15:00:00,-1.1,90.0,1.1433807429452962,16334.010613504235,1,0.63311,0.629621579345192,0.6379937889167311,0.63339,0.65453,32.26607723629084,0.001124034964583401,NZDCHF_merged,-100.14338074294531
2021-07-27 22:00:00,2021-07-29 00:00:00,1.4,89.99999999999999,1.9352511031040227,27646.44433005747,-1,1.74744,1.753128601330516,1.7394759581372778,1.70171,1.72582,71.09846527673199,0.0018736146975406446,GBPCAD_merged,124.06474889689595
2021-07-28 00:00:00,2021-07-29 03:00:00,1.5,90.0,2.036070515371531,29086.721648164727,-1,1.74638,1.751783640943149,1.7382745385852767,1.70171,1.72582,65.78774641749924,0.001728269815736582,GBPCAD_merged,132.96392948462847
2021-07-27 20:00:00,2021-07-29 03:00:00,1.5,89.99999999999999,1.8050008179849968,25785.72597121424,-1,1.74776,1.753860212193971,1.7386096817090433,1.70171,1.72582,74.84530549827225,0.0019874466314672642,GBPCAD_merged,133.19499918201498
2021-07-27 16:00:00,2021-07-29 09:00:00,-1.1,90.0,1.5402245404548642,22003.207720783776,-1,1.88517,1.8928809347942817,1.8736035978085774,1.82549,1.85232,67.8090369402709,0.002543860769658629,GBPAUD_merged,-100.54022454045487
2021-07-27 16:00:00,2021-07-29 09:00:00,-1.1,90.0,1.5402245404548642,22003.207720783776,-1,1.88517,1.8928809347942817,1.8736035978085774,1.82549,1.85232,65.55223041617333,0.002543860769658629,GBPAUD_merged,-100.54022454045487
2021-07-21 13:00:00,2021-07-29 17:00:00,-1.1981925154355237,90.0,1.5168688907988284,21669.555582840407,1,0.92302,0.9191864280708284,0.9287703578937573,0.92467,0.93764,29.32482109583278,0.0014441328318469955,AUDCAD_merged,-109.35419527999596
2021-07-30 10:00:00,2021-08-02 22:00:00,1.5,90.0,1.6152029280030162,23074.327542900235,1,0.91615,0.9125766130899503,0.9215100803650746,0.92467,0.94183,36.33161740671276,0.001283905472158254,AUDCAD_merged,133.38479707199699
2021-08-01 19:00:00,2021-08-03 00:00:00,1.1,90.00000000000001,1.2364896107012835,17664.137295732624,1,0.66512,0.6617311676444871,0.6688477155910642,0.68832,0.70023,32.38364497259971,0.0011108083896962352,AUDCHF_merged,97.76351038929874
2021-08-01 19:00:00,2021-08-03 00:00:00,1.2,89.99999999999999,1.1952732903445742,17075.332719208203,1,0.66512,0.6616143113563661,0.6693268263723609,0.68832,0.70023,33.681098239801855,0.0011108083896962352,AUDCHF_merged,106.80472670965541
2021-07-30 11:00:00,2021-08-03 00:00:00,1.5,90.0,1.5000730519221648,21429.6150274595,1,0.91712,0.9132682835835253,0.9228975746247122,0.92467,0.94183,32.762301848292495,0.001329340795575516,AUDCAD_merged,133.49992694807784
2021-07-27 19:00:00,2021-08-03 04:00:00,-1.1,89.99999999999999,1.4427714695210319,20611.0209931576,1,0.72572,0.7225510740151261,0.730473388977311,0.73616,0.74835,38.24171409433149,0.0010172866143657532,CADCHF_merged,-100.44277146952102
2021-07-27 19:00:00,2021-08-03 04:00:00,-1.1,89.99999999999999,1.4427714695210319,20611.0209931576,1,0.72572,0.7225510740151261,0.7301564963788236,0.73616,0.74835,38.433451933545136,0.0010172866143657532,CADCHF_merged,-100.44277146952102
2021-07-29 12:00:00,2021-08-03 06:00:00,-1.1,90.0,1.8520681451924856,26458.116359892658,1,0.90621,0.9031274336188333,0.9099090796573999,0.91174,0.92742,31.553691112507114,0.0010041276894087222,USDCHF_merged,-100.8520681451925
2021-07-29 12:00:00,2021-08-03 06:00:00,-1.1,90.0,1.9159325639922264,27370.465199888953,1,0.90621,0.9032301858315389,0.9094877955853071,0.91174,0.92742,29.290001334357378,0.0010041276894087222,USDCHF_merged,-100.91593256399224
2021-07-27 14:00:00,2021-08-04 02:00:00,1.5,90.0,0.9271119844672354,13244.456920960507,1,76.295,75.77655292127282,77.07267061809078,76.218,78.767,32.812672458008095,0.16718600055841346,NZDJPY_merged,134.07288801553275
2021-07-28 16:00:00,2021-08-04 03:00:00,1.5,90.0,0.907139293005039,12959.132757214844,1,0.63301,0.628613803042431,0.6396042954363533,0.63777,0.65453,32.07649748252778,0.0014414419154380055,NZDCHF_merged,134.09286070699497
2021-08-03 11:00:00,2021-08-04 10:00:00,1.5,90.0,2.3398634610705438,33426.620872436346,1,108.95,108.6566559603072,109.39001605953919,109.063,111.657,40.34289605064195,0.10336839323824538,USDJPY_merged,132.66013653892946
2021-08-03 11:00:00,2021-08-04 10:00:00,1.5,90.0,2.3398634610705438,33426.620872436346,1,108.95,108.6566559603072,109.39001605953919,109.063,111.657,41.00773726526078,0.10336839323824538,USDJPY_merged,132.66013653892946
2021-08-09 07:00:00,2021-08-10 04:00:00,-1.1,90.0,1.9007129330455514,27153.041900650736,-1,1.27254,1.2767578920659808,1.2662131619010288,1.25013,1.2714,65.44427432357239,0.0014748237347083696,GBPCHF_merged,-100.90071293304557
2021-08-06 10:00:00,2021-08-10 06:00:00,-1.1,90.0,2.344881536093519,33498.30765847884,1,0.84778,0.8455022670238181,0.8511965994642726,0.85031,0.86696,34.551196368632006,0.0007650125878657942,EURGBP_merged,-101.34488153609354
2021-08-10 22:00:00,2021-08-11 13:00:00,1.5,90.0,3.5359634980898527,50513.76425842647,-1,110.644,110.84113359608395,110.34829960587409,109.063,110.592,69.66232821722956,0.06366039878788658,USDJPY_merged,131.46403650191016
2021-08-11 10:00:00,2021-08-12 09:00:00,1.5,15.0,0.3117464364253152,4453.520520361646,1,1.6657,1.6600897193499466,1.67411542097508,1.66932,1.70632,24.217218520281943,0.0020298379706809376,EURNZD_merged,22.188253563574683
2021-08-10 17:00:00,2021-08-12 09:00:00,-1.1,15.0,0.3088476701252873,4412.10957321839,-1,0.73562,0.7381209125038459,0.7318686312442312,0.71728,0.73339,71.32316440043687,0.0009222413915815411,CADCHF_merged,-16.80884767012529
2021-08-10 17:00:00,2021-08-12 09:00:00,-1.1,90.0,1.7295469527016087,24707.813610022982,-1,0.73562,0.7382995491112635,0.7316006763331049,0.71728,0.73339,71.32316440043687,0.0009222413915815411,CADCHF_merged,-100.72954695270163
2021-08-11 10:00:00,2021-08-12 09:00:00,1.5,89.99999999999999,1.7457800439817648,24939.714914025215,1,1.6657,1.6596889850178,1.6747165224732998,1.66932,1.70632,24.217218520281943,0.0020298379706809376,EURNZD_merged,133.2542199560182
2021-08-11 10:00:00,2021-08-12 09:00:00,1.5,89.99999999999999,1.7457800439817648,24939.714914025215,1,1.6657,1.6596889850178,1.6747165224732998,1.66932,1.70979,31.308235146303495,0.0020298379706809376,EURNZD_merged,133.2542199560182
2021-08-11 12:00:00,2021-08-12 10:00:00,1.5,90.0,1.4848804909996454,21212.57844285208,-1,77.831,78.16121869636788,77.33567195544818,76.035,77.31,72.53267186142936,0.10771054887577217,NZDJPY_merged,133.51511950900036
2021-08-11 12:00:00,2021-08-13 07:00:00,1.5,90.0,1.6229211677616753,23184.58811088108,-1,0.64928,0.6518004329583312,0.6454993505625031,0.62837,0.64616,73.56644390942874,0.0008287054394834895,NZDCHF_merged,133.3770788322383
2021-08-10 10:00:00,2021-08-13 10:00:00,1.5,90.0,2.018636624216889,28837.666060241274,-1,0.92271,0.9255897025330179,0.9183904462004733,0.91174,0.92325,69.34559127923295,0.0009784793554579094,USDCHF_merged,132.9813633757831
2021-08-10 10:00:00,2021-08-13 10:00:00,1.5,90.0,2.093775184621483,29911.074066021185,-1,1.27734,1.2811834126352752,1.271574881047087,1.25013,1.2714,66.42608796106553,0.001343199149013794,GBPCHF_merged,132.90622481537852
2021-08-10 10:00:00,2021-08-13 10:00:00,1.5,90.0,2.093775184621483,29911.074066021185,-1,1.27734,1.2811834126352752,1.271574881047087,1.25013,1.2714,66.33562975413957,0.001343199149013794,GBPCHF_merged,132.90622481537852
2021-08-10 12:00:00,2021-08-13 11:00:00,1.5,90.0,1.9235248146798962,27478.925923998522,1,1.46874,1.463929528136376,1.4759557077954357,1.47642,1.50994,24.838956433070667,0.0015853841482645348,EURCAD_merged,133.0764751853201
2021-08-16 04:00:00,2021-08-16 09:00:00,-1.1,90.0,1.7674701450428212,25249.573500611732,1,80.249,79.96295912886112,80.6780613067083,80.154,85.052,26.606080673425748,0.10787173969245475,AUDJPY_merged,-100.76747014504284
2021-08-16 04:00:00,2021-08-16 09:00:00,-1.1,90.0,1.5318074590371116,21882.963700530167,1,80.249,79.9189528409936,80.64505659080767,80.154,85.189,29.144326678756414,0.10787173969245475,AUDJPY_merged,-100.53180745903713
2021-08-16 04:00:00,2021-08-16 09:00:00,-1.1,90.0,1.5846284059004603,22637.54865572086,1,80.249,79.92995441296048,80.59995014574346,80.154,85.189,26.606080673425748,0.10787173969245475,AUDJPY_merged,-100.58462840590047
2021-08-16 13:00:00,2021-08-17 02:00:00,-1.1,90.0,1.426652884227114,20380.75548895877,1,80.119,79.76520006339283,80.5081799302679,80.154,85.189,34.27897309784246,0.11714283684466291,AUDJPY_merged,-100.42665288422712
2021-08-16 11:00:00,2021-08-17 03:00:00,-1.1,90.00000000000001,1.4189698236427726,20270.99748061104,1,151.241,150.5695140500353,152.04678313995765,151.162,153.441,36.312699513366795,0.22148374641764323,GBPJPY_merged,-100.4189698236428
2021-08-17 04:00:00,2021-08-17 10:00:00,-1.1,15.0,0.2399850919057875,3428.358455796965,1,0.72883,0.7256411706692996,0.7336132439960505,0.7289,0.74263,35.73890891590399,0.0010548757452167829,AUDUSD_merged,-16.739985091905787
2021-08-17 04:00:00,2021-08-17 10:00:00,-1.1,15.0,0.2399850919057875,3428.358455796965,1,0.72883,0.7256411706692996,0.7336132439960505,0.7289,0.74263,36.247001190267646,0.0010548757452167829,AUDUSD_merged,-16.739985091905787
2021-08-17 12:00:00,2021-08-17 22:00:00,-1.1,15.0,0.15346520420660303,2192.360060094329,1,75.746,75.22775027419942,76.41972464354073,76.035,78.767,30.202106351474054,0.18044203042875306,NZDJPY_merged,-16.653465204206604
2021-08-17 19:00:00,2021-08-18 11:00:00,1.5,15.000000000000002,0.4521490765921289,6459.272522744699,1,1.07122,1.0687323669200488,1.074951449619927,1.07189,1.09866,33.57259883087136,0.000792124524746808,EURCHF_merged,22.047850923407875
2021-08-17 22:00:00,2021-08-18 11:00:00,-1.1,30.0,0.5548158674568214,7925.940963668879,1,0.72572,0.7229731210994635,0.7298403183508048,0.7289,0.74263,36.34177796201754,0.0010502244215946335,AUDUSD_merged,-33.554815867456824
2021-08-17 14:00:00,2021-08-18 20:00:00,-1.1,15.0,0.37440999393042756,5348.714199006108,1,1.17178,1.1684938457307616,1.1767092314038576,1.17518,1.19085,32.7087126003283,0.0010835715595261643,EURUSD_merged,-16.874409993930428
2021-08-17 14:00:00,2021-08-18 20:00:00,-1.1,15.0,0.37440999393042756,5348.714199006108,1,1.17178,1.1684938457307616,1.1767092314038576,1.17518,1.19085,31.723742839110823,0.0010835715595261643,EURUSD_merged,-16.874409993930428
2021-08-17 19:00:00,2021-08-18 20:00:00,-1.1,15.000000000000002,0.2641780246630359,3773.9717809005133,1,0.72554,0.7226562741451651,0.7298655887822523,0.7289,0.74263,31.244048035072776,0.0009190103836393625,AUDUSD_merged,-16.76417802466304
2021-08-17 15:00:00,2021-08-19 02:00:00,-1.1,15.0,0.2287378748468312,3267.683926383303,1,0.66332,0.6602750910601649,0.6678873634097526,0.6622,0.70023,31.3022883662939,0.001005685128518625,AUDCHF_merged,-16.728737874846832
2021-08-17 18:00:00,2021-08-19 02:00:00,-1.1,14.999999999999998,0.23948448169158582,3421.2068813083692,1,0.66298,0.6600732187543722,0.6673401718684417,0.6622,0.70023,34.85012613327615,0.0010918295289196204,AUDCHF_merged,-16.739484481691587
2021-08-19 07:00:00,2021-08-19 14:00:00,-1.1,30.0,0.40269916443944975,5752.845206277854,1,0.71958,0.7158275263585325,0.7252087104622011,0.71864,0.73339,32.955129664421484,0.0012443370795018243,CADCHF_merged,-33.40269916443945
2021-08-19 07:00:00,2021-08-19 14:00:00,-1.1,30.0,0.40269916443944975,5752.845206277854,1,0.71958,0.7158275263585325,0.7252087104622011,0.71864,0.73339,32.35287145256103,0.0012443370795018243,CADCHF_merged,-33.40269916443945
2021-08-19 10:00:00,2021-08-19 21:00:00,-1.1,30.0,0.34872161095670745,4981.737299381535,1,0.65817,0.6542065031687939,0.6641152452468092,0.6622,0.70023,31.340038909095533,0.0014232252096590364,AUDCHF_merged,-33.34872161095671
2021-08-19 10:00:00,2021-08-19 21:00:00,-1.1,60.0,0.6974432219134149,9963.47459876307,1,0.65817,0.6542065031687939,0.6641152452468092,0.6622,0.70023,31.44125086061587,0.0014232252096590364,AUDCHF_merged,-66.69744322191342
2021-08-19 08:00:00,2021-08-19 21:00:00,-1.1,60.0,0.7351249039895598,10501.784342707997,1,0.71676,0.7126649244779186,0.7224931057309137,0.7289,0.74263,26.998550778993764,0.0013389519473108735,AUDUSD_merged,-66.73512490398956
2021-08-19 10:00:00,2021-08-19 21:00:00,-1.1,60.0,0.7759069923787472,11084.385605410675,1,0.71776,0.7138747508275985,0.7235878737586021,0.7289,0.74263,27.243403307874992,0.001456188158650694,AUDUSD_merged,-66.77590699237875
2021-08-19 13:00:00,2021-08-20 01:00:00,-1.1,30.0,0.43318046336995875,6188.292333856554,-1,1.63169,1.6396002113085686,1.6198246830371472,1.59001,1.61835,73.31358242596146,0.002569113024080747,EURAUD_merged,-33.43318046336996
2021-08-19 21:00:00,2021-08-20 01:00:00,-1.1,60.0,1.0729530757816341,15327.901082594775,-1,1.28145,1.2864661466717258,1.2749290093267565,1.24217,1.28072,79.88565377982339,0.001964726766808754,USDCAD_merged,-67.07295307578164
2021-08-20 00:00:00,2021-08-20 03:00:00,-1.1,60.0,0.7208055133067154,10297.221618667363,1,85.389,84.89145413862782,86.03580961978382,86.574,88.292,31.505963808531767,0.16774128566103977,CADJPY_merged,-66.72080551330671
2021-08-20 00:00:00,2021-08-20 03:00:00,-1.1,60.0,0.845062547623171,12072.322108902445,1,0.65475,0.6514958621758419,0.6596312067362373,0.6622,0.70023,30.09207005445575,0.001177719357514707,AUDCHF_merged,-66.84506254762317
2021-08-20 01:00:00,2021-08-20 03:00:00,-1.1,30.0,0.5577521874747134,7967.888392495906,-1,1.63707,1.6432337535041597,1.6278243697437604,1.56155,1.61835,71.43982094012453,0.002347666549049632,EURAUD_merged,-33.55775218747471
2021-08-20 09:00:00,2021-08-22 20:00:00,1.3,90.0,0.9232750472114826,13189.64353159261,1,85.077,84.49647407587933,85.83168370135687,86.574,88.459,42.21799845593636,0.21531125649184016,CADJPY_merged,116.07672495278852
2021-08-20 05:00:00,2021-08-22 20:00:00,1.2,60.0,0.7126573828771782,10180.81975538826,1,0.71084,0.7066507106279505,0.7158671472464595,0.71864,0.73339,24.01806172047325,0.001496398074794187,CADCHF_merged,71.28734261712282
2021-08-20 05:00:00,2021-08-22 20:00:00,1.3,90.0,0.9356470766170252,13366.386808814645,1,84.943,84.3710526136683,85.6865316022312,86.574,88.459,22.77248727067751,0.2039930054756664,CADJPY_merged,116.06435292338297
2021-08-20 05:00:00,2021-08-22 21:00:00,1.4,90.0,1.0333532051719083,14762.188645312977,1,0.71084,0.7065062523737419,0.7169072466767614,0.71864,0.74835,22.16437250054077,0.001496398074794187,CADCHF_merged,124.96664679482808
2021-08-20 08:00:00,2021-08-22 21:00:00,1.3,90.0,1.0369994777887872,14814.278254125533,1,0.71118,0.7068594250180784,0.7167967474764981,0.71864,0.74835,33.3561708741206,0.0014612924818960817,CADCHF_merged,115.96300052221122
2021-08-20 08:00:00,2021-08-22 21:00:00,1.3,90.0,1.0369994777887872,14814.278254125533,1,0.71118,0.7068594250180784,0.7167967474764981,0.71864,0.73842,35.54355865860011,0.0014612924818960817,CADCHF_merged,115.96300052221122
2021-08-20 08:00:00,2021-08-23 00:00:00,1.5,30.0,0.3712714179737633,5303.87739962519,1,0.71118,0.7071573957064868,0.7172139064402698,0.71864,0.74835,32.833636637014955,0.0014612924818960817,CADCHF_merged,44.628728582026234
2021-08-20 08:00:00,2021-08-23 00:00:00,1.4,90.0,1.0369994777887872,14814.278254125533,1,0.71118,0.7068594250180784,0.7172288049746903,0.71864,0.74835,33.3561708741206,0.0014612924818960817,CADCHF_merged,124.9630005222112
2021-08-20 09:00:00,2021-08-23 00:00:00,1.3,90.0,1.0579960844880854,15114.229778401219,1,0.71167,0.7074322518025014,0.7171790726567483,0.71864,0.74835,39.1804807932263,0.0015740573046177932,CADCHF_merged,115.94200391551192
2021-08-20 08:00:00,2021-08-23 01:00:00,1.5,60.0,0.6913329851925248,9876.185502750355,1,0.71118,0.7068594250180784,0.7176608624728824,0.71864,0.74835,32.9269892327732,0.0014612924818960817,CADCHF_merged,89.30866701480747
2021-08-20 01:00:00,2021-08-23 11:00:00,1.3,30.000000000000004,0.519286519373009,7418.378848185844,-1,1.63707,1.6436903278378012,1.6284635738108586,1.56155,1.61835,71.55377644493615,0.002347666549049632,EURAUD_merged,38.480713480626996
2021-08-20 01:00:00,2021-08-23 11:00:00,1.4,60.00000000000001,1.038573038746018,14836.757696371687,-1,1.63707,1.6436903278378012,1.6278015410270783,1.56155,1.61835,71.7707233467184,0.002347666549049632,EURAUD_merged,82.96142696125398
2021-08-19 06:00:00,2021-08-23 11:00:00,1.3,60.0,0.6180957759749844,8829.939656785493,1,0.68284,0.6782000588913973,0.6888719234411835,0.68804,0.70882,34.335705942005475,0.0015928382860057864,NZDUSD_merged,77.38190422402502
2021-08-20 01:00:00,2021-08-23 11:00:00,1.3,60.00000000000001,1.038573038746018,14836.757696371687,-1,1.63707,1.6436903278378012,1.6284635738108586,1.56155,1.61835,71.7707233467184,0.002347666549049632,EURAUD_merged,76.96142696125399
2021-08-20 07:00:00,2021-08-23 11:00:00,1.5,29.999999999999996,0.4959575714440195,7085.108163485993,-1,1.63908,1.646020246904545,1.6286696296431826,1.56155,1.61835,63.20532632078661,0.0026047145438911285,EURAUD_merged,44.50404242855598
2021-08-20 07:00:00,2021-08-23 11:00:00,1.2,60.0,0.9235072019992088,13192.960028560126,-1,1.63908,1.6465343392678446,1.6301347928785865,1.59001,1.61835,62.79582766624607,0.0026047145438911285,EURAUD_merged,71.07649279800079
2021-08-19 06:00:00,2021-08-23 11:00:00,1.3,15.0,0.1545239439937461,2207.484914196373,1,0.68284,0.6782000588913973,0.6888719234411835,0.68804,0.70882,34.559883312527745,0.0015928382860057864,NZDUSD_merged,19.345476056006255
2021-08-20 01:00:00,2021-08-23 11:00:00,1.3,60.00000000000001,1.038573038746018,14836.757696371687,-1,1.63707,1.6436903278378012,1.6284635738108586,1.59001,1.61835,71.66110167295616,0.002347666549049632,EURAUD_merged,76.96142696125399
2021-08-20 01:00:00,2021-08-23 12:00:00,1.4,60.0,1.0039539374544841,14342.199106492631,-1,1.63707,1.6439186150046219,1.6274819389935293,1.56155,1.61835,71.7707233467184,0.002347666549049632,EURAUD_merged,82.99604606254552
2021-08-19 06:00:00,2021-08-23 12:00:00,1.4,60.0,0.6180957759749844,8829.939656785493,1,0.68284,0.6782000588913973,0.6893359175520437,0.68804,0.70882,34.335705942005475,0.0015928382860057864,NZDUSD_merged,83.38190422402502
2021-08-19 06:00:00,2021-08-23 12:00:00,1.5,15.0,0.16597016206735696,2371.0023152479566,1,0.68284,0.6785200548299216,0.6893199177551176,0.68804,0.70882,34.71452011180005,0.0015928382860057864,NZDUSD_merged,22.334029837932643
2021-08-19 06:00:00,2021-08-23 14:00:00,1.5,15.0,0.1545239439937461,2207.484914196373,1,0.68284,0.6782000588913973,0.689799911662904,0.68804,0.70882,34.48201119515529,0.0015928382860057864,NZDUSD_merged,22.345476056006255
2021-08-19 07:00:00,2021-08-23 14:00:00,1.3,15.0,0.15541677725754321,2220.2396751077604,1,0.68372,0.6791007689705832,0.6897250003382418,0.68804,0.70882,34.80294543810128,0.0015790641227196559,NZDUSD_merged,19.344583222742457
2021-08-20 01:00:00,2021-08-23 22:00:00,1.5,30.000000000000004,0.519286519373009,7418.378848185844,-1,1.63707,1.6436903278378012,1.6271395082432982,1.56155,1.61835,71.65023441937043,0.002347666549049632,EURAUD_merged,44.480713480626996
2021-08-19 06:00:00,2021-08-24 01:00:00,1.4,15.0,0.17484063952334222,2497.723421762032,-1,1.71258,1.7228648457023628,1.6981812160166923,1.66932,1.70979,64.96915704074152,0.003449118907874194,EURNZD_merged,20.825159360476658
2021-08-19 06:00:00,2021-08-24 01:00:00,1.4,15.0,0.18086962709311266,2583.8518156158952,-1,1.71258,1.722522017512284,1.6986611754828025,1.66932,1.70979,64.96915704074152,0.003449118907874194,EURNZD_merged,20.819130372906887
2021-08-19 06:00:00,2021-08-24 01:00:00,1.3,15.0,0.18086962709311266,2583.8518156158952,-1,1.71258,1.722522017512284,1.6996553772340308,1.66932,1.70979,64.96915704074152,0.003449118907874194,EURNZD_merged,19.319130372906887
2021-08-19 06:00:00,2021-08-24 01:00:00,1.5,30.0,0.26807774393061484,3829.6820561516406,1,74.882,74.29540822369536,75.76188766445696,76.035,78.767,35.491034466299915,0.19220697838000794,NZDJPY_merged,44.73192225606938
2021-08-19 06:00:00,2021-08-24 02:00:00,1.5,15.0,0.14710200919932923,2101.457274276132,1,0.62531,0.6208465973342329,0.6320051039986508,0.62837,0.65453,38.50607081465994,0.0015551008251184278,NZDCHF_merged,22.35289799080067
2021-08-19 07:00:00,2021-08-24 02:00:00,1.3,60.00000000000001,0.7179824652893789,10256.892361276843,-1,1.7099,1.719902444832835,1.6968968217173144,1.66366,1.70632,66.80449882985369,0.0034370389858832083,EURNZD_merged,77.28201753471063
2021-08-19 08:00:00,2021-08-24 03:00:00,1.3,60.0,1.0142510859153702,14489.301227362434,-1,1.90855,1.9164532796822353,1.8982757364130942,1.82549,1.89711,66.29635904400709,0.00268417822337583,GBPAUD_merged,76.98574891408462
2021-08-19 08:00:00,2021-08-24 03:00:00,1.5,60.0,1.0893807959831756,15562.582799759653,-1,1.90855,1.9159082259110467,1.89751266113343,1.82549,1.89711,67.17986296730457,0.00268417822337583,GBPAUD_merged,88.91061920401683
2021-08-19 08:00:00,2021-08-24 03:00:00,1.3,60.0,1.0142510859153702,14489.301227362434,-1,1.90855,1.9164532796822353,1.8982757364130942,1.82549,1.89711,67.55719603812406,0.00268417822337583,GBPAUD_merged,76.98574891408462
2021-08-19 09:00:00,2021-08-24 03:00:00,1.2,15.0,0.25736349276010634,3676.6213251443764,-1,1.90795,1.91573411684779,1.8986090597826522,1.82549,1.89711,65.18990979559297,0.002665308350277563,GBPAUD_merged,17.742636507239894
2021-08-19 08:00:00,2021-08-24 03:00:00,1.4,60.0,0.980442716384858,14006.324519783688,-1,1.90855,1.9167258065678296,1.8971038708050385,1.82549,1.89711,67.55719603812406,0.00268417822337583,GBPAUD_merged,83.01955728361514
2021-08-19 08:00:00,2021-08-24 03:00:00,1.3,60.0,1.0142510859153702,14489.301227362434,-1,1.90855,1.9164532796822353,1.8982757364130942,1.82549,1.89711,67.36659240405834,0.00268417822337583,GBPAUD_merged,76.98574891408462
2021-08-19 08:00:00,2021-08-24 03:00:00,1.4,60.0,1.0142510859153702,14489.301227362434,-1,1.90855,1.9164532796822353,1.8974854084448707,1.82549,1.89711,67.55719603812406,0.00268417822337583,GBPAUD_merged,82.98574891408462
2021-08-19 08:00:00,2021-08-24 04:00:00,1.5,60.0,1.0142510859153702,14489.301227362434,-1,1.90855,1.9164532796822353,1.8966950804766471,1.82549,1.89711,67.50696679196929,0.00268417822337583,GBPAUD_merged,88.98574891408462
2021-08-19 07:00:00,2021-08-24 06:00:00,1.5,30.0,0.282336034363922,4033.3719194846003,1,0.62723,0.6225646975246447,0.6342279537130329,0.62837,0.65453,37.70960588878802,0.0015140221947528246,NZDCHF_merged,44.71766396563608
2021-08-20 05:00:00,2021-08-25 13:00:00,1.3,60.0,1.1373515749274212,16247.879641820306,1,1.25032,1.2457028313814618,1.2563223192041,1.25488,1.2714,36.967227812623,0.0015719751734236034,GBPCHF_merged,76.86264842507258
2021-08-27 02:00:00,2021-08-30 08:00:00,1.4,90.0,2.594883293356401,37069.76133366288,-1,1.49121,1.494830441437213,1.4861413819879012,1.46602,1.49248,62.04197939880564,0.0012871117902407048,EURCAD_merged,123.40511670664358
2021-08-27 02:00:00,2021-08-30 08:00:00,1.3,90.0,2.594883293356401,37069.76133366288,-1,1.49121,1.494830441437213,1.4865034261316226,1.46602,1.49248,62.04197939880564,0.0012871117902407048,EURCAD_merged,114.4051167066436
2021-08-27 02:00:00,2021-08-30 08:00:00,1.3,90.0,2.594883293356401,37069.76133366288,-1,1.49121,1.494830441437213,1.4865034261316226,1.46602,1.49248,61.44873398616539,0.0012871117902407048,EURCAD_merged,114.4051167066436
2021-08-31 01:00:00,2021-08-31 10:00:00,-1.1,90.0,1.4956349554715103,21366.213649593003,-1,0.88625,0.8899831134710205,0.8813969524876732,0.86784,0.88409,73.1711927944709,0.0013331890424450208,NZDCAD_merged,-100.49563495547153
2021-08-31 05:00:00,2021-09-01 10:00:00,-1.1,90.0,1.5080977239334938,21544.253199049912,-1,0.88796,0.89166940683168,0.883508711801984,0.86784,0.88409,66.6828714451251,0.0012727411037399114,NZDCAD_merged,-100.5080977239335
2021-08-31 09:00:00,2021-09-02 02:00:00,-1.1,60.0,1.143576252135739,16336.803601939131,1,1.95278,1.9456080462411818,1.963537930638227,1.96458,2.00661,41.04542272625847,0.002767259229223166,GBPNZD_merged,-67.14357625213574
2021-08-31 09:00:00,2021-09-02 03:00:00,-1.1,90.0,1.59706338660336,22815.191237190855,1,1.95278,1.9450767904071953,1.962794172470646,1.96458,2.00734,41.10763609828345,0.002767259229223166,GBPNZD_merged,-100.59706338660338
2021-08-31 09:00:00,2021-09-02 03:00:00,-1.1,90.0,1.59706338660336,22815.191237190855,1,1.95278,1.9450767904071953,1.9643348143892068,1.96458,2.00661,41.2168020235141,0.002767259229223166,GBPNZD_merged,-100.59706338660338
2021-09-02 03:00:00,2021-09-02 09:00:00,-1.1,90.0,2.1576513473051953,30823.590675788506,-1,0.93053,0.9332470001341142,0.9269978998256514,0.91092,0.93106,66.06256378732186,0.0009464039838296858,AUDCAD_merged,-101.1576513473052
2021-09-02 03:00:00,2021-09-02 09:00:00,-1.1,90.0,2.085729635728356,29796.137653262227,-1,0.93053,0.9333406897939113,0.9265950342885242,0.91421,0.93106,65.71567865808463,0.0009464039838296858,AUDCAD_merged,-101.08572963572837
2021-09-03 06:00:00,2021-09-07 06:00:00,1.2,30.0,0.5254182495351264,7505.974993358949,-1,81.702,82.02854785050158,81.3101425793981,77.894,81.581,64.75671904451299,0.11048822799311764,AUDJPY_merged,35.47458175046487
2021-09-03 15:00:00,2021-09-07 10:00:00,1.5,15.0,0.2728091771228794,3897.273958898277,1,1.65945,1.653063035608347,1.6690304465874797,1.66366,1.71627,32.122638184766,0.0020969175497973815,EURNZD_merged,22.22719082287712
2021-09-03 16:00:00,2021-09-07 10:00:00,1.5,15.000000000000002,0.2770383127634814,3957.6901823354488,1,1.65979,1.653499247350608,1.6692261289740884,1.66366,1.71627,32.24132286250467,0.0020742805819547196,EURNZD_merged,22.222961687236523
2021-09-03 10:00:00,2021-09-08 04:00:00,1.4,90.0,1.124465398317434,16063.791404534775,-1,81.671,82.12857504034353,81.03039494351907,77.894,81.581,57.987189215110966,0.15563036963013913,AUDJPY_merged,124.87553460168255
2021-09-03 10:00:00,2021-09-08 04:00:00,1.5,60.0,0.7754933781499544,11078.476830713636,-1,81.671,82.11332253899874,81.00751619150189,77.894,81.581,58.87643197058224,0.15563036963013913,AUDJPY_merged,89.22450662185004
2021-09-03 10:00:00,2021-09-08 04:00:00,1.5,30.0,0.4164686660434941,5949.552372049916,-1,81.671,82.08281753630918,81.05327369553625,77.894,81.581,59.4739334601473,0.15563036963013913,AUDJPY_merged,44.58353133395651
2021-09-08 14:00:00,2021-09-09 07:00:00,1.2,60.0,1.291316491710856,18447.37845301223,-1,0.92136,0.9243567184844615,0.9177639378186461,0.9101,0.91994,64.22100187699361,0.0010238261157142915,USDCHF_merged,70.70868350828914
2021-09-17 00:00:00,2021-09-17 09:00:00,-1.1,60.0,1.467984919335411,20971.213133363017,-1,0.92683,0.9294817207014378,0.9228524189478435,0.90181,0.92419,63.213924684534334,0.0008819302738593416,USDCHF_merged,-67.46798491933541
2021-09-17 00:00:00,2021-09-17 09:00:00,-1.1,90.0,2.2019773790031167,31456.819700044525,-1,0.92683,0.9294817207014378,0.9236479351582748,0.9101,0.91994,62.9724768197334,0.0008819302738593416,USDCHF_merged,-101.20197737900313
2021-09-17 00:00:00,2021-09-17 10:00:00,-1.1,90.0,2.1285781330363465,30408.25904337638,-1,0.92683,0.9295731593463149,0.9229895769151593,0.9101,0.92419,63.464285688625914,0.0008819302738593416,USDCHF_merged,-101.12857813303636
2021-09-16 09:00:00,2021-09-17 12:00:00,-1.1,30.0,0.5812324357584432,8303.320510834903,1,118.398,117.9702265573917,119.03966016391246,119.28,120.6,32.39394764526976,0.145048922712094,CHFJPY_merged,-33.581232435758444
2021-09-16 09:00:00,2021-09-17 12:00:00,-1.1,30.0,0.5812324357584432,8303.320510834903,1,118.398,117.9702265573917,119.03966016391246,119.28,120.6,31.95107312628252,0.145048922712094,CHFJPY_merged,-33.581232435758444
2021-09-16 10:00:00,2021-09-20 04:00:00,1.2,60.00000000000001,0.9678790281634913,13826.843259478448,-1,0.73126,0.7344332188740856,0.7274521373510974,0.70874,0.73176,53.04513733186944,0.001238912447367305,CADCHF_merged,71.0321209718365
2021-09-17 09:00:00,2021-09-20 06:00:00,1.2,60.0,1.9637893356376661,28054.133366252376,-1,1.0929,1.095237409576832,1.0900951085078017,1.06959,1.08401,63.01168336191145,0.0008327173521875779,EURCHF_merged,70.03621066436233
2021-09-20 00:00:00,2021-09-20 07:00:00,-1.1,90.0,1.4676421846028935,20966.31692289848,-1,1.27935,1.2848417370763507,1.272759915508379,1.24932,1.27617,67.60737459320798,0.0018212951229694245,USDCAD_merged,-100.46764218460291
2021-09-17 09:00:00,2021-09-20 07:00:00,1.5,60.0,1.9637893356376661,28054.133366252376,-1,1.0929,1.095237409576832,1.089393885634752,1.06959,1.08401,63.25659859384984,0.0008327173521875779,EURCHF_merged,88.03621066436233
2021-09-20 02:00:00,2021-09-20 08:00:00,1.4,90.00000000000001,2.4153384213538014,34504.834590768594,-1,0.93207,0.9345011462725412,0.9286663952184422,0.9101,0.92419,71.46691189959266,0.0008024976557865848,USDCHF_merged,123.58466157864622
2021-09-20 04:00:00,2021-09-20 10:00:00,1.5,90.0,2.347832348926886,33540.462127526946,-1,0.93195,0.9344507258302253,0.928198911254662,0.90181,0.92419,64.97490205216225,0.0008785821623874132,USDCHF_merged,132.6521676510731
2021-09-20 04:00:00,2021-09-20 10:00:00,1.5,30.0,0.8405819520849345,12008.313601213351,-1,0.93195,0.9342782619798649,0.9284576070302025,0.90181,0.92419,65.26375149855768,0.0008785821623874132,USDCHF_merged,44.15941804791507
2021-09-20 05:00:00,2021-09-20 10:00:00,1.2,60.0,1.5354244707842064,21934.635296917237,-1,0.93145,0.9339978882709234,0.9283925340748918,0.9101,0.91994,66.59005593414734,0.0009258262936454541,USDCHF_merged,70.4645755292158
2021-09-20 08:00:00,2021-09-21 04:00:00,1.5,90.0,1.854100512353326,26487.15017647609,1,117.76,117.35986635295282,118.36020047057079,119.28,120.6,41.731249895492546,0.14162161112348395,CHFJPY_merged,133.1458994876467
2021-09-17 16:00:00,2021-09-22 03:00:00,1.5,30.0,0.6055640086294607,8650.914408992296,1,117.936,117.52701664486216,118.54947503270678,119.28,120.6,31.96915329641995,0.13151865754266562,CHFJPY_merged,44.39443599137054
2021-09-17 16:00:00,2021-09-22 03:00:00,1.5,30.0,0.6055640086294607,8650.914408992296,1,117.936,117.52701664486216,118.54947503270678,119.28,120.6,31.43667763347696,0.13151865754266562,CHFJPY_merged,44.39443599137054
2021-09-20 15:00:00,2021-09-23 05:00:00,1.5,60.0,0.857444147606152,12249.202108659314,1,149.229,148.49803483830428,150.32544774254362,149.181,153.441,34.04973296802008,0.2771758492604423,GBPJPY_merged,89.14255585239385
2021-09-20 15:00:00,2021-09-23 07:00:00,1.5,90.0,1.1974651026913499,17106.644324162145,1,149.229,148.44388927077125,150.40666609384314,149.181,153.441,33.60855026127121,0.2771758492604423,GBPJPY_merged,133.80253489730865
2021-09-24 04:00:00,2021-09-24 09:00:00,-1.1,60.0,2.0570263991117232,29386.09141588176,-1,110.467,110.69254956037528,110.12867565943708,108.721,110.446,65.25972069833868,0.08971281176927723,USDJPY_merged,-68.05702639911172
2021-09-24 05:00:00,2021-09-24 09:00:00,-1.1,60.0,1.782513252102,25464.475030028574,-1,110.417,110.6771671541309,110.10479941504292,109.112,110.446,63.60355214953993,0.08966189664290018,USDJPY_merged,-67.782513252102
2021-09-24 04:00:00,2021-09-24 10:00:00,-1.1,90.0,2.7769856388008263,39671.223411440384,-1,110.467,110.7176106226392,110.11614512830512,108.721,110.446,65.8607651352208,0.08971281176927723,USDJPY_merged,-101.77698563880084
2021-09-28 23:00:00,2021-09-29 07:00:00,-1.1,30.0,0.5553518392120931,7933.597703029902,1,1.35459,1.3494677715330234,1.362273342700465,1.37261,1.3913,31.652002054328253,0.0016233088112070396,GBPUSD_merged,-33.55535183921209
2021-09-28 11:00:00,2021-09-29 07:00:00,-1.1,30.0,0.4442552518526468,6346.5035978949545,1,1.71876,1.7106354004934146,1.7309468992598782,1.72737,1.76246,33.18917730360575,0.0026347569901335947,GBPCAD_merged,-33.444255251852645
2021-09-28 11:00:00,2021-09-29 07:00:00,-1.1,30.0,0.4442552518526468,6346.5035978949545,1,1.71876,1.7106354004934146,1.7309468992598782,1.72737,1.7602,33.71607336979173,0.0026347569901335947,GBPCAD_merged,-33.444255251852645
2021-09-28 23:00:00,2021-09-29 07:00:00,-1.1,30.0,0.5553518392120931,7933.597703029902,1,1.35459,1.3494677715330234,1.362273342700465,1.37261,1.3913,32.14492147206373,0.0016233088112070396,GBPUSD_merged,-33.55535183921209
2021-09-29 23:00:00,2021-09-30 06:00:00,-1.1,30.000000000000004,0.8459141076131597,12084.487251616567,1,1.1607,1.1578185372391088,1.1650221941413372,1.16638,1.1909,30.27942125118477,0.0009275956164663821,EURUSD_merged,-33.84591410761317
2021-09-28 03:00:00,2021-09-30 21:00:00,1.4,60.0,0.9842747223392209,14061.06746198887,-1,88.129,88.50505537519071,87.60252247473302,84.667,87.888,62.6444749025876,0.1320409494637884,CADJPY_merged,83.01572527766078
2021-09-28 03:00:00,2021-09-30 21:00:00,1.5,90.0,1.5273228450091354,21818.89778584479,-1,88.129,88.49252019601768,87.5837197059735,84.667,87.888,63.18705035417871,0.1320409494637884,CADJPY_merged,133.47267715499086
2021-09-28 03:00:00,2021-09-30 21:00:00,1.5,30.000000000000004,0.546819290188456,7811.704145549372,-1,88.129,88.46744983767164,87.62132524349256,84.667,87.888,63.40689568794523,0.1320409494637884,CADJPY_merged,44.45318070981155
2021-09-28 15:00:00,2021-10-01 06:00:00,1.5,29.999999999999996,0.5153566219357297,7362.2374562247105,-1,0.86288,0.8663961050093696,0.8576058424859456,0.85003,0.86133,71.2065273911356,0.0011297467886143852,EURGBP_merged,44.48464337806426
2021-09-29 21:00:00,2021-10-01 07:00:00,1.5,15.0,0.24480044860621694,3497.1492658030993,1,1.34408,1.3383149615450656,1.3527275576824014,1.37261,1.3913,33.27816028530211,0.0018565595217653805,GBPUSD_merged,22.255199551393783
2021-09-29 21:00:00,2021-10-01 07:00:00,1.5,15.0,0.24480044860621694,3497.1492658030993,1,1.34408,1.3383149615450656,1.3527275576824014,1.37261,1.3913,33.42693765973785,0.0018565595217653805,GBPUSD_merged,22.255199551393783
2021-09-30 18:00:00,2021-10-04 09:00:00,-1.1,29.999999999999996,0.4425103040186802,6321.575771695432,1,1.46806,1.4610930978239325,1.478510353264101,1.46602,1.50976,33.24893833172493,0.0022128506735446833,EURCAD_merged,-33.44251030401868
2021-09-30 18:00:00,2021-10-04 09:00:00,-1.1,29.999999999999996,0.4425103040186802,6321.575771695432,1,1.46806,1.4610930978239325,1.478510353264101,1.46602,1.50976,32.766711531726166,0.0022128506735446833,EURCAD_merged,-33.44251030401868
2021-10-04 12:00:00,2021-10-06 09:00:00,-1.1,30.0,0.6776366021395704,9680.52288770815,1,1.07469,1.0713595290766846,1.0796857063849727,1.08127,1.09376,33.911192162377795,0.001080145761978527,EURCHF_merged,-33.67763660213957
2021-10-07 13:00:00,2021-10-08 08:00:00,-1.1,15.000000000000002,0.3016040022024046,4308.628602891495,1,1.451,1.4459485086773565,1.4585772369839654,1.46602,1.50976,30.205941310555776,0.0016942711236753714,EURCAD_merged,-16.801604002202406
2021-10-07 13:00:00,2021-10-08 08:00:00,-1.1,30.000000000000004,0.6032080044048092,8617.25720578299,1,1.451,1.4459485086773565,1.4585772369839654,1.46602,1.50976,30.81378520225101,0.0016942711236753714,EURCAD_merged,-33.60320800440481
2021-09-29 11:00:00,2021-10-08 09:00:00,-1.1,30.0,0.4632153220242522,6617.3617432036035,1,1.71123,1.7034720895226523,1.7228668657160218,1.72737,1.7602,37.607058570395,0.0025941151477505324,GBPCAD_merged,-33.463215322024254
2021-10-08 00:00:00,2021-10-08 10:00:00,-1.1,90.0,1.4768063552494561,21097.233646420806,-1,89.116,89.49616548209204,88.58376832507115,84.894,87.888,67.22997566634913,0.12295598255229839,CADJPY_merged,-100.47680635524947
2021-10-10 17:00:00,2021-10-10 21:00:00,-1.1,15.0,0.417243118112818,5960.615973040258,-1,120.834,121.13808098897798,120.40828661543084,117.533,120.6,68.62296348409402,0.12879323978314472,CHFJPY_merged,-16.917243118112818
2021-10-08 12:00:00,2021-10-11 05:00:00,-1.1,15.0,0.33272033895244363,4753.147699320623,1,1.44386,1.4393034616026983,1.450239153756222,1.46602,1.50976,30.835730992838116,0.00197459624735777,EURCAD_merged,-16.832720338952445
2021-10-08 12:00:00,2021-10-11 05:00:00,-1.1,15.0,0.33272033895244363,4753.147699320623,1,1.44386,1.4393034616026983,1.4506948075959523,1.46602,1.50976,30.310745709758628,0.00197459624735777,EURCAD_merged,-16.832720338952445
2021-10-08 12:00:00,2021-10-11 06:00:00,-1.1,15.0,0.31885699149609176,4555.099878515597,1,1.44386,1.4391053512375982,1.4509919731436023,1.46602,1.50976,31.087558539056634,0.00197459624735777,EURCAD_merged,-16.81885699149609
2021-10-08 12:00:00,2021-10-11 06:00:00,-1.1,15.0,0.31885699149609176,4555.099878515597,1,1.44386,1.4391053512375982,1.450041043391122,1.46602,1.50976,30.835730992838116,0.00197459624735777,EURCAD_merged,-16.81885699149609
2021-10-11 06:00:00,2021-10-11 08:00:00,-1.1,15.0,0.304379261864382,4348.275169491172,-1,121.71,122.12985613348697,121.20617263981562,117.533,120.6,74.80304741209846,0.1477224072741562,CHFJPY_merged,-16.804379261864383
2021-10-11 06:00:00,2021-10-11 10:00:00,-1.1,15.0,0.26773369543860537,3824.767077694363,-1,153.827,154.43027987381416,152.92208018927877,148.952,152.848,71.68721707319378,0.24071823884525886,GBPJPY_merged,-16.767733695438604
2021-10-08 12:00:00,2021-10-12 06:00:00,-1.1,15.0,0.30610271183624815,4372.895883374974,1,1.44386,1.4389072408724983,1.4512891386912525,1.46602,1.50976,31.33412470197053,0.00197459624735777,EURCAD_merged,-16.80610271183625
2021-10-08 12:00:00,2021-10-12 06:00:00,-1.1,15.0,0.30610271183624815,4372.895883374974,1,1.44386,1.4389072408724983,1.450298586865752,1.46602,1.50976,30.310745709758628,0.00197459624735777,EURCAD_merged,-16.80610271183625
2021-10-08 12:00:00,2021-10-12 07:00:00,-1.1,14.999999999999998,0.28342843688541486,4048.9776697916413,1,1.44386,1.4385110201422981,1.4508136738150124,1.46602,1.50976,30.835730992838116,0.00197459624735777,EURCAD_merged,-16.783428436885416
2021-10-08 12:00:00,2021-10-12 07:00:00,-1.1,14.999999999999998,0.28342843688541486,4048.9776697916413,1,1.44386,1.4385110201422981,1.4502787758292421,1.46602,1.50976,30.310745709758628,0.00197459624735777,EURCAD_merged,-16.783428436885416
2021-10-08 12:00:00,2021-10-12 09:00:00,-1.1,15.0,0.26388164813469656,3769.7378304956655,1,1.44386,1.438114799412098,1.4507542407054823,1.46602,1.50976,31.33412470197053,0.00197459624735777,EURCAD_merged,-16.763881648134696
2021-10-10 17:00:00,2021-10-13 14:00:00,-1.1,15.0,0.30789249057499485,4398.464151071355,1,1.24728,1.2430264243523632,1.2532350059066912,1.24932,1.28956,35.28646236201874,0.0017937106651949367,USDCAD_merged,-16.807892490574996
2021-10-10 17:00:00,2021-10-13 20:00:00,-1.1,15.0,0.2950636368010367,4215.194811443382,1,1.24728,1.2428414862807269,1.253050067835055,1.24932,1.28956,35.28646236201874,0.0017937106651949367,USDCAD_merged,-16.795063636801036
2021-10-10 17:00:00,2021-10-13 20:00:00,-1.1,15.0,0.2950636368010367,4215.194811443382,1,1.24728,1.2428414862807269,1.2539377705789094,1.24932,1.28956,35.48255983302785,0.0017937106651949367,USDCAD_merged,-16.795063636801036
2021-10-10 17:00:00,2021-10-13 20:00:00,-1.1,15.0,0.2832610913289952,4046.5870189856455,1,1.24728,1.2426565482090906,1.2532904873281823,1.24932,1.28956,34.98770154148799,0.0017937106651949367,USDCAD_merged,-16.783261091328995
2021-10-10 17:00:00,2021-10-13 20:00:00,-1.1,15.0,0.2950636368010367,4215.194811443382,1,1.24728,1.2428414862807269,1.2534939192069823,1.24932,1.28956,34.98770154148799,0.0017937106651949367,USDCAD_merged,-16.795063636801036
2021-10-10 17:00:00,2021-10-14 01:00:00,-1.1,15.0,0.2622787882675881,3746.839832394116,1,1.24728,1.2422866720658177,1.2532719935210186,1.24932,1.28956,34.98770154148799,0.0017937106651949367,USDCAD_merged,-16.762278788267587
2021-10-10 17:00:00,2021-10-14 01:00:00,-1.1,15.0,0.2622787882675881,3746.839832394116,1,1.24728,1.2422866720658177,1.2537713263144368,1.24932,1.28956,35.28646236201874,0.0017937106651949367,USDCAD_merged,-16.762278788267587
2021-10-14 17:00:00,2021-10-14 20:00:00,-1.1,15.0,0.29109834479924734,4158.547782846391,-1,79.88,80.16812942944709,79.47661879877407,76.418,78.154,68.66794147256095,0.1279684031929251,NZDJPY_merged,-16.79109834479925
2021-10-14 10:00:00,2021-10-15 01:00:00,-1.1,15.0,0.3472521140225983,4960.744486037119,-1,123.141,123.51334632930582,122.69418440483302,119.009,120.6,66.37439021742493,0.13405561589882667,CHFJPY_merged,-16.8472521140226
2021-10-15 00:00:00,2021-10-15 03:00:00,-1.1,15.0,0.2663620734227511,3805.1724774678733,-1,84.49,84.82305980412308,84.0903282350523,79.899,82.025,71.3436530340998,0.12275866279365283,AUDJPY_merged,-16.76636207342275
2021-10-15 02:00:00,2021-10-15 10:00:00,-1.1,15.0,0.3752914257637318,5361.306082339026,1,1.64485,1.6402479963797858,1.6508326047062782,1.65315,1.69134,28.450554097757085,0.0017878870589366678,EURNZD_merged,-16.87529142576373
2021-10-15 02:00:00,2021-10-15 10:00:00,-1.1,15.0,0.4079254627866651,5827.506611238073,1,1.64485,1.6406161566694029,1.6507773806628356,1.65315,1.69134,30.032478556713496,0.0017878870589366678,EURNZD_merged,-16.907925462786665
2021-10-15 15:00:00,2021-10-17 17:00:00,-1.1,14.999999999999998,0.2813828120003138,4019.7544571473404,-1,0.65225,0.6546839173211448,0.6493292992146262,0.63937,0.64811,62.79495780682644,0.0008827757982773246,NZDCHF_merged,-16.781382812000313
2021-10-15 15:00:00,2021-10-17 17:00:00,-1.1,15.0,0.3683199191754104,5261.713131077292,1,1.64156,1.6368802693901028,1.6476436497928661,1.65315,1.69134,32.115461305073914,0.0019091814859721096,EURNZD_merged,-16.86831991917541
2021-10-20 03:00:00,2021-10-20 10:00:00,-1.1,14.999999999999998,0.2798192269561237,3997.417527944625,-1,82.004,82.31171366548554,81.60397223486879,76.333,78.649,64.93088501457669,0.1343415967652399,NZDJPY_merged,-16.779819226956125
2021-10-20 03:00:00,2021-10-20 10:00:00,-1.1,14.999999999999998,0.2798192269561237,3997.417527944625,-1,82.004,82.31171366548554,81.57320086832024,76.333,78.649,63.67501840465544,0.1343415967652399,NZDJPY_merged,-16.779819226956125
2021-10-20 03:00:00,2021-10-20 10:00:00,-1.1,15.0,0.2919852803020422,4171.218290029175,-1,82.004,82.29889226275698,81.56166160586454,76.333,78.649,63.67501840465544,0.1343415967652399,NZDJPY_merged,-16.791985280302043
2021-10-20 03:00:00,2021-10-20 10:00:00,-1.1,15.0,0.2919852803020422,4171.218290029175,-1,82.004,82.29889226275698,81.59115083214023,76.418,78.154,64.93088501457669,0.1343415967652399,NZDJPY_merged,-16.791985280302043
2021-10-19 23:00:00,2021-10-20 10:00:00,-1.1,15.0,0.27631584261906494,3947.3691802723565,-1,0.71631,0.7190319774764666,0.71304362702824,0.6859,0.71698,68.4553074597523,0.0010125583913774222,NZDUSD_merged,-16.776315842619066
2021-10-20 03:00:00,2021-10-20 15:00:00,-1.1,15.000000000000002,0.24872820173877666,3553.260024839667,-1,82.004,82.35017787367124,81.58858655159452,76.418,78.154,63.67501840465544,0.1343415967652399,NZDJPY_merged,-16.748728201738782
2021-10-20 03:00:00,2021-10-20 18:00:00,-1.1,15.0,0.23845887156632592,3406.5553080903705,-1,85.619,85.99600400664269,85.16659519202877,78.844,82.025,64.79557376353644,0.13635842577229113,AUDJPY_merged,-16.738458871566326
2021-10-20 13:00:00,2021-10-20 21:00:00,-1.1,15.0,0.3761740364403268,5373.914806290383,1,1.55059,1.5462618982644134,1.5566493424298211,1.59086,1.6234,33.9565014771423,0.0018752274087772166,EURAUD_merged,-16.876174036440325
2021-10-20 18:00:00,2021-10-21 09:00:00,1.2,30.0,0.596945809157277,8527.797273675387,1,1.61805,1.612357850146738,1.6248805798239145,1.65315,1.69134,36.856183170781414,0.0020611891029737543,EURNZD_merged,35.403054190842724
2021-10-20 17:00:00,2021-10-21 09:00:00,1.3,14.999999999999998,0.3016521979308675,4309.317113298108,-1,0.71973,0.7222352577278857,0.7164731649537486,0.6859,0.71698,63.7378285377912,0.0011335818590033774,NZDUSD_merged,19.198347802069133
2021-10-20 18:00:00,2021-10-21 09:00:00,1.3,30.0,0.6715640353019366,9593.77193288481,1,1.61805,1.612990311241545,1.6246275953859917,1.65315,1.69134,36.159335866243595,0.0020611891029737543,EURNZD_merged,38.328435964698066
2021-10-20 17:00:00,2021-10-21 12:00:00,1.2,15.0,0.26813528704966,3830.5041007094287,-1,0.71973,0.7225484149438713,0.7163479020673543,0.6859,0.71698,63.02484181918001,0.0011335818590033774,NZDUSD_merged,17.73186471295034
2021-10-20 18:00:00,2021-10-21 12:00:00,1.5,14.999999999999998,0.32235073694492966,4605.01052778471,1,1.61805,1.612779490876609,1.625955763685086,1.65315,1.69134,35.79165460402588,0.0020611891029737543,EURNZD_merged,22.177649263055066
2021-10-20 17:00:00,2021-10-21 12:00:00,1.5,15.000000000000002,0.3147675108843836,4496.678726919766,-1,0.71973,0.7221308719892238,0.7161286920161644,0.6859,0.71698,63.02484181918001,0.0011335818590033774,NZDUSD_merged,22.18523248911562
2021-10-20 18:00:00,2021-10-21 12:00:00,1.4,15.0,0.3357820176509683,4796.885966442405,1,1.61805,1.612990311241545,1.6251335642618372,1.65315,1.69134,36.856183170781414,0.0020611891029737543,EURNZD_merged,20.664217982349033
2021-10-21 13:00:00,2021-10-22 08:00:00,-1.1,15.0,0.6311537257253929,9016.481796077042,1,1.06823,1.066452871141716,1.0705402675157691,1.06959,1.09376,33.207717715919166,0.0006822192902197225,EURCHF_merged,-17.131153725725394
2021-10-21 13:00:00,2021-10-22 08:00:00,-1.1,29.999999999999996,1.3149035952612351,18784.337075160503,1,1.06823,1.0665239562960476,1.0706184611855336,1.06959,1.09376,33.207717715919166,0.0006822192902197225,EURCHF_merged,-34.314903595261235
2021-10-21 13:00:00,2021-10-22 08:00:00,-1.1,30.0,1.1688031957877645,16697.18851125378,1,1.06823,1.0663107008330535,1.070533159000336,1.08127,1.09376,33.207717715919166,0.0006822192902197225,EURCHF_merged,-34.16880319578777
2021-10-21 19:00:00,2021-10-22 10:00:00,-1.1,15.0,0.7559026543545068,10798.609347921527,1,1.0674,1.0659173090826661,1.0694757672842674,1.08127,1.09376,31.637151759099726,0.0006136019231472225,EURCHF_merged,-17.255902654354507
2021-10-21 19:00:00,2021-10-22 10:00:00,-1.1,15.0,0.7244067104230689,10348.667291758129,1,1.0674,1.0658528442601733,1.0697207336097398,1.06959,1.09376,32.456635958246295,0.0006136019231472225,EURCHF_merged,-17.224406710423068
2021-10-21 18:00:00,2021-10-24 17:00:00,-1.1,30.0,1.3978490158963623,19969.27165566232,1,1.06729,1.065686601510956,1.0693744180357574,1.06959,1.09376,32.070303047538154,0.0006446482249277747,EURCHF_merged,-34.39784901589636
2021-10-22 12:00:00,2021-10-25 03:00:00,1.2,30.0,1.2067743599793281,17239.633713990403,1,1.06613,1.0642747459655686,1.0683563048413176,1.08127,1.09376,34.53611896781102,0.0006759074721589359,EURCHF_merged,34.79322564002067
2021-10-22 12:00:00,2021-10-25 03:00:00,1.4,30.0,1.3576211549767443,19394.587928239205,1,1.06613,1.0644808853027277,1.0684387605761814,1.06959,1.09376,34.53611896781102,0.0006759074721589359,EURCHF_merged,40.64237884502326
2021-10-21 18:00:00,2021-10-26 03:00:00,1.3,15.0,0.6212662292872722,8875.23184696103,1,1.06729,1.0654861766998254,1.069634970290227,1.06959,1.09376,32.070303047538154,0.0006446482249277747,EURCHF_merged,18.878733770712728
2021-10-26 02:00:00,2021-10-26 20:00:00,-1.1,30.0,0.6638347785035369,9483.353978621957,1,1.54529,1.5404015712748353,1.5511561144701975,1.59086,1.6234,34.45885044420706,0.0017947770747920725,EURAUD_merged,-33.663834778503535
2021-10-26 02:00:00,2021-10-26 20:00:00,-1.1,15.0,0.35847078039190994,5121.0111484558565,1,1.54529,1.540763677106329,1.5511742197617724,1.59086,1.6234,34.45885044420706,0.0017947770747920725,EURAUD_merged,-16.85847078039191
2021-10-26 02:00:00,2021-10-26 20:00:00,-1.1,30.0,0.7468141258164791,10668.773225949702,1,1.54529,1.540944730022076,1.551373377969094,1.59086,1.6234,34.45885044420706,0.0017947770747920725,EURAUD_merged,-33.74681412581648
2021-10-26 01:00:00,2021-10-26 21:00:00,-1.1,30.0,0.7526465598082034,10752.093711545764,1,1.54416,1.5398515554083894,1.5497609779690937,1.59086,1.6234,35.50649213084794,0.0018105291574683872,EURAUD_merged,-33.752646559808205
2021-10-26 02:00:00,2021-10-27 04:00:00,1.2,30.0,0.527619293741726,7537.418482024658,-1,0.69131,0.6940615123446389,0.6880081851864334,0.66631,0.67736,64.97567053196711,0.0010012873142937859,AUDCHF_merged,35.47238070625827
2021-10-26 01:00:00,2021-10-28 18:00:00,1.3,30.000000000000004,0.6690191642739585,9557.416632485121,1,1.54416,1.539312999834438,1.5504611002152304,1.59086,1.6234,35.50649213084794,0.0018105291574683872,EURAUD_merged,38.33098083572605
2021-10-28 17:00:00,2021-10-29 08:00:00,1.2,30.0,0.5999837024159896,8571.195748799853,-1,1.1678,1.1718874110248743,1.1628951067701507,1.15242,1.16693,66.4131553018946,0.0014571519397715785,EURUSD_merged,35.40001629758401
2021-10-29 09:00:00,2021-10-29 11:00:00,1.3,30.0,0.6917147883611023,9881.639833730034,-1,124.873,125.2521061061761,124.38016206197108,117.533,120.6,66.28599723887397,0.16067795774670376,CHFJPY_merged,38.308285211638896
2021-10-28 23:00:00,2021-10-29 11:00:00,1.3,30.0,0.7941285999527001,11344.694285038575,1,0.9115,0.9090896221341052,0.9146334912256632,0.9101,0.93679,33.1167034777811,0.0009640152457330996,USDCHF_merged,38.2058714000473
2021-10-28 22:00:00,2021-10-29 11:00:00,1.2,30.0,0.680335125594361,9719.073222776587,1,0.91176,0.9089456575855506,0.9151372108973393,0.92299,0.93129,30.82948596339973,0.0010043241107894922,USDCHF_merged,35.31966487440564
2021-10-29 09:00:00,2021-10-29 11:00:00,1.2,60.0,1.2297151793086263,17567.359704408947,-1,124.873,125.29949436944811,124.36120675666227,119.009,124.541,67.72080629031173,0.16067795774670376,CHFJPY_merged,70.77028482069137
2021-10-29 09:00:00,2021-10-29 11:00:00,1.5,29.999999999999996,0.7217893443768024,10311.276348240035,-1,124.873,125.23631001841876,124.32803497237187,117.533,120.6,67.72080629031173,0.16067795774670376,CHFJPY_merged,44.27821065562319
2021-10-31 17:00:00,2021-11-01 08:00:00,-1.1,60.0,1.4604299867279367,20863.285524684812,1,1.05835,1.0553063279031545,1.0620024065162144,1.08127,1.07649,33.36222005289692,0.0011260512502378037,EURCHF_merged,-67.46042998672793
2021-10-31 18:00:00,2021-11-01 08:00:00,-1.1,30.0,0.7896610387957169,11280.871982795958,1,1.05857,1.0557548718744054,1.0627926921883917,1.06959,1.09376,34.98067389922695,0.0010720475895065306,EURCHF_merged,-33.789661038795714
2021-10-31 18:00:00,2021-11-01 08:00:00,-1.1,15.000000000000002,0.42916360804115067,6130.908686302153,1,1.05857,1.0559800821244532,1.0621958850257658,1.08127,1.07649,34.606273034996704,0.0010720475895065306,EURCHF_merged,-16.929163608041154
2021-10-31 18:00:00,2021-11-01 08:00:00,-1.1,60.0,1.4623352570291055,20890.503671844366,1,1.05857,1.055529661624358,1.0625224398883346,1.06959,1.09376,34.606273034996704,0.0010720475895065306,EURCHF_merged,-67.46233525702911
2021-11-02 03:00:00,2021-11-03 15:00:00,1.3,60.0,1.4536148006740963,20765.925723915665,1,1.24297,1.2393786262759714,1.247638785841237,1.25028,1.27624,33.37227892312192,0.0015373767384634577,GBPCHF_merged,76.5463851993259
2021-11-01 22:00:00,2021-11-03 17:00:00,1.3,15.000000000000002,0.37265574979153604,5323.653568450515,1,1.2433,1.2397968607066165,1.2478540810813985,1.25028,1.27624,27.69587340729501,0.0014204517375424274,GBPCHF_merged,19.127344250208466
2021-11-01 22:00:00,2021-11-03 17:00:00,1.2,30.0,0.6901032403546962,9858.617719352804,1,1.2433,1.239516609563146,1.247840068524225,1.25028,1.27624,27.69587340729501,0.0014204517375424274,GBPCHF_merged,35.309896759645305
2021-11-02 03:00:00,2021-11-03 17:00:00,1.4,15.000000000000002,0.3792038610454165,5417.198014934522,1,1.24297,1.2395282668478058,1.2477884264130716,1.25028,1.27624,33.37227892312192,0.0015373767384634577,GBPCHF_merged,20.620796138954585
2021-11-02 03:00:00,2021-11-04 02:00:00,1.2,15.0,0.30074788979464057,4296.3984256377225,1,1.24297,1.2386304234167986,1.2481774918998414,1.25028,1.27624,33.24525144370443,0.0015373767384634577,GBPCHF_merged,17.69925211020536
2021-11-01 21:00:00,2021-11-04 02:00:00,1.5,60.00000000000001,1.5550237574708257,22214.625106726082,1,1.24312,1.2397624281462478,1.2481563577806283,1.25028,1.27624,30.20939942112452,0.0014012557173533786,GBPCHF_merged,88.4449762425292
2021-11-01 22:00:00,2021-11-04 02:00:00,1.4,15.0,0.38818307269951674,5545.472467135954,1,1.2433,1.239936986278352,1.2480082192103075,1.25028,1.28183,27.69587340729501,0.0014204517375424274,GBPCHF_merged,20.611816927300485
2021-11-02 03:00:00,2021-11-04 03:00:00,1.3,30.0,0.6460510225218205,9229.300321740293,1,1.24297,1.2389297045604677,1.2482223840713917,1.25028,1.27624,33.37227892312192,0.0015373767384634577,GBPCHF_merged,38.35394897747818
2021-11-01 07:00:00,2021-11-04 07:00:00,-1.1,60.0,1.3074451654796027,18677.78807828004,1,1.69212,1.6866842814034246,1.6986428623158905,1.6891,1.7602,45.475291448913886,0.0020972841734253835,GBPCAD_merged,-67.3074451654796
2021-11-02 03:00:00,2021-11-04 07:00:00,-1.1,30.0,0.6977351043235662,9967.644347479518,1,1.24297,1.2392289857041368,1.2485815214437945,1.25028,1.27624,33.24525144370443,0.0015373767384634577,GBPCHF_merged,-33.69773510432356
2021-11-02 03:00:00,2021-11-04 07:00:00,-1.1,15.0,0.3634037001685241,5191.481430978916,1,1.24297,1.2393786262759714,1.2483570605860428,1.25028,1.27624,33.26869062270363,0.0015373767384634577,GBPCHF_merged,-16.863403700168526
2021-11-04 19:00:00,2021-11-05 03:00:00,-1.1,30.0,0.5878192504902229,8397.417864146042,1,1.23271,1.2283061105427542,1.238875445240144,1.25028,1.27624,31.852214763184104,0.0018572535075837054,GBPCHF_merged,-33.58781925049022
2021-11-04 15:00:00,2021-11-05 04:00:00,-1.1,60.00000000000001,1.0709028468807722,15298.612098296746,1,1.6821,1.6755029309749452,1.6900164828300654,1.6891,1.70878,29.61771729587076,0.0023416904054420658,GBPCAD_merged,-67.07090284688078
2021-11-04 13:00:00,2021-11-05 04:00:00,-1.1,29.999999999999996,0.5548844870556612,7926.921243652303,1,1.68165,1.6752856753840089,1.6911964869239868,1.6891,1.7602,31.705256051502207,0.0025074634287967235,GBPCAD_merged,-33.55488448705566
2021-11-04 15:00:00,2021-11-05 04:00:00,-1.1,30.0,0.578287537315617,8261.250533080243,1,1.6821,1.675991602754579,1.6900409164190473,1.6891,1.70878,29.61771729587076,0.0023416904054420658,GBPCAD_merged,-33.57828753731562
2021-11-04 18:00:00,2021-11-08 08:00:00,1.2,30.000000000000004,0.47962249590914685,6851.749941559241,1,1.23219,1.2267949257028798,1.238664089156544,1.25028,1.27624,32.06359556262173,0.001914734546628593,GBPCHF_merged,35.52037750409085
2021-11-04 18:00:00,2021-11-08 08:00:00,1.3,30.0,0.5179922955818786,7399.889936883981,1,1.23219,1.2271945608359998,1.2386840709131999,1.25028,1.27624,32.06359556262173,0.001914734546628593,GBPCHF_merged,38.48200770441812
2021-11-04 18:00:00,2021-11-08 08:00:00,1.3,30.000000000000004,0.47962249590914685,6851.749941559241,1,1.23219,1.2267949257028798,1.239203596586256,1.25028,1.27624,33.012952009792265,0.001914734546628593,GBPCHF_merged,38.52037750409086
2021-11-04 18:00:00,2021-11-08 08:00:00,1.2,30.0,0.4465450823981711,6379.215462831016,1,1.23219,1.22639529056976,1.239143651316288,1.25028,1.27624,33.80456605450129,0.001914734546628593,GBPCHF_merged,35.553454917601826
2021-11-04 18:00:00,2021-11-08 08:00:00,1.4,30.0,0.5395753078977902,7708.218684254146,1,1.23219,1.2273943784025598,1.238903870236416,1.25028,1.27624,32.06359556262173,0.001914734546628593,GBPCHF_merged,41.46042469210221
2021-11-04 18:00:00,2021-11-08 08:00:00,1.3,60.0,1.0791506157955804,15416.437368508292,1,1.23219,1.2273943784025598,1.238424308076672,1.25028,1.27624,33.012952009792265,0.001914734546628593,GBPCHF_merged,76.92084938420442
2021-11-09 02:00:00,2021-11-10 07:00:00,1.4,15.0,0.450281944853146,6432.599212187801,1,112.897,112.63373861154113,113.26556594384242,113.255,114.442,34.003578378258034,0.1143570822970597,USDJPY_merged,20.549718055146855
2021-11-09 02:00:00,2021-11-10 07:00:00,1.3,30.0,0.8285187785297884,11835.98255042555,1,112.897,112.61084631689253,113.26899978803972,113.255,114.7,32.9314193934964,0.1143570822970597,USDJPY_merged,38.17148122147021
2021-11-09 02:00:00,2021-11-10 07:00:00,1.2,60.0,1.5342940343144231,21918.48620449176,1,112.897,112.58795402224393,113.26785517330728,113.255,114.442,32.9314193934964,0.1143570822970597,USDJPY_merged,70.46570596568557
2021-11-11 01:00:00,2021-11-11 03:00:00,-1.1,60.0,1.1854341893117868,16934.774133025527,1,1.34169,1.336936384783898,1.3473943382593223,1.34116,1.38343,34.83822078397656,0.001762698354744057,GBPUSD_merged,-67.18543418931179
2021-11-11 01:00:00,2021-11-11 03:00:00,-1.1,30.0,0.6401344622283648,9144.778031833783,1,1.34169,1.3372885044295353,1.3482922433556972,1.34116,1.38343,35.745959555239956,0.001762698354744057,GBPUSD_merged,-33.64013446222837
2021-11-11 01:00:00,2021-11-11 03:00:00,-1.1,60.0,1.2802689244567296,18289.556063667565,1,1.34169,1.3372885044295353,1.3474119442416042,1.34116,1.38343,34.83822078397656,0.001762698354744057,GBPUSD_merged,-67.28026892445673
2021-11-11 01:00:00,2021-11-11 03:00:00,-1.1,30.0,0.6957983285090922,9939.97612155846,1,1.34169,1.3376406240751724,1.3473591262947586,1.34116,1.38343,35.15816292499459,0.001762698354744057,GBPUSD_merged,-33.69579832850909
2021-11-10 19:00:00,2021-11-11 12:00:00,-1.1,60.0,1.3837136199312694,19767.337427589566,1,1.14856,1.1450737641701905,1.1537893537447146,1.15242,1.16921,27.465291711552357,0.0014639150865691014,EURUSD_merged,-67.38371361993127
2021-11-11 00:00:00,2021-11-11 13:00:00,-1.1,29.999999999999996,0.739506814574618,10564.383065351687,1,1.14802,1.1447599326787992,1.1525840942496812,1.15242,1.16921,32.17400099399021,0.0013561762476897658,EURUSD_merged,-33.73950681457462
2021-11-11 00:00:00,2021-11-11 14:00:00,-1.1,30.0,0.6803462694086485,9719.232420123551,1,1.14802,1.1444764485639123,1.1533353271541318,1.15242,1.16921,33.30461707754,0.0013561762476897658,EURUSD_merged,-33.68034626940865
2021-11-11 00:00:00,2021-11-11 14:00:00,-1.1,60.0,1.360692538817297,19438.464840247103,1,1.14802,1.1444764485639123,1.1526266168669141,1.15242,1.16921,31.0692898669781,0.0013561762476897658,EURUSD_merged,-67.3606925388173
2021-11-11 00:00:00,2021-11-11 14:00:00,-1.1,60.0,1.4173880612680179,20248.4008752574,1,1.14802,1.1446181906213557,1.152782533130102,1.15242,1.16921,31.0692898669781,0.0013561762476897658,EURUSD_merged,-67.41738806126801
2021-11-16 00:00:00,2021-11-16 22:00:00,-1.1,30.0,0.6814270790465774,9734.67255780825,1,1.42417,1.4197810388155039,1.4294367534213952,1.4292,1.44413,34.26207284634127,0.0015730025237685118,EURCAD_merged,-33.68142707904658
2021-11-16 00:00:00,2021-11-16 22:00:00,-1.1,30.0,0.7359412453703038,10513.446362432913,1,1.42417,1.4201061470513925,1.4294530088331898,1.4292,1.44413,34.26207284634127,0.0015730025237685118,EURCAD_merged,-33.735941245370306
2021-11-18 07:00:00,2021-11-22 09:00:00,1.3,30.0,0.7492062314921786,10702.94616417398,1,1.03425,1.0313510318538404,1.0380186585900073,1.03298,1.05275,33.477085750277936,0.001136045311430666,AUDNZD_merged,38.25079376850782
2021-11-22 16:00:00,2021-11-23 18:00:00,-1.1,30.0,0.6909571415240463,9870.816307486377,-1,114.847,115.19605015883913,114.3234247617413,112.723,114.442,67.91601202016416,0.14463515729530066,USDJPY_merged,-33.690957141524045
2021-11-24 17:00:00,2021-11-25 08:00:00,-1.1,30.0,0.463570512950797,6622.4358992971,1,0.64208,0.6391713421748567,0.6458612551726862,0.64524,0.66335,33.83833439623862,0.0012003586207674887,NZDCHF_merged,-33.463570512950795
2021-11-24 17:00:00,2021-11-25 13:00:00,-1.1,15.0,0.32603254513541935,4657.607787648848,1,0.91136,0.9084249310497436,0.9157626034253844,0.91248,0.93365,34.12016023790204,0.001186597038666617,AUDCAD_merged,-16.82603254513542
2021-11-24 17:00:00,2021-11-25 13:00:00,-1.1,30.0,0.6520650902708387,9315.215575297696,1,0.91136,0.9084249310497436,0.9151755896353331,0.91248,0.93365,30.81673404690098,0.001186597038666617,AUDCAD_merged,-33.65206509027084
2021-11-24 17:00:00,2021-11-25 13:00:00,-1.1,30.0,0.6792344690321237,9703.349557601769,1,0.91136,0.908542333807754,0.9153047326691444,0.91248,0.93365,30.81673404690098,0.001186597038666617,AUDCAD_merged,-33.679234469032124
2021-11-24 17:00:00,2021-11-25 13:00:00,-1.1,15.0,0.33961723451606185,4851.674778800884,1,0.91136,0.908542333807754,0.915586499288369,0.91248,0.93365,33.37161193668076,0.001186597038666617,AUDCAD_merged,-16.839617234516062
2021-11-24 17:00:00,2021-11-25 20:00:00,-1.1,15.0,0.20217604782075396,2888.2292545821997,1,0.68696,0.6833922776719846,0.6912412667936184,0.6859,0.72181,35.40283644892208,0.001216659858724125,NZDUSD_merged,-16.702176047820753
2021-11-25 09:00:00,2021-11-25 22:00:00,-1.1,30.0,0.5689099869815055,8127.285528307222,1,0.68459,0.6820629939131009,0.687875107912969,0.6859,0.72181,33.28412360202049,0.001012173689419703,NZDUSD_merged,-33.5689099869815
2021-11-25 09:00:00,2021-11-25 22:00:00,-1.1,29.999999999999996,0.5926145697724015,8465.922425320021,1,0.68459,0.6821640741565768,0.6879862961807925,0.6859,0.72181,33.28412360202049,0.001012173689419703,NZDUSD_merged,-33.5926145697724
2021-11-17 03:00:00,2021-11-26 02:00:00,1.4,15.0,0.3482503890301493,4975.005557573562,1,0.84049,0.8379558621273683,0.8440377930216842,0.84022,0.86582,33.254156145909334,0.0010883271531015243,EURGBP_merged,20.65174961096985
2021-11-28 20:00:00,2021-11-30 00:00:00,-1.1,15.000000000000002,0.1258553527181429,1797.9336102591847,1,0.63154,0.6262711180201841,0.637862658375779,0.63937,0.66335,41.07533278158763,0.001816366151172592,NZDCHF_merged,-16.625855352718148
2021-11-28 20:00:00,2021-11-30 00:00:00,-1.1,30.0,0.3041504357355121,4345.00622479303,1,0.63154,0.6271795459477385,0.637644635673166,0.63937,0.66335,44.44019863652771,0.001816366151172592,NZDCHF_merged,-33.304150435735515
2021-12-05 17:00:00,2021-12-06 04:00:00,1.5,29.999999999999996,0.4325325510118596,6179.036443026566,1,0.61872,0.6157160364902933,0.6232259452645602,0.63937,0.66335,31.34228387534471,0.0013186763579222565,NZDCHF_merged,44.56746744898813
2021-12-05 18:00:00,2021-12-06 04:00:00,1.4,29.999999999999996,0.4779019328811656,6827.170469730938,-1,1.61475,1.6218455456897956,1.604816236034286,1.54475,1.5745,63.064112790291496,0.0030667289871233413,EURAUD_merged,41.522098067118826
2021-12-05 17:00:00,2021-12-06 04:00:00,1.4,30.0,0.441099442942104,6301.420613458629,1,149.209,148.49864113418496,150.20350241214106,152.374,158.215,38.95450353697299,0.300912656416535,GBPJPY_merged,41.558900557057896
2021-12-05 17:00:00,2021-12-06 04:00:00,1.4,29.999999999999996,0.4325325510118596,6179.036443026566,1,0.61872,0.6157160364902933,0.6229255489135895,0.63937,0.66335,28.880260088505214,0.0013186763579222565,NZDCHF_merged,41.56746744898813
2021-12-05 17:00:00,2021-12-06 04:00:00,1.2,30.0,0.3579579732511941,5113.6853321599165,1,0.61872,0.6150902107591044,0.6230757470890749,0.63937,0.66335,32.01464676429692,0.0013186763579222565,NZDCHF_merged,35.642042026748804
2021-12-05 17:00:00,2021-12-06 04:00:00,1.2,15.0,0.13555948084711306,1936.5640121016154,1,78.964,78.35237033395317,79.69795559925618,78.844,86.254,34.745891916876566,0.21327058272435104,AUDJPY_merged,17.864440519152886
2021-12-05 17:00:00,2021-12-06 04:00:00,1.3,30.0,0.42345546522441985,6049.363788920284,1,149.209,148.46904284810932,150.17094429745788,152.374,154.731,38.95450353697299,0.300912656416535,GBPJPY_merged,38.57654453477558
2021-12-05 17:00:00,2021-12-06 04:00:00,1.3,30.0,0.41523124897138525,5931.874985305504,1,0.61872,0.6155908713440555,0.622787867252728,0.64524,0.66335,28.880260088505214,0.0013186763579222565,NZDCHF_merged,38.58476875102861
2021-12-05 18:00:00,2021-12-06 04:00:00,1.5,30.0,0.458785855565919,6554.0836509417,-1,1.61475,1.6221411934268704,1.6036632098596941,1.54475,1.5745,63.17532445604584,0.0030667289871233413,EURAUD_merged,44.54121414443408
2021-12-05 17:00:00,2021-12-06 04:00:00,1.5,15.0,0.15724899778265117,2246.414254037874,1,78.964,78.43673304651136,79.75490043023295,78.844,86.254,34.745891916876566,0.21327058272435104,AUDJPY_merged,22.342751002217348
2021-12-05 17:00:00,2021-12-06 06:00:00,1.5,30.0,0.41523124897138525,5931.874985305504,1,0.61872,0.6155908713440555,0.6234136929839168,0.63937,0.66335,32.01464676429692,0.0013186763579222565,NZDCHF_merged,44.58476875102861
2021-12-05 17:00:00,2021-12-06 06:00:00,1.5,30.0,0.441099442942104,6301.420613458629,1,149.209,148.49864113418496,150.27453829872258,152.374,154.731,39.830528210123894,0.300912656416535,GBPJPY_merged,44.558900557057896
2021-12-05 19:00:00,2021-12-06 08:00:00,1.3,60.0,0.699423584404319,9991.765491490272,1,0.64452,0.640649692992401,0.6495513991098786,0.66631,0.68124,39.72763616479894,0.0015496854599653155,AUDCHF_merged,77.30057641559569
2021-12-05 19:00:00,2021-12-06 08:00:00,1.4,60.0,0.7285662337544989,10408.0890536357,1,0.64452,0.640804505272705,0.649721692618213,0.66631,0.68124,39.72763616479894,0.0015496854599653155,AUDCHF_merged,83.27143376624551
2021-12-05 19:00:00,2021-12-06 09:00:00,1.5,60.0,0.699423584404319,9991.765491490272,1,0.64452,0.640649692992401,0.6503254605113984,0.66631,0.68124,38.736229907265766,0.0015496854599653155,AUDCHF_merged,89.30057641559569
2021-12-05 19:00:00,2021-12-06 09:00:00,1.2,30.0,0.301475682932896,4306.795470469943,1,0.64452,0.6400304438711852,0.6499074673545777,0.66631,0.68124,38.736229907265766,0.0015496854599653155,AUDCHF_merged,35.698524317067104
2021-12-05 19:00:00,2021-12-06 09:00:00,1.5,60.0,0.7285662337544989,10408.0890536357,1,0.64452,0.640804505272705,0.6500932420909424,0.66631,0.68124,38.85854063934853,0.0015496854599653155,AUDCHF_merged,89.27143376624551
2021-12-05 19:00:00,2021-12-06 22:00:00,1.5,60.0,0.8949834385171761,12785.477693102517,1,0.70168,0.6983871390674192,0.7066192913988711,0.717,0.7555,36.406033831817275,0.0013540235751056502,AUDUSD_merged,89.10501656148283
2021-12-05 19:00:00,2021-12-06 22:00:00,1.4,90.0,1.342475157775764,19178.216539653775,1,0.70168,0.6983871390674192,0.706290005305613,0.717,0.7555,36.136366373169935,0.0013540235751056502,AUDUSD_merged,124.65752484222422
2021-12-05 19:00:00,2021-12-06 22:00:00,1.5,60.0,0.859184100976489,12274.058585378416,1,0.70168,0.6982499365285617,0.7068250952071574,0.717,0.7555,36.60520577726132,0.0013540235751056502,AUDUSD_merged,89.14081589902351
2021-12-05 19:00:00,2021-12-06 22:00:00,1.3,60.0,0.859184100976489,12274.058585378416,1,0.70168,0.6982499365285617,0.7061390825128697,0.717,0.7555,36.136366373169935,0.0013540235751056502,AUDUSD_merged,77.14081589902351
2021-12-05 19:00:00,2021-12-06 22:00:00,1.2,30.0,0.37033797455883144,5290.542493697592,1,0.70168,0.6977011263731315,0.706454648352242,0.717,0.7555,36.60520577726132,0.0013540235751056502,AUDUSD_merged,35.62966202544117
2021-12-05 17:00:00,2021-12-06 23:00:00,1.3,15.0,0.1689287947811782,2413.2684968739745,1,76.174,75.70053009746736,76.78951087329243,76.418,82.208,37.358395832163566,0.19250310665497913,NZDJPY_merged,19.331071205218823
2021-12-05 17:00:00,2021-12-06 23:00:00,1.4,15.0,0.17596749456372732,2513.8213509103903,1,76.174,75.71946889356867,76.81034354900387,76.333,82.505,37.358395832163566,0.19250310665497913,NZDJPY_merged,20.82403250543627
2021-12-05 17:00:00,2021-12-07 00:00:00,1.5,15.0,0.17596749456372732,2513.8213509103903,1,76.174,75.71946889356867,76.855796659647,76.333,82.505,38.25261816501166,0.19250310665497913,NZDJPY_merged,22.32403250543627
2021-12-06 16:00:00,2021-12-07 07:00:00,-1.1,90.0,1.767988335209044,25256.97621727206,1,0.86177,0.858699192974931,0.8663762105376036,0.86178,0.894,33.20152303682007,0.0012255854664542064,NZDCAD_merged,-100.76798833520905
2021-12-06 16:00:00,2021-12-07 07:00:00,-1.1,90.0,1.767988335209044,25256.97621727206,1,0.86177,0.858699192974931,0.8657620491325898,0.86178,0.894,30.82689927133684,0.0012255854664542064,NZDCAD_merged,-100.76798833520905
2021-12-05 17:00:00,2021-12-08 10:00:00,1.5,30.0,0.4974145532291446,7105.92218898778,1,0.8979,0.8941092182712408,0.9035861725931389,0.91248,0.93365,31.743786990858727,0.0015165760706820147,AUDCAD_merged,44.50258544677086
2021-12-05 17:00:00,2021-12-08 10:00:00,1.3,30.0,0.4974145532291446,7105.92218898778,1,0.8979,0.8941092182712408,0.9028280162473871,0.91248,0.93365,29.347920171090575,0.0015165760706820147,AUDCAD_merged,38.50258544677086
2021-12-05 17:00:00,2021-12-08 10:00:00,1.2,30.0,0.42880564933546944,6125.794990506707,1,0.8979,0.8935026931946393,0.903176768166433,0.91248,0.93365,31.743786990858727,0.0015165760706820147,AUDCAD_merged,35.571194350664534
2021-12-05 17:00:00,2021-12-08 10:00:00,1.4,30.0,0.5181401596136923,7402.002280195606,1,0.8979,0.8942608495403911,0.9029948106434526,0.91248,0.93365,29.347920171090575,0.0015165760706820147,AUDCAD_merged,41.481859840386306
2021-12-05 17:00:00,2021-12-08 10:00:00,1.5,30.0,0.5181401596136923,7402.002280195606,1,0.8979,0.8942608495403911,0.9033587256894133,0.91248,0.93365,31.167466682792906,0.0015165760706820147,AUDCAD_merged,44.481859840386306
2021-12-30 18:00:00,2021-12-31 12:00:00,1.3,15.0,0.46493274032224613,6641.896290317803,1,1.03437,1.0320339879152256,1.0374068157102065,1.03754,1.04662,38.52963327143189,0.0008082693138282107,EURCHF_merged,19.035067259677753
2021-12-30 18:00:00,2021-12-31 15:00:00,1.4,15.0,0.44890057686285817,6412.865383755117,1,1.03437,1.031950558912198,1.0377572175229228,1.03754,1.04662,38.00596625961007,0.0008082693138282107,EURCHF_merged,20.551099423137142
2022-01-03 17:00:00,2022-01-05 21:00:00,-1.1,59.99999999999999,1.1263347265067496,16090.496092953568,-1,1.87267,1.8796530165180056,1.8628937768747922,1.83862,1.86451,68.19318641387292,0.0024009412496077197,GBPAUD_merged,-67.12633472650676
2022-01-04 13:00:00,2022-01-06 03:00:00,1.4,29.999999999999996,0.4562569651073656,6517.956644390937,-1,157.242,157.9657329515009,156.22877386789872,148.975,154.731,68.48676198678447,0.24530858052984683,GBPJPY_merged,41.54374303489263
2022-01-10 18:00:00,2022-01-12 11:00:00,1.4,30.0,0.6381607182909087,9116.581689870125,-1,1.25752,1.261658129979345,1.2517266180289168,1.21409,1.25517,74.44090720539992,0.0014543027027459682,GBPCHF_merged,41.36183928170909
2022-01-12 14:00:00,2022-01-13 03:00:00,-1.1,60.0,1.2303639411659208,17576.627730941727,-1,1.14386,1.147764708061785,1.1383934087135013,1.12215,1.13603,73.63687871308714,0.0013531331232316064,EURUSD_merged,-67.23036394116592
2022-01-18 00:00:00,2022-01-18 21:00:00,-1.1,60.0,1.2934457687562297,18477.79669651757,1,0.8485,0.845744801377775,0.8520817582088926,0.85479,0.87696,32.55048250619373,0.0009687138287991231,NZDCAD_merged,-67.29344576875623
2022-01-18 05:00:00,2022-01-19 23:00:00,-1.1,29.999999999999996,0.6034322680274496,8620.46097182071,1,0.84807,0.8451186381084298,0.8522019066481983,0.85479,0.87696,32.948768591598345,0.0010193030687293825,NZDCAD_merged,-33.60343226802745
2022-01-21 01:00:00,2022-01-21 03:00:00,-1.1,30.0,0.45723969046075136,6531.995578010734,1,0.61622,0.61338983886789,0.6198992094717429,0.61823,0.6314,31.614300576242588,0.0010150024162609676,NZDCHF_merged,-33.45723969046075
2022-01-21 07:00:00,2022-01-24 04:00:00,-1.1,30.0,0.3901870488171566,5574.100697387952,1,0.61417,0.6108645161201278,0.618797677431821,0.61823,0.6314,29.644810161947323,0.0011726918827177032,NZDCHF_merged,-33.390187048817154
2022-01-24 14:00:00,2022-01-26 15:00:00,-1.1,15.0,0.1860959487687191,2658.5135538388445,1,0.66845,0.6646784375095544,0.6737301874866239,0.67327,0.68564,38.39643552886144,0.001302643161965358,NZDUSD_merged,-16.68609594876872
2022-01-24 14:00:00,2022-01-26 15:00:00,-1.1,15.0,0.19274223265331622,2753.4604664759463,1,0.66845,0.6648084913885351,0.6731839611949042,0.67327,0.68564,38.42428248123595,0.001302643161965358,NZDUSD_merged,-16.692742232653316
2022-01-25 09:00:00,2022-01-26 15:00:00,-1.1,15.0,0.36120908880382147,5160.129840054593,1,1.12752,1.1242424080547901,1.131780869528773,1.12721,1.13828,33.986461366291834,0.0012126707981563315,EURUSD_merged,-16.86120908880382
2022-02-10 13:00:00,2022-02-10 18:00:00,1.4,15.0,0.31219137026732324,4459.876718104618,-1,133.01,133.45735541498283,132.38370241902402,128.244,131.598,65.575076852133,0.19208394032074122,EURJPY_merged,20.687808629732675
2022-02-10 13:00:00,2022-02-10 19:00:00,1.2,15.0,0.16249733411593734,2321.3904873705337,-1,0.66685,0.6711589476132602,0.661679262864088,0.64832,0.66781,56.69505973161677,0.0015158647374376591,AUDCHF_merged,17.837502665884063
2022-02-10 13:00:00,2022-02-10 20:00:00,1.5,60.0,0.7222103738486104,10317.291054980149,-1,0.66685,0.6707280528519342,0.6610329207220988,0.64832,0.66781,57.17431027275131,0.0015158647374376591,AUDCHF_merged,89.27778962615139
2022-02-10 14:00:00,2022-02-10 23:00:00,1.2,60.0,0.9681871357358792,13831.244796226847,-1,132.838,133.41425182096222,132.14649781484533,128.244,131.598,62.381411576289885,0.1910065160121163,EURJPY_merged,71.03181286426413
2022-02-10 13:00:00,2022-02-10 23:00:00,1.5,60.0,0.6499893364637493,9285.561949482135,-1,0.66685,0.6711589476132602,0.6603865785801099,0.64832,0.66781,56.356860967258676,0.0015158647374376591,AUDCHF_merged,89.35001066353625
2022-02-10 14:00:00,2022-02-11 01:00:00,1.5,60.0,1.0757634841509767,15368.049773585382,-1,132.838,133.356626638866,132.06006004170098,128.244,131.598,62.10231825566249,0.1910065160121163,EURJPY_merged,88.92423651584902
2022-02-10 14:00:00,2022-02-11 03:00:00,1.2,60.0,0.9557012888516696,13652.875555023853,-1,157.64,158.33277713415615,156.8086674390126,152.899,157.766,59.68625006529827,0.2393595891435699,GBPJPY_merged,71.04429871114833
2022-02-10 14:00:00,2022-02-11 03:00:00,1.4,60.0,1.1946266110645871,17066.094443779817,-1,157.64,158.1942217073249,156.8640896097451,152.899,157.766,59.66947296195288,0.2393595891435699,GBPJPY_merged,82.80537338893541
2022-02-10 14:00:00,2022-02-11 03:00:00,1.5,60.0,0.9681871357358792,13831.244796226847,-1,132.838,133.41425182096222,131.97362226855665,128.244,131.598,62.50344101406983,0.1910065160121163,EURJPY_merged,89.03181286426413
2022-02-10 11:00:00,2022-02-11 13:00:00,1.5,15.0,0.3066691085583965,4380.98726511995,-1,115.953,116.35000982786408,115.35748525820388,113.466,115.685,57.49058614291815,0.15268062863050377,USDJPY_merged,22.193330891441605
2022-02-10 14:00:00,2022-02-11 13:00:00,1.5,90.0,1.5928354814194492,22754.79259170642,-1,157.64,158.26349942074052,156.7047508688892,152.899,157.766,59.66947296195288,0.2393595891435699,GBPJPY_merged,133.40716451858054
2022-02-10 14:00:00,2022-02-11 13:00:00,1.5,90.0,1.4335519332775044,20479.313332535778,-1,157.64,158.33277713415615,156.60083429876576,152.899,157.766,59.62192816602073,0.2393595891435699,GBPJPY_merged,133.5664480667225
2022-02-10 11:00:00,2022-02-11 14:00:00,1.5,15.0,0.27600219770255685,3942.888538607955,-1,115.953,116.39412203096009,115.29131695355987,113.466,115.685,57.24003726440363,0.15268062863050377,USDJPY_merged,22.223997802297443
2022-02-21 13:00:00,2022-02-22 05:00:00,1.4,60.0,1.5548687834956774,22212.411192795393,1,0.91537,0.9128974093603214,0.9188316268955502,0.91767,0.92968,34.80518376382756,0.0010266570927328243,USDCHF_merged,82.44513121650432
2022-02-21 14:00:00,2022-02-22 05:00:00,1.4,90.0,1.8381250792578279,26258.929703683258,1,0.71825,0.715788266002101,0.7216964275970588,0.72241,0.73181,34.3236674968629,0.0010017423206157268,CADCHF_merged,124.16187492074216
2022-02-21 14:00:00,2022-02-22 09:00:00,1.5,15.0,0.2450833439010437,3501.1906271577673,1,0.71825,0.7151728325026262,0.7228657512460609,0.72241,0.73682,34.3236674968629,0.0010017423206157268,CADCHF_merged,22.254916656098956
2022-02-21 14:00:00,2022-02-22 09:00:00,1.5,15.0,0.25353449369073483,3621.921338439069,1,0.71825,0.7152754047525386,0.7227118928711922,0.72241,0.73682,34.3236674968629,0.0010017423206157268,CADCHF_merged,22.246465506309264
2022-02-21 09:00:00,2022-02-22 09:00:00,1.0,14.999999999999998,0.23679859951758278,3382.8371359654684,1,0.71969,0.7164987881366719,0.7228812118633282,0.71957,0.73682,35.69798356630051,0.00108324517791295,CADCHF_merged,14.763201400482416
2022-02-21 09:00:00,2022-02-22 09:00:00,1.1,15.0,0.25433923651888524,3633.4176645555035,1,0.71969,0.7167188717134532,0.7229582411152017,0.72241,0.73682,35.69798356630051,0.00108324517791295,CADCHF_merged,16.245660763481116
2022-02-21 09:00:00,2022-02-22 10:00:00,1.5,90.0,2.04253612385389,29179.087483627,1,0.91698,0.9141516661788581,0.9212225007317129,0.91767,0.92968,34.23680810214791,0.001045564541662553,USDCHF_merged,132.9574638761461
2022-02-21 09:00:00,2022-02-22 10:00:00,1.5,90.0,1.5260354191133114,21800.50598733302,1,0.71969,0.7167188717134532,0.7241466924298204,0.72241,0.73181,35.69798356630051,0.00108324517791295,CADCHF_merged,133.4739645808867
2022-02-21 09:00:00,2022-02-22 10:00:00,1.5,14.999999999999998,0.23679859951758278,3382.8371359654684,1,0.71969,0.7164987881366719,0.7244768177949923,0.71957,0.73682,35.69798356630051,0.00108324517791295,CADCHF_merged,22.263201400482412
2022-02-21 09:00:00,2022-02-22 10:00:00,1.5,90.0,1.3734318772019802,19620.45538859972,1,0.71969,0.7163887463482813,0.7246418804775782,0.72241,0.73682,34.33131751227961,0.00108324517791295,CADCHF_merged,133.62656812279803
2022-02-22 08:00:00,2022-02-23 07:00:00,-1.1,60.0,0.9615297054447883,13736.138649211263,1,1.87801,1.869806777618689,1.887033544619442,1.88009,1.92205,35.64446407870083,0.0030426426179111753,GBPAUD_merged,-66.96152970544479
2022-02-22 08:00:00,2022-02-23 07:00:00,-1.1,90.0,1.4422945581671824,20604.207973816894,1,1.87801,1.869806777618689,1.8903148335719664,1.88009,1.92205,35.64446407870083,0.0030426426179111753,GBPAUD_merged,-100.44229455816719
2022-02-22 08:00:00,2022-02-23 07:00:00,-1.1,60.0,0.8952173119658375,12788.818742369109,1,1.87801,1.8691991315163696,1.8912263027254455,1.87593,1.92205,35.64446407870083,0.0030426426179111753,GBPAUD_merged,-66.89521731196584
2022-02-23 10:00:00,2022-02-23 21:00:00,1.1,30.0,0.554980099928172,7928.28714183103,1,1.55999,1.5540871234816815,1.5664831641701502,1.55869,1.62242,41.01435616195696,0.0023172326650301436,EURAUD_merged,32.44501990007183
2022-02-23 10:00:00,2022-02-23 21:00:00,1.0,60.00000000000001,1.0334112205559067,14763.017436512953,1,1.55999,1.5536498733692137,1.5663301266307863,1.55869,1.62242,41.01435616195696,0.0023172326650301436,EURAUD_merged,58.9665887794441
2022-02-23 10:00:00,2022-02-24 03:00:00,1.4,90.0,1.8730578372575808,26757.96910367973,1,1.55999,1.5547429986503836,1.567335801889463,1.55869,1.62242,41.01435616195696,0.0023172326650301436,EURAUD_merged,124.12694216274241
2022-02-23 10:00:00,2022-02-24 19:00:00,1.2,90.0,1.4984462698060645,21406.37528294378,1,1.55999,1.5534312483129795,1.5678605020244245,1.55869,1.62242,41.13264610032672,0.0023172326650301436,EURAUD_merged,106.50155373019393
2022-02-23 10:00:00,2022-02-25 03:00:00,-1.1,60.00000000000001,1.0334112205559067,14763.017436512953,1,1.55999,1.5536498733692137,1.5695001899461796,1.55869,1.62242,41.01435616195696,0.0023172326650301436,EURAUD_merged,-67.03341122055592
2022-02-23 13:00:00,2022-02-25 03:00:00,-1.1,89.99999999999999,1.4038833430384303,20055.476329120436,1,1.56147,1.554462821626682,1.5719807675599766,1.55869,1.62242,39.60198650569209,0.0022788885441221702,EURAUD_merged,-100.40388334303842
2022-02-23 10:00:00,2022-02-25 03:00:00,-1.1,30.000000000000004,0.5167056102779534,7381.508718256477,1,1.55999,1.5536498733692137,1.5695001899461796,1.55869,1.62242,41.01435616195696,0.0023172326650301436,EURAUD_merged,-33.51670561027796
2022-02-23 10:00:00,2022-02-25 04:00:00,-1.1,15.0,0.24974104496767743,3567.7292138239636,1,1.55999,1.5534312483129795,1.5698281275305306,1.55869,1.62242,41.056223832764076,0.0023172326650301436,EURAUD_merged,-16.749741044967678
2022-02-23 10:00:00,2022-02-25 04:00:00,-1.1,60.0,0.9989641798707097,14270.916855295854,1,1.55999,1.5534312483129795,1.5698281275305306,1.55869,1.62242,41.01435616195696,0.0023172326650301436,EURAUD_merged,-66.99896417987071
2022-02-28 23:00:00,2022-03-01 06:00:00,-1.1,30.0,0.4476981065685507,6395.687236693582,1,1.54321,1.5359713252045242,1.5511725422750233,1.55869,1.62242,36.01738295772336,0.0025930627603488114,EURAUD_merged,-33.44769810656855
2022-02-28 23:00:00,2022-03-01 06:00:00,-1.1,30.0,0.4168223750810644,5954.605358300921,1,1.54321,1.535435127071526,1.5509848729284739,1.55869,1.62242,36.01738295772336,0.0025930627603488114,EURAUD_merged,-33.41682237508106
2022-03-01 15:00:00,2022-03-02 03:00:00,-1.1,15.0,0.21400506326344693,3057.2151894778135,1,1.97262,1.9629414860040475,1.983266365395548,2.02184,2.05315,36.16803748552008,0.003597160898078963,GBPNZD_merged,-16.714005063263446
2022-03-01 16:00:00,2022-03-02 08:00:00,1.0,15.0,0.18926195272576396,2703.7421817966283,1,152.968,152.11935399541855,153.81664600458143,152.899,158.062,37.00761633454011,0.28373394235366184,GBPJPY_merged,14.810738047274237
2022-03-01 15:00:00,2022-03-02 08:00:00,1.2,90.0,1.086772510217071,15525.321574529591,1,152.901,152.0146357508642,153.96463709896298,152.899,158.062,33.333019286714496,0.292636553303943,GBPJPY_merged,106.91322748978293
2022-03-01 15:00:00,2022-03-02 08:00:00,1.4,90.0,1.3584656377713389,19406.651968161987,1,152.901,152.19190860069136,153.89372795903213,152.899,158.062,34.667134460190724,0.292636553303943,GBPJPY_merged,124.64153436222864
2022-03-02 06:00:00,2022-03-02 10:00:00,-1.1,15.000000000000002,0.23412025489291782,3344.5750698988263,1,1.41088,1.404552380031033,1.4178403819658634,1.41,1.46337,36.70350718734379,0.0024075941692213447,EURCAD_merged,-16.73412025489292
2022-03-01 14:00:00,2022-03-03 12:00:00,-1.1,90.0,1.472622020309634,21037.45743299477,1,1.97018,1.9617514054055838,1.9819800324321826,2.02184,2.04888,36.757073476506825,0.0035846348133157903,GBPNZD_merged,-100.47262202030964
2022-03-02 06:00:00,2022-03-03 16:00:00,-1.1,90.0,1.3665711531474192,19522.445044963133,1,1.0198,1.0150986421634887,1.026381900971116,1.02996,1.06113,40.8204721423247,0.001926120591507364,EURCHF_merged,-100.36657115314743
2022-03-02 06:00:00,2022-03-03 19:00:00,-1.1,90.00000000000001,1.0932569225179352,15617.956035970506,1,1.0198,1.0139233027043608,1.026852036754767,1.02996,1.06113,41.00378164509892,0.001926120591507364,EURCHF_merged,-100.09325692251797
2022-03-03 06:00:00,2022-03-04 08:00:00,-1.1,89.99999999999999,1.315227932661041,18788.970466586303,1,1.40002,1.3933138422451579,1.4080673893058107,1.41,1.46337,33.78153395554368,0.0022535726384035498,EURCAD_merged,-100.31522793266103
2022-03-04 14:00:00,2022-03-06 18:00:00,-1.1,15.0,0.1875953354781767,2679.933363973953,1,1.39106,1.3832740228259037,1.4027389657611442,1.41,1.46337,30.515822396999972,0.002544231030077398,EURCAD_merged,-16.687595335478175
2022-03-04 16:00:00,2022-03-06 18:00:00,-1.1,15.0,0.20290444941838537,2898.63499169122,1,1.3912,1.3840007492975772,1.401998876053634,1.41,1.46337,32.95059372079476,0.0024716073677708075,EURCAD_merged,-16.702904449418384
2022-03-04 16:00:00,2022-03-06 18:00:00,-1.1,15.0,0.1961409677711059,2802.013825301513,1,1.3912,1.3837524992733559,1.4023712510899662,1.41,1.46337,32.95059372079476,0.0024716073677708075,EURCAD_merged,-16.696140967771107
2022-03-06 23:00:00,2022-03-07 08:00:00,1.1,30.000000000000004,0.47440088892198384,6777.155556028341,1,0.82296,0.8193170557299605,0.8269672386970435,0.82845,0.84778,38.66375933698139,0.0013050072886379338,EURGBP_merged,32.52559911107802
2022-03-07 07:00:00,2022-03-08 02:00:00,-1.1,30.0,0.3901496199392742,5573.565999132489,1,1.31688,1.3097918270051618,1.3246769902943223,1.33577,1.36432,37.84155350994923,0.002792017167536996,GBPUSD_merged,-33.39014961993927
2022-03-06 21:00:00,2022-03-08 11:00:00,1.1,15.0,0.21428306423816032,3061.186631973719,1,1.67929,1.6710613772375391,1.6883414850387068,1.69476,1.73768,34.358398082652016,0.0029520924844442203,GBPCAD_merged,16.28571693576184
2022-03-08 13:00:00,2022-03-09 04:00:00,1.1,29.999999999999996,0.6283038214120285,8975.768877314693,1,1.06648,1.0629154697143706,1.0704009833141928,1.06652,1.07958,38.68572305240651,0.001503753801936125,AUDNZD_merged,32.371696178587975
2022-03-08 06:00:00,2022-03-10 02:00:00,1.1,30.0,0.4387612033833488,6268.017191190697,1,1.31209,1.3058100714676848,1.3189979213855465,1.33577,1.36432,38.613932333997596,0.002349763780954935,GBPUSD_merged,32.56123879661665
2022-03-06 21:00:00,2022-03-10 16:00:00,-1.1,15.0,0.19950492187690785,2850.0703125272553,1,1.67929,1.670451849625505,1.6925472255617424,1.69476,1.73061,34.358398082652016,0.0029520924844442203,GBPCAD_merged,-16.69950492187691
2022-03-07 21:00:00,2022-03-11 03:00:00,-1.1,15.0,0.20019611037175328,2859.94443388219,1,1.31224,1.3053574886592882,1.322563767011068,1.33577,1.36432,35.61147496400451,0.0022959026460407515,GBPUSD_merged,-16.700196110371753
2022-03-10 21:00:00,2022-03-11 08:00:00,-1.1,30.0,0.49351486579711457,7050.212368530209,1,1.67212,1.66500481007694,1.6827927848845903,1.69476,1.73768,37.35570741466807,0.002336606404756713,GBPCAD_merged,-33.49351486579712
2022-03-10 21:00:00,2022-03-11 08:00:00,-1.1,30.0,0.49351486579711457,7050.212368530209,1,1.67212,1.66500481007694,1.6827927848845903,1.69476,1.73768,36.88135494543308,0.002336606404756713,GBPCAD_merged,-33.49351486579712
2022-03-10 21:00:00,2022-03-11 08:00:00,-1.1,29.999999999999996,0.5105326197901184,7293.323139858835,1,1.67212,1.6652419830743752,1.6824370253884373,1.69476,1.73768,37.35570741466807,0.002336606404756713,GBPCAD_merged,-33.51053261979012
2022-03-10 22:00:00,2022-03-11 08:00:00,-1.1,29.999999999999996,0.5571651061579224,7959.501516541748,1,1.67384,1.667531162707157,1.6807797210221274,1.69476,1.73768,35.97615509515216,0.002273277375845516,GBPCAD_merged,-33.557165106157925
2022-03-10 22:00:00,2022-03-11 08:00:00,-1.1,14.999999999999998,0.25936996321144656,3705.2851887349516,1,1.67384,1.6670638414262056,1.6840042378606916,1.69476,1.73768,35.97615509515216,0.002273277375845516,GBPCAD_merged,-16.759369963211448
2022-03-07 14:00:00,2022-03-11 15:00:00,-1.1,15.0,0.15834563446117772,2262.080492302539,1,1.31221,1.3035086518088201,1.32526202228677,1.33577,1.36432,30.86955056833971,0.0029568602582595777,GBPUSD_merged,-16.658345634461178
2022-03-07 14:00:00,2022-03-11 15:00:00,-1.1,15.0,0.15306744664580513,2186.6778092257878,1,1.31221,1.3032086053194691,1.3257120920207965,1.33577,1.36432,30.86955056833971,0.0029568602582595777,GBPUSD_merged,-16.653067446645807
2022-03-10 20:00:00,2022-03-13 19:00:00,1.1,30.0,0.44524727561162775,6360.675365880397,1,1.90757,1.8985729836914842,1.9174667179393672,2.02184,2.05315,37.390375887483955,0.0032392119579551645,GBPNZD_merged,32.55475272438837
2022-03-16 21:00:00,2022-03-17 08:00:00,-1.1,30.0,0.26733036899783547,3819.0052713976497,-1,86.61,87.29036041203187,85.5894593819522,80.365,83.988,68.62105519068548,0.24084939301513192,AUDJPY_merged,-33.26733036899783
2022-03-16 21:00:00,2022-03-17 10:00:00,-1.1,30.0,0.25841935669790767,3691.7050956843955,-1,86.61,87.31382111589504,85.55426832615744,80.365,83.988,68.62105519068548,0.24084939301513192,AUDJPY_merged,-33.25841935669791
2022-03-22 07:00:00,2022-03-22 17:00:00,-1.1,30.0,0.2788699814730453,3983.8568781863623,-1,83.787,84.41794887112118,82.84057669331825,75.225,78.0,74.07963334330002,0.21672226963274338,NZDJPY_merged,-33.27886998147304
2022-03-22 20:00:00,2022-03-23 13:00:00,-1.1,29.999999999999996,0.32496926686947386,4642.418098135341,-1,90.281,90.86440932306117,89.63924974463274,80.365,83.988,73.66747641182562,0.22528627512685365,AUDJPY_merged,-33.32496926686947
2022-04-04 12:00:00,2022-04-05 03:00:00,-1.1,15.0,0.26891529826408694,3841.6471180583853,1,1.37309,1.3677286668616222,1.3789874664522155,1.37615,1.42322,34.510894011273045,0.001983844730129929,EURCAD_merged,-16.768915298264087
2022-04-04 12:00:00,2022-04-05 03:00:00,-1.1,15.0,0.2503694156251844,3576.7059375026342,1,1.37309,1.367331531073594,1.3817277033896087,1.37615,1.46337,34.510894011273045,0.001983844730129929,EURCAD_merged,-16.750369415625183
2022-04-06 04:00:00,2022-04-06 08:00:00,1.1,30.0,0.44402000370781597,6343.142910111657,1,1.43756,1.430761036046145,1.4450388603492403,1.4564,1.53287,40.62455292731208,0.0026896965978866387,EURAUD_merged,32.55597999629219
2022-04-06 04:00:00,2022-04-06 10:00:00,1.5,30.0,0.41339793448658724,5905.684778379818,1,1.43756,1.4302574090866,1.4485138863700997,1.4564,1.62242,40.62455292731208,0.0026896965978866387,EURAUD_merged,44.58660206551341
2022-04-11 09:00:00,2022-04-12 08:00:00,1.0,60.0,0.856306860130712,12232.955144724458,-1,125.557,126.17282993731885,124.94117006268115,114.406,125.097,72.57106206002852,0.21104406859963284,USDJPY_merged,59.143693139869285
2022-04-11 09:00:00,2022-04-12 08:00:00,1.3,60.0,0.9551114978381018,13644.449969115742,-1,125.557,126.10912339207897,124.83923959029734,114.406,125.097,72.20672725002423,0.21104406859963284,USDJPY_merged,77.0448885021619
2022-04-11 09:00:00,2022-04-12 08:00:00,1.1,60.0,0.856306860130712,12232.955144724458,-1,125.557,126.17282993731885,124.87958706894926,114.406,125.097,72.57106206002852,0.21104406859963284,USDJPY_merged,65.14369313986928
2022-04-11 11:00:00,2022-04-12 08:00:00,1.3,60.0,1.0220865564396842,14601.23652056692,-1,125.526,126.04181658782058,124.85543843583325,114.406,125.097,70.69354476513423,0.202874732619071,USDJPY_merged,76.97791344356031
2022-04-11 09:00:00,2022-04-13 02:00:00,-1.1,60.0,0.8868892479925233,12669.846399893191,-1,125.557,126.1515944222389,124.66510836664166,114.406,125.097,72.8717171346736,0.21104406859963284,USDJPY_merged,-66.88688924799253
2022-04-11 10:00:00,2022-04-13 02:00:00,-1.1,60.0,0.9494318898760084,13563.312712514406,-1,134.385,134.97947866247014,133.73107347128283,124.005,133.554,81.46836509433314,0.22542173921458022,CHFJPY_merged,-66.94943188987601
2022-04-11 09:00:00,2022-04-13 02:00:00,-1.1,60.0,0.8277632981263549,11825.189973233642,-1,125.557,126.19406545239882,124.60140182140178,114.406,125.097,71.41176220281557,0.21104406859963284,USDJPY_merged,-66.82776329812636
2022-04-11 10:00:00,2022-04-13 02:00:00,-1.1,30.0,0.4588920801067375,6555.601144381964,-1,134.385,134.99997792669325,133.4625331099601,124.005,133.554,78.83168255963653,0.22542173921458022,CHFJPY_merged,-33.458892080106736
2022-04-11 10:00:00,2022-04-13 02:00:00,-1.1,60.0,0.917784160213475,13111.202288763929,-1,134.385,134.99997792669325,133.4625331099601,124.005,133.554,80.6031903294733,0.22542173921458022,CHFJPY_merged,-66.91778416021347
2022-04-11 16:00:00,2022-04-13 02:00:00,-1.1,60.0,1.1586920627045514,16552.743752922164,-1,134.632,135.12001093767756,133.99758578101918,124.005,133.554,70.1367331218803,0.18747549113738254,CHFJPY_merged,-67.15869206270455
2022-04-11 09:00:00,2022-04-13 02:00:00,-1.1,60.0,0.856306860130712,12232.955144724458,-1,125.557,126.17282993731885,124.63325509402172,114.406,125.097,70.61201586648838,0.21104406859963284,USDJPY_merged,-66.85630686013072
2022-04-11 16:00:00,2022-04-13 02:00:00,-1.1,60.0,1.0997468373738422,15710.669105340605,-1,125.402,125.8809178582752,124.68362321258721,114.406,125.097,62.84388270812385,0.1697786285073421,USDJPY_merged,-67.09974683737384
2022-04-12 15:00:00,2022-04-13 07:00:00,1.3,60.0,0.9073754744358188,12962.506777654555,1,1.45126,1.4445425030301928,1.4599927460607494,1.4564,1.53287,34.64666192609378,0.002562677489216857,EURAUD_merged,77.09262452556418
2022-04-12 16:00:00,2022-04-13 07:00:00,1.1,60.0,0.8208626390749638,11726.609129642342,1,1.45249,1.445058235281271,1.4606649411906019,1.4564,1.53287,31.66508251833983,0.002483914811415654,EURAUD_merged,65.17913736092504
2022-04-12 16:00:00,2022-04-13 07:00:00,1.0,60.0,0.8208626390749638,11726.609129642342,1,1.45249,1.445058235281271,1.459921764718729,1.4564,1.53287,31.66508251833983,0.002483914811415654,EURAUD_merged,59.17913736092503
2022-04-08 11:00:00,2022-04-13 11:00:00,1.0,14.999999999999998,0.25757280895890594,3679.6115565557993,1,1.30066,1.2953578370678176,1.3059621629321823,1.3,1.32984,43.27067985584795,0.0018798797566101032,GBPUSD_merged,14.742427191041092
2022-04-08 11:00:00,2022-04-13 11:00:00,1.3,14.999999999999998,0.28729274845416436,4104.182120773777,1,1.30066,1.2959063366814916,1.3068397623140608,1.3,1.32984,43.05874719431202,0.0018798797566101032,GBPUSD_merged,19.212707251545837
2022-04-08 11:00:00,2022-04-13 11:00:00,1.0,15.0,0.2667718378502955,3811.0262550042216,1,1.30066,1.2955406702723755,1.3057793297276243,1.3,1.32984,42.93098946567785,0.0018798797566101032,GBPUSD_merged,14.733228162149704
2022-04-12 16:00:00,2022-04-13 11:00:00,1.5,30.0,0.3967502755528993,5667.861079327134,1,1.45249,1.4448019675323496,1.464022048701476,1.4564,1.53287,32.96101559634836,0.002483914811415654,EURAUD_merged,44.6032497244471
2022-04-08 11:00:00,2022-04-13 11:00:00,1.1,14.999999999999998,0.25757280895890594,3679.6115565557993,1,1.30066,1.2953578370678176,1.3064923792254006,1.3,1.32984,43.27067985584795,0.0018798797566101032,GBPUSD_merged,16.242427191041095
2022-04-08 11:00:00,2022-04-13 11:00:00,1.3,14.999999999999998,0.2987844583923309,4268.3494056047275,1,1.30066,1.2960891698860497,1.3066020791481354,1.3,1.32984,42.90118626633997,0.0018798797566101032,GBPUSD_merged,19.20121554160767
2022-04-08 11:00:00,2022-04-13 12:00:00,1.5,15.0,0.27665227628919525,3952.1753755599325,1,1.30066,1.2957235034769337,1.3080647447845994,1.3,1.32984,42.90191550176961,0.0018798797566101032,GBPUSD_merged,22.223347723710805
2022-04-08 11:00:00,2022-04-13 12:00:00,1.5,15.0,0.2667718378502955,3811.0262550042216,1,1.30066,1.2955406702723755,1.3083389945914365,1.3,1.32984,43.63884357514289,0.0018798797566101032,GBPUSD_merged,22.233228162149704
2022-04-08 11:00:00,2022-04-13 12:00:00,1.5,15.0,0.24898704866027577,3556.9578380039397,1,1.30066,1.2951750038632595,1.3088874942051105,1.3,1.32984,42.90191550176961,0.0018798797566101032,GBPUSD_merged,22.251012951339725
2022-04-08 11:00:00,2022-04-13 12:00:00,1.5,15.0,0.24898704866027577,3556.9578380039397,1,1.30066,1.2951750038632595,1.3088874942051105,1.3,1.32984,43.05874719431202,0.0018798797566101032,GBPUSD_merged,22.251012951339725
2022-04-08 11:00:00,2022-04-13 12:00:00,1.5,14.999999999999998,0.25757280895890594,3679.6115565557993,1,1.30066,1.2953578370678176,1.3086132443982734,1.3,1.32984,42.93098946567785,0.0018798797566101032,GBPUSD_merged,22.24242719104109
2022-04-13 16:00:00,2022-04-14 06:00:00,1.3,60.0,1.2861678494232012,18373.826420331447,-1,1.09616,1.099739526577394,1.0915066154493878,1.05999,1.07956,67.79772999073388,0.0013823955858892193,AUDNZD_merged,76.71383215057679
2022-04-13 20:00:00,2022-04-14 18:00:00,1.5,30.000000000000004,0.6362975068467732,9089.964383525332,-1,1.09555,1.0991656907346707,1.090126463897994,1.05999,1.07956,64.70844794788938,0.001344205808220122,AUDNZD_merged,44.363702493153234
2022-04-13 20:00:00,2022-04-14 21:00:00,-1.1,30.0,0.5006428960958045,7152.041372797208,-1,164.449,165.13879886200945,163.41430170698584,150.975,164.627,64.78176007962564,0.26466098428896445,GBPJPY_merged,-33.500642896095805
2022-04-13 17:00:00,2022-04-15 02:00:00,-1.1,59.99999999999999,1.1111080148612997,15872.97164087571,-1,164.627,165.24929179409378,163.81802066767813,150.975,164.627,71.58595179106933,0.2602798092348282,GBPJPY_merged,-67.1111080148613
2022-04-13 18:00:00,2022-04-18 08:00:00,-1.1,30.000000000000004,0.38656916118935447,5522.41658841935,1,0.85389,0.8492513242337206,0.8608480136494191,0.86019,0.87792,30.432126571431365,0.0016210260571860266,NZDCAD_merged,-33.386569161189364
2022-04-18 14:00:00,2022-04-19 04:00:00,1.1,90.0,1.4824589654656113,21177.985220937306,1,0.67259,0.6697316969381887,0.6757341333679925,0.6728,0.69252,35.379023816116465,0.0009502201922055944,NZDUSD_merged,97.5175410345344
2022-04-18 14:00:00,2022-04-19 04:00:00,1.3,60.0,1.1464349332934065,16377.641904191521,1,0.67259,0.6701259456363696,0.6757932706727197,0.6728,0.69252,35.71524253531132,0.0009502201922055944,NZDUSD_merged,76.8535650667066
2022-04-18 14:00:00,2022-04-19 04:00:00,1.3,90.0,1.6535119230193362,23621.598900276233,1,0.67259,0.6700273834618243,0.6759214014996284,0.6728,0.70336,35.332240847453335,0.0009502201922055944,NZDUSD_merged,115.34648807698066
2022-04-18 14:00:00,2022-04-19 04:00:00,1.0,90.0,1.4824589654656113,21177.985220937306,1,0.67259,0.6697316969381887,0.6754483030618114,0.6728,0.69252,35.379023816116465,0.0009502201922055944,NZDUSD_merged,88.51754103453439
2022-04-18 14:00:00,2022-04-19 04:00:00,1.0,60.0,1.02360261901197,14622.894557313859,1,0.67259,0.669830259112734,0.6753497408872661,0.6728,0.69252,35.931108048510936,0.0009502201922055944,NZDUSD_merged,58.97639738098803
2022-04-14 12:00:00,2022-04-19 09:00:00,1.0,59.99999999999999,0.9493190975306051,13561.70139329436,1,0.82724,0.8235801052301194,0.8308998947698806,0.82956,0.8512,40.006542865593254,0.0012940303450356479,EURGBP_merged,59.05068090246939
2022-04-14 14:00:00,2022-04-19 09:00:00,1.0,59.99999999999999,0.98574643474143,14082.091924877572,1,0.82767,0.8241435211029073,0.8311964788970927,0.82956,0.8512,39.728713554416515,0.0012216384097501242,EURGBP_merged,59.014253565258564
2022-04-18 18:00:00,2022-04-19 10:00:00,1.5,30.0,0.6917972695416571,9882.818136309388,1,0.92691,0.9240962985216903,0.9311305522174647,0.93392,0.95152,35.62513986415639,0.0010398179687308587,AUDCAD_merged,44.30820273045834
2022-04-19 09:00:00,2022-04-19 15:00:00,-1.1,60.0,0.6789845948816997,9699.779926881425,-1,94.544,95.1288215158242,93.66676772626369,82.012,94.312,72.195626911573,0.23270052131520258,AUDJPY_merged,-66.6789845948817
2022-04-19 09:00:00,2022-04-19 18:00:00,-1.1,59.99999999999999,0.7796006916898407,11137.152738426297,-1,128.459,129.15105659480693,127.69773774571237,114.406,125.097,82.04277830393316,0.24295161902685053,USDJPY_merged,-66.77960069168984
2022-04-19 09:00:00,2022-04-19 18:00:00,-1.1,90.0,1.0521131335043805,15030.187621491152,-1,101.678,102.28684269913671,101.00827303094961,89.23,100.185,75.23165231302607,0.2220210612999345,CADJPY_merged,-100.05211313350439
2022-04-19 09:00:00,2022-04-19 18:00:00,-1.1,90.0,1.1871728271293762,16959.611816133947,-1,138.66,139.39583052108117,137.85058642681074,124.391,137.537,82.83863467351847,0.2649679008387944,EURJPY_merged,-100.18717282712939
2022-04-19 09:00:00,2022-04-19 18:00:00,-1.1,30.0,0.3825334665194657,5464.763807420939,-1,138.66,139.42120398732533,137.518194019012,124.391,137.537,80.31803109627458,0.2649679008387944,EURJPY_merged,-33.38253346651947
2022-04-19 09:00:00,2022-04-19 18:00:00,-1.1,30.0,0.33901423190696706,4843.060455813816,-1,101.678,102.30783727496902,100.73324408754647,89.23,100.185,74.69657853345826,0.2220210612999345,CADJPY_merged,-33.339014231906965
2022-04-19 09:00:00,2022-04-19 18:00:00,-1.1,30.0,0.3768070009834231,5382.957156906045,-1,128.459,129.17492061531752,127.38511907702373,114.406,125.097,81.61749393354025,0.24295161902685053,USDJPY_merged,-33.376807000983426
2022-04-19 09:00:00,2022-04-19 18:00:00,-1.1,90.0,1.0170426957209011,14529.181367441448,-1,101.678,102.30783727496902,100.73324408754647,89.23,100.185,75.16423705148108,0.2220210612999345,CADJPY_merged,-100.01704269572092
2022-04-19 09:00:00,2022-04-19 18:00:00,-1.1,60.0,0.7650669330389314,10929.527614841878,-1,138.66,139.42120398732533,137.518194019012,124.391,137.537,82.0558659623168,0.2649679008387944,EURJPY_merged,-66.76506693303894
2022-04-19 09:00:00,2022-04-19 18:00:00,-1.1,60.0,0.8829454399253406,12613.506284647723,-1,167.012,167.80644365221403,165.97922325212178,150.975,164.627,73.34219914047621,0.3222933565366351,GBPJPY_merged,-66.88294543992534
2022-04-19 09:00:00,2022-04-19 18:00:00,-1.1,60.00000000000001,0.8695546176540535,12422.208823629337,-1,128.459,129.07946453327517,127.65239610674227,114.406,125.097,81.61749393354025,0.24295161902685053,USDJPY_merged,-66.86955461765407
2022-04-19 09:00:00,2022-04-19 18:00:00,-1.1,59.99999999999999,0.7796006916898407,11137.152738426297,-1,128.459,129.15105659480693,127.76694340519308,114.406,125.097,82.04277830393316,0.24295161902685053,USDJPY_merged,-66.77960069168984
2022-04-19 09:00:00,2022-04-19 18:00:00,-1.1,30.0,0.3805799310023019,5436.856157175742,-1,167.012,167.93355463656826,165.6296680451476,150.975,164.627,72.86402142892103,0.3222933565366351,GBPJPY_merged,-33.3805799310023
2022-04-18 14:00:00,2022-04-20 01:00:00,1.5,30.0,0.4941529884885371,7059.3284069791025,1,0.67259,0.6697316969381887,0.676877454592717,0.6728,0.70336,35.931108048510936,0.0009502201922055944,NZDUSD_merged,44.50584701151146
2022-04-18 14:00:00,2022-04-20 01:00:00,1.5,60.0,0.9553624444111719,13648.0349201596,1,0.67259,0.6696331347636435,0.6770252978545348,0.6728,0.70336,35.332240847453335,0.0009502201922055944,NZDUSD_merged,89.04463755558882
2022-04-14 14:00:00,2022-04-20 04:00:00,1.1,60.0,0.9517551783710357,13596.502548157654,1,0.82767,0.8240175754280111,0.8316876670291877,0.82956,0.8512,40.61477576576384,0.0012216384097501242,EURGBP_merged,65.04824482162897
2022-04-14 12:00:00,2022-04-20 04:00:00,1.3,60.00000000000001,1.1012101531355023,15731.573616221462,1,0.82724,0.8240849183018271,0.8313416062076248,0.82956,0.8512,39.260004967683756,0.0012940303450356479,EURGBP_merged,76.89878984686452
2022-04-14 12:00:00,2022-04-20 04:00:00,1.3,60.0,1.0588559164764444,15126.513092520634,1,0.82724,0.8239587150339002,0.8315056704559297,0.82956,0.8512,39.62650228838041,0.0012940303450356479,EURGBP_merged,76.94114408352355
2022-04-14 12:00:00,2022-04-20 05:00:00,1.5,15.0,0.22941878190322962,3277.4111700461376,1,0.82724,0.8234539019621925,0.8329191470567112,0.82956,0.8512,39.28673291037434,0.0012940303450356479,EURGBP_merged,22.27058121809677
2022-04-14 14:00:00,2022-04-20 05:00:00,1.5,15.0,0.23793879459275893,3399.1256370394135,1,0.82767,0.8240175754280111,0.8331486368579832,0.82956,0.8512,39.728713554416515,0.0012216384097501242,EURGBP_merged,22.262061205407242
2022-04-14 12:00:00,2022-04-20 05:00:00,1.5,30.0,0.5098195153405102,7283.13593343586,1,0.82724,0.8238325117659733,0.83235123235104,0.82956,0.8512,39.28673291037434,0.0012940303450356479,EURGBP_merged,44.49018048465949
2022-04-13 09:00:00,2022-04-20 18:00:00,-1.1,30.000000000000004,0.5443124074006245,7775.891534294637,-1,1.09455,1.0987728598296642,1.0882157102555035,1.05999,1.07956,69.94350585673854,0.0015011524945315582,AUDNZD_merged,-33.54431240740063
2022-04-14 14:00:00,2022-04-21 02:00:00,1.5,30.0,0.460015002879334,6571.642898276201,1,0.82767,0.823891629753115,0.8333375553703275,0.82956,0.8512,40.20914447280208,0.0012216384097501242,EURGBP_merged,44.53998499712067
2022-04-20 12:00:00,2022-04-21 14:00:00,1.0,90.0,1.289030784234021,18414.725489057444,1,1.63098,1.6230087598049059,1.6389512401950943,1.62939,1.73768,37.294070897470476,0.002787809248373079,GBPCAD_merged,88.71096921576599
2022-04-20 04:00:00,2022-04-21 23:00:00,1.5,30.0,0.2631085540780697,3758.69362968671,-1,95.414,96.17554650578387,94.2716802413242,82.012,94.312,63.81835568666922,0.27597895701561637,AUDJPY_merged,44.73689144592193
2022-04-22 09:00:00,2022-04-22 10:00:00,-1.1,90.0,1.111093533616786,15872.764765954085,1,0.66745,0.6636654986301538,0.6712345013698462,0.6728,0.70336,30.23365816057398,0.0014307785155102263,NZDUSD_merged,-100.1110935336168
2022-04-22 09:00:00,2022-04-22 10:00:00,-1.1,60.0,0.7407290224111907,10581.843177302724,1,0.66745,0.6636654986301538,0.6731267520547694,0.6728,0.70336,23.937025129174103,0.0014307785155102263,NZDUSD_merged,-66.74072902241119
2022-04-22 09:00:00,2022-04-22 10:00:00,-1.1,30.0,0.38408171532432106,5486.8816474903015,1,0.66745,0.6638006593933625,0.6729240109099561,0.6728,0.70336,28.383631812294745,0.0014307785155102263,NZDUSD_merged,-33.38408171532432
2022-04-22 09:00:00,2022-04-22 10:00:00,-1.1,30.000000000000004,0.34567354379188897,4938.1934827412715,1,0.66745,0.6633951771037362,0.6735322343443957,0.6728,0.70336,28.383631812294745,0.0014307785155102263,NZDUSD_merged,-33.3456735437919
2022-04-22 09:00:00,2022-04-22 10:00:00,-1.1,60.0,0.7151866423280461,10216.952033257801,1,0.66745,0.6635303378669449,0.6733294931995825,0.6728,0.70336,30.23365816057398,0.0014307785155102263,NZDUSD_merged,-66.71518664232805
2022-04-24 18:00:00,2022-04-24 21:00:00,-1.1,30.0,0.36859769564195444,5265.681366313635,1,0.66376,0.6599783811334675,0.6694324282997987,0.6728,0.70336,27.286204221366024,0.0013905368690031053,NZDUSD_merged,-33.36859769564195
2022-04-24 18:00:00,2022-04-24 21:00:00,-1.1,30.0,0.38224946214721206,5460.70660210303,1,0.66376,0.6601134389501294,0.6692298415748059,0.6728,0.70336,29.21786410277786,0.0013905368690031053,NZDUSD_merged,-33.382249462147215
2022-04-24 18:00:00,2022-04-25 00:00:00,-1.1,29.999999999999996,0.3440245159324908,4914.635941892726,1,0.66376,0.6597082655001438,0.6698376017497844,0.6728,0.70336,29.21786410277786,0.0013905368690031053,NZDUSD_merged,-33.34402451593249
2022-04-24 17:00:00,2022-04-25 02:00:00,-1.1,30.000000000000004,0.41148069917510044,5878.295702501436,1,1.28304,1.2764919796301468,1.2928620305547798,1.3,1.32984,26.179064146735872,0.0022408230818390853,GBPUSD_merged,-33.41148069917511
2022-04-20 12:00:00,2022-04-25 03:00:00,-1.1,30.000000000000004,0.40103179953947327,5729.025707706762,1,1.63098,1.6224393855052563,1.6437909217421158,1.62939,1.73768,35.67839059139787,0.002787809248373079,GBPCAD_merged,-33.40103179953948
2022-04-20 12:00:00,2022-04-25 03:00:00,-1.1,90.0,1.2445814468466407,17779.734954952015,1,1.63098,1.6227240726550811,1.6433638910173785,1.62939,1.73768,37.294070897470476,0.002787809248373079,GBPCAD_merged,-100.24458144684665
2022-04-25 08:00:00,2022-04-25 17:00:00,-1.1,29.999999999999996,0.47429433771266855,6775.6333958952655,1,1.62555,1.6183526654999454,1.6363460017500822,1.62939,1.73768,39.939346428609475,0.0026117023412886545,GBPCAD_merged,-33.47429433771267
2022-04-25 03:00:00,2022-04-26 03:00:00,1.5,30.0,0.3830770415633335,5472.529165190479,-1,1.62671,1.6356275038683055,1.6133337441975422,1.55921,1.61524,51.58003981735612,0.0034754378383060882,EURNZD_merged,44.61692295843667
2022-04-25 04:00:00,2022-04-26 03:00:00,-1.1,30.0,0.4216280492434624,6023.257846335178,1,1.07382,1.0684716319204894,1.0818425521192656,1.08059,1.11848,37.39855526104965,0.001985814418879267,EURUSD_merged,-33.42162804924346
2022-04-25 04:00:00,2022-04-26 03:00:00,-1.1,60.0,0.8131398092552492,11616.282989360703,1,1.07382,1.068273544213841,1.079366455786159,1.08059,1.11848,38.375600605331535,0.001985814418879267,EURUSD_merged,-66.81313980925525
2022-04-25 04:00:00,2022-04-26 05:00:00,1.5,30.0,0.3453176920120425,4933.1098858863215,-1,1.49535,1.5044437564817572,1.4817093652773639,1.43198,1.4942,67.28442309440558,0.00355676810219167,EURAUD_merged,44.654682307987954
2022-04-25 04:00:00,2022-04-26 15:00:00,-1.1,30.0,0.3168162186820004,4525.945981171434,1,0.66174,0.6573536904676751,0.6683194642984874,0.6728,0.70336,35.87815408634393,0.0015055243790529497,NZDUSD_merged,-33.316816218682
2022-04-27 06:00:00,2022-04-27 08:00:00,-1.1,15.0,0.2156817089367293,3081.1672705247047,1,1.25887,1.25274146222776,1.2680628066583597,1.3,1.32984,40.39031961627532,0.002454885458260534,GBPUSD_merged,-16.715681708936728
2022-04-27 01:00:00,2022-04-27 08:00:00,-1.1,15.0,0.25453224297418636,3636.174899631234,1,1.25844,1.2532486655562376,1.2662270016656436,1.3,1.32984,30.769392120345564,0.0017643928021899415,GBPUSD_merged,-16.754532242974186
2022-04-26 20:00:00,2022-04-27 10:00:00,-1.1,15.000000000000002,0.221445835954909,3163.511942212986,1,1.2581,1.252134636080179,1.2670480458797313,1.3,1.32984,23.86655386534445,0.002025806181223449,GBPUSD_merged,-16.721445835954913
2022-04-26 20:00:00,2022-04-27 10:00:00,-1.1,15.000000000000002,0.221445835954909,3163.511942212986,1,1.2581,1.252134636080179,1.2670480458797313,1.3,1.32984,24.95552584553691,0.002025806181223449,GBPUSD_merged,-16.721445835954913
2022-04-26 19:00:00,2022-04-27 10:00:00,-1.1,15.0,0.22095725159848245,3156.5321656926067,1,1.25768,1.2517034412292578,1.266047182279039,1.3,1.32984,24.448033289515696,0.002057022041317564,GBPUSD_merged,-16.72095725159848
2022-04-26 19:00:00,2022-04-27 10:00:00,-1.1,15.0,0.21333803602612095,3047.6862289445853,1,1.25768,1.2514899927017311,1.2669650109474029,1.29728,1.31471,24.448033289515696,0.002057022041317564,GBPUSD_merged,-16.71333803602612
2022-04-26 22:00:00,2022-04-27 10:00:00,-1.1,15.0,0.23081688594127955,3297.3840848754226,1,1.25839,1.2526655076405624,1.2669767385391562,1.3,1.32984,25.81953252408249,0.0019143941052386015,GBPUSD_merged,-16.73081688594128
2022-04-26 16:00:00,2022-04-27 23:00:00,-1.1,15.0,0.24214957586821553,3459.279655260222,1,1.613,1.6060057692897973,1.6234913460653038,1.62939,1.6503,35.44258607133567,0.002691428549503806,GBPCAD_merged,-16.742149575868215
2022-04-27 14:00:00,2022-04-28 01:00:00,-1.1,15.0,0.22754010703795507,3250.5729576850727,-1,0.96759,0.972055012842024,0.9608924807369639,0.91947,0.94598,65.8807109778525,0.0014677420701503048,USDCHF_merged,-16.727540107037957
2022-04-28 14:00:00,2022-04-29 03:00:00,1.5,15.0,0.16969416587288738,2424.202369612677,1,1.24494,1.2372368064737171,1.2564947902894243,1.3,1.32984,39.822359794036544,0.002996900452619358,GBPUSD_merged,22.330305834127113
2022-04-28 20:00:00,2022-04-29 10:00:00,1.5,30.000000000000004,0.5499156217774723,7855.937453963891,1,1.59594,1.5898454759179832,1.6050817861230249,1.62939,1.6503,32.89407357357807,0.0023608232304633526,GBPCAD_merged,44.450084378222535
2022-05-02 02:00:00,2022-05-04 13:00:00,1.5,60.0,0.7639067192070191,10912.953131528846,-1,1.95076,1.9614853828170344,1.9346719257744487,1.8707,1.93642,67.5484879144568,0.0036856644488040954,GBPNZD_merged,89.23609328079299
2022-05-02 00:00:00,2022-05-04 14:00:00,1.5,60.0,0.6258885805381351,8941.265436259075,1,0.64322,0.6389036982108265,0.6496944526837602,0.6728,0.70336,32.68222496829067,0.0016539120931215758,NZDUSD_merged,89.37411141946187
2022-05-02 16:00:00,2022-05-04 14:00:00,1.5,90.0,1.4619387624677858,20884.839463825512,1,1.24896,1.2435777991842027,1.2570333012236963,1.3,1.32984,35.977478238705686,0.002071960303010475,GBPUSD_merged,133.53806123753222
2022-04-28 15:00:00,2022-05-04 14:00:00,1.5,15.0,0.12166462174190594,1738.0660248843708,-1,130.897,132.02667802827318,129.2024829575902,114.649,129.405,69.44697894114513,0.37079099427466783,USDJPY_merged,22.378335378258093
2022-05-05 16:00:00,2022-05-09 01:00:00,-1.1,90.0,0.8267718088732212,11811.025841046017,1,1.23649,1.2270679479701703,1.2506230780447447,1.3,1.32984,33.416020420941955,0.0035939050396510725,GBPUSD_merged,-99.82677180887323
2022-05-05 14:00:00,2022-05-09 02:00:00,-1.1,90.0,1.0545115734984636,15064.451049978052,1,0.91139,0.9059450554927045,0.9195574167609433,0.91703,0.95152,36.222729978927525,0.002128122245566905,AUDCAD_merged,-100.05451157349847
2022-05-05 16:00:00,2022-05-09 08:00:00,1.5,59.99999999999999,0.671639389388995,9594.848419842787,1,1.58661,1.5766883633222255,1.601492455016662,1.62939,1.6503,36.51276327801123,0.0038108936231734275,GBPCAD_merged,89.32836061061099
2022-05-05 15:00:00,2022-05-09 10:00:00,-1.1,15.0,0.15090585133321893,2155.797876188842,-1,0.98779,0.9946630237484945,0.9774804643772581,0.91947,0.94598,59.889208814943814,0.0024357218899120447,USDCHF_merged,-16.65090585133322
2022-05-05 15:00:00,2022-05-09 20:00:00,-1.1,89.99999999999999,1.0946869059481712,15638.384370688162,1,0.82381,0.8190689156115788,0.8309216265826319,0.86019,0.87792,41.10226934977354,0.0018831170585564515,NZDCAD_merged,-100.09468690594815
2022-05-09 19:00:00,2022-05-09 21:00:00,-1.1,15.0,0.11750748034288674,1678.678290612668,1,90.672,89.86179115438276,91.88731326842584,90.439,95.741,27.21102491101667,0.2724979062321195,AUDJPY_merged,-16.617507480342887
2022-05-09 23:00:00,2022-05-11 09:00:00,1.5,60.0,0.5558935658515687,7941.336655022411,-1,1.51822,1.5296907641744906,1.501013853738264,1.43198,1.50544,66.40226798423217,0.0039457619277925475,EURAUD_merged,89.44410643414844
2022-05-09 23:00:00,2022-05-11 09:00:00,1.5,15.0,0.23058319546013292,3294.045649430471,-1,1.37466,1.3809197493157281,1.3652703760264076,1.37615,1.37595,69.97933968354799,0.002026827169153995,EURCAD_merged,22.269416804539865
2022-05-09 22:00:00,2022-05-11 09:00:00,1.5,60.0,0.39668811740702953,5666.973105814708,1,90.292,89.33601875589612,91.72597186615583,90.439,95.741,39.26819577898652,0.34438808308745084,AUDJPY_merged,89.60331188259298
2022-05-09 23:00:00,2022-05-11 09:00:00,1.4,60.00000000000001,0.5757469074891249,8224.955821273214,-1,1.51822,1.5292952205822667,1.5027146911848264,1.43198,1.50544,66.40226798423217,0.0039457619277925475,EURAUD_merged,83.42425309251088
2022-05-09 23:00:00,2022-05-11 09:00:00,1.5,59.99999999999999,0.9541373605246879,13630.533721781258,-1,1.37466,1.380711091005204,1.3655833634921941,1.33856,1.37595,69.97933968354799,0.002026827169153995,EURCAD_merged,89.0458626394753
2022-05-09 23:00:00,2022-05-11 09:00:00,1.5,60.0,0.5558935658515687,7941.336655022411,-1,1.51822,1.5296907641744906,1.501013853738264,1.43198,1.50544,66.50697422878399,0.0039457619277925475,EURAUD_merged,89.44410643414844
2022-05-09 22:00:00,2022-05-11 09:00:00,1.5,15.0,0.09917202935175738,1416.743276453677,1,90.292,89.33601875589612,91.72597186615583,90.439,95.741,39.08526240840747,0.34438808308745084,AUDJPY_merged,22.400827970648244
2022-05-09 23:00:00,2022-05-11 09:00:00,1.5,60.0,0.5558935658515687,7941.336655022411,-1,1.51822,1.5296907641744906,1.501013853738264,1.43198,1.50544,64.9507675563162,0.0039457619277925475,EURAUD_merged,89.44410643414844
2022-05-09 22:00:00,2022-05-11 09:00:00,1.5,15.0,0.11256641807971547,1608.0916868530783,1,0.69312,0.686654697004531,0.7028179544932035,0.71647,0.76607,41.53018240778624,0.0023201709098792317,AUDUSD_merged,22.387433581920284
2022-05-09 22:00:00,2022-05-11 09:00:00,1.4,15.0,0.1027138875428916,1467.3412506127372,1,90.292,89.36898362638246,91.58422292306456,90.439,95.741,39.26819577898652,0.34438808308745084,AUDJPY_merged,20.89728611245711
2022-05-09 22:00:00,2022-05-11 20:00:00,-1.1,60.0,0.4370369234242264,6243.384620346092,1,82.08,81.2911970830772,83.2632043753842,83.285,87.342,42.381207897795726,0.2906437911329191,NZDJPY_merged,-66.43703692342423
2022-05-06 07:00:00,2022-05-11 22:00:00,-1.1,60.0,0.8029012788075612,11470.018268679447,-1,0.85568,0.8601560870294508,0.8489658694558238,0.82495,0.84664,70.65787289354806,0.0015560869798734184,EURGBP_merged,-66.80290127880757
2022-05-09 23:00:00,2022-05-11 23:00:00,-1.1,15.0,0.15447640169504884,2206.8057385006978,-1,1.66884,1.6801833636514862,1.6518249545227708,1.55921,1.61524,63.441875466042205,0.003866397228308405,EURNZD_merged,-16.65447640169505
2022-05-09 23:00:00,2022-05-11 23:00:00,-1.1,90.0,0.926858410170293,13240.834431004187,-1,1.66884,1.6801833636514862,1.6518249545227708,1.55921,1.61524,63.82410484953558,0.003866397228308405,EURNZD_merged,-99.92685841017031
2022-05-09 12:00:00,2022-05-12 05:00:00,1.5,60.0,0.804091447478786,11487.020678268373,-1,1.0482,1.0536750489061957,1.0399874266407065,1.01881,1.03704,69.37310230978642,0.0018602373344961463,EURCHF_merged,89.19590855252122
2022-05-12 06:00:00,2022-05-12 09:00:00,-1.1,60.0,0.4870809879023284,6958.299827176121,1,98.722,97.87074033210439,99.99888950184341,99.005,102.951,27.347702819794243,0.2869994010503171,CADJPY_merged,-66.48708098790233
2022-05-12 07:00:00,2022-05-12 09:00:00,-1.1,60.0,0.47705354686772444,6815.050669538921,1,134.304,133.12158179201546,136.0776273119768,134.779,140.002,21.266293113978083,0.434535386793078,EURJPY_merged,-66.47705354686772
2022-05-12 07:00:00,2022-05-12 09:00:00,-1.1,60.0,0.49409117354157195,7058.445336308171,1,134.304,133.16235483367012,135.90230323286184,134.779,140.002,20.247190798922357,0.434535386793078,EURJPY_merged,-66.49409117354158
2022-05-12 07:00:00,2022-05-12 09:00:00,-1.1,60.0,0.47705354686772444,6815.050669538921,1,134.304,133.12158179201546,136.0776273119768,134.779,140.002,20.247190798922357,0.434535386793078,EURJPY_merged,-66.47705354686772
2022-05-12 06:00:00,2022-05-15 21:00:00,1.5,15.000000000000002,0.11274049244718591,1610.5784635312275,1,156.874,155.41296593473578,159.0655510978963,159.621,168.423,31.456501286496085,0.5102473607988817,GBPJPY_merged,22.387259507552816
2022-05-12 06:00:00,2022-05-15 21:00:00,1.5,15.000000000000002,0.11274049244718591,1610.5784635312275,1,156.874,155.41296593473578,159.0655510978963,159.621,168.423,29.71193980409859,0.5102473607988817,GBPJPY_merged,22.387259507552816
2022-05-12 06:00:00,2022-05-15 21:00:00,1.5,60.00000000000001,0.45096196978874364,6442.31385412491,1,156.874,155.41296593473578,159.0655510978963,159.621,168.423,28.491429695946128,0.5102473607988817,GBPJPY_merged,89.54903803021126
2022-05-12 17:00:00,2022-05-17 01:00:00,1.5,30.000000000000004,0.20386015954430275,2912.2879934900398,1,133.116,131.74474825260182,135.1728776210973,134.779,140.002,29.930162516839896,0.45457075655607315,EURJPY_merged,44.7961398404557
2022-05-12 17:00:00,2022-05-17 01:00:00,1.5,90.00000000000001,0.6115804786329082,8736.86398047012,1,133.116,131.74474825260182,135.1728776210973,134.779,140.002,30.377062982742075,0.45457075655607315,EURJPY_merged,134.38841952136713
2022-05-12 17:00:00,2022-05-17 01:00:00,1.5,60.00000000000001,0.4077203190886055,5824.5759869800795,1,133.116,131.74474825260182,135.1728776210973,134.779,140.002,30.027854626256982,0.45457075655607315,EURJPY_merged,89.5922796809114
2022-05-12 17:00:00,2022-05-17 01:00:00,1.5,60.00000000000001,0.4077203190886055,5824.5759869800795,1,133.116,131.74474825260182,135.1728776210973,134.779,140.002,30.186955195054875,0.45457075655607315,EURJPY_merged,89.5922796809114
2022-05-12 14:00:00,2022-05-17 04:00:00,1.5,60.0,0.5502620758085778,7860.886797265398,1,1.03682,1.0289062363745474,1.048690645438179,1.0471,1.09362,28.814586278287248,0.0026032494367212904,EURUSD_merged,89.44973792419142
2022-05-09 23:00:00,2022-05-17 10:00:00,-1.1,90.0,0.9242309991832429,13203.299988332043,-1,1.95167,1.96497351504209,1.9317147274368653,1.8707,1.93642,61.18765415784526,0.004455460481457352,GBPNZD_merged,-99.92423099918325
2022-05-18 16:00:00,2022-05-19 21:00:00,1.5,90.0,0.949695279944329,13567.07542777613,1,134.222,133.33161061104826,135.55758408342766,134.779,140.002,25.257640942198613,0.295671479221006,EURJPY_merged,134.05030472005566
2022-05-24 07:00:00,2022-05-25 14:00:00,1.4,60.0,0.7806738030608648,11152.482900869498,-1,0.85598,0.8605851449221227,0.8495327971090281,0.82495,0.8512,70.72575835307397,0.0016579307139692801,EURGBP_merged,83.21932619693914
2022-05-24 07:00:00,2022-05-25 16:00:00,1.5,90.00000000000001,1.130631025122632,16151.87178746617,-1,0.85598,0.8607496143836271,0.8488255784245593,0.82495,0.8512,73.71304001884326,0.0016579307139692801,EURGBP_merged,133.8693689748774
2022-05-24 07:00:00,2022-05-25 16:00:00,1.5,60.00000000000001,0.7537540167484212,10767.914524977446,-1,0.85598,0.8607496143836271,0.8488255784245593,0.82495,0.8512,69.81785649274073,0.0016579307139692801,EURGBP_merged,89.2462459832516
2022-05-24 07:00:00,2022-05-25 16:00:00,1.5,60.00000000000001,0.7537540167484212,10767.914524977446,-1,0.85598,0.8607496143836271,0.8488255784245593,0.82495,0.8512,68.96043772396509,0.0016579307139692801,EURGBP_merged,89.2462459832516
2022-05-24 13:00:00,2022-05-27 05:00:00,1.5,60.0,0.7361171822045844,10515.959745779779,-1,1.37764,1.385500281134413,1.3658495782983804,1.33856,1.37678,67.17910942722071,0.0027339816440238827,EURCAD_merged,89.26388281779542
2022-05-24 14:00:00,2022-05-27 05:00:00,1.4,60.0,0.7550965108023111,10787.093011461588,-1,1.37628,1.3839351486032667,1.3655627919554263,1.33856,1.37678,67.36210204820634,0.00266369724087933,EURCAD_merged,83.24490348919768
2022-05-24 13:00:00,2022-05-27 05:00:00,1.5,60.0,0.711579942797765,10165.427754253787,-1,1.37764,1.3857713253114619,1.3654430120328074,1.33856,1.37678,67.17910942722071,0.0027339816440238827,EURCAD_merged,89.28842005720223
2022-05-24 13:00:00,2022-05-27 05:00:00,1.5,90.0,1.1041757733068767,15773.939618669669,-1,1.37764,1.385500281134413,1.3658495782983804,1.33856,1.37678,67.25090236483739,0.0027339816440238827,EURCAD_merged,133.89582422669312
2022-05-24 13:00:00,2022-05-27 05:00:00,1.5,60.0,0.7361171822045844,10515.959745779779,-1,1.37764,1.385500281134413,1.3658495782983804,1.33856,1.37678,67.27591082358211,0.0027339816440238827,EURCAD_merged,89.26388281779542
2022-05-24 13:00:00,2022-05-27 05:00:00,1.5,90.0,1.1041757733068767,15773.939618669669,-1,1.37764,1.385500281134413,1.3658495782983804,1.33856,1.37678,67.03474793865028,0.0027339816440238827,EURCAD_merged,133.89582422669312
2022-05-24 13:00:00,2022-05-27 05:00:00,1.5,90.0,1.1041757733068767,15773.939618669669,-1,1.37764,1.385500281134413,1.3658495782983804,1.33856,1.37678,66.85473745413523,0.0027339816440238827,EURCAD_merged,133.89582422669312
2022-05-24 14:00:00,2022-05-30 02:00:00,1.5,90.0,0.7093808743614292,10134.01249087756,1,98.834,97.95625685452755,100.15061471820869,99.005,102.951,35.41381094658329,0.2979079037227059,CADJPY_merged,134.29061912563856
2022-05-31 12:00:00,2022-06-01 03:00:00,-1.1,90.0,1.019110073293465,14558.715332763786,-1,101.677,102.30555339848608,100.73416990227089,97.799,101.149,71.64128294937781,0.2132609404019445,CADJPY_merged,-100.01911007329348
2022-06-01 17:00:00,2022-06-02 13:00:00,-1.1,60.00000000000001,0.7432156036059663,10617.365765799519,-1,102.753,103.33366945568167,101.8819958164775,97.799,102.951,69.54029396553149,0.19164292915915515,CADJPY_merged,-66.74321560360598
2022-06-01 17:00:00,2022-06-02 13:00:00,-1.1,90.00000000000001,1.1148234054089494,15926.048648699278,-1,102.753,103.33366945568167,101.8819958164775,97.799,102.951,69.87172079273898,0.19164292915915515,CADJPY_merged,-100.11482340540898
2022-06-01 17:00:00,2022-06-02 13:00:00,-1.1,60.0,0.7697590180204653,10996.557400292362,-1,102.753,103.31364637100299,101.96809508059582,97.799,102.951,69.75676638685461,0.19164292915915515,CADJPY_merged,-66.76975901802047
2022-06-02 15:00:00,2022-06-03 09:00:00,-1.1,90.0,1.4451122418742481,20644.460598203546,-1,139.456,140.06396163408075,138.54405754887884,132.656,138.315,77.29794875161235,0.20573894687315458,EURJPY_merged,-100.44511224187426
2022-06-07 03:00:00,2022-06-07 10:00:00,1.5,15.0,0.33886984309636076,4840.99775851944,1,1.57134,1.5664711483343448,1.5786432774984827,1.57753,1.61817,42.81962705993625,0.0019527163329576035,GBPCAD_merged,22.16113015690364
2022-06-07 09:00:00,2022-06-07 15:00:00,-1.1,15.0,0.21413734264082868,3059.1048948689813,-1,105.356,105.87260209581262,104.83939790418736,98.295,102.951,67.28399246015971,0.2087379213018354,CADJPY_merged,-16.71413734264083
2022-06-07 09:00:00,2022-06-07 19:00:00,-1.1,15.0,0.19119405592931132,2731.343656133019,-1,105.356,105.93459434731014,104.48810847903476,97.799,102.951,67.28399246015971,0.2087379213018354,CADJPY_merged,-16.691194055929312
2022-06-07 10:00:00,2022-06-07 21:00:00,-1.1,15.0,0.2150080860417126,3071.5440863101803,-1,132.552,133.19932263126606,131.77521284248073,126.359,131.345,62.08900724904871,0.25754379688073425,USDJPY_merged,-16.715008086041713
2022-06-07 10:00:00,2022-06-07 21:00:00,-1.1,15.0,0.22360840948338112,3194.405849762588,-1,132.552,133.17442560698657,131.68060415021876,126.359,131.345,63.83113671264186,0.25754379688073425,USDJPY_merged,-16.723608409483383
2022-06-07 10:00:00,2022-06-07 21:00:00,-1.1,15.0,0.2150080860417126,3071.5440863101803,-1,132.552,133.19932263126606,131.83994510560734,126.359,131.345,58.80571136430131,0.25754379688073425,USDJPY_merged,-16.715008086041713
2022-06-07 10:00:00,2022-06-07 21:00:00,-1.1,60.0,0.8944336379335245,12777.623399050352,-1,132.552,133.17442560698657,131.6183615895201,126.359,131.345,58.80571136430131,0.25754379688073425,USDJPY_merged,-66.89443363793353
2022-06-08 00:00:00,2022-06-08 03:00:00,-1.1,30.0,0.48059794982839543,6865.6849975485065,-1,106.018,106.4812516640562,105.32312250391571,98.295,102.951,69.922856581098,0.18670776093515812,CADJPY_merged,-33.48059794982839
2022-06-08 00:00:00,2022-06-08 03:00:00,-1.1,15.0,0.24029897491419772,3432.8424987742533,-1,106.018,106.4812516640562,105.5547483359438,98.295,102.951,69.99335176209824,0.18670776093515812,CADJPY_merged,-16.740298974914197
2022-06-08 11:00:00,2022-06-09 03:00:00,1.0,15.0,0.15877703297719745,2268.243328245678,-1,96.499,97.13715243363662,95.86084756636338,87.307,94.024,67.86673106855986,0.2639566182078861,AUDJPY_merged,14.841222967022803
2022-06-08 13:00:00,2022-06-09 03:00:00,1.0,60.0,0.7223283549111038,10318.976498730055,-1,168.195,169.1729748990844,167.21702510091558,155.594,168.423,68.60062593986561,0.38553353394563955,GBPJPY_merged,59.277671645088894
2022-06-08 14:00:00,2022-06-09 03:00:00,1.0,60.0,0.688741859853058,9839.16942647226,-1,106.816,107.46737205410416,106.16462794589584,98.295,102.951,68.01687960044826,0.25093819152439945,CADJPY_merged,59.31125814014694
2022-06-08 21:00:00,2022-06-09 03:00:00,1.0,90.00000000000001,1.257281661925922,17961.166598941745,-1,143.839,144.55974995400146,143.11825004599854,132.656,138.315,67.67553096543314,0.2860642686291178,EURJPY_merged,88.7427183380741
2022-06-08 11:00:00,2022-06-09 03:00:00,1.2,90.0,1.0931283700102374,15616.119571574822,-1,167.966,168.93403433981877,166.80435879221753,155.594,168.423,72.72792613918772,0.38651226422097995,GBPJPY_merged,106.90687162998977
2022-06-08 11:00:00,2022-06-09 03:00:00,1.2,59.99999999999999,0.610680896066144,8724.012800944914,-1,96.499,97.16267853098208,95.7025857628215,87.307,94.024,69.04201398874896,0.2639566182078861,AUDJPY_merged,71.38931910393384
2022-06-08 11:00:00,2022-06-09 03:00:00,1.1,59.99999999999999,0.610680896066144,8724.012800944914,-1,96.499,97.16267853098208,95.7689536159197,87.307,94.024,69.85637956245426,0.2639566182078861,AUDJPY_merged,65.38931910393386
2022-06-08 11:00:00,2022-06-09 03:00:00,1.1,60.0,0.7287522466734916,10410.746381049881,-1,167.966,168.93403433981877,166.9011622261994,155.594,168.423,72.92959694435218,0.38651226422097995,GBPJPY_merged,65.2712477533265
2022-06-08 11:00:00,2022-06-09 04:00:00,1.4,60.0,0.6351081319087898,9072.973312982713,-1,96.499,97.13715243363662,95.60558659290874,87.307,94.024,68.3878701689067,0.2639566182078861,AUDJPY_merged,83.3648918680912
2022-06-08 10:00:00,2022-06-09 04:00:00,1.4,15.0,0.17430102970333383,2490.0147100476265,-1,144.025,144.89261535636015,142.8103385010958,132.656,138.315,70.96317751324335,0.3431005193831225,EURJPY_merged,20.825698970296667
2022-06-08 11:00:00,2022-06-09 04:00:00,1.1,15.0,0.17450353740731614,2492.9076772473736,-1,106.77,107.41244256400557,106.06331317959386,97.799,102.951,73.59428097152693,0.2560152014305646,CADJPY_merged,16.325496462592685
2022-06-08 12:00:00,2022-06-09 06:00:00,1.0,30.0,0.367733859885399,5253.3408555057,-1,134.05,134.81551286326402,133.284487136736,126.359,131.345,69.92055681034392,0.3037619206409214,USDJPY_merged,29.632266140114602
2022-06-08 11:00:00,2022-06-09 07:00:00,1.1,30.0,0.3381238295617929,4830.3404223113275,-1,143.632,144.52406135039612,142.65073251456428,132.656,138.315,74.96504541770837,0.3490933394271847,EURJPY_merged,32.661876170438205
2022-06-08 11:00:00,2022-06-09 09:00:00,1.5,30.0,0.3175540659543949,4536.486656491356,-1,96.499,97.13715243363662,95.54177134954507,87.307,94.024,69.85637956245426,0.2639566182078861,AUDJPY_merged,44.6824459340456
2022-06-08 11:00:00,2022-06-09 09:00:00,1.5,59.99999999999999,0.5670608320614194,8100.869029448851,-1,96.499,97.213730725673,95.42690391149048,87.307,94.024,67.86673106855986,0.2639566182078861,AUDJPY_merged,89.43293916793857
2022-06-08 11:00:00,2022-06-09 10:00:00,1.2,15.0,0.17450353740731614,2492.9076772473736,-1,106.77,107.41244256400557,105.99906892319329,97.799,102.951,73.62272092462314,0.2560152014305646,CADJPY_merged,17.825496462592685
2022-06-08 11:00:00,2022-06-09 12:00:00,1.4,15.0,0.18148367890360875,2592.623984337268,-1,106.77,107.38773323462075,105.90517347153094,97.799,102.951,73.46619206022346,0.2560152014305646,CADJPY_merged,20.818516321096393
2022-06-08 11:00:00,2022-06-09 12:00:00,1.5,15.0,0.18148367890360875,2592.623984337268,-1,106.77,107.38773323462075,105.84340014806887,98.295,102.951,73.59428097152693,0.2560152014305646,CADJPY_merged,22.318516321096393
2022-06-08 11:00:00,2022-06-09 13:00:00,1.5,14.999999999999998,0.16203899902107924,2314.842843158275,-1,106.77,107.46186122277524,105.73220816583714,97.799,102.951,73.25075837080888,0.2560152014305646,CADJPY_merged,22.33796100097892
2022-06-08 11:00:00,2022-06-09 13:00:00,1.2,60.0,0.6762476591235858,9660.680844622655,-1,143.632,144.52406135039612,142.56152637952465,132.656,138.315,74.59753259848158,0.3490933394271847,EURJPY_merged,71.32375234087641
2022-06-08 11:00:00,2022-06-09 13:00:00,1.4,60.0,0.7032975654885292,10047.10807840756,-1,143.632,144.4897512984578,142.43114818215906,132.656,138.315,74.09733399347263,0.3490933394271847,EURJPY_merged,83.29670243451147
2022-06-08 13:00:00,2022-06-09 20:00:00,1.5,60.0,0.6183378458111095,8833.397797301564,-1,143.814,144.7908426825107,142.34873597623397,132.656,138.315,69.23478194451171,0.3432386447101735,EURJPY_merged,89.38166215418889
2022-06-08 11:00:00,2022-06-09 20:00:00,1.5,30.0,0.3516487827442646,5023.55403920378,-1,143.632,144.4897512984578,142.3453730523133,132.656,138.315,74.96504541770837,0.3490933394271847,EURJPY_merged,44.64835121725574
2022-06-08 11:00:00,2022-06-10 03:00:00,1.4,90.0,1.1368535048106467,16240.764354437812,-1,167.966,168.89680224982573,166.662876850244,155.594,168.423,72.39232912266438,0.38651226422097995,GBPJPY_merged,124.86314649518934
2022-06-08 11:00:00,2022-06-10 06:00:00,1.5,60.0,0.6766985147682422,9667.121639546318,-1,167.966,169.00849851980482,166.4022522202928,155.594,168.423,72.01249974330898,0.38651226422097995,GBPJPY_merged,89.32330148523175
2022-06-08 11:00:00,2022-06-10 06:00:00,1.5,60.0,0.7579023365404312,10827.176236291874,-1,167.966,168.89680224982573,166.56979662526143,155.594,168.423,72.92959694435218,0.38651226422097995,GBPJPY_merged,89.24209766345957
2022-06-08 12:00:00,2022-06-12 19:00:00,-1.1,90.0,1.103201579656197,15760.022566517102,-1,134.05,134.81551286326402,132.97828199143038,126.359,131.345,69.77645640028972,0.3037619206409214,USDJPY_merged,-100.10320157965621
2022-06-08 12:00:00,2022-06-12 19:00:00,-1.1,90.0,1.06077074966942,15153.867852420288,-1,134.05,134.8461333777946,133.0946399466465,126.359,131.345,69.45277254126302,0.3037619206409214,USDJPY_merged,-100.06077074966943
2022-06-13 09:00:00,2022-06-14 03:00:00,1.0,90.00000000000001,1.4628126639715335,20897.32377102191,1,1.56508,1.5583395579441937,1.5718204420558064,1.57753,1.61817,34.08797786536464,0.0028757356207281073,GBPCAD_merged,88.53718733602848
2022-06-13 09:00:00,2022-06-14 05:00:00,-1.1,60.0,0.9534510440495862,13620.729200708376,-1,0.85813,0.8619101059870804,0.8539718834142114,0.83927,0.85866,60.807972874636356,0.0014950378525287501,EURGBP_merged,-66.95345104404959
2022-06-13 09:00:00,2022-06-14 05:00:00,-1.1,60.0,0.9915890858115698,14165.558368736713,-1,0.85813,0.8617647172952697,0.8526779240570954,0.83927,0.85866,60.807972874636356,0.0014950378525287501,EURGBP_merged,-66.99158908581157
2022-06-13 21:00:00,2022-06-14 06:00:00,-1.1,90.0,1.0986432801306918,15694.904001867026,1,1.2155,1.2085299032101766,1.2224700967898234,1.2155,1.26663,31.02730490930087,0.0027553216647915497,GBPUSD_merged,-100.0986432801307
2022-06-13 14:00:00,2022-06-14 06:00:00,-1.1,60.0,0.6499736241910715,9285.33748844388,1,1.21743,1.2095632100108467,1.226870147986984,1.2155,1.26663,27.890403559113413,0.0030802821389833124,GBPUSD_merged,-66.64997362419108
2022-06-13 21:00:00,2022-06-14 06:00:00,-1.1,60.0,0.7324288534204612,10463.269334578017,1,1.2155,1.2085299032101766,1.2252581355057528,1.2155,1.26663,31.257108733981003,0.0027553216647915497,GBPUSD_merged,-66.73242885342046
2022-06-13 09:00:00,2022-06-14 09:00:00,-1.1,90.0,1.3060827356888691,18658.324795555276,1,1.56508,1.557530704897497,1.5764039426537548,1.57753,1.61817,34.08797786536464,0.0028757356207281073,GBPCAD_merged,-100.30608273568889
2022-06-13 13:00:00,2022-06-14 09:00:00,-1.1,30.0,0.4158611125917512,5940.873037025018,1,1.5655,1.557594596247504,1.577358105628744,1.57753,1.61817,34.64258679296617,0.003104149965212797,GBPCAD_merged,-33.41586111259175
2022-06-13 12:00:00,2022-06-14 10:00:00,-1.1,90.0,1.2123506906109698,17319.295580156715,1,1.56375,1.5556239477972045,1.5735012626433547,1.57753,1.61817,37.21520181959741,0.003162161500998408,GBPCAD_merged,-100.21235069061099
2022-06-13 12:00:00,2022-06-14 10:00:00,-1.1,90.0,1.2608447182354083,18012.067403362977,1,1.56375,1.5559364882665427,1.57468891642684,1.57753,1.61817,37.66871214132969,0.003162161500998408,GBPCAD_merged,-100.26084471823542
2022-06-14 21:00:00,2022-06-15 02:00:00,-1.1,90.0,1.4618562937732444,20883.661339617778,-1,0.86816,0.8719014129030993,0.8644185870969008,0.83927,0.85866,66.81510078451937,0.0014346676497225637,EURGBP_merged,-100.46185629377325
2022-06-14 16:00:00,2022-06-15 07:00:00,1.0,90.0,0.8839826705800997,12628.323865429997,1,0.621,0.6165742345068455,0.6254257654931545,0.62154,0.65758,33.156420579315025,0.0017138557546002554,NZDUSD_merged,89.1160173294199
2022-06-14 17:00:00,2022-06-15 10:00:00,1.1,30.0,0.29280132206124687,4182.876029446385,1,0.6213,0.6168439750380393,0.6262016274581567,0.62154,0.65758,34.293505627431855,0.0016300089149859504,NZDUSD_merged,32.707198677938756
2022-06-13 14:00:00,2022-06-15 11:00:00,-1.1,30.0,0.40161641250796515,5737.37732154236,1,1.04486,1.039396562920081,1.0525088119118864,1.06271,1.07867,30.127811743550147,0.0020875312708715627,EURUSD_merged,-33.40161641250796
2022-06-14 18:00:00,2022-06-15 14:00:00,1.5,15.0,0.16017372518619039,2288.196074088434,1,0.62163,0.6175549777125351,0.6277425334311973,0.62154,0.65758,37.82839360385622,0.0015892939924869584,NZDUSD_merged,22.33982627481381
2022-06-15 20:00:00,2022-06-16 09:00:00,1.5,30.000000000000004,0.5179203217859334,7398.861739799048,-1,1.11537,1.1198924659112104,1.1085863011331845,1.09209,1.10796,68.49550118120703,0.001789773052735295,AUDNZD_merged,44.48207967821407
2022-06-15 20:00:00,2022-06-16 09:00:00,1.1,60.0,0.9960006188191026,14228.580268844324,-1,1.11537,1.1200733645476588,1.1101962989975753,1.09209,1.1109,68.49550118120703,0.001789773052735295,AUDNZD_merged,65.0039993811809
2022-06-16 18:00:00,2022-06-17 07:00:00,-1.1,90.0,0.8231970213793656,11759.957448276653,1,1.01927,1.0114694360605918,1.030970845909112,1.02181,1.0515,34.20601063894018,0.0026712074288853206,EURCHF_merged,-99.82319702137939
2022-06-16 18:00:00,2022-06-17 07:00:00,-1.1,89.99999999999999,0.886519869177778,12664.569559682546,1,1.01927,1.012026619199121,1.0272377188809667,1.02181,1.0515,34.606184003386794,0.0026712074288853206,EURCHF_merged,-99.88651986917776
2022-06-16 22:00:00,2022-06-17 07:00:00,-1.1,60.0,0.5569190461398292,7955.986373426133,1,0.74829,0.7426467776649339,0.7544975445685728,0.74564,0.78115,30.545997346099348,0.002166150833952187,CADCHF_merged,-66.55691904613983
2022-06-16 18:00:00,2022-06-17 07:00:00,-1.1,59.99999999999999,0.6146537759632597,8780.768228046567,1,1.01927,1.0123052107683856,1.0297171838474215,1.02181,1.0515,34.606184003386794,0.0026712074288853206,EURCHF_merged,-66.61465377596326
2022-06-17 05:00:00,2022-06-17 10:00:00,-1.1,29.999999999999996,0.2725242208441809,3893.2031549168696,1,1.18905,1.1798874932977876,1.2027937600533185,1.19717,1.24429,40.167273432443054,0.003794645346536018,GBPCHF_merged,-33.27252422084418
2022-06-17 11:00:00,2022-06-21 07:00:00,-1.1,90.0,0.6318396382794753,9026.280546849648,-1,139.142,140.52936879880946,137.75463120119053,127.502,136.18,65.64376846093643,0.5530941252720852,CHFJPY_merged,-99.63183963827949
2022-06-22 01:00:00,2022-06-22 05:00:00,-1.1,15.0,0.21553875646641063,3079.125092377295,1,0.6064,0.603445914106407,0.6108311288403896,0.61672,0.632,35.71904108923235,0.0012250927564496864,NZDCHF_merged,-16.71553875646641
2022-06-21 12:00:00,2022-06-22 13:00:00,-1.1,15.0,0.20774402606422565,2967.7718009175096,-1,141.026,141.73878728349194,140.09937653146048,127.502,137.788,73.31240580482591,0.30977126352159573,CHFJPY_merged,-16.707744026064226
2022-06-21 19:00:00,2022-06-22 22:00:00,1.5,15.0,0.21055868345784576,3007.9811922549397,-1,136.515,137.19576389748462,135.49385415377301,126.359,131.345,64.01396411737143,0.23485549207858203,USDJPY_merged,22.289441316542153
2022-06-21 19:00:00,2022-06-22 22:00:00,1.5,15.0,0.2631983543223072,3759.9764903186747,-1,136.515,137.0596111179877,135.6980833230184,126.359,131.345,64.93429754074113,0.23485549207858203,USDJPY_merged,22.236801645677694
2022-06-21 19:00:00,2022-06-22 22:00:00,1.5,15.0,0.21781932771501275,3111.7046816430397,-1,136.515,137.17307176756847,135.52789234864724,126.359,131.345,64.93429754074113,0.23485549207858203,USDJPY_merged,22.282180672284987
2022-06-21 19:00:00,2022-06-22 22:00:00,1.4,15.0,0.22559858941912042,3222.8369917017208,-1,136.515,137.15037963765232,135.6254685072867,126.359,131.345,64.65411285175136,0.23485549207858203,USDJPY_merged,20.77440141058088
2022-06-22 10:00:00,2022-06-22 22:00:00,-1.1,14.999999999999998,0.21468673299230648,3066.9533284615213,1,0.60433,0.6013743143311387,0.6084679599364058,0.61672,0.632,35.57571773169295,0.0014844254891141686,NZDCHF_merged,-16.714686732992305
2022-06-21 19:00:00,2022-06-22 22:00:00,1.5,15.0,0.21055868345784576,3007.9811922549397,-1,136.515,137.19576389748462,135.49385415377301,126.359,131.345,65.09816141568622,0.23485549207858203,USDJPY_merged,22.289441316542153
2022-06-23 16:00:00,2022-06-24 07:00:00,-1.1,30.000000000000004,0.4454273357727197,6363.247653895996,1,1.01108,1.0063131888290677,1.0182302167563984,1.02181,1.05136,39.63919616047571,0.0015082986957647437,EURCHF_merged,-33.44542733577273
2022-06-23 16:00:00,2022-06-24 07:00:00,-1.1,30.000000000000004,0.4454273357727197,6363.247653895996,1,1.01108,1.0063131888290677,1.0182302167563984,1.02181,1.05136,39.53971908600515,0.0015082986957647437,EURCHF_merged,-33.44542733577273
2022-06-22 10:00:00,2022-06-24 09:00:00,-1.1,15.0,0.18668411564548396,2666.915937792628,1,0.60433,0.6009309614808096,0.6094285577787857,0.61672,0.632,35.57571773169295,0.0014844254891141686,NZDCHF_merged,-16.686684115645484
2022-06-22 21:00:00,2022-06-24 10:00:00,1.5,15.0,0.23762968721387157,3394.7098173410227,-1,1.52933,1.5360875584466211,1.5191936623300686,1.47587,1.51983,67.53460952127205,0.0028773886847045403,EURAUD_merged,22.26237031278613
2022-06-23 02:00:00,2022-06-24 10:00:00,-1.1,15.0,0.19683223920626053,2811.8891315180076,1,0.66262,0.6590852589290979,0.6679221116063532,0.677,0.70446,33.29761663026788,0.0014611795810037997,AUDCHF_merged,-16.69683223920626
2022-06-24 10:00:00,2022-06-27 04:00:00,1.5,30.0,0.4941846535484304,7059.780764977578,1,1.00677,1.0024918076586977,1.0131872885119533,1.02181,1.05136,34.3250130887438,0.0017845387034800429,EURCHF_merged,44.50581534645157
2022-06-24 10:00:00,2022-06-27 04:00:00,1.4,30.0,0.4235868458986547,6051.240655695067,1,1.00677,1.001778775601814,1.0137577141574603,1.02181,1.05136,34.82463292116582,0.0017845387034800429,EURCHF_merged,41.576413154101346
2022-06-24 10:00:00,2022-06-27 07:00:00,1.5,30.000000000000004,0.40898040293663207,5842.57718480903,1,1.00677,1.001600517587593,1.0145242236186103,1.02181,1.05136,34.3250130887438,0.0017845387034800429,EURCHF_merged,44.59101959706337
2022-06-23 01:00:00,2022-06-28 10:00:00,-1.1,60.0,0.7325014270433807,10464.306100619726,1,0.60216,0.5987073487059156,0.6069937118117182,0.61672,0.632,34.64052106298622,0.0012142976230382124,NZDCHF_merged,-66.73250142704337
2022-06-23 01:00:00,2022-06-28 10:00:00,-1.1,60.0,0.683667998573822,9766.685693911744,1,0.60216,0.5984607307563382,0.6077089038654928,0.61672,0.632,34.11199287404399,0.0012142976230382124,NZDCHF_merged,-66.68366799857382
2022-06-23 01:00:00,2022-06-28 10:00:00,-1.1,60.0,0.8545849982172776,12208.357117389682,1,0.60216,0.5992005846050705,0.6065991230923943,0.61672,0.632,34.35850997617942,0.0012142976230382124,NZDCHF_merged,-66.85458499821728
2022-06-28 16:00:00,2022-06-29 02:00:00,-1.1,15.0,0.2376890300650244,3395.5575723574916,1,1.00752,1.0030692434812385,1.014196134778142,1.02181,1.05136,31.000266471764345,0.0014969008272356994,EURCHF_merged,-16.737689030065024
2022-06-28 15:00:00,2022-06-29 05:00:00,-1.1,15.0,0.2640494866374413,3772.135523392019,1,1.16608,1.1614430510114144,1.1730354234828781,1.19717,1.22942,33.77960392370883,0.0019756315792425834,GBPCHF_merged,-16.76404948663744
2022-06-28 20:00:00,2022-06-29 05:00:00,-1.1,30.0,0.4835383020164512,6907.690028806446,1,1.16598,1.1609161653672748,1.1735757519490877,1.19717,1.22942,34.25206025560061,0.0017342820252568185,GBPCHF_merged,-33.48353830201645
2022-06-28 16:00:00,2022-06-29 05:00:00,-1.1,30.0,0.48316681633768316,6902.383090538331,1,0.80383,0.8003362935969092,0.8090705596046364,0.80284,0.83519,30.15746297184225,0.0014595887869101637,NZDCAD_merged,-33.483166816337686
2022-06-28 20:00:00,2022-06-29 05:00:00,-1.1,30.0,0.5008075270884673,7154.393244120963,1,1.16598,1.1610907803546102,1.1728249075035457,1.20768,1.22942,34.78976047495361,0.0017342820252568185,GBPCHF_merged,-33.50080752708847
2022-06-28 15:00:00,2022-06-29 05:00:00,-1.1,15.0,0.2640494866374413,3772.135523392019,1,1.16608,1.1614430510114144,1.172108033685161,1.19717,1.22942,27.85804542162443,0.0019756315792425834,GBPCHF_merged,-16.76404948663744
2022-06-28 20:00:00,2022-06-29 05:00:00,-1.1,30.0,0.5842754482698787,8346.792118141124,1,1.16598,1.1617892403039516,1.1722661395440725,1.19717,1.22942,34.25206025560061,0.0017342820252568185,GBPCHF_merged,-33.58427544826988
2022-06-28 16:00:00,2022-06-29 09:00:00,-1.1,30.0,0.4141429854322998,5916.328363318569,1,0.80383,0.7997540091963941,0.8095363871250485,0.80284,0.83519,30.91339442043183,0.0014595887869101637,NZDCAD_merged,-33.4141429854323
2022-06-28 16:00:00,2022-06-29 09:00:00,-1.1,15.0,0.19326672653507324,2760.9532362153323,1,0.80383,0.7994628669961364,0.8103806995057955,0.80284,0.83519,29.340951247080604,0.0014595887869101637,NZDCAD_merged,-16.69326672653507
2022-06-28 16:00:00,2022-06-29 09:00:00,-1.1,60.0,0.7997243856623719,11424.634080891028,1,0.80383,0.7996084380962653,0.8101623428556023,0.80284,0.83519,30.15746297184225,0.0014595887869101637,NZDCAD_merged,-66.79972438566237
2022-06-29 09:00:00,2022-06-30 03:00:00,1.3,15.0,0.20155675294312933,2879.3821849018477,-1,143.356,144.10280603751573,142.3851521512295,134.026,137.788,74.44915699139175,0.3318626859535658,CHFJPY_merged,19.29844324705687
2022-06-30 01:00:00,2022-06-30 09:00:00,-1.1,30.0,0.688877329549923,9841.104707856044,1,0.99745,0.9944093352689244,1.0020109970966133,1.02181,1.05136,33.49642716717271,0.0012421619495232954,EURCHF_merged,-33.688877329549925
2022-06-29 12:00:00,2022-06-30 22:00:00,1.5,60.0,0.7159063594119318,10227.23370588474,-1,143.041,143.8801770684835,141.78223439727475,134.026,137.788,59.00741729128999,0.33703874673468776,CHFJPY_merged,89.28409364058807
2022-06-29 08:00:00,2022-07-01 01:00:00,-1.1,15.0,0.17588123364150288,2512.58905202147,1,0.65572,0.6518053924790898,0.6615919112813653,0.677,0.70446,34.76926990031524,0.0015938660051140808,AUDCHF_merged,-16.6758812336415
2022-06-30 01:00:00,2022-07-01 05:00:00,1.5,30.0,0.5701053761792465,8144.36251684638,1,0.99745,0.9937758634499503,1.0029612048250744,1.02181,1.05136,33.49642716717271,0.0012421619495232954,EURCHF_merged,44.42989462382075
2022-06-29 23:00:00,2022-07-01 05:00:00,1.5,30.0,0.5096321131382032,7280.45875911719,1,0.99691,0.9928021132596833,1.003071830110475,1.02181,1.05136,32.00880280618443,0.0013136316100980211,EURCHF_merged,44.4903678868618
2022-06-30 01:00:00,2022-07-01 05:00:00,1.5,30.0,0.5511018636399384,7872.883766284835,1,0.99745,0.9936491690861554,1.0031512463707668,1.02181,1.05136,33.478391863384566,0.0012421619495232954,EURCHF_merged,44.448898136360064
2022-06-30 01:00:00,2022-07-01 05:00:00,1.4,30.000000000000004,0.5904662824713627,8435.232606733753,1,0.99745,0.993902557813745,1.0024164190607567,1.02181,1.05136,33.60131112000467,0.0012421619495232954,EURCHF_merged,41.40953371752864
2022-07-01 05:00:00,2022-07-01 08:00:00,-1.1,60.0,0.5266296312773869,7523.280446819815,1,92.268,91.53214015280525,93.3717897707921,91.962,95.318,33.29106536419972,0.300279107545584,AUDJPY_merged,-66.52662963127739
2022-07-01 05:00:00,2022-07-01 08:00:00,-1.1,30.0,0.27476328588385407,3925.189798340773,1,92.268,91.56280097977171,93.18475872629678,91.962,95.318,30.832584978665555,0.300279107545584,AUDJPY_merged,-33.27476328588386
2022-07-01 05:00:00,2022-07-01 08:00:00,-1.1,15.0,0.1579888893832161,2256.9841340459443,1,92.268,91.65478346067106,93.12650315506053,91.962,96.878,33.894873448524415,0.300279107545584,AUDJPY_merged,-16.657988889383216
2022-07-01 06:00:00,2022-07-01 08:00:00,-1.1,30.0,0.2691416850828739,3844.881215469627,1,92.363,91.6423301418906,93.4440047871641,91.962,96.878,28.58701590851306,0.3135448855780426,AUDJPY_merged,-33.26914168508287
2022-07-01 05:00:00,2022-07-01 08:00:00,-1.1,15.0,0.13738164294192703,1962.5948991703865,1,92.268,91.56280097977171,93.32579853034244,91.962,95.318,33.894873448524415,0.300279107545584,AUDJPY_merged,-16.63738164294193
2022-07-01 05:00:00,2022-07-01 10:00:00,1.3,30.0,0.4321209596409609,6173.156566299443,-1,1.77693,1.785565436251693,1.7657039328727988,1.73072,1.78032,56.50382035894583,0.0039842133935407194,GBPAUD_merged,38.56787904035904
2022-07-01 05:00:00,2022-07-01 10:00:00,-1.1,30.0,0.4531026449603769,6472.894928005385,1,0.87929,0.8752147446013884,0.8845878320181951,0.8883,0.91305,25.21926073219159,0.0017067180180730301,AUDCAD_merged,-33.453102644960374
2022-07-01 05:00:00,2022-07-01 10:00:00,-1.1,30.0,0.4531026449603769,6472.894928005385,1,0.87929,0.8752147446013884,0.8854028830979175,0.8883,0.91305,31.771233378495538,0.0017067180180730301,AUDCAD_merged,-33.453102644960374
2022-07-01 12:00:00,2022-07-04 03:00:00,1.4,30.0,0.2765806716016666,3951.152451452381,1,91.707,91.01069429329695,92.68182798938425,91.962,96.878,34.96408497534249,0.3437847923978406,AUDJPY_merged,41.723419328398336
2022-07-01 10:00:00,2022-07-04 03:00:00,1.5,30.0,0.30412566872692437,4344.652410384634,1,0.67876,0.6740731348433471,0.6857902977349795,0.685,0.72826,32.359835804077385,0.0021079269265990115,AUDUSD_merged,44.695874331273075
2022-07-01 10:00:00,2022-07-04 03:00:00,1.3,30.0,0.3812373041756034,5446.247202508621,-1,1.53133,1.5397651477800787,1.520364307885898,1.47587,1.53439,62.900920787642754,0.003989065873944786,EURAUD_merged,38.618762695824394
2022-07-01 10:00:00,2022-07-04 03:00:00,1.3,30.0,0.30412566872692437,4344.652410384634,1,0.67876,0.6740731348433471,0.6848529247036489,0.685,0.72826,27.721886679631933,0.0021079269265990115,AUDUSD_merged,38.695874331273075
2022-07-01 12:00:00,2022-07-04 03:00:00,1.5,30.0,0.2405049318275362,3435.7847403933747,1,91.707,90.9062484372915,92.90812734406273,91.962,95.318,34.96408497534249,0.3437847923978406,AUDJPY_merged,44.75949506817246
2022-07-01 12:00:00,2022-07-04 05:00:00,1.5,60.0,0.4609677860027777,6585.254085753968,1,91.707,90.87143315195634,92.96035027206547,91.962,96.878,34.546091206853355,0.3437847923978406,AUDJPY_merged,89.53903221399722
2022-07-01 05:00:00,2022-07-04 05:00:00,1.5,15.0,0.21606047982048046,3086.5782831497213,-1,1.77693,1.785565436251693,1.76397684562246,1.73072,1.78032,55.6686268646174,0.0039842133935407194,GBPAUD_merged,22.28393952017952
2022-07-01 10:00:00,2022-07-04 05:00:00,1.5,30.0,0.36535241650161987,5219.3202357374275,-1,1.53133,1.5401318933357342,1.5181271599963988,1.47587,1.52786,61.68692922609182,0.003989065873944786,EURAUD_merged,44.63464758349838
2022-07-01 10:00:00,2022-07-04 05:00:00,1.5,60.0,0.7307048330032397,10438.640471474855,-1,1.53133,1.5401318933357342,1.5181271599963988,1.47587,1.51983,61.21544642746174,0.003989065873944786,EURAUD_merged,89.26929516699676
2022-07-01 10:00:00,2022-07-04 05:00:00,1.4,15.0,0.26009077857964236,3715.582551137748,1,0.87798,0.8744355490777704,0.8829422312911213,0.8883,0.91305,27.759217911817046,0.001953495071035116,AUDCAD_merged,20.73990922142036
2022-07-01 05:00:00,2022-07-04 05:00:00,1.5,15.0,0.1531653286407784,2188.0761234396914,1,0.68089,0.6762222693435618,0.6878915959846573,0.685,0.72826,33.18327954269388,0.0019009672182648007,AUDUSD_merged,22.346834671359222
2022-07-01 12:00:00,2022-07-04 05:00:00,1.5,90.0,0.6914516790041666,9877.881128630952,1,91.707,90.87143315195634,92.96035027206547,91.962,95.318,34.72931349003358,0.3437847923978406,AUDJPY_merged,134.30854832099584
2022-07-01 10:00:00,2022-07-04 20:00:00,1.5,90.0,1.3004538928982117,18577.91275568874,1,0.87798,0.8737266588933246,0.8843600116600131,0.8883,0.91305,27.02141080355904,0.001953495071035116,AUDCAD_merged,133.69954610710178
2022-07-01 10:00:00,2022-07-04 20:00:00,1.5,30.0,0.43348463096607054,6192.63758522958,1,0.87798,0.8737266588933246,0.8843600116600131,0.8883,0.91305,26.21987941613201,0.001953495071035116,AUDCAD_merged,44.56651536903393
2022-07-01 14:00:00,2022-07-04 21:00:00,1.5,60.0,0.8162896130371754,11661.280186245363,1,0.8782,0.8736814566532626,0.8849778150201061,0.8883,0.91305,38.85385305267779,0.001959256630670387,AUDCAD_merged,89.18371038696283
2022-07-05 07:00:00,2022-07-05 09:00:00,1.4,60.0,1.2744756243021433,18206.794632887762,1,1.33201,1.3276203970187241,1.338155444173786,1.33889,1.37143,35.951968507718156,0.002224458527020898,EURCAD_merged,82.72552437569786
2022-07-05 07:00:00,2022-07-05 11:00:00,1.3,60.0,1.1082396733062114,15831.995332945879,1,1.33201,1.3269619565715327,1.3385724564570072,1.33889,1.37143,34.078338084436474,0.002224458527020898,EURCAD_merged,76.89176032669378
2022-07-05 07:00:00,2022-07-05 11:00:00,1.5,60.0,1.1082396733062114,15831.995332945879,1,1.33201,1.3269619565715327,1.3395820651427006,1.33889,1.37143,35.951968507718156,0.002224458527020898,EURCAD_merged,88.89176032669378
2022-07-04 23:00:00,2022-07-05 21:00:00,1.5,60.0,1.1680187920378133,16685.982743397333,-1,136.169,136.65864092350108,135.43453861474842,126.359,131.345,61.76483861940073,0.2027301192117243,USDJPY_merged,88.83198120796219
2022-07-05 15:00:00,2022-07-06 06:00:00,-1.1,90.0,1.2344197685497058,17634.568122138655,1,1.02619,1.020952724022481,1.0340459139662785,1.0359,1.07738,28.562935151104487,0.0021334698722543823,EURUSD_merged,-100.23441976854971
2022-07-05 15:00:00,2022-07-06 06:00:00,-1.1,90.0,1.2880901932692583,18401.28847527512,1,1.02619,1.0211709438548775,1.032714772988659,1.0359,1.0615,27.20506414028643,0.0021334698722543823,EURUSD_merged,-100.28809019326927
2022-07-05 09:00:00,2022-07-06 07:00:00,-1.1,29.999999999999996,0.4506731452346022,6438.187789065747,1,0.99435,0.9897166309562043,1.0008367166613137,1.02181,1.05136,29.666243285001382,0.0016865764686056794,EURCHF_merged,-33.4506731452346
2022-07-05 08:00:00,2022-07-06 07:00:00,-1.1,90.0,1.5740617132068042,22486.595902954352,1,1.33388,1.3285412995351498,1.3418880506972752,1.33889,1.37143,43.46548002520482,0.0023712829179479817,EURCAD_merged,-100.57406171320682
2022-07-05 09:00:00,2022-07-06 08:00:00,-1.1,30.0,0.43513269195065035,6216.18131358072,1,0.99435,0.9895511534903545,1.0015482697644682,1.02181,1.05136,28.410938310103113,0.0016865764686056794,EURCHF_merged,-33.43513269195065
2022-07-05 15:00:00,2022-07-06 08:00:00,-1.1,60.0,0.8964616933464508,12806.595619235011,1,0.9937,0.9890444301848299,1.0006833547227552,1.02181,1.05136,32.95971942047267,0.001489581133266933,EURCHF_merged,-66.89646169334645
2022-07-05 11:00:00,2022-07-06 08:00:00,-1.1,60.0,0.8158192632599579,11654.560903713686,1,0.99378,0.9886638226945984,1.0014542659581023,1.02181,1.05136,30.700665050769523,0.0016914358326242864,EURCHF_merged,-66.81581926325995
2022-07-05 16:00:00,2022-07-06 08:00:00,-1.1,30.0,0.32959517093967117,4708.502441995302,1,1.19564,1.1880220364453715,1.20630514897648,1.19332,1.26663,33.54619430662579,0.0025806511788309056,GBPUSD_merged,-33.32959517093967
2022-07-05 14:00:00,2022-07-06 08:00:00,-1.1,60.00000000000001,0.8901337106753469,12716.195866790671,1,1.19346,1.1878287875878817,1.2013436973769658,1.19332,1.26663,32.8050490257498,0.002813062905626389,GBPUSD_merged,-66.89013371067536
2022-07-05 15:00:00,2022-07-06 08:00:00,-1.1,90.0,1.1149888414249962,15928.412020357087,1,1.19487,1.1881186490264968,1.2049970264602552,1.19332,1.26663,33.49443117985252,0.002720701269510216,GBPUSD_merged,-100.11498884142502
2022-07-06 11:00:00,2022-07-07 03:00:00,-1.1,60.0,0.8202221018753278,11717.458598218971,1,1.33259,1.3257663872404761,1.3428254191392859,1.33889,1.37143,36.52769927076984,0.003052231127196751,EURCAD_merged,-66.82022210187533
2022-07-05 14:00:00,2022-07-07 06:00:00,1.5,60.0,0.7316908822267292,10452.726888953275,1,0.74193,0.7376712261438644,0.7483181607842034,0.74564,0.77986,31.62418796530593,0.0013839061935657807,CADCHF_merged,89.26830911777327
2022-07-07 08:00:00,2022-07-07 11:00:00,-1.1,15.0,0.21490691779563467,3070.098825651924,1,0.85091,0.8467525931135004,0.8571461103297496,0.84855,0.87207,33.84293554487502,0.0013868164172499095,EURGBP_merged,-16.714906917795634
2022-07-07 08:00:00,2022-07-07 11:00:00,-1.1,15.0,0.21490691779563467,3070.098825651924,1,0.85091,0.8467525931135004,0.8571461103297496,0.84855,0.87207,32.44246096275233,0.0013868164172499095,EURGBP_merged,-16.714906917795634
2022-06-29 12:00:00,2022-07-07 12:00:00,1.5,14.999999999999998,0.18314752435080545,2616.393205011507,1,1.15948,1.1528326046594655,1.169451093010802,1.19717,1.22942,34.83366394874255,0.0027254803400878005,GBPCHF_merged,22.316852475649192
2022-06-29 12:00:00,2022-07-07 20:00:00,1.5,15.0,0.1465180194806444,2093.114564009206,1,1.15948,1.1511707558243318,1.1719438662635024,1.20768,1.22942,34.96909461978276,0.0027254803400878005,GBPCHF_merged,22.353481980519355
2022-07-07 16:00:00,2022-07-08 03:00:00,-1.1,15.0,0.24534708502825667,3504.958357546524,1,1.3191,1.3134547118163622,1.3275679322754566,1.33889,1.37143,28.415091826545055,0.002392760309145586,EURCAD_merged,-16.745347085028257
2022-07-07 16:00:00,2022-07-08 03:00:00,-1.1,15.0,0.21029750145279139,3004.250020754163,1,1.3191,1.3125138304524224,1.3283206373666083,1.33889,1.37143,29.175539164278145,0.002392760309145586,EURCAD_merged,-16.710297501452793
2022-07-07 16:00:00,2022-07-08 03:00:00,-1.1,15.0,0.20304586347166065,2900.655192452295,1,1.3191,1.3122786101114376,1.3293320848328434,1.33889,1.37143,28.415091826545055,0.002392760309145586,EURCAD_merged,-16.70304586347166
2022-07-05 09:00:00,2022-07-08 10:00:00,1.5,30.0,0.24642991059829528,3520.4272942613616,1,0.67842,0.6726387131564465,0.6870919302653303,0.685,0.72826,26.38482484534914,0.0019423030706237096,AUDUSD_merged,44.753570089401705
2022-07-05 11:00:00,2022-07-08 10:00:00,1.5,60.0,0.6689021944566356,9555.745635094794,1,0.6137,0.6098466115354969,0.6194800826967547,0.61962,0.65758,34.80368579508114,0.0016223229178136988,NZDUSD_merged,89.33109780554337
2022-07-11 10:00:00,2022-07-12 07:00:00,1.3,60.0,0.9637523945813276,13767.891351161823,-1,137.438,138.0369501071494,136.65936486070575,131.492,137.002,70.2089770096354,0.2591692979174689,USDJPY_merged,77.03624760541867
2022-07-11 10:00:00,2022-07-12 07:00:00,1.4,60.0,1.1083152537685266,15833.075053836095,-1,137.438,137.95882618012993,136.7088433478181,126.359,131.345,65.94794920296945,0.2591692979174689,USDJPY_merged,82.89168474623148
2022-07-11 10:00:00,2022-07-12 10:00:00,1.5,90.0,1.3853940672106586,19791.343817295125,-1,137.438,138.0629914161559,136.5005128757661,131.492,137.002,66.56407154924636,0.2591692979174689,USDJPY_merged,133.61460593278935
2022-07-11 10:00:00,2022-07-12 10:00:00,1.5,60.0,0.9637523945813276,13767.891351161823,-1,137.438,138.0369501071494,136.53957483927584,131.492,137.002,65.94794920296945,0.2591692979174689,USDJPY_merged,89.03624760541867
2022-07-11 14:00:00,2022-07-12 11:00:00,1.4,89.99999999999999,1.774155095400788,25345.07279143983,1,0.8761,0.8729889811187825,0.8804554264337044,0.8883,0.91305,28.71441039049307,0.0015194016234223876,AUDCAD_merged,124.22584490459919
2022-07-11 14:00:00,2022-07-12 23:00:00,1.3,90.0,1.5427435612180767,22039.193731686813,1,0.8761,0.8725223282865999,0.8807509732274201,0.8745,0.91305,21.048044336214563,0.0015194016234223876,AUDCAD_merged,115.45725643878193
2022-07-11 14:00:00,2022-07-13 03:00:00,1.5,90.0,1.4784625795006567,21120.893992866528,1,0.8761,0.8723667773425391,0.8816998339861915,0.8883,0.91305,27.56870030173109,0.0015194016234223876,AUDCAD_merged,133.52153742049936
2022-07-11 15:00:00,2022-07-13 03:00:00,-1.1,15.0,0.23867787204117166,3409.6838863024527,1,0.98613,0.9817917825894584,0.9926373261158121,1.02181,1.05136,31.64821871420963,0.0014170672937390291,EURCHF_merged,-16.738677872041173
2022-07-11 22:00:00,2022-07-13 03:00:00,1.5,30.0,0.5729219128689523,8184.598755270748,1,0.87683,0.8736160489210836,0.8816509266183745,0.8883,0.91305,32.32329838430089,0.0013442072626759782,AUDCAD_merged,44.42707808713105
2022-07-11 22:00:00,2022-07-13 04:00:00,1.4,15.0,0.24553796265812244,3507.685180830321,1,0.87683,0.873080390407931,0.8820794534288967,0.8883,0.91305,32.837708932957106,0.0013442072626759782,AUDCAD_merged,20.754462037341877
2022-07-11 11:00:00,2022-07-13 08:00:00,1.3,90.0,0.918667226060319,13123.817515147417,1,0.6736,0.6689806123919333,0.6796052038904866,0.685,0.72826,30.21816858917347,0.0020063987237536147,AUDUSD_merged,116.08133277393968
2022-07-12 07:00:00,2022-07-13 10:00:00,-1.1,30.0,0.5232201675586562,7474.573822266518,1,1.30723,1.301983292838827,1.3145753900256416,1.33889,1.37143,45.5126796553695,0.002061407987123623,EURCAD_merged,-33.523220167558655
2022-07-11 16:00:00,2022-07-13 10:00:00,-1.1,15.0,0.20348871974641375,2906.981710663054,1,1.54611,1.5381320860300116,1.5580768709549828,1.54818,1.60015,33.682063874928296,0.0025614971811869186,GBPCAD_merged,-16.703488719746414
2022-07-11 11:00:00,2022-07-13 10:00:00,-1.2857082430413858,60.00000000000001,0.9883076316603354,14118.680452290508,1,0.79581,0.7924280550539867,0.8008829174190198,0.80284,0.8267,33.94341586379834,0.0014092048898265502,NZDCAD_merged,-78.13080221414349
2022-07-11 15:00:00,2022-07-13 10:00:00,-1.1,90.0,1.9882468444434722,28403.526349192463,1,1.30707,1.3029283910126588,1.3128682525822777,1.33889,1.37143,27.820574975997534,0.0020714613155513087,EURCAD_merged,-100.98824684444348
2022-07-11 15:00:00,2022-07-13 10:00:00,-1.1,90.0,1.7289102995160628,24698.718564515184,1,1.30707,1.3023071496645575,1.3132617054360751,1.33889,1.37143,19.3247181181881,0.0020714613155513087,EURCAD_merged,-100.72891029951607
2022-07-14 05:00:00,2022-07-14 07:00:00,1.4,30.0,0.34288793962719377,4898.39913753134,-1,106.484,107.13615592080353,105.57098171087505,101.656,106.422,56.52945095994782,0.24984762679709116,CADJPY_merged,41.6571120603728
2022-07-14 05:00:00,2022-07-14 07:00:00,1.5,30.0,0.40003592956505923,5714.798993786561,-1,106.484,107.04299078926017,105.64551381610973,101.656,106.422,56.280364320793055,0.24984762679709116,CADJPY_merged,44.59996407043494
2022-07-14 05:00:00,2022-07-14 09:00:00,1.5,30.0,0.3200287436520474,4571.839195029249,-1,106.484,107.18273848657522,105.43589227013717,101.656,106.422,55.91433420872648,0.24984762679709116,CADJPY_merged,44.679971256347955
2022-07-11 11:00:00,2022-07-14 09:00:00,-1.1,90.0,0.918667226060319,13123.817515147417,1,0.6736,0.6689806123919333,0.6805290814121,0.685,0.72826,36.23949043354718,0.0020063987237536147,AUDUSD_merged,-99.91866722606034
2022-07-14 06:00:00,2022-07-18 04:00:00,1.3,90.0,1.3206158179314822,18865.94025616403,-1,138.843,139.50535076706115,137.9819440028205,131.492,137.002,76.72789116636024,0.29262298049052543,USDJPY_merged,115.67938418206852
2022-07-14 12:00:00,2022-07-18 04:00:00,1.4,90.0,1.332329560152217,19033.27943074596,-1,138.925,139.58191517037272,138.0053187614782,126.359,131.345,64.88320451502554,0.32292490053018813,USDJPY_merged,124.66767043984777
2022-07-14 12:00:00,2022-07-19 02:00:00,1.5,90.0,1.1102746334601807,15861.066192288297,-1,138.925,139.71329820444728,137.74255269332912,131.492,137.002,65.05168774397838,0.32292490053018813,USDJPY_merged,133.8897253665398
2022-07-14 12:00:00,2022-07-19 02:00:00,1.5,60.0,0.7723649624070823,11033.785177244034,-1,138.925,139.68045244592864,137.7918213311071,131.492,137.002,64.88320451502554,0.32292490053018813,USDJPY_merged,89.22763503759292
2022-07-19 09:00:00,2022-07-19 15:00:00,1.3,90.0,1.733382343743565,24762.60491062236,-1,0.89228,0.8955230029187096,0.8880640962056775,0.8745,0.89016,69.31400493098324,0.0014292868926467177,AUDCAD_merged,115.26661765625643
2022-07-19 15:00:00,2022-07-20 06:00:00,-1.1,90.0,1.7135085319004186,24478.693312863128,1,1.73963,1.7332339600644153,1.74794485191626,1.74371,1.78181,26.388757623693863,0.0027372521479068226,GBPAUD_merged,-100.71350853190043
2022-07-20 03:00:00,2022-07-22 07:00:00,-1.1,15.0,0.22178292875161135,3168.327553594448,1,1.91934,1.9102531554383202,1.9329702668425197,1.92425,1.9633,34.85737092999186,0.003208866485266959,GBPNZD_merged,-16.72178292875161
2022-07-20 03:00:00,2022-07-22 07:00:00,-1.1,29.999999999999996,0.428780328919782,6125.4332702826005,1,1.91934,1.9099398159706762,1.933440276043986,1.92425,1.9633,34.07024592304781,0.003208866485266959,GBPNZD_merged,-33.428780328919785
2022-07-20 03:00:00,2022-07-22 07:00:00,-1.1,30.0,0.45940749527119495,6562.964218159928,1,1.91934,1.9105664949059644,1.93162290713165,1.92425,1.9633,35.59373703572508,0.003208866485266959,GBPNZD_merged,-33.45940749527119
2022-07-20 03:00:00,2022-07-22 07:00:00,-1.1,30.0,0.5359754111497275,7656.79158785325,1,1.91934,1.9118198527765409,1.9306202208351888,1.92268,1.9633,34.85737092999186,0.003208866485266959,GBPNZD_merged,-33.53597541114973
2022-07-19 15:00:00,2022-07-22 10:00:00,1.3,90.0,1.3004961072096772,18578.515817281106,-1,95.292,95.75362352710773,94.69188941475996,91.421,95.318,75.81097350888201,0.19615546125467245,AUDJPY_merged,115.69950389279032
2022-07-26 09:00:00,2022-07-26 10:00:00,-1.1,90.0,1.6881363148359707,24116.233069085298,1,0.97817,0.9745195418315203,0.9829155956190234,0.98052,1.05136,22.607414776443637,0.001597358887895487,EURCHF_merged,-100.68813631483599
2022-07-26 09:00:00,2022-07-26 10:00:00,-1.1,90.0,1.9413567620613659,27733.66802944809,1,0.97817,0.9749956885491482,0.9826140360311926,0.98052,1.05136,31.089694664961186,0.001597358887895487,EURCHF_merged,-100.94135676206137
2022-07-26 14:00:00,2022-07-27 14:00:00,-1.1,90.0,1.7658476955250637,25226.395650358056,1,0.84099,0.8379896070366507,0.845490589445024,0.84029,0.86783,30.46530078895528,0.0012158663251053841,EURGBP_merged,-100.76584769552508
2022-07-26 14:00:00,2022-07-27 14:00:00,-1.1,90.0,1.8426236822870234,26323.19546124319,1,0.84099,0.8381146234101235,0.8447279895668394,0.84029,0.86783,27.94662752469985,0.0012158663251053841,EURGBP_merged,-100.84262368228704
2022-07-26 12:00:00,2022-07-28 06:00:00,-1.1,60.0,0.9516169130108711,13594.527328726732,1,1.45784,1.45140576378973,1.4674913543154051,1.47587,1.53972,34.981473367098424,0.002769815861289157,EURAUD_merged,-66.95161691301087
2022-07-28 15:00:00,2022-07-28 23:00:00,-1.1,90.0,1.088923197288582,15556.045675551173,1,136.715,135.92403099305383,137.90145351041926,136.861,144.273,29.850984449874026,0.3154582467351264,EURJPY_merged,-100.0889231972886
2022-07-28 15:00:00,2022-07-28 23:00:00,-1.1,60.0,0.8711385578308656,12444.836540440938,1,136.715,136.05585916087819,137.63779717477053,136.861,144.273,30.470509596463252,0.3154582467351264,EURJPY_merged,-66.87113855783086
2022-08-01 23:00:00,2022-08-02 08:00:00,-1.1,90.0,1.0447530708022819,14925.043868604025,1,134.257,133.44741242984767,135.4713813552285,136.861,142.322,31.02026679953162,0.33816185749941097,EURJPY_merged,-100.0447530708023
2022-08-02 07:00:00,2022-08-02 11:00:00,1.5,15.0,0.15957168943142913,2279.5955633061308,1,101.763,101.09338780011215,102.76741829983177,103.361,107.641,35.2791775878903,0.27729043448041873,CADJPY_merged,22.34042831056857
2022-08-02 07:00:00,2022-08-02 12:00:00,1.5,15.0,0.13205932918463095,1886.5618454947282,1,101.763,100.95388525846886,102.97667211229674,103.361,107.641,35.2791775878903,0.27729043448041873,CADJPY_merged,22.36794067081537
2022-08-02 10:00:00,2022-08-02 13:00:00,1.5,30.0,0.36767875852824894,5252.553693260699,1,137.682,136.8956282194888,138.86155767076676,138.668,143.109,43.47627132667674,0.34403670079301796,CHFJPY_merged,44.63232124147175
2022-08-02 10:00:00,2022-08-02 14:00:00,1.4,15.0,0.15757661079782098,2251.0944399688715,1,137.682,136.76456625607028,138.96640724150157,138.668,143.747,42.596587546685285,0.34403670079301796,CHFJPY_merged,20.842423389202178
2022-08-02 10:00:00,2022-08-02 18:00:00,1.5,30.0,0.30428586912682665,4346.940987526095,1,137.682,136.73180076521564,139.1072988521765,138.668,143.109,43.47627132667674,0.34403670079301796,CHFJPY_merged,44.69571413087317
2022-08-02 10:00:00,2022-08-02 19:00:00,1.5,15.0,0.14707150341129957,2101.02147730428,1,137.682,136.69903527436102,139.15644708845846,138.668,143.747,44.58552635128671,0.34403670079301796,CHFJPY_merged,22.3529284965887
2022-08-10 17:00:00,2022-08-11 07:00:00,-1.1,30.0,0.34868862975497733,4981.26613935682,-1,0.63988,0.6437337190069669,0.6340994214895497,0.60601,0.6352,70.75059538791284,0.0015424508062669587,NZDUSD_merged,-33.348688629754974
2022-08-10 21:00:00,2022-08-11 08:00:00,-1.1,30.0,0.4917600544087245,7025.14363441035,1,0.94262,0.9385946588153036,0.948255477658575,0.94948,0.98855,35.351538494877104,0.0014035060051289258,USDCHF_merged,-33.49176005440872
2022-08-10 20:00:00,2022-08-11 09:00:00,-1.1,30.0,0.44371120634586,6338.731519226571,1,0.94236,0.9378999909407348,0.9490500135888977,0.94948,0.98855,32.181436117173625,0.0014376218516772993,USDCHF_merged,-33.44371120634586
2022-08-10 20:00:00,2022-08-11 09:00:00,-1.1,30.0,0.4590115927715792,6557.308468165418,1,0.94236,0.938048657909377,0.9488270131359344,0.94948,0.98855,32.380688818722234,0.0014376218516772993,USDCHF_merged,-33.45901159277158
2022-08-10 16:00:00,2022-08-11 10:00:00,-1.1,30.0,0.5958183712462155,8511.69101780308,1,1.27763,1.2731269112577241,1.2843846331134139,1.27668,1.32233,32.0961836612147,0.001788695049094832,USDCAD_merged,-33.59581837124622
2022-08-11 12:00:00,2022-08-12 01:00:00,-1.1,30.000000000000004,0.5726590832130964,8180.844045901378,1,1.71789,1.711590319953438,1.727339520069843,1.72072,1.76519,31.733835135103323,0.002549519065634075,GBPAUD_merged,-33.572659083213104
2022-08-11 12:00:00,2022-08-12 03:00:00,-1.1,30.0,0.4908506427540826,7012.152039344038,1,1.71789,1.710540373279011,1.7281794774093844,1.72072,1.78181,32.2641271846583,0.002549519065634075,GBPAUD_merged,-33.49085064275408
2022-08-11 12:00:00,2022-08-12 03:00:00,-1.1,30.0,0.4581272665704771,6544.675236721102,1,1.71789,1.7100153999417975,1.7297019000873035,1.72072,1.78181,31.187787824768932,0.002549519065634075,GBPAUD_merged,-33.45812726657048
2022-08-11 12:00:00,2022-08-12 03:00:00,-1.1,30.0,0.4739247585211831,6770.353693159759,1,1.71789,1.7102778866104043,1.7293081700843935,1.72072,1.78181,31.733835135103323,0.002549519065634075,GBPAUD_merged,-33.473924758521186
2022-08-12 05:00:00,2022-08-12 08:00:00,-1.1,30.0,0.5365098047841386,7664.425782630551,1,1.88895,1.8815562954215794,1.9000405568676306,1.90649,1.95373,29.213344406915926,0.003203516652365119,GBPNZD_merged,-33.53650980478414
2022-08-12 05:00:00,2022-08-12 09:00:00,-1.1,30.000000000000004,0.4440081143041147,6342.973061487353,1,1.88895,1.880015940301075,1.902351089548387,1.90649,1.9633,29.213344406915926,0.003203516652365119,GBPNZD_merged,-33.44400811430412
2022-08-12 05:00:00,2022-08-12 09:00:00,-1.1,30.0,0.4292078438273108,6131.540626104441,1,1.88895,1.8797078692769742,1.9028131960845385,1.90649,1.9633,29.098189799172747,0.003203516652365119,GBPNZD_merged,-33.429207843827314
2022-08-12 05:00:00,2022-08-12 10:00:00,-1.1,30.000000000000004,0.49835535122365,7119.362160337858,1,1.59799,1.5912562928334966,1.608090560749755,1.63632,1.6548,37.85065173514611,0.0027974462251352415,EURNZD_merged,-33.49835535122366
2022-08-14 18:00:00,2022-08-15 04:00:00,1.5,60.00000000000001,1.0362521556341655,14803.602223345222,1,1.70345,1.696545802058311,1.7138062969125332,1.72072,1.78181,32.801529152649714,0.002481086052090679,GBPAUD_merged,88.96374784436586
2022-08-14 18:00:00,2022-08-15 05:00:00,1.5,90.00000000000001,1.4148829897545596,20212.61413935085,1,1.44097,1.4345538432819278,1.4505942350771086,1.45102,1.48055,33.56415707968869,0.0021252389841652577,EURAUD_merged,133.58511701024548
2022-08-14 21:00:00,2022-08-15 05:00:00,1.5,60.0,1.0507696310504946,15010.99472929278,1,1.70516,1.6983443557442366,1.7153834663836451,1.72072,1.78181,32.59316259608896,0.002397349145934111,GBPAUD_merged,88.9492303689495
2022-08-14 21:00:00,2022-08-15 05:00:00,1.5,15.0,0.2342238771386268,3346.0553876946688,1,1.88235,1.8739116310166781,1.8950075534749828,1.90649,1.9633,35.548544330695414,0.002897655093181919,GBPNZD_merged,22.26577612286137
2022-08-14 21:00:00,2022-08-15 05:00:00,1.5,60.0,1.0224130570753152,14605.900815361647,1,1.44171,1.435787558029901,1.4505936629551484,1.45102,1.53972,33.07529352308673,0.002049205556928231,EURAUD_merged,88.97758694292469
2022-08-14 18:00:00,2022-08-15 05:00:00,1.5,60.0,1.000519322681263,14293.1331811609,1,1.70345,1.6962992235603935,1.7141761646594094,1.72072,1.76519,32.801529152649714,0.002481086052090679,GBPAUD_merged,88.99948067731874
2022-08-12 10:00:00,2022-08-15 06:00:00,1.4,15.0,0.18801258245367217,2685.89403505246,1,1.88295,1.8724342277351986,1.8976720811707217,1.90649,1.9633,30.67586733019448,0.003499167605771856,GBPNZD_merged,20.811987417546327
2022-08-12 10:00:00,2022-08-15 06:00:00,1.4,15.0,0.18801258245367217,2685.89403505246,1,1.88295,1.8724342277351986,1.8976720811707217,1.90649,1.95373,30.78630730021125,0.003499167605771856,GBPNZD_merged,20.811987417546327
2022-08-12 10:00:00,2022-08-15 06:00:00,1.5,15.0,0.20144205262893447,2877.7436089847783,1,1.88295,1.8731352792195186,1.8976720811707217,1.90649,1.95373,30.67586733019448,0.003499167605771856,GBPNZD_merged,22.298557947371066
2022-08-12 11:00:00,2022-08-15 06:00:00,1.5,15.0,0.2018505054844895,2883.5786497784215,1,1.88349,1.873692330703839,1.8981865039442418,1.90649,1.9633,32.3268291710814,0.0033763699196453028,GBPNZD_merged,22.29814949451551
2022-08-12 11:00:00,2022-08-15 08:00:00,1.5,15.0,0.1948901432264036,2784.1449032343376,1,1.88349,1.8733424139432617,1.8987113790851078,1.90649,1.9633,32.3268291710814,0.0033763699196453028,GBPNZD_merged,22.305109856773598
2022-08-12 10:00:00,2022-08-15 08:00:00,1.5,15.0,0.18801258245367217,2685.89403505246,1,1.88295,1.8724342277351986,1.8987236583972018,1.90649,1.95373,30.636665517056517,0.003499167605771856,GBPNZD_merged,22.311987417546327
2022-08-12 12:00:00,2022-08-15 08:00:00,1.5,60.0,0.8742961555103969,12489.945078719957,1,1.70722,1.6990187469637057,1.7195218795544414,1.72072,1.76519,31.76283817246361,0.0027370545112339237,GBPAUD_merged,89.1257038444896
2022-08-12 12:00:00,2022-08-16 03:00:00,-1.1,59.99999999999999,0.9128840735469173,13041.201050670248,1,1.14393,1.1386670031538257,1.1518244952692611,1.15246,1.17759,36.244202716243734,0.0018689530357210065,GBPCHF_merged,-66.91288407354692
2022-08-15 11:00:00,2022-08-16 05:00:00,1.4,60.0,0.8127830634379539,11611.1866205422,1,0.73095,0.7271728666687339,0.7362379866637724,0.73565,0.75839,41.12028563912359,0.0013426841263442474,CADCHF_merged,83.18721693656205
2022-08-15 11:00:00,2022-08-16 05:00:00,1.5,30.0,0.43541949827033255,6220.278546719037,1,0.73095,0.727424675557485,0.7362379866637724,0.73565,0.75839,41.085862410433144,0.0013426841263442474,CADCHF_merged,44.564580501729665
2022-08-15 11:00:00,2022-08-16 08:00:00,1.5,90.0,1.2191745951569308,17416.7799308133,1,0.73095,0.7271728666687339,0.736615699996899,0.73738,0.75839,41.12133947015054,0.0013426841263442474,CADCHF_merged,133.78082540484306
2022-08-15 11:00:00,2022-08-16 09:00:00,1.5,60.0,0.7043919153930885,10062.741648472695,1,135.569,134.76065767301253,136.78151349048116,136.861,142.322,34.03827836126179,0.28450128190910634,EURJPY_merged,89.29560808460691
2022-08-15 12:00:00,2022-08-16 12:00:00,1.5,90.0,1.1859186436250344,16941.694908929065,1,0.73297,0.7290762160336017,0.7388106759495975,0.73565,0.75839,40.89817551142236,0.0012896352601768045,CADCHF_merged,133.81408135637497
2022-08-12 12:00:00,2022-08-17 02:00:00,1.5,60.0,0.8520251353104562,12171.787647292233,1,1.14393,1.1382910748076704,1.152388387788494,1.15246,1.17156,36.414265627701106,0.0018689530357210065,GBPCHF_merged,89.14797486468954
2022-08-12 12:00:00,2022-08-17 02:00:00,1.4,60.0,0.8520251353104562,12171.787647292233,1,1.14393,1.1382910748076704,1.1518244952692611,1.15246,1.17759,36.244202716243734,0.0018689530357210065,GBPCHF_merged,83.14797486468954
2022-08-12 12:00:00,2022-08-17 02:00:00,1.4,60.0,0.8520251353104562,12171.787647292233,1,1.14393,1.1382910748076704,1.1518244952692611,1.15246,1.17759,36.095360722992076,0.0018689530357210065,GBPCHF_merged,83.14797486468954
2022-08-12 12:00:00,2022-08-17 02:00:00,1.5,59.99999999999999,0.881405312390127,12591.5044627161,1,1.14393,1.1384790389807482,1.1521064415288775,1.15246,1.17759,36.970895933246965,0.0018689530357210065,GBPCHF_merged,89.11859468760986
2022-08-19 09:00:00,2022-08-21 17:00:00,-1.1,90.00000000000001,1.0667601691966904,15239.43098852415,1,0.59411,0.590601345376329,0.5993729819355065,0.59381,0.60732,32.02327565331068,0.0012213179829488492,NZDCHF_merged,-100.06676016919671
2022-08-17 13:00:00,2022-08-21 17:00:00,-1.1,90.0,1.0302916829519957,14718.452613599939,1,0.66005,0.656013943930824,0.6661040841037641,0.65804,0.67251,34.205766650311574,0.0013673332241204068,AUDCHF_merged,-100.03029168295201
2022-08-19 10:00:00,2022-08-22 03:00:00,-1.1,60.0,0.9155047734178104,13078.639620254437,1,1.71837,1.710486748913218,1.730194876630173,1.72072,1.76519,36.50829808091097,0.0027672006155144177,GBPAUD_merged,-66.91550477341781
2022-08-19 10:00:00,2022-08-22 03:00:00,-1.1,90.0,1.3259034649499324,18941.47807071332,1,1.71837,1.7102052042315472,1.730617193652679,1.72072,1.76519,36.50829808091097,0.0027672006155144177,GBPAUD_merged,-100.32590346494995
2022-08-19 09:00:00,2022-08-22 03:00:00,-1.1,90.0,1.3985019608111942,19978.599440159916,1,1.00652,1.0019858082879471,1.0133212875680795,1.00966,1.03685,34.214734958473954,0.0015262974346830706,EURUSD_merged,-100.3985019608112
2022-08-19 10:00:00,2022-08-22 04:00:00,-1.1,89.99999999999999,1.2817066827849346,18310.095468356212,1,1.71837,1.7099236595498764,1.730194876630173,1.72072,1.76519,35.88730215100287,0.0027672006155144177,GBPAUD_merged,-100.28170668278491
2022-08-19 10:00:00,2022-08-22 04:00:00,-1.1,89.99999999999999,1.2817066827849346,18310.095468356212,1,1.71837,1.7099236595498764,1.7310395106751852,1.72072,1.76519,37.209331528732996,0.0027672006155144177,GBPAUD_merged,-100.28170668278491
2022-08-19 09:00:00,2022-08-22 09:00:00,-1.1,30.000000000000004,0.3714648184423002,5306.640263461432,1,1.18471,1.1780124855208827,1.194756271718676,1.2003,1.22931,27.39943182597868,0.00247968592419709,GBPUSD_merged,-33.371464818442305
2022-08-19 09:00:00,2022-08-22 10:00:00,-1.1,90.0,1.0401014916384406,14858.592737692008,1,1.18471,1.1775340916295172,1.194756271718676,1.2003,1.22766,26.725819539149903,0.00247968592419709,GBPUSD_merged,-100.04010149163845
2022-08-19 09:00:00,2022-08-22 11:00:00,-1.1,90.00000000000001,1.1949757419223193,17071.082027461704,-1,136.827,137.54836200741056,135.74495698888416,131.731,135.58,69.10905396913873,0.2494930022937422,USDJPY_merged,-100.19497574192235
2022-08-22 23:00:00,2022-08-23 02:00:00,-1.1,90.0,1.6039020392868872,22912.886275526962,1,0.99448,0.9905737614352149,1.0003393578471778,0.99521,1.0615,30.96761079098516,0.0013425791158726288,EURUSD_merged,-100.60390203928691
2022-08-19 14:00:00,2022-08-23 04:00:00,-1.1,15.0,0.2196407540992275,3137.7250585603933,1,1.53614,1.5287964311499709,1.5471553532750437,1.53499,1.57676,29.859393026549032,0.0023872951202471215,GBPCAD_merged,-16.719640754099228
2022-08-19 14:00:00,2022-08-23 04:00:00,-1.1,60.0,0.87856301639691,12550.900234241573,1,1.53614,1.5287964311499709,1.5464209963900408,1.53499,1.57676,26.779451813615626,0.0023872951202471215,GBPCAD_merged,-66.87856301639691
2022-08-19 14:00:00,2022-08-23 04:00:00,-1.1,29.999999999999996,0.470658758784059,6723.696554057986,1,1.53614,1.5292860024066395,1.5464209963900408,1.53499,1.57676,27.364500312512217,0.0023872951202471215,GBPCAD_merged,-33.47065875878406
2022-08-19 14:00:00,2022-08-23 04:00:00,-1.1,90.0,1.317844524595365,18826.35035136236,1,1.53614,1.5287964311499709,1.5464209963900408,1.53499,1.57676,27.364500312512217,0.0023872951202471215,GBPCAD_merged,-100.31784452459537
2022-08-19 09:00:00,2022-08-23 09:00:00,1.5,90.0,1.1978570052355315,17112.242931936165,1,1.13273,1.12677252847476,1.14166620728786,1.15246,1.17156,32.01167504849788,0.0021014063731663417,GBPCHF_merged,133.80214299476447
2022-08-19 09:00:00,2022-08-23 09:00:00,1.4,59.99999999999999,0.7453332477021085,10647.617824315837,1,1.13273,1.1263469947943856,1.14166620728786,1.15246,1.17156,28.62471339464006,0.0021014063731663417,GBPCHF_merged,83.25466675229788
2022-08-19 10:00:00,2022-08-23 09:00:00,1.4,60.0,0.7548344862064619,10783.349802949457,1,1.13301,1.126705780880501,1.1418359067672987,1.15246,1.17156,25.994922570487336,0.0021270202036544695,GBPCHF_merged,83.24516551379354
2022-08-19 10:00:00,2022-08-23 09:00:00,1.5,30.0,0.40437561761060464,5776.794537294352,1,1.13301,1.1271260621551342,1.1418359067672987,1.15246,1.17156,27.09372068338779,0.0021270202036544695,GBPCHF_merged,44.595624382389396
2022-08-19 14:00:00,2022-08-23 10:00:00,1.4,59.99999999999999,0.6016025328770561,8594.32189824366,1,0.61789,0.6135762914330012,0.6239291919937985,0.62118,0.6352,26.064063737636268,0.0014351955088330005,NZDUSD_merged,83.39839746712293
2022-08-23 10:00:00,2022-08-23 11:00:00,-1.1,15.000000000000002,0.2371722154127329,3388.1745058961847,1,1.29742,1.291676110490728,1.306035834263908,1.29663,1.32724,40.55484496983243,0.0023012898882789823,EURCAD_merged,-16.737172215412738
2022-08-22 14:00:00,2022-08-23 16:00:00,-1.1,60.0,0.9255912014259161,13222.73144894166,1,1.29649,1.2906069946390897,1.3047262075052741,1.29663,1.32724,31.777344864042156,0.0018923588021864902,EURCAD_merged,-66.92559120142592
2022-08-22 09:00:00,2022-08-24 10:00:00,1.4,60.0,1.0763925715068385,15377.03673581198,1,0.95885,0.9551086419614896,0.9640879012539145,0.96987,0.99499,29.44317676826984,0.0012966108214436936,EURCHF_merged,82.92360742849316
2022-08-22 07:00:00,2022-08-24 23:00:00,-1.1,15.0,0.23363157216516164,3337.593888073738,1,1.70852,1.7008414744335505,1.7200377883496745,1.72072,1.76519,28.522211782003033,0.0026907355194858186,GBPAUD_merged,-16.733631572165162
2022-08-22 08:00:00,2022-08-25 00:00:00,-1.1,60.0,0.8888870655177022,12698.38665025289,1,1.7084,1.7003277934415424,1.7197010891818403,1.72072,1.76519,37.1741423706728,0.0027628258395225487,GBPAUD_merged,-66.88888706551771
2022-08-23 04:00:00,2022-08-25 08:00:00,-1.1,90.0,1.631387870679862,23305.541009712317,1,1.29302,1.2880266896129335,1.3005099655805998,1.29663,1.37143,31.285931701978388,0.0018009447712210203,EURCAD_merged,-100.63138787067987
2022-08-25 10:00:00,2022-08-30 04:00:00,-1.1,60.0,1.0989155512648483,15698.793589497833,1,1.69686,1.6903746863725815,1.705939439078386,1.70197,1.76519,30.414420623348555,0.0021773589799152443,GBPAUD_merged,-67.09891555126485
2022-08-29 16:00:00,2022-08-30 09:00:00,1.4,60.0,0.8738658118701766,12483.797312431096,-1,106.63,107.14248829501815,105.91251638697459,102.586,105.085,65.3953934933316,0.1646987579818085,CADJPY_merged,83.12613418812983
2022-08-29 03:00:00,2022-08-31 02:00:00,1.4,60.0,0.9418372012326849,13454.817160466928,-1,143.081,143.71905103388724,142.18772855255781,137.166,142.418,68.94201141078108,0.22392055810796038,CHFJPY_merged,83.05816279876731
2022-08-29 03:00:00,2022-08-31 02:00:00,1.4,90.0,1.4127558018490274,20182.225740700393,-1,143.081,143.71905103388724,142.18772855255781,137.166,143.109,68.10369763982428,0.22392055810796038,CHFJPY_merged,124.58724419815096
2022-08-29 11:00:00,2022-08-31 10:00:00,-1.1,90.0,1.044476104169373,14921.087202419616,-1,138.487,139.32231647733946,137.31755693172477,134.943,138.393,73.11554039115623,0.28962176679554424,EURJPY_merged,-100.04447610416939
2022-08-29 11:00:00,2022-08-31 10:00:00,-1.1,15.0,0.18651359003024517,2664.4798575749314,-1,138.487,139.2666287121835,137.31755693172477,134.943,138.393,73.11554039115623,0.28962176679554424,EURJPY_merged,-16.686513590030245
2022-08-29 11:00:00,2022-08-31 10:00:00,-1.1,15.0,0.18651359003024517,2664.4798575749314,-1,138.487,139.2666287121835,137.31755693172477,134.943,138.393,69.72739318566077,0.28962176679554424,EURJPY_merged,-16.686513590030245
2022-08-29 11:00:00,2022-08-31 10:00:00,-1.1,15.0,0.1740793506948955,2486.847867069936,-1,138.487,139.32231647733946,137.2340252839908,134.943,138.393,69.72739318566077,0.28962176679554424,EURJPY_merged,-16.674079350694896
2022-08-29 11:00:00,2022-08-31 10:00:00,-1.1,90.0,1.044476104169373,14921.087202419616,-1,138.487,139.32231647733946,137.31755693172477,134.943,138.393,74.0725869494895,0.28962176679554424,EURJPY_merged,-100.04447610416939
2022-09-01 06:00:00,2022-09-02 10:00:00,1.4,60.0,0.983094499760609,14044.207139437272,-1,1.31684,1.322465835564482,1.308963830209725,1.27272,1.29841,66.0559042109992,0.0018727586271016152,USDCAD_merged,83.01690550023939
2022-09-01 06:00:00,2022-09-02 10:00:00,1.5,15.000000000000002,0.2633288838644489,3761.841198063556,-1,1.31684,1.3220907798601833,1.308963830209725,1.27272,1.29841,65.82016335339357,0.0018727586271016152,USDCAD_merged,22.236671116135554
2022-09-01 06:00:00,2022-09-02 10:00:00,1.4,90.0,1.4746417496409134,21066.310709155907,-1,1.31684,1.322465835564482,1.308963830209725,1.27272,1.29841,65.82016335339357,0.0018727586271016152,USDCAD_merged,124.52535825035908
2022-08-19 09:00:00,2022-09-04 17:00:00,-1.1,90.0,1.1565515912618922,16522.165589455606,1,1.13273,1.1265597616345728,1.141985357548141,1.15246,1.17156,32.01167504849788,0.0021014063731663417,GBPCHF_merged,-100.1565515912619
2022-09-02 10:00:00,2022-09-05 01:00:00,1.4,90.0,1.0135207587564845,14478.867982235492,-1,140.124,140.9950045575022,138.9045936194969,134.943,138.393,61.19343327200152,0.30938236303640076,EURJPY_merged,124.9864792412435
2022-09-02 10:00:00,2022-09-05 01:00:00,1.5,30.0,0.36197169955588737,5171.02427936982,-1,140.124,140.93693758700206,138.9045936194969,134.943,138.393,61.08174371223034,0.30938236303640076,EURJPY_merged,44.63802830044411
2022-09-02 10:00:00,2022-09-05 01:00:00,1.4,90.0,1.0135207587564845,14478.867982235492,-1,140.124,140.9950045575022,138.9045936194969,134.943,138.393,61.08174371223034,0.30938236303640076,EURJPY_merged,124.9864792412435
2022-09-02 10:00:00,2022-09-06 07:00:00,-1.1,90.0,1.0310442784065046,14729.203977235784,-1,95.627,96.21131059908609,94.80896516127946,90.52,95.147,66.59070142429407,0.21914375685998327,AUDJPY_merged,-100.03104427840651
2022-09-06 21:00:00,2022-09-06 23:00:00,-1.1,30.0,0.4413088958399249,6304.412797713213,-1,145.241,145.93213970480812,144.20429044278785,137.166,143.109,71.59680379889541,0.2483473510843233,CHFJPY_merged,-33.441308895839924
2022-09-06 21:00:00,2022-09-06 23:00:00,-1.1,90.0,1.2356649083517897,17652.355833596997,-1,145.241,145.98150682658013,144.20429044278785,137.166,143.109,71.59680379889541,0.2483473510843233,CHFJPY_merged,-100.23566490835181
2022-09-06 14:00:00,2022-09-06 23:00:00,-1.1,90.0,1.0086602155958087,14409.431651368697,-1,141.498,142.3817836431106,140.26070289964514,134.943,138.393,69.54105828352378,0.28362350858185575,EURJPY_merged,-100.00866021559582
2022-09-06 14:00:00,2022-09-06 23:00:00,-1.1,30.0,0.3602357912842174,5146.2255897745345,-1,141.498,142.3228647335699,140.26070289964514,134.943,138.393,69.54105828352378,0.28362350858185575,EURJPY_merged,-33.36023579128422
2022-09-06 18:00:00,2022-09-06 23:00:00,-1.1,90.0,1.1600070284927246,16571.528978467497,-1,108.535,109.1244537560591,107.70976474151725,102.586,105.085,77.53456426488671,0.22480711497067624,CADJPY_merged,-100.16000702849274
2022-09-06 14:00:00,2022-09-06 23:00:00,-1.1,90.0,1.0086602155958087,14409.431651368697,-1,141.498,142.3817836431106,140.26070289964514,134.943,138.393,70.35448873890466,0.28362350858185575,EURJPY_merged,-100.00866021559582
2022-09-06 21:00:00,2022-09-07 00:00:00,-1.1,15.000000000000002,0.16564242035959378,2366.32029085134,-1,108.603,109.29142962903128,107.57035555645307,102.586,107.641,66.77252081271584,0.22679964708111383,CADJPY_merged,-16.665642420359596
2022-09-07 01:00:00,2022-09-07 13:00:00,1.1,15.0,0.18561514324691808,2651.6449035274013,1,0.67148,0.6676815275927024,0.6756583196480273,0.68689,0.70084,28.951899642742593,0.001433025859749125,AUDUSD_merged,16.314384856753083
2022-09-07 01:00:00,2022-09-07 15:00:00,1.2,15.000000000000002,0.16641357670413343,2377.336810059049,1,0.67148,0.6672432423149374,0.6765641092220751,0.68689,0.70084,32.26727915756876,0.001433025859749125,AUDUSD_merged,17.833586423295866
2022-09-07 03:00:00,2022-09-07 18:00:00,1.4,15.0,0.22309801410669838,3187.1144872385485,1,0.67246,0.6692950995734892,0.676890860597115,0.68689,0.71363,41.13064103518337,0.0015880171953959257,AUDUSD_merged,20.7769019858933
2022-09-07 03:00:00,2022-09-07 18:00:00,1.1,15.0,0.16732351058002382,2390.335865428912,1,0.67246,0.6682401327646522,0.6771018539588824,0.68689,0.71363,41.548191340825944,0.0015880171953959257,AUDUSD_merged,16.332676489419978
2022-09-07 09:00:00,2022-09-07 23:00:00,-1.1,60.00000000000001,1.2347681672668824,17639.54524666975,1,0.88485,0.8818402285315421,0.8890636800558411,0.8912,0.91054,39.2447017539353,0.001510851329590264,AUDCAD_merged,-67.23476816726689
2022-09-07 05:00:00,2022-09-07 23:00:00,-1.1,60.0,0.9462605548704226,13518.007926720324,1,0.88591,0.8819778673745314,0.8906285591505623,0.8912,0.91054,41.998626503291725,0.0013297715303224502,AUDCAD_merged,-66.94626055487042
2022-09-07 05:00:00,2022-09-07 23:00:00,-1.1,60.0,0.9462605548704226,13518.007926720324,1,0.88591,0.8819778673745314,0.8918081989382028,0.8912,0.91054,44.10074676980897,0.0013297715303224502,AUDCAD_merged,-66.94626055487042
2022-09-07 12:00:00,2022-09-07 23:00:00,-1.1,59.99999999999999,0.7680929930191857,10972.757043131225,-1,1.47704,1.4851165845495025,1.4673480985405967,1.42829,1.47142,65.81965291187069,0.0028082413582151446,EURAUD_merged,-66.76809299301918
2022-09-07 11:00:00,2022-09-08 03:00:00,-1.1,29.999999999999996,0.45816605869859167,6545.229409979882,1,1.12578,1.1206199975181155,1.1330040034746385,1.15246,1.17156,37.90119821433176,0.002430205179064591,GBPCHF_merged,-33.458166058698595
2022-09-07 11:00:00,2022-09-08 05:00:00,-1.1,60.0,0.7401144025131097,10573.062893044425,1,1.12578,1.119391425498619,1.1347240043019333,1.15246,1.17156,35.58584665019563,0.002430205179064591,GBPCHF_merged,-66.74011440251311
2022-09-07 11:00:00,2022-09-08 05:00:00,-1.1,60.0,0.7401144025131097,10573.062893044425,1,1.12578,1.119391425498619,1.132807431951519,1.15246,1.17156,35.58584665019563,0.002430205179064591,GBPCHF_merged,-66.74011440251311
2022-09-07 11:00:00,2022-09-08 05:00:00,-1.1,60.0,0.6872490880478878,9817.844114969826,1,1.12578,1.1188999966908206,1.1333480036400974,1.15246,1.17156,37.16462843567366,0.002430205179064591,GBPCHF_merged,-66.68724908804789
2022-09-07 03:00:00,2022-09-08 20:00:00,1.2,15.0,0.1615537343531264,2307.9104907589485,1,0.67246,0.6680894232205327,0.6777046921353607,0.68689,0.71363,40.90559021571089,0.0015880171953959257,AUDUSD_merged,17.838446265646873
2022-09-07 03:00:00,2022-09-08 20:00:00,1.5,15.0,0.1615537343531264,2307.9104907589485,1,0.67246,0.6680894232205327,0.6790158651692009,0.68689,0.71363,42.27018749094106,0.0015880171953959257,AUDUSD_merged,22.338446265646873
2022-09-07 03:00:00,2022-09-08 20:00:00,1.4,15.0,0.1561686098746889,2230.9801410669843,1,0.67246,0.6679387136764131,0.6787898008530215,0.68689,0.71363,41.548191340825944,0.0015880171953959257,AUDUSD_merged,20.84383139012531
2022-09-07 03:00:00,2022-09-08 20:00:00,1.4,15.0,0.18019454985541025,2574.2078550772894,1,0.67246,0.6685415518528913,0.677945827405952,0.68689,0.71363,43.47614567131942,0.0015880171953959257,AUDUSD_merged,20.81980545014459
2022-09-08 07:00:00,2022-09-08 23:00:00,-1.1,30.0,0.5587657322335671,7982.367603336674,-1,0.86732,0.8705796343958305,0.8637344021645863,0.83864,0.8584,51.68108826647912,0.0013191551413680677,EURGBP_merged,-33.55876573223357
2022-09-08 07:00:00,2022-09-09 16:00:00,-1.1,30.0,0.34157455410883075,4879.636487269011,1,0.58912,0.5854980908585894,0.5945528637121158,0.58921,0.6087,44.531858877868856,0.0012754388876437784,NZDCHF_merged,-33.34157455410883
2022-09-08 11:00:00,2022-09-11 17:00:00,-1.3584128498819927,60.0,0.5812879453563227,8304.113505090325,1,0.5884,0.5841486130243332,0.5930765256732335,0.58921,0.6087,38.552973729401344,0.0014941844562160601,NZDCHF_merged,-82.08605893827588
2022-09-08 11:00:00,2022-09-11 17:00:00,-1.27451865988986,60.0,0.5425354156659011,7750.505938084302,1,0.5884,0.5838449425260713,0.5947770804635003,0.58921,0.6087,38.552973729401344,0.0014941844562160601,NZDCHF_merged,-77.01365500905749
2022-09-07 22:00:00,2022-09-11 17:00:00,1.2,30.0,0.35793417852121645,5113.34540744595,-1,87.162,87.67337949652146,86.54834460417426,84.245,86.232,63.49919721368682,0.17338506046253493,NZDJPY_merged,35.64206582147878
2022-09-09 00:00:00,2022-09-12 02:00:00,-1.1,30.0,0.30529966469221137,4361.423781317306,-1,97.677,98.34887004678436,96.8707559438588,90.52,95.147,59.27990125641605,0.2442022317289762,AUDJPY_merged,-33.305299664692214
2022-09-08 07:00:00,2022-09-12 03:00:00,-1.1,30.0,0.5009623806231981,7156.605437474259,-1,0.86732,0.870955746056888,0.8629571047317344,0.83864,0.8584,56.329901965324446,0.0013191551413680677,EURGBP_merged,-33.5009623806232
2022-09-07 09:00:00,2022-09-12 07:00:00,1.5,30.0,0.41620593899605907,5945.79912851513,1,1.50782,1.500212174874684,1.519231737687974,1.53499,1.57676,32.099892309657406,0.002926003118943586,GBPCAD_merged,44.58379406100394
2022-09-08 02:00:00,2022-09-13 08:00:00,-1.1,15.0,0.15950214795298956,2278.6021136141367,-1,109.536,110.25707367503225,108.6707115899613,102.586,107.641,58.4005963873398,0.24431423092165686,CADJPY_merged,-16.65950214795299
2022-09-09 02:00:00,2022-09-13 12:00:00,1.1,30.0,0.47222748334920767,6746.106904988682,1,1.69641,1.6888660489899194,1.7047083461110886,1.72072,1.76519,33.91024261169842,0.002658249059465446,GBPAUD_merged,32.52777251665079
2022-09-13 10:00:00,2022-09-13 14:00:00,-1.1,29.999999999999996,0.23352143010957144,3336.0204301367353,1,0.6803,0.6741822317106843,0.6870295451182473,0.68689,0.71363,30.112512521015,0.0022609945857424655,AUDUSD_merged,-33.23352143010957
2022-09-13 10:00:00,2022-09-13 14:00:00,-1.1,30.0,0.2179533347689334,3113.6190681276203,1,0.6803,0.6737452482614474,0.6894766524339736,0.68689,0.71363,30.112512521015,0.0022609945857424655,AUDUSD_merged,-33.217953334768936
2022-09-09 02:00:00,2022-09-13 14:00:00,1.4,30.0,0.5085526743760698,7265.038205372425,1,1.69641,1.6894049026334967,1.7062171363131045,1.72072,1.76519,29.817151340257627,0.002658249059465446,GBPAUD_merged,41.49144732562393
2022-09-13 10:00:00,2022-09-13 14:00:00,-1.1,29.999999999999996,0.25148461704107694,3592.6373863010995,1,0.6803,0.6746192151599211,0.6882530987761105,0.68689,0.71363,26.409256463054923,0.0022609945857424655,AUDUSD_merged,-33.25148461704108
2022-09-09 02:00:00,2022-09-13 15:00:00,1.4,30.0,0.4407456511259271,6296.366444656102,1,1.69641,1.6883271953463423,1.7077259265151206,1.72072,1.76519,33.91024261169842,0.002658249059465446,GBPAUD_merged,41.55925434887407
2022-09-13 20:00:00,2022-09-14 04:00:00,1.2,15.0,0.13988246332790968,1998.3209046844242,-1,144.452,145.5363003217955,143.1508396138454,130.392,139.387,62.66353443616273,0.3897611867818112,USDJPY_merged,17.86011753667209
2022-09-13 20:00:00,2022-09-14 04:00:00,1.2,15.0,0.13988246332790968,1998.3209046844242,-1,144.452,145.5363003217955,143.1508396138454,131.731,135.58,62.66353443616273,0.3897611867818112,USDJPY_merged,17.86011753667209
2022-09-14 01:00:00,2022-09-14 07:00:00,-1.1,15.0,0.3677554354176977,5253.649077395681,-1,1.31615,1.3199078166545122,1.3108890566836828,1.27272,1.29841,74.37179433483395,0.0018409053234237506,USDCAD_merged,-16.8677554354177
2022-09-13 21:00:00,2022-09-15 06:00:00,-1.1,15.0,0.18030936887037555,2575.8481267196507,1,0.57701,0.5736498834192828,0.580706128238789,0.58921,0.60202,30.078035628864075,0.0012786130645418671,NZDCHF_merged,-16.680309368870375
2022-09-15 08:00:00,2022-09-15 12:00:00,1.1,30.0,0.47872019609624467,6838.859944232067,1,0.95618,0.95198552895747,0.960793918146783,0.95519,0.98659,42.6994252409069,0.0016344539437607255,EURCHF_merged,32.52127980390375
2022-09-14 01:00:00,2022-09-15 19:00:00,-1.1,30.0,0.35392448728301956,5056.064104043137,1,1.15206,1.1452242876180383,1.1602628548583542,1.17599,1.22931,35.76272678780852,0.002399489186342432,GBPUSD_merged,-33.35392448728302
2022-09-13 20:00:00,2022-09-15 19:00:00,-1.1,30.000000000000004,0.26246064536618113,3749.437790945445,1,0.674,0.6686071914971281,0.6804713702034464,0.68689,0.70084,31.68739923675089,0.001853904200426978,AUDUSD_merged,-33.26246064536619
2022-09-15 08:00:00,2022-09-16 02:00:00,1.2,15.0,0.21459870859486826,3065.695837069547,1,0.95618,0.9515015515294858,0.9617941381646171,0.95519,0.98659,42.4293926964487,0.0016344539437607255,EURCHF_merged,17.785401291405133
2022-09-15 08:00:00,2022-09-16 02:00:00,1.2,30.0,0.42919741718973653,6131.391674139094,1,0.95618,0.9515015515294858,0.9617941381646171,0.95519,0.98659,42.4293926964487,0.0016344539437607255,EURCHF_merged,35.570802582810266
2022-09-15 22:00:00,2022-09-16 10:00:00,-1.1,15.0,0.2770388471322806,3957.6978161754378,-1,1.32399,1.3290080309165675,1.317968362900119,1.29777,1.3244,62.40776661049678,0.0016953300964378606,EURCAD_merged,-16.77703884713228
2022-09-15 08:00:00,2022-09-19 19:00:00,1.1,15.0,0.16259154959996405,2322.7364228566294,1,0.6444,0.6402385291138147,0.6489776179748038,0.65591,0.67495,36.35094715803016,0.0016105253164947473,AUDCHF_merged,16.337408450400037
2022-09-13 10:00:00,2022-09-19 22:00:00,-1.1,30.0,0.38429967886018984,5489.995412288426,1,0.79103,0.7867074280818374,0.7970816006854278,0.79028,0.82518,28.574248418717495,0.0016766328279152478,NZDCAD_merged,-33.38429967886019
2022-09-13 10:00:00,2022-09-20 01:00:00,-1.1,30.0,0.35684970179874764,5097.852882839253,1,0.79103,0.7863749225496709,0.796150585195362,0.79028,0.82518,31.565720201483522,0.0016766328279152478,NZDCAD_merged,-33.35684970179875
2022-09-13 10:00:00,2022-09-20 02:00:00,-1.1,60.0,0.6661194433576623,9515.992047966605,1,0.79103,0.7860424170175045,0.7980126161754936,0.79028,0.82518,31.565720201483522,0.0016766328279152478,NZDCAD_merged,-66.66611944335766
2022-09-19 08:00:00,2022-09-20 08:00:00,1.2,14.999999999999998,0.26636356162095415,3805.1937374422023,-1,0.87772,0.8811799552370886,0.8735680537154936,0.83864,0.8584,62.95393969692588,0.0011571531547328177,EURGBP_merged,17.733636438379044
2022-09-15 08:00:00,2022-09-20 10:00:00,-1.1,15.000000000000002,0.2715364840216998,3879.0926288814258,1,0.72606,0.723252410431524,0.7299906253958666,0.72897,0.75839,35.55204454007203,0.001339308312591469,CADCHF_merged,-16.771536484021702
2022-09-15 08:00:00,2022-09-20 11:00:00,-1.1,15.0,0.20365236301627482,2909.319471661069,1,0.72606,0.7223165472420319,0.7301777980337649,0.72897,0.75839,34.89066922949938,0.001339308312591469,CADCHF_merged,-16.703652363016275
2022-09-15 08:00:00,2022-09-20 11:00:00,-1.1,30.0,0.4386358588042842,6266.2265543469175,1,0.72606,0.722583936724744,0.7298836696027817,0.72897,0.75064,33.15372015420893,0.001339308312591469,CADCHF_merged,-33.43863585880428
2022-09-15 08:00:00,2022-09-20 11:00:00,-1.1,30.0,0.39325973547970305,5617.9962211386155,1,0.72606,0.7221828525006759,0.730712576999189,0.72897,0.75839,36.10427078886905,0.001339308312591469,CADCHF_merged,-33.3932597354797
2022-09-15 08:00:00,2022-09-20 11:00:00,-1.1,30.0,0.39325973547970305,5617.9962211386155,1,0.72606,0.7221828525006759,0.730712576999189,0.72897,0.75064,36.10427078886905,0.001339308312591469,CADCHF_merged,-33.3932597354797
2022-09-16 07:00:00,2022-09-21 02:00:00,-1.1,30.0,0.3618551176316024,5169.358823308606,1,1.14038,1.1337618871606008,1.147659924123339,1.14047,1.22766,33.629899218911426,0.0024928974426425624,GBPUSD_merged,-33.3618551176316
2022-09-16 07:00:00,2022-09-21 02:00:00,-1.1,15.0,0.16221091480037342,2317.2987828624778,1,1.14038,1.1329982587560548,1.1514526118659179,1.17599,1.22931,33.74269463415322,0.0024928974426425624,GBPUSD_merged,-16.662210914800372
2022-09-16 07:00:00,2022-09-21 02:00:00,-1.1,14.999999999999998,0.22400554901003952,3200.0792715719936,1,1.14038,1.1350346011681776,1.1478635583645513,1.17599,1.22931,34.27185624019586,0.0024928974426425624,GBPUSD_merged,-16.72400554901004
2022-09-15 21:00:00,2022-09-21 02:00:00,-1.1,15.0,0.16417997290548003,2345.4281843640006,1,0.66995,0.6656653878907937,0.6746630733201271,0.68689,0.71363,38.43059412309344,0.0015416315668286542,AUDUSD_merged,-16.66417997290548
2022-09-20 10:00:00,2022-09-21 14:00:00,-1.1,29.999999999999996,0.28711265002733366,4101.609286104767,1,0.58974,0.5854265223462565,0.5949161731844923,0.60601,0.6468,38.70637895476331,0.0015125913669622208,NZDUSD_merged,-33.28711265002733
2022-09-30 03:00:00,2022-09-30 13:00:00,-1.1,15.0,0.20653484587081433,2950.4977981544907,-1,1.34287,1.3496970005192341,1.3326294992211487,1.28749,1.3334,68.7678095099996,0.002496913437501133,EURCAD_merged,-16.706534845870813
2022-09-30 00:00:00,2022-09-30 13:00:00,-1.1,15.0,0.08905332248126907,1272.1903211609867,-1,1.51952,1.537436187240915,1.4926457191386275,1.50218,1.52507,68.5901166777074,0.00585691509837844,GBPCAD_merged,-16.58905332248127
2022-09-30 03:00:00,2022-09-30 13:00:00,-1.1,15.0,0.20653484587081433,2950.4977981544907,-1,1.34287,1.3496970005192341,1.3326294992211487,1.28749,1.3334,68.7678095099996,0.002496913437501133,EURCAD_merged,-16.706534845870813
2022-10-02 18:00:00,2022-10-03 08:00:00,1.5,15.0,0.1459563490046455,2085.090700066364,-1,1.35429,1.3640326697070557,1.3396759954394166,1.28749,1.3334,64.92362711150962,0.00354241597427865,EURCAD_merged,22.354043650995354
2022-10-02 19:00:00,2022-10-03 08:00:00,1.5,15.0,0.1389327208848474,1984.7531554978202,-1,1.52719,1.5387319138831168,1.509877129175325,1.42829,1.49668,64.0380794719652,0.004049104093890739,EURAUD_merged,22.361067279115154
2022-10-02 19:00:00,2022-10-03 09:00:00,1.5,15.0,0.12967053949252424,1852.436278464632,-1,1.52719,1.5395563363033393,1.508640495544991,1.42829,1.49668,64.03606162360673,0.004049104093890739,EURAUD_merged,22.370329460507477
2022-10-03 22:00:00,2022-10-05 10:00:00,1.5,30.0,0.2377396087417584,3396.280124882263,-1,1.12283,1.1327481748152084,1.1079527377771874,1.15246,1.11477,65.19744479396158,0.0034891906274925814,GBPCHF_merged,44.762260391258245
2022-10-03 22:00:00,2022-10-05 10:00:00,1.5,60.0,0.4754792174835168,6792.560249764526,-1,1.12283,1.1327481748152084,1.1079527377771874,1.15246,1.11477,65.19744479396158,0.0034891906274925814,GBPCHF_merged,89.52452078251649
2022-10-03 22:00:00,2022-10-06 06:00:00,1.5,59.99999999999999,0.4437806029846157,6339.722899780225,-1,1.12283,1.1334566158734376,1.1068900761898437,1.0172,1.11477,65.43601161375335,0.0034891906274925814,GBPCHF_merged,89.55621939701537
2022-10-12 19:00:00,2022-10-13 08:00:00,-1.1,60.0,1.2895372885673635,18421.96126524805,-1,146.774,147.2520403059805,146.05693954102927,143.521,145.901,67.89154396130316,0.15632199947015243,USDJPY_merged,-67.28953728856736
2022-10-12 19:00:00,2022-10-13 08:00:00,-1.1,60.0,1.3816470948936037,19737.815641337198,-1,146.774,147.22017095224845,146.1047435716273,140.346,145.901,67.74649836264001,0.15632199947015243,USDJPY_merged,-67.38164709489361
2022-10-12 19:00:00,2022-10-13 08:00:00,-1.1,30.0,0.6908235474468019,9868.907820668599,-1,146.774,147.22017095224845,146.1047435716273,140.346,145.901,67.74649836264001,0.15632199947015243,USDJPY_merged,-33.690823547446804
2022-10-13 16:00:00,2022-10-17 10:00:00,-1.1,60.0,0.47572053823116667,6796.007689016667,-1,1.55616,1.5698988896941506,1.535551665458774,1.40439,1.55519,67.37566402306169,0.004801978725101005,GBPCAD_merged,-66.47572053823117
2022-10-13 16:00:00,2022-10-17 10:00:00,-1.1,30.0,0.23786026911558333,3398.0038445083337,-1,1.55616,1.5698988896941506,1.535551665458774,1.40439,1.55519,67.37566402306169,0.004801978725101005,GBPCAD_merged,-33.237860269115586
2022-10-16 18:00:00,2022-10-18 04:00:00,-1.1,60.0,0.8403400830686267,12004.858329551811,-1,148.445,149.18692462380625,147.33211306429064,143.521,145.901,68.61993655786355,0.24900047879717224,USDJPY_merged,-66.84034008306863
2022-10-17 22:00:00,2022-10-18 09:00:00,-1.1,14.999999999999998,0.21429974535685495,3061.4249336693565,-1,146.339,147.05601415110937,145.26347877333595,137.343,144.081,68.46307578644372,0.2459281623577003,EURJPY_merged,-16.714299745356854
2022-10-03 17:00:00,2022-10-18 12:00:00,-1.1,59.99999999999999,0.5847258273063454,8353.226104376363,-1,0.97465,0.9816507682384369,0.9641488476423447,0.95519,0.97142,65.50528016601162,0.0023695404872367213,EURCHF_merged,-66.58472582730634
2022-10-17 21:00:00,2022-10-18 16:00:00,-1.1,60.0,0.7887632891125312,11268.046987321875,-1,146.401,147.1805547897416,145.23166781538762,137.343,144.081,67.94020787887008,0.2560764825390615,EURJPY_merged,-66.78876328911254
2022-10-17 18:00:00,2022-10-20 06:00:00,-1.1,15.0,0.20927212924727337,2989.60184638962,-1,108.496,109.0403668032134,107.67944979517989,104.527,106.754,69.198474189058,0.19402980718811838,CADJPY_merged,-16.709272129247275
2022-10-17 18:00:00,2022-10-20 06:00:00,-1.1,90.0,1.171923923784731,16741.770339781873,-1,108.496,109.07925014630007,107.62112478054989,104.527,106.754,71.52348642087468,0.19402980718811838,CADJPY_merged,-100.17192392378475
2022-10-13 10:00:00,2022-10-21 04:00:00,1.5,60.0,0.4908940082726542,7012.771546752204,1,0.86469,0.8572918693673219,0.8757871959490169,0.86486,0.92792,31.550665858335297,0.002480611862495561,EURGBP_merged,89.50910599172735
2022-10-13 16:00:00,2022-10-21 08:00:00,1.5,60.0,0.4440058356824222,6342.940509748889,-1,1.55616,1.5708802389580185,1.534079641562972,1.40439,1.55519,69.06828077295395,0.004801978725101005,GBPCAD_merged,89.55599416431758
2022-10-17 13:00:00,2022-10-21 11:00:00,1.5,60.0,0.39068459249214466,5581.2084641734955,-1,169.496,171.31814301172963,166.76278548240558,148.819,165.708,66.53944234476079,0.5948537893448869,GBPJPY_merged,89.60931540750785
2022-10-13 23:00:00,2022-10-25 09:00:00,-1.1,30.0,0.2665378737535587,3807.6839107651244,-1,1.13192,1.1408381772426002,1.1185427341360998,1.0172,1.12854,67.09255783912582,0.0030839873508622592,GBPCHF_merged,-33.266537873753556
2022-10-13 23:00:00,2022-10-25 09:00:00,-1.1,90.0,0.7463060465099642,10661.514950142348,-1,1.13192,1.1414751899027857,1.1175872151458213,1.0172,1.12854,68.38168527760065,0.0030839873508622592,GBPCHF_merged,-99.74630604650997
2022-10-26 09:00:00,2022-10-26 11:00:00,-1.1,15.000000000000002,0.16780841748433184,2397.2631069190265,-1,1.00041,1.0066697008883543,0.9910204486674686,0.96315,0.99995,65.32674952142459,0.00228949264154607,EURUSD_merged,-16.667808417484334
2022-10-26 07:00:00,2022-10-26 12:00:00,-1.1,15.000000000000002,0.17319134426184735,2474.1620608835337,-1,1.00228,1.0083564815036536,0.9931652777445198,0.96315,0.99995,68.26286600796843,0.0021537311109054995,EURUSD_merged,-16.673191344261852
2022-10-26 23:00:00,2022-10-27 08:00:00,1.5,15.0,0.20496644929546382,2928.0921327923406,-1,1.00667,1.0118269586321724,0.9989345620517411,0.96315,0.99995,66.37640522050879,0.0017609301586286516,EURUSD_merged,22.295033550704535
2022-10-30 21:00:00,2022-11-01 04:00:00,1.5,15.0,0.1609739285612124,2299.627550874463,-1,171.704,172.82399006057335,170.02401490914,159.72,170.058,65.72117887716792,0.3902824180472803,GBPJPY_merged,22.339026071438788
2022-10-30 21:00:00,2022-11-01 04:00:00,1.5,30.0,0.3219478571224248,4599.255101748926,-1,171.704,172.82399006057335,170.02401490914,159.72,170.058,65.72117887716792,0.3902824180472803,GBPJPY_merged,44.678052142877576
2022-11-04 13:00:00,2022-11-07 12:00:00,1.5,30.000000000000004,0.2903590700176283,4147.986714537547,1,1.91832,1.9044458957753398,1.9391311563369904,1.95576,2.03056,29.038112368155527,0.004950391707157743,GBPNZD_merged,44.70964092998238
2022-11-06 18:00:00,2022-11-07 16:00:00,-1.1,30.0,0.21766645549514443,3109.5207927877777,-1,86.29,87.12250769893684,85.04123845159475,80.687,84.009,55.2041101729395,0.2997295940351756,NZDJPY_merged,-33.21766645549514
2022-11-04 13:00:00,2022-11-09 10:00:00,-1.1,29.999999999999996,0.3535027392417028,5050.039132024326,-1,0.87551,0.8807110092027686,0.8677084861958472,0.85785,0.87801,62.877482905054066,0.0017876816233671324,EURGBP_merged,-33.353502739241705
2022-11-09 14:00:00,2022-11-10 08:00:00,1.5,15.0,0.1771988119497354,2531.4115992819347,1,1.53337,1.52428394303221,1.5469990854516849,1.53108,1.58127,35.671870839364026,0.0032905486926261746,GBPCAD_merged,22.322801188050263
2022-11-10 13:00:00,2022-11-11 03:00:00,-1.1,60.0,0.39033690734980747,5576.241533568678,-1,1.16445,1.176979407053013,1.1456558894204802,1.10601,1.16449,69.02488241312611,0.004489769621406617,GBPUSD_merged,-66.3903369073498
2022-11-10 14:00:00,2022-11-11 08:00:00,-1.1,30.0,0.2750027163567862,3928.610233668375,1,1.3374,1.3271872281510257,1.3527191577734612,1.35021,1.39769,35.01779880736059,0.0036987575141974468,USDCAD_merged,-33.27500271635679
2022-11-15 07:00:00,2022-11-15 13:00:00,1.5,15.0,0.28602285921905435,4086.0408459864907,-1,1.38311,1.3881874455718861,1.3754938316421708,1.29988,1.36953,69.55787283651087,0.002401557565800003,EURCAD_merged,22.213977140780944
2022-11-15 11:00:00,2022-11-17 03:00:00,-1.1,60.0,0.7345798754035991,10493.998220051417,-1,1.58158,1.5906227688293944,1.5680158467559087,1.51013,1.58127,61.02365333048807,0.004270646081024672,GBPCAD_merged,-66.7345798754036
2022-11-15 10:00:00,2022-11-17 08:00:00,1.5,60.0,0.5290612040630136,7558.017200900195,-1,1.19228,1.2017450221213415,1.1780824668179877,1.09227,1.16449,61.83778035977436,0.004653071006035367,GBPUSD_merged,89.47093879593699
2022-11-18 05:00:00,2022-11-18 08:00:00,-1.1,15.0,0.359279875709755,5132.569652996501,1,1.08735,1.0841722058144934,1.0908455736040574,1.08698,1.14895,32.45734730852036,0.0012767521260453284,AUDNZD_merged,-16.859279875709756
2022-11-18 05:00:00,2022-11-18 08:00:00,-1.1,60.0,1.7108565509988334,24440.807871411907,1,1.08735,1.0846806528841746,1.0913540206737384,1.08698,1.14895,27.228762328406848,0.0012767521260453284,AUDNZD_merged,-67.71085655099883
2022-11-15 11:00:00,2022-11-18 10:00:00,-1.1,14.999999999999998,0.12855147819562984,1836.4496885089977,-1,1.58158,1.594498241184849,1.568661758815151,1.40439,1.58127,60.989567421240395,0.004270646081024672,GBPCAD_merged,-16.62855147819563
2022-11-18 09:00:00,2022-11-21 13:00:00,1.5,30.000000000000004,0.4095869430124636,5851.242043035195,-1,0.58818,0.5911956674207323,0.5836564988689017,0.54929,0.56966,57.79250572739938,0.0015098869547455632,NZDCHF_merged,44.59041305698754
2022-11-23 13:00:00,2022-11-23 14:00:00,-1.1,30.0,0.4327319955751767,6181.885651073953,1,139.843,139.1643575538604,140.86096366920935,145.105,151.941,23.91618773888404,0.31307999319097,USDJPY_merged,-33.432731995575175
2022-11-23 12:00:00,2022-11-23 18:00:00,-1.1,60.0,0.7083743800737009,10119.634001052871,-1,0.67056,0.6745357959621676,0.6645963060567487,0.62716,0.65214,67.33333418906005,0.0018487193029992804,AUDUSD_merged,-66.7083743800737
2022-11-23 13:00:00,2022-11-23 20:00:00,-1.1,15.0,0.15145619845131184,2163.6599778758837,1,139.843,138.87351079122917,140.8124892087708,145.105,151.941,27.17428966786407,0.31307999319097,USDJPY_merged,-16.65145619845131
2022-11-23 14:00:00,2022-11-23 22:00:00,-1.1,30.000000000000004,0.5347574886272237,7639.392694674626,-1,0.89828,0.9018075578932846,0.8929886631600731,0.86221,0.88319,77.9470960220926,0.001687661653493177,AUDCAD_merged,-33.53475748862723
2022-11-23 14:00:00,2022-11-24 09:00:00,-1.1,14.999999999999998,0.1752117935684502,2503.025622406432,-1,1.61004,1.6196885628368363,1.5955671557447453,1.51669,1.58127,72.42463014310569,0.00354114594917654,GBPCAD_merged,-16.67521179356845
2022-11-23 13:00:00,2022-11-24 10:00:00,1.3,15.000000000000002,0.24738696734097665,3534.099533442524,1,0.70425,0.7012609076159183,0.7081358200993063,0.7112,0.74219,32.30723660145343,0.0013437727595150336,CADCHF_merged,19.252613032659028
2022-11-23 13:00:00,2022-11-25 02:00:00,1.5,30.0,0.5183345982382368,7404.779974831955,1,0.70425,0.7013967754515583,0.7085298368226626,0.7112,0.74219,27.598573098721896,0.0013437727595150336,CADCHF_merged,44.48166540176177
2022-11-24 09:00:00,2022-11-25 06:00:00,1.5,15.0,0.1920468889025658,2743.5269843223687,1,103.615,103.04849381694385,104.46475927458421,104.074,109.302,30.283205251461407,0.2111873116330655,CADJPY_merged,22.307953111097433
2022-11-24 12:00:00,2022-11-27 20:00:00,1.5,30.0,0.32673102228253537,4667.586032607648,-1,0.62651,0.630536770983694,0.620469843524459,0.57401,0.58132,62.95063546077851,0.0014184397562969013,NZDUSD_merged,44.67326897771746
2022-11-28 06:00:00,2022-11-28 10:00:00,1.3,60.0,0.7717772440129255,11025.38920018465,1,102.562,102.00385915904928,103.28758309323592,104.527,110.347,37.30624558817174,0.26493606923244506,CADJPY_merged,77.22822275598708
2022-11-24 13:00:00,2022-11-28 11:00:00,1.5,30.000000000000004,0.37661676184076176,5380.239454868026,-1,1.21232,1.2190798478292808,1.202180228256079,1.1145,1.16449,63.0673697099094,0.002419815391022467,GBPUSD_merged,44.62338323815924
2022-11-28 10:00:00,2022-11-28 13:00:00,1.0,15.0,0.17766958333120716,2538.136904731531,-1,1.4022,1.4104867870368973,1.3939132129631024,1.32708,1.36953,52.29656973316408,0.003031386463801585,EURCAD_merged,14.822330416668793
2022-11-23 13:00:00,2022-11-29 03:00:00,-1.1,15.0,0.1817305834996633,2596.151192852333,-1,0.89855,0.90374162752813,0.8918008842134308,0.85969,0.88319,69.04780066208247,0.0016797894729926551,AUDCAD_merged,-16.681730583499665
2022-11-24 13:00:00,2022-11-29 05:00:00,-1.1,30.0,0.43880323666340887,6268.617666620127,-1,0.83587,0.8398702599191091,0.8298696101213363,0.76235,0.80488,61.86922145404973,0.0015814650515454892,NZDCAD_merged,-33.43880323666341
2022-11-28 07:00:00,2022-11-29 08:00:00,-1.1,14.999999999999998,0.16312297576243895,2330.3282251776996,1,102.898,102.23565982691888,103.62657419038922,104.527,110.347,37.30624558817174,0.2542977785729847,CADJPY_merged,-16.663122975762438
2022-11-28 12:00:00,2022-11-29 08:00:00,-1.1,60.0,0.7260764615241561,10372.520878916515,-1,1.39489,1.4029587617771024,1.382786857334346,1.32708,1.36953,48.81714401099919,0.0029128281244003716,EURCAD_merged,-66.72607646152416
2022-11-28 06:00:00,2022-11-30 05:00:00,1.5,30.0,0.3094750063652932,4421.0715195041885,1,92.425,91.7978330365687,93.36575044514693,92.595,95.558,39.21580945500283,0.24169234192081418,AUDJPY_merged,44.6905249936347
2022-11-29 13:00:00,2022-11-30 08:00:00,1.5,30.0,0.25551612844246935,3650.230406320991,1,101.828,100.99111036292119,103.08333445561821,104.074,109.302,36.50154755985592,0.3011763302122879,CADJPY_merged,44.74448387155753
2022-11-29 11:00:00,2022-11-30 10:00:00,1.0,30.0,0.3031155870056508,4330.2226715092975,-1,0.9107,0.917009375307593,0.9043906246924069,0.85969,0.88319,78.1166697367144,0.002152187595207351,AUDCAD_merged,29.69688441299435
2022-11-29 13:00:00,2022-11-30 20:00:00,-1.1,60.0,0.6837198005904388,9767.425722720554,-1,0.84282,0.8479973314111177,0.8350540028833234,0.76235,0.80488,64.21822728856644,0.0018748494271039814,NZDCAD_merged,-66.68371980059044
2022-11-29 13:00:00,2022-12-01 00:00:00,-1.1,15.0,0.20652748762832493,2950.3926804046423,-1,0.90956,0.9141842658106544,0.9026236012840185,0.86221,0.88319,64.08578726692313,0.002133314814234905,AUDCAD_merged,-16.706527487628325
2022-11-29 13:00:00,2022-12-01 02:00:00,-1.1,14.999999999999998,0.14456924133982743,2065.2748762832493,-1,0.90956,0.9161660940152205,0.9009720777802134,0.85969,0.88319,62.87318276369615,0.002133314814234905,AUDCAD_merged,-16.644569241339827
2022-12-01 03:00:00,2022-12-01 12:00:00,-1.1,15.0,0.12607748518443185,1801.1069312061693,1,136.532,135.39493258633541,137.7827741550311,145.105,151.941,32.40292955491853,0.4551250393611408,USDJPY_merged,-16.62607748518443
2022-12-01 03:00:00,2022-12-01 18:00:00,-1.1,60.0,0.42025828394810616,6003.689770687231,1,136.532,135.16751910360247,137.89648089639755,145.105,151.941,29.169477141152143,0.4551250393611408,USDJPY_merged,-66.4202582839481
2022-12-01 08:00:00,2022-12-02 03:00:00,-1.1,30.0,0.32452278120272987,4636.03973146757,1,144.263,143.32946831117,145.66329753324504,144.556,149.079,41.326934379123486,0.3608415861055641,CHFJPY_merged,-33.32452278120273
2022-12-01 11:00:00,2022-12-02 04:00:00,-1.1,15.0,0.18407652611076677,2629.66465872524,-1,0.85601,0.8608928089001373,0.8486857866497942,0.76235,0.78847,68.97669432970078,0.002296922302781803,NZDCAD_merged,-16.68407652611077
2022-12-01 11:00:00,2022-12-02 08:00:00,1.0,30.000000000000004,0.20822123253366587,2974.589036195227,-1,1.2267,1.2390717930618986,1.2143282069381012,1.1145,1.16449,68.2920236614636,0.004035793090587692,GBPUSD_merged,29.791778767466337
2022-12-02 05:00:00,2022-12-02 08:00:00,1.0,30.0,0.2915858811643022,4165.51258806146,1,143.283,142.25107657902183,144.31492342097815,144.556,149.079,36.303402309855294,0.3483334398265756,CHFJPY_merged,29.708414118835698
2022-12-01 13:00:00,2022-12-02 12:00:00,-1.1,30.0,0.2929721926292497,4185.31703756071,-1,0.85506,0.8611889980591173,0.8458665029113241,0.76235,0.80488,68.28444384838504,0.0022321421896435243,NZDCAD_merged,-33.29297219262925
2022-12-01 12:00:00,2022-12-04 22:00:00,-1.1,30.000000000000004,0.21421181057646355,3060.168722520908,-1,0.63699,0.6432346556816834,0.6276230164774749,0.57401,0.58132,69.44422257140015,0.0023297757635419272,NZDUSD_merged,-33.21421181057647
2022-12-01 03:00:00,2022-12-05 11:00:00,1.5,30.0,0.26186910915207723,3740.987273601104,-1,0.68052,0.6859772759827509,0.6723340860258737,0.6584,0.67969,65.71691950611981,0.0020775552321629994,AUDUSD_merged,44.73813089084792
2022-12-04 18:00:00,2022-12-05 21:00:00,-1.1,15.0,0.28002810509180254,4000.401501311465,1,1.06214,1.0581573747573145,1.066520887766954,1.08698,1.1044,39.11634654741575,0.00164354651871177,AUDNZD_merged,-16.7800281050918
2022-12-01 11:00:00,2022-12-06 03:00:00,-1.1,30.0,0.261609414009071,3737.2773429867293,-1,1.64725,1.6604728613144635,1.6340271386855367,1.51669,1.58127,68.20219441453145,0.004377790406857733,GBPCAD_merged,-33.26160941400907
2022-12-05 21:00:00,2022-12-07 05:00:00,-1.1,30.0,0.41684322447573563,5954.9032067962235,-1,1.56377,1.5716480625596836,1.551952906160475,1.5257,1.56491,68.1606046380546,0.0028986723088858476,EURAUD_merged,-33.416843224475734
2022-12-01 12:00:00,2022-12-08 07:00:00,1.5,29.999999999999996,0.3699393537708535,5284.847911012193,1,0.85681,0.8519462271094993,0.8641056593357509,0.85709,0.88275,37.379853176178045,0.0017462975549340776,EURGBP_merged,44.63006064622914
2022-12-07 09:00:00,2022-12-08 08:00:00,1.5,30.000000000000004,0.4516294316296397,6451.849023280568,-1,1.43808,1.4447668272714267,1.42804975909286,1.32708,1.36953,59.24810653838825,0.0025939882150409423,EURCAD_merged,44.548370568370366
2022-12-02 09:00:00,2022-12-09 08:00:00,-1.1,15.0,0.1245968402875513,1779.954861250733,1,100.44,99.59357404123082,101.70963893815376,104.074,109.302,46.307674182298115,0.30931316042325985,CADJPY_merged,-16.624596840287552
2022-12-05 17:00:00,2022-12-09 13:00:00,1.5,15.0,0.20894001865009784,2984.857409287112,-1,1.81786,1.8269954112645912,1.8041568831031132,1.74581,1.81251,70.24322354895672,0.0034389509640128588,GBPAUD_merged,22.291059981349903
2022-12-11 19:00:00,2022-12-12 17:00:00,1.5,30.0,0.4450128213828541,6357.326019755059,-1,0.92563,0.9299980157213441,0.9190779764179838,0.88638,0.90146,54.18161343046696,0.001685084771890828,AUDCAD_merged,44.55498717861715
2022-12-01 12:00:00,2022-12-13 08:00:00,-1.1,30.0,0.23607806466695766,3372.5437809565383,-1,1.22498,1.2358766413445867,1.2086350379831199,1.1145,1.16449,68.21131415114888,0.004064665012688571,GBPUSD_merged,-33.236078064666955
2022-12-11 19:00:00,2022-12-13 08:00:00,-1.1,30.000000000000004,0.3951913248156125,5645.59035450875,-1,0.87269,0.8773273715335352,0.8657339426996971,0.76235,0.80488,57.34318086808509,0.0016762917972475873,NZDCAD_merged,-33.39519132481562
2022-12-12 14:00:00,2022-12-13 11:00:00,1.5,30.0,0.37721109154244153,5388.729879177737,-1,168.733,169.6723660683494,167.32395089747595,164.024,168.993,69.55608277380303,0.3426338330302089,GBPJPY_merged,44.62278890845756
2022-12-13 14:00:00,2022-12-14 15:00:00,-1.1,60.0,0.5376555938624541,7680.794198035059,-1,1.23487,1.2445164243266607,1.220400363510009,1.1145,1.23441,61.99076171589955,0.0035568390541425767,GBPUSD_merged,-66.53765559386245
2022-12-13 13:00:00,2022-12-15 04:00:00,1.0,60.00000000000001,0.4046503253095546,5780.718932993637,-1,0.68539,0.692503890240414,0.6782761097595861,0.61695,0.67969,65.17557775226494,0.0023240612648900627,AUDUSD_merged,59.59534967469045
2022-12-13 12:00:00,2022-12-15 04:00:00,1.5,30.000000000000004,0.221534631148555,3164.7804449793575,-1,0.64774,0.6538801415794349,0.6385297876308478,0.57401,0.64421,61.94135618355551,0.0022916889029802523,NZDUSD_merged,44.77846536885145
2022-12-13 13:00:00,2022-12-15 04:00:00,1.5,30.0,0.28192688198934696,4027.5268855621,-1,0.87519,0.8817090626272718,0.8654114060590924,0.76235,0.80488,55.33685618153439,0.002358434236892404,NZDCAD_merged,44.71807311801065
2022-12-13 13:00:00,2022-12-15 04:00:00,1.5,30.000000000000004,0.3138601593270738,4483.71656181534,-1,0.92841,0.9346218779400995,0.9190921830898505,0.88638,0.90146,58.76732809703936,0.002214931566700932,AUDCAD_merged,44.686139840672936
2022-12-13 12:00:00,2022-12-15 09:00:00,-1.1,60.0,0.6352674470784168,9075.249243977383,-1,1.06293,1.0699574433555996,1.0523888349666004,1.02227,1.04808,62.72397206741603,0.0026132741699152404,EURUSD_merged,-66.63526744707842
2022-12-15 08:00:00,2022-12-15 09:00:00,-1.1,60.0,0.7342845628748579,10489.779469640827,-1,1.56955,1.5785275957895541,1.5605724042104459,1.52731,1.56491,78.66789698755277,0.003349493934862055,EURAUD_merged,-66.73428456287486
2022-12-13 12:00:00,2022-12-15 10:00:00,1.0,60.00000000000001,0.4773093258546918,6818.704655067027,-1,1.23727,1.2481571411441519,1.2263828588558483,1.1145,1.16449,62.89995772976842,0.003589115116047012,GBPUSD_merged,59.522690674145316
2022-12-15 22:00:00,2022-12-16 03:00:00,-1.1,30.0,0.3677082432866818,5252.974904095455,-1,1.58229,1.591326536603857,1.5687351950942148,1.52731,1.56491,68.363418655624,0.0033549464510618963,EURAUD_merged,-33.36770824328668
2022-12-13 11:00:00,2022-12-16 11:00:00,1.0,30.0,0.29211750464000363,4173.10720914291,1,0.92644,0.9197799266764325,0.9331000733235676,0.93557,1.01472,32.54081596785007,0.002247165552532808,USDCHF_merged,29.707882495359996
2022-12-15 16:00:00,2022-12-16 11:00:00,1.5,30.0,0.3295478052368738,4707.825789098198,-1,146.257,147.18900347603358,144.85899478594965,140.757,146.124,70.5292795796841,0.3363874388475243,EURJPY_merged,44.67045219476313
2022-12-15 22:00:00,2022-12-19 22:00:00,-1.1,60.0,0.6574419067856201,9392.027239794574,1,0.62338,0.6193976009880464,0.6293535985179306,0.62753,0.64414,31.21509295107161,0.001458179554375607,AUDCHF_merged,-66.65744190678562
2022-12-16 07:00:00,2022-12-19 23:00:00,-1.1,30.0,0.3744965182986889,5349.950261409842,-1,1.5877,1.5966030734254804,1.5743453898617792,1.52731,1.56491,62.34809960152186,0.0033290464161705204,EURAUD_merged,-33.37449651829869
2022-12-15 11:00:00,2022-12-19 23:00:00,-1.1,60.0,0.739709845697311,10567.283509961588,-1,1.58382,1.5928127747192944,1.5721293928649172,1.52731,1.56491,76.95782931803276,0.004145651667234708,EURAUD_merged,-66.7397098456973
2022-12-20 02:00:00,2022-12-21 22:00:00,1.0,60.00000000000001,0.518833819386481,7411.911705521157,1,0.61907,0.6140585803452933,0.6240814196547068,0.62737,0.64414,30.809821087188215,0.0016890108455044797,AUDCHF_merged,59.48116618061353
2022-12-20 02:00:00,2022-12-21 22:00:00,1.1,15.0,0.1556501458159443,2223.5735116563474,1,0.61907,0.614893816954411,0.6236638013501479,0.62737,0.64414,33.26989574929728,0.0016890108455044797,AUDCHF_merged,16.344349854184056
2022-12-20 17:00:00,2022-12-27 04:00:00,1.5,15.0,0.09949834575880298,1421.4049394114713,1,139.748,138.27324784325856,141.96012823511214,140.757,146.124,32.77122898971729,0.5281184666041966,EURJPY_merged,22.400501654241197
2022-12-21 06:00:00,2022-12-27 05:00:00,1.5,30.0,0.21396163473811905,3056.5947819731296,1,82.932,82.11803538333794,84.15294692499309,85.421,88.163,34.03713699561243,0.29522063535996634,NZDJPY_merged,44.78603836526188
2022-12-20 17:00:00,2022-12-27 19:00:00,1.5,30.0,0.20331069025261583,2904.4384321802263,1,131.653,130.29315365027543,133.69276952458682,133.618,142.251,32.11633968999915,0.490529167894691,USDJPY_merged,44.796689309747386
2022-12-27 14:00:00,2022-12-28 10:00:00,1.5,30.0,0.6029285828221057,8613.265468887224,1,1.35135,1.3466432485192243,1.3584101272211637,1.35182,1.37046,42.5258465648785,0.0018030097685207795,USDCAD_merged,44.39707141717789
2022-12-30 05:00:00,2022-12-30 12:00:00,-1.1,60.0,0.8840800437160545,12629.714910229352,1,132.12,131.49233737607335,132.93596141110464,133.618,138.171,34.14144163384893,0.2900653932157911,USDJPY_merged,-66.88408004371605
2022-12-30 05:00:00,2022-12-30 12:00:00,-1.1,30.0,0.38899521923506397,5557.074560500914,1,132.12,131.40674701826518,132.90457827990832,133.618,138.171,34.14144163384893,0.2900653932157911,USDJPY_merged,-33.38899521923506
2022-12-30 05:00:00,2022-12-30 12:00:00,-1.1,60.0,0.6576254413663666,9394.649162376667,1,97.511,96.88823486009136,98.13376513990863,104.527,110.347,32.016902732812504,0.20768920997171814,CADJPY_merged,-66.65762544136636
2022-12-30 05:00:00,2022-12-30 12:00:00,-1.1,60.0,0.6483253653917732,9261.79093416819,1,132.12,131.26409642191823,132.97590357808178,133.618,138.171,31.434424270803913,0.2900653932157911,USDJPY_merged,-66.64832536539177
2022-12-30 09:00:00,2022-12-30 13:00:00,-1.1,60.0,0.722707859354423,10324.397990777474,1,158.968,158.0441611467787,160.3537582798319,158.583,169.267,36.935765701472526,0.3490080712136706,GBPJPY_merged,-66.72270785935443
2023-01-01 20:00:00,2023-01-02 20:00:00,-1.1,30.0,0.3036937741763204,4338.482488233149,1,141.485,140.50665100089444,142.9525234986584,141.035,148.525,30.906815772168944,0.3512549467823429,CHFJPY_merged,-33.303693774176324
2023-01-02 19:00:00,2023-01-02 20:00:00,-1.1,15.0,0.21719474098556282,3102.7820140794693,1,157.766,157.00330059370538,158.9100491094419,158.583,169.267,37.37319757068765,0.2961611714769809,GBPJPY_merged,-16.717194740985562
2023-01-03 01:00:00,2023-01-03 04:00:00,-1.1,15.0,0.17257151117819247,2465.307302545607,1,156.672,155.7187395291559,158.10189070626615,158.583,169.267,32.30305777116991,0.3554123312426763,GBPJPY_merged,-16.67257151117819
2023-01-03 07:00:00,2023-01-03 20:00:00,1.1,30.0,0.22810309480829274,3258.615640118468,1,81.282,80.53368836423084,82.10514279934607,83.834,88.163,34.559028933163816,0.2963014647142576,NZDJPY_merged,32.77189690519171
2023-01-03 08:00:00,2023-01-04 09:00:00,1.5,15.0,0.14215607710016032,2030.801101430862,1,139.671,138.6393553950587,141.21846690741194,141.035,148.525,29.947928489480592,0.3777984091067967,CHFJPY_merged,22.35784392289984
2023-01-03 08:00:00,2023-01-04 10:00:00,1.5,30.0,0.28027150456722744,4003.8786366746776,1,156.582,155.4087726306756,158.3418410539866,158.583,169.267,43.05139405041857,0.4379908942120958,GBPJPY_merged,44.719728495432776
2023-01-03 08:00:00,2023-01-04 10:00:00,1.5,30.0,0.30651549066567435,4378.792723795348,1,137.984,137.03864353736023,139.40203469395968,138.801,146.725,31.978251171912486,0.34640830725706906,EURJPY_merged,44.693484509334326
2023-01-04 07:00:00,2023-01-05 08:00:00,1.5,30.0,0.2376156406642772,3394.5091523468177,-1,0.68713,0.6932027189336781,0.6780209215994829,0.66286,0.68927,64.32229441426905,0.0022335012205771105,AUDUSD_merged,44.76238435933572
2023-01-06 08:00:00,2023-01-06 10:00:00,1.5,60.0,0.7550328179723488,10786.183113890698,1,1.18589,1.1792932827693825,1.1957850758459265,1.19919,1.24464,48.428084876444004,0.0028572837036515615,GBPUSD_merged,89.24496718202765
2023-01-05 12:00:00,2023-01-09 01:00:00,1.5,60.0,0.719640590506244,10280.579864374915,1,1.61587,1.6064393840932099,1.630015923860185,1.62075,1.68454,36.48432386480443,0.003419762084345797,GBPCAD_merged,89.28035940949376
2023-01-09 09:00:00,2023-01-09 10:00:00,-0.15048225777944527,90.0,1.5464237649878148,22091.7680712545,1,1.33757,1.3321208526247548,1.3457437210628675,1.35182,1.37046,33.95472957899252,0.002175473965031376,USDCAD_merged,-15.089826965137888
2023-01-09 02:00:00,2023-01-09 10:00:00,-0.3520911933264383,89.99999999999999,0.9745997645266041,13922.853778951488,-1,91.389,91.97975604258909,90.50286593611635,87.021,91.057,70.74217986160447,0.21659863898566753,AUDJPY_merged,-32.662807163906045
2023-01-09 13:00:00,2023-01-11 07:00:00,1.5,15.0,0.1729525004802085,2470.7500068601216,1,0.91958,0.9139972012701806,0.9279541980947291,0.91997,0.95979,35.38563512006524,0.0019621526399911287,USDCHF_merged,22.327047499519793
2023-01-11 14:00:00,2023-01-11 17:00:00,1.0,15.0,0.22364617346508206,3194.9453352154583,-1,0.6426,0.6456169530269443,0.6395830469730556,0.61588,0.64414,67.27071209968663,0.0014318839915060107,AUDCHF_merged,14.776353826534917
2023-01-11 10:00:00,2023-01-12 05:00:00,1.1,15.0,0.3429104478334902,4898.720683335574,-1,0.8864,0.8891141780190143,0.8834144041790842,0.85466,0.88767,62.91283796233078,0.001163699828785283,EURGBP_merged,16.15708955216651
2023-01-11 18:00:00,2023-01-12 08:00:00,-1.1,60.00000000000001,0.8294760389897095,11849.657699852993,-1,0.64254,0.6457934610683714,0.6392865389316286,0.61588,0.64414,64.56887914195784,0.0015293195200282031,AUDCHF_merged,-66.82947603898972
2023-01-11 16:00:00,2023-01-12 08:00:00,-1.1,15.0,0.16280933738677808,2325.847676953973,-1,0.64308,0.6472273911191954,0.6389326088808046,0.61588,0.64414,63.41138781098815,0.0013922877273699888,AUDCHF_merged,-16.66280933738678
2023-01-11 14:00:00,2023-01-12 08:00:00,-1.1,59.99999999999999,0.7827616071277871,11182.308673254101,-1,0.6426,0.6460479463165077,0.6388072590518413,0.61588,0.64414,67.27071209968663,0.0014318839915060107,AUDCHF_merged,-66.78276160712778
2023-01-11 14:00:00,2023-01-12 08:00:00,-1.1,60.0,0.6262092857022297,8945.846938603281,-1,0.6426,0.6469099328956347,0.6382900671043652,0.61588,0.64414,69.08741595912062,0.0014318839915060107,AUDCHF_merged,-66.62620928570223
2023-01-09 14:00:00,2023-01-12 08:00:00,-1.1,60.0,0.7779080701748357,11112.972431069082,-1,1.0743,1.0801002483493787,1.0655996274759318,1.0573,1.07361,71.80785828090268,0.0020056946056613194,EURUSD_merged,-66.77790807017483
2023-01-11 10:00:00,2023-01-12 09:00:00,-1.1,14.999999999999998,0.32919402992015057,4702.771856002151,-1,0.8864,0.8892272687698065,0.8830072774762321,0.85612,0.88767,62.91283796233078,0.001163699828785283,EURGBP_merged,-16.82919402992015
2023-01-12 05:00:00,2023-01-12 09:00:00,-1.1,30.0,0.5541506126541423,7916.4373236306055,-1,1.0023,1.0060982995090788,0.9966025507363816,0.98159,0.99237,66.59756175154126,0.0013467830004598546,EURCHF_merged,-33.55415061265414
2023-01-11 10:00:00,2023-01-12 09:00:00,-1.1,15.0,0.3429104478334902,4898.720683335574,-1,0.8864,0.8891141780190143,0.8831429863771828,0.85612,0.88767,62.91283796233078,0.001163699828785283,EURGBP_merged,-16.84291044783349
2023-01-12 12:00:00,2023-01-13 01:00:00,-1.1,30.0,0.36147842762757265,5163.977537536753,1,158.043,157.12485309375657,158.96114690624344,164.024,169.267,29.28624540346129,0.43948332588995914,GBPJPY_merged,-33.361478427627574
2023-01-09 10:00:00,2023-01-13 03:00:00,-1.1,15.0,0.23070317460349912,3295.759637192845,1,1.33837,1.3322786728979121,1.3475069906531318,1.35182,1.37046,30.000958243112645,0.002197940110386285,USDCAD_merged,-16.730703174603498
2023-01-12 16:00:00,2023-01-13 09:00:00,-1.1,15.000000000000002,0.1042477247419902,1489.2532105998603,1,129.194,127.89273706754042,131.14589439868934,129.507,134.498,29.86020557449356,0.4443984214789387,USDJPY_merged,-16.604247724741995
2023-01-12 16:00:00,2023-01-13 09:00:00,-1.1,15.0,0.10065297561295605,1437.899651613658,1,129.194,127.84626339138116,130.54173660861883,130.566,138.171,32.43566999772436,0.4443984214789387,USDJPY_merged,-16.600652975612956
2023-01-15 19:00:00,2023-01-16 12:00:00,1.0,15.0,0.15891898501580481,2270.2712145114974,1,138.141,137.2282830581848,139.0537169418152,141.035,148.525,35.51847875032128,0.317534981369396,CHFJPY_merged,14.841081014984194
2023-01-13 14:00:00,2023-01-17 05:00:00,1.5,15.0,0.1478581642451187,2112.2594892159814,1,137.98,137.00014879773684,139.44977680339468,138.949,144.864,31.75772858801903,0.33323636809747004,CHFJPY_merged,22.352141835754882
2023-01-11 10:00:00,2023-01-17 10:00:00,1.0,15.000000000000002,0.27432835826679214,3918.97654666846,-1,0.8864,0.8897927225237678,0.8830072774762321,0.85612,0.88767,64.1999265765948,0.001163699828785283,EURGBP_merged,14.725671641733209
2023-01-13 14:00:00,2023-01-17 21:00:00,1.5,30.0,0.2688569661730559,3840.813802472227,1,95.442,94.69651736344079,96.5602239548388,95.394,99.296,31.71026296652607,0.2592978131446357,CADJPY_merged,44.731143033826946
2023-01-13 13:00:00,2023-01-17 21:00:00,1.5,15.0,0.10983672022483842,1569.0960032119776,1,127.703,126.48220471655091,129.53419292517364,129.507,134.498,33.79645216513614,0.41985557869485074,USDJPY_merged,22.390163279775162
2023-01-13 14:00:00,2023-01-17 21:00:00,1.5,30.0,0.2688569661730559,3840.813802472227,1,95.442,94.69651736344079,96.5602239548388,95.394,101.204,32.220682223917386,0.2592978131446357,CADJPY_merged,44.731143033826946
2023-01-18 06:00:00,2023-01-18 06:00:00,-1.1,29.999999999999996,0.5172168127184024,7388.811610262892,-1,1.64933,1.656026597857668,1.641963742356565,1.61019,1.64347,68.391276642677,0.003077374171121602,GBPCAD_merged,-33.5172168127184
2023-01-18 06:00:00,2023-01-18 08:00:00,-1.1,30.0,0.4137734501747219,5911.0492882103135,-1,1.64933,1.657700747322085,1.6409592526779149,1.61019,1.64347,70.0587609200285,0.003077374171121602,GBPCAD_merged,-33.41377345017472
2023-01-18 11:00:00,2023-01-18 19:00:00,1.2,60.0,0.8231555707292927,11759.365296132753,-1,0.9398,0.9445951567605901,0.9340458118872919,0.90421,0.93447,57.506354400323104,0.0020188404133235655,AUDCAD_merged,71.1768444292707
2023-01-18 10:00:00,2023-01-19 05:00:00,1.5,59.99999999999999,0.6162219547743499,8803.170782490713,-1,0.87063,0.8765639755288969,0.8617290367066547,0.84298,0.86252,62.17566662172608,0.0022550429049913337,NZDCAD_merged,89.38377804522564
2023-01-19 16:00:00,2023-01-20 02:00:00,1.0,15.0,0.2418109103432863,3454.441576332662,-1,1.93587,1.9442760040844076,1.9274639959155924,1.89363,1.93893,66.43489158489476,0.0038962262958265343,GBPNZD_merged,14.758189089656714
2023-01-19 16:00:00,2023-01-20 02:00:00,1.1,15.0,0.21158454655037554,3022.6363792910793,-1,1.93587,1.9454768618107516,1.9253024520081732,1.89363,1.93893,66.43489158489476,0.0038962262958265343,GBPNZD_merged,16.288415453449623
2023-01-19 14:00:00,2023-01-20 02:00:00,1.2,14.999999999999998,0.19131958770751026,2733.136967250147,-1,1.936,1.9466251535682155,1.9232498157181412,1.89363,1.93893,66.93318409880123,0.004170771325337251,GBPNZD_merged,17.808680412292485
2023-01-18 11:00:00,2023-01-20 03:00:00,1.2,15.0,0.18237918024002808,2605.41686057183,1,0.913,0.9077436434425338,0.9193076278689596,0.91665,0.94086,37.66794330622953,0.002195137953781607,USDCHF_merged,17.817620819759973
2023-01-19 09:00:00,2023-01-20 10:00:00,1.2,60.0,0.8306734532676178,11866.763618108826,-1,1.93161,1.9413764876228883,1.919890214852534,1.89363,1.92438,66.50762376197697,0.004071557711236527,GBPNZD_merged,71.16932654673238
2023-01-19 09:00:00,2023-01-20 10:00:00,1.0,15.0,0.16613469065352354,2373.352723621765,-1,1.93161,1.9438181095286102,1.9194018904713899,1.89363,1.93893,67.17106993156361,0.004071557711236527,GBPNZD_merged,14.833865309346477
2023-01-19 09:00:00,2023-01-20 10:00:00,1.0,15.0,0.16613469065352354,2373.352723621765,-1,1.93161,1.9438181095286102,1.9194018904713899,1.89363,1.93893,67.86029140118016,0.004071557711236527,GBPNZD_merged,14.833865309346477
2023-01-18 23:00:00,2023-01-23 05:00:00,1.5,90.0,1.4421171127755177,20601.673039650253,-1,1.66503,1.6723038121662057,1.6541192817506916,1.61019,1.64347,70.54600369,0.002537233626547803,GBPCAD_merged,133.55788288722448
2023-01-18 23:00:00,2023-01-23 05:00:00,1.5,90.0,1.4421171127755177,20601.673039650253,-1,1.66503,1.6723038121662057,1.6541192817506916,1.61019,1.64347,70.26643446558789,0.002537233626547803,GBPCAD_merged,133.55788288722448
2023-01-23 04:00:00,2023-01-23 08:00:00,1.0,30.0,0.6449201951862057,9213.145645517225,-1,1.08996,1.0935091461068902,1.0864108538931099,1.04823,1.07361,64.05501664246384,0.0017636360336589429,EURUSD_merged,29.355079804813794
2023-01-23 04:00:00,2023-01-23 09:00:00,1.1,30.0,0.5643051707879301,8061.502439827573,-1,1.08996,1.0940161669793032,1.0854982163227667,1.04823,1.07361,64.05501664246384,0.0017636360336589429,EURUSD_merged,32.43569482921207
2023-01-23 04:00:00,2023-01-23 09:00:00,1.0,29.999999999999996,0.4514441366303439,6449.201951862056,-1,1.08996,1.0950302087241288,1.0848897912758713,1.04823,1.07361,65.49200813140845,0.0017636360336589429,EURUSD_merged,29.548555863369653
2023-01-23 07:00:00,2023-01-23 10:00:00,-1.1,90.0,1.0110421511055097,14443.459301507282,-1,0.69896,0.7033153555063804,0.6924269667404295,0.66286,0.68927,62.55937715814068,0.0015979495301771509,AUDUSD_merged,-100.01104215110553
2023-01-20 14:00:00,2023-01-24 04:00:00,1.2,90.0,1.552273659697262,22175.33799567517,-1,1.14119,1.1458215911856688,1.135632090577197,1.10966,1.12679,64.43533433968959,0.0018598418277886019,GBPCHF_merged,106.44772634030274
2023-01-18 09:00:00,2023-01-24 07:00:00,1.5,30.000000000000004,0.3964811641624533,5664.016630892191,1,0.87593,0.8712905538767882,0.8828891691848177,0.87687,0.88767,34.53915948865968,0.0016500203980039175,EURGBP_merged,44.603518835837555
2023-01-18 09:00:00,2023-01-24 07:00:00,1.5,60.00000000000001,0.7929623283249067,11328.033261784381,1,0.87593,0.8712905538767882,0.8828891691848177,0.87687,0.88767,34.490308955176566,0.0016500203980039175,EURGBP_merged,89.20703767167511
2023-01-24 12:00:00,2023-01-24 19:00:00,-1.1,90.0,1.1867815725240238,16954.022464628913,1,1.74988,1.74059080622144,1.7610270325342723,1.74722,1.82746,33.750388681042104,0.0037697475928952914,GBPAUD_merged,-100.18678157252404
2023-01-23 20:00:00,2023-01-24 19:00:00,-1.1,90.0,1.0114396151168414,14449.137358812022,-1,91.702,92.27318842426719,90.84521736359922,87.409,91.817,73.51644268397466,0.20113901825187375,AUDJPY_merged,-100.01143961511686
2023-01-20 10:00:00,2023-01-25 04:00:00,1.2,90.0,1.1358245997830827,16226.065711186897,-1,160.965,161.8578134680246,159.89362383837047,155.342,161.225,62.49979005431968,0.38321949655714094,GBPJPY_merged,106.86417540021692
2023-01-20 10:00:00,2023-01-25 04:00:00,1.0,30.0,0.30288655994215535,4326.950856316505,-1,160.965,162.08101683503077,159.84898316496924,155.342,161.225,63.453063038252374,0.38321949655714094,GBPJPY_merged,29.697113440057844
2023-01-20 10:00:00,2023-01-25 04:00:00,1.2,60.0,0.7269277438611729,10384.682055159614,-1,160.965,161.8950140291923,159.84898316496924,155.342,161.225,62.49979005431968,0.38321949655714094,GBPJPY_merged,71.27307225613883
2023-01-23 12:00:00,2023-01-25 10:00:00,1.5,90.0,0.8214476389144111,11734.966270205874,-1,84.634,85.28309091552646,83.66036362671032,81.104,84.672,71.23003750833321,0.22197402810826275,NZDJPY_merged,134.1785523610856
2023-01-25 03:00:00,2023-01-25 10:00:00,1.5,89.99999999999999,0.9188885031257701,13126.97861608243,-1,92.553,93.1875534828399,91.60116977574015,87.409,91.817,65.4616074737243,0.2246529407377219,AUDJPY_merged,134.0811114968742
2023-01-25 03:00:00,2023-01-25 22:00:00,-1.1,90.0,1.2601834671967362,18002.620959953376,-1,0.94882,0.953563409317452,0.941704886023822,0.90421,0.93447,72.86277766716228,0.0016916408450733762,AUDCAD_merged,-100.26018346719675
2023-01-25 08:00:00,2023-01-26 00:00:00,-1.1,59.99999999999999,0.9676702966897465,13823.861381282093,-1,1.09257,1.0973121048426284,1.0868794741888461,1.04696,1.09368,67.16683900985795,0.0019156389415476618,AUDNZD_merged,-66.96767029668975
2023-01-25 08:00:00,2023-01-26 00:00:00,-1.1,89.99999999999999,1.5119848385777286,21599.78340825327,-1,1.09257,1.0971224206489232,1.0871070952212922,1.04696,1.09368,67.16683900985795,0.0019156389415476618,AUDNZD_merged,-100.51198483857772
2023-01-25 08:00:00,2023-01-26 06:00:00,-1.1,30.000000000000004,0.4031959569540611,5759.942242200873,-1,1.09257,1.098260525811154,1.0868794741888461,1.04696,1.09368,67.94390537418843,0.0019156389415476618,AUDNZD_merged,-33.403195956954065
2023-01-22 22:00:00,2023-01-26 09:00:00,-1.1,90.0,1.7361813427757262,24802.590611081803,1,1.33769,1.3328359868895225,1.3449710196657165,1.34838,1.36849,32.24776849764027,0.001689749245821658,USDCAD_merged,-100.73618134277574
2023-01-22 22:00:00,2023-01-26 09:00:00,-1.1,90.0,1.7361813427757262,24802.590611081803,1,1.33769,1.3328359868895225,1.3449710196657165,1.35182,1.36849,31.150164552740012,0.001689749245821658,USDCAD_merged,-100.73618134277574
2023-01-25 05:00:00,2023-01-27 08:00:00,-1.1,90.0,1.2344290769523323,17634.701099319034,1,1.53436,1.5265292803738344,1.5461060794392483,1.53848,1.59778,31.925629622143283,0.0027919223250038754,EURAUD_merged,-100.23442907695235
2023-01-25 06:00:00,2023-01-30 03:00:00,1.5,60.0,0.7613422391053143,10876.317701504491,1,1.73602,1.7264431190317664,1.7503853214523502,1.77029,1.82746,31.402319199346948,0.0033602921578325565,GBPAUD_merged,89.23865776089468
2023-01-25 09:00:00,2023-01-30 19:00:00,1.0,30.0,0.35260531544870505,5037.2187921243585,1,1.74265,1.7322713561178367,1.7530286438821634,1.77029,1.82746,45.07716814044134,0.003761782523845427,GBPAUD_merged,29.647394684551294
2023-01-18 11:00:00,2023-01-31 16:00:00,1.5,89.99999999999999,0.8655001621831672,12364.288031188105,-1,0.86744,0.8737541201339757,0.8579688197990364,0.84298,0.86252,62.67095561445292,0.002241825554634827,NZDCAD_merged,134.1344998378168
2023-02-02 02:00:00,2023-02-02 04:00:00,-1.1,90.0,2.154676528216521,30781.09326023602,-1,0.88859,0.8911881240927304,0.8846928138609044,0.87215,0.88964,67.38008112178981,0.0009287656429973164,EURGBP_merged,-101.15467652821654
2023-02-01 21:00:00,2023-02-02 09:00:00,1.0,30.0,0.38436901444821997,5490.985920688857,-1,0.71417,0.7180718675898029,0.710268132410197,0.66286,0.68927,65.29245626624594,0.0018067441723618378,AUDUSD_merged,29.61563098555178
2023-02-01 21:00:00,2023-02-02 09:00:00,1.1,30.000000000000004,0.3363228876421925,4804.6126806027505,-1,0.71417,0.718629277245489,0.709264795029962,0.66286,0.68927,65.29245626624594,0.0018067441723618378,AUDUSD_merged,32.66367711235782
2023-02-02 02:00:00,2023-02-02 09:00:00,1.0,60.0,0.8508573036756983,12155.104338224262,1,0.90758,0.9031000055478953,0.9120599944521048,0.9085,0.94086,33.16395566663893,0.0015201952679153368,USDCHF_merged,59.149142696324304
2023-02-01 21:00:00,2023-02-02 10:00:00,1.0,30.0,0.269058310113754,3843.6901444821997,-1,0.71417,0.7197440965568613,0.7085959034431386,0.66286,0.68927,67.20468607569968,0.0018067441723618378,AUDUSD_merged,29.730941689886247
2023-02-02 09:00:00,2023-02-03 04:00:00,1.0,30.0,0.47265533832060486,6752.219118865784,1,1.72654,1.718869010790648,1.734210989209352,1.74581,1.79602,39.84394675457913,0.0038826482898495543,GBPAUD_merged,29.527344661679397
2023-02-02 09:00:00,2023-02-03 07:00:00,1.2,90.0,1.2407202630915881,17724.57518702269,1,1.72654,1.7177731551893118,1.7370602137728257,1.73151,1.79602,39.84394675457913,0.0038826482898495543,GBPAUD_merged,106.75927973690841
2023-02-03 05:00:00,2023-02-03 09:00:00,-1.1,60.0,1.4100279531879798,20143.256474113998,-1,0.89248,0.8951383983611992,0.8898216016388009,0.87215,0.88964,59.54151390225039,0.0013133394114146152,EURGBP_merged,-67.41002795318798
2023-02-03 05:00:00,2023-02-03 09:00:00,-1.1,30.0,0.6168872295197412,8812.674707424874,-1,0.89248,0.8955181695556563,0.8891380134887782,0.87215,0.88964,59.54151390225039,0.0013133394114146152,EURGBP_merged,-33.61688722951974
2023-02-02 10:00:00,2023-02-03 15:00:00,1.0,60.0,0.6307524256249556,9010.748937499366,1,1.89213,1.8795308475003072,1.904729152499693,1.89363,1.94035,34.101656836509925,0.004606354248670135,GBPNZD_merged,59.369247574375045
2023-02-03 15:00:00,2023-02-06 06:00:00,1.0,30.0,0.6083336157573525,8690.480225105035,-1,0.89619,0.8992836955500264,0.8930963044499737,0.87215,0.88964,63.52549206627349,0.0014151034745014757,EURGBP_merged,29.391666384242647
2023-02-03 15:00:00,2023-02-06 09:00:00,1.1,30.000000000000004,0.5322919137876834,7604.170196966906,-1,0.89619,0.8997256520571731,0.8923007827371097,0.87215,0.88964,63.52549206627349,0.0014151034745014757,EURGBP_merged,32.467708086212326
2023-02-03 12:00:00,2023-02-06 09:00:00,1.0,29.999999999999996,0.3869315547205367,5527.593638864811,-1,0.89667,0.901536511859856,0.891803488140144,0.87215,0.88964,66.82240534813822,0.0016063012899554152,EURGBP_merged,29.61306844527946
2023-02-03 12:00:00,2023-02-06 09:00:00,1.0,29.999999999999996,0.3869315547205367,5527.593638864811,-1,0.89667,0.901536511859856,0.891803488140144,0.87215,0.88964,66.63911421999234,0.0016063012899554152,EURGBP_merged,29.61306844527946
2023-02-03 13:00:00,2023-02-06 09:00:00,1.2,90.0,1.4649197598946788,20927.425141352556,-1,0.89642,0.900275123095893,0.8917938522849284,0.87215,0.88964,66.22216536198246,0.0015472797692443144,EURGBP_merged,106.53508024010532
2023-02-05 20:00:00,2023-02-06 10:00:00,-1.1,90.0,0.9950051163547902,14214.358805068432,1,0.58556,0.5818524532353011,0.5900090561176385,0.58352,0.60181,36.751119420340025,0.0014944674982465894,NZDCHF_merged,-99.9950051163548
2023-02-03 13:00:00,2023-02-06 17:00:00,1.2,60.0,0.9375486463325945,13393.552090465637,-1,0.89642,0.9004357532248886,0.8916010961301337,0.87215,0.88964,66.22216536198246,0.0015472797692443144,EURGBP_merged,71.0624513536674
2023-02-06 06:00:00,2023-02-06 22:00:00,1.0,90.0,0.987026663731557,14100.380910450818,1,0.5832,0.5794775473702914,0.5869224526297087,0.58352,0.60181,35.12186948949279,0.0012576326154239408,NZDCHF_merged,89.01297333626844
2023-02-07 12:00:00,2023-02-08 17:00:00,-1.1,90.0,1.8960021460143768,27085.744943062527,1,0.98901,0.9857237363145406,0.9929535164225511,0.98749,1.00689,37.09995084372293,0.001397899640207497,EURCHF_merged,-100.8960021460144
2023-02-10 14:00:00,2023-02-13 09:00:00,1.0,90.0,1.1624233645613624,16606.048065162322,1,0.84252,0.8379537841428344,0.8470862158571657,0.84298,0.87334,29.654214071718478,0.001573517392688541,NZDCAD_merged,88.83757663543864
2023-02-12 20:00:00,2023-02-13 10:00:00,1.0,30.0,0.7163990017583346,10234.271453690495,1,1.42537,1.4211917739099953,1.4295482260900048,1.42344,1.46417,31.22718074000732,0.0019368006520429104,EURCAD_merged,29.283600998241667
2023-02-10 16:00:00,2023-02-13 10:00:00,1.2,90.0,1.4842876950287083,21204.109928981547,1,1.60849,1.6016628282637255,1.6166826060835293,1.61019,1.66921,32.10653134009472,0.0027350366836776225,GBPCAD_merged,106.51571230497129
2023-02-12 19:00:00,2023-02-13 20:00:00,1.2,90.0,1.8299552714725837,26142.218163894053,1,1.42615,1.4212401832738404,1.4320417800713916,1.44404,1.46409,31.302209233947835,0.0019896314714308114,EURCAD_merged,106.17004472852742
2023-02-13 13:00:00,2023-02-14 09:00:00,-1.1,30.0,0.4687217409973066,6696.0248713900955,-1,142.093,142.7296150188918,141.392723479219,137.91,142.291,65.0657299261957,0.25830938230932765,EURJPY_merged,-33.46872174099731
2023-02-13 06:00:00,2023-02-14 09:00:00,-1.1,60.0,0.7159916501607746,10228.452145153924,-1,143.591,144.43330339818152,142.7486966018185,137.402,143.914,68.47880111792205,0.2798558137228452,CHFJPY_merged,-66.71599165016077
2023-02-13 13:00:00,2023-02-14 12:00:00,-1.1,60.0,0.7499547855956906,10713.639794224153,-1,142.093,142.88876877361474,141.29723122638524,137.91,142.291,66.80216310464644,0.25830938230932765,EURJPY_merged,-66.74995478559569
2023-02-13 12:00:00,2023-02-14 12:00:00,-1.1,89.99999999999999,1.3355715150665075,19079.59307237868,-1,142.224,142.8948822327312,141.41894132072255,137.91,142.291,64.62309213741135,0.2652562578715853,EURJPY_merged,-100.33557151506649
2023-02-13 15:00:00,2023-02-15 04:00:00,-1.1,60.0,0.9976966140972137,14252.80877281734,-1,143.968,144.57406159373122,143.24072608752252,140.235,143.914,63.74884327632467,0.23425144910016665,CHFJPY_merged,-66.99769661409721
2023-02-13 15:00:00,2023-02-15 04:00:00,-1.1,90.0,1.5589009595268968,22270.013707527098,-1,143.968,144.54981912998196,143.26981704402164,140.235,143.914,63.74884327632467,0.23425144910016665,CHFJPY_merged,-100.55890095952691
2023-02-14 19:00:00,2023-02-15 10:00:00,-1.1,30.0,0.5165685785266344,7379.551121809063,-1,99.678,100.08321976887761,99.23225825423462,96.046,99.077,58.819695611346276,0.17742431533955283,CADJPY_merged,-33.51656857852664
2023-02-14 18:00:00,2023-02-15 13:00:00,-1.1,30.0,0.40654031878148417,5807.7188397354885,-1,99.749,100.2642573811814,99.2337426188186,96.046,99.077,65.22233124532364,0.16884157036567216,CADJPY_merged,-33.40654031878148
2023-02-15 08:00:00,2023-02-15 14:00:00,1.0,59.99999999999999,1.2592860281106146,17989.80040158021,-1,1.70519,1.7108771892803776,1.6995028107196224,1.66633,1.7039,61.31183930645036,0.002824029273636375,EURNZD_merged,58.74071397188938
2023-02-15 08:00:00,2023-02-16 00:00:00,1.1,29.999999999999996,0.550937637298394,7870.537675691343,-1,1.70519,1.7116896448918602,1.6980403906189538,1.66633,1.7039,61.31183930645036,0.002824029273636375,EURNZD_merged,32.4490623627016
2023-02-15 13:00:00,2023-02-16 19:00:00,-1.1,60.0,1.4486566581100417,20695.09511585774,-1,0.88852,0.8910960306827075,0.8859439693172925,0.87215,0.88964,62.26589498376462,0.0011797754719455056,EURGBP_merged,-67.44865665811004
2023-02-15 08:00:00,2023-02-17 03:00:00,-1.1,60.0,0.8815002196774304,12592.86028110615,-1,1.70519,1.713314556114825,1.6970654438851749,1.66633,1.7039,61.754435130338756,0.002824029273636375,EURNZD_merged,-66.88150021967743
2023-02-15 12:00:00,2023-02-17 03:00:00,-1.1,30.0,0.4974778313290428,7106.826161843469,-1,0.888,0.8917485087426269,0.8842514912573731,0.87215,0.88964,63.454615893791775,0.0012266812774797697,EURGBP_merged,-33.49747783132904
2023-02-17 03:00:00,2023-02-17 04:00:00,-1.1,30.0,0.6493166321041978,9275.951887202826,-1,0.92898,0.9319844787143031,0.9256750734142667,0.90591,0.92906,67.50270041807694,0.001356018550176771,USDCHF_merged,-33.649316632104195
2023-02-17 03:00:00,2023-02-17 05:00:00,-1.1,15.0,0.25972665284167906,3710.3807548811296,-1,0.92898,0.9327355983928788,0.9252244016071213,0.90591,0.92906,69.18343018200893,0.001356018550176771,USDCHF_merged,-16.759726652841678
2023-02-17 09:00:00,2023-02-17 10:00:00,1.1,15.000000000000002,0.28069100938152736,4009.871562593248,-1,0.93006,0.933539138865729,0.926232947247698,0.90591,0.92906,62.04106123840404,0.0014889525373356595,USDCHF_merged,16.219308990618476
2023-02-17 09:00:00,2023-02-17 10:00:00,1.0,15.0,0.22455280750522186,3207.897250074598,-1,0.93006,0.9344089235821613,0.9257110764178387,0.90591,0.92906,62.4629190370335,0.0014889525373356595,USDCHF_merged,14.775447192494779
2023-02-17 09:00:00,2023-02-17 10:00:00,1.2,15.000000000000002,0.2694633690062662,3849.476700089518,-1,0.93006,0.9336841029851345,0.9257110764178387,0.90591,0.92906,62.04106123840404,0.0014889525373356595,USDCHF_merged,17.730536630993733
2023-02-17 09:00:00,2023-02-17 10:00:00,1.2,90.00000000000001,1.6841460562891641,24059.229375559487,-1,0.93006,0.933539138865729,0.925885033361125,0.90591,0.92906,62.04106123840404,0.0014889525373356595,USDCHF_merged,106.31585394371085
2023-02-17 09:00:00,2023-02-19 23:00:00,1.0,90.0,1.0186436748037662,14552.05249719666,1,0.62124,0.6173978203479701,0.62508217965203,0.61908,0.65375,35.27555617841367,0.001340254568383975,NZDUSD_merged,88.98135632519623
2023-02-17 11:00:00,2023-02-20 03:00:00,1.2,90.0,1.3705695285387864,19579.564693411237,-1,0.92775,0.9320145227974909,0.9226325726430109,0.90591,0.92906,50.71036730497696,0.0017913927490292134,USDCHF_merged,106.62943047146122
2023-02-17 11:00:00,2023-02-20 03:00:00,1.2,30.0,0.4385822491324116,6265.460701891595,-1,0.92775,0.9321922112473863,0.9224193465031364,0.90591,0.92906,50.71036730497696,0.0017913927490292134,USDCHF_merged,35.56141775086759
2023-02-17 11:00:00,2023-02-20 03:00:00,1.1,30.0,0.45685650951292883,6526.521564470412,-1,0.92775,0.9320145227974909,0.9230590249227599,0.90591,0.92906,50.71036730497696,0.0017913927490292134,USDCHF_merged,32.54314349048707
2023-02-17 11:00:00,2023-02-20 03:00:00,1.0,30.0,0.36548520761034303,5221.2172515763295,-1,0.92775,0.9330806534968635,0.9224193465031364,0.90591,0.92906,49.663125749947866,0.0017913927490292134,USDCHF_merged,29.634514792389655
2023-02-17 07:00:00,2023-02-20 08:00:00,1.0,29.999999999999996,0.6776612839854234,9680.875485506049,-1,1.71363,1.7189403564937868,1.7083196435062131,1.66633,1.7039,59.062825389683276,0.0026145453884092148,EURNZD_merged,29.322338716014574
2023-02-17 07:00:00,2023-02-20 08:00:00,1.2,89.99999999999999,1.7788608704617368,25412.29814945338,-1,1.71363,1.7196989788500423,1.7063472253799492,1.66633,1.71069,59.062825389683276,0.0026145453884092148,EURNZD_merged,106.22113912953824
2023-02-15 13:00:00,2023-02-21 03:00:00,-1.1,90.0,1.4416109135685027,20594.441622407183,-1,145.106,145.74012935584477,144.34504477298626,140.235,143.914,65.75026699345612,0.2602762388685165,CHFJPY_merged,-100.44161091356851
2023-02-26 19:00:00,2023-02-26 23:00:00,-1.1,30.0,0.6495418375042491,9279.16910720356,-1,1.56718,1.5722467683126393,1.5621132316873607,1.52555,1.56508,65.89557946544771,0.002353264900146631,EURAUD_merged,-33.64954183750425
2023-02-26 19:00:00,2023-02-27 00:00:00,-1.1,30.0,0.5683491078162181,8119.272968803116,-1,1.56718,1.572970592357302,1.5608103484069678,1.52555,1.56508,65.89557946544771,0.002353264900146631,EURAUD_merged,-33.56834910781622
2023-02-26 19:00:00,2023-02-27 07:00:00,-1.1,30.0,0.45467928625297444,6495.418375042493,-1,1.56718,1.5744182404466276,1.5599417595533724,1.53549,1.56508,67.4851937589298,0.002353264900146631,EURAUD_merged,-33.454679286252976
2023-02-27 07:00:00,2023-02-27 10:00:00,1.0,30.0,0.529839766887644,7569.1395269663435,-1,0.9402,0.9439264473589781,0.936473552641022,0.90591,0.94086,66.13041860791434,0.00123699561111225,USDCHF_merged,29.470160233112356
2023-02-27 07:00:00,2023-02-27 10:00:00,1.1,30.000000000000004,0.6622997086095551,9461.424408707931,-1,0.9402,0.9431811578871825,0.9369207263240994,0.90591,0.92906,66.04790210774183,0.00123699561111225,USDCHF_merged,32.337700291390455
2023-02-27 07:00:00,2023-02-27 10:00:00,1.0,30.0,0.529839766887644,7569.1395269663435,-1,0.9402,0.9439264473589781,0.936473552641022,0.91357,0.92906,66.13962962097045,0.00123699561111225,USDCHF_merged,29.470160233112356
2023-02-27 07:00:00,2023-02-27 10:00:00,1.2,59.99999999999999,1.2716154405303455,18165.934864719224,-1,0.9402,0.9433053727991484,0.936473552641022,0.91357,0.92906,66.04790210774183,0.00123699561111225,USDCHF_merged,70.72838455946965
2023-02-27 07:00:00,2023-02-27 10:00:00,1.2,90.00000000000001,1.9868991258286655,28384.273226123794,-1,0.9402,0.9431811578871825,0.9366226105353811,0.91357,0.92906,66.04790210774183,0.00123699561111225,USDCHF_merged,106.01310087417134
2023-02-27 03:00:00,2023-02-28 10:00:00,1.2,90.0,1.1789332445978276,16841.90349425468,1,0.61491,0.6116240353215491,0.6188531576141411,0.62696,0.63899,38.34891089677643,0.0013720696672578135,NZDUSD_merged,106.82106675540217
2023-02-28 09:00:00,2023-02-28 11:00:00,1.2,90.0,1.7831967851764663,25474.239788235234,-1,100.617,100.97247792889122,100.19042648533055,96.046,99.077,60.70462081411981,0.15603610344005278,CADJPY_merged,106.21680321482353
2023-02-28 09:00:00,2023-02-28 11:00:00,1.2,60.0,1.1412459425129386,16303.513464470552,-1,100.617,100.98728950926169,100.17265258888598,96.046,99.077,60.70462081411981,0.15603610344005278,CADJPY_merged,70.85875405748706
2023-02-28 13:00:00,2023-03-01 01:00:00,-1.1,90.0,1.3880401631353556,19829.14518764794,-1,99.73,100.18265188766641,99.18681773480031,96.046,99.077,44.414393963311646,0.1925617422518819,CADJPY_merged,-100.38804016313537
2023-02-28 13:00:00,2023-03-01 02:00:00,-1.1,90.0,1.3325185566099411,19035.979380142016,-1,99.73,100.20151238298584,99.164185140417,96.046,99.077,44.414393963311646,0.1925617422518819,CADJPY_merged,-100.33251855660995
2023-02-24 14:00:00,2023-03-01 03:00:00,1.2,90.0,1.0984198441793829,15691.712059705469,1,0.6724,0.6685434418519953,0.6770278697776055,0.68549,0.70294,30.065666250236436,0.0015671207120256097,AUDUSD_merged,106.90158015582061
2023-02-28 11:00:00,2023-03-01 06:00:00,1.1,30.0,0.5610929013850693,8015.612876929562,-1,100.058,100.43248664825613,99.64606468691827,96.046,99.077,46.06049311647024,0.18860495319433437,CADJPY_merged,32.43890709861493
2023-02-28 11:00:00,2023-03-01 06:00:00,1.0,30.0,0.44887432110805536,6412.4903015436485,-1,100.058,100.52610831032017,99.58989168967985,96.046,99.077,44.440825443441135,0.18860495319433437,CADJPY_merged,29.551125678891946
2023-03-06 07:00:00,2023-03-06 17:00:00,-1.1,89.99999999999999,1.2563721360697955,17948.173372425652,1,0.57738,0.5744847638708552,0.5802752361291448,0.58352,0.60181,31.669110075286685,0.0010163317654896947,NZDCHF_merged,-100.25637213606979
2023-03-06 13:00:00,2023-03-07 02:00:00,1.0,15.0,0.2696570172559594,3852.243103656563,-1,1.72583,1.7325500976946204,1.7191099023053795,1.66633,1.7039,67.88384443136142,0.0030343289125872737,EURNZD_merged,14.730342982744041
2023-03-06 13:00:00,2023-03-07 04:00:00,1.1,30.0,0.471899780197929,6741.425431398986,-1,1.72583,1.7335101116509948,1.7173818771839058,1.66633,1.71069,67.88384443136142,0.0030343289125872737,EURNZD_merged,32.52810021980207
2023-03-06 22:00:00,2023-03-07 14:00:00,-1.1,90.0,1.2033688347853855,17190.983354076936,1,0.57779,0.5747650945057098,0.5808149054942903,0.58352,0.60181,36.20090272836279,0.0010757086558072432,NZDCHF_merged,-100.2033688347854
2023-03-07 04:00:00,2023-03-08 07:00:00,1.0,90.00000000000001,1.6835187316401115,24050.267594858735,1,0.68297,0.680414215547392,0.6855257844526079,0.6821,0.69276,39.594822181296514,0.0009076403419680508,CADCHF_merged,88.31648126835991
2023-03-08 00:00:00,2023-03-08 10:00:00,1.0,30.0,0.39608387152342966,5658.341021763282,1,0.60984,0.6066066848057351,0.613073315194265,0.61908,0.65375,31.432385411236645,0.0014932686233144633,NZDUSD_merged,29.60391612847657
2023-03-08 00:00:00,2023-03-09 03:00:00,1.0,30.0,0.5205549318418752,7436.499026312503,1,1.18222,1.1774507396431428,1.1869892603568573,1.18408,1.24476,28.882119191148583,0.0022059994775219293,GBPUSD_merged,29.479445068158125
2023-03-08 05:00:00,2023-03-09 09:00:00,0.6675215044905805,90.0,1.1813554142526042,16876.50591789435,1,0.66015,0.6566295141666734,0.664374582999992,0.68549,0.70294,33.793088343422674,0.0014392355902751802,AUDUSD_merged,58.89557998989963
2023-03-08 04:00:00,2023-03-09 09:00:00,1.2,90.0,1.4551123152116008,20787.318788737157,1,1.18374,1.1786149234529602,1.189890091856448,1.19145,1.22696,32.63870308938411,0.002090059378319038,GBPUSD_merged,106.54488768478839
2023-03-08 00:00:00,2023-03-09 09:00:00,0.7162078519614318,30.0,0.2799717188897921,3999.5959841398876,1,0.65896,0.6540173007677796,0.6639026992322203,0.66286,0.71573,28.07521621369743,0.0016120259528301295,AUDUSD_merged,21.20626383995316
2023-03-08 00:00:00,2023-03-09 09:00:00,1.1,30.0,0.3499646486122401,4999.494980174859,1,0.65896,0.6550058406142236,0.663309575324354,0.68549,0.71573,28.7302199331924,0.0016120259528301295,AUDUSD_merged,32.65003535138776
2023-03-08 02:00:00,2023-03-09 09:00:00,1.0,30.0,0.42121307526552526,6017.329646650362,1,0.65969,0.6564010493919813,0.6629789506080187,0.66286,0.71573,30.795216822663804,0.0015142978878994549,AUDUSD_merged,29.578786924734473
2023-03-06 20:00:00,2023-03-09 10:00:00,0.06244015945504593,30.0,0.4110628693781793,5872.326705402562,-1,1.7242,1.7330084336234923,1.7153915663765076,1.66633,1.7039,62.76593224328493,0.0029107056453666984,EURNZD_merged,1.4621419142731986
2023-03-09 07:00:00,2023-03-09 10:00:00,0.2549464260149014,15.000000000000002,0.27166520380564857,3880.931482937837,1,0.67994,0.677311996891767,0.682568003108233,0.6821,0.69276,36.467515999239225,0.000887907399187914,CADCHF_merged,3.5525311864178732
2023-03-06 13:00:00,2023-03-09 10:00:00,0.2270800320688251,30.0,0.3775198241583432,5393.140345119189,-1,1.72583,1.7354301395637435,1.7162298604362565,1.66633,1.71069,70.03958941024162,0.0030343289125872737,EURNZD_merged,6.434881137906411
2023-03-06 20:00:00,2023-03-09 10:00:00,0.07492819134605509,60.0,0.9865508865076301,14093.584092966146,-1,1.7242,1.7315403613529103,1.7153915663765076,1.66633,1.71069,62.25103582379895,0.0029107056453666984,EURNZD_merged,3.5091405942556753
2023-03-06 20:00:00,2023-03-09 10:00:00,0.0780501993188074,90.0,1.5414857601681724,22021.225145259607,-1,1.7242,1.7312467468987938,1.7157439037214472,1.68292,1.71069,62.25103582379895,0.0029107056453666984,EURNZD_merged,5.4830321785244935
2023-03-07 20:00:00,2023-03-09 10:00:00,0.49286704364466993,90.0,1.025895824566359,14655.654636662273,1,0.61123,0.6074764522149433,0.6157342573420681,0.62696,0.63899,31.103376833119817,0.001534408369218391,NZDUSD_merged,43.33213810345393
2023-03-09 22:00:00,2023-03-10 04:00:00,-1.1,15.0,0.28346915433386066,4049.5593476265813,-1,1.81234,1.8190531007762445,1.8056268992237556,1.7221,1.79602,74.5648495150538,0.002840972363080061,GBPAUD_merged,-16.78346915433386
2023-03-10 00:00:00,2023-03-10 09:00:00,-1.1,15.0,0.2641506140454886,3773.580200649838,-1,1.60547,1.6118517512069448,1.5984500736723608,1.52555,1.56508,61.839015707959284,0.0028300248600741135,EURAUD_merged,-16.764150614045487
2023-03-20 20:00:00,2023-03-21 06:00:00,1.5,15.0,0.22818941818405408,3259.848831200773,-1,1.13975,1.1449944916575174,1.131883262513724,1.10747,1.13575,72.83743880250826,0.0021909127809852545,GBPCHF_merged,22.271810581815945
2023-03-20 20:00:00,2023-03-21 06:00:00,1.2,15.000000000000002,0.18097781442183597,2585.3973488833713,-1,1.13975,1.1463626199160002,1.1318148561008,1.10747,1.13575,72.83743880250826,0.0021909127809852545,GBPCHF_merged,17.819022185578163
2023-03-20 20:00:00,2023-03-21 06:00:00,1.2,15.000000000000002,0.18097781442183597,2585.3973488833713,-1,1.13975,1.1463626199160002,1.1318148561008,1.10747,1.13575,73.74856730615579,0.0021909127809852545,GBPCHF_merged,17.819022185578163
2023-03-20 20:00:00,2023-03-21 06:00:00,1.2,15.0,0.2624178309116622,3748.826155880889,-1,1.13975,1.144310427528276,1.134277486966069,1.10747,1.13575,72.83743880250826,0.0021909127809852545,GBPCHF_merged,17.737582169088338
2023-03-20 20:00:00,2023-03-21 06:00:00,1.5,15.0,0.22818941818405408,3259.848831200773,-1,1.13975,1.1449944916575174,1.131883262513724,1.10747,1.13575,71.23197259703517,0.0021909127809852545,GBPCHF_merged,22.271810581815945
2023-03-20 20:00:00,2023-03-21 06:00:00,1.4,15.0,0.23856166446514743,3408.023778073535,-1,1.13975,1.1447664702811036,1.1327269416064552,1.10747,1.13575,72.00228651045965,0.0021909127809852545,GBPCHF_merged,20.76143833553485
2023-03-20 20:00:00,2023-03-21 09:00:00,1.5,15.0,0.2186815257597185,3124.0217965674074,-1,1.13975,1.145222513033931,1.1315412304491035,1.10747,1.13575,72.00228651045965,0.0021909127809852545,GBPCHF_merged,22.281318474240283
2023-03-21 15:00:00,2023-03-22 01:00:00,1.2,60.0,1.0936916762606959,15624.166803724229,-1,1.61461,1.6208104330353736,1.6071694803575518,1.52555,1.56508,67.23192955951406,0.003006629623566334,EURAUD_merged,70.90630832373931
2023-03-21 15:00:00,2023-03-22 01:00:00,1.0,15.0,0.23775906005667305,3396.5580008096154,-1,1.61461,1.6217404979906798,1.6074795020093204,1.53549,1.56508,67.89328152700256,0.003006629623566334,EURAUD_merged,14.762240939943327
2023-03-21 15:00:00,2023-03-22 11:00:00,-1.1,30.0,0.5866142677926622,8380.203825609462,-1,1.47695,1.482237281899349,1.4690190771509766,1.42373,1.46417,69.22136326706695,0.002139245972962414,EURCAD_merged,-33.58661426779266
2023-03-21 15:00:00,2023-03-22 11:00:00,-1.1,30.0,0.6121192359575609,8744.560513679442,-1,1.47695,1.4820169784868762,1.469349532269686,1.42373,1.46417,68.15559219751702,0.002139245972962414,EURCAD_merged,-33.612119235957564
2023-03-21 15:00:00,2023-03-22 11:00:00,-1.1,60.00000000000001,1.4078742427023896,20112.48918146271,-1,1.47695,1.4813560682494575,1.471662718100651,1.42373,1.46417,70.32467234210323,0.002139245972962414,EURCAD_merged,-67.4078742427024
2023-03-21 15:00:00,2023-03-22 11:00:00,-1.1,30.0,0.6399428375919953,9142.040537028506,-1,1.47695,1.4817966750744032,1.4701646548958354,1.42373,1.46417,69.22136326706695,0.002139245972962414,EURCAD_merged,-33.639942837591995
2023-03-21 18:00:00,2023-03-22 11:00:00,-1.1,15.0,0.3294498749042174,4706.426784345963,-1,1.47667,1.4813763411405172,1.471493024745431,1.42373,1.46417,66.04706154911702,0.0020592998320365288,EURCAD_merged,-16.829449874904217
2023-03-21 15:00:00,2023-03-22 11:00:00,-1.1,30.0,0.6121192359575609,8744.560513679442,-1,1.47695,1.4820169784868762,1.469349532269686,1.42373,1.46417,70.32467234210323,0.002139245972962414,EURCAD_merged,-33.612119235957564
2023-03-21 15:00:00,2023-03-22 14:00:00,-1.1,60.0,0.7542701215591006,10775.287450844295,-1,1.61461,1.6236006279012918,1.60382124651845,1.53549,1.56508,67.23192955951406,0.003006629623566334,EURAUD_merged,-66.7542701215591
2023-03-21 15:00:00,2023-03-22 14:00:00,-1.1,60.0,0.9942651602369963,14203.788003385662,-1,1.61461,1.6214304763389111,1.6050613331255248,1.52555,1.56508,66.45187830216992,0.003006629623566334,EURAUD_merged,-66.99426516023699
2023-03-21 15:00:00,2023-03-22 14:00:00,-1.1,60.0,0.7542701215591006,10775.287450844295,-1,1.61461,1.6236006279012918,1.60382124651845,1.52555,1.56508,67.89328152700256,0.003006629623566334,EURAUD_merged,-66.7542701215591
2023-03-21 15:00:00,2023-03-22 14:00:00,-1.1,60.0,0.9114097302172466,13020.139003103524,-1,1.61461,1.6220505196424484,1.6034492205363275,1.52555,1.56508,66.45187830216992,0.003006629623566334,EURAUD_merged,-66.91140973021724
2023-03-21 15:00:00,2023-03-22 14:00:00,-1.1,60.0,0.9510362402266922,13586.232003238461,-1,1.61461,1.6217404979906798,1.6039142530139805,1.52555,1.56508,65.62326048356643,0.003006629623566334,EURAUD_merged,-66.9510362402267
2023-03-24 08:00:00,2023-03-27 02:00:00,1.0,30.0,0.25558972716174244,3651.281816596321,1,139.912,138.76244206094375,141.06155793905626,139.546,145.567,39.408779574740635,0.5268215281904095,EURJPY_merged,29.74441027283826
2023-04-04 08:00:00,2023-04-04 10:00:00,1.0,30.0,0.4296162756339173,6137.375366198819,-1,166.029,166.84056352720933,165.21743647279067,156.721,165.906,65.7077435283533,0.36043558551929716,GBPJPY_merged,29.57038372436608
2023-04-04 10:00:00,2023-04-04 12:00:00,1.1,15.0,0.2192668928491792,3132.384183559703,-1,165.59,166.38295828814245,164.7177458830433,156.721,165.906,55.15647294711663,0.40976161512506076,GBPJPY_merged,16.28073310715082
2023-04-04 10:00:00,2023-04-04 12:00:00,1.0,60.0,1.1986580756772711,17123.68679538959,-1,1.13822,1.142208229918944,1.134231770081056,1.09951,1.13575,55.15168987634038,0.001883726364791078,GBPCHF_merged,58.80134192432273
2023-04-05 05:00:00,2023-04-06 08:00:00,1.4,15.0,0.2553885772305529,3648.408246150756,1,1.06037,1.056010413866299,1.0664734205871818,1.07358,1.1087,27.626720946683736,0.001957227913575209,AUDNZD_merged,20.74461142276945
2023-04-05 05:00:00,2023-04-06 12:00:00,1.2,15.0,0.19374305858869534,2767.757979838505,1,1.06037,1.0546232728237575,1.067266072611491,1.07358,1.1087,25.491088686693477,0.001957227913575209,AUDNZD_merged,17.806256941411306
2023-04-11 12:00:00,2023-04-11 22:00:00,-1.1,60.0,1.5470140864890312,22100.20123555759,-1,2.00313,2.00856831247141,1.9966040250343082,1.88331,1.94035,77.53367559756377,0.002776359361726011,GBPNZD_merged,-67.54701408648903
2023-04-11 20:00:00,2023-04-12 08:00:00,1.4,30.000000000000004,0.722517238889669,10321.674841280987,-1,2.00645,2.0122817570477283,1.9982855401331805,1.88331,1.94035,71.92280893990525,0.0026678844681970347,GBPNZD_merged,41.27748276111033
2023-04-11 20:00:00,2023-04-12 08:00:00,1.0,59.99999999999999,1.3822068917889316,19745.812739841884,-1,2.00645,2.012546836913534,2.000353163086466,1.88331,1.94035,73.82014496842599,0.0026678844681970347,GBPNZD_merged,58.61779310821106
2023-04-11 19:00:00,2023-04-12 10:00:00,-1.1,15.0,0.24184557378502317,3454.936768357474,-1,1.76211,1.769760400505757,1.7529295193930918,1.69693,1.71069,74.15106870072886,0.002581064201350724,EURNZD_merged,-16.741845573785024
2023-04-11 19:00:00,2023-04-12 10:00:00,-1.1,60.0,1.2197428938722912,17424.898483889876,-1,1.76211,1.7681775590218072,1.756042440978193,1.69693,1.71069,75.4944561498048,0.002581064201350724,EURNZD_merged,-67.2197428938723
2023-04-11 19:00:00,2023-04-12 10:00:00,-1.1,30.0,0.48369114757004633,6909.873536714948,-1,1.76211,1.769760400505757,1.7529295193930918,1.69693,1.7039,75.4944561498048,0.002581064201350724,EURNZD_merged,-33.48369114757005
2023-04-11 19:00:00,2023-04-12 10:00:00,-1.1,30.0,0.6375928763423339,9108.469662033342,-1,1.76211,1.7679137521078157,1.7539847470490584,1.69693,1.7039,72.90128522506558,0.002581064201350724,EURNZD_merged,-33.63759287634233
2023-04-11 19:00:00,2023-04-12 10:00:00,-1.1,30.0,0.7013521639765673,10019.316628236676,-1,1.76211,1.7673861382798324,1.7557786340642012,1.69693,1.7039,74.15106870072886,0.002581064201350724,EURNZD_merged,-33.701352163976566
2023-04-11 12:00:00,2023-04-12 20:00:00,-1.1,30.0,0.5334531332720795,7620.759046743995,-1,2.00313,2.0110155530835443,1.993667336299747,1.88331,1.94035,79.45113760035012,0.002776359361726011,GBPNZD_merged,-33.53345313327208
2023-04-12 18:00:00,2023-04-13 04:00:00,-1.1,30.000000000000004,0.5876906273560478,8395.580390800684,1,0.89576,0.8925591730471135,0.9002411577340411,0.90708,0.94393,24.939911475139276,0.0013831412463481845,USDCHF_merged,-33.587690627356054
2023-04-12 16:00:00,2023-04-13 04:00:00,-1.1,15.0,0.21560579244010872,3080.0827491444106,1,0.89638,0.8920146302696786,0.9016184436763856,0.90708,0.94393,23.812574516607953,0.0014549213422211254,USDCHF_merged,-16.71560579244011
2023-04-12 16:00:00,2023-04-13 04:00:00,-1.1,60.0,1.0874031270892441,15534.330386989204,1,0.89638,0.8929178102138831,0.8998421897861169,0.90708,0.94393,22.43438291286093,0.0014549213422211254,USDCHF_merged,-67.08740312708925
2023-04-13 11:00:00,2023-04-14 10:00:00,1.0,60.0,0.9718222984912752,13883.175692732504,1,0.88869,0.8848492793190744,0.8925307206809255,0.90708,0.94393,17.875097992183274,0.0017234586600009868,USDCHF_merged,59.028177701508724
2023-04-19 05:00:00,2023-04-19 07:00:00,1.2,15.0,0.3391967537276771,4845.6679103953875,-1,167.744,168.26325968649277,167.12088837620868,158.254,165.906,60.943713941742445,0.29422771158593036,GBPJPY_merged,17.660803246272323
2023-04-19 05:00:00,2023-04-19 07:00:00,1.0,60.0,1.179814795574529,16854.49707963613,-1,167.744,168.3411486394667,167.1468513605333,158.254,165.906,61.13269168594852,0.29422771158593036,GBPJPY_merged,58.82018520442547
2023-04-17 05:00:00,2023-04-19 21:00:00,-1.1,30.0,0.5361889565732922,7659.842236761318,-1,149.68,150.26622617296863,149.03515120973452,140.222,147.606,61.522897158595526,0.26636169638286117,CHFJPY_merged,-33.53618895657329
2023-04-19 05:00:00,2023-04-20 10:00:00,1.4,30.0,0.6167213704139584,8810.305291627978,-1,167.744,168.31518565514205,166.94434008280112,158.254,165.906,60.6947010493098,0.29422771158593036,GBPJPY_merged,41.383278629586044
2023-04-19 05:00:00,2023-04-20 19:00:00,1.5,15.0,0.29495369889363227,4213.624269909033,-1,167.744,168.3411486394667,166.84827704079996,158.254,165.906,60.943713941742445,0.29422771158593036,GBPJPY_merged,22.205046301106368
2023-04-19 07:00:00,2023-04-20 21:00:00,1.1,30.0,0.5430047516373551,7757.210737676502,-1,167.375,168.02230096548905,166.66296893796203,158.254,165.906,55.826864144114346,0.30042573218693536,GBPJPY_merged,32.456995248362645
2023-04-19 09:00:00,2023-04-21 00:00:00,1.0,90.0,1.5241718192690865,21773.883132415525,-1,167.17,167.86097918402993,166.47902081597005,158.254,165.906,60.302530612326734,0.3052524656021539,GBPJPY_merged,88.47582818073091
2023-04-19 09:00:00,2023-04-21 00:00:00,1.2,30.0,0.5842658640531498,8346.655200759284,-1,167.17,167.77085146437386,166.44897824275134,158.254,165.906,60.183476472062765,0.3052524656021539,GBPJPY_merged,35.41573413594685
2023-04-24 11:00:00,2023-04-25 10:00:00,1.1,30.0,0.5422138820435212,7745.912600621732,-1,151.253,151.83880444086546,150.60861511504797,140.222,147.606,63.66014665385167,0.2611836925730868,CHFJPY_merged,32.45778611795648
2023-04-25 01:00:00,2023-04-25 14:00:00,-1.2390400323908484,59.99999999999999,1.5824096513989558,22605.852162842228,-1,1.86887,1.873830317319261,1.8634136509488128,1.7221,1.79602,65.92090359905336,0.002232211855532227,GBPAUD_merged,-75.92481159484986
2023-04-24 15:00:00,2023-04-25 21:00:00,1.1,60.0,1.2263436362423568,17519.19480346224,-1,1.79205,1.7981874396030317,1.7852988164366648,1.69693,1.7039,60.755518581072074,0.0027619063259550244,EURNZD_merged,64.77365636375764
2023-04-25 19:00:00,2023-04-25 22:00:00,-1.1,30.000000000000004,0.5991595169609361,8559.421670870515,-1,1.87058,1.8771362139777479,1.863368164624477,1.7221,1.79602,60.96072965882763,0.002886518886711802,GBPAUD_merged,-33.599159516960945
2023-04-24 21:00:00,2023-04-26 02:00:00,-1.1,30.0,0.8525530950248239,12179.329928926058,-1,1.69108,1.6952454508331782,1.6852483688335502,1.60713,1.68651,72.36415765163812,0.0018188591178999866,GBPCAD_merged,-33.852553095024824
2023-04-24 21:00:00,2023-04-26 02:00:00,-1.1,90.0,2.4464567074625383,34949.38153517913,-1,1.69108,1.6954347895074138,1.686725210492586,1.60713,1.68651,73.78132741448188,0.0018188591178999866,GBPCAD_merged,-101.44645670746256
2023-04-24 21:00:00,2023-04-26 03:00:00,-1.1,14.999999999999998,0.3233822084576918,4619.745835109883,-1,1.69108,1.6965708215528261,1.6844910141366085,1.60713,1.68651,73.0354733494179,0.0018188591178999866,GBPCAD_merged,-16.82338220845769
2023-04-26 20:00:00,2023-04-27 01:00:00,1.1,15.0,0.3434735722918242,4906.765318454632,-1,2.0375,2.043728645149393,2.0306484903356683,1.88331,1.94035,63.18644255605637,0.002851830744873493,GBPNZD_merged,16.156526427708176
2023-04-26 13:00:00,2023-04-27 21:00:00,1.2,30.0,0.40463134788775323,5780.447826967904,-1,1.80282,1.8121764723043907,1.7915922332347314,1.7167,1.71069,68.51070333579045,0.003138771920125068,EURNZD_merged,35.59536865211225
2023-04-28 05:00:00,2023-04-28 10:00:00,-1.2941838783575406,29.999999999999996,0.6562179154929985,9374.541649899978,-1,1.89189,1.8979443440009791,1.8852302215989232,1.7221,1.79602,64.99633896490168,0.0027468335069067346,GBPAUD_merged,-39.481734266219206
2023-04-30 17:00:00,2023-04-30 22:00:00,-1.1,30.0,0.28905060859146564,4129.294408449509,-1,83.954,84.56393955646425,83.03909066530362,80.475,83.874,73.22438685154948,0.25898851887009683,NZDJPY_merged,-33.28905060859147
2023-04-30 17:00:00,2023-04-30 22:00:00,-1.1,30.0,0.30161802635631196,4308.828947947314,-1,83.954,84.53852540827823,83.07721188758264,80.475,83.874,72.21411824560599,0.25898851887009683,NZDJPY_merged,-33.30161802635631
2023-04-30 17:00:00,2023-04-30 22:00:00,-1.1,30.0,0.34686073030975867,4955.15329013941,-1,83.954,84.4622829637202,83.34406044353574,80.475,83.874,74.28273820558759,0.25898851887009683,NZDJPY_merged,-33.34686073030976
2023-04-30 17:00:00,2023-04-30 22:00:00,-1.1,30.0,0.3153279366452351,4504.684809217645,-1,83.954,84.51311126009222,83.17124423587087,80.475,83.874,73.22438685154948,0.25898851887009683,NZDJPY_merged,-33.31532793664523
2023-04-30 17:00:00,2023-04-30 22:00:00,-1.1,30.0,0.30161802635631196,4308.828947947314,-1,83.954,84.53852540827823,83.07721188758264,80.475,83.874,74.28273820558759,0.25898851887009683,NZDJPY_merged,-33.30161802635631
2023-04-30 17:00:00,2023-05-01 00:00:00,-1.1,30.0,0.23921429676535083,3417.3470966478694,-1,83.954,84.6910102973943,83.06958764312684,80.475,83.874,74.28273820558759,0.25898851887009683,NZDJPY_merged,-33.239214296765354
2023-04-30 17:00:00,2023-05-01 00:00:00,-1.1,30.0,0.23921429676535083,3417.3470966478694,-1,83.954,84.6910102973943,83.06958764312684,80.475,83.874,75.3765618388212,0.25898851887009683,NZDJPY_merged,-33.239214296765354
2023-04-28 14:00:00,2023-05-01 00:00:00,1.2,30.0,0.6494475235986384,9277.821765694836,-1,1.89991,1.9060533924297565,1.892537929084292,1.7221,1.79602,70.60852088904147,0.0030051464852441042,GBPAUD_merged,35.35055247640136
2023-04-28 14:00:00,2023-05-01 02:00:00,1.4,30.0,0.5904068396351259,8434.383423358942,-1,1.89991,1.906667731672732,1.890449175658175,1.7221,1.79602,70.08850776573946,0.0030051464852441042,GBPAUD_merged,41.40959316036487
2023-04-30 21:00:00,2023-05-01 02:00:00,1.1,30.000000000000004,0.6019446372126585,8599.209103037978,-1,1.89752,1.9041398646082335,1.8902381489309432,1.7221,1.79602,65.40482659943052,0.0029283844125660573,GBPAUD_merged,32.398055362787346
2023-04-28 14:00:00,2023-05-01 03:00:00,1.5,15.0,0.2706031348327661,3865.759069039516,-1,1.89991,1.907282070915708,1.8888518936264382,1.7221,1.79602,70.08850776573946,0.0030051464852441042,GBPAUD_merged,22.229396865167235
2023-04-28 14:00:00,2023-05-01 03:00:00,1.5,15.000000000000002,0.2823684885211472,4033.8355503021035,-1,1.89991,1.90697490129422,1.88931264805867,1.7221,1.79602,69.64471634480803,0.0030051464852441042,GBPAUD_merged,22.217631511478857
2023-04-28 14:00:00,2023-05-01 03:00:00,1.2,30.0,0.44789484386113,6398.497769444714,-1,1.89991,1.908817919023147,1.8892204971722237,1.7221,1.79602,71.22631100680466,0.0030051464852441042,GBPAUD_merged,35.55210515613887
2023-04-28 14:00:00,2023-05-01 03:00:00,1.2,30.0,0.44789484386113,6398.497769444714,-1,1.89991,1.908817919023147,1.8892204971722237,1.7221,1.87007,70.60852088904147,0.0030051464852441042,GBPAUD_merged,35.55210515613887
2023-04-28 14:00:00,2023-05-01 03:00:00,1.5,15.000000000000002,0.2823684885211472,4033.8355503021035,-1,1.89991,1.90697490129422,1.88931264805867,1.7221,1.79602,70.60852088904147,0.0030051464852441042,GBPAUD_merged,22.217631511478857
2023-04-28 14:00:00,2023-05-01 04:00:00,1.5,30.0,0.44789484386113,6398.497769444714,-1,1.89991,1.908817919023147,1.8865481214652795,1.7221,1.79602,69.25794030042732,0.0030051464852441042,GBPAUD_merged,44.55210515613887
2023-04-30 18:00:00,2023-05-01 21:00:00,-1.1,30.0,0.3518294122776641,5026.134461109488,-1,150.117,151.01301860731076,149.13137953195815,138.821,145.567,66.13934641224336,0.3930468147740269,EURJPY_merged,-33.35182941227767
2023-05-03 22:00:00,2023-05-04 11:00:00,1.2,30.0,0.789618005334894,11280.257219069916,-1,1.71191,1.7164628483085633,1.7064465820297243,1.60713,1.68651,67.66964136391019,0.002232393857547188,GBPCAD_merged,35.210381994665106
2023-05-03 22:00:00,2023-05-04 13:00:00,1.5,30.0,0.6866243524651253,9808.919320930363,-1,1.71191,1.7171457755548476,1.7040563366677286,1.60713,1.68651,67.66964136391019,0.002232393857547188,GBPCAD_merged,44.313375647534876
2023-05-03 22:00:00,2023-05-04 13:00:00,1.2,30.0,0.5445641416102717,7779.487737289596,-1,1.71191,1.7185116300474166,1.7039880439431,1.65373,1.68651,67.66964136391019,0.002232393857547188,GBPCAD_merged,35.45543585838973
2023-05-03 23:00:00,2023-05-04 13:00:00,1.1,30.0,0.73146244656013,10449.463522287573,-1,1.71067,1.7155812664866037,1.7052676068647357,1.60713,1.68651,62.95996893834513,0.0021357942962938166,GBPCAD_merged,32.26853755343987
2023-05-03 22:00:00,2023-05-04 13:00:00,1.4,30.0,0.717834550304449,10254.779290063558,-1,1.71191,1.7169181331394194,1.7048986136048128,1.65373,1.68651,66.92653329890899,0.002232393857547188,GBPCAD_merged,41.282165449695555
2023-05-03 22:00:00,2023-05-04 13:00:00,1.5,30.0,0.6866243524651253,9808.919320930363,-1,1.71191,1.7171457755548476,1.7040563366677286,1.60713,1.68651,66.20333277844385,0.002232393857547188,GBPCAD_merged,44.313375647534876
2023-05-03 22:00:00,2023-05-04 13:00:00,1.5,30.000000000000004,0.6580150044457452,9400.214349224932,-1,1.71191,1.7173734179702758,1.7037148730445864,1.60713,1.68651,66.92653329890899,0.002232393857547188,GBPCAD_merged,44.34198499555426
2023-05-03 22:00:00,2023-05-04 13:00:00,1.2,30.0,0.5445641416102717,7779.487737289596,-1,1.71191,1.7185116300474166,1.7039880439431,1.60713,1.68651,68.37893645569565,0.002232393857547188,GBPCAD_merged,35.45543585838973
2023-05-07 21:00:00,2023-05-08 07:00:00,-1.1,30.0,0.4401910822362274,6288.444031946106,-1,100.796,101.27686299005578,100.21896441193307,94.064,100.838,70.09095607742685,0.23825781681161054,CADJPY_merged,-33.440191082236225
2023-05-07 21:00:00,2023-05-08 07:00:00,-1.1,30.0,0.4001737111238431,5716.767301769188,-1,100.796,101.32494928906137,100.05547099531411,94.064,100.838,68.5574546590774,0.23825781681161054,CADJPY_merged,-33.40017371112384
2023-05-07 21:00:00,2023-05-08 07:00:00,-1.1,30.0,0.4001737111238431,5716.767301769188,-1,100.796,101.32494928906137,100.21415578203252,94.064,100.838,63.876269631522945,0.23825781681161054,CADJPY_merged,-33.40017371112384
2023-05-07 21:00:00,2023-05-08 07:00:00,-1.1,30.0,0.38277485411845863,5468.212201692267,-1,100.796,101.34899243856415,99.9665113421538,94.064,100.838,70.09095607742685,0.23825781681161054,CADJPY_merged,-33.38277485411846
2023-05-07 18:00:00,2023-05-09 10:00:00,-0.04789588866228655,30.0,0.2981379607669891,4259.1137252427025,-1,100.781,101.49087303815837,99.92915235420998,94.064,100.838,77.95127209709722,0.24029924867139563,CADJPY_merged,-1.7350146206355856
2023-05-07 18:00:00,2023-05-09 10:00:00,-0.04789588866228655,30.0,0.2981379607669891,4259.1137252427025,-1,100.781,101.49087303815837,99.92915235420998,94.064,100.838,75.32768124713449,0.24029924867139563,CADJPY_merged,-1.7350146206355856
2023-05-25 02:00:00,2023-05-30 01:00:00,-1.1,14.999999999999998,0.34446562187544977,4920.937455363569,1,0.88807,0.8853629853059846,0.89158911910222,0.89428,0.9231,32.17335152682064,0.0011552140185178692,AUDCAD_merged,-16.84446562187545
2023-05-28 22:00:00,2023-05-30 11:00:00,1.3,15.0,0.2934779291247003,4192.541844638576,-1,155.238,155.7934076944939,154.5159699971579,149.065,153.958,63.11288477562706,0.22896131036966985,CHFJPY_merged,19.206522070875298
2023-05-30 13:00:00,2023-05-31 09:00:00,-1.1,60.0,1.0536690787247098,15052.415410352998,-1,1.90433,1.91192079502426,1.8944619664684623,1.85893,1.90249,65.28227535550661,0.0030083433129576773,GBPAUD_merged,-67.05366907872471
2023-06-01 07:00:00,2023-06-01 09:00:00,-1.1,30.0,0.6553635782301419,9362.336831859171,-1,1.13185,1.1354768188818471,1.1271351354535988,1.10287,1.12765,65.2676389416553,0.0015682334959527745,GBPCHF_merged,-33.655363578230144
2023-06-01 07:00:00,2023-06-01 09:00:00,-1.1,15.0,0.3145745175504681,4493.921679292402,-1,1.13185,1.1356279363352575,1.126183095497114,1.10287,1.12765,65.50354944887097,0.0015682334959527745,GBPCHF_merged,-16.81457451755047
2023-06-01 07:00:00,2023-06-01 09:00:00,-1.1,15.0,0.26214543129205675,3744.934732743668,-1,1.13185,1.136383523602309,1.1250497145965366,1.10287,1.12765,65.41441129730175,0.0015682334959527745,GBPCHF_merged,-16.76214543129206
2023-06-01 07:00:00,2023-06-01 09:00:00,-1.1,15.0,0.35747104267098645,5106.729181014092,-1,1.13185,1.1351745839750267,1.1268631240374603,1.10287,1.12765,65.499642132349,0.0015682334959527745,GBPCHF_merged,-16.857471042670987
2023-06-01 07:00:00,2023-06-01 09:00:00,-1.1,15.0,0.32768178911507095,4681.1684159295855,-1,1.13185,1.1354768188818471,1.1271351354535988,1.10287,1.12765,64.1505854774001,0.0015682334959527745,GBPCHF_merged,-16.827681789115072
2023-05-31 16:00:00,2023-06-01 10:00:00,-1.1,15.0,0.42735367328455354,6105.052475493622,1,0.85921,0.8570989370645486,0.8619543818160867,0.8729,0.88732,24.719443720223886,0.0010251363628881209,EURGBP_merged,-16.927353673284554
2023-05-31 16:00:00,2023-06-01 10:00:00,-1.1,15.0,0.4070034983662415,5814.335690946307,1,0.85921,0.8569933839177761,0.8620916009068911,0.86608,0.88732,26.338325479514815,0.0010251363628881209,EURGBP_merged,-16.90700349836624
2023-06-06 02:00:00,2023-06-06 08:00:00,-1.128767887670958,15.0,0.22735729973689628,3247.961424812804,1,1.61014,1.6027039203053675,1.619806903603022,1.61353,1.67615,25.342086996634276,0.0032884832151851926,EURAUD_merged,-17.158875614801268
2023-06-06 02:00:00,2023-06-06 10:00:00,-1.327050321334737,15.0,0.3012054582053306,4302.935117219009,-1,1.0941,1.0979140245095322,1.0891417681376083,1.0559,1.09302,67.21937583572053,0.0016206642447594865,AUDNZD_merged,-20.206960278226386
2023-06-04 18:00:00,2023-06-06 11:00:00,-1.1,15.0,0.38227580947093837,5461.082992441977,1,1.43751,1.4335615798734715,1.44303778817714,1.45785,1.51119,21.30370234004383,0.0018079695339243591,EURCAD_merged,-16.88227580947094
2023-06-06 02:00:00,2023-06-06 12:00:00,-1.1,15.0,0.21826300774742038,3118.0429678202913,1,1.61014,1.6023940836514243,1.6186605079834329,1.61353,1.67615,24.555614728754385,0.0032884832151851926,EURAUD_merged,-16.71826300774742
2023-06-06 02:00:00,2023-06-07 07:00:00,-1.1625242662569442,15.0,0.19780227510296125,2825.746787185161,-1,92.904,93.39716520727187,92.26288523054656,86.063,92.434,72.7811813297379,0.21580796709923633,AUDJPY_merged,-17.635666268957124
2023-06-06 16:00:00,2023-06-07 07:00:00,-1.293050684974241,15.0,0.3244324068463956,4634.748669234224,-1,1.0981,1.1016539143922386,1.0927691284116423,1.0559,1.09302,66.65480590554267,0.0015743145162045802,AUDNZD_merged,-19.72019268146001
2023-06-11 19:00:00,2023-06-12 06:00:00,-1.1,15.0,0.2552391108847598,3646.2730126394263,-1,0.60903,0.6115354212803958,0.6057729523354853,0.58592,0.60505,72.62630049635548,0.0010386451382484066,AUDCHF_merged,-16.75523911088476
2023-06-12 18:00:00,2023-06-13 09:00:00,-1.1,15.0,0.3520208989499979,5028.86998499997,-1,0.6133,0.6151293374112753,0.610921861365342,0.58777,0.60505,74.7966017939751,0.0008879066552349687,AUDCHF_merged,-16.85202089895
2023-06-12 18:00:00,2023-06-13 09:00:00,-1.1,14.999999999999998,0.2816167191599983,4023.095987999976,-1,0.6133,0.6155866717640941,0.6098699923538587,0.58777,0.60505,72.53011572348314,0.0008879066552349687,AUDCHF_merged,-16.78161671916
2023-06-12 18:00:00,2023-06-15 01:00:00,-1.1,15.0,0.23468059929999863,3352.5799899999806,-1,0.6133,0.6160440061169129,0.6091839908246305,0.58777,0.60505,71.1374579068273,0.0008879066552349687,AUDCHF_merged,-16.7346805993
2023-06-13 14:00:00,2023-06-15 03:00:00,-1.1,14.999999999999998,0.3292274859330179,4703.249799043114,-1,1.14073,1.1443681120993152,1.1360004542708904,1.10287,1.12765,73.97491193517348,0.0014926028955683387,GBPCHF_merged,-16.829227485933018
2023-06-15 10:00:00,2023-06-16 00:00:00,-1.1,15.0,0.18451136584726205,2635.8766549608868,-1,96.198,96.74543456879297,95.48633506056912,90.293,92.352,69.0926966879759,0.24787647006871386,AUDJPY_merged,-16.68451136584726
2023-06-19 11:00:00,2023-06-20 08:00:00,1.3,15.0,0.3337005177821504,4767.15025403072,-1,1.27959,1.2836162733451228,1.27435584465134,1.23085,1.26773,58.94037836054664,0.0016313557585297042,GBPUSD_merged,19.16629948221785
2023-06-22 20:00:00,2023-06-23 11:00:00,-1.4704242565155663,30.0,0.5764971781203199,8235.673973147428,-1,143.028,143.54900653984,142.35069149820796,129.671,140.932,66.12944379820674,0.2160084826761957,USDJPY_merged,-44.68922487358731
2023-06-22 22:00:00,2023-06-23 14:00:00,-1.1,30.0,0.43899490885782083,6271.355840826012,-1,159.478,160.24088766280082,158.48624603835896,152.752,155.532,61.895508748751524,0.3076648695360307,CHFJPY_merged,-33.43899490885782
2023-06-28 15:00:00,2023-06-29 10:00:00,-1.1403466401777014,30.0,0.5435904467386034,7765.577810551477,-1,144.312,144.86950648639663,143.58724156768443,129.671,140.932,62.587305732209195,0.23091620009392438,USDJPY_merged,-34.75398965206965
2023-06-27 23:00:00,2023-06-29 11:00:00,1.3,15.000000000000002,0.19569325245370156,2795.6178921957367,-1,1.91703,1.9273159014031473,1.9036583281759085,1.85069,1.9171,63.13108483586062,0.004111092804789163,GBPAUD_merged,19.304306747546303
2023-06-27 23:00:00,2023-06-29 17:00:00,1.3,59.99999999999999,0.9542854665031805,13632.649521474008,-1,1.64879,1.6560466524830093,1.639356351772088,1.58475,1.65147,69.63962889620817,0.003310152458473517,EURAUD_merged,77.04571453349682
2023-06-27 23:00:00,2023-06-29 22:00:00,1.1,30.0,0.40079989593133586,5725.712799019084,-1,1.64879,1.6574288720035826,1.6392872407960593,1.61353,1.65147,71.07722534683523,0.003310152458473517,EURAUD_merged,32.599200104068665
2023-06-28 11:00:00,2023-06-30 01:00:00,1.3,15.0,0.24326709293777438,3475.2441848253484,-1,1.7928,1.8005381612830038,1.7827403903320949,1.71663,1.78364,61.35359247514309,0.0035317885916384207,EURNZD_merged,19.256732907062226
2023-06-28 11:00:00,2023-06-30 01:00:00,1.3,15.0,0.2919205115253293,4170.293021790419,-1,1.7928,1.7992484677358365,1.7844169919434123,1.74087,1.78364,61.07287240155113,0.0035317885916384207,EURNZD_merged,19.20807948847467
2023-06-28 11:00:00,2023-06-30 01:00:00,1.3,60.0,1.1120781391441112,15886.830559201591,-1,1.7928,1.7995708911226285,1.783997841540583,1.74087,1.78364,61.41200575121646,0.0035317885916384207,EURNZD_merged,76.88792186085588
2023-06-28 13:00:00,2023-06-30 01:00:00,1.1,60.0,0.8527128739047479,12181.612484353544,-1,1.79262,1.801449471479096,1.7829075813729944,1.71663,1.78364,64.19417067516912,0.0035223751208071103,EURNZD_merged,65.14728712609525
2023-06-27 20:00:00,2023-06-30 02:00:00,1.1,14.999999999999998,0.27949101427570927,3992.728775367276,-1,157.65,158.2422641213671,156.99850946649622,146.13,151.611,63.95624165308762,0.23619810222206253,EURJPY_merged,16.22050898572429
2023-06-27 20:00:00,2023-06-30 02:00:00,1.3,15.0,0.332727397947273,4753.248542103901,-1,157.65,158.14750186194837,157.00324757946714,148.608,151.066,63.45893016898036,0.23619810222206253,EURJPY_merged,19.167272602052726
2023-06-27 20:00:00,2023-06-30 04:00:00,1.5,15.0,0.31760342531330604,4537.191790190087,-1,157.65,158.17119242680303,156.86821135979545,146.13,151.066,62.87397483243544,0.23619810222206253,EURJPY_merged,22.182396574686695
2023-06-27 21:00:00,2023-06-30 04:00:00,1.3,14.999999999999998,0.29178631983759623,4168.3759976799465,-1,157.53,158.09687544533296,156.79306192106716,146.13,151.611,63.32192424079312,0.23325538063477186,EURJPY_merged,19.208213680162405
2023-06-27 23:00:00,2023-06-30 05:00:00,1.5,30.0,0.45545442719469975,6506.49181706714,-1,1.64879,1.6563922073631525,1.637386688955271,1.61353,1.65147,68.51901548517499,0.003310152458473517,EURAUD_merged,44.5445455728053
2023-06-28 00:00:00,2023-06-30 05:00:00,1.3,30.0,0.4355845442432921,6222.636346332745,-1,1.64783,1.6557743659003363,1.6375023243295626,1.61353,1.65147,71.7505513292477,0.003167284425725419,EURAUD_merged,38.56441545575671
2023-06-28 07:00:00,2023-06-30 09:00:00,1.3,30.0,0.4817210164714833,6881.728806735477,1,0.80533,0.801819268804613,0.8098939505540032,0.80539,0.8538,28.0092285781878,0.001433318617262866,NZDCAD_merged,38.51827898352852
2023-06-28 13:00:00,2023-06-30 11:00:00,1.5,60.0,0.9689919021644862,13842.741459492661,-1,1.79262,1.8003899349016046,1.7809650976475933,1.71663,1.78364,63.36579568298465,0.0035223751208071103,EURNZD_merged,89.03100809783551
2023-06-28 13:00:00,2023-06-30 11:00:00,1.3,30.0,0.44412128849205623,6344.589835600804,-1,1.79262,1.8010962926199323,1.7816008195940882,1.74087,1.78364,62.71341554025575,0.0035223751208071103,EURNZD_merged,38.555878711507944
2023-06-28 13:00:00,2023-06-30 11:00:00,1.3,60.0,0.8882425769841125,12689.179671201608,-1,1.79262,1.8010962926199323,1.7816008195940882,1.71663,1.78364,63.982205421839325,0.0035223751208071103,EURNZD_merged,77.11175742301589
2023-06-28 11:00:00,2023-06-30 11:00:00,1.5,15.0,0.23353640922026342,3336.234417432335,-1,1.7928,1.8008605846697956,1.7807091229953063,1.71663,1.78364,61.34086140126335,0.0035317885916384207,EURNZD_merged,22.266463590779736
2023-07-09 19:00:00,2023-07-10 14:00:00,-1.1,15.0,0.3255838769482651,4651.198242118074,1,0.88883,0.885963545098278,0.8928430368624107,0.89012,0.91449,25.420873639813625,0.001458756154976905,USDCHF_merged,-16.825583876948265
2023-07-09 19:00:00,2023-07-10 16:00:00,-1.1,15.0,0.2577539025840432,3682.1986083434745,1,0.88883,0.8852092148609828,0.8938990991946242,0.89012,0.91449,26.91579860261276,0.001458756154976905,USDCHF_merged,-16.757753902584042
2023-07-09 19:00:00,2023-07-10 21:00:00,-1.1,15.0,0.2209319165006085,3156.1702357229788,1,0.88883,0.8846057506711466,0.8943215241275095,0.89012,0.91449,32.67833284996945,0.001458756154976905,USDCHF_merged,-16.720931916500607
2023-07-09 19:00:00,2023-07-10 22:00:00,-1.1,15.0,0.2133135745523116,3047.336779318737,1,0.88883,0.8844548846236875,0.8932051153763125,0.89012,0.91449,32.67833284996945,0.001458756154976905,USDCHF_merged,-16.713313574552313
2023-07-09 19:00:00,2023-07-10 22:00:00,-1.1,15.0,0.20620312206723457,2945.7588866747797,1,0.88883,0.8843040185762284,0.8956189721356573,0.89012,0.91449,32.67833284996945,0.001458756154976905,USDCHF_merged,-16.706203122067233
2023-07-09 19:00:00,2023-07-10 22:00:00,-1.1,15.0,0.20620312206723457,2945.7588866747797,1,0.88883,0.8843040185762284,0.8947137758509031,0.89012,0.91449,25.420873639813625,0.001458756154976905,USDCHF_merged,-16.706203122067233
2023-07-09 18:00:00,2023-07-11 02:00:00,-1.1,15.0,0.2862162937915713,4088.804197022448,-1,1.70373,1.7099802259263504,1.6949796837031095,1.66057,1.69778,63.902282588085036,0.0022481200275808176,GBPCAD_merged,-16.786216293791572
2023-07-12 10:00:00,2023-07-13 10:00:00,1.4,14.999999999999998,0.2044805842540554,2921.1512036293634,1,0.54532,0.542519802601852,0.5492402763574074,0.5446,0.56012,47.2461572087306,0.0014792318111249926,NZDCHF_merged,20.79551941574594
2023-07-14 03:00:00,2023-07-14 11:00:00,-1.1,15.0,0.22540078783967535,3220.0112548525053,-1,0.83721,0.8411100329520821,0.8317499538670851,0.80196,0.82832,61.56184171139426,0.0014534240311393591,NZDCAD_merged,-16.725400787839675
2023-07-13 13:00:00,2023-07-17 00:00:00,1.1,15.0,0.2070469641050857,2957.813772929796,-1,0.63817,0.6414063599384143,0.6346100040677443,0.60501,0.6247,71.62800237370014,0.0018038364761661073,NZDUSD_merged,16.292953035894914
2023-07-13 13:00:00,2023-07-17 02:00:00,1.1,14.999999999999998,0.19614975546797592,2802.1393638282275,-1,0.63817,0.6415861577127706,0.6344122265159523,0.59877,0.6247,72.73974630828538,0.0018038364761661073,NZDUSD_merged,16.303850244532025
2023-07-17 01:00:00,2023-07-17 04:00:00,-1.1,60.0,1.2376810286238826,17681.157551769753,1,0.58695,0.5849582186419703,0.5897384939012414,0.58777,0.61683,31.611738405824156,0.0010348555509167399,AUDCHF_merged,-67.23768102862388
2023-07-13 13:00:00,2023-07-17 05:00:00,1.4,59.99999999999999,0.7845990218719037,11208.55745531291,-1,0.63817,0.6415861577127706,0.6333873792021212,0.59877,0.6247,75.51718242434414,0.0018038364761661073,NZDUSD_merged,83.21540097812809
2023-07-14 03:00:00,2023-07-17 09:00:00,1.4,30.0,0.304321826854912,4347.454669355886,-1,0.63736,0.6417581597174038,0.6312025763956347,0.60501,0.6247,62.81988274149202,0.0016011660403769767,NZDUSD_merged,41.69567817314509
2023-07-16 21:00:00,2023-07-17 09:00:00,1.4,60.0,0.9271692660575181,13245.275229393117,-1,0.84041,0.844216987708953,0.8350802172074657,0.80196,0.82832,63.54555198483477,0.001376424344348955,NZDCAD_merged,83.07283073394248
2023-07-16 22:00:00,2023-07-17 21:00:00,-1.1,60.0,1.360585083790401,19436.9297684343,-1,1.12177,1.1252327999793108,1.1169220800289648,1.06355,1.10081,64.8881999235639,0.0012859100457947273,EURUSD_merged,-67.3605850837904
2023-07-17 12:00:00,2023-07-18 03:00:00,-1.1,60.0,1.5017269241605018,21453.241773721456,1,0.86023,0.8578241258414744,0.863598223821936,0.89012,0.91449,48.820345551167186,0.001223660303038861,USDCHF_merged,-67.50172692416051
2023-07-17 03:00:00,2023-07-18 11:00:00,1.4,60.00000000000001,1.228819786600214,17554.568380003057,-1,1.72824,1.7341469751961616,1.7199702347253738,1.66902,1.69778,65.62950883088598,0.0023600708346587316,GBPCAD_merged,82.77118021339979
2023-07-18 12:00:00,2023-07-19 01:00:00,-1.1,30.0,0.5688871460871281,8126.959229816116,-1,2.07499,2.0826496545201825,2.064266483671745,1.97455,2.07329,60.11433023643356,0.004053440179036567,GBPNZD_merged,-33.56888714608713
2023-07-18 20:00:00,2023-07-19 02:00:00,-1.1,15.0,0.26538589722869693,3791.2271032670997,1,1.11789,1.1134670652764247,1.123639815140648,1.13145,1.14527,25.657534744953878,0.0014018607477733283,GBPCHF_merged,-16.765385897228697
2023-07-19 15:00:00,2023-07-20 02:00:00,-1.1,59.99999999999999,1.360467374849037,19435.248212129103,1,1.11019,1.1067626498950278,1.1139600851154694,1.11336,1.15044,31.819755195380623,0.0018459345779618134,GBPCHF_merged,-67.36046737484904
2023-07-19 16:00:00,2023-07-20 03:00:00,-1.1,30.000000000000004,0.8042219748849351,11488.885355499073,-1,0.86602,0.8682813682003159,0.8635324949796526,0.85152,0.86538,63.17447366146476,0.0012344359763534125,EURGBP_merged,-33.80422197488494
2023-07-19 14:00:00,2023-07-20 07:00:00,-1.1,60.0,1.466443187437195,20949.18839195993,-1,0.86641,0.8688914612875386,0.8636803925837077,0.85152,0.86538,67.31630063069794,0.001256315666842136,EURGBP_merged,-67.46644318743719
2023-07-19 23:00:00,2023-07-20 07:00:00,-1.1,89.99999999999999,1.898502952807834,27121.470754397633,-1,0.86617,0.8690443020872995,0.8621459770777805,0.85152,0.86538,65.0532778491474,0.001028516590870231,EURGBP_merged,-100.89850295280782
2023-07-20 03:00:00,2023-07-20 08:00:00,1.4,14.999999999999998,0.6499991348960372,9285.701927086247,1,0.96106,0.9595075163952927,0.9632334770465902,0.96717,0.98413,45.888539375651064,0.0008873040173381516,EURCHF_merged,20.350000865103958
2023-07-14 03:00:00,2023-07-20 10:00:00,1.4,15.0,0.24458596121380444,3494.0851601972067,1,0.85968,0.8559894202319693,0.8648468116752429,0.89012,0.90164,25.663077975358465,0.001391389867312141,USDCHF_merged,20.755414038786196
2023-07-19 13:00:00,2023-07-20 12:00:00,1.1,60.0,1.2874231696012066,18391.759565731525,1,1.10958,1.105960183214006,1.1135617984645934,1.11336,1.15044,30.259980210310463,0.0019040833916511809,GBPCHF_merged,64.71257683039879
2023-07-19 13:00:00,2023-07-21 02:00:00,1.4,15.000000000000002,0.2548025023169055,3640.0357473843646,1,1.10958,1.1050075998492708,1.115981360211021,1.11336,1.15044,30.176353049247922,0.0019040833916511809,GBPCHF_merged,20.745197497683094
2023-07-19 15:00:00,2023-07-21 02:00:00,1.0,30.000000000000004,0.422214012884184,6031.628755488343,1,1.11019,1.1046681581642115,1.1157118418357885,1.11336,1.15044,31.659574553299624,0.0018459345779618134,GBPCHF_merged,29.57778598711582
2023-07-19 15:00:00,2023-07-25 04:00:00,1.3,60.0,0.8745861695458097,12494.088136368711,1,1.11019,1.1048585665033768,1.1171208635456102,1.13145,1.14527,31.659574553299624,0.0018459345779618134,GBPCHF_merged,77.12541383045419
2023-07-25 20:00:00,2023-07-26 02:00:00,-1.1,30.000000000000004,0.6690571720424184,9557.959600605978,1,0.86455,0.8618363978208953,0.8683490430507468,0.89012,0.91449,44.13104407953719,0.0014161965536978285,USDCHF_merged,-33.66905717204243
2023-07-26 07:00:00,2023-07-26 21:00:00,-1.1,30.0,0.6761854016170974,9659.791451672821,1,0.86228,0.8596020539874575,0.8660291244175596,0.89012,0.91449,40.828734778332276,0.0014123420362050104,USDCHF_merged,-33.6761854016171
2023-07-27 00:00:00,2023-07-27 08:00:00,1.4,59.99999999999999,1.2288099222369864,17554.42746052838,-1,1.70771,1.7135468522830146,1.6995384068037795,1.66902,1.69778,62.614327721811186,0.002071668774581748,GBPCAD_merged,82.771190077763
2023-07-26 14:00:00,2023-07-27 08:00:00,1.3,29.999999999999996,0.49999072175995884,7142.724596570842,-1,1.70689,1.714059071032724,1.697570207657459,1.66902,1.69778,77.6508433002169,0.002522569605366905,GBPCAD_merged,38.50000927824004
2023-07-25 20:00:00,2023-07-27 09:00:00,-1.1,90.0,2.1618862507072163,30884.08929581738,1,0.95528,0.9524961976616341,0.9591773232737124,0.97227,0.98413,31.323931325994067,0.0010273923385914715,EURCHF_merged,-101.16188625070723
2023-07-19 15:00:00,2023-07-27 12:00:00,1.3,14.999999999999998,0.20407010622735555,2915.2872318193654,1,1.11019,1.1044777498250464,1.1176159252274396,1.13145,1.14527,32.56568526044478,0.0018459345779618134,GBPCHF_merged,19.295929893772644
2023-07-23 22:00:00,2023-07-27 13:00:00,1.4,60.0,0.829083856752241,11844.055096460588,-1,163.247,164.07398196861033,162.08922524394558,152.752,161.621,59.276646767648096,0.30312607386069007,CHFJPY_merged,83.17091614324777
2023-07-27 10:00:00,2023-07-28 10:00:00,-1.1,90.0,1.3839166357144477,19770.23765306354,-1,1.69617,1.7038914701552332,1.6853599417826732,1.66902,1.69778,37.41391778836621,0.0031405320639691175,GBPCAD_merged,-100.38391663571446
2023-07-19 15:00:00,2023-07-28 12:00:00,1.5,59.99999999999999,0.8162804249094222,11661.148927277462,1,1.11019,1.1044777498250464,1.1187583752624304,1.11336,1.15044,31.659574553299624,0.0018459345779618134,GBPCHF_merged,89.18371957509056
2023-08-01 14:00:00,2023-08-02 01:00:00,-1.1,60.00000000000001,0.7180009347756341,10257.156211080488,1,0.57886,0.5754739152719074,0.5832619101465204,0.59153,0.61683,27.628796136722244,0.0010845024158381929,AUDCHF_merged,-66.71800093477565
2023-08-02 04:00:00,2023-08-02 10:00:00,-1.1,30.0,0.42610970044230145,6087.281434890021,1,0.87553,0.8712151181794465,0.8811393463667196,0.87389,0.90495,36.88053967906783,0.0014584158015999002,AUDCAD_merged,-33.426109700442304
2023-08-02 13:00:00,2023-08-03 21:00:00,1.0,60.0,0.8084099066985598,11548.71295283657,1,0.87308,0.8685440140235597,0.8776159859764402,0.87389,0.90495,33.53130672634088,0.0015159807313724748,AUDCAD_merged,59.19159009330144
2023-08-02 13:00:00,2023-08-04 08:00:00,1.3,60.0,0.8372816890806514,11961.166986866448,1,0.87308,0.8687004273330922,0.8787734444669801,0.87389,0.90495,33.53130672634088,0.0015159807313724748,AUDCAD_merged,77.16271831091935
2023-08-02 14:00:00,2023-08-04 08:00:00,1.3,30.0,0.403303938729139,5761.484838987701,1,0.87343,0.8688820578058826,0.8793423248523526,0.87389,0.90495,32.03166373997226,0.0014669821077030122,AUDCAD_merged,38.59669606127086
2023-08-02 13:00:00,2023-08-04 09:00:00,1.5,60.0,0.7814629098086078,11163.755854408684,1,0.87308,0.8683876007140273,0.8801185989289589,0.87389,0.90495,33.53130672634088,0.0015159807313724748,AUDCAD_merged,89.21853709019139
2023-08-02 10:00:00,2023-08-04 14:00:00,-1.1,60.0,0.8545103588423502,12207.290840605003,-1,1.79747,1.806304736667473,1.7851013686655377,1.74785,1.80061,63.851072402743974,0.0033234014993954787,EURNZD_merged,-66.85451035884235
2023-08-02 05:00:00,2023-08-08 01:00:00,-1.1,60.0,0.8710603147086639,12443.718781552341,-1,2.09181,2.101896100642685,2.0776894591002417,2.04484,2.09182,57.91259106197066,0.00377376477129362,GBPNZD_merged,-66.87106031470866
2023-08-08 11:00:00,2023-08-08 13:00:00,1.1,59.99999999999999,1.7086673831478199,24409.534044968856,-1,1.34683,1.3501405834732907,1.3431883581793802,1.3092,1.33867,63.80806250521533,0.00177581147190898,USDCAD_merged,64.29133261685217
2023-08-08 11:00:00,2023-08-08 14:00:00,1.4,14.999999999999998,0.42716684578695496,6102.383511242214,-1,1.34683,1.3501405834732907,1.342195183137393,1.3092,1.33867,64.71280410898774,0.00177581147190898,USDCAD_merged,20.57283315421304
2023-08-08 11:00:00,2023-08-08 15:00:00,1.0,59.99999999999999,1.1194717337865026,15992.453339807182,-1,1.34683,1.3518829958276541,1.3417770041723458,1.3092,1.33867,63.53945430485492,0.00177581147190898,USDCAD_merged,58.88052826621349
2023-08-08 11:00:00,2023-08-09 02:00:00,1.4,60.0,1.352695011658691,19324.214452267017,-1,1.34683,1.3510117896504723,1.3409754944893386,1.3092,1.33867,64.7329944724341,0.00177581147190898,USDCAD_merged,82.6473049883413
2023-08-08 11:00:00,2023-08-10 02:00:00,1.3,30.0,0.5410780046634763,7729.685780906805,-1,1.34683,1.3520572370630906,1.3400345918179823,1.3092,1.33867,64.71280410898774,0.00177581147190898,USDCAD_merged,38.458921995336524
2023-08-08 11:00:00,2023-08-10 03:00:00,1.5,90.0,1.6232340139904289,23189.057342720414,-1,1.34683,1.3520572370630906,1.338989144405364,1.3092,1.33867,63.53945430485492,0.00177581147190898,USDCAD_merged,133.37676598600956
2023-08-14 12:00:00,2023-08-15 02:00:00,-1.1,15.0,0.43769949015418846,6252.84985934555,-1,145.3,145.6485610639991,144.91658282960103,137.237,145.067,63.11214865224671,0.18909896158682812,USDJPY_merged,-16.937699490154188
2023-08-16 17:00:00,2023-08-17 07:00:00,1.4,30.0,0.9626319873672262,13751.885533817518,-1,146.331,146.65022386128103,145.88408659420654,137.237,145.067,71.79576281299427,0.16922594724261,USDJPY_merged,41.037368012632776
2023-08-16 17:00:00,2023-08-17 09:00:00,1.3,60.0,1.2193338506651532,17419.05500950219,-1,146.331,146.83503767570687,145.67575102158102,137.237,145.067,71.79576281299427,0.16922594724261,USDJPY_merged,76.78066614933485
2023-08-17 01:00:00,2023-08-23 04:00:00,1.3,60.0,0.8531188224527799,12187.411749325429,-1,2.14949,2.160072181241816,2.1357331643856394,2.04484,2.09182,71.89881593280438,0.0034761513367525835,GBPNZD_merged,77.14688117754721
2023-08-25 02:00:00,2023-08-25 08:00:00,1.4,60.0,1.7532678375786779,25046.683393981115,1,1.25779,1.2547769304125855,1.26200829742238,1.26163,1.28185,27.90564796373435,0.0016004099487363233,GBPUSD_merged,82.24673216242132
2023-08-25 02:00:00,2023-08-25 10:00:00,1.3,90.0,1.7845761918211542,25493.945597445065,1,1.25779,1.2533496869238103,1.2635624069990463,1.26163,1.28185,31.743994817128257,0.0016004099487363233,GBPUSD_merged,115.21542380817884
2023-08-25 02:00:00,2023-08-25 10:00:00,1.5,90.00000000000001,1.665604445699744,23794.349224282058,1,1.25779,1.2530325217040825,1.264926217443876,1.25973,1.31421,31.743994817128257,0.0016004099487363233,GBPUSD_merged,133.33439555430027
2023-08-29 10:00:00,2023-08-29 10:00:00,1.4,90.0,2.986419423552895,42663.13462218422,-1,147.125,147.43536748980733,146.6904855142697,137.237,146.559,42.977449378218715,0.21954050253742174,USDJPY_merged,123.0135805764471
2023-08-29 10:00:00,2023-08-29 10:00:00,1.3,90.0,1.8913989682501666,27019.98526071667,-1,147.125,147.61505393127476,146.48792988934284,137.237,146.559,42.977449378218715,0.21954050253742174,USDJPY_merged,115.10860103174983
2023-08-29 11:00:00,2023-08-29 15:00:00,1.4,90.0,2.210053053021653,31572.186471737903,-1,146.329,146.7461269548211,145.74502226325046,137.237,146.559,36.60516376252674,0.24128760949903455,USDJPY_merged,123.78994694697833
2023-08-24 17:00:00,2023-08-30 08:00:00,1.3,90.0,1.3279446104464656,18970.637292092368,1,1.25978,1.2538033847574925,1.2675495998152597,1.26163,1.28185,29.542056932902103,0.0019113332893475577,GBPUSD_merged,115.67205538955353
2023-08-30 19:00:00,2023-08-31 05:00:00,1.4,90.0,2.113364141834832,30190.91631192618,-1,185.857,186.4110451249369,185.08133682508836,176.303,184.008,62.970167711334064,0.22936269714819787,GBPJPY_merged,123.88663585816515
2023-08-29 11:00:00,2023-08-31 12:00:00,1.3,90.0,1.3997002669137133,19995.718098767335,-1,146.329,146.98762150761226,145.47279204010405,137.237,146.559,36.60516376252674,0.24128760949903455,USDJPY_merged,115.60029973308629
2023-09-05 06:00:00,2023-09-05 09:00:00,1.5,90.0,2.675718660359281,38224.55229084687,-1,1.36532,1.3685346563566012,1.3604980154650985,1.3092,1.33867,69.76649133347935,0.0011014412532336568,USDCAD_merged,132.32428133964072
2023-09-05 06:00:00,2023-09-05 09:00:00,1.1,60.0,2.8165459582729273,40236.37083247039,-1,1.36532,1.3673559490258473,1.3630804560715681,1.3092,1.33867,70.69528469859844,0.0011014412532336568,USDCAD_merged,63.183454041727074
2023-09-05 06:00:00,2023-09-05 09:00:00,1.4,90.0,3.3446483254491017,47780.690363558606,-1,1.36532,1.367891725085281,1.361719584880607,1.3092,1.33867,74.9905374342291,0.0011014412532336568,USDCAD_merged,122.65535167455089
2023-09-05 06:00:00,2023-09-05 09:00:00,1.3,90.0,2.675718660359281,38224.55229084687,-1,1.36532,1.3685346563566012,1.3611409467364188,1.3092,1.36395,76.18501748329695,0.0011014412532336568,USDCAD_merged,114.32428133964072
2023-09-05 06:00:00,2023-09-05 09:00:00,1.0,90.00000000000001,2.7679848210613254,39542.64030087608,-1,1.36532,1.3684275011447145,1.3622124988552857,1.3092,1.33867,69.76649133347935,0.0011014412532336568,USDCAD_merged,87.2320151789387
2023-09-05 06:00:00,2023-09-05 09:00:00,1.4,90.0,4.224818937409391,60354.55624870559,-1,1.36532,1.3673559490258473,1.3624696713638138,1.3092,1.36395,76.18501748329695,0.0011014412532336568,USDCAD_merged,121.77518106259059
2023-09-05 09:00:00,2023-09-05 21:00:00,-1.1,15.0,0.3080391122359567,4400.558746227954,1,0.58829,0.5862847205550741,0.5904958073894185,0.60501,0.64114,34.05029304019386,0.0011630409834935522,NZDUSD_merged,-16.808039112235956
2023-09-05 09:00:00,2023-09-05 21:00:00,-1.1,90.0,1.7509591642885967,25013.702346979953,1,0.58829,0.5861733161414671,0.5912533574019461,0.60501,0.64114,29.067306584643728,0.0011630409834935522,NZDUSD_merged,-100.75095916428862
2023-09-05 14:00:00,2023-09-06 01:00:00,1.4,90.0,2.4052426963370976,34360.60994767283,-1,108.441,108.72503715809653,108.04334797866487,106.538,108.281,68.61229084389703,0.14788658102461566,CADJPY_merged,123.59475730366289
2023-09-05 13:00:00,2023-09-06 01:00:00,1.4,90.0,1.8459177277496042,26370.253253565774,-1,108.451,108.82113637700579,107.93280907219189,104.215,108.281,75.9511592391328,0.1494932411034315,CADJPY_merged,124.15408227225038
2023-09-05 13:00:00,2023-09-06 03:00:00,1.4,89.99999999999999,2.781609298063513,39737.27568662162,1,1.46047,1.4571622166220808,1.4651008967290868,1.46276,1.48009,31.681718176757585,0.0017137287185319447,EURCAD_merged,123.21839070193646
2023-09-05 06:00:00,2023-09-06 10:00:00,-1.1,90.0,1.750712194120391,25010.17420171987,1,1.2551,1.2505834780802034,1.2609714784957358,1.25476,1.28001,35.4469722248582,0.0016221118611570357,GBPUSD_merged,-100.75071219412041
2023-09-05 06:00:00,2023-09-06 10:00:00,-1.1,90.0,1.6339980478456981,23342.829254938544,1,1.2551,1.2502608693716466,1.2623586959425304,1.25973,1.28001,35.4469722248582,0.0016221118611570357,GBPUSD_merged,-100.63399804784571
2023-09-05 06:00:00,2023-09-06 10:00:00,-1.1,90.0,1.6339980478456981,23342.829254938544,1,1.2551,1.2502608693716466,1.2613908698168597,1.25476,1.28001,31.065565615753837,0.0016221118611570357,GBPUSD_merged,-100.63399804784571
2023-09-05 06:00:00,2023-09-06 10:00:00,-1.1,90.0,2.579996917651102,36857.09882358718,1,1.2551,1.2520352172687095,1.2593906958238068,1.25476,1.28001,31.065565615753837,0.0016221118611570357,GBPUSD_merged,-101.57999691765112
2023-09-05 09:00:00,2023-09-08 10:00:00,1.0,90.00000000000001,1.1471801421201149,16388.28774457307,1,0.58829,0.5850592720053971,0.5915207279946029,0.60501,0.64114,33.28459063366306,0.0011630409834935522,NZDUSD_merged,88.8528198578799
2023-09-05 09:00:00,2023-09-08 16:00:00,-0.07693975753659794,89.99999999999999,1.1881508614815475,16973.58373545068,1,0.58829,0.5851706764190041,0.5923451206552947,0.60501,0.64114,33.28459063366306,0.0011630409834935522,NZDUSD_merged,-8.112729039775362
2023-09-05 09:00:00,2023-09-08 16:00:00,-0.07181044036749142,90.0,1.1089408040494444,15842.011486420635,1,0.58829,0.5849478675917901,0.5933031986123148,0.60501,0.64114,33.28459063366306,0.0011630409834935522,NZDUSD_merged,-7.571880437123672
2023-09-05 09:00:00,2023-09-08 16:00:00,-0.08976305045936427,90.0,1.3861760050618053,19802.514358025794,1,0.58829,0.5856162940734321,0.5920331882971951,0.60501,0.64114,29.48123899817969,0.0011630409834935522,NZDUSD_merged,-9.46485054640459
2023-09-05 09:00:00,2023-09-08 16:00:00,-0.07181044036749142,90.0,1.1089408040494444,15842.011486420635,1,0.58829,0.5849478675917901,0.5926347721306728,0.60501,0.64114,29.067306584643728,0.0011630409834935522,NZDUSD_merged,-7.571880437123672
2023-09-05 13:00:00,2023-09-08 16:00:00,-0.24890787553662863,90.0,1.7616858887735587,25166.941268193696,1,1.46047,1.4552471841401275,1.467259660617834,1.46276,1.47847,31.681718176757585,0.0017137287185319447,EURCAD_merged,-24.163394687070138
2023-09-12 08:00:00,2023-09-12 09:00:00,-1.1,15.0,0.5037195608867223,7195.9937269531765,1,1.69371,1.6901794730201278,1.6972405269798723,1.70751,1.73131,30.41907085227441,0.0017834589549407035,GBPCAD_merged,-17.003719560886722
2023-09-12 12:00:00,2023-09-14 06:00:00,-1.1,15.0,0.2966033476560196,4237.1906808002805,1,1.69072,1.6847347135424149,1.6967052864575851,1.70751,1.73131,32.9519521981509,0.0020450424617883558,GBPCAD_merged,-16.79660334765602
2023-09-14 09:00:00,2023-09-14 11:00:00,-1.1,15.0,0.40019941555357275,5717.134507908183,1,1.68206,1.6776467926554641,1.686473207344536,1.70751,1.73131,25.898023882939018,0.002413989124248805,GBPCAD_merged,-16.900199415553573
2023-09-14 16:00:00,2023-09-14 17:00:00,1.0,15.0,0.39356781638827276,5622.397376975326,-1,0.66274,0.6645081247577254,0.6609718752422746,0.6453,0.66179,68.14442553539237,0.0008494864946581914,CADCHF_merged,14.606432183611727
2023-09-13 12:00:00,2023-09-15 01:00:00,-1.1,14.999999999999998,0.3187005542713224,4552.8650610188915,-1,108.947,109.3059399154374,108.5880600845626,106.538,108.281,58.68289172935978,0.16255648759894906,CADJPY_merged,-16.818700554271324
2023-09-13 12:00:00,2023-09-15 01:00:00,-1.1,15.0,0.36650563741202075,5235.794820171725,-1,108.947,109.25912166559775,108.54124183472294,106.538,108.281,59.08544599187855,0.16255648759894906,CADJPY_merged,-16.866505637412022
2023-09-13 12:00:00,2023-09-15 01:00:00,-1.1,15.0,0.36650563741202075,5235.794820171725,-1,108.947,109.25912166559775,108.60366616784249,106.538,108.281,59.273594304797086,0.16255648759894906,CADJPY_merged,-16.866505637412022
2023-09-13 12:00:00,2023-09-15 01:00:00,-1.1,15.0,0.28192741339386207,4027.534477055173,-1,108.947,109.35275816527707,108.41951438513983,106.538,108.281,59.29815101328296,0.16255648759894906,CADJPY_merged,-16.781927413393863
2023-09-13 12:00:00,2023-09-15 01:00:00,-1.1,15.000000000000002,0.34905298801144835,4986.471257306405,-1,108.947,109.27472774887762,108.55372670134686,106.538,108.281,59.08544599187855,0.16255648759894906,CADJPY_merged,-16.84905298801145
2023-09-13 12:00:00,2023-09-15 01:00:00,-1.1,15.0,0.28192741339386207,4027.534477055173,-1,108.947,109.35275816527707,108.54124183472294,106.538,108.281,59.08544599187855,0.16255648759894906,CADJPY_merged,-16.781927413393863
2023-09-13 12:00:00,2023-09-15 03:00:00,-1.1,15.0,0.24433709160801384,3490.5298801144836,-1,108.947,109.4151824983966,108.2447262524051,106.538,108.281,59.14692130153203,0.16255648759894906,CADJPY_merged,-16.744337091608013
2023-09-14 16:00:00,2023-09-17 17:00:00,1.1,15.0,0.39356781638827276,5622.397376975326,-1,0.66274,0.6645081247577254,0.6607950627665021,0.6453,0.66179,67.29469023672293,0.0008494864946581914,CADCHF_merged,16.106432183611727
2023-09-14 21:00:00,2023-09-18 03:00:00,-1.1,30.0,0.8721878977396192,12459.82711056599,1,1.67699,1.6729522473447214,1.6810277526552786,1.70751,1.73131,31.565540759848876,0.001963956589950773,GBPCAD_merged,-33.87218789773962
2023-09-14 16:00:00,2023-09-18 03:00:00,-1.1,15.0,0.3678249925538433,5254.642750769191,1,1.67674,1.6719535471062579,1.6824837434724904,1.70751,1.73131,26.85119730182952,0.002210744476824725,GBPCAD_merged,-16.867824992553842
2023-09-14 16:00:00,2023-09-18 03:00:00,-1.1,15.0,0.38621624218153555,5517.374888307651,1,1.67674,1.6721814734345313,1.6826660845351091,1.70751,1.73131,26.85119730182952,0.002210744476824725,GBPCAD_merged,-16.886216242181536
2023-09-14 16:00:00,2023-09-18 08:00:00,-1.1,15.0,0.33584021059263963,4797.717294180567,1,1.67674,1.6714976944497109,1.681982305550289,1.6858,1.73131,26.106786915424262,0.002210744476824725,GBPCAD_merged,-16.83584021059264
2023-09-14 19:00:00,2023-09-18 09:00:00,-1.1,15.000000000000002,0.2826561006793215,4037.9442954188794,1,1.67659,1.67036186801994,1.6828181319800601,1.70751,1.73131,29.11284279335032,0.002064943737457705,GBPCAD_merged,-16.782656100679326
2023-09-15 08:00:00,2023-09-18 09:00:00,-1.1,30.0,0.9335961246657677,13337.087495225254,-1,109.321,109.56690301302095,109.05050668567695,106.538,108.281,59.62075407636169,0.12481211318830089,CADJPY_merged,-33.93359612466577
2023-09-15 08:00:00,2023-09-18 23:00:00,-1.1,15.0,0.3590754325637568,5129.649036625097,-1,109.321,109.64067391692724,109.00132608307275,106.538,108.281,58.366850320898884,0.12481211318830089,CADJPY_merged,-16.859075432563756
2023-09-19 06:00:00,2023-09-19 08:00:00,-1.1,30.000000000000004,1.1319054483477238,16170.077833538913,1,1.66559,1.6624998664512076,1.6686801335487922,1.70751,1.73131,33.117773041454505,0.0015704191476535313,GBPCAD_merged,-34.13190544834773
2023-09-19 21:00:00,2023-09-20 07:00:00,-1.1,30.0,0.5050973838148639,7215.676911640914,-1,0.53319,0.5354067982568891,0.530973201743111,0.51639,0.5292,63.01142882731062,0.0007519551068856488,NZDCHF_merged,-33.505097383814864
2023-09-19 12:00:00,2023-09-20 11:00:00,-1.1,15.000000000000002,0.4489753973491653,6413.934247845219,1,1.34322,1.3400786675164673,1.3463613324835328,1.34889,1.36941,41.61585655458965,0.0015670472244973907,USDCAD_merged,-16.94897539734917
2023-09-20 09:00:00,2023-09-20 15:00:00,1.3,60.0,1.4851384201426678,21216.263144895256,-1,88.15,88.39928989444932,87.82592313721588,85.788,87.526,72.06206015922477,0.12695602242289972,NZDJPY_merged,76.51486157985734
2023-09-20 14:00:00,2023-09-20 15:00:00,1.0,29.999999999999996,0.5128270153594725,7326.100219421036,-1,88.195,88.55615394558566,87.83384605441432,85.788,87.526,53.9407890727314,0.13842614021216268,NZDJPY_merged,29.487172984640523
2023-09-20 09:00:00,2023-09-20 15:00:00,1.0,15.0,0.32285617829188434,4612.231118455491,-1,88.15,88.43668337861672,87.86331662138329,85.788,87.526,72.85162587375167,0.12695602242289972,NZDJPY_merged,14.677143821708116
2023-09-20 09:00:00,2023-09-20 15:00:00,1.0,60.0,1.1424141693405137,16320.202419150197,-1,88.15,88.47407686278413,87.82592313721588,85.788,87.526,72.06206015922477,0.12695602242289972,NZDJPY_merged,58.85758583065949
2023-09-20 09:00:00,2023-09-20 15:00:00,1.1,60.0,1.4847463593446382,21210.662276351977,-1,0.53456,0.5360721451457817,0.5328966403396402,0.51639,0.5292,65.56752138396955,0.0007777816748272077,NZDCHF_merged,64.51525364065536
2023-09-20 09:00:00,2023-09-20 15:00:00,1.2,15.0,0.3536043857482542,5051.4912249750605,-1,88.15,88.41175438917179,87.83589473299386,85.788,87.526,72.06206015922477,0.12695602242289972,NZDJPY_merged,17.646395614251745
2023-09-20 14:00:00,2023-09-20 15:00:00,1.1,90.0,2.2307975168137064,31868.535954481522,-1,88.195,88.4440716866108,87.9210211447281,85.788,87.526,55.73521617262787,0.13842614021216268,NZDJPY_merged,96.7692024831863
2023-09-20 09:00:00,2023-09-20 16:00:00,1.3,60.0,1.4847463593446382,21210.662276351977,-1,0.53456,0.5360721451457817,0.5325942113104839,0.51639,0.5292,67.39446308156423,0.0007777816748272077,NZDCHF_merged,76.51525364065536
2023-09-20 08:00:00,2023-09-20 17:00:00,1.0,30.0,0.8290123612447505,11843.033732067866,-1,0.86521,0.8674016934957061,0.863018306504294,0.85217,0.86103,59.704006811093485,0.0008691762484664351,EURGBP_merged,29.17098763875525
2023-09-19 12:00:00,2023-09-20 17:00:00,1.1,30.0,0.743927486616351,10627.53552309073,-1,0.66838,0.6702667403412986,0.6663045856245714,0.6453,0.66179,61.61810457202326,0.000923843729888667,CADCHF_merged,32.25607251338365
2023-09-20 08:00:00,2023-09-20 17:00:00,1.1,60.0,2.155432139236351,30791.887703376447,-1,0.86521,0.86689591807362,0.863355490119018,0.85217,0.86103,59.34860921004933,0.0008691762484664351,EURGBP_merged,63.84456786076365
2023-09-20 11:00:00,2023-09-20 17:00:00,1.0,15.0,0.24283951876988794,3469.1359824269707,-1,0.53422,0.5365298835100705,0.5319101164899296,0.51639,0.5292,63.58250976708545,0.0007946178726826496,NZDCHF_merged,14.757160481230112
2023-09-20 08:00:00,2023-09-20 17:00:00,1.3,30.0,1.0777160696181756,15395.943851688224,-1,0.86521,0.86689591807362,0.863018306504294,0.85217,0.86103,59.704006811093485,0.0008691762484664351,EURGBP_merged,37.92228393038182
2023-09-20 16:00:00,2023-09-20 18:00:00,-1.1,30.0,0.434336451435653,6204.806449080758,-1,87.765,88.18934039185704,87.34065960814296,85.788,87.526,51.968993131460984,0.14937253926456903,NZDJPY_merged,-33.434336451435655
2023-09-20 16:00:00,2023-09-20 18:00:00,-1.1,90.0,1.889363563745091,26990.908053501298,-1,87.765,88.0576485461083,87.38455689005922,85.788,87.526,51.12745147213971,0.14937253926456903,NZDJPY_merged,-100.8893635637451
2023-09-20 16:00:00,2023-09-20 18:00:00,-1.1,30.0,0.5476416126797365,7823.4516097105225,-1,87.765,88.10154582802454,87.42845417197546,85.788,87.526,50.09302452915881,0.14937253926456903,NZDJPY_merged,-33.54764161267973
2023-09-20 16:00:00,2023-09-20 18:00:00,-1.1,15.0,0.3148939272908485,4498.48467558355,-1,87.765,88.0576485461083,87.4723514538917,85.788,87.526,51.12745147213971,0.14937253926456903,NZDJPY_merged,-16.81489392729085
2023-09-20 16:00:00,2023-09-20 18:00:00,-1.1,30.0,0.5997979567444733,8568.542239206763,-1,87.765,88.07228097341371,87.39626283190354,85.788,87.526,51.12745147213971,0.14937253926456903,NZDJPY_merged,-33.599797956744474
2023-09-20 16:00:00,2023-09-20 18:00:00,-1.1,60.0,0.9689043916641491,13841.491309487845,-1,87.765,88.14544310994079,87.38455689005922,85.788,87.526,51.12745147213971,0.14937253926456903,NZDJPY_merged,-66.96890439166415
2023-09-20 16:00:00,2023-09-20 18:00:00,-1.1,90.0,1.889363563745091,26990.908053501298,-1,87.765,88.0576485461083,87.44308659928087,85.788,87.526,53.68583726518265,0.14937253926456903,NZDJPY_merged,-100.8893635637451
2023-09-20 09:00:00,2023-09-20 20:00:00,1.3,60.0,1.1424141693405137,16320.202419150197,-1,88.15,88.47407686278413,87.72870007838065,85.788,87.526,71.31656866047277,0.12695602242289972,NZDJPY_merged,76.85758583065949
2023-09-20 09:00:00,2023-09-20 20:00:00,1.3,15.0,0.2856035423351284,4080.050604787549,-1,88.15,88.47407686278413,87.72870007838065,85.788,87.526,71.31656866047277,0.12695602242289972,NZDJPY_merged,19.214396457664872
2023-09-19 12:00:00,2023-09-20 20:00:00,1.0,30.0,0.6192764101367796,8846.805859096852,1,1.34322,1.3386650678988774,1.3477749321011228,1.34889,1.36941,41.12835812706256,0.0015670472244973907,USDCAD_merged,29.38072358986322
2023-09-19 12:00:00,2023-09-21 03:00:00,-1.1,15.0,0.24797582887211703,3542.5118410302434,-1,0.66838,0.671210110511948,0.664134834232078,0.6453,0.66179,61.614710569253475,0.000923843729888667,CADCHF_merged,-16.747975828872118
2023-09-19 12:00:00,2023-09-21 03:00:00,-1.1,30.0,0.5130534390457593,7329.334843510848,-1,0.66838,0.671115773494883,0.6656442265051169,0.6453,0.66179,61.57308592918402,0.000923843729888667,CADCHF_merged,-33.51305343904576
2023-09-19 13:00:00,2023-09-21 03:00:00,-1.1,30.0,0.586342983140359,8376.328330576558,1,1.6652,1.6592360503995953,1.6711639496004047,1.70751,1.73131,42.009317824345416,0.0020139247488980337,GBPCAD_merged,-33.58634298314036
2023-09-19 12:00:00,2023-09-21 06:00:00,1.3,15.0,0.39571396587714897,5653.0566553878425,-1,110.029,110.32095444174914,109.64945922572612,106.538,108.281,62.158478372502444,0.14297884795495633,CADJPY_merged,19.10428603412285
2023-09-19 12:00:00,2023-09-21 06:00:00,1.1,30.0,0.7914279317542979,11306.113310775685,-1,110.029,110.32095444174914,109.70785011407595,106.538,108.281,62.62623588966243,0.14297884795495633,CADJPY_merged,32.2085720682457
2023-09-19 12:00:00,2023-09-21 06:00:00,1.0,15.0,0.27290618336355094,3898.6597623364423,-1,110.029,110.45233394053625,109.60566605946374,106.538,108.281,62.4029407679781,0.14297884795495633,CADJPY_merged,14.72709381663645
2023-09-19 11:00:00,2023-09-21 06:00:00,1.3,15.0,0.30002162907342445,4286.023272477492,-1,110.104,110.4893362184488,109.60306291601657,106.538,108.281,66.75497378909425,0.1459772208745684,CADJPY_merged,19.199978370926576
2023-09-19 12:00:00,2023-09-21 06:00:00,1.0,15.0,0.30439535836703757,4348.505119529109,-1,110.029,110.40854077427387,109.64945922572612,106.538,108.281,62.158478372502444,0.14297884795495633,CADJPY_merged,14.695604641632963
2023-09-21 12:00:00,2023-09-22 00:00:00,1.0,30.0,0.5299367140042015,7570.524485774308,1,181.277,180.55864686472924,181.99535313527073,183.349,186.761,28.45736746570791,0.31287548939502513,GBPJPY_merged,29.4700632859958
2023-09-21 12:00:00,2023-09-22 02:00:00,1.2,30.0,0.5804068772426968,8291.526817752812,1,181.277,180.62111235475277,182.06406517429664,183.349,186.761,29.221770074027898,0.31287548939502513,GBPJPY_merged,35.419593122757306
2023-09-21 12:00:00,2023-09-22 02:00:00,1.3,60.0,1.2188544422096634,17412.206317280907,1,181.277,180.65234509976455,182.08905137030607,183.349,186.761,29.221770074027898,0.31287548939502513,GBPJPY_merged,76.78114555779034
2023-09-21 21:00:00,2023-09-22 09:00:00,-1.1,15.000000000000002,0.5364752115011807,7663.931592874011,1,1.08167,1.0795529338697272,1.0837870661302726,1.08052,1.08962,41.09623219384052,0.0010564949890551599,AUDNZD_merged,-17.036475211501184
2023-09-22 09:00:00,2023-09-24 17:00:00,1.0,30.0,0.46262420874719146,6608.917267817022,-1,0.67329,0.6763462797477221,0.670233720252278,0.6453,0.66179,59.90961077410423,0.0010878974561671674,CADCHF_merged,29.53737579125281
2023-09-22 09:00:00,2023-09-24 17:00:00,1.0,60.0,1.0320078502821965,14742.969289745666,-1,0.67329,0.6760301128772681,0.670549887122732,0.6453,0.66179,59.7239519080763,0.0010878974561671674,CADCHF_merged,58.9679921497178
2023-09-22 09:00:00,2023-09-24 17:00:00,1.2,30.0,0.6388620025556455,9126.600036509222,-1,0.67329,0.6755031680931781,0.6706341982881864,0.6453,0.66179,59.7239519080763,0.0010878974561671674,CADCHF_merged,35.36113799744435
2023-09-22 09:00:00,2023-09-24 17:00:00,1.1,90.0,2.0124153080502833,28748.79011500405,-1,0.67329,0.6753977791363601,0.670971442950004,0.6453,0.66179,60.123559285200955,0.0010878974561671674,CADCHF_merged,96.98758469194973
2023-09-22 09:00:00,2023-09-24 17:00:00,1.0,30.000000000000004,0.5833087849421111,8332.98264203016,-1,0.67329,0.6757139460068141,0.670866053993186,0.6453,0.66179,59.42191006405765,0.0010878974561671674,CADCHF_merged,29.41669121505789
2023-09-22 14:00:00,2023-09-24 17:00:00,1.0,60.0,1.0510085174290114,15014.407391843022,-1,0.5409,0.5430615238719066,0.5387384761280934,0.51639,0.5292,70.39060921969092,0.000911236345800819,NZDCHF_merged,58.94899148257099
2023-09-21 21:00:00,2023-09-24 17:00:00,-1.1,30.0,0.7399658089671456,10570.94012810208,1,1.08167,1.0786002541111046,1.0847397458888952,1.08052,1.08962,40.66289881986532,0.0010564949890551599,AUDNZD_merged,-33.73996580896715
2023-09-22 09:00:00,2023-09-24 17:00:00,1.3,90.0,2.0124153080502833,28748.79011500405,-1,0.67329,0.6753977791363601,0.670549887122732,0.6453,0.66179,59.7239519080763,0.0010878974561671674,CADCHF_merged,114.98758469194972
2023-09-24 17:00:00,2023-09-24 18:00:00,-1.1,89.99999999999999,1.9323242695577905,27604.63242225415,-1,0.5386,0.5403560096167381,0.536668389421588,0.51639,0.5292,62.433976817566545,0.0009395758934855665,NZDCHF_merged,-100.93232426955778
2023-09-22 10:00:00,2023-09-24 23:00:00,1.2,60.0,1.071623036045881,15308.900514941159,1,1.7817,1.774717003416041,1.7900795959007507,1.80832,1.84611,26.25336356878984,0.003287719577940998,EURNZD_merged,70.92837696395412
2023-09-22 10:00:00,2023-09-25 02:00:00,1.3,90.0,1.6878062817722626,24111.518311032327,1,1.7817,1.7750495270628963,1.7903456148182348,1.80832,1.84611,26.25336356878984,0.003287719577940998,EURNZD_merged,115.31219371822773
2023-09-22 15:00:00,2023-09-25 06:00:00,-1.1,89.99999999999999,1.869252700300345,26703.610004290644,-1,0.54074,0.5425624726916016,0.5383707855009179,0.51639,0.5292,68.93506481653928,0.000894005178243614,NZDCHF_merged,-100.86925270030034
2023-09-22 09:00:00,2023-09-25 07:00:00,-1.1,60.0,1.0320078502821965,14742.969289745666,-1,0.67329,0.6760301128772681,0.6697278532595515,0.6453,0.66179,59.90961077410423,0.0010878974561671674,CADCHF_merged,-67.0320078502822
2023-09-22 14:00:00,2023-09-25 07:00:00,-1.2096668696310138,60.0,1.1511045667079647,16444.350952970926,-1,0.5409,0.5428735652743496,0.5385317216707806,0.51639,0.5292,69.86620795489435,0.000911236345800819,NZDCHF_merged,-73.7311167445688
2023-09-22 09:00:00,2023-09-25 08:00:00,-1.1,15.0,0.2236017008944759,3194.3100127782272,-1,0.67329,0.6764516687045401,0.6685474969431899,0.6453,0.66179,60.14011694478127,0.0010878974561671674,CADCHF_merged,-16.723601700894477
2023-09-22 16:00:00,2023-09-25 08:00:00,-1.1,30.0,0.4379146123108927,6255.923033012753,-1,0.54064,0.5432326150169065,0.5380473849830936,0.51639,0.5292,65.19840295846508,0.0008780048083690744,NZDCHF_merged,-33.43791461231089
2023-09-22 09:00:00,2023-09-25 09:00:00,-1.1,15.0,0.3518522724243866,5026.461034634095,1,1.43267,1.4283946162156782,1.436945383784322,1.44834,1.48235,46.917021972976954,0.002209999614149423,EURCAD_merged,-16.851852272424388
2023-09-25 05:00:00,2023-09-25 09:00:00,-1.1,15.0,0.4637946669296402,6625.638098994861,-1,0.90978,0.9118396808633527,0.9077203191366474,0.87445,0.88275,72.14670363348485,0.0010334232579851685,USDCHF_merged,-16.96379466692964
2023-09-25 05:00:00,2023-09-25 09:00:00,-1.1,60.0,1.7668368263986296,25240.526091408996,-1,0.90978,0.9119426649065203,0.9071848021121757,0.87445,0.88275,72.14670363348485,0.0010334232579851685,USDCHF_merged,-67.76683682639863
2023-09-22 12:00:00,2023-09-25 10:00:00,-1.1,30.0,0.3980350425613551,5686.214893733644,1,1.78447,1.7750552837079732,1.7938847162920268,1.80832,1.84611,33.47278657190214,0.0031445643299593553,EURNZD_merged,-33.398035042561354
2023-09-25 12:00:00,2023-09-25 17:00:00,-1.1,30.0,1.1733864566335868,16762.663666194097,1,1.07634,1.0744136832377589,1.0786515801146894,1.08052,1.08962,27.55291503095734,0.0008853441465692039,AUDNZD_merged,-34.17338645663359
2023-09-25 11:00:00,2023-09-25 22:00:00,-1.1,90.0,1.876239219991123,26803.417428444613,-1,88.653,88.95067733988775,88.26601945814595,85.788,87.526,63.6229632287965,0.14663590780502142,NZDJPY_merged,-100.87623921999113
2023-09-25 11:00:00,2023-09-25 22:00:00,-1.1,90.0,1.876239219991123,26803.417428444613,-1,88.653,88.95067733988775,88.3255549261235,85.788,87.526,62.43719579820225,0.14663590780502142,NZDJPY_merged,-100.87623921999113
2023-09-25 16:00:00,2023-09-26 02:00:00,-1.1,60.0,1.7208618313000124,24583.740447143035,-1,0.91195,0.9141757394116915,0.9095016866471394,0.87445,0.88275,66.09429552454122,0.001053379012571037,USDCHF_merged,-67.72086183130001
2023-09-25 14:00:00,2023-09-26 02:00:00,-1.1,90.0,2.515076791973633,35929.66845676619,-1,0.9116,0.9138834610928492,0.9086315005792959,0.87445,0.88275,71.50236350701077,0.0011523212216800287,USDCHF_merged,-101.51507679197364
2023-09-25 12:00:00,2023-09-26 17:00:00,1.0,30.0,0.5928276145403598,8468.965922005142,-1,0.67676,0.6791573174749997,0.6743626825250003,0.6453,0.66179,71.14597769165815,0.0009254705267856064,CADCHF_merged,29.40717238545964
2023-09-25 14:00:00,2023-09-26 17:00:00,1.1,60.0,1.5529695213712247,22185.278876731783,-1,0.67671,0.6785401595497448,0.6746968244952809,0.6453,0.66179,67.74082786211108,0.0009111455052386077,CADCHF_merged,64.44703047862878
2023-09-25 12:00:00,2023-09-26 17:00:00,1.0,60.0,1.340305911134727,19147.227301924675,-1,0.67676,0.6788807039201921,0.674639296079808,0.6453,0.66179,72.14847060755515,0.0009254705267856064,CADCHF_merged,58.65969408886527
2023-09-25 12:00:00,2023-09-26 17:00:00,1.3,90.0,2.3120276967074043,33028.96709582006,-1,0.67676,0.6786040903653844,0.6743626825250003,0.6453,0.66179,71.14597769165815,0.0009254705267856064,CADCHF_merged,114.6879723032926
2023-09-26 09:00:00,2023-09-26 22:00:00,1.0,15.0,0.6644655107418669,9492.364439169527,1,1.07504,1.0733412030244585,1.0767387969755415,1.08052,1.08962,40.51856027392226,0.000867298595787187,AUDNZD_merged,14.335534489258134
2023-09-25 12:00:00,2023-09-27 07:00:00,-1.1,30.0,0.5928276145403598,8468.965922005142,-1,0.67676,0.6791573174749997,0.6736434872825005,0.6453,0.66179,70.28318635154322,0.0009254705267856064,CADCHF_merged,-33.59282761454036
2023-09-27 21:00:00,2023-09-28 01:00:00,1.0,30.0,0.7224831366334395,10321.187666191994,1,0.85793,0.8554363044261556,0.8604236955738443,0.86245,0.88262,43.25144373911898,0.0012956443735705958,AUDCAD_merged,29.27751686336656
2023-09-27 15:00:00,2023-09-28 05:00:00,1.0,29.999999999999996,0.49070418250770237,7010.059750110035,1,0.63533,0.6326110645444639,0.638048935455536,0.63567,0.65218,35.14595165798828,0.001390220032927433,AUDUSD_merged,29.509295817492294
2023-09-27 15:00:00,2023-09-28 05:00:00,1.0,90.00000000000001,1.7445197584288077,24921.710834697253,1,0.85827,0.8551705217774834,0.8613694782225165,0.86245,0.88262,28.266561742882413,0.001364199282382478,AUDCAD_merged,88.2554802415712
2023-09-27 15:00:00,2023-09-28 06:00:00,1.2,15.0,0.3184440828877982,4549.201184111403,1,0.85827,0.8554400416229196,0.8616659500524965,0.86245,0.88262,29.235368878231178,0.001364199282382478,AUDCAD_merged,17.681555917112203
2023-09-27 15:00:00,2023-09-28 06:00:00,1.0,15.0,0.23059743933254348,3294.24913332205,1,0.85827,0.8543619622411747,0.8621780377588253,0.86245,0.88262,30.150526307059796,0.001364199282382478,AUDCAD_merged,14.769402560667457
2023-09-21 13:00:00,2023-09-28 07:00:00,1.0,30.0,0.4198037711384753,5997.196730549647,1,181.383,180.47566108075443,182.29033891924558,183.349,186.761,31.93734736458147,0.3000986687239509,GBPJPY_merged,29.580196228861524
2023-09-25 11:00:00,2023-09-28 07:00:00,-1.1,60.0,0.9621739589698065,13745.342270997236,-1,88.653,89.03998054185406,88.26601945814595,85.788,87.526,63.6229632287965,0.14663590780502142,NZDJPY_merged,-66.9621739589698
2023-09-27 19:00:00,2023-09-29 05:00:00,-1.1,60.0,1.300999579265767,18585.708275225243,-1,110.689,111.04633585729702,110.33166414270296,106.538,108.281,63.99381084692437,0.13283423474893655,CADJPY_merged,-67.30099957926576
2023-09-27 19:00:00,2023-09-29 05:00:00,-1.1,90.0,2.2060427648419534,31514.896640599334,-1,110.689,111.00510479683967,110.37289520316031,106.538,108.281,64.76999484476886,0.13283423474893655,CADJPY_merged,-101.20604276484197
2023-09-29 01:00:00,2023-09-29 06:00:00,-1.1,30.0,0.738439795614672,10549.139937352458,1,1.63841,1.6337506343747548,1.643069365625245,1.6454,1.68938,32.4182220668075,0.002268276897435234,EURAUD_merged,-33.738439795614674
2023-09-29 10:00:00,2023-09-29 10:00:00,1.0,30.0,0.6932575973148472,9903.679961640675,1,1.63398,1.6290303852921475,1.6389296147078525,1.6454,1.68938,48.04701800480678,0.002798749685788638,EURAUD_merged,29.306742402685153
2023-09-29 11:00:00,2023-10-01 22:00:00,1.0,30.0,0.6153835438536851,8791.193483624074,1,1.64029,1.6346925006284228,1.6458874993715773,1.6454,1.68938,49.61001294600707,0.002828838993946608,EURAUD_merged,29.384616456146315
2023-10-03 19:00:00,2023-10-03 21:00:00,1.0,30.0,1.0924669844324044,15606.671206177207,1,1.06716,1.0651086464745072,1.069211353525493,1.08052,1.09174,37.32867521748056,0.0009988427082645436,AUDNZD_merged,28.907533015567594
2023-10-03 12:00:00,2023-10-04 04:00:00,1.0,30.0,0.6190697985084795,8843.854264406851,1,0.86331,0.8603814917698006,0.8662385082301994,0.86245,0.88262,33.39441955762165,0.0014568073925926056,AUDCAD_merged,29.38093020149152
2023-10-09 18:00:00,2023-10-10 03:00:00,1.0,30.0,0.7853105506731728,11218.722152473898,1,1.75505,1.750356818434006,1.759743181565994,1.80832,1.84611,33.37835425597602,0.0023018342984972664,EURNZD_merged,29.214689449326826
2023-10-12 07:00:00,2023-10-12 17:00:00,-1.1,30.0,1.0147980892006767,14497.11556000967,1,1.10678,1.1044896547335534,1.1090703452664468,1.10671,1.12152,44.25615558326675,0.0011848031594217186,GBPCHF_merged,-34.014798089200674
2023-10-13 16:00:00,2023-10-16 03:00:00,1.3,60.0,1.068118278570326,15258.83255100466,1,1.09469,1.0903855160376488,1.1002858291510564,1.10671,1.12152,26.335068477454172,0.0016308871294110903,GBPCHF_merged,76.93188172142968
2023-10-15 19:00:00,2023-10-16 03:00:00,1.0,29.999999999999996,0.6716663703960911,9595.233862801302,1,1.0965,1.0930717354605053,1.0999282645394948,1.10671,1.12152,33.61590708316792,0.001624551393336812,GBPCHF_merged,29.328333629603904
2023-10-13 16:00:00,2023-10-16 03:00:00,1.3,15.0,0.2670295696425815,3814.708137751165,1,1.09469,1.0903855160376488,1.1002858291510564,1.10671,1.12152,26.335068477454172,0.0016308871294110903,GBPCHF_merged,19.23297043035742
2023-10-13 16:00:00,2023-10-18 10:00:00,-1.1,30.0,0.46285125404714134,6612.16077210202,1,1.09469,1.0897232877357488,1.1021400683963767,1.10671,1.12152,28.172910319569755,0.0016308871294110903,GBPCHF_merged,-33.462851254047145
2023-10-18 12:00:00,2023-10-19 05:00:00,-1.1,30.000000000000004,0.6911658374229688,9873.797677470984,1,1.09156,1.0882434645523762,1.094876535447624,1.10671,1.12152,36.300055806917165,0.0016369628863968574,GBPCHF_merged,-33.69116583742298
2023-10-18 14:00:00,2023-10-19 15:00:00,-1.1,30.0,0.8684582698564661,12406.546712235231,1,0.94712,0.9448297897860668,0.9494102102139331,0.95205,0.96936,34.07091131043117,0.0010883118850404092,EURCHF_merged,-33.86845826985647
2023-10-19 07:00:00,2023-10-19 19:00:00,-1.1,60.0,1.9280261415551672,27543.230593645247,-1,0.87048,0.8723762481478862,0.8680148774077481,0.84922,0.87058,69.86043123654801,0.000743660052816469,EURGBP_merged,-67.92802614155516
2023-10-19 07:00:00,2023-10-19 19:00:00,-1.1,15.0,0.4820065353887918,6885.807648411312,-1,0.87048,0.8723762481478862,0.8685837518521139,0.85217,0.87058,70.85823312184931,0.000743660052816469,EURGBP_merged,-16.98200653538879
2023-10-19 07:00:00,2023-10-19 19:00:00,-1.1,30.0,1.2532169920108587,17903.09988586941,-1,0.87048,0.8719386524214509,0.8690213475785492,0.85217,0.87058,70.85823312184931,0.000743660052816469,EURGBP_merged,-34.253216992010856
2023-10-19 07:00:00,2023-10-19 19:00:00,-1.1,30.0,0.9640130707775836,13771.615296822623,-1,0.87048,0.8723762481478862,0.8680148774077481,0.85217,0.87058,69.86043123654801,0.000743660052816469,EURGBP_merged,-33.96401307077758
2023-10-19 07:00:00,2023-10-20 02:00:00,-1.1,30.0,0.8354779946739058,11935.39992391294,-1,0.87048,0.8726679786321763,0.8671980320517356,0.85217,0.87058,66.7940719126927,0.000743660052816469,EURGBP_merged,-33.83547799467391
2023-10-19 19:00:00,2023-10-22 20:00:00,1.0,15.0,0.4646183183462972,6637.404547804246,1,0.94371,0.9415772913639591,0.945842708636041,0.95205,0.96936,34.14382035352394,0.0010251861524476279,EURCHF_merged,14.535381681653703
2023-10-19 10:00:00,2023-10-23 03:00:00,-1.1,30.0,0.7180778535153217,10258.255050218882,-1,1.45041,1.4546516863089276,1.4448958077983942,1.41568,1.44969,69.27236762803962,0.001615602253188409,EURCAD_merged,-33.718077853515325
2023-10-25 00:00:00,2023-10-25 05:00:00,1.0,29.999999999999996,0.767447456540743,10963.535093439186,-1,1.09031,1.0932934628813815,1.0873265371186183,1.06134,1.09174,68.48498081612988,0.0011240938862077054,AUDNZD_merged,29.232552543459253
2023-10-25 00:00:00,2023-10-25 13:00:00,1.3,59.99999999999999,1.534894913081486,21927.070186878373,-1,1.09031,1.0932934628813815,1.0864314982542038,1.06134,1.09174,67.97909529364422,0.0011240938862077054,AUDNZD_merged,76.46510508691851
2023-10-25 00:00:00,2023-10-25 17:00:00,1.5,30.0,0.6651211290019773,9501.730414313963,-1,1.09031,1.0937524571708248,1.0851463142437625,1.06134,1.09174,66.2490592411119,0.0011240938862077054,AUDNZD_merged,44.334878870998025
2023-10-25 20:00:00,2023-10-25 21:00:00,-1.1,30.0,1.6831848047995648,24045.497211422356,-1,150.094,150.28126250326238,149.9067374967376,147.277,150.159,67.37629944155518,0.10008616222897107,USDJPY_merged,-34.683184804799566
2023-10-25 20:00:00,2023-10-25 22:00:00,-1.1,30.0,1.2947575421535114,18496.536316478734,-1,150.094,150.33744125424113,149.85055874575886,147.277,150.159,67.37629944155518,0.10008616222897107,USDJPY_merged,-34.29475754215351
2023-10-25 20:00:00,2023-10-25 22:00:00,-1.1,60.0,2.5895150843070227,36993.07263295747,-1,150.094,150.33744125424113,149.77752636948654,147.277,150.159,66.45052767495574,0.10008616222897107,USDJPY_merged,-68.58951508430702
2023-10-25 20:00:00,2023-10-25 22:00:00,-1.1,15.0,0.6473787710767557,9248.268158239367,-1,150.094,150.33744125424113,149.77752636948654,147.277,150.159,66.45052767495574,0.10008616222897107,USDJPY_merged,-17.147378771076756
2023-10-27 11:00:00,2023-10-30 10:00:00,-1.1,30.0,0.6708863578002439,9584.09082571777,-1,0.87973,0.882483719729907,0.876976280270093,0.8584,0.87478,74.0589663334832,0.0013742270174568368,AUDCAD_merged,-33.67088635780024
2023-10-27 11:00:00,2023-10-30 10:00:00,-1.1,60.0,1.0321328581542213,14744.755116488876,-1,0.87973,0.8833098356488791,0.8750762136564572,0.8584,0.87478,72.70938154747334,0.0013742270174568368,AUDCAD_merged,-67.03213285815423
2023-10-31 08:00:00,2023-10-31 10:00:00,1.0,30.0,0.7951279674863456,11358.970964090653,-1,1.47124,1.4751256688814096,1.4673543311185906,1.43261,1.44969,58.11818544674916,0.0019526319806543709,EURCAD_merged,29.204872032513656
2023-10-27 11:00:00,2023-11-01 09:00:00,-1.1,30.0,0.4472575718668293,6389.393883811847,-1,0.87973,0.8838605795948605,0.8735341306077092,0.8584,0.87478,68.65079236896389,0.0013742270174568368,AUDCAD_merged,-33.44725757186683
2023-11-05 18:00:00,2023-11-05 21:00:00,-1.1,30.0,0.8877095382023009,12681.564831461443,-1,184.713,185.1499642133006,184.2760357866994,178.028,183.811,70.84565290229537,0.2229476704609874,GBPJPY_merged,-33.8877095382023
2023-11-05 18:00:00,2023-11-06 02:00:00,-1.1,30.0,0.5918063588015339,8454.376554307628,-1,184.713,185.3684463199509,183.72983052007368,178.028,183.811,66.82330097659782,0.2229476704609874,GBPJPY_merged,-33.591806358801534
2023-11-06 01:00:00,2023-11-06 03:00:00,-1.1,30.0,0.9242453323816071,13203.504748308675,-1,185.1,185.52057015208112,184.67942984791887,178.028,183.811,72.26921717871262,0.2114075706090924,GBPJPY_merged,-33.92424533238161
2023-11-06 05:00:00,2023-11-06 14:00:00,1.0,15.0,0.3565901028520049,5094.144326457213,-1,1.2398,1.2434506621737067,1.2361493378262933,1.20369,1.23371,76.28802175849522,0.001768524090414544,GBPUSD_merged,14.643409897147995
2023-11-06 08:00:00,2023-11-06 14:00:00,1.1,14.999999999999998,0.4074360595805692,5820.515136865275,-1,1.23915,1.2423434029141638,1.2356372567944198,1.20369,1.23371,61.4482537695575,0.0018607242808457672,GBPUSD_merged,16.09256394041943
2023-11-06 08:00:00,2023-11-06 15:00:00,1.1,60.0,1.9005756565540064,27151.08080791438,-1,185.59,186.00012731974758,185.13885994827766,178.028,183.811,67.68841994646337,0.23916198137473013,GBPJPY_merged,64.09942434344599
2023-11-06 08:00:00,2023-11-06 16:00:00,1.1,30.000000000000004,0.6022967837277979,8604.239767539972,-1,1.23915,1.2434704862956334,1.2343974650748033,1.20691,1.22885,63.42392435022598,0.0018607242808457672,GBPUSD_merged,32.39770321627221
2023-11-06 03:00:00,2023-11-06 20:00:00,1.1,15.0,0.2691524366691176,3845.0348095588233,-1,0.65052,0.6530577663618914,0.6477284570019194,0.62698,0.64449,67.34164338786177,0.0011538497734344265,AUDUSD_merged,16.230847563330883
2023-11-06 03:00:00,2023-11-06 20:00:00,1.1,15.0,0.2380963862842194,3401.3769469174204,-1,0.65052,0.6533887793656163,0.647364342697822,0.62698,0.64449,67.00649942784045,0.0011538497734344265,AUDUSD_merged,16.26190361371578
2023-11-06 03:00:00,2023-11-06 20:00:00,1.0,15.0,0.2210895015496323,3158.4214507090333,-1,0.65052,0.6536094547014331,0.6474305452985669,0.62698,0.64449,67.00649942784045,0.0011538497734344265,AUDUSD_merged,14.778910498450367
2023-11-06 09:00:00,2023-11-06 23:00:00,1.0,60.0,0.9983773625803417,14262.53375114774,-1,1.23847,1.243680027986368,1.233259972013632,1.20691,1.22885,65.58072415992258,0.0018413868322139254,GBPUSD_merged,59.00162263741966
2023-11-06 09:00:00,2023-11-06 23:00:00,1.1,60.00000000000001,1.0751756212403678,15359.651732005255,-1,1.23847,1.243307883130199,1.233148328556781,1.20691,1.22885,65.58072415992258,0.0018413868322139254,GBPUSD_merged,64.92482437875965
2023-11-06 09:00:00,2023-11-07 00:00:00,1.1,29.999999999999996,0.8057301137519886,11510.43019645698,-1,1.07373,1.0765284966200408,1.0706516537179553,1.04483,1.06942,65.341654551577,0.0011998278279667666,EURUSD_merged,32.19426988624801
2023-11-06 09:00:00,2023-11-07 01:00:00,1.1,60.0,1.4255225089458259,20364.60727065466,-1,1.07373,1.076893517918307,1.0702501302898624,1.04483,1.06942,65.53764352024623,0.0011998278279667666,EURUSD_merged,64.57447749105417
2023-11-06 09:00:00,2023-11-07 01:00:00,1.0,59.99999999999999,1.3236994725925526,18909.992465607895,-1,1.07373,1.0771368654504845,1.0703231345495157,1.04483,1.06942,65.53764352024623,0.0011998278279667666,EURUSD_merged,58.67630052740744
2023-11-06 08:00:00,2023-11-07 04:00:00,1.0,60.0,1.538561245781815,21979.446368311645,-1,185.59,186.09662786557055,185.08337213442945,178.028,183.811,67.68841994646337,0.23916198137473013,GBPJPY_merged,58.461438754218186
2023-11-06 13:00:00,2023-11-07 06:00:00,1.1,60.0,1.4319845967932978,20456.922811332828,-1,185.377,185.92070933999116,184.77891972600972,180.984,183.811,60.95242199754761,0.22636712484115223,GBPJPY_merged,64.5680154032067
2023-11-06 13:00:00,2023-11-07 06:00:00,1.1,90.0,1.9001334072834144,27144.762961191638,-1,185.377,185.99162794955524,184.70090925548925,180.984,183.811,62.09524209483956,0.22636712484115223,GBPJPY_merged,97.0998665927166
2023-11-06 13:00:00,2023-11-07 06:00:00,1.0,90.0,1.7644095924774565,25205.851321106522,-1,185.377,186.03890702259795,184.71509297740207,180.984,183.811,62.09524209483956,0.22636712484115223,GBPJPY_merged,88.23559040752254
2023-11-07 04:00:00,2023-11-07 07:00:00,-1.1,60.0,2.8144884450876795,40206.977786966854,-1,150.331,150.5553356873971,150.08423074386315,147.277,150.159,67.05667350145238,0.13260772841019172,USDJPY_merged,-68.81448844508768
2023-11-07 04:00:00,2023-11-07 08:00:00,-1.1,60.0,2.0802740681082845,29718.200972975497,-1,150.331,150.63451298883137,149.99713571228546,147.277,150.159,64.04247580464676,0.13260772841019172,USDJPY_merged,-68.08027406810828
2023-11-06 09:00:00,2023-11-08 09:00:00,-1.1,15.0,0.5901751794708878,8431.073992441256,-1,160.85,161.13617350555376,160.44935709222474,154.342,158.473,65.74474840926804,0.15862918937296816,EURJPY_merged,-17.090175179470886
2023-11-06 08:00:00,2023-11-08 11:00:00,-1.1,60.0,1.514047963189203,21629.256616988616,-1,1.69172,1.6964128658620783,1.6865578475517136,1.65485,1.67607,60.020927659186704,0.0019960638573608734,GBPCAD_merged,-67.5140479631892
2023-11-08 13:00:00,2023-11-09 17:00:00,1.5,15.0,0.3768888551910367,5384.1265027290965,-1,1.4782,1.4823182167597215,1.4720226748604177,1.41568,1.44969,69.55815389456886,0.0015048893618090117,EURCAD_merged,22.123111144808963
2023-11-08 13:00:00,2023-11-10 02:00:00,1.5,15.0,0.3508965203502755,5012.807433575365,-1,1.4782,1.4826232698530342,1.4715650952204486,1.41568,1.44969,71.14955230166804,0.0015048893618090117,EURCAD_merged,22.149103479649725
2023-11-08 20:00:00,2023-11-10 12:00:00,-1.1,60.00000000000001,2.129932971216362,30427.613874519462,-1,161.55,161.86855932049005,161.199584747461,157.695,158.473,68.45737941573428,0.13853947721647344,EURJPY_merged,-68.12993297121638
2023-11-08 20:00:00,2023-11-10 13:00:00,-1.1,90.0,2.8262572118063263,40375.10302580467,-1,161.55,161.91011053620613,161.15387841017326,157.695,158.473,66.93123776445928,0.13853947721647344,EURJPY_merged,-101.82625721180634
2023-11-08 20:00:00,2023-11-10 14:00:00,-1.1,90.0,2.624381696677303,37491.16709539005,-1,161.55,161.93781134668353,161.1621886533165,157.695,158.473,66.93123776445928,0.13853947721647344,EURJPY_merged,-101.62438169667732
2023-11-13 08:00:00,2023-11-13 10:00:00,1.1,30.0,0.9516195539548438,13594.56505649777,-1,185.819,186.22905872397038,185.36793540363254,180.76,183.811,67.56868914171524,0.17990880160295417,GBPJPY_merged,32.04838044604516
2023-11-13 20:00:00,2023-11-14 04:00:00,-1.1,60.0,1.871379276437599,26733.989663394274,-1,186.202,186.61989946583608,185.7841005341639,180.76,183.811,71.52186076129405,0.19114262094793052,GBPJPY_merged,-67.8713792764376
2023-11-13 20:00:00,2023-11-14 04:00:00,-1.1,60.0,2.3117038120699758,33024.34017242823,-1,186.202,186.5402995675816,185.82987047566024,180.76,183.811,71.52186076129405,0.19114262094793052,GBPJPY_merged,-68.31170381206998
2023-11-13 23:00:00,2023-11-14 04:00:00,-1.1,30.0,0.9714790722620492,13878.27246088642,-1,186.141,186.54337212633908,185.698390661027,180.76,183.811,64.35903148709325,0.1663769454164003,GBPJPY_merged,-33.97147907226205
2023-11-14 08:00:00,2023-11-14 08:00:00,-1.1,15.0,0.4985057764937534,7121.511092767906,-1,186.475,186.86777127614678,186.00367446862384,180.76,183.811,77.05770139700691,0.2507866639252971,GBPJPY_merged,-16.998505776493754
2023-11-14 08:00:00,2023-11-14 08:00:00,-1.1,15.0,0.4985057764937534,7121.511092767906,-1,186.475,186.86777127614678,185.92512021339448,180.76,183.811,77.05770139700691,0.2507866639252971,GBPJPY_merged,-16.998505776493754
2023-11-13 20:00:00,2023-11-14 08:00:00,-1.1,90.0,2.2672479695301675,32389.256707573826,-1,186.202,186.7193993386542,185.63286072748036,180.76,183.811,66.2558386611044,0.19114262094793052,GBPJPY_merged,-101.26724796953019
2023-11-14 08:00:00,2023-11-14 08:00:00,-1.1,30.0,1.1077906144305631,15825.580206150902,-1,186.475,186.82849414853212,185.98010819205504,180.76,183.811,72.8993470490778,0.2507866639252971,GBPJPY_merged,-34.10779061443056
2023-11-13 20:00:00,2023-11-14 08:00:00,-1.1,60.0,1.4035344573281994,20050.492247545706,-1,186.202,186.75919928778146,185.64480071221854,180.76,183.811,66.2558386611044,0.19114262094793052,GBPJPY_merged,-67.4035344573282
2023-11-14 18:00:00,2023-11-14 21:00:00,-1.1,15.0,0.3387708706462743,4839.5838663753475,-1,90.253,90.53273376169922,89.94529286213087,86.781,90.199,74.16842676920275,0.16451003790293192,NZDJPY_merged,-16.838770870646275
2023-11-14 18:00:00,2023-11-14 21:00:00,-1.1,29.999999999999996,0.5484861715225392,7835.516736036275,-1,90.253,90.59855347033432,89.90744652966568,86.781,90.199,74.16842676920275,0.16451003790293192,NZDJPY_merged,-33.54848617152254
2023-11-14 16:00:00,2023-11-14 22:00:00,-1.1,30.0,0.9617667966185374,13739.525665979107,-1,169.093,169.4622114359203,168.68686742048766,164.977,168.413,69.46561954719913,0.20902725491444968,CHFJPY_merged,-33.96176679661854
2023-11-14 18:00:00,2023-11-14 22:00:00,-1.1,30.0,0.6967292314251937,9953.274734645625,-1,168.988,169.49734392299587,168.42772168470455,164.977,168.413,68.65109477738578,0.22706431673745858,CHFJPY_merged,-33.696729231425195
2023-11-14 18:00:00,2023-11-14 23:00:00,-1.1,15.0,0.29303999791043583,4186.285684434798,-1,0.82139,0.8243331460078824,0.8178582247905409,0.79614,0.82175,72.20420751107422,0.0015050320750883302,NZDCAD_merged,-16.793039997910437
2023-11-14 18:00:00,2023-11-14 23:00:00,-1.1,15.0,0.29303999791043583,4186.285684434798,-1,0.82139,0.8243331460078824,0.8172695955889644,0.79614,0.82175,72.20420751107422,0.0015050320750883302,NZDCAD_merged,-16.793039997910437
2023-11-14 13:00:00,2023-11-15 02:00:00,-1.1,60.0,1.4372129109994725,20531.61301427818,-1,169.156,169.6503284286988,168.6616715713012,164.977,168.413,73.66909997619625,0.2273663120096735,CHFJPY_merged,-67.43721291099948
2023-11-14 18:00:00,2023-11-15 02:00:00,-1.1,60.0,1.232674794059958,17609.63991514226,-1,168.988,169.56378008686488,168.3546419044486,164.977,168.413,66.72777377497859,0.22706431673745858,CHFJPY_merged,-67.23267479405996
2023-11-14 17:00:00,2023-11-15 03:00:00,-1.1,30.0,0.4241772062696851,6059.674375281216,-1,0.82242,0.8264916049200012,0.8163125926199983,0.79614,0.82175,69.32141472381439,0.0014715730039412576,NZDCAD_merged,-33.42417720626968
2023-11-14 17:00:00,2023-11-15 03:00:00,-1.1,30.0,0.4555977400674396,6508.539143820566,-1,0.82242,0.8262108045806907,0.8167337931289639,0.79614,0.82175,67.89547468805394,0.0014715730039412576,NZDCAD_merged,-33.45559774006744
2023-11-14 19:00:00,2023-11-15 04:00:00,1.0,30.0,0.8307175377714342,11867.393396734775,-1,1.49016,1.4939270277292989,1.486392972270701,1.41568,1.44969,71.26084054446756,0.001738549676220673,EURCAD_merged,29.169282462228566
2023-11-15 05:00:00,2023-11-15 06:00:00,-1.1,29.999999999999996,0.553328330869781,7904.690440996872,-1,0.65059,0.6530591289489053,0.6481208710510947,0.62698,0.65108,76.28981046075042,0.0011917917121009665,AUDUSD_merged,-33.55332833086978
2023-11-14 17:00:00,2023-11-15 07:00:00,1.0,30.0,0.7161549346099927,10230.784780142754,-1,1.70903,1.7140414337366878,1.7040185662633123,1.63569,1.67607,69.7595232852148,0.0023966543733653866,GBPCAD_merged,29.283845065390008
2023-11-14 19:00:00,2023-11-15 08:00:00,-1.1,30.0,0.48848913472295363,6978.4162103279095,-1,97.785,98.20537475432583,97.15443786851125,93.016,96.92,72.01729502955786,0.15421618535015325,AUDJPY_merged,-33.488489134722954
2023-11-14 18:00:00,2023-11-15 08:00:00,-1.1,60.0,0.9932609944316103,14189.442777594435,-1,0.88978,0.8935424310437545,0.8841363534343682,0.8584,0.87478,72.81107782437681,0.0013796720520849021,AUDCAD_merged,-66.99326099443161
2023-11-15 05:00:00,2023-11-15 08:00:00,-1.1,30.0,0.7522297725027771,10746.139607182531,-1,1.0852,1.0882295530478907,1.08186749164732,1.05167,1.07562,66.22589655195382,0.0012816829075335445,EURUSD_merged,-33.75222977250278
2023-11-15 00:00:00,2023-11-15 08:00:00,1.1,14.999999999999998,0.46451974810549185,6635.996401507027,-1,1.48869,1.4920550334703209,1.484988463182647,1.43261,1.47465,64.53071802325474,0.0014064110283904259,EURCAD_merged,16.03548025189451
2023-11-14 16:00:00,2023-11-15 08:00:00,-1.1,60.0,0.8648744329030934,12355.349041472764,-1,97.774,98.24880973465892,97.06178539801162,93.016,96.92,76.59521657395815,0.16060410223068836,AUDJPY_merged,-66.8648744329031
2023-11-15 03:00:00,2023-11-15 08:00:00,1.0,30.0,0.7434211305975065,10620.301865678664,-1,1.24693,1.2504523010111315,1.2434076989888687,1.20691,1.23371,63.87472702198188,0.0016839086103642008,GBPUSD_merged,29.256578869402492
2023-11-15 02:00:00,2023-11-15 08:00:00,-1.1,30.0,0.8461409537710164,12087.727911014521,1,0.88879,0.8865841512088716,0.8909958487911284,0.88878,0.91121,21.91284818375171,0.0010746610300907745,USDCHF_merged,-33.84614095377102
2023-11-15 04:00:00,2023-11-15 09:00:00,1.1,30.0,0.675818975151041,9654.556787872014,-1,1.2464,1.2502729898038376,1.2421397112157786,1.20691,1.24282,65.5148243663598,0.0016579151381953285,GBPUSD_merged,32.32418102484896
2023-11-15 09:00:00,2023-11-15 10:00:00,1.1,15.0,0.35598502746479144,5085.5003923541635,-1,0.82431,0.8267413536615963,0.821635510972244,0.79614,0.82175,52.52238882129103,0.001497336033645083,NZDCAD_merged,16.14401497253521
2023-11-14 17:00:00,2023-11-15 10:00:00,1.5,29.999999999999996,0.5944585757968722,8492.265368526747,-1,1.48926,1.494520999045741,1.4813685014313882,1.41568,1.44969,71.32508602787952,0.0018002706304097466,EURCAD_merged,44.40554142420312
2023-11-15 10:00:00,2023-11-15 10:00:00,-1.1,30.0,0.636943544407382,9099.19349153403,-1,98.086,98.40938910066455,97.63325525906961,94.243,95.825,72.46096725272062,0.19661342494600284,AUDJPY_merged,-33.63694354440738
2023-11-14 18:00:00,2023-11-15 10:00:00,1.5,30.0,0.6431428095050272,9187.754421500389,-1,1.48864,1.4935007307021062,1.4813489039468404,1.41568,1.44969,73.53755851510516,0.001793822728237629,EURCAD_merged,44.35685719049497
2023-11-15 07:00:00,2023-11-15 11:00:00,-1.1,15.0,0.3609244083242671,5156.062976060959,-1,90.794,91.0581375806159,90.5034486613225,86.781,90.199,72.23592330419739,0.15241968689104252,NZDJPY_merged,-16.860924408324266
2023-11-15 17:00:00,2023-11-15 19:00:00,1.0,30.0,0.6681932686698733,9545.618123855333,-1,91.128,91.41439737778404,90.84160262221596,86.781,90.199,71.445453519973,0.1374954391562094,NZDJPY_merged,29.331806731330126
2023-11-15 20:00:00,2023-11-15 20:00:00,1.1,30.0,0.5299376725866901,7570.53817980986,-1,90.836,91.19595855714296,90.44004558714275,86.781,89.927,49.57846427794684,0.17832488331858304,NZDJPY_merged,32.47006232741331
2023-11-15 18:00:00,2023-11-15 20:00:00,1.1,30.0,0.8179625327010692,11685.179038586704,-1,91.044,91.27774224656555,90.78688352877789,86.781,90.199,73.93902223853271,0.13738862207362373,NZDJPY_merged,32.18203746729893
2023-11-15 09:00:00,2023-11-15 20:00:00,1.1,30.0,0.5262387362523004,7517.696232175721,-1,0.82431,0.8275994784833363,0.8206915736683301,0.79614,0.82002,55.583754187787335,0.001497336033645083,NZDCAD_merged,32.4737612637477
2023-11-15 10:00:00,2023-11-15 20:00:00,1.0,15.000000000000002,0.27460769711060257,3922.967101580037,-1,0.82236,0.8255044056706546,0.8192155943293453,0.79614,0.82175,57.70736747688919,0.0015682406026704496,NZDCAD_merged,14.7253923028894
2023-11-15 09:00:00,2023-11-15 20:00:00,1.1,30.0,0.5410892855305893,7729.846936151276,-1,0.65083,0.6533559103008476,0.6480514986690676,0.62698,0.65108,54.36535852020633,0.0015718417609671908,AUDUSD_merged,32.45891071446941
2023-11-15 09:00:00,2023-11-15 21:00:00,1.1,30.0,0.3999355588704356,5713.365126720509,-1,0.65083,0.654247408054088,0.6470708511405032,0.62698,0.65226,57.38712903599256,0.0015718417609671908,AUDUSD_merged,32.60006444112956
2023-11-15 10:00:00,2023-11-15 21:00:00,1.1,30.0,0.38616191366031827,5516.598766575976,-1,0.60079,0.604057176164633,0.597196106218904,0.57729,0.60016,66.57862837716291,0.0014919034205039595,NZDUSD_merged,32.61383808633968
2023-11-15 09:00:00,2023-11-15 21:00:00,1.4,15.0,0.34604380565359144,4943.4829379084495,-1,0.89045,0.8931518905835752,0.8866673531829945,0.8584,0.89087,55.185343649840675,0.001576689586765036,AUDCAD_merged,20.65395619434641
2023-11-15 20:00:00,2023-11-15 21:00:00,1.4,30.0,0.6842658683662335,9775.226690946194,-1,98.253,98.55453674111006,97.83084856244591,94.243,95.825,55.70588275976301,0.18112609660439682,AUDJPY_merged,41.31573413163377
2023-11-15 22:00:00,2023-11-16 03:00:00,-1.1,29.999999999999996,0.6129701286473528,8756.716123533612,-1,97.824,98.15913933289592,97.35480493394572,94.243,95.825,51.4587391325281,0.181960766970117,AUDJPY_merged,-33.612970128647355
2023-11-14 18:00:00,2023-11-16 09:00:00,-1.1,60.00000000000001,1.1111774053602441,15873.962933717774,1,0.64891,0.6464572665419106,0.652589100187134,0.64817,0.68289,26.09330133417912,0.0008596437181074271,CADCHF_merged,-67.11117740536025
2023-11-15 21:00:00,2023-11-16 10:00:00,1.1,30.0,0.6273213133141158,8961.733047344513,-1,90.559,90.86215230164159,90.22553246819425,86.781,90.199,40.72622668122084,0.1842302487958268,NZDJPY_merged,32.37267868668589
2023-11-15 21:00:00,2023-11-16 11:00:00,1.1,60.0,0.9273445501165192,13247.779287378846,-1,90.559,90.96914723163273,90.10783804520398,86.781,89.927,45.52537857039054,0.1842302487958268,NZDJPY_merged,65.07265544988348
2023-11-14 16:00:00,2023-11-16 21:00:00,1.5,29.999999999999996,0.5410949154517923,7729.927363597034,-1,187.815,188.54391370577875,186.72162944133188,180.76,183.811,73.83803576551445,0.2625417506646458,GBPJPY_merged,44.4589050845482
2023-11-16 13:00:00,2023-11-17 02:00:00,1.1,90.0,2.0535928120726625,29337.040172466608,-1,1.70946,1.7147042713748741,1.7036913014876385,1.65485,1.67607,63.777226790017075,0.0022251095612846085,GBPCAD_merged,96.94640718792735
2023-11-16 13:00:00,2023-11-17 02:00:00,1.1,60.0,1.8522601834380878,26460.85976340126,-1,1.70946,1.7133362005814288,1.7051961793604284,1.63569,1.67607,66.03673894727736,0.0022251095612846085,GBPCAD_merged,64.14773981656191
2023-11-14 16:00:00,2023-11-17 02:00:00,1.5,30.0,0.503778024730979,7196.828924728272,-1,187.815,188.5979073136142,186.6406390295787,180.76,183.811,74.27594814298281,0.2625417506646458,GBPJPY_merged,44.49622197526902
2023-11-15 10:00:00,2023-11-17 13:00:00,-1.1,30.0,0.5357613649370453,7653.733784814933,-1,1.24086,1.2457237437682842,1.2355098818548875,1.20691,1.24282,55.39849045024342,0.0022536232604874135,GBPUSD_merged,-33.535761364937045
2023-11-16 16:00:00,2023-11-17 15:00:00,-1.1,30.0,0.9878362874936039,14111.946964194341,-1,1.49268,1.4958532262113526,1.4882374833041063,1.43261,1.44969,64.3029869234975,0.0016934103471263901,EURCAD_merged,-33.98783628749361
2023-11-14 18:00:00,2023-11-19 18:00:00,-1.1,30.0,0.4623801180974738,6605.430258535341,-1,0.88978,0.8938211296395883,0.8837183055406177,0.8584,0.87478,74.25790294216046,0.0013796720520849021,AUDCAD_merged,-33.46238011809747
2023-11-19 19:00:00,2023-11-19 23:00:00,-1.1,90.0,2.3536722028837795,33623.88861262542,-1,1.09054,1.0934590139525726,1.0873290846521702,1.05167,1.07562,61.28238053056959,0.001236341036752905,EURUSD_merged,-101.3536722028838
2023-11-16 14:00:00,2023-11-20 04:00:00,-1.1,15.0,0.32267445457847144,4609.6350654067355,-1,1.49391,1.498771263349927,1.4866181049751097,1.41568,1.44969,71.2288665830856,0.0017654344854246473,EURCAD_merged,-16.822674454578472
2023-11-20 09:00:00,2023-11-20 14:00:00,-1.1,60.0,1.7764729134575499,25378.184477965002,-1,0.898,0.9001230833138116,0.8956646083548072,0.8584,0.87478,70.200999741962,0.0012982387848550704,AUDCAD_merged,-67.77647291345755
2023-11-20 09:00:00,2023-11-20 15:00:00,-1.1,30.000000000000004,0.7190485602090082,10272.122288700119,-1,0.898,0.9006226323288261,0.8953773676711739,0.8584,0.87478,70.200999741962,0.0012982387848550704,AUDCAD_merged,-33.71904856020902
2023-11-20 06:00:00,2023-11-20 15:00:00,-1.1,60.0,1.6197776652936944,23139.680932767063,-1,0.82639,0.8285327866764484,0.8240329346559068,0.79614,0.82175,65.78647143252753,0.0012168582686482884,NZDCAD_merged,-67.6197776652937
2023-11-20 02:00:00,2023-11-20 15:00:00,-1.1,90.00000000000001,1.8167683969795145,25953.834242564495,-1,0.82536,0.8282220973419864,0.8222116929238149,0.79614,0.82002,67.45507991641246,0.001270505138069068,NZDCAD_merged,-100.81676839697954
2023-11-20 06:00:00,2023-11-20 20:00:00,-1.1,60.00000000000001,0.9075926346593911,12965.60906656273,-1,0.60283,0.6056196722640881,0.599761360509503,0.57729,0.60016,59.67550264327991,0.0011834080569300195,NZDUSD_merged,-66.90759263465941
2023-11-21 00:00:00,2023-11-21 10:00:00,1.0,30.0,0.7323320139467593,10461.885913525133,-1,0.90186,0.9044461302850781,0.8992738697149218,0.8584,0.87478,66.4221894271237,0.0012513841396604142,AUDCAD_merged,29.26766798605324
2023-11-21 00:00:00,2023-11-21 10:00:00,1.1,15.0,0.45232271449652783,6461.753064236113,-1,0.90186,0.9039535340403013,0.8995571125556685,0.8584,0.87478,66.4221894271237,0.0012513841396604142,AUDCAD_merged,16.04767728550347
2023-11-24 13:00:00,2023-11-26 21:00:00,1.5,15.0,0.3234582623778198,4620.832319683141,-1,109.862,110.21863055614037,109.32705416578943,107.484,109.981,66.19012159987874,0.15972214893716508,CADJPY_merged,22.17654173762218
2023-11-24 12:00:00,2023-11-26 21:00:00,1.4,30.0,0.9913599554336455,14162.285077623508,-1,188.444,188.84318134460744,187.88514611754954,180.76,188.282,69.29179058941752,0.2156411698371844,GBPJPY_merged,41.008640044566356
2023-11-24 12:00:00,2023-11-26 21:00:00,1.4,15.0,0.537080575721919,7672.579653170273,1,1.36102,1.3583591869589042,1.3647451382575337,1.36288,1.38542,30.699307500053717,0.001441213076755673,USDCAD_merged,20.46291942427808
2023-11-24 12:00:00,2023-11-26 21:00:00,1.2,15.000000000000002,0.48337251814972715,6905.321687853246,1,1.36102,1.3580635410654494,1.3645677507214606,1.36288,1.38986,23.77083745445978,0.001441213076755673,USDCAD_merged,17.51662748185027
2023-11-24 12:00:00,2023-11-26 21:00:00,1.2,30.0,0.8922239598902809,12746.056569861157,-1,188.444,188.88753482734163,187.91175820719005,180.76,183.811,74.59179752350592,0.2156411698371844,GBPJPY_merged,35.10777604010972
2023-11-24 13:00:00,2023-11-26 21:00:00,1.5,15.0,0.30115079600693573,4302.154228670511,-1,109.862,110.24504763437298,109.2874285484405,107.484,109.981,67.05122944806483,0.15972214893716508,CADJPY_merged,22.198849203993063
2023-11-26 17:00:00,2023-11-26 21:00:00,1.1,30.0,0.9917011655147164,14167.159507353093,-1,90.814,91.0063053099378,90.60246415906839,86.781,90.199,66.05795119168995,0.1151835726551088,NZDJPY_merged,32.00829883448528
2023-11-26 17:00:00,2023-11-26 21:00:00,1.0,30.0,0.8028057054166752,11468.652934523932,-1,90.814,91.05155361815847,90.57644638184152,86.781,90.199,66.05795119168995,0.1151835726551088,NZDJPY_merged,29.197194294583326
2023-11-24 12:00:00,2023-11-26 22:00:00,1.4,15.000000000000002,0.48337251814972715,6905.321687853246,1,1.36102,1.3580635410654494,1.3651590425083708,1.36288,1.38986,23.77083745445978,0.001441213076755673,USDCAD_merged,20.51662748185027
2023-11-24 12:00:00,2023-11-26 22:00:00,1.4,30.0,0.8922239598902809,12746.056569861157,-1,188.444,188.88753482734163,187.8230512417217,180.76,183.811,74.59179752350592,0.2156411698371844,GBPJPY_merged,41.10777604010972
2023-11-24 12:00:00,2023-11-28 11:00:00,-1.1,15.0,0.358053717147946,5115.053102113515,1,1.36102,1.3570287804383565,1.3670068293424649,1.36288,1.38986,27.702014951033917,0.001441213076755673,USDCAD_merged,-16.858053717147946
2023-11-28 13:00:00,2023-11-28 20:00:00,-1.1,60.0,1.3426002959959356,19180.004228513368,-1,1.2692,1.2731703849432312,1.2644355380681227,1.20691,1.23371,65.20812032315445,0.0019848215807859158,GBPUSD_merged,-67.34260029599594
2023-11-28 13:00:00,2023-11-28 20:00:00,-1.1,60.0,1.3426002959959356,19180.004228513368,-1,1.2692,1.2731703849432312,1.2636414610794764,1.20691,1.23371,65.20812032315445,0.0019848215807859158,GBPUSD_merged,-67.34260029599594
2023-11-28 13:00:00,2023-11-28 20:00:00,-1.1,29.999999999999996,0.5553698427460375,7933.854896371966,-1,0.66472,0.6672334818143849,0.661201125459861,0.63381,0.65226,60.506270557475084,0.0014116374439287487,AUDUSD_merged,-33.55536984274604
2023-11-28 13:00:00,2023-11-28 20:00:00,-1.1,30.000000000000004,0.7458890533310754,10655.557904729649,-1,1.2692,1.2727733464489082,1.2641973149715289,1.20691,1.22885,63.709160944070845,0.0019848215807859158,GBPUSD_merged,-33.745889053331084
2023-11-29 01:00:00,2023-11-29 02:00:00,1.0,29.999999999999996,0.4009821649655295,5728.316642364708,-1,0.61924,0.6224830469821814,0.6159969530178186,0.57729,0.60551,67.24103767940514,0.00152042893769925,NZDUSD_merged,29.599017835034466
2023-11-29 01:00:00,2023-11-29 04:00:00,1.4,30.0,0.495277933575933,7075.399051084758,-1,0.54273,0.5450311988274363,0.5395083216415892,0.5177,0.53931,65.18601052623588,0.001139842312738288,NZDCHF_merged,41.504722066424065
2023-11-29 01:00:00,2023-11-29 04:00:00,1.2,30.0,0.495277933575933,7075.399051084758,-1,0.54273,0.5450311988274363,0.5399685614070765,0.52693,0.53931,65.18601052623588,0.001139842312738288,NZDCHF_merged,35.504722066424065
2023-11-29 01:00:00,2023-11-29 04:00:00,1.4,30.0,0.55030881508437,7861.554501205287,-1,0.54273,0.5448010789446927,0.5398304894774303,0.52693,0.53931,63.93443510272152,0.001139842312738288,NZDCHF_merged,41.44969118491563
2023-11-29 02:00:00,2023-11-29 04:00:00,1.1,60.0,1.0044657699296597,14349.510998995142,-1,0.61816,0.6207447291940887,0.6153167978865024,0.57729,0.60551,57.06728249044037,0.0015811125850064612,NZDUSD_merged,64.99553423007033
2023-11-29 02:00:00,2023-11-29 04:00:00,1.1,30.0,0.9141356778194395,13059.08111170628,1,1.07381,1.0713431878464923,1.0765234933688583,1.07727,1.09416,33.00905872603765,0.0015431326888907938,AUDNZD_merged,32.08586432218056
2023-11-28 21:00:00,2023-11-29 04:00:00,1.4,30.0,0.6284381200325382,8977.687429036261,1,146.898,146.4071230303088,147.58522775756765,148.804,151.907,31.978678231385818,0.27394446849148574,USDJPY_merged,41.37156187996746
2023-11-29 01:00:00,2023-11-29 10:00:00,1.5,30.0,0.36687254338958,5241.0363341368575,-1,0.54273,0.545836618417039,0.5380700723744416,0.52693,0.53931,64.66054504437908,0.001139842312738288,NZDCHF_merged,44.63312745661042
2023-11-29 03:00:00,2023-11-29 10:00:00,1.0,30.0,0.4650425864125517,6643.46552017931,-1,0.54071,0.5431516925098397,0.5382683074901603,0.52693,0.53931,56.102371745194,0.001140374239044766,NZDCHF_merged,29.53495741358745
2023-11-29 03:00:00,2023-11-29 10:00:00,1.1,60.0,1.1489287429015984,16413.26775573712,-1,0.54071,0.5426866082222512,0.5385357309555238,0.52693,0.53931,56.102371745194,0.001140374239044766,NZDCHF_merged,64.8510712570984
2023-11-29 04:00:00,2023-11-29 17:00:00,-1.1,60.0,1.441749033301083,20596.414761444044,1,1.0762,1.073064891256663,1.0793351087433372,1.07727,1.09416,37.833928293727276,0.001486986859298716,AUDNZD_merged,-67.44174903330108
2023-11-29 03:00:00,2023-11-30 09:00:00,1.0,60.0,0.7791349026514554,11130.498609306505,-1,0.61595,0.6192703364285136,0.6126296635714864,0.57729,0.60551,59.74739227856804,0.0015653188289345892,NZDUSD_merged,59.22086509734854
2023-11-28 21:00:00,2023-11-30 09:00:00,1.5,30.0,0.39006504002019615,5572.357714574231,1,146.898,146.10714265994196,148.08428601008703,148.804,151.907,29.76914270143082,0.27394446849148574,USDJPY_merged,44.6099349599798
2023-11-29 01:00:00,2023-11-30 10:00:00,-1.1,30.0,0.37651373025595136,5378.76757508502,1,1.77642,1.7665120425997107,1.7912819361004342,1.78809,1.82831,33.63864360839394,0.0034074986749695114,EURNZD_merged,-33.37651373025595
2023-11-29 16:00:00,2023-11-30 10:00:00,-1.1,30.0,0.57452926209791,8207.560887113,1,0.6428,0.6404504590992096,0.6463243113511857,0.64817,0.65999,28.46532366454641,0.0007851731948343996,CADCHF_merged,-33.57452926209791
2023-12-03 19:00:00,2023-12-12 03:00:00,1.4,30.000000000000004,1.089408049749885,15562.972139284073,1,0.85639,0.8547391777939286,0.8587011510884999,0.86494,0.87656,35.960687006806445,0.0009516146301161812,EURGBP_merged,40.910591950250115
2023-12-03 19:00:00,2023-12-12 09:00:00,1.5,30.0,0.6761843067413078,9659.775810590112,1,0.85639,0.8537303420013295,0.8603794869980058,0.86494,0.87656,36.508517654640485,0.0009516146301161812,EURGBP_merged,44.323815693258695
2023-12-13 18:00:00,2023-12-13 19:00:00,-1.1,30.0,0.4156132183676057,5937.331690965796,-1,0.66577,0.6691339858844993,0.6617332169386007,0.62698,0.65108,75.09991303046355,0.0016654220178033059,AUDUSD_merged,-33.415613218367604
2023-12-13 18:00:00,2023-12-13 19:00:00,-1.1,60.0,0.8312264367352113,11874.663381931592,-1,0.66577,0.6691339858844993,0.6610604197617008,0.62698,0.65108,75.09991303046355,0.0016654220178033059,AUDUSD_merged,-66.83122643673521
2023-12-13 18:00:00,2023-12-13 20:00:00,-1.1,30.0,0.2866298057707625,4094.7115110108934,-1,0.66577,0.6706477795325241,0.6584533307012137,0.62698,0.65108,73.89191543786247,0.0016654220178033059,AUDUSD_merged,-33.286629805770765
2023-12-13 18:00:00,2023-12-13 20:00:00,-1.1,29.999999999999996,0.30786164323526344,4398.023474789478,-1,0.66577,0.6703113809440742,0.6589579285838887,0.62698,0.65108,71.70370392559738,0.0016654220178033059,AUDUSD_merged,-33.30786164323526
2023-12-13 19:00:00,2023-12-13 21:00:00,-1.1,30.0,0.42718887421634966,6102.69820309071,1,180.204,179.3181426595105,181.4442002766853,184.454,188.656,22.347818204217983,0.46436233665584,GBPJPY_merged,-33.42718887421635
2023-12-13 19:00:00,2023-12-13 21:00:00,-1.1,30.0,0.47465430468483283,6780.775781211898,1,180.204,179.40672839355946,181.32018024901677,184.454,188.656,28.83589396412497,0.46436233665584,GBPJPY_merged,-33.47465430468483
2023-12-13 19:00:00,2023-12-13 21:00:00,-1.1,30.0,0.42718887421634966,6102.69820309071,1,180.204,179.3181426595105,181.2670288085874,184.454,188.656,22.347818204217983,0.46436233665584,GBPJPY_merged,-33.42718887421635
2023-12-13 19:00:00,2023-12-13 22:00:00,-1.1,30.0,0.28084416598184403,4012.059514026344,1,105.687,104.89673006783289,106.87240489825066,107.227,110.67,23.304109000606864,0.28518495364956686,CADJPY_merged,-33.28084416598185
2023-12-13 19:00:00,2023-12-13 22:00:00,-1.1,30.0,0.40722404067367396,5817.4862953382,1,105.687,105.14198625367786,106.34101649558657,107.227,110.67,22.06389699666546,0.28518495364956686,CADJPY_merged,-33.407224040673675
2023-12-13 19:00:00,2023-12-13 22:00:00,-1.1,30.0,0.40722404067367396,5817.4862953382,1,105.687,105.14198625367786,106.45001924485099,107.227,110.67,22.06389699666546,0.28518495364956686,CADJPY_merged,-33.407224040673675
2023-12-13 19:00:00,2023-12-13 22:00:00,-1.1,30.0,0.45247115630408213,6463.8736614868885,1,105.687,105.19648762831007,106.3737173203659,107.227,110.67,28.713075014888624,0.28518495364956686,CADJPY_merged,-33.452471156304085
2023-12-13 19:00:00,2023-12-13 22:00:00,-1.1,30.0,0.3016474375360548,4309.249107657925,1,105.687,104.9512314424651,106.79065283630234,107.227,110.67,25.653544402648276,0.28518495364956686,CADJPY_merged,-33.301647437536054
2023-12-13 19:00:00,2023-12-13 22:00:00,-1.1,30.0,0.31643620312322185,4520.517187474598,1,180.204,179.00809259033917,181.99786111449126,184.454,188.656,25.905310658283145,0.46436233665584,GBPJPY_merged,-33.316436203123224
2023-12-14 01:00:00,2023-12-14 03:00:00,1.0,30.0,0.3360139417978607,4800.1991685408675,-1,0.62383,0.6277287757263599,0.6199312242736401,0.57729,0.60551,71.72903942900581,0.0018082341647169657,NZDUSD_merged,29.663986058202138
2023-12-14 01:00:00,2023-12-14 03:00:00,1.1,90.0,1.2452281372508955,17788.97338929851,-1,0.62383,0.6269861517784818,0.62035823304367,0.57729,0.60551,71.72903942900581,0.0018082341647169657,NZDUSD_merged,97.75477186274912
2023-12-13 23:00:00,2023-12-14 07:00:00,1.1,60.00000000000001,1.2415392339608387,17736.274770869124,1,1.88314,1.8767695303574359,1.8901475166068207,1.8898,1.93147,20.88644108118809,0.0036575254350141116,GBPAUD_merged,64.75846076603918
2023-12-14 03:00:00,2023-12-14 08:00:00,1.0,30.0,0.5081994801199438,7259.992573142054,-1,0.90403,0.9077656649785473,0.9002943350214527,0.8752,0.90416,59.03560285499468,0.0019082532218066117,AUDCAD_merged,29.491800519880055
2023-12-14 04:00:00,2023-12-14 08:00:00,1.0,60.0,0.9666378363109583,13809.111947299407,1,1.88805,1.8798465036106355,1.8962534963893645,1.90139,1.93147,37.249927508784936,0.003850967791215589,GBPAUD_merged,59.03336216368904
2023-12-14 03:00:00,2023-12-14 08:00:00,1.1,90.00000000000001,1.8833274851503798,26904.678359291145,-1,0.90403,0.9070541097445383,0.9007034792810079,0.8752,0.90416,59.03560285499468,0.0019082532218066117,AUDCAD_merged,97.11667251484965
2023-12-14 04:00:00,2023-12-14 09:00:00,1.0,59.99999999999999,0.9759414912779684,13942.021303970978,1,1.62857,1.621561389277811,1.6355786107221892,1.64517,1.68394,36.26189890789759,0.003521188414573438,EURAUD_merged,59.02405850872202
2023-12-14 14:00:00,2023-12-14 22:00:00,-1.1,90.00000000000001,2.813810353514403,40197.290764491474,1,1.34182,1.3388157229031297,1.3451247048065573,1.36288,1.38986,23.748556822958715,0.0017524202629964293,USDCAD_merged,-101.81381035351443
2023-12-14 04:00:00,2023-12-14 23:00:00,-1.1,90.0,1.4051858235059256,20074.083192941795,-1,0.66929,0.672290689965317,0.6659892410381513,0.62698,0.65108,70.11481015113185,0.0018011751911395624,AUDUSD_merged,-100.40518582350595
2023-12-14 14:00:00,2023-12-15 03:00:00,-1.1,60.0,1.5185643177696775,21693.775968138252,1,1.34182,1.3381088341744543,1.3455311658255458,1.36288,1.38986,23.748556822958715,0.0017524202629964293,USDCAD_merged,-67.51856431776967
2023-12-14 15:00:00,2023-12-15 03:00:00,1.0,30.0,0.5279548364562477,7542.211949374968,-1,1.09922,1.103592271718343,1.094847728281657,1.05167,1.10171,73.42738908001893,0.0019968888550495833,EURUSD_merged,29.47204516354375
2023-12-13 23:00:00,2023-12-15 08:00:00,1.5,15.0,0.17890231808861537,2555.747401265934,-1,0.90385,0.9091548082894595,0.8958927875658108,0.8752,0.90416,76.03494594462438,0.001778583935048596,AUDCAD_merged,22.321097681911386
2023-12-19 11:00:00,2023-12-20 02:00:00,1.0,60.0,1.415656409960156,20223.662999430802,-1,1.27383,1.2776092263450074,1.2700507736549926,1.20691,1.27329,74.30047541050122,0.0018646579076563269,GBPUSD_merged,58.58434359003984
2023-12-19 11:00:00,2023-12-20 02:00:00,1.1,60.0,1.7487520358331343,24982.17194047335,-1,1.27383,1.276889373707863,1.2704646889213507,1.20691,1.27329,74.30047541050122,0.0018646579076563269,GBPUSD_merged,64.25124796416686
2023-12-19 12:00:00,2023-12-20 07:00:00,1.2,14.999999999999998,0.30983136963239993,4426.162423319999,1,0.86094,0.8580223257791084,0.86444120906507,0.88878,0.91121,34.07870878949674,0.0014417773168425435,USDCHF_merged,17.690168630367598
2023-12-20 09:00:00,2023-12-20 14:00:00,1.0,60.0,1.365017306781223,19500.247239731758,1,1.74137,1.7360120063953284,1.7467279936046718,1.78809,1.82831,35.319566303679075,0.0025163237027460085,EURNZD_merged,58.634982693218774
2023-12-20 08:00:00,2023-12-20 21:00:00,1.5,30.0,0.4869133289279259,6955.90469897037,1,1.74049,1.7329834710494627,1.7517497934258062,1.78809,1.82831,32.071494899570844,0.0025514255260341494,EURNZD_merged,44.513086671072074
2023-12-19 12:00:00,2023-12-21 08:00:00,-1.1,30.0,0.4273536132860688,6105.051618372412,1,0.86094,0.8567093723797071,0.8672859414304394,0.88878,0.91121,34.593886666565865,0.0014417773168425435,USDCHF_merged,-33.427353613286066
2023-12-27 14:00:00,2023-12-27 23:00:00,-1.1,29.999999999999996,0.5973807574442969,8534.010820632813,1,0.63804,0.6357970686981411,0.6411801038226025,0.64045,0.65129,30.196872984964358,0.0012327820208002447,CADCHF_merged,-33.5973807574443
2023-12-27 13:00:00,2023-12-28 02:00:00,-1.1,30.0,0.8531747663209751,12188.210947442503,-1,1.27893,1.2820779517515284,1.2751524578981657,1.24999,1.27329,72.66249031086411,0.0015451204560667782,GBPUSD_merged,-33.853174766320976
2023-12-27 14:00:00,2023-12-28 03:00:00,-1.1,30.0,0.375830476671293,5369.0068095899005,1,0.84307,0.8383592404690521,0.8501361392964218,0.88878,0.88205,24.404043508705865,0.0016219427069537713,USDCHF_merged,-33.37583047667129
2023-12-27 14:00:00,2023-12-28 03:00:00,-1.1,30.0,0.5376426816998673,7680.609738569533,1,0.63804,0.6355478541090457,0.6410305750691453,0.64045,0.65999,23.908817966504202,0.0012327820208002447,CADCHF_merged,-33.537642681699865
2023-12-27 14:00:00,2023-12-28 03:00:00,-1.1,90.0,1.4151499692062197,20216.42813151743,1,0.53425,0.5318716124981525,0.5366283875018475,0.53312,0.54388,25.91597698766226,0.0011166679429938221,NZDCHF_merged,-100.41514996920624
2023-12-28 01:00:00,2023-12-28 03:00:00,-1.1,90.0,2.375976336407607,33942.51909153725,1,0.84038,0.8381516975043595,0.8428311327452046,0.88878,0.91121,23.061719192693754,0.0012671400186272021,USDCHF_merged,-101.37597633640762
2023-12-28 01:00:00,2023-12-28 04:00:00,-1.1,60.0,1.1607180031678772,16581.685759541106,1,0.63658,0.634276567131118,0.638883432868882,0.64045,0.65999,28.498531585508573,0.0010492390236553361,CADCHF_merged,-67.16071800316787
2023-12-28 01:00:00,2023-12-28 04:00:00,-1.1,30.0,0.6411364717290369,9159.092453271956,1,0.84038,0.837627391034797,0.843132608965203,0.88878,0.88205,23.061719192693754,0.0012671400186272021,USDCHF_merged,-33.641136471729034
2023-12-28 00:00:00,2023-12-28 04:00:00,-1.1,15.0,0.6417905421759256,9168.436316798938,-1,1.11101,1.1128276654583362,1.1084652683583294,1.07236,1.10171,67.2106182473473,0.0010033988475543574,EURUSD_merged,-17.141790542175926
2023-12-28 09:00:00,2023-12-28 09:00:00,-1.1,15.0,0.4489410293982442,6413.443277117775,-1,1.10732,1.1099098412572326,1.1036942222398747,1.07236,1.10171,56.56428847485053,0.001568886362858021,EURUSD_merged,-16.948941029398245
2023-12-28 08:00:00,2023-12-28 13:00:00,1.5,15.0,0.3652024637258825,5217.178053226893,-1,1.11125,1.1144449743386065,1.1064575384920905,1.07236,1.10171,45.20267251179025,0.001438800698462498,EURUSD_merged,22.134797536274117
2024-01-10 12:00:00,2024-01-10 21:00:00,-1.1,15.0,0.32117344411561977,4588.192058794569,-1,97.471,97.7896581950504,97.0567443464345,95.836,97.591,70.1581425353363,0.14057001739139802,AUDJPY_merged,-16.82117344411562
2024-01-10 20:00:00,2024-01-11 09:00:00,-1.1,15.0,0.34790535601024547,4970.0765144320785,-1,185.479,186.0387871565802,184.75127669644576,178.731,184.17,68.18344693240871,0.2502023712838552,GBPJPY_merged,-16.847905356010244
2024-01-10 21:00:00,2024-01-11 09:00:00,-1.1,60.0,1.2201239170551168,17430.341672215956,-1,159.591,160.14035584052627,158.76696623921063,153.129,158.566,67.46355609688548,0.2237607407668933,EURJPY_merged,-67.22012391705512
2024-01-10 21:00:00,2024-01-11 09:00:00,-1.1,15.0,0.3315554122432384,4736.50588918912,-1,159.591,160.09640737328417,158.9339704147306,155.063,158.566,67.87661819720626,0.2237607407668933,EURJPY_merged,-16.831555412243237
2024-01-11 03:00:00,2024-01-11 10:00:00,1.2,90.0,1.8260656272237705,26086.651817482438,-1,97.648,97.98488953498088,97.24373255802293,95.836,97.591,64.31829064880559,0.12214719457014632,AUDJPY_merged,106.17393437277623
2024-01-11 03:00:00,2024-01-11 10:00:00,1.3,14.999999999999998,0.3572737096742159,5103.910138203085,-1,97.648,97.93497997424298,97.27492603348412,95.836,97.591,65.04229716008979,0.12214719457014632,AUDJPY_merged,19.142726290325783
2024-01-11 03:00:00,2024-01-11 17:00:00,1.2,59.99999999999999,1.1124965941455018,15892.808487792885,-1,90.862,91.20503062320215,90.45036325215742,88.565,90.424,64.39624621519387,0.1275449233234905,NZDJPY_merged,70.88750340585449
2024-01-10 19:00:00,2024-01-11 18:00:00,1.1,15.0,0.2831939600554321,4045.6280007918876,-1,159.918,160.51092895924452,159.26577814483105,155.063,158.566,68.55810939101173,0.22049174668823213,EURJPY_merged,16.21680603994457
2024-01-11 03:00:00,2024-01-11 18:00:00,1.5,30.0,0.6007481608385711,8582.116583408158,-1,90.862,91.17962094740939,90.3855685788859,87.674,90.424,64.88256920235057,0.1275449233234905,NZDJPY_merged,44.39925183916143
2024-01-10 19:00:00,2024-01-11 18:00:00,1.1,15.0,0.3049781108289269,4356.830154698956,-1,159.918,160.46857689072706,159.31236542020025,153.129,158.566,68.55810939101173,0.22049174668823213,EURJPY_merged,16.195021889171073
2024-01-10 19:00:00,2024-01-11 18:00:00,1.0,15.0,0.2734286510880034,3906.1235869714774,-1,159.918,160.53210499350325,159.30389500649676,153.129,158.566,68.55810939101173,0.22049174668823213,EURJPY_merged,14.726571348911996
2024-01-10 18:00:00,2024-01-12 06:00:00,1.3,14.999999999999998,0.2924930682555979,4178.472403651399,-1,97.554,97.90420214533935,97.09873721105885,93.691,97.591,73.19707888484136,0.13707219476405383,AUDJPY_merged,19.2075069317444
2024-01-10 18:00:00,2024-01-12 06:00:00,1.5,15.000000000000002,0.3041927909858219,4345.611299797456,-1,97.554,97.89073283205707,97.0489007519144,93.691,97.591,67.79112828102453,0.13707219476405383,AUDJPY_merged,22.19580720901418
2024-01-10 20:00:00,2024-01-12 06:00:00,1.5,15.0,0.29357612560462704,4193.944651494672,-1,97.606,97.95509616641655,97.08235575037516,93.691,97.591,67.8999612487034,0.13866429038329076,AUDJPY_merged,22.206423874395373
2024-01-10 20:00:00,2024-01-12 07:00:00,1.3,60.00000000000001,1.1700071633143425,16714.38804734775,-1,159.7,160.2732785413894,158.95473789619376,153.129,158.566,65.60235119171823,0.21974233621050185,EURJPY_merged,76.82999283668568
2024-01-10 21:00:00,2024-01-12 08:00:00,1.2,15.0,0.2824360919109067,4034.801313012953,-1,159.591,160.18430430776837,158.879034830678,155.063,158.566,67.0210615513427,0.2237607407668933,EURJPY_merged,17.717563908089094
2024-01-10 20:00:00,2024-01-12 08:00:00,1.5,60.0,1.2168074498469164,17382.963569241663,-1,159.7,160.25122936672057,158.87315594991912,153.129,158.566,64.64394275977344,0.21974233621050185,EURJPY_merged,88.78319255015309
2024-01-10 23:00:00,2024-01-12 09:00:00,1.2,60.0,1.1130395466039944,15900.564951485636,-1,185.508,186.20800531641237,184.66799362030517,178.731,184.17,65.58203779871918,0.25317114056509815,GBPJPY_merged,70.886960453396
2024-01-15 22:00:00,2024-01-16 05:00:00,-1.1,90.0,1.5269942160912977,21814.20308701854,1,0.66234,0.6596073491778632,0.6656191809865641,0.664,0.68706,30.973278308436672,0.001060514833010003,AUDUSD_merged,-100.52699421609131
2024-01-15 22:00:00,2024-01-16 06:00:00,-1.1,60.0,0.9816391389158343,14023.416270226206,1,0.66234,0.6595061398881545,0.6654572461230301,0.664,0.68706,28.769503419163,0.001060514833010003,AUDUSD_merged,-66.98163913891584
2024-01-16 08:00:00,2024-01-16 13:00:00,-1.1,90.0,1.3337462582979294,19053.517975684706,1,0.61578,0.6128713402936546,0.6192703916476143,0.61805,0.6369,33.09336028604951,0.0011417612746690334,NZDUSD_merged,-100.33374625829795
2024-01-16 08:00:00,2024-01-16 13:00:00,-1.1,30.0,0.4287041544529059,6124.345063612942,1,0.61578,0.6127636121563826,0.6190980266279791,0.61805,0.6369,31.717511946087896,0.0011417612746690334,NZDUSD_merged,-33.42870415445291
2024-01-16 11:00:00,2024-01-16 19:00:00,-1.1,60.0,1.236376738135497,17662.524830507104,-1,0.8592,0.8621187220114169,0.855405661385158,0.83323,0.85764,63.67901535720476,0.0013462231723111995,USDCHF_merged,-67.23637673813549
2024-01-16 11:00:00,2024-01-17 00:00:00,-1.1,60.00000000000001,1.053209813967275,15045.854485246788,-1,0.8592,0.8626263258394895,0.8550884089926125,0.83323,0.85764,63.04857057332918,0.0013462231723111995,USDCHF_merged,-67.05320981396729
2024-01-16 19:00:00,2024-01-17 01:00:00,-1.1,30.0,0.5271395051890807,7530.564359844011,1,0.61406,0.6116137291602961,0.6172401520916151,0.61805,0.6369,33.20395576505309,0.0010426248731724005,NZDUSD_merged,-33.52713950518908
2024-01-17 07:00:00,2024-01-17 09:00:00,-1.1,60.0,1.2348696283565237,17640.99469080748,1,0.88674,0.8837240476156526,0.891263928576521,0.88768,0.9065,37.924553957610954,0.0011966394570432995,AUDCAD_merged,-67.23486962835652
2024-01-17 05:00:00,2024-01-17 10:00:00,-1.1,60.0,1.1825555619858632,16893.650885512332,1,0.88575,0.8826041435856488,0.8892104420557865,0.88963,0.9065,34.07355868971209,0.0012199487194111736,AUDCAD_merged,-67.18255556198586
2024-01-17 05:00:00,2024-01-17 10:00:00,-1.1,60.0,1.1825555619858632,16893.650885512332,1,0.88575,0.8826041435856488,0.8898396133386567,0.88768,0.9065,33.74372232453472,0.0012199487194111736,AUDCAD_merged,-67.18255556198586
2024-01-17 04:00:00,2024-01-17 11:00:00,-1.1,60.0,1.243996705961296,17771.381513732802,-1,160.69,161.23252394461002,159.87621408308496,155.063,158.566,66.38939385157916,0.22479460799800893,EURJPY_merged,-67.2439967059613
2024-01-17 07:00:00,2024-01-17 11:00:00,-1.1,30.0,0.614443037323456,8777.757676049372,-1,160.643,161.19203429530182,159.81944855704725,155.063,158.566,66.91868686750007,0.21485559539782215,EURJPY_merged,-33.614443037323454
2024-01-17 04:00:00,2024-01-17 14:00:00,-1.1,60.0,1.1961506788089382,17087.866840127692,-1,160.69,161.2542249023944,159.95650762688723,155.063,158.566,70.0254373569549,0.22479460799800893,EURJPY_merged,-67.19615067880893
2024-01-17 17:00:00,2024-01-18 03:00:00,-1.1,14.999999999999998,0.29856659878334724,4265.237125476389,-1,2.07057,2.0778517874097755,2.0596473188853373,2.00557,2.06029,61.06221655125581,0.0028925210379165353,GBPNZD_merged,-16.798566598783346
2024-01-17 17:00:00,2024-01-18 03:00:00,-1.1,15.0,0.32452891172102966,4636.127310300424,-1,2.07057,2.077269244416993,2.0618609822579086,2.00557,2.06029,60.7795907702448,0.0028925210379165353,GBPNZD_merged,-16.82452891172103
2024-01-17 17:00:00,2024-01-18 21:00:00,-1.1,15.0,0.3296866017930546,4709.808597043638,-1,161.062,161.5749571510648,160.49774713382874,155.063,158.566,71.36009450009759,0.19419898252314208,EURJPY_merged,-16.829686601793053
2024-01-17 16:00:00,2024-01-18 22:00:00,-1.1,15.0,0.3531984827153314,5045.69261021902,-1,2.0754,2.0815698169914176,2.0673792379111573,2.00557,2.06029,60.50508792114668,0.0029127149639101044,GBPNZD_merged,-16.85319848271533
2024-01-17 16:00:00,2024-01-18 23:00:00,-1.1,15.0,0.29886025460528043,4269.432208646864,-1,2.0754,2.0826916018989485,2.0659209175313675,2.00557,2.06029,59.44206232655406,0.0029127149639101044,GBPNZD_merged,-16.79886025460528
2024-01-17 16:00:00,2024-01-18 23:00:00,-1.1,15.0,0.3108146647894916,4440.2094969927375,-1,2.0754,2.0824111556720655,2.064883266491902,2.00557,2.06029,61.15906286666967,0.0029127149639101044,GBPNZD_merged,-16.81081466478949
2024-01-17 12:00:00,2024-01-19 01:00:00,-1.1,30.000000000000004,0.5457019777505547,7795.742539293639,1,0.82508,0.8219048823155412,0.8298426765266884,0.8265,0.84142,40.53969006193626,0.0012521865685133345,NZDCAD_merged,-33.54570197775056
2024-01-17 12:00:00,2024-01-19 10:00:00,-1.1,30.0,0.5247134401447641,7495.906287782344,1,0.82508,0.8217778776081628,0.828712334631021,0.82797,0.84142,40.62849814325482,0.0012521865685133345,NZDCAD_merged,-33.524713440144765
2024-01-17 12:00:00,2024-01-19 10:00:00,-1.1,30.0,0.5247134401447641,7495.906287782344,1,0.82508,0.8217778776081628,0.8293727591093885,0.8265,0.84142,40.97603094868988,0.0012521865685133345,NZDCAD_merged,-33.524713440144765
2024-01-17 12:00:00,2024-01-19 10:00:00,-1.1,30.0,0.4704327394401333,6720.467706287619,1,0.82508,0.8213968634860277,0.8287631365139724,0.82797,0.84142,40.62849814325482,0.0012521865685133345,NZDCAD_merged,-33.470432739440135
2024-01-19 03:00:00,2024-01-23 01:00:00,1.5,15.0,0.31310889733618624,4472.984247659804,-1,161.305,161.84593081174296,160.4936037823856,155.063,158.566,51.600140988763705,0.22256001579023454,EURJPY_merged,22.186891102663814
2024-01-22 17:00:00,2024-01-23 08:00:00,1.3,14.999999999999998,0.3431643234131228,4902.347477330326,-1,1.78969,1.7951660194221524,1.782571174751202,1.73973,1.77382,63.738179623075325,0.002477243866086317,EURNZD_merged,19.156835676586876
2024-01-22 17:00:00,2024-01-23 16:00:00,1.3,15.0,0.3049178664528279,4355.969520754685,-1,2.09062,2.097819155056201,2.081261098426938,2.00557,2.06029,70.03302357811114,0.002908983948643375,GBPNZD_merged,19.19508213354717
2024-01-22 17:00:00,2024-01-23 16:00:00,1.5,30.000000000000004,0.6342291622218821,9060.416603169744,-1,2.09062,2.0975422644771164,2.080236603284325,2.00557,2.06029,67.10135088548397,0.002908983948643375,GBPNZD_merged,44.36577083777812
2024-01-22 20:00:00,2024-01-23 16:00:00,1.3,29.999999999999996,0.6585691685910464,9408.130979872092,-1,2.09041,2.097075755412437,2.0817445179638314,2.00557,2.06029,64.50955462087086,0.0028675720609218276,GBPNZD_merged,38.34143083140896
2024-01-25 05:00:00,2024-01-25 08:00:00,1.3,30.0,1.0097919225170742,14425.59889310106,-1,1.47157,1.4746303304810529,1.4675915703746314,1.45486,1.47263,58.22651861765641,0.0013162514364499299,EURCAD_merged,37.990208077482926
2024-01-24 19:00:00,2024-01-25 11:00:00,1.3,30.0,0.7892946084947525,11275.63726421075,-1,1.71993,1.7245060517823478,1.7139811326829477,1.67594,1.71452,60.79355017368938,0.0019581886077802355,GBPCAD_merged,38.21070539150525
2024-01-28 19:00:00,2024-01-29 19:00:00,1.3,60.0,1.1256414469332858,16080.592099046942,1,0.52636,0.5243960424662553,0.5289131447938683,0.52704,0.53373,41.49183851904281,0.0008364735384684048,NZDCHF_merged,76.87435855306671
2024-01-28 19:00:00,2024-01-29 23:00:00,1.3,15.0,0.2588975327946557,3698.536182780796,1,0.52636,0.5242252635502774,0.5291351573846395,0.53312,0.54361,41.29953431315805,0.0008364735384684048,NZDCHF_merged,19.241102467205344
2024-01-28 19:00:00,2024-01-29 23:00:00,1.3,30.0,0.49787987075895324,7112.569582270761,1,0.52636,0.5241398740922886,0.529246163680025,0.53312,0.54361,41.17492494334814,0.0008364735384684048,NZDCHF_merged,38.50212012924105
2024-02-01 07:00:00,2024-02-01 16:00:00,1.1,15.0,0.19902838087924307,2843.262583989187,1,89.411,88.9393006896541,89.92986924138049,89.737,90.983,37.79650072702189,0.17085946516573192,NZDJPY_merged,16.300971619120755
2024-02-01 08:00:00,2024-02-01 21:00:00,1.3,60.0,0.8372474719823232,11960.678171176047,1,95.812,95.33136504621838,96.4368254399161,95.836,97.88,27.54164026527994,0.18794105492200686,AUDJPY_merged,77.16275252801768
2024-02-01 08:00:00,2024-02-01 21:00:00,1.3,15.0,0.2500787307297968,3572.5532961399545,1,89.526,89.15010917663538,90.01465807037398,89.737,90.805,34.40005768007921,0.1716552176538941,NZDJPY_merged,19.249921269270203
2024-02-01 08:00:00,2024-02-01 21:00:00,1.3,60.0,0.956822969748788,13668.89956783983,1,89.526,89.13302323011881,90.03686980084554,89.737,90.983,34.40005768007921,0.1716552176538941,NZDJPY_merged,77.04317703025121
2024-02-01 12:00:00,2024-02-01 22:00:00,1.1,30.0,0.3811336974238636,5444.767106055195,1,95.964,95.43525011154318,96.54562487730249,95.836,97.88,43.65649721580856,0.2027678173060046,AUDJPY_merged,32.61886630257614
2024-02-01 12:00:00,2024-02-01 22:00:00,1.0,30.0,0.3417060735524295,4881.515336463279,1,95.964,95.37424050902894,96.55375949097106,95.836,97.88,43.65649721580856,0.2027678173060046,AUDJPY_merged,29.65829392644757
2024-02-01 12:00:00,2024-02-01 22:00:00,1.3,60.0,0.9008614666382229,12869.449523403186,1,95.964,95.51659624822885,96.54562487730249,95.836,97.88,43.65649721580856,0.2027678173060046,AUDJPY_merged,77.09913853336178
2024-02-01 12:00:00,2024-02-01 23:00:00,1.3,90.0,1.2925403651765812,18464.862359665447,1,95.964,95.49625971405743,96.57206237172534,95.836,97.88,43.65649721580856,0.2027678173060046,AUDJPY_merged,115.70745963482342
2024-02-01 12:00:00,2024-02-02 00:00:00,1.1,29.999999999999996,0.35390986189358764,5055.8551699083955,1,95.964,95.39457704320036,96.5903652524796,95.836,97.88,43.65649721580856,0.2027678173060046,AUDJPY_merged,32.64609013810641
2024-02-01 12:00:00,2024-02-02 04:00:00,1.5,60.0,0.7927580906416365,11325.115580594807,1,95.964,95.4555866457146,96.7266200314281,95.836,97.88,43.04256449711789,0.2027678173060046,AUDJPY_merged,89.20724190935836
2024-02-01 12:00:00,2024-02-02 04:00:00,1.5,30.0,0.39637904532081825,5662.557790297404,1,95.964,95.4555866457146,96.7266200314281,95.836,97.88,42.215950828065296,0.2027678173060046,AUDJPY_merged,44.60362095467918
2024-02-01 12:00:00,2024-02-02 08:00:00,1.3,90.0,2.833117745734932,40473.11065335618,1,1.07041,1.0680297307682847,1.0735043500012302,1.06905,1.08325,38.65704358024568,0.001056087662737076,AUDNZD_merged,114.16688225426506
2024-02-01 12:00:00,2024-02-02 08:00:00,1.3,90.0,2.709938713311675,38713.41019016678,1,1.07041,1.0679215367122976,1.0736450022740134,1.06905,1.08325,38.65704358024568,0.001056087662737076,AUDNZD_merged,114.29006128668833
2024-02-01 08:00:00,2024-02-02 08:00:00,1.0,15.0,0.19568752706122886,2795.536100874698,1,0.56266,0.5596409368595315,0.5656790631404686,0.56387,0.57388,32.18426281049001,0.0010324093799530054,AUDCHF_merged,14.80431247293877
2024-02-02 14:00:00,2024-02-05 05:00:00,-1.1,90.0,1.716402224224515,24520.031774635932,1,1.07882,1.0748602253597224,1.0839677070323606,1.08767,1.09323,35.90428987897999,0.0016672382088076447,EURUSD_merged,-100.71640222422452
2024-02-02 14:00:00,2024-02-05 05:00:00,-1.1,90.0,1.794420507143811,25634.578673483018,1,1.07882,1.075032389474517,1.0837438936831274,1.08767,1.09323,35.90428987897999,0.0016672382088076447,EURUSD_merged,-100.79442050714383
2024-02-01 08:00:00,2024-02-05 05:00:00,1.1,30.0,0.4053527346268313,5790.753351811876,1,0.56266,0.5597450424850648,0.5658664532664287,0.56387,0.57388,32.18426281049001,0.0010324093799530054,AUDCHF_merged,32.59464726537317
2024-02-04 21:00:00,2024-02-05 07:00:00,-1.1,29.999999999999996,0.5065161976437322,7235.945680624746,1,1.26107,1.2558416440020685,1.2668211915977243,1.25963,1.27745,31.896693621290712,0.001962984284975498,GBPUSD_merged,-33.506516197643734
2024-02-04 23:00:00,2024-02-05 07:00:00,-1.1,60.0,1.0547987419191789,15068.55345598827,1,1.26111,1.2560885093691305,1.2676379378201301,1.25963,1.27854,32.28998531663132,0.0018376752253105087,GBPUSD_merged,-67.05479874191919
2024-02-04 23:00:00,2024-02-05 07:00:00,-1.1,30.0,0.5484953457979731,7835.647797113902,1,1.26111,1.256281643624164,1.2683525345637539,1.25963,1.27745,36.573585342528155,0.0018376752253105087,GBPUSD_merged,-33.548495345797974
2024-02-04 21:00:00,2024-02-05 07:00:00,-1.1,30.0,0.5267768455494816,7525.383507849738,1,1.26107,1.2560427346173737,1.2676054449974141,1.25963,1.27854,30.651182667924722,0.001962984284975498,GBPUSD_merged,-33.526776845549485
2024-02-04 23:00:00,2024-02-05 07:00:00,-1.1,90.0,1.8698704970385442,26712.43567197921,1,1.26111,1.2568610463892642,1.2666336396939564,1.25963,1.27745,34.26966031750475,0.0018376752253105087,GBPUSD_merged,-100.86987049703856
2024-02-02 14:00:00,2024-02-05 10:00:00,-1.1,30.0,0.36042506532526486,5148.929504646641,1,0.65121,0.6474157550055075,0.6553836694939417,0.65245,0.68706,36.19502235844241,0.0014129446408901662,AUDUSD_merged,-33.360425065325266
2024-02-01 10:00:00,2024-02-05 22:00:00,1.3,30.0,0.5142297422104928,7346.139174435612,1,0.56301,0.5607107922666674,0.5659989700533324,0.56387,0.57388,40.947656412880704,0.0010568733939391077,AUDCHF_merged,38.485770257789504
2024-02-01 10:00:00,2024-02-05 22:00:00,1.3,90.0,1.4756157819953275,21080.225457076107,1,0.56301,0.5606062828242432,0.5661348323284838,0.56387,0.57388,40.947656412880704,0.0010568733939391077,AUDCHF_merged,115.52438421800467
2024-02-01 05:00:00,2024-02-05 23:00:00,1.3,30.000000000000004,0.44045934713244755,6292.276387606395,1,0.5631,0.5604152800418505,0.5665901359455945,0.56387,0.57388,29.04146043079498,0.0010538285564819917,AUDCHF_merged,38.55954065286756
2024-02-01 05:00:00,2024-02-05 23:00:00,1.3,30.000000000000004,0.4580777210177455,6543.9674431106505,1,0.5631,0.5605185385017794,0.566455899947687,0.56387,0.58644,30.008292043170325,0.0010538285564819917,AUDCHF_merged,38.54192227898226
2024-02-01 08:00:00,2024-02-05 23:00:00,1.5,30.0,0.45399506278205104,6485.643754029301,1,0.56266,0.5600573593616651,0.5665639609575025,0.56387,0.57388,32.771670667664026,0.0010324093799530054,AUDCHF_merged,44.54600493721795
2024-02-01 10:00:00,2024-02-06 07:00:00,1.5,15.0,0.22626108657261687,3232.30123675167,1,0.56301,0.5603972639393948,0.5669291040909079,0.56387,0.57388,40.85208364844826,0.0010568733939391077,AUDCHF_merged,22.273738913427383
2024-02-05 20:00:00,2024-02-06 12:00:00,1.3,15.0,0.4984938621008343,7121.340887154776,-1,1.35362,1.3564711905723577,1.3499134522559353,1.31767,1.35415,62.62073841075401,0.0011782993554470917,USDCAD_merged,19.001506137899167
2024-02-05 20:00:00,2024-02-06 12:00:00,1.3,60.0,1.9172840850032087,27389.772642902983,-1,1.35362,1.356585238195252,1.3497651903461727,1.31767,1.35415,62.184749546551835,0.0011782993554470917,USDCAD_merged,76.0827159149968
2024-02-04 22:00:00,2024-02-06 20:00:00,1.3,60.0,1.0541240040158222,15058.914343083175,-1,148.52,149.11175580636018,147.7507174517318,140.248,148.802,63.87499625935574,0.263838489697477,USDJPY_merged,76.94587599598418
2024-02-01 12:00:00,2024-02-07 06:00:00,-1.1,30.0,0.8310478720822468,11872.112458317813,1,1.07041,1.0677051486003233,1.0744672770995152,1.06905,1.08325,38.674374342584706,0.001056087662737076,AUDNZD_merged,-33.831047872082245
2024-02-01 12:00:00,2024-02-07 06:00:00,-1.1,90.0,2.4931436162467406,35616.33737495344,1,1.07041,1.0677051486003233,1.0744672770995152,1.06905,1.08316,38.6109592291766,0.001056087662737076,AUDNZD_merged,-101.49314361624675
2024-02-04 22:00:00,2024-02-07 09:00:00,1.3,90.0,1.512438788370527,21606.268405293245,-1,148.52,149.13865379755836,147.71575006317414,140.248,148.802,63.87499625935574,0.263838489697477,USDJPY_merged,115.48756121162947
2024-02-05 12:00:00,2024-02-07 12:00:00,-1.1,90.0,1.779245999888676,25417.79999840966,-1,0.8711,0.8741844132853711,0.8670902627290176,0.83323,0.8728,63.61769984667023,0.001339545736329942,USDCHF_merged,-100.77924599988869
2024-02-04 22:00:00,2024-02-08 06:00:00,-1.1,29.999999999999996,0.46381456176696173,6625.922310956596,-1,148.52,149.19244977995476,147.64581528605885,140.248,148.802,64.40474432218156,0.263838489697477,USDJPY_merged,-33.46381456176696
2024-02-07 17:00:00,2024-02-08 13:00:00,1.1,30.0,0.5161831468559704,7374.044955085293,-1,0.53362,0.5357909387585114,0.5312319673656375,0.52704,0.53373,74.72542687724214,0.0008503352708969383,NZDCHF_merged,32.48381685314403
2024-02-07 17:00:00,2024-02-08 13:00:00,1.1,30.0,0.47931292208054405,6847.327458293487,-1,0.53362,0.5359579340476276,0.5310482725476096,0.52704,0.53373,74.72542687724214,0.0008503352708969383,NZDCHF_merged,32.520687077919455
2024-02-07 10:00:00,2024-02-08 20:00:00,-1.1,30.0,0.4574736693602097,6535.338133717282,-1,0.53263,0.5350749997342237,0.5301850002657764,0.52704,0.53373,70.39857642203026,0.0008500245454410682,NZDCHF_merged,-33.45747366936021
2024-02-09 00:00:00,2024-02-09 03:00:00,-1.1,30.0,0.5468010330101467,7811.443328716382,-1,91.434,91.78515405496397,91.04773053953963,89.737,90.983,70.67629254155273,0.12152557945233647,NZDJPY_merged,-33.54680103301015
2024-02-09 00:00:00,2024-02-09 03:00:00,-1.1,30.0,0.527945824975314,7542.083213933058,-1,91.434,91.79769527121267,91.07030472878732,88.565,90.983,70.67629254155273,0.12152557945233647,NZDJPY_merged,-33.52794582497531
2024-02-09 00:00:00,2024-02-09 03:00:00,-1.1,30.0,0.5888626509340041,8412.323584771488,-1,91.434,91.76007162246654,91.0753212152868,88.565,90.983,70.67629254155273,0.12152557945233647,NZDJPY_merged,-33.588862650934004
2024-02-09 01:00:00,2024-02-09 03:00:00,-1.1,59.99999999999999,1.2150186554902065,17357.40936414581,-1,91.406,91.72196650657608,90.9952435414511,88.565,90.983,73.2593564925665,0.12220232377716961,NZDJPY_merged,-67.21501865549021
2024-02-08 12:00:00,2024-02-09 08:00:00,-1.1,30.0,0.5517854213037252,7882.648875767503,-1,110.84,111.26183789388644,110.37597831672493,106.162,110.394,69.67457333208473,0.14653807705417354,CADJPY_merged,-33.55178542130373
2024-02-08 12:00:00,2024-02-09 08:00:00,-1.1,30.0,0.6179996718601722,8828.566740859604,-1,110.84,111.21664097668432,110.3503667303104,104.195,110.394,70.47727323779948,0.14653807705417354,CADJPY_merged,-33.617999671860176
2024-02-08 12:00:00,2024-02-09 08:00:00,-1.1,60.0,1.188460907423408,16978.012963191544,-1,110.84,111.23170661575169,110.3307813995228,106.162,110.394,71.29858900784247,0.14653807705417354,CADJPY_merged,-67.1884609074234
2024-02-08 12:00:00,2024-02-09 08:00:00,-1.1,30.0,0.5327583378104931,7610.833397292759,-1,110.84,111.27690353295381,110.4030964670462,106.162,110.394,69.67457333208473,0.14653807705417354,CADJPY_merged,-33.53275833781049
2024-02-07 19:00:00,2024-02-09 08:00:00,-1.1,30.0,0.6360228640711981,9086.04091530283,-1,0.64927,0.651413738970754,0.6464831393380198,0.63027,0.64741,66.67044069912129,0.000843388760565786,CADCHF_merged,-33.6360228640712
2024-02-09 07:00:00,2024-02-12 03:00:00,1.1,30.0,0.5887796237630241,8411.137482328915,-1,91.716,92.04312341294867,91.35616424575645,88.565,90.983,71.94696469564613,0.1253297903388142,NZDJPY_merged,32.411220376236976
2024-02-09 07:00:00,2024-02-12 03:00:00,1.1,30.0,0.5467239363513793,7810.341947876848,-1,91.716,92.06828675240627,91.32848457235309,89.737,90.983,71.94696469564613,0.1253297903388142,NZDJPY_merged,32.45327606364862
2024-02-09 09:00:00,2024-02-12 10:00:00,1.1,30.0,0.780178431299969,11145.406161428129,1,1.0617,1.0588422306608951,1.0648435462730155,1.06905,1.08325,40.17451292583897,0.001074917621108911,AUDNZD_merged,32.219821568700034
2024-02-09 09:00:00,2024-02-12 10:00:00,1.0,14.999999999999998,0.34973515885860673,4996.216555122954,1,1.0617,1.0585124880448447,1.0648875119551555,1.06905,1.08325,40.17451292583897,0.001074917621108911,AUDNZD_merged,14.650264841141391
2024-02-09 09:00:00,2024-02-12 11:00:00,1.1,29.999999999999996,0.7244514004928284,10349.305721326122,1,1.0617,1.0586224022501949,1.0650853575247858,1.06905,1.08325,40.17451292583897,0.001074917621108911,AUDNZD_merged,32.275548599507175
2024-02-08 10:00:00,2024-02-13 08:00:00,-1.1,90.0,1.7013299615763717,24304.71373680531,-1,149.258,149.81070019410507,148.53948974766345,140.248,148.802,74.43324303454455,0.2153929264660904,USDJPY_merged,-100.70132996157639
2024-02-08 10:00:00,2024-02-13 08:00:00,-1.1,30.0,0.5897943866798089,8425.634095425841,-1,149.258,149.78944249433178,148.5671247573687,140.248,148.802,72.89124210705755,0.2153929264660904,USDJPY_merged,-33.589794386679806
2024-02-13 05:00:00,2024-02-13 10:00:00,-1.1,30.0,0.6255120862019927,8935.886945742754,-1,1.11305,1.116786786309266,1.1089395350598075,1.08944,1.10603,77.76106552739742,0.001499566539023562,GBPCHF_merged,-33.625512086201994
2024-02-13 08:00:00,2024-02-13 12:00:00,-1.1,30.0,0.5417647073759134,7739.495819655907,-1,1.11407,1.1183883820727853,1.109319779719936,1.08944,1.10603,74.90258674446851,0.0017014022180155866,GBPCHF_merged,-33.54176470737591
2024-02-13 15:00:00,2024-02-14 03:00:00,1.3,15.0,0.3322801595560125,4746.85942222875,-1,189.704,190.30346161175004,188.92469990472497,178.731,188.928,67.6258889634484,0.23208574150714742,GBPJPY_merged,19.167719840443986
2024-02-13 14:00:00,2024-02-14 10:00:00,1.1,30.0,0.5432958273942434,7761.368962774907,-1,1.11665,1.1209661844464127,1.1119021971089458,1.08944,1.10603,73.01498985664954,0.0016207801594331343,GBPCHF_merged,32.456704172605754
2024-02-13 18:00:00,2024-02-14 10:00:00,1.3,30.0,0.6042840625532515,8632.629465046452,-1,1.11674,1.120620880111402,1.1116948558551778,1.06359,1.10603,72.2326215085333,0.0015264697556635304,GBPCHF_merged,38.395715937446745
2024-02-13 16:00:00,2024-02-14 10:00:00,1.1,30.0,0.5339098382350767,7627.2834033582385,-1,1.11715,1.1215440284145262,1.1123165687440213,1.08944,1.10603,71.98034881556391,0.0014879175864500177,GBPCHF_merged,32.466090161764924
2024-02-13 16:00:00,2024-02-14 19:00:00,1.1,60.00000000000001,0.8646129183503353,12351.613119290505,1,0.60583,0.6028870807514016,0.6090672111734582,0.60615,0.61734,34.51094517603654,0.001082471160213714,NZDUSD_merged,65.13538708164968
2024-02-13 16:00:00,2024-02-14 19:00:00,1.0,30.0,0.38758510132946056,5536.930018992294,1,0.60583,0.6025475131457941,0.6091124868542058,0.60615,0.61734,34.51094517603654,0.001082471160213714,NZDUSD_merged,29.61241489867054
2024-02-13 16:00:00,2024-02-14 20:00:00,1.1,30.0,0.6494419033990869,9277.741477129814,-1,150.781,151.26855723697955,150.24468703932249,145.896,148.802,73.852790472159,0.17798472749269734,USDJPY_merged,32.35055809660091
2024-02-13 16:00:00,2024-02-14 20:00:00,1.0,30.0,0.582258258219871,8317.97511742673,-1,150.781,151.32481384124642,150.2371861587536,145.896,148.802,73.852790472159,0.17798472749269734,USDJPY_merged,29.41774174178013
2024-02-13 16:00:00,2024-02-14 20:00:00,1.1,30.0,0.6030531960134379,8615.045657334827,-1,150.781,151.30606163982415,150.20343219619346,145.896,148.802,73.852790472159,0.17798472749269734,USDJPY_merged,32.39694680398656
2024-02-13 08:00:00,2024-02-15 02:00:00,1.0,29.999999999999996,0.5230831657422611,7472.616653460873,-1,1.11407,1.1185426100039562,1.1095973899960436,1.08944,1.10603,74.90258674446851,0.0017014022180155866,GBPCHF_merged,29.476916834257736
2024-02-13 18:00:00,2024-02-15 03:00:00,1.3,30.0,0.6991343362057295,9987.633374367566,-1,150.635,151.0874645459652,150.04679609024524,140.248,148.802,70.49779713140134,0.18077254564421325,USDJPY_merged,38.30086566379427
2024-02-13 16:00:00,2024-02-15 06:00:00,1.1,60.00000000000001,0.8028548527538827,11469.355039341182,1,0.60583,0.6026607023476633,0.6093162274175703,0.60379,0.61734,34.51094517603654,0.001082471160213714,NZDUSD_merged,65.19714514724613
2024-02-13 16:00:00,2024-02-15 06:00:00,1.3,30.0,0.4495987175421743,6422.838822031062,1,0.60583,0.6030002699532708,0.609508649060748,0.60837,0.6369,33.98036784950182,0.001082471160213714,NZDUSD_merged,38.55040128245783
2024-02-20 10:00:00,2024-02-21 00:00:00,-1.1,90.0,1.8108059296197832,25868.656137425478,-1,92.589,92.91112767279952,92.23465955992052,89.258,90.983,63.34735435526515,0.11897091189780155,NZDJPY_merged,-100.8108059296198
2024-02-20 10:00:00,2024-02-21 00:00:00,-1.1,60.0,1.3520684274494381,19315.26324927769,-1,92.589,92.876613993571,92.21510180835769,89.258,90.983,63.345020672035034,0.11897091189780155,NZDJPY_merged,-67.35206842744944
2024-02-20 10:00:00,2024-02-21 00:00:00,-1.1,29.999999999999996,0.5827881152799301,8325.544503999003,-1,92.589,92.92263223254237,92.25536776745763,89.258,90.983,63.34735435526515,0.11897091189780155,NZDJPY_merged,-33.58278811527993
2024-02-20 10:00:00,2024-02-21 00:00:00,-1.1,29.999999999999996,0.6245614681993266,8922.306688561808,-1,0.54361,0.5454378120859606,0.5412338442882513,0.5222,0.54361,64.89721727371166,0.000724615917642515,NZDCHF_merged,-33.624561468199325
2024-02-20 10:00:00,2024-02-21 19:00:00,-1.1,60.0,1.5773039832750508,22532.91404678644,-1,98.397,98.65900872145261,98.05638866211162,95.5,97.88,59.13312068144774,0.11353181082525324,AUDJPY_merged,-67.57730398327504
2024-02-28 13:00:00,2024-02-28 22:00:00,1.0,30.000000000000004,0.6864811747017383,9806.873924310548,-1,1.66837,1.6734736752777994,1.6632663247222004,1.63492,1.6611,69.859298915357,0.001711324596339745,EURAUD_merged,29.313518825298264
2024-02-28 13:00:00,2024-02-28 22:00:00,1.1,90.0,2.1329950785375438,30471.358264822058,-1,1.66837,1.6732976864751166,1.6629495448773715,1.64509,1.6611,69.859298915357,0.001711324596339745,EURAUD_merged,96.86700492146247
2024-03-01 05:00:00,2024-03-01 08:00:00,-1.1,15.0,0.46730298354056,6675.756907722286,-1,0.95721,0.959360789820311,0.9544139732335957,0.93049,0.94729,64.09493247846696,0.000878864790401249,EURCHF_merged,-16.96730298354056
2024-03-06 04:00:00,2024-03-06 08:00:00,-1.1,15.0,0.5291547404174726,7559.353434535323,1,169.345,169.00896927700256,169.71463379529717,169.197,171.691,37.35115885750477,0.20047476466246272,CHFJPY_merged,-17.02915474041747
2024-03-06 04:00:00,2024-03-06 19:00:00,-1.1,15.0,0.333171503225816,4759.592903225944,1,169.345,168.81130414582762,170.14554378125857,169.197,171.691,37.35115885750477,0.20047476466246272,CHFJPY_merged,-16.833171503225817
2024-03-06 04:00:00,2024-03-06 19:00:00,-1.1,15.0,0.4088922994135014,5841.318563050021,1,169.345,168.91013671141508,169.99729493287737,169.197,171.691,37.35115885750477,0.20047476466246272,CHFJPY_merged,-16.908892299413502
2024-03-06 04:00:00,2024-03-06 19:00:00,-1.1,15.0,0.333171503225816,4759.592903225944,1,169.345,168.81130414582762,169.98543502500686,169.197,171.691,35.493730495691025,0.20047476466246272,CHFJPY_merged,-16.833171503225817
2024-03-06 04:00:00,2024-03-06 19:00:00,-1.1,15.0,0.37481794112904304,5354.542016129187,1,169.345,168.8706036851801,169.96171520926586,169.197,171.82,34.76726532021065,0.20047476466246272,CHFJPY_merged,-16.87481794112904
2024-03-06 04:00:00,2024-03-06 19:00:00,-1.1,15.0,0.4283633612903348,6119.476589861926,1,169.345,168.92990322453258,169.92613548565438,169.197,171.691,37.85838097875644,0.20047476466246272,CHFJPY_merged,-16.928363361290334
2024-03-06 04:00:00,2024-03-06 20:00:00,-1.1,15.0,0.2998543529032344,4283.633612903349,1,169.345,168.7520046064751,170.17519355093484,169.197,171.82,35.493730495691025,0.20047476466246272,CHFJPY_merged,-16.799854352903235
2024-03-06 22:00:00,2024-03-07 01:00:00,-1.1,15.0,0.2941714171642415,4202.448816632022,1,168.697,168.09486179191876,169.60020731212188,169.197,171.691,34.540777320984844,0.22122742605969173,CHFJPY_merged,-16.794171417164243
2024-03-06 22:00:00,2024-03-07 02:00:00,-1.1,15.0,0.2836652951226615,4052.361358895164,1,168.697,168.07256037680463,169.32143962319537,169.197,171.691,34.540777320984844,0.22122742605969173,CHFJPY_merged,-16.78366529512266
2024-03-07 21:00:00,2024-03-08 05:00:00,-1.1,15.0,0.45704680193659114,6529.240027665588,-1,1.28088,1.2838226395596717,1.2773488325283942,1.25181,1.27093,69.92245646910568,0.0010987998427398505,GBPUSD_merged,-16.957046801936592
2024-03-08 08:00:00,2024-03-08 08:00:00,-1.1,15.0,0.3097583591795105,4425.119416850151,-1,0.66388,0.6661303799472803,0.6605044300790797,0.64422,0.65946,71.45017740199073,0.0011110830506519378,AUDUSD_merged,-16.80975835917951
2024-03-08 08:00:00,2024-03-08 08:00:00,-1.1,15.0,0.27878252326155945,3982.6074751651354,-1,0.66388,0.6663804221636447,0.6603794089708974,0.64422,0.65946,71.87874902276906,0.0011110830506519378,AUDUSD_merged,-16.778782523261558
2024-03-08 08:00:00,2024-03-08 08:00:00,-1.1,15.0,0.38015798626576286,5430.828375225185,-1,0.66388,0.6657136429200061,0.6611295356199909,0.64422,0.65946,71.45017740199073,0.0011110830506519378,AUDUSD_merged,-16.88015798626576
2024-03-08 08:00:00,2024-03-08 08:00:00,-1.1,15.0,0.3097583591795105,4425.119416850151,-1,0.66388,0.6661303799472803,0.6611795440632637,0.64422,0.65946,71.87874902276906,0.0011110830506519378,AUDUSD_merged,-16.80975835917951
2024-03-08 08:00:00,2024-03-08 08:00:00,-1.1,15.0,0.3484781540769494,4978.25934395642,-1,0.66388,0.6658803377309158,0.6612795609498096,0.64422,0.65946,71.7835745389631,0.0011110830506519378,AUDUSD_merged,-16.84847815407695
2024-03-08 08:00:00,2024-03-08 08:00:00,-1.1,14.999999999999998,0.49196915869686964,7028.130838526709,-1,0.66388,0.665296905892732,0.6623214035179948,0.64422,0.65946,71.45017740199073,0.0011110830506519378,AUDUSD_merged,-16.991969158696868
2024-03-10 22:00:00,2024-03-11 04:00:00,-1.1,30.0,0.8541231791234026,12201.759701762896,1,167.572,167.15999713132578,168.02520315554167,169.197,171.691,36.66892346431112,0.23625786944391103,CHFJPY_merged,-33.854123179123405
2024-03-08 14:00:00,2024-03-11 09:00:00,1.1,15.0,0.4698697846579716,6712.42549511388,-1,1.28425,1.2871198642560757,1.2810931493183164,1.25181,1.27093,65.72870825792144,0.0016918586272683463,GBPUSD_merged,16.030130215342027
2024-03-10 17:00:00,2024-03-11 10:00:00,1.0,60.0,1.8695617849379826,26708.02549911404,1,0.85083,0.8489185970023619,0.852741402997638,0.84979,0.85778,39.053807843459545,0.0006753122186044565,EURGBP_merged,58.130438215062014
2024-03-10 17:00:00,2024-03-11 10:00:00,1.2,15.0,0.48470120350243984,6924.302907177713,1,0.85083,0.8489868613951347,0.8530417663258383,0.84979,0.85778,38.638842369780726,0.0006753122186044565,EURGBP_merged,17.51529879649756
2024-03-10 21:00:00,2024-03-12 00:00:00,1.4,59.99999999999999,1.3671137315470765,19530.196164958237,1,167.417,166.90266722447862,168.13706588572992,169.197,171.691,38.869104532603956,0.24235462863190335,CHFJPY_merged,82.6328862684529
2024-03-10 21:00:00,2024-03-12 00:00:00,1.3,15.000000000000002,0.299056128775923,4272.230411084615,1,167.417,166.82919111368986,168.1811515522032,169.197,171.691,39.820813105044735,0.24235462863190335,CHFJPY_merged,19.20094387122408
2024-03-10 21:00:00,2024-03-12 00:00:00,1.2,29.999999999999996,0.5316553400460853,7595.076286372647,1,167.417,166.75571500290107,168.2105419965187,169.197,171.691,39.425692072594,0.24235462863190335,CHFJPY_merged,35.46834465995391
2024-03-10 21:00:00,2024-03-12 00:00:00,1.0,60.00000000000001,1.0253352986603077,14647.647123718682,1,167.417,166.73122296597148,168.10277703402852,169.197,171.691,38.869104532603956,0.24235462863190335,CHFJPY_merged,58.9746647013397
2024-03-08 14:00:00,2024-03-12 02:00:00,1.5,30.0,0.9799018598137693,13998.597997339562,1,0.85158,0.8497550029535204,0.8543174955697194,0.8528,0.85778,35.488371562734095,0.0006776444868845223,EURGBP_merged,44.02009814018623
2024-03-08 14:00:00,2024-03-12 02:00:00,1.0,30.000000000000004,0.5705561670846798,8150.802386923999,-1,1.28425,1.2889768352453015,1.2795231647546983,1.25181,1.27093,65.76776791285238,0.0016918586272683463,GBPUSD_merged,29.429443832915325
2024-03-08 14:00:00,2024-03-12 02:00:00,1.4,15.0,0.3803707780564531,5433.868257949331,-1,1.28425,1.287795126433976,1.2792868229924332,1.25181,1.27854,65.76776791285238,0.0016918586272683463,GBPUSD_merged,20.619629221943548
2024-03-08 14:00:00,2024-03-12 07:00:00,1.5,15.0,0.2958439384883524,4226.341978405035,-1,1.28425,1.2888080197008263,1.2774129704487602,1.25181,1.27093,65.76776791285238,0.0016918586272683463,GBPUSD_merged,22.204156061511647
2024-03-08 14:00:00,2024-03-12 07:00:00,1.5,60.0,1.1833757539534095,16905.36791362014,-1,1.28425,1.2888080197008263,1.2774129704487602,1.25181,1.27093,65.72870825792144,0.0016918586272683463,GBPUSD_merged,88.81662424604659
2024-03-08 14:00:00,2024-03-12 07:00:00,1.4,15.0,0.2662595446395172,3803.7077805645317,-1,1.28425,1.2893144663342515,1.2771597471320477,1.25181,1.27854,65.15994751181147,0.0016918586272683463,GBPUSD_merged,20.733740455360483
2024-03-10 22:00:00,2024-03-12 07:00:00,1.5,15.0,0.33000213738858736,4714.316248408391,1,167.572,167.03881981700982,168.37177027448527,169.197,171.691,36.66892346431112,0.23625786944391103,CHFJPY_merged,22.169997862611414
2024-03-08 12:00:00,2024-03-12 07:00:00,1.0,15.000000000000002,0.20572240698277738,2938.8915283253914,-1,0.66254,0.6659215810839616,0.6591584189160384,0.64422,0.65946,58.24463635692933,0.0012007284207015316,AUDUSD_merged,14.794277593017224
2024-03-10 22:00:00,2024-03-13 06:00:00,1.5,60.0,1.0755625218590994,15365.178883701423,1,167.572,166.91764250269387,168.5535362459592,169.197,171.691,36.792307102356475,0.23625786944391103,CHFJPY_merged,88.9244374781409
2024-03-10 22:00:00,2024-03-13 06:00:00,1.4,30.0,0.4840031348365949,6914.330497665642,1,167.572,166.84493611410429,168.58988944025398,169.197,171.691,36.370156646210035,0.23625786944391103,CHFJPY_merged,41.5159968651634
2024-03-10 22:00:00,2024-03-13 06:00:00,1.5,90.0,1.613343782788649,23047.768325552133,1,167.572,166.91764250269387,168.5535362459592,169.197,171.691,36.66892346431112,0.23625786944391103,CHFJPY_merged,133.38665621721134
2024-03-08 12:00:00,2024-03-14 10:00:00,1.5,15.0,0.21334175538954683,3047.7393627078122,-1,0.66254,0.6658008103309629,0.6576487845035557,0.64422,0.65946,57.42002158167852,0.0012007284207015316,AUDUSD_merged,22.286658244610454
2024-03-14 06:00:00,2024-03-17 16:00:00,1.3,30.0,1.17391354778305,16770.19353975786,-1,1.12662,1.1286353971341996,1.1239999837255406,1.08944,1.11843,55.66614488481574,0.0008883381769224471,GBPCHF_merged,37.82608645221695
2024-03-17 18:00:00,2024-03-18 13:00:00,-1.1,30.0,1.1214186853334858,16020.266933335513,1,0.82419,0.8226465987506394,0.8258877413742967,0.82342,0.83735,38.83495590532722,0.0008887485815835235,NZDCAD_merged,-34.12141868533349
2024-03-18 16:00:00,2024-03-18 16:00:00,1.0,30.0,0.6795763376554352,9708.233395077646,-1,0.65571,0.6577362491845297,0.6536837508154704,0.6462,0.65391,63.267047128112004,0.0008676846785430235,CADCHF_merged,29.320423662344563
2024-03-17 18:00:00,2024-03-18 16:00:00,-1.1,30.0,0.8665508023031481,12379.297175759259,1,0.82419,0.8221926572067099,0.8271860141899352,0.82342,0.83735,38.83495590532722,0.0008887485815835235,NZDCAD_merged,-33.866550802303145
2024-03-17 18:00:00,2024-03-18 16:00:00,-1.1,60.0,1.8156302524446915,25937.575034924164,1,0.82419,0.8222834455154957,0.826859176278306,0.82342,0.83735,38.83760766588216,0.0008887485815835235,NZDCAD_merged,-67.81563025244469
2024-03-17 16:00:00,2024-03-18 19:00:00,-1.1,90.0,2.2877747090779224,32682.495843970326,-1,2.08906,2.0948127858612025,2.0833072141387974,2.03734,2.09136,62.09255932152249,0.002109954494786516,GBPNZD_merged,-101.28777470907794
2024-03-17 16:00:00,2024-03-18 19:00:00,-1.1,90.0,2.372507105710438,33892.95865300626,-1,2.08906,2.0946073292233023,2.0807390061650466,2.03734,2.09136,62.33131618858513,0.002109954494786516,GBPNZD_merged,-101.37250710571045
2024-03-17 18:00:00,2024-03-18 20:00:00,-1.1,90.0,2.118235294518806,30260.50420741152,1,0.82419,0.8217387156627802,0.8278669265058296,0.82342,0.83735,38.83495590532722,0.0008887485815835235,NZDCAD_merged,-101.11823529451883
2024-03-18 15:00:00,2024-03-18 22:00:00,1.3,30.0,0.79485783637597,11355.111948228143,1,167.941,167.49730292127714,168.51780620233973,169.197,171.691,34.732074393251295,0.18109708402968275,CHFJPY_merged,38.20514216362403
2024-03-18 22:00:00,2024-03-19 00:00:00,-1.1,30.0,0.8773463036695753,12533.518623851078,1,0.60747,0.6060159709641856,0.6096510435537216,0.60684,0.62175,35.41078306865315,0.0007522849826489544,NZDUSD_merged,-33.877346303669576
2024-03-18 22:00:00,2024-03-19 00:00:00,-1.1,30.000000000000004,0.7148747659529874,10212.496656471249,1,0.60747,0.6056855098196823,0.6096113882163812,0.60684,0.62175,34.74172774076132,0.0007522849826489544,NZDUSD_merged,-33.71487476595299
2024-03-18 22:00:00,2024-03-19 00:00:00,-1.1,60.00000000000001,1.4297495319059748,20424.993312942497,1,0.60747,0.6056855098196823,0.6101467352704765,0.60684,0.62163,35.41078306865315,0.0007522849826489544,NZDUSD_merged,-67.42974953190598
2024-03-18 22:00:00,2024-03-19 00:00:00,-1.1,60.0,1.3786870486236185,19695.529266051693,1,0.60747,0.6056194175907816,0.6093205824092183,0.60684,0.62175,35.599813028686825,0.0007522849826489544,NZDUSD_merged,-67.37868704862362
2024-03-18 17:00:00,2024-03-19 07:00:00,1.0,60.0,1.1333437414744434,16190.624878206336,-1,0.65559,0.6580195170999205,0.6531604829000796,0.6462,0.65391,62.83006850200802,0.0008421357729328163,CADCHF_merged,58.86665625852556
2024-03-19 03:00:00,2024-03-19 11:00:00,-1.1,60.0,0.8825938051033547,12608.482930047925,-1,190.809,191.71700297414975,189.53779583619033,185.221,191.311,65.6306974436449,0.30519139676063967,GBPJPY_merged,-66.88259380510335
2024-03-19 06:00:00,2024-03-19 19:00:00,-1.1,30.0,0.5690657563275092,8129.510804678704,-1,150.532,151.0875020601487,149.75429711579184,145.896,150.842,68.82443429393396,0.26163016265077754,USDJPY_merged,-33.56906575632751
2024-03-19 06:00:00,2024-03-19 19:00:00,-1.1,30.0,0.3983460294292565,5690.657563275094,-1,150.532,151.32557437164098,149.42099587970264,145.896,150.842,69.84053611587159,0.26163016265077754,USDJPY_merged,-33.398346029429256
2024-03-19 17:00:00,2024-03-19 22:00:00,-1.1,30.0,0.6786077822753732,9694.39688964819,-1,191.846,192.43968107841198,191.07421459806443,185.221,191.311,73.03770518608343,0.23634089343320258,GBPJPY_merged,-33.67860778227537
2024-03-19 16:00:00,2024-03-19 23:00:00,-1.1,30.0,0.6431519557157686,9187.885081653838,-1,150.848,151.34054425363203,150.20769247027837,145.896,150.842,70.60901800160698,0.19678200289334197,USDJPY_merged,-33.643151955715766
2024-03-19 13:00:00,2024-03-19 23:00:00,-1.1,15.0,0.2720221701920039,3886.0310027429136,-1,163.928,164.56075871918273,163.1686895369807,158.076,163.716,73.8501640903328,0.23127097113669148,EURJPY_merged,-16.772022170192002
2024-03-20 10:00:00,2024-03-20 13:00:00,1.5,15.0,0.44331213544049713,6333.030506292816,-1,151.671,152.0302379663637,151.13214305045443,146.481,150.842,74.40448481692471,0.16155498580286742,USDJPY_merged,22.056687864559503
2024-03-20 04:00:00,2024-03-20 13:00:00,-1.1,30.0,0.6682123051513723,9545.890073591034,-1,164.352,164.86851129040764,163.57723306438854,158.076,163.716,68.92527096509623,0.19835044379098926,EURJPY_merged,-33.66821230515137
2024-03-20 04:00:00,2024-03-20 13:00:00,-1.1,30.0,0.7517388432952941,10739.126332789916,-1,164.352,164.811121147029,163.7551425088623,158.076,163.716,68.57122812607386,0.19835044379098926,EURJPY_merged,-33.75173884329529
2024-03-20 02:00:00,2024-03-20 13:00:00,-1.1,15.0,0.42236990329447077,6033.855761349583,-1,192.551,193.0296765070688,191.88085289010363,185.221,191.311,73.77287666702657,0.24523110856785324,GBPJPY_merged,-16.92236990329447
2024-03-20 10:00:00,2024-03-20 13:00:00,-1.1,15.0,0.5239918366930181,7485.5976670431155,-1,111.677,111.9007837343804,111.43083789218159,108.818,111.797,72.9807401450399,0.136520527182563,CADJPY_merged,-17.023991836693018
2024-03-20 14:00:00,2024-03-20 15:00:00,-1.1,15.0,0.24975519618921374,3567.931374131625,-1,111.737,112.20675539164004,111.07934245170394,108.818,111.797,75.57957651044356,0.1736861926504897,CADJPY_merged,-16.749755196189213
2024-03-20 14:00:00,2024-03-20 15:00:00,-1.1,30.0,0.5253145220429409,7504.493172042014,-1,150.785,151.38777888143764,150.18222111856235,146.481,150.842,57.736944878523374,0.23197258823187608,USDJPY_merged,-33.52531452204294
2024-03-20 16:00:00,2024-03-20 19:00:00,1.1,15.0,0.43984507502916703,6283.501071845244,-1,165.175,165.56930644980736,164.74126290521193,158.076,163.716,74.06646242657918,0.22716318686956447,EURJPY_merged,16.06015492497083
2024-03-20 17:00:00,2024-03-20 20:00:00,1.4,15.0,0.36814557320691355,5259.22247438448,-1,193.273,193.8242402287829,192.5012636797039,185.221,191.311,66.97024514294178,0.27288853653666845,GBPJPY_merged,20.631854426793087
2024-03-20 17:00:00,2024-03-20 20:00:00,1.1,30.0,0.8267373677653315,11810.533825219021,-1,112.023,112.30755022014533,111.70999475784012,108.818,111.797,65.78626848282707,0.17206944797854468,CADJPY_merged,32.17326263223467
2024-03-20 20:00:00,2024-03-21 01:00:00,-1.1,30.0,0.8575403038134745,12250.575768763922,-1,164.685,165.0882912487752,164.24137962634728,160.21,163.716,59.391808010066065,0.24778513588561243,EURJPY_merged,-33.85754030381347
2024-03-20 20:00:00,2024-03-21 01:00:00,-1.1,30.0,0.8557018244004708,12224.311777149584,-1,192.705,193.17792232932138,192.1847854377465,185.221,191.311,58.06487449214336,0.2877474908057802,GBPJPY_merged,-33.85570182440047
2024-03-21 04:00:00,2024-03-21 09:00:00,1.3,30.0,0.5276389739501234,7537.699627858906,-1,0.6606,0.663229184098389,0.6571820606720942,0.6477,0.65946,65.91355760381832,0.0010822438475910229,AUDUSD_merged,38.472361026049875
2024-03-20 18:00:00,2024-03-21 10:00:00,1.5,30.0,0.6749993724428205,9642.848177754579,-1,192.971,193.5713547803807,192.070467829429,185.221,191.311,65.30729023595084,0.2708964982126211,GBPJPY_merged,44.32500062755718
2024-03-20 18:00:00,2024-03-21 10:00:00,1.2,15.0,0.2749997443285565,3928.567776122236,-1,192.971,193.707799048649,192.0868411416212,185.221,191.311,63.439405355681444,0.2708964982126211,GBPJPY_merged,17.725000255671443
2024-03-20 18:00:00,2024-03-21 10:00:00,1.3,30.000000000000004,0.6187494247392522,8839.277496275032,-1,192.971,193.625932487688,192.1195877660056,185.221,191.311,62.37789484673229,0.2708964982126211,GBPJPY_merged,38.38125057526076
2024-03-20 18:00:00,2024-03-21 16:00:00,1.5,15.0,0.2749997443285565,3928.567776122236,-1,192.971,193.707799048649,191.8658014270265,185.221,191.311,65.63668340744158,0.2708964982126211,GBPJPY_merged,22.225000255671443
2024-03-21 04:00:00,2024-03-21 20:00:00,1.4,29.999999999999996,0.4221111791600987,6030.159702287125,-1,0.6606,0.6638864801229863,0.6559989278278191,0.6477,0.65946,65.97646978144974,0.0010822438475910229,AUDUSD_merged,41.577888820839895
2024-03-21 20:00:00,2024-03-21 20:00:00,1.1,29.999999999999996,1.2237127705162434,17481.611007374908,1,1.9274,1.9240924101002128,1.9310383488897658,1.9275,1.95682,44.77024018500457,0.0021380953234131288,GBPAUD_merged,31.776287229483756
2024-03-20 19:00:00,2024-03-21 21:00:00,1.4,15.0,0.24923965590358568,3560.5665129083673,-1,192.909,193.72168949463784,191.77123470750698,185.221,191.311,57.830266052973734,0.2781896054831475,GBPJPY_merged,20.750760344096413
2024-03-20 17:00:00,2024-03-21 21:00:00,1.5,30.0,0.6937921924164613,9911.317034520876,-1,165.109,165.60875901111305,164.35936148333045,158.076,163.716,68.19224983234523,0.23465153066459715,EURJPY_merged,44.30620780758354
2024-03-21 20:00:00,2024-03-21 21:00:00,1.5,60.0,1.8911924635251034,27017.035193215765,1,1.9274,1.923119589541452,1.933820615687822,1.9275,1.95682,44.77024018500457,0.0021380953234131288,GBPAUD_merged,88.1088075364749
2024-03-21 20:00:00,2024-03-21 21:00:00,1.2,30.0,0.7704858184731903,11006.94026390272,1,1.9274,1.922146768982691,1.9337038772207706,1.9275,1.95682,47.51643792469305,0.0021380953234131288,GBPAUD_merged,35.22951418152681
2024-03-21 20:00:00,2024-03-21 21:00:00,1.4,30.0,0.9906246237512446,14151.780339303496,1,1.9274,1.9233141536532041,1.9331201848855142,1.9275,1.95682,44.327663347689395,0.0021380953234131288,GBPAUD_merged,41.009375376248755
2024-03-21 14:00:00,2024-03-21 21:00:00,1.1,30.0,0.6182882756376912,8832.689651967017,-1,0.58986,0.5918634441033552,0.5876562114863093,0.56965,0.57925,67.82076480277779,0.001112889636286484,AUDCHF_merged,32.38171172436231
2024-03-20 18:00:00,2024-03-21 23:00:00,1.3,15.000000000000002,0.3074673636078915,4392.390908684165,-1,164.909,165.47216367359502,164.17688722432644,158.076,163.716,65.24723611813279,0.23224784990284178,EURJPY_merged,19.192532636392112
2024-03-21 14:00:00,2024-03-22 01:00:00,1.3,59.99999999999999,0.8759083904867291,12512.977006953273,-1,0.58986,0.592688391675325,0.5861830908220775,0.56965,0.57388,67.44518297859076,0.001112889636286484,AUDCHF_merged,77.12409160951327
2024-03-20 19:00:00,2024-03-22 07:00:00,1.2,30.0,0.5110175675368686,7300.250964812408,-1,111.877,112.33675268743193,111.32529677508168,108.818,111.797,60.48137334602,0.17597314647129655,CADJPY_merged,35.48898243246313
2024-03-20 19:00:00,2024-03-22 10:00:00,1.5,30.0,0.5110175675368686,7300.250964812408,-1,111.877,112.33675268743193,111.18737096885211,108.676,111.797,62.760560543162214,0.17597314647129655,CADJPY_merged,44.48898243246313
2024-03-21 14:00:00,2024-03-22 14:00:00,1.5,60.0,0.7785852359882037,11122.646228402911,-1,0.58986,0.5930419406347407,0.5850870890478891,0.56965,0.57925,67.65734332988848,0.001112889636286484,AUDCHF_merged,89.2214147640118
2024-03-21 05:00:00,2024-03-24 16:00:00,1.3,30.0,0.8773606278899849,12533.723255571214,-1,1.08592,1.0885191957326423,1.082541045547565,1.05691,1.08325,60.61891923760077,0.0010542126346532797,AUDNZD_merged,38.122639372110015
2024-03-21 05:00:00,2024-03-24 16:00:00,1.1,30.0,1.2386267687858612,17694.668125512304,-1,1.08592,1.0877610969772882,1.083894793324983,1.05691,1.08325,62.04249622685291,0.0010542126346532797,AUDNZD_merged,31.76137323121414
2024-03-22 10:00:00,2024-03-25 07:00:00,1.1,30.0,0.8958898487217966,12798.42641031138,1,1.26058,1.2576251523657993,1.2638303323976208,1.25995,1.28934,33.50435603956078,0.0017032781195213745,GBPUSD_merged,32.104110151278206
2024-03-21 05:00:00,2024-03-25 08:00:00,-1.1,29.999999999999996,0.7798761136799863,11141.08733828552,-1,1.08592,1.0888440951992227,1.0815338572011661,1.05691,1.08325,62.15650411312211,0.0010542126346532797,AUDNZD_merged,-33.77987611367999
2024-03-26 06:00:00,2024-03-26 06:00:00,-1.1,30.0,1.2719976114622422,18171.394449460604,-1,0.97747,0.9790837506717801,0.9750493739923296,0.93049,0.94729,74.72576568273847,0.0008589856731539946,EURCHF_merged,-34.27199761146224
2024-03-26 06:00:00,2024-03-26 06:00:00,-1.1,60.0,2.0823910124096088,29748.443034422988,-1,1.13966,1.1419585942464576,1.1366718274796048,1.08944,1.11843,78.03024695064504,0.0010971942024985213,GBPCHF_merged,-68.0823910124096
2024-03-26 06:00:00,2024-03-26 06:00:00,-1.1,59.99999999999999,2.3319956210141104,33314.22315734444,-1,0.97747,0.9792304552783057,0.9751814081382025,0.93049,0.94729,79.55199938112337,0.0008589856731539946,EURCHF_merged,-68.33199562101412
2024-03-26 06:00:00,2024-03-26 06:00:00,-1.1,30.0,1.6461145560099606,23515.922228713724,-1,0.97747,0.9787169891554665,0.9760983119289868,0.93049,0.96318,74.72576568273847,0.0008589856731539946,EURCHF_merged,-34.64611455600996
2024-03-26 06:00:00,2024-03-26 06:00:00,-1.1,30.0,1.4699230675832535,20998.90096547505,-1,1.13966,1.1412881709245741,1.1378690119829682,1.08944,1.11843,72.26875280312375,0.0010971942024985213,GBPCHF_merged,-34.46992306758325
2024-03-22 05:00:00,2024-03-26 07:00:00,-1.1,59.99999999999999,1.073611770024018,15337.311000343116,1,168.352,167.69340215323442,169.20817720079526,169.197,171.691,36.7681975723344,0.26531464309382446,CHFJPY_merged,-67.07361177002402
2024-03-24 16:00:00,2024-03-26 07:00:00,1.3,30.0,0.9877373004535708,14110.53286362244,-1,1.35988,1.3627712019407272,1.3561214374770547,1.34194,1.36056,66.62563107744816,0.0011729055127813763,USDCAD_merged,38.012262699546426
2024-03-26 06:00:00,2024-03-26 07:00:00,-1.1,30.0,0.8329564049638435,11899.377213769194,-1,1.13966,1.1425332428080721,1.135637460068699,1.08944,1.11843,76.5541587791768,0.0010971942024985213,GBPCHF_merged,-33.832956404963845
2024-03-26 06:00:00,2024-03-26 07:00:00,-1.1,30.0,0.9327982484056443,13325.689262937776,-1,0.97747,0.9796705690978821,0.9743892032629651,0.93049,0.94729,78.29971910886415,0.0008589856731539946,EURCHF_merged,-33.932798248405646
2024-03-22 05:00:00,2024-03-26 08:00:00,-1.1,30.0,0.4294447080096072,6134.924400137246,1,168.352,167.52875269154302,169.50454623183975,169.197,171.691,37.14695558829854,0.26531464309382446,CHFJPY_merged,-33.429444708009605
2024-03-26 09:00:00,2024-03-27 06:00:00,-1.1,30.0,0.7228438517954492,10326.340739934989,-1,0.66525,0.6671826788164967,0.6627375175385541,0.6462,0.65587,69.86764177740686,0.00080990549447793,CADCHF_merged,-33.722843851795446
2024-03-21 09:00:00,2024-03-28 03:00:00,1.5,30.000000000000004,0.6345156131840407,9064.50875977201,1,1.93021,1.9238217553047126,1.9397923670429311,1.9275,1.95682,39.00434547170217,0.0024184439428237272,GBPAUD_merged,44.365484386815965
2024-03-27 09:00:00,2024-03-28 08:00:00,1.2,15.0,0.37133673930270356,5304.810561467194,-1,0.9061,0.908662108456563,0.9030254698521244,0.87294,0.88923,61.742117477542706,0.0010057530202010835,USDCHF_merged,17.628663260697298
2024-03-27 10:00:00,2024-03-28 08:00:00,1.4,30.0,0.6989751072044097,9985.35867434871,1,166.944,166.44243364035927,167.646192903497,167.07,171.691,37.090141089682824,0.24963818623569495,CHFJPY_merged,41.30102489279559
2024-03-22 08:00:00,2024-04-01 10:00:00,-1.1,30.0,0.5748440012244009,8212.057160348586,1,1.26194,1.2573299249285799,1.2674720900857042,1.25995,1.28934,37.1911486481584,0.001692618410805861,GBPUSD_merged,-33.5748440012244
2024-03-22 08:00:00,2024-04-01 10:00:00,-1.1,60.0,1.1496880024488019,16424.114320697172,1,1.26194,1.2573299249285799,1.2688551126071301,1.25995,1.28934,36.9229170857434,0.001692618410805861,GBPUSD_merged,-67.1496880024488
2024-04-01 14:00:00,2024-04-02 05:00:00,1.4,60.00000000000001,1.5409125696611905,22013.03670944558,1,0.64841,0.6466426563793306,0.6508842810689373,0.6477,0.66671,34.78476913561984,0.0008021927574388521,AUDUSD_merged,82.45908743033881
2024-04-02 03:00:00,2024-04-02 05:00:00,1.1,15.0,0.8230365002362767,11757.66428908967,1,1.25487,1.2532690825441863,1.2566310092013948,1.25995,1.28934,38.38895895579715,0.0009423078540158391,GBPUSD_merged,15.676963499763723
2024-04-02 07:00:00,2024-04-02 09:00:00,1.1,30.0,1.2534042017343543,17905.77431049078,1,167.019,166.73917015778736,167.32681282643392,167.07,170.799,36.67030878131086,0.16563394742707924,CHFJPY_merged,31.746595798265645
2024-04-01 16:00:00,2024-04-02 10:00:00,1.5,14.999999999999998,0.3988247466622275,5697.496380888965,1,0.64872,0.6470120919383748,0.6512818620924375,0.6477,0.66671,37.79256993531489,0.0007458702857508439,AUDUSD_merged,22.101175253337768
2024-04-02 06:00:00,2024-04-02 10:00:00,1.2,30.0,0.8416172452109021,12023.103503012888,-1,0.90831,0.9105764114962639,0.9055903062044832,0.87294,0.88923,72.3629434966115,0.0008622898200942796,USDCHF_merged,35.158382754789095
2024-04-01 14:00:00,2024-04-02 10:00:00,1.4,30.0,0.5393193993814165,7704.562848305951,1,0.64841,0.6458852233990438,0.6519446872413388,0.6477,0.66671,29.72942891512628,0.0008021927574388521,AUDUSD_merged,41.46068060061858
2024-04-02 03:00:00,2024-04-03 00:00:00,1.2,30.0,1.036416333630867,14805.947623298101,1,1.25487,1.2523273663937078,1.2579211603275506,1.25995,1.28934,38.68635839573308,0.0009423078540158391,GBPUSD_merged,34.96358366636913
2024-04-03 02:00:00,2024-04-03 08:00:00,-1.1,30.0,1.8379878135844663,26256.968765492376,-1,0.97849,0.9796079774886497,0.9772602247624852,0.93049,0.96318,72.61104286465965,0.0006720885442204716,EURCHF_merged,-34.83798781358447
2024-04-02 07:00:00,2024-04-03 10:00:00,1.2,30.0,0.7891804233142231,11274.006047346045,1,167.019,166.5745643682505,167.55232275809942,167.07,170.799,33.623796792761595,0.16563394742707924,CHFJPY_merged,35.21081957668578
2024-04-01 17:00:00,2024-04-03 10:00:00,1.5,30.0,0.8404300255964826,12006.143222806895,1,1.25511,1.2519738305156585,1.259814254226512,1.25995,1.28934,33.87723359786871,0.0011564339496412449,GBPUSD_merged,44.15956997440352
2024-04-02 06:00:00,2024-04-03 10:00:00,1.4,90.00000000000001,2.9959474408421296,42799.24915488757,1,166.965,166.61389921443205,167.45654109979515,167.07,171.691,37.1448515091151,0.1646057895368544,CHFJPY_merged,123.00405255915788
2024-04-02 06:00:00,2024-04-03 11:00:00,1.4,30.0,0.6990544028631636,9986.491469473765,1,166.965,166.46342744918863,167.66720157113593,167.07,171.691,33.07995642989412,0.1646057895368544,CHFJPY_merged,41.30094559713684
2024-04-02 07:00:00,2024-04-03 11:00:00,1.5,29.999999999999996,0.9685396104310916,13836.280149015596,1,167.019,166.65686726301894,167.56219910547162,167.07,170.799,36.67030878131086,0.16563394742707924,CHFJPY_merged,44.0314603895689
2024-04-03 12:00:00,2024-04-04 08:00:00,-1.1,60.0,1.539086152499754,21986.94503571077,-1,112.161,112.4670752637108,111.79370968354705,108.676,112.288,62.41809654689764,0.11816973703957147,CADJPY_merged,-67.53908615249975
2024-04-04 10:00:00,2024-04-04 14:00:00,1.1,30.0,0.9008030460079871,12868.614942971246,-1,0.5979,0.5992938562991813,0.5963667580709004,0.57728,0.59324,72.98340916335789,0.0008242072222419411,AUDCHF_merged,32.09919695399201
2024-04-04 10:00:00,2024-04-04 14:00:00,1.1,30.0,0.8667488363856944,12382.12623408135,-1,0.54626,0.5475835045169296,0.5448041450313773,0.53398,0.54613,66.31729472029012,0.0007800654924405921,NZDCHF_merged,32.133251163614304
2024-04-04 05:00:00,2024-04-04 14:00:00,1.1,30.0,1.1173270908180855,15961.815583115509,-1,1.14707,1.1492259013647796,1.1446985084987424,1.08944,1.14581,68.25869060085319,0.001279021753871242,GBPCHF_merged,31.882672909181913
2024-04-04 09:00:00,2024-04-04 14:00:00,1.4,90.0,2.240359048211051,32005.129260157875,-1,0.59851,0.6001930396016258,0.5961537445577237,0.57728,0.59324,70.32921756824132,0.0008199154701066893,AUDCHF_merged,123.75964095178894
2024-04-04 08:00:00,2024-04-04 14:00:00,1.4,90.0,2.5523714663336,36462.44951905143,-1,100.181,100.42827603655067,99.83481354882906,96.895,100.168,77.67383844525638,0.12369688691016169,AUDJPY_merged,123.44762853366639
2024-04-04 05:00:00,2024-04-04 14:00:00,1.2,30.0,0.7035022423669428,10050.03203381347,-1,1.14707,1.1504940786381794,1.1429611056341846,1.08944,1.14581,70.95539558240212,0.001279021753871242,GBPCHF_merged,35.296497757633055
2024-04-04 10:00:00,2024-04-04 14:00:00,1.5,60.0,1.540092921940315,22001.327456290215,-1,100.209,100.48228078325933,99.79907882511101,96.895,100.168,76.30974596700408,0.12677435657049735,AUDJPY_merged,88.45990707805969
2024-04-04 15:00:00,2024-04-04 15:00:00,1.1,30.000000000000004,0.8264146767819348,11805.923954027641,-1,0.59589,0.5974042143952148,0.5942243641652637,0.57728,0.59324,44.73353013382538,0.0010399490394030543,AUDCHF_merged,32.17358532321807
2024-04-04 15:00:00,2024-04-04 15:00:00,1.1,30.0,1.2272743536383601,17532.49076626229,1,1.91668,1.913400351901702,1.9202876129081279,1.9248,1.95066,44.93084608003001,0.002084261566297262,GBPAUD_merged,31.77272564636164
2024-04-04 13:00:00,2024-04-04 15:00:00,1.5,30.0,0.6004486036021565,8577.837194316522,-1,0.59819,0.6002821007934134,0.59505184880988,0.57728,0.59324,69.51570737305532,0.0007530769924437528,AUDCHF_merged,44.39955139639785
2024-04-04 10:00:00,2024-04-04 15:00:00,1.5,30.0,0.5457307488354373,7796.153554791961,-1,0.54626,0.5483620365857118,0.5431069451214322,0.53398,0.54613,66.0866926381287,0.0007800654924405921,NZDCHF_merged,44.45426925116456
2024-04-04 05:00:00,2024-04-04 15:00:00,1.5,30.0,0.7035022423669428,10050.03203381347,-1,1.14707,1.1504940786381794,1.141933882042731,1.08944,1.14581,67.51036335679028,0.001279021753871242,GBPCHF_merged,44.296497757633055
2024-04-04 10:00:00,2024-04-04 15:00:00,1.2,60.0,1.0914614976708745,15592.307109583922,-1,0.54626,0.5483620365857118,0.5437375560971458,0.53398,0.54613,66.66056496397887,0.0007800654924405921,NZDCHF_merged,70.90853850232912
2024-04-04 05:00:00,2024-04-04 15:00:00,1.4,30.0,0.6331520181302485,9045.028830432122,-1,1.14707,1.1508745318201994,1.1417436554517209,1.08944,1.14581,70.95539558240212,0.001279021753871242,GBPCHF_merged,41.36684798186975
2024-04-04 10:00:00,2024-04-04 15:00:00,1.5,30.0,0.6960750810061718,9943.929728659597,-1,0.5979,0.5997038140342347,0.595194278948648,0.57728,0.59324,72.98340916335789,0.0008242072222419411,AUDCHF_merged,44.30392491899383
2024-04-04 10:00:00,2024-04-04 15:00:00,1.4,60.0,1.1294014760895643,16134.306801279492,-1,100.209,100.58165561353546,99.68728214105037,96.895,100.168,77.6677129291674,0.12677435657049735,AUDJPY_merged,82.87059852391043
2024-04-04 10:00:00,2024-04-04 15:00:00,1.4,59.99999999999999,0.9823153479037869,14033.07639862553,-1,0.54626,0.5485955962063465,0.5429901653111149,0.53398,0.54613,66.66056496397887,0.0007800654924405921,NZDCHF_merged,83.0176846520962
2024-04-04 10:00:00,2024-04-04 15:00:00,1.4,29.999999999999996,0.510455059404526,7292.215134350372,-1,0.5979,0.6003597464103201,0.5944563550255519,0.56965,0.57388,74.4742845457496,0.0008242072222419411,AUDCHF_merged,41.489544940595465
2024-04-04 09:00:00,2024-04-04 15:00:00,1.2,30.0,0.5666369435290978,8094.813478987111,-1,0.54664,0.54866588979259,0.544208932248892,0.53398,0.54613,65.58630692962612,0.0007785320687821572,NZDCHF_merged,35.4333630564709
2024-04-04 10:00:00,2024-04-04 15:00:00,1.2,30.0,0.5671722882272511,8102.461260389301,-1,0.5979,0.600113771769288,0.5952434738768543,0.57728,0.59324,74.4742845457496,0.0008242072222419411,AUDCHF_merged,35.43282771177275
2024-04-04 16:00:00,2024-04-04 17:00:00,-1.1,30.000000000000004,1.1381711916333923,16259.588451905605,1,1.92039,1.9168467553372948,1.924287569128976,1.9248,1.95066,41.8699322020125,0.0020696714544188935,GBPAUD_merged,-34.1381711916334
2024-04-04 10:00:00,2024-04-04 21:00:00,1.1,30.0,1.1791120465522473,16844.45780788925,1,1.64418,1.6412517134049338,1.6474011152545727,1.64763,1.66791,33.9775549592058,0.0017730557031874223,EURAUD_merged,31.820887953447752
2024-04-04 15:00:00,2024-04-04 22:00:00,1.4,90.0,2.9805234302645887,42578.90614663698,1,1.91668,1.91262866999622,1.9223518620052917,1.9248,1.95066,44.38349572936052,0.002084261566297262,GBPAUD_merged,123.0194765697354
2024-04-04 08:00:00,2024-04-04 22:00:00,1.4,90.0,2.96124492192344,42303.498884620574,1,1.64372,1.6402230126608799,1.6486157822747682,1.64763,1.66791,34.30116947194011,0.0017027154900871508,EURAUD_merged,123.03875507807655
2024-04-04 15:00:00,2024-04-04 23:00:00,1.5,90.0,2.8450450925252886,40643.501321789845,1,1.91668,1.9124357495198496,1.9230463757202256,1.9248,1.95066,44.93084608003001,0.002084261566297262,GBPAUD_merged,132.15495490747472
2024-04-04 08:00:00,2024-04-04 23:00:00,1.2,30.0,0.767730164943114,10967.57378490163,1,1.64372,1.6392238734211313,1.6491153518946424,1.64763,1.66791,31.613847213742137,0.0017027154900871508,EURAUD_merged,35.23226983505688
2024-04-04 15:00:00,2024-04-04 23:00:00,1.2,60.0,1.5454565934705276,22077.95133529325,1,1.91668,1.9114711471379973,1.9229306234344032,1.9248,1.95066,47.64480403107262,0.002084261566297262,GBPAUD_merged,70.45454340652947
2024-04-04 10:00:00,2024-04-07 20:00:00,1.5,90.0,2.733396107916573,39048.51582737962,1,1.64418,1.640390452641679,1.6498643210374815,1.64763,1.66791,33.9775549592058,0.0017730557031874223,EURAUD_merged,132.26660389208342
2024-04-04 08:00:00,2024-04-09 09:00:00,-1.1,30.000000000000004,0.6909571484488027,9870.816406411468,1,1.64372,1.638724303801257,1.6507139746782402,1.644,1.67437,31.613847213742137,0.0017027154900871508,EURAUD_merged,-33.69095714844881
2024-04-04 08:00:00,2024-04-09 09:00:00,-1.1,30.0,0.767730164943114,10967.57378490163,1,1.64372,1.6392238734211313,1.6504641898683032,1.64763,1.66791,34.30116947194011,0.0017027154900871508,EURAUD_merged,-33.76773016494312
2024-04-04 15:00:00,2024-04-09 10:00:00,-1.1,60.0,1.5454565934705276,22077.95133529325,1,1.91668,1.9114711471379973,1.924493279293004,1.9248,1.95066,44.38349572936052,0.002084261566297262,GBPAUD_merged,-67.54545659347053
2024-04-04 10:00:00,2024-04-10 09:00:00,1.4,90.0,2.020940492750923,28870.578467870335,1,1.91678,1.9108047058024145,1.9251454118766196,1.91916,1.95682,26.483866731249126,0.002069495823062166,GBPAUD_merged,123.97905950724906
2024-04-11 04:00:00,2024-04-11 05:00:00,-1.1,60.0,2.202647333265912,31466.39047522732,1,1.25604,1.2536449874529039,1.2586745138018058,1.25995,1.28934,37.96111211773806,0.0014474858450525773,GBPUSD_merged,-68.20264733326592
2024-04-10 16:00:00,2024-04-11 08:00:00,1.5,90.0,1.710010695454754,24428.724220782206,-1,0.91323,0.9165945105351051,0.9081832341973423,0.87294,0.88923,68.06708615431337,0.0014736570440378885,USDCHF_merged,133.28998930454526
2024-04-10 16:00:00,2024-04-11 08:00:00,1.2,90.0,1.3933420481483183,19904.886402118835,-1,0.91323,0.9173591720203563,0.9082749935755724,0.87294,0.88923,69.94544656535423,0.0014736570440378885,USDCHF_merged,106.60665795185169
2024-04-10 16:00:00,2024-04-11 08:00:00,1.4,90.0,1.791439776190695,25591.996802724218,-1,0.91323,0.9164415782380549,0.9087337904667231,0.87294,0.88923,67.43189203027826,0.0014736570440378885,USDCHF_merged,124.20856022380929
2024-04-10 16:00:00,2024-04-11 08:00:00,1.1,30.000000000000004,0.7376516725491098,10537.881036415854,-1,0.91323,0.915829849049854,0.9103701660451606,0.87294,0.88923,68.06708615431337,0.0014736570440378885,USDCHF_merged,32.262348327450894
2024-04-11 01:00:00,2024-04-12 03:00:00,-1.1,90.0,2.1259403002737853,30370.57571819693,1,1.25473,1.2510117398969378,1.2591919121236745,1.25995,1.28934,31.214310549615373,0.0013180524163970417,GBPUSD_merged,-101.1259403002738
2024-04-10 19:00:00,2024-04-12 03:00:00,-1.1,60.0,1.561177282267511,22302.532603821586,-1,152.913,153.32437839199608,152.41934592960473,146.481,151.97,71.1765736856349,0.15849228285573894,USDJPY_merged,-67.56117728226751
2024-04-10 22:00:00,2024-04-12 05:00:00,-1.1,30.000000000000004,0.6085066739708761,8692.95248529823,1,1.25429,1.2499613556109228,1.2607829665836157,1.25995,1.28934,33.03207369518194,0.00151868722375668,GBPUSD_merged,-33.608506673970886
2024-04-14 19:00:00,2024-04-15 05:00:00,1.1,30.000000000000004,0.9841898099401105,14059.854427715865,1,1.24594,1.2432814945231356,1.248864356024551,1.25995,1.28934,36.34973063319521,0.0015214105545898386,GBPUSD_merged,32.015810190059895
2024-04-14 19:00:00,2024-04-15 10:00:00,-1.1,30.0,0.7673300126676637,10961.857323823768,1,0.64736,0.6455883294312004,0.6493088376256797,0.64802,0.66671,37.51825345355722,0.0010355763611090798,AUDUSD_merged,-33.767330012667664
2024-04-12 12:00:00,2024-04-15 13:00:00,-1.1,90.0,1.2220684917107856,17458.12131015408,1,0.6476,0.6442614964482976,0.6522739049723832,0.6477,0.66671,26.928147430454757,0.0011504891945745372,AUDUSD_merged,-100.2220684917108
2024-04-12 12:00:00,2024-04-15 13:00:00,-1.1,29.999999999999996,0.4526179598928834,6465.970855612621,1,0.6476,0.6445953468034679,0.6521069797947981,0.64802,0.66671,30.34378691448045,0.0011504891945745372,AUDUSD_merged,-33.45261795989288
2024-04-12 12:00:00,2024-04-15 21:00:00,-1.1,30.0,0.5950965382154387,8501.37911736341,1,1.06467,1.0609129507543353,1.0691784590947977,1.06949,1.09812,29.07884925728066,0.001407517587737386,EURUSD_merged,-33.59509653821544
2024-04-16 08:00:00,2024-04-16 09:00:00,-1.1,14.999999999999998,0.3326715897253654,4752.451281790935,-1,2.11348,2.120150704888963,2.103473942666556,2.03734,2.11734,68.52264194039168,0.0026945374603438163,GBPNZD_merged,-16.832671589725365
2024-04-16 11:00:00,2024-04-16 18:00:00,1.1,59.99999999999999,1.1658747527109032,16655.353610155762,-1,1.80772,1.814232212381601,1.8005565663802388,1.74401,1.80986,61.768335416108634,0.002374662269408523,EURNZD_merged,64.8341252472891
2024-04-16 09:00:00,2024-04-16 18:00:00,1.4,15.000000000000002,0.3586454048174789,5123.5057831068425,-1,2.11684,2.1230374361587905,2.1081635893776927,2.03734,2.11734,70.11770501812587,0.002759213356033547,GBPNZD_merged,20.64135459518252
2024-04-16 09:00:00,2024-04-16 18:00:00,1.5,15.0,0.37494746867281875,5356.392409611697,-1,2.11684,2.122767982412756,2.1079480263808654,2.03734,2.11734,71.41744629476244,0.002759213356033547,GBPNZD_merged,22.12505253132718
2024-04-16 11:00:00,2024-04-16 21:00:00,1.5,14.999999999999998,0.3341710437328316,4773.872053326166,-1,2.11545,2.122096962810386,2.105479555784421,2.03734,2.11734,58.399046368025765,0.002955699271273851,GBPNZD_merged,22.165828956267166
2024-04-16 11:00:00,2024-04-16 21:00:00,1.1,60.0,1.097990572265018,15685.579603785975,-1,2.11545,2.1235419547256873,2.106548849801744,2.03734,2.11734,58.749313509689514,0.002955699271273851,GBPNZD_merged,64.90200942773498
2024-04-16 11:00:00,2024-04-16 23:00:00,1.2,15.0,0.2561978001951709,3659.9685742167276,-1,2.11545,2.124119951491808,2.1050460582098305,2.03734,2.11734,58.399046368025765,0.002955699271273851,GBPNZD_merged,17.74380219980483
2024-04-16 11:00:00,2024-04-16 23:00:00,1.3,15.0,0.2744976430662545,3921.3949009464936,-1,2.11545,2.1235419547256873,2.1049304588566065,2.03734,2.11734,58.399046368025765,0.002955699271273851,GBPNZD_merged,19.225502356933745
2024-04-16 11:00:00,2024-04-16 23:00:00,1.5,60.0,1.4193257859089257,20276.082655841798,-1,1.80772,1.813069317313458,1.799696024029813,1.74401,1.80986,62.144104185327116,0.002374662269408523,EURNZD_merged,88.58067421409108
2024-04-16 11:00:00,2024-04-17 02:00:00,1.3,60.0,1.088149769196843,15544.996702812045,-1,1.80772,1.8146973704088583,1.7986494184684843,1.74401,1.80986,62.222039599861816,0.002374662269408523,EURNZD_merged,76.91185023080315
2024-04-16 00:00:00,2024-04-17 02:00:00,1.1,15.0,0.22646561160316575,3235.223022902368,1,0.58796,0.585233943731988,0.5909586618948133,0.59392,0.62163,31.097604000707936,0.0009676207011264684,NZDUSD_merged,16.273534388396833
2024-04-16 11:00:00,2024-04-17 02:00:00,1.4,60.00000000000001,1.1256721750312166,16081.031071874526,-1,1.80772,1.8144647913952296,1.7982772920466785,1.74401,1.80986,61.768335416108634,0.002374662269408523,EURNZD_merged,82.87432782496879
2024-04-16 11:00:00,2024-04-17 13:00:00,1.3,15.0,0.2561978001951709,3659.9685742167276,-1,2.11545,2.124119951491808,2.10417906306065,2.03734,2.11734,57.632936751519814,0.002955699271273851,GBPNZD_merged,19.24380219980483
2024-04-16 08:00:00,2024-04-18 03:00:00,1.4,15.0,0.2982572873399828,4260.818390571183,-1,2.11348,2.12092040160692,2.103063437750312,2.03734,2.11734,67.5022840287847,0.0026945374603438163,GBPNZD_merged,20.701742712660018
2024-04-16 11:00:00,2024-04-18 08:00:00,1.5,15.0,0.2650322070984526,3786.1743871207514,-1,2.11545,2.123830953108748,2.1028785703368786,2.03734,2.11734,58.61351628489136,0.002955699271273851,GBPNZD_merged,22.234967792901546
2024-04-19 00:00:00,2024-04-21 20:00:00,1.1,90.00000000000001,1.5353873061550898,21934.104373644142,-1,1.66437,1.6711992416890287,1.656857834142068,1.64763,1.66791,58.355635100361894,0.0024947995397289623,EURAUD_merged,97.46461269384494
2024-04-22 01:00:00,2024-04-22 05:00:00,-1.1,15.0,0.46085110218812486,6583.58717411607,1,1.70027,1.6963961164581716,1.7060808253127424,1.70214,1.7343,29.94599724130303,0.0014392441220815446,GBPCAD_merged,-16.960851102188126
2024-04-22 01:00:00,2024-04-22 05:00:00,-1.1,60.0,1.5976171542521662,22823.102203602375,1,1.70027,1.6958001343748135,1.7056338387502237,1.70214,1.7343,29.94599724130303,0.0014392441220815446,GBPCAD_merged,-67.59761715425216
2024-04-22 01:00:00,2024-04-22 05:00:00,-1.1,30.0,0.8558663326350892,12226.661894786988,1,1.70027,1.6960981254164926,1.7056934369585595,1.70214,1.7343,29.94599724130303,0.0014392441220815446,GBPCAD_merged,-33.85586633263509
2024-04-22 01:00:00,2024-04-22 05:00:00,-1.1,60.0,1.6527074009505167,23610.105727864528,1,1.70027,1.695949129895653,1.7063192181460856,1.70214,1.7343,31.075347493158464,0.0014392441220815446,GBPCAD_merged,-67.65270740095052
2024-04-22 00:00:00,2024-04-22 06:00:00,-1.1,60.0,1.024034491240647,14629.064160580672,1,1.92326,1.9153718946001383,1.9335145370198201,1.91916,1.95682,37.77791893968169,0.0025686992904333985,GBPAUD_merged,-67.02403449124064
2024-04-21 23:00:00,2024-04-22 06:00:00,-1.1,60.00000000000001,1.3272600514936894,18960.857878481278,1,1.92114,1.9150607181057553,1.9296509946519427,1.9275,1.95682,36.50022097745948,0.002629368466620574,GBPAUD_merged,-67.32726005149371
2024-04-21 23:00:00,2024-04-22 07:00:00,-1.1,60.0,1.0902493280126735,15574.99040018105,1,1.92114,1.9137391350852673,1.9307611243891527,1.91916,1.95682,35.865551225578905,0.002629368466620574,GBPAUD_merged,-67.09024932801267
2024-04-22 22:00:00,2024-04-23 07:00:00,1.3,60.0,1.6430539485328035,23472.199264754337,1,1.69209,1.6877646532843027,1.6977129507304067,1.70214,1.7343,30.92459583270915,0.0013752263643825441,GBPCAD_merged,76.35694605146719
2024-04-23 00:00:00,2024-04-23 07:00:00,1.5,90.0,3.4357019524471872,49081.456463531256,1,1.69223,1.6891269808360685,1.696884528745897,1.70214,1.72393,31.821094610889542,0.0012949145692890793,GBPCAD_merged,131.56429804755282
2024-04-22 11:00:00,2024-04-23 07:00:00,1.1,89.99999999999999,1.8571292685262568,26530.418121803672,1,1.69227,1.6865292574568271,1.69858481679749,1.70214,1.72393,30.721489540814847,0.0020102462515624118,GBPCAD_merged,97.14287073147374
2024-04-23 00:00:00,2024-04-23 07:00:00,1.5,30.000000000000004,1.197290074337656,17104.143919109374,1,1.69223,1.6892618947127611,1.696682157930858,1.70214,1.72393,31.957082225453192,0.0012949145692890793,GBPCAD_merged,43.80270992566235
2024-04-22 22:00:00,2024-04-23 07:00:00,1.4,60.0,1.6997109812408306,24281.585446297584,1,1.69209,1.6879088315081592,1.6979436358885773,1.70214,1.7343,30.932251256310444,0.0013752263643825441,GBPCAD_merged,82.30028901875917
2024-04-22 12:00:00,2024-04-23 09:00:00,1.1,90.0,2.487455629392329,35535.08041989042,-1,0.86283,0.8650152968695276,0.8604261734435196,0.84983,0.8602,63.79327622300657,0.0007597157985678442,EURGBP_merged,96.51254437060769
2024-04-22 12:00:00,2024-04-23 10:00:00,1.5,15.0,0.34013140633092054,4859.0200904417225,1,1.69309,1.6878633597459378,1.7009299603810935,1.70214,1.72393,29.947571657701847,0.0019509429478793954,GBPCAD_merged,22.159868593669078
2024-04-22 11:00:00,2024-04-23 10:00:00,1.5,59.99999999999999,1.1953935521548318,17077.050745069027,1,1.69227,1.6863242309374282,1.7011886535938576,1.70214,1.7343,30.536529213542178,0.0020102462515624118,GBPCAD_merged,88.80460644784516
2024-04-22 12:00:00,2024-04-23 10:00:00,1.4,29.999999999999996,0.8005604324481056,11436.57760640151,-1,0.86283,0.8650933431862965,0.8596613195391849,0.84983,0.8602,63.79327622300657,0.0007597157985678442,EURGBP_merged,41.199439567551885
2024-04-22 12:00:00,2024-04-23 10:00:00,1.2,15.0,0.2947805521534644,4211.150745049492,1,1.69309,1.6870592612453128,1.7003268865056247,1.70214,1.7343,29.947571657701847,0.0019509429478793954,GBPCAD_merged,17.705219447846535
2024-04-22 12:00:00,2024-04-23 10:00:00,1.3,15.0,0.31583630587871186,4511.947226838742,1,1.69309,1.6874613104956253,1.700407296355687,1.70214,1.7343,29.947571657701847,0.0019509429478793954,GBPCAD_merged,19.18416369412129
2024-04-22 12:00:00,2024-04-23 10:00:00,1.5,59.99999999999999,2.01880456878218,28840.06526831686,-1,0.86283,0.8646250652856834,0.8601374020714748,0.84983,0.8602,63.43669463579626,0.0007597157985678442,EURGBP_merged,87.9811954312178
2024-04-22 11:00:00,2024-04-23 10:00:00,1.3,60.0,1.533285512081148,21904.078744016402,-1,0.86323,0.8655945733109935,0.8601560546957085,0.84983,0.8602,66.18092223737715,0.0007804631676884483,EURGBP_merged,76.46671448791885
2024-04-22 12:00:00,2024-04-23 10:00:00,1.5,30.000000000000004,1.0552842064088668,15075.488662983811,-1,0.86283,0.8645470189689146,0.8602544715466282,0.84983,0.8602,63.09117133032045,0.0007597157985678442,EURGBP_merged,43.94471579359114
2024-04-22 13:00:00,2024-04-23 17:00:00,1.5,60.0,1.64402676080026,23486.096582860857,-1,0.8624,0.8646031758158468,0.85909523627623,0.84983,0.8602,64.30042347837033,0.0007283075272415687,EURGBP_merged,88.35597323919974
2024-04-23 17:00:00,2024-04-24 09:00:00,1.4,15.0,0.47055374824500557,6722.19640350008,-1,113.308,113.56083700415464,112.95402819418352,108.676,112.478,63.11583156319669,0.11057705136677777,CADJPY_merged,20.529446251754994
2024-04-23 17:00:00,2024-04-24 09:00:00,1.5,60.0,1.9677702199336597,28111.003141909427,-1,113.308,113.54984409093052,112.94523386360423,108.676,112.478,63.74079416235793,0.11057705136677777,CADJPY_merged,88.03222978006634
2024-04-23 23:00:00,2024-04-24 13:00:00,-1.1,90.0,2.3076371933239566,32966.24561891367,-1,192.865,193.39153402515578,192.07519896226637,187.953,192.938,66.3746725963779,0.2271669586696395,GBPJPY_merged,-101.30763719332397
2024-04-24 01:00:00,2024-04-24 17:00:00,1.1,90.0,2.0178644008703213,28826.63429814745,-1,1.09617,1.0995923662387928,1.0924053971373282,1.05691,1.09549,67.05841930398013,0.001165682681232259,AUDNZD_merged,96.98213559912969
2024-04-24 04:00:00,2024-04-24 17:00:00,1.4,30.0,0.8762824687529654,12518.320982185222,-1,1.09567,1.0982957594805867,1.0919939367271785,1.05691,1.09549,63.61679974407139,0.0011050892312927843,AUDNZD_merged,41.12371753124703
2024-04-24 03:00:00,2024-04-24 17:00:00,1.5,60.0,1.817913178319281,25970.188261704017,-1,1.09602,1.0985521803345173,1.092221729498224,1.05691,1.09549,64.6577478736604,0.0011416345567768172,AUDNZD_merged,88.18208682168071
2024-04-24 05:00:00,2024-04-24 20:00:00,-1.1,90.0,1.9101632492104712,27288.046417292448,-1,100.703,101.03513334004946,100.20479998992582,96.895,100.806,63.316670311057194,0.14337681430568272,AUDJPY_merged,-100.91016324921048
2024-04-24 05:00:00,2024-04-24 20:00:00,-1.1,30.0,0.6367210830701571,9096.015472430816,-1,100.703,101.03513334004946,100.23801332393076,96.895,100.806,63.22560420762499,0.14337681430568272,AUDJPY_merged,-33.63672108307016
2024-04-24 05:00:00,2024-04-24 20:00:00,-1.1,60.0,1.3313259009648737,19018.94144235534,-1,100.703,101.02069276004731,100.22646085992903,96.895,100.806,63.30246032511079,0.14337681430568272,AUDJPY_merged,-67.33132590096487
2024-04-23 12:00:00,2024-04-25 00:00:00,-1.1,90.0,2.0541092278733863,29344.41754104838,-1,113.197,113.5441777889525,112.67623331657126,108.676,112.478,64.79736413377682,0.11952244473848408,CADJPY_merged,-101.0541092278734
2024-04-24 19:00:00,2024-04-25 00:00:00,-1.1,30.0,0.7059363601766343,10084.805145380491,-1,193.392,193.9672971838685,192.5865839425841,187.953,192.938,64.5358429243746,0.23847712392206827,GBPJPY_merged,-33.705936360176636
2024-04-24 19:00:00,2024-04-25 00:00:00,-1.1,60.0,1.4118727203532686,20169.610290760982,-1,193.392,193.9672971838685,192.52905422419724,187.953,192.938,65.09219150885595,0.23847712392206827,GBPJPY_merged,-67.41187272035327
2024-04-25 06:00:00,2024-04-25 08:00:00,1.1,90.0,2.2285005468856833,31835.72209836691,-1,113.798,114.11970842452872,113.44412073301841,110.865,112.478,62.87326563874606,0.1164747326243228,CADJPY_merged,96.77149945311433
2024-04-25 07:00:00,2024-04-25 08:00:00,1.1,89.99999999999999,1.6193854568605008,23134.077955150016,-1,92.673,93.0335317668666,92.27641505644674,90.102,92.363,68.11235538823605,0.1277783920731083,NZDJPY_merged,97.38061454313949
2024-04-25 06:00:00,2024-04-25 09:00:00,1.3,30.0,0.6933112812533238,9904.446875047483,-1,113.798,114.14268759770935,113.34990612297784,108.676,112.478,63.42647035669893,0.1164747326243228,CADJPY_merged,38.30668871874668
2024-04-25 07:00:00,2024-04-25 09:00:00,1.3,60.0,1.0076176176020892,14394.537394315563,-1,92.673,93.05928403592851,92.17083075329295,90.102,92.363,70.10332346969888,0.1277783920731083,NZDJPY_merged,76.9923823823979
2024-04-25 07:00:00,2024-04-25 09:00:00,1.4,30.0,0.8912453617920022,12732.076597028605,-1,113.694,113.96189188503594,113.31895136094968,108.676,112.478,64.6442579075992,0.11922653743687125,CADJPY_merged,41.108754638208
2024-04-25 07:00:00,2024-04-25 09:00:00,1.5,30.000000000000004,0.9317565146007295,13310.807351438994,-1,113.694,113.95024441177351,113.30963338233974,108.676,112.478,65.18098345454786,0.11922653743687125,CADJPY_merged,44.06824348539928
2024-04-25 06:00:00,2024-04-25 09:00:00,1.4,30.0,0.717218566813783,10245.979525911187,-1,113.798,114.13119801111904,113.33152278443335,108.676,112.478,62.87326563874606,0.1164747326243228,CADJPY_merged,41.282781433186216
2024-04-25 09:00:00,2024-04-25 19:00:00,-1.1,90.0,1.3209678222447865,18870.968889211235,-1,92.305,92.74522381939009,91.82075379867092,90.102,92.363,53.62533205866028,0.17220687887936353,NZDJPY_merged,-100.3209678222448
2024-04-25 09:00:00,2024-04-25 19:00:00,-1.1,30.000000000000004,0.536044913374696,7657.784476781372,-1,92.305,92.66661242307043,91.79874260770141,90.102,92.363,53.15064491448645,0.17220687887936353,NZDJPY_merged,-33.5360449133747
2024-04-25 09:00:00,2024-04-25 19:00:00,-1.1,15.0,0.2201613037074644,3145.161481535206,-1,92.305,92.74522381939009,91.7327090347929,90.102,92.363,52.56648309993224,0.17220687887936353,NZDJPY_merged,-16.720161303707464
2024-04-25 09:00:00,2024-04-25 19:00:00,-1.1,59.99999999999999,1.1208211825107277,16011.731178724682,-1,92.305,92.6508901438065,91.78616478429026,90.102,92.363,51.84639227358138,0.17220687887936353,NZDJPY_merged,-67.12082118251072
2024-04-25 09:00:00,2024-04-25 19:00:00,-1.1,30.0,0.42513906922820716,6073.415274688674,-1,92.305,92.76094609865402,91.66667546188438,90.102,92.363,53.62533205866028,0.17220687887936353,NZDJPY_merged,-33.42513906922821
2024-04-25 09:00:00,2024-04-25 19:00:00,-1.1,15.0,0.23709678860803857,3387.096980114837,-1,92.305,92.71377926086222,91.69183110870668,90.102,92.363,52.56648309993224,0.17220687887936353,NZDJPY_merged,-16.73709678860804
2024-04-25 09:00:00,2024-04-25 20:00:00,-1.1,15.0,0.2054838834603001,2935.484049432859,-1,92.305,92.77666837791796,91.73899794649847,90.102,92.363,52.56648309993224,0.17220687887936353,NZDJPY_merged,-16.7054838834603
2024-04-24 03:00:00,2024-04-26 08:00:00,-1.1,30.0,0.7141801771968604,10202.57395995515,-1,1.09602,1.099242774971204,1.0918303925374349,1.05691,1.09549,64.56426049211282,0.0011416345567768172,AUDNZD_merged,-33.71418017719686
2024-04-24 04:00:00,2024-04-26 08:00:00,-1.1,60.0,1.3899652952633241,19856.647075190347,-1,1.09567,1.0989807402146528,1.0907038896780208,1.05691,1.09549,63.61679974407139,0.0011050892312927843,AUDNZD_merged,-67.38996529526332
2024-04-24 01:00:00,2024-04-26 08:00:00,-1.1,90.0,2.4565305749725654,35093.29392817951,-1,1.09617,1.0989812294104369,1.091953155884345,1.05691,1.09549,67.7724222424297,0.001165682681232259,AUDNZD_merged,-101.45653057497258
2024-04-24 01:00:00,2024-04-26 11:00:00,-1.1,30.0,0.7243615797996026,10348.022568565751,-1,1.09617,1.0993479115074503,1.0914031327388247,1.05691,1.09549,67.7724222424297,0.001165682681232259,AUDNZD_merged,-33.724361579799606
2024-04-24 03:00:00,2024-04-26 15:00:00,-1.1,29.999999999999996,0.6665681653837363,9522.402362624805,-1,1.09602,1.0994729731834327,1.0918764321798806,1.05691,1.09549,64.56426049211282,0.0011416345567768172,AUDNZD_merged,-33.66656816538374
2024-04-26 11:00:00,2024-04-26 16:00:00,-1.1,60.00000000000001,0.587315907999654,8390.227257137916,-1,93.373,94.04072684795085,92.5049550976639,90.102,92.363,73.25240810247894,0.22839164341335724,NZDJPY_merged,-66.58731590799967
2024-04-24 01:00:00,2024-04-26 16:00:00,-1.1,60.00000000000001,1.2988552465372183,18555.074950531693,-1,1.09617,1.0997145936044639,1.0912075689537508,1.05691,1.09549,67.05841930398013,0.001165682681232259,AUDNZD_merged,-67.29885524653723
2024-04-24 01:00:00,2024-04-28 19:00:00,-1.1,60.0,1.2555600716526445,17936.572452180637,-1,1.09617,1.099836820970135,1.0914031327388247,1.05691,1.09549,68.3776071446042,0.001165682681232259,AUDNZD_merged,-67.25556007165264
2024-05-01 06:00:00,2024-05-01 14:00:00,1.2,30.0,0.6099289371388337,8713.270530554768,-1,0.92063,0.9237997512321175,0.9168262985214588,0.87294,0.88923,67.91927112955293,0.0010303991908935423,USDCHF_merged,35.39007106286117
2024-04-30 18:00:00,2024-05-01 14:00:00,1.2,15.0,0.21077565740160623,3011.080820022946,1,0.64753,0.6443042645978112,0.6514008824826267,0.6477,0.6644,29.305362467291793,0.0010391561959156171,AUDUSD_merged,17.789224342598395
2024-05-01 06:00:00,2024-05-01 14:00:00,1.5,29.999999999999996,0.7037641582371157,10053.773689101654,-1,0.92063,0.9233771177345018,0.9165093233982471,0.87294,0.88923,67.91927112955293,0.0010303991908935423,USDCHF_merged,44.29623584176288
2024-05-01 06:00:00,2024-05-01 14:00:00,1.5,60.0,1.663442555833183,23763.465083331186,-1,0.92063,0.9229544842368862,0.9171432736446706,0.87294,0.88923,68.40123903748834,0.0010303991908935423,USDCHF_merged,88.33655744416681
2024-05-01 02:00:00,2024-05-01 14:00:00,1.5,30.0,0.6745573922106849,9636.534174438357,1,0.64748,0.6454642960499716,0.6505035559250428,0.6477,0.6644,34.141294925157474,0.0009043555633237105,AUDUSD_merged,44.32544260778931
2024-05-01 06:00:00,2024-05-01 14:00:00,1.4,29.999999999999996,0.6309609694539658,9013.728135056655,-1,0.92063,0.9236940928577136,0.9163402699992008,0.87294,0.88923,66.91468431035143,0.0010303991908935423,USDCHF_merged,41.36903903054603
2024-04-30 20:00:00,2024-05-01 14:00:00,1.3,15.0,0.2395665784750833,3422.37969250119,1,0.64747,0.6446321938906194,0.6511591479421948,0.6477,0.6644,27.90301637621205,0.0010153948832129515,AUDUSD_merged,19.260433421524915
2024-05-01 08:00:00,2024-05-01 14:00:00,1.4,30.0,0.8008155319214026,11440.221884591467,-1,0.92001,0.9224225668434084,0.9166324064192283,0.87294,0.88923,60.43211309329103,0.0010590176696990265,USDCHF_merged,41.1991844680786
2024-04-30 22:00:00,2024-05-01 14:00:00,1.4,30.0,0.5946658779351162,8495.226827644517,1,0.64712,0.644834763785138,0.6503193307008067,0.6477,0.6644,32.321701391514154,0.0009661823227703504,AUDUSD_merged,41.405334122064886
2024-05-01 05:00:00,2024-05-01 14:00:00,1.3,60.0,1.1937171473728154,17053.102105325936,-1,0.92101,0.9242505013268959,0.9167973482750353,0.87294,0.88923,67.29022551717252,0.0010565837440392018,USDCHF_merged,76.80628285262719
2024-05-01 02:00:00,2024-05-01 14:00:00,1.3,60.0,0.9893508419090047,14133.583455842925,1,0.64748,0.6447313127954157,0.6510532933659596,0.6477,0.6644,33.63823165196299,0.0009043555633237105,AUDUSD_merged,77.010649158091
2024-05-01 06:00:00,2024-05-01 14:00:00,1.3,30.0,0.6534952897916075,9335.646997022966,-1,0.92063,0.9235884344833097,0.9167840351716973,0.87294,0.88923,67.91927112955293,0.0010303991908935423,USDCHF_merged,38.34650471020839
2024-04-30 21:00:00,2024-05-01 16:00:00,1.4,14.999999999999998,0.32582371312177605,4654.62447316823,-1,2.12173,2.128567490367582,2.1121575134853847,2.03734,2.12034,62.03089163277946,0.0029626203347381344,GBPNZD_merged,20.67417628687822
2024-04-30 21:00:00,2024-05-01 16:00:00,1.5,15.0,0.3406338819000386,4866.198312857695,-1,2.12173,2.128270208177687,2.111919687733469,2.03734,2.12034,61.92459422917432,0.0029626203347381344,GBPNZD_merged,22.15936611809996
2024-04-30 21:00:00,2024-05-02 02:00:00,1.2,30.0,0.4995963601200566,7137.090858857952,-1,2.12173,2.1306484656968463,2.1110278411637844,2.03734,2.12034,62.01713836965635,0.0029626203347381344,GBPNZD_merged,35.50040363987994
2024-04-30 21:00:00,2024-05-02 02:00:00,1.5,15.0,0.2882286693000327,4117.552418571896,-1,2.12173,2.1294593369372667,2.1101359945940996,2.03734,2.12034,62.01713836965635,0.0029626203347381344,GBPNZD_merged,22.211771330699968
2024-04-30 21:00:00,2024-05-02 02:00:00,1.3,30.0,0.4995963601200566,7137.090858857952,-1,2.12173,2.1306484656968463,2.1101359945940996,2.03734,2.12034,61.723479320328195,0.0029626203347381344,GBPNZD_merged,38.50040363987994
2024-04-30 21:00:00,2024-05-02 02:00:00,1.3,30.0,0.5352818144143464,7646.883063062092,-1,2.12173,2.1300539013170563,2.1109089282878264,2.03734,2.12034,62.01713836965635,0.0029626203347381344,GBPNZD_merged,38.46471818558565
2024-04-30 21:00:00,2024-05-02 03:00:00,1.4,15.0,0.25841191040692585,3691.598720098941,-1,2.12173,2.1303511835069515,2.109660343090268,2.03734,2.12034,61.986763883317536,0.0029626203347381344,GBPNZD_merged,20.741588089593073
2024-04-30 21:00:00,2024-05-02 05:00:00,1.4,29.999999999999996,0.6271601348171153,8959.430497387362,-1,1.81181,1.8178767137287186,1.8033166007797938,1.78435,1.80986,59.95478937021576,0.002607865791097578,EURNZD_merged,41.372839865182875
2024-04-30 21:00:00,2024-05-02 05:00:00,1.5,30.0,0.6556674136724387,9366.677338177697,-1,1.81181,1.8176129435666004,1.8031055846500994,1.78435,1.80986,60.26143863812599,0.002607865791097578,EURNZD_merged,44.34433258632756
2024-04-30 21:00:00,2024-05-02 10:00:00,1.2,30.0,0.48082277002645507,6868.896714663644,-1,1.81181,1.8197231048635458,1.8023142741637448,1.78435,1.80986,60.14028655339994,0.002607865791097578,EURNZD_merged,35.51917722997354
2024-04-30 21:00:00,2024-05-02 11:00:00,1.3,30.0,0.5151672535997732,7359.532194282476,-1,1.81181,1.8191955645393094,1.8022087660988975,1.78435,1.80986,60.14028655339994,0.002607865791097578,EURNZD_merged,38.48483274640023
2024-04-30 21:00:00,2024-05-02 12:00:00,1.5,30.0,0.5547955038766789,7925.6500553811275,-1,1.81181,1.818668024215073,1.8015229636773902,1.78435,1.80986,60.14028655339994,0.002607865791097578,EURNZD_merged,44.445204496123324
2024-04-30 21:00:00,2024-05-02 12:00:00,1.3,30.0,0.48082277002645507,6868.896714663644,-1,1.81181,1.8197231048635458,1.8015229636773902,1.78435,1.80986,60.28281738264937,0.002607865791097578,EURNZD_merged,38.51917722997354
2024-04-30 21:00:00,2024-05-02 12:00:00,1.4,30.0,0.4974028655446086,7105.755222065838,-1,1.81181,1.8194593347014276,1.801100931418001,1.78435,1.80986,59.72904175080621,0.002607865791097578,EURNZD_merged,41.50259713445539
2024-05-03 11:00:00,2024-05-06 20:00:00,-1.1,29.999999999999996,0.5919517500145699,8456.453571636714,1,1.62881,1.6230316557347524,1.6368996819713468,1.63598,1.66809,37.43532220647804,0.002453586194044096,EURAUD_merged,-33.59195175001457
2024-05-03 11:00:00,2024-05-06 20:00:00,-1.1,60.0,1.2377172954850095,17681.67564978585,1,1.62881,1.623282888094111,1.6371006678588336,1.63598,1.66809,36.86412250372778,0.002453586194044096,EURAUD_merged,-67.23771729548501
2024-05-06 02:00:00,2024-05-06 20:00:00,-1.1,30.000000000000004,0.7193092464314503,10275.846377592148,-1,0.90468,0.9073211838988936,0.9007182241516597,0.87809,0.90065,69.73524312583372,0.0010204228210334168,AUDCAD_merged,-33.71930924643146
2024-05-06 10:00:00,2024-05-07 02:00:00,1.3,30.000000000000004,0.7274863103387678,10392.661576268112,-1,0.90518,0.9077929398903943,0.9017831781424873,0.87809,0.90065,59.64980453944776,0.0009551076167124271,AUDCAD_merged,38.27251368966124
2024-05-07 01:00:00,2024-05-08 09:00:00,-1.1,29.999999999999996,0.5415780574186603,7736.829391695148,-1,92.835,93.19497304050539,92.36703504734298,89.954,92.363,63.81071738369297,0.1287359573104623,NZDJPY_merged,-33.54157805741866
2024-05-06 10:00:00,2024-05-10 08:00:00,1.4,30.0,0.7024005754994996,10034.29393570714,-1,0.90518,0.9078862591721941,0.9013912371589281,0.87809,0.90065,60.643392685747756,0.0009551076167124271,AUDCAD_merged,41.2975994245005
2024-05-06 02:00:00,2024-05-14 08:00:00,1.3,30.0,0.6234013469072569,8905.733527246528,-1,0.90468,0.9077275198833388,0.9007182241516597,0.87809,0.90065,70.24395299069005,0.0010204228210334168,AUDCAD_merged,38.37659865309274
2024-05-03 12:00:00,2024-05-15 08:00:00,-1.1,90.0,1.4159739125551447,20228.198750787786,1,1.78906,1.781100052503749,1.7994079317451264,1.78435,1.80986,34.76743847444398,0.002602364701220539,EURNZD_merged,-100.41597391255516
2024-05-03 12:00:00,2024-05-15 08:00:00,-1.1,30.0,0.47199130418504825,6742.732916929262,1,1.78906,1.781100052503749,1.7986119369955011,1.78435,1.80986,35.513487773612184,0.002602364701220539,EURNZD_merged,-33.471991304185046
2024-05-15 21:00:00,2024-05-16 13:00:00,-1.1,15.0,0.2751026839999256,3930.0383428560804,-1,0.55173,0.5538358191493332,0.5485712712760002,0.528,0.54952,61.51795392494997,0.0008342211247618674,NZDCHF_merged,-16.775102683999926
2024-05-15 21:00:00,2024-05-16 14:00:00,-1.1,15.0,0.24664378565510567,3523.4826522157955,-1,0.55173,0.5540787982819486,0.548441682405272,0.528,0.54952,61.784251249780475,0.0008342211247618674,NZDCHF_merged,-16.746643785655106
2024-05-16 03:00:00,2024-05-17 12:00:00,-1.1,30.0,0.7431562237853507,10616.517482647869,-1,0.83261,0.8349627771739485,0.8293161119564719,0.8074,0.82482,64.75791278834639,0.0010091646975568822,NZDCAD_merged,-33.74315622378535
2024-05-16 03:00:00,2024-05-17 15:00:00,-1.1,30.0,0.6104497552522523,8720.71078931789,-1,0.83261,0.835474250472633,0.8288864743855769,0.8074,0.82482,64.75837251121999,0.0010091646975568822,NZDCAD_merged,-33.610449755252255
2024-05-20 05:00:00,2024-05-20 09:00:00,1.4,15.000000000000002,0.38889845054520206,5555.692150645744,-1,0.60823,0.6098721806235142,0.6059309471270803,0.57405,0.59951,63.4960664141739,0.000699420748623735,AUDCHF_merged,20.611101549454798
2024-05-20 10:00:00,2024-05-20 13:00:00,-1.1,30.0,0.9299700820003854,13285.286885719794,-1,1.15433,1.156936635468085,1.1506807103446812,1.11678,1.15119,66.0287898345666,0.0011545112138230717,GBPCHF_merged,-33.92997008200039
2024-05-20 10:00:00,2024-05-20 16:00:00,-1.1,30.0,0.8226658417695716,11752.369168136738,-1,1.15433,1.1572766313987046,1.149910052901943,1.11678,1.15119,65.62163423188584,0.0011545112138230717,GBPCHF_merged,-33.82266584176957
2024-05-20 10:00:00,2024-05-20 21:00:00,-1.1,30.0,0.763903995928888,10912.914227555544,-1,1.15433,1.1575032953524513,1.1502047160418136,1.11678,1.15119,65.62163423188584,0.0011545112138230717,GBPCHF_merged,-33.763903995928885
2024-05-20 10:00:00,2024-05-21 01:00:00,-1.1,30.0,0.712977062866962,10185.386612385173,-1,1.15433,1.1577299593061978,1.1502500488325629,1.11678,1.15119,65.62163423188584,0.0011545112138230717,GBPCHF_merged,-33.71297706286696
2024-05-20 05:00:00,2024-05-21 02:00:00,1.3,15.0,0.3194522986621302,4563.60426660186,-1,0.60823,0.6102291764112346,0.6056310706653951,0.57405,0.59951,63.23131928158608,0.000699420748623735,AUDCHF_merged,19.18054770133787
2024-05-20 05:00:00,2024-05-21 02:00:00,1.5,15.0,0.34402555240537097,4914.650748648157,-1,0.60823,0.6100863780961464,0.6054454328557805,0.57405,0.59951,63.23131928158608,0.000699420748623735,AUDCHF_merged,22.15597444759463
2024-05-20 05:00:00,2024-05-21 02:00:00,1.2,15.0,0.2981554787513214,4259.363982161735,-1,0.60823,0.6103719747263229,0.6056596303284127,0.57405,0.59951,63.23131928158608,0.000699420748623735,AUDCHF_merged,17.701844521248677
2024-05-16 02:00:00,2024-05-21 22:00:00,-1.1,30.0,0.5110529935808275,7300.757051154679,-1,0.61183,0.6143441091357227,0.6083102472099882,0.58517,0.60823,62.14640118111086,0.0010864415765340309,NZDUSD_merged,-33.511052993580826
2024-05-22 05:00:00,2024-05-22 07:00:00,-1.1,15.0,0.6163739027367825,8805.341467668322,-1,1.16178,1.1637591055308858,1.1590092522567599,1.11678,1.15119,69.96020460374216,0.0012278737456033475,GBPCHF_merged,-17.116373902736782
2024-05-22 05:00:00,2024-05-22 08:00:00,-1.1,15.0,0.736614725630261,10523.06750900373,1,0.85229,0.8510751118517427,0.853626376963083,0.85205,0.86445,32.94902930254332,0.0005729097254198865,EURGBP_merged,-17.23661472563026
2024-05-22 05:00:00,2024-05-22 09:00:00,-1.1,15.0,0.42878184538210956,6125.454934030137,-1,1.16178,1.1646249642006483,1.1575125536990276,1.13176,1.15119,70.87882091685607,0.0012278737456033475,GBPCHF_merged,-16.928781845382108
2024-05-22 04:00:00,2024-05-22 09:00:00,-1.1,15.0,0.8428954041408103,12041.362916297292,1,0.8517,0.8506390320606724,0.8529731615271932,0.85272,0.86203,34.31931436941308,0.000578518165836805,EURGBP_merged,-17.342895404140812
2024-05-22 04:00:00,2024-05-22 09:00:00,-1.1,15.0,0.6963048990728435,9947.212843897765,1,0.8517,0.850415670389235,0.8536264944161476,0.85272,0.86203,33.70398585084488,0.000578518165836805,EURGBP_merged,-17.196304899072842
2024-05-22 05:00:00,2024-05-22 09:00:00,-1.1,60.00000000000001,2.690245084910519,38432.072641578845,1,0.85229,0.8509594082185753,0.8538867101377096,0.85272,0.86203,32.71987843946724,0.0005729097254198865,EURGBP_merged,-68.69024508491053
2024-05-22 04:00:00,2024-05-22 09:00:00,-1.1,15.0,0.7279551217579726,10399.358882256753,1,0.8517,0.8504715108070944,0.8535427337893585,0.85272,0.86203,34.31931436941308,0.000578518165836805,EURGBP_merged,-17.227955121757972
2024-05-22 04:00:00,2024-05-22 09:00:00,-1.1,15.0,1.0499999999999998,14999.999999999998,1,0.8517,0.8508483,0.85297755,0.85272,0.86203,34.6069568778241,0.000578518165836805,EURGBP_merged,-17.55
2024-05-22 05:00:00,2024-05-22 09:00:00,-1.1,15.000000000000002,0.4482719292631145,6403.884703758779,-1,1.16178,1.164501270104968,1.1590587298950321,1.11678,1.15119,69.80432269568814,0.0012278737456033475,GBPCHF_merged,-16.948271929263118
2024-05-22 05:00:00,2024-05-22 13:00:00,-1.1,14.999999999999998,0.3793070170687892,5418.671672411275,-1,1.16178,1.1649960464876894,1.157599139566004,1.13176,1.15119,70.13897641720824,0.0012278737456033475,GBPCHF_merged,-16.87930701706879
2024-05-22 05:00:00,2024-05-23 13:00:00,-1.1,30.0,0.8605323805234976,12293.319721764252,-1,1.73863,1.7428728653269023,1.733538561607717,1.68863,1.72252,60.00190711316702,0.0017715294798053688,GBPCAD_merged,-33.860532380523495
2024-05-22 05:00:00,2024-05-23 14:00:00,1.2,15.0,0.6656247724343526,9508.925320490753,-1,0.99024,0.9918020692664388,0.9883655168802735,0.97259,0.98367,63.42319350717439,0.0006706490827237418,EURCHF_merged,17.334375227565648
2024-05-22 05:00:00,2024-05-24 07:00:00,-1.1,15.0,0.527909302275521,7541.561461078872,-1,0.99024,0.9922095655968141,0.9872856516047789,0.9564,0.98367,64.4919197628522,0.0006706490827237418,EURCHF_merged,-17.02790930227552
2024-05-24 10:00:00,2024-05-27 09:00:00,1.5,15.000000000000002,0.567187288511676,8102.675550166801,-1,1.48432,1.4870678330907057,1.4801982503639417,1.45794,1.47635,41.574274508364994,0.001311516465191733,EURCAD_merged,21.932812711488328
2024-05-24 10:00:00,2024-05-27 09:00:00,1.2,15.000000000000002,0.567187288511676,8102.675550166801,-1,1.48432,1.4870678330907057,1.4810226002911533,1.45794,1.47635,46.64088768088108,0.001311516465191733,EURCAD_merged,17.432812711488324
2024-05-27 08:00:00,2024-05-27 20:00:00,-1.1,30.0,0.8698279963933434,12426.114234190622,-1,0.61418,0.615662796605016,0.6119558050924758,0.58737,0.60478,73.05351761644405,0.0006707874492301123,NZDUSD_merged,-33.86982799639334
2024-05-27 13:00:00,2024-05-27 21:00:00,-1.1,30.0,0.8878138563384685,12683.055090549551,-1,0.6148,0.6162542237551064,0.6130549314938724,0.58517,0.60823,65.56954077159156,0.0006085375408814694,NZDUSD_merged,-33.88781385633847
2024-05-27 13:00:00,2024-05-28 08:00:00,-1.1,60.0,1.4082564617782602,20117.949453975147,-1,0.6148,0.6166335864738298,0.6120496202892554,0.58517,0.60823,68.59204724228597,0.0006085375408814694,NZDUSD_merged,-67.40825646177827
2024-05-27 14:00:00,2024-05-28 08:00:00,-1.1,30.0,1.2803711836871159,18291.016909815942,-1,1.27691,1.2790043231417298,1.2737685152874052,1.24457,1.2634,66.96979016596556,0.0008662484733691973,GBPUSD_merged,-34.280371183687116
2024-05-27 14:00:00,2024-05-28 08:00:00,-1.1,30.0,1.2803711836871159,18291.016909815942,-1,1.27691,1.2790043231417298,1.274396812229924,1.24457,1.2634,63.3946952272796,0.0008662484733691973,GBPUSD_merged,-34.280371183687116
2024-05-27 14:00:00,2024-05-28 09:00:00,-1.1,30.000000000000004,1.0154668008552987,14506.668583647126,-1,1.27691,1.2795506683091376,1.2729489975362935,1.24457,1.2709,65.46353888642362,0.0008662484733691973,GBPUSD_merged,-34.01546680085531
2024-05-28 01:00:00,2024-05-28 13:00:00,1.2,29.999999999999996,0.9877559201039867,14110.798858628383,-1,0.61587,0.617179358894922,0.6142987693260936,0.58517,0.60823,64.33566118101015,0.0005600517277635481,NZDUSD_merged,35.01224407989601
2024-05-27 10:00:00,2024-05-28 13:00:00,1.2,30.0,0.8188323889998732,11697.605557141047,-1,0.56171,0.5631505768699999,0.5599813077560001,0.528,0.54952,64.64592705209293,0.0006187422145962652,NZDCHF_merged,35.18116761100013
2024-05-28 00:00:00,2024-05-28 13:00:00,1.5,30.0,0.9712537777126967,13875.05396732424,-1,0.61616,0.6174922326560698,0.6141616510158954,0.58737,0.60478,67.98981540962001,0.000569286476053035,NZDUSD_merged,44.0287462222873
2024-05-27 10:00:00,2024-05-28 17:00:00,1.5,15.0,0.3247093956378807,4638.705651969724,-1,0.56171,0.5635263795317391,0.5589854307023915,0.528,0.54952,66.85782721878633,0.0006187422145962652,NZDCHF_merged,22.175290604362118
2024-05-27 10:00:00,2024-05-28 17:00:00,1.5,30.0,0.8188323889998732,11697.605557141047,-1,0.56171,0.5631505768699999,0.5595491346950001,0.528,0.54952,68.68476623400038,0.0006187422145962652,NZDCHF_merged,44.18116761100013
2024-05-30 22:00:00,2024-05-31 10:00:00,-1.1,15.0,0.3606033031737156,5151.475759624509,-1,173.454,173.9590610973252,172.69640835401225,167.301,172.713,61.989355417632765,0.22046085276712007,CHFJPY_merged,-16.860603303173715
2024-05-30 22:00:00,2024-05-31 10:00:00,-1.1,60.0,1.3796995947516077,19709.994210737255,-1,173.454,173.98201841993088,172.6619723701037,167.301,172.713,61.2650503977989,0.22046085276712007,CHFJPY_merged,-67.37969959475161
2024-05-30 22:00:00,2024-05-31 10:00:00,-1.1,30.0,0.6898497973758039,9854.997105368628,-1,173.454,173.98201841993088,172.82037789608296,167.301,172.713,61.996128862042305,0.22046085276712007,CHFJPY_merged,-33.68984979737581
2024-06-03 19:00:00,2024-06-04 03:00:00,-1.1,15.0,0.5872015434812605,8388.593478303723,-1,0.84344,0.8449481908585417,0.8413285327980417,0.8074,0.82482,71.3864242008125,0.0009224321946893654,NZDCAD_merged,-17.08720154348126
2024-06-03 22:00:00,2024-06-04 03:00:00,-1.1,60.0,1.6506448912058103,23580.64130294015,-1,0.84273,0.8448742928269171,0.8401568486076995,0.8074,0.82482,65.97605529757347,0.0009378511413019455,NZDCAD_merged,-67.65064489120581
2024-06-03 03:00:00,2024-06-04 04:00:00,1.2,30.0,0.7285475178870499,10407.821684100712,-1,174.261,174.7632981905989,173.6582421712813,167.301,172.713,56.38132610303864,0.2172197663908685,CHFJPY_merged,35.27145248211295
2024-06-03 20:00:00,2024-06-04 04:00:00,1.2,30.0,1.0898091924950208,15568.70274992887,-1,1.09072,1.0928217550739832,1.08819789391122,1.0601,1.08949,69.18767894592524,0.0009121060857696238,EURUSD_merged,34.91019080750498
2024-06-03 20:00:00,2024-06-04 05:00:00,1.5,30.0,1.0898091924950208,15568.70274992887,-1,1.09072,1.0928217550739832,1.087567367389025,1.0601,1.08949,75.48956861871757,0.0009121060857696238,EURUSD_merged,43.91019080750498
2024-06-03 21:00:00,2024-06-04 06:00:00,1.2,29.999999999999996,0.8688554320091675,12412.220457273823,-1,0.91125,0.9134524665203219,0.9086070401756138,0.87809,0.9125,59.1827007205,0.0009691945578939299,AUDCAD_merged,35.13114456799082
2024-06-03 21:00:00,2024-06-04 11:00:00,-1.1,30.0,0.8284968692972104,11835.669561388722,-1,0.84334,0.8454776230443722,0.8401335654334415,0.80878,0.82482,65.60928327016242,0.0009323012290943977,NZDCAD_merged,-33.82849686929721
2024-06-03 21:00:00,2024-06-04 22:00:00,-1.1,15.000000000000002,0.3285418619626869,4693.455170895528,-1,0.84334,0.8460352638385563,0.8392971042421654,0.8074,0.82482,65.05670940483276,0.0009323012290943977,NZDCAD_merged,-16.82854186196269
2024-06-03 21:00:00,2024-06-05 21:00:00,-1.1,29.999999999999996,0.8688554320091675,12412.220457273823,-1,0.91125,0.9134524665203219,0.9079463002195172,0.90034,0.9125,59.7423833658987,0.0009691945578939299,AUDCAD_merged,-33.86885543200917
2024-06-05 15:00:00,2024-06-06 20:00:00,1.2,29.999999999999996,1.3048642807626216,18640.91829660888,1,1.07421,1.072481206413374,1.0762845523039515,1.08536,1.10296,32.38748654915072,0.0007572458579546917,AUDNZD_merged,34.69513571923737
2024-06-05 13:00:00,2024-06-07 08:00:00,1.2,30.000000000000004,0.6753562171258765,9647.945958941093,-1,0.84711,0.8497440632615638,0.8439491240861234,0.8074,0.82482,63.41198754995656,0.0011005845465940926,NZDCAD_merged,35.324643782874126
2024-06-05 12:00:00,2024-06-07 11:00:00,1.5,14.999999999999998,0.4698410721511095,6712.015316444422,1,1.07404,1.0716397373008777,1.0776403940486838,1.08536,1.10296,30.749533767119516,0.0007956998790293537,AUDNZD_merged,22.030158927848888
2024-06-04 15:00:00,2024-06-09 17:00:00,-1.1676442327657777,15.0,0.3328348145824292,4754.783065463274,1,0.9679,0.9648465483913543,0.9724801774129684,0.97259,0.99298,28.18770129082062,0.001350937367285526,EURCHF_merged,-17.847498306069095
2024-06-04 21:00:00,2024-06-09 17:00:00,-1.8157959683204425,30.0,0.7708798576370901,11012.569394815573,1,0.96917,0.9665298259445532,0.9723382088665362,0.97259,0.98367,34.20593193453052,0.0010909087801493592,EURCHF_merged,-55.244758907250365
2024-06-09 20:00:00,2024-06-10 00:00:00,-1.1,15.0,0.8098722555421318,11569.603650601885,1,0.84681,0.8457121101860011,0.8484568347209983,0.84834,0.86203,31.763870499334512,0.0007060746467612145,EURGBP_merged,-17.309872255542132
2024-06-09 19:00:00,2024-06-10 00:00:00,-1.1,15.0,0.45892285494763385,6556.040784966199,1,1.07773,1.0752641901415454,1.0806889718301456,1.07883,1.08949,25.636427652397817,0.0012350950436056155,EURUSD_merged,-16.958922854947634
2024-06-09 21:00:00,2024-06-10 01:00:00,-1.1,14.999999999999998,0.5725450521540407,8179.21503077201,1,0.84702,0.8454666357771253,0.8485733642228747,0.85205,0.86203,30.031016539879648,0.0006834978862782706,EURGBP_merged,-17.07254505215404
2024-06-07 13:00:00,2024-06-10 05:00:00,-1.1,30.0,0.8092822357245728,11561.174796065327,-1,1.37447,1.3780366012085583,1.37019007854973,1.35893,1.37431,67.22242706821423,0.0015099321649459001,USDCAD_merged,-33.809282235724574
2024-06-10 05:00:00,2024-06-10 08:00:00,-1.1,15.000000000000002,0.6426305535323296,9180.43647903328,1,0.84643,0.8450470102010949,0.8479512887787957,0.85205,0.86203,32.70427352595708,0.0006586689586995684,EURGBP_merged,-17.14263055353233
2024-06-07 13:00:00,2024-06-11 09:00:00,-1.1,29.999999999999996,0.6418445317815575,9169.207596879394,-1,1.37447,1.3789670189151388,1.367724471627292,1.35893,1.37431,70.41788973065101,0.0015099321649459001,USDCAD_merged,-33.64184453178156
2024-06-12 10:00:00,2024-06-12 14:00:00,1.2,15.0,0.4697428295056437,6710.611850080625,1,0.89109,0.8890981771530506,0.8934801874163394,0.89876,0.91579,28.675246426069265,0.0011613043988850488,USDCHF_merged,17.530257170494355
2024-06-12 10:00:00,2024-06-12 15:00:00,1.5,15.0,0.38804842437422743,5543.548919631821,1,0.89109,0.8886788460273771,0.8947067309589345,0.89876,0.91579,22.019743469623787,0.0011613043988850488,USDCHF_merged,22.111951575625774
2024-06-12 12:00:00,2024-06-12 15:00:00,1.0,15.000000000000002,0.35390272329786326,5055.753189969476,1,0.89177,0.8891241924422776,0.8944158075577223,0.89876,0.91579,33.40490618584375,0.001196736956181502,USDCHF_merged,14.646097276702138
2024-06-12 12:00:00,2024-06-12 15:00:00,1.1,14.999999999999998,0.3707552339310949,5296.503341872784,1,0.89177,0.8892444564221741,0.8945480979356084,0.89876,0.91579,34.36471628693379,0.001196736956181502,USDCHF_merged,16.129244766068904
2024-06-12 14:00:00,2024-06-12 21:00:00,1.3,15.0,0.22303357929095702,3186.1939898708147,-1,0.62105,0.623973786194317,0.6172490779473879,0.58737,0.60478,64.60204075118814,0.0012434950693989315,NZDUSD_merged,19.276966420709044
2024-06-12 12:00:00,2024-06-13 00:00:00,1.2,15.0,0.33851564837186926,4835.937833883847,1,0.89177,0.8890039284623812,0.8950892858451425,0.89876,0.91579,33.40490618584375,0.001196736956181502,USDCHF_merged,17.66148435162813
2024-06-12 13:00:00,2024-06-13 11:00:00,1.5,30.000000000000004,0.9140088629282003,13057.269470402862,-1,1.48382,1.4872291813836653,1.4787062279245018,1.45794,1.47635,70.80355108670197,0.0014570918629705084,EURCAD_merged,44.08599113707181
2024-06-12 17:00:00,2024-06-14 02:00:00,1.5,30.0,0.6048567819805221,8640.811171150315,-1,0.84847,0.851415799820853,0.8440513002687203,0.80878,0.82482,57.923722916279424,0.0013342980643195699,NZDCAD_merged,44.39514321801948
2024-06-12 17:00:00,2024-06-14 02:00:00,1.2,30.0,0.6048567819805221,8640.811171150315,-1,0.84847,0.851415799820853,0.8449350402149762,0.8074,0.82482,59.01576959111721,0.0013342980643195699,NZDCAD_merged,35.39514321801948
2024-06-13 22:00:00,2024-06-14 02:00:00,-1.1,30.0,1.0177364947657486,14539.09278236784,1,0.95995,0.9579692367961964,0.9623269158445642,0.97259,0.99298,33.007710787962445,0.0008296870077467893,EURCHF_merged,-34.01773649476575
2024-06-14 04:00:00,2024-06-14 05:00:00,1.4,15.0,0.39530848558966386,5647.264079852342,-1,176.397,176.86553750109542,175.7410474984664,167.301,172.713,64.48821518777224,0.3141333711714535,CHFJPY_merged,20.604691514410337
2024-06-12 17:00:00,2024-06-14 06:00:00,1.5,15.0,0.23985699975089658,3426.5285678699515,-1,0.84847,0.8521842693393364,0.8428985959909951,0.8074,0.82482,58.77553205383014,0.0013342980643195699,NZDCAD_merged,22.260143000249105
2024-06-14 04:00:00,2024-06-14 06:00:00,1.2,30.0,0.5499944147334456,7857.063067620652,-1,176.397,177.07052265782468,175.58877281061038,167.301,172.713,64.08006886281095,0.3141333711714535,CHFJPY_merged,35.45000558526655
2024-06-14 04:00:00,2024-06-17 11:00:00,-1.1,15.0,0.2874970804288464,4107.101148983521,-1,176.397,177.04123906400622,175.43064140399068,167.301,172.713,64.48821518777224,0.3141333711714535,CHFJPY_merged,-16.787497080428846
2024-06-14 04:00:00,2024-06-17 12:00:00,-1.1,60.0,1.0999888294668911,15714.126135241304,-1,176.397,177.07052265782468,175.38671601326297,167.301,172.713,66.19383379543505,0.3141333711714535,CHFJPY_merged,-67.0999888294669
2024-06-14 04:00:00,2024-06-17 15:00:00,-1.1,30.0,0.43620246685756014,6231.4638122508595,-1,176.397,177.24622422073546,175.12316366889678,167.301,172.713,65.34920280226629,0.3141333711714535,CHFJPY_merged,-33.43620246685756
2024-06-17 22:00:00,2024-06-18 03:00:00,-1.1,30.0,0.8235997445946031,11765.710637065758,-1,177.2,177.65182141257603,176.52226788113592,167.301,172.713,60.62951433323927,0.18976951439405235,CHFJPY_merged,-33.8235997445946
2024-06-17 22:00:00,2024-06-18 03:00:00,-1.1,30.000000000000004,0.6531997974370989,9331.425677672842,-1,177.2,177.76968786803064,176.345468197954,167.301,172.713,61.109626603081956,0.18976951439405235,CHFJPY_merged,-33.653199797437104
2024-06-18 14:00:00,2024-06-19 23:00:00,-1.1,30.0,0.7454496023198071,10649.280033140101,1,1.90978,1.9043999743248647,1.9162360308101625,1.90919,1.94799,33.09282326770467,0.0022999171980360254,GBPAUD_merged,-33.74544960231981
2024-06-18 11:00:00,2024-06-20 03:00:00,1.1,60.0,1.5944170540619933,22777.386486599906,1,0.88447,0.8821401365614874,0.8870328497823639,0.89876,0.91579,32.52761794072502,0.0011337831530838056,USDCHF_merged,64.40558294593801
2024-06-18 11:00:00,2024-06-20 03:00:00,1.1,29.999999999999996,0.8417877870821797,12025.539815459711,1,0.6443,0.6426926709073674,0.6460680620018958,0.65956,0.67053,32.650471467593185,0.0007850094627287171,CADCHF_merged,32.15821221291782
2024-06-18 11:00:00,2024-06-20 03:00:00,1.5,15.000000000000002,0.5580459689216977,7972.085270309968,1,0.88447,0.8828058118296338,0.8869662822555492,0.88808,0.91579,32.52761794072502,0.0011337831530838056,USDCHF_merged,21.941954031078307
2024-06-18 11:00:00,2024-06-20 03:00:00,1.5,14.999999999999998,0.2886444666836367,4123.49238119481,1,0.88447,0.8812525695372921,0.8892961456940618,0.89876,0.91579,30.3721078301912,0.0011337831530838056,USDCHF_merged,22.21135553331636
2024-06-19 14:00:00,2024-06-20 03:00:00,-1.1,15.0,0.4870484061710496,6957.834373872138,-1,105.361,105.58814179658181,105.02028730512728,102.612,104.86,68.95551159035676,0.10001439466115362,AUDJPY_merged,-16.98704840617105
2024-06-18 11:00:00,2024-06-20 03:00:00,1.0,30.0,0.8035247058511716,11478.924369302453,1,0.6443,0.6426161314267659,0.6459838685732341,0.65956,0.67053,32.05897612630212,0.0007850094627287171,CADCHF_merged,29.19647529414883
2024-06-18 11:00:00,2024-06-20 03:00:00,1.0,60.0,1.52194355160463,21742.050737209003,1,0.88447,0.882029190683463,0.886910809316537,0.89876,0.91579,32.027444500797195,0.0011337831530838056,USDCHF_merged,58.47805644839537
2024-06-19 14:00:00,2024-06-20 03:00:00,-1.1,30.0,0.9317447770228777,13310.639671755398,-1,105.361,105.59846642369916,105.00480036445126,102.612,104.86,72.62749932564718,0.10001439466115362,AUDJPY_merged,-33.93174477702288
2024-06-18 11:00:00,2024-06-20 03:00:00,1.2,30.0,0.7278860464196057,10398.372091708654,1,0.88447,0.8819182448054386,0.8875321062334737,0.89876,0.91579,32.027444500797195,0.0011337831530838056,USDCHF_merged,35.272113953580394
2024-06-18 11:00:00,2024-06-20 03:00:00,1.2,30.0,0.7685888490750339,10979.840701071913,1,0.6443,0.6425395919461643,0.6464124896646029,0.65956,0.67053,32.05897612630212,0.0007850094627287171,CADCHF_merged,35.23141115092496
2024-06-19 18:00:00,2024-06-20 03:00:00,-1.1,30.0,0.9714976661530557,13878.538087900797,-1,105.362,105.58975165366701,105.08869801559958,102.612,104.86,66.67791133608283,0.09852085396494215,AUDJPY_merged,-33.971497666153056
2024-06-18 11:00:00,2024-06-20 03:00:00,1.2,30.0,0.8811252140868913,12587.503058384162,1,0.88447,0.8823620283175362,0.8869995660189565,0.88808,0.91579,31.501623939526464,0.0011337831530838056,USDCHF_merged,35.11887478591311
2024-06-19 05:00:00,2024-06-20 04:00:00,-1.1,30.0,0.9122249824501489,13031.785463573557,1,1.60991,1.6062038846610849,1.614357338406698,1.62128,1.64046,34.40994128143518,0.0015891148883818542,EURAUD_merged,-33.91222498245015
2024-06-19 14:00:00,2024-06-20 04:00:00,-1.1,30.0,0.7389699955698683,10556.714222426692,-1,105.361,105.6604141864033,104.91187872039507,102.612,104.86,70.75206473082606,0.10001439466115362,AUDJPY_merged,-33.73896999556987
2024-06-20 08:00:00,2024-06-20 09:00:00,-1.1,30.0,1.1866596632031994,16952.28090290285,-1,105.616,105.80290582218097,105.35433184894663,102.612,104.86,67.15524475608048,0.11997212894431943,AUDJPY_merged,-34.1866596632032
2024-06-20 07:00:00,2024-06-20 09:00:00,-1.1,30.0,1.2598408064173912,17997.72580596273,-1,158.417,158.68106169597414,158.0209074560388,154.548,157.707,72.57467439042271,0.11196590210135864,USDJPY_merged,-34.259840806417394
2024-06-20 07:00:00,2024-06-20 09:00:00,-1.1,30.0,1.2598408064173912,17997.72580596273,-1,158.417,158.68106169597414,158.10012596483105,154.548,157.707,66.35395273816636,0.11196590210135864,USDJPY_merged,-34.259840806417394
2024-06-20 07:00:00,2024-06-20 11:00:00,-1.1,30.0,0.9991840878482755,14274.058397832508,-1,158.417,158.74994735579347,157.91757896630978,154.548,157.707,69.63760234455846,0.11196590210135864,USDJPY_merged,-33.99918408784828
2024-06-18 23:00:00,2024-06-20 12:00:00,1.2,30.0,0.9723484931484779,13890.692759263971,-1,0.91411,0.9160842211907834,0.91174093457106,0.87809,0.9125,64.34244296888188,0.0008477601080802481,AUDCAD_merged,35.02765150685152
2024-06-18 23:00:00,2024-06-20 17:00:00,1.5,30.0,0.7711729428418962,11016.756326312803,-1,0.91411,0.916599235414466,0.910376146878301,0.87809,0.9125,67.12479924337084,0.0008477601080802481,AUDCAD_merged,44.22882705715811
2024-06-19 00:00:00,2024-06-20 17:00:00,1.5,30.0,0.9841258166593019,14058.940237990028,-1,0.91376,0.9157098482485846,0.9108352276271232,0.9045,0.9125,70.75021539617255,0.0008386343860745121,AUDCAD_merged,44.0158741833407
2024-06-20 13:00:00,2024-06-20 21:00:00,-1.1,30.0,1.0120634139697031,14458.048770995762,-1,105.695,105.91431382652138,105.38796064287004,102.612,104.86,65.37169671111,0.1373517743204515,AUDJPY_merged,-34.012063413969706
2024-06-19 04:00:00,2024-06-21 03:00:00,-1.1,59.99999999999999,2.0113877858101175,28734.111225858822,1,1.60903,1.6056701675262843,1.6127258157210873,1.62128,1.64046,35.33938813694892,0.0016113544951804524,EURAUD_merged,-68.01138778581011
2024-06-20 18:00:00,2024-06-21 03:00:00,-1.1,30.0,1.7655327672416194,25221.89667488028,1,1.46509,1.4633473594457798,1.4677039608313305,1.47687,1.49282,29.301645055400332,0.0011037774859458927,EURCAD_merged,-34.765532767241616
2024-06-19 04:00:00,2024-06-21 03:00:00,-1.1,60.00000000000001,1.919961068273294,27428.015261047058,1,1.60903,1.6055101755037264,1.6125498244962735,1.62128,1.64046,34.760104856262984,0.0016113544951804524,EURAUD_merged,-67.91996106827331
2024-06-19 04:00:00,2024-06-21 07:00:00,-1.1,30.0,0.7282610948622839,10403.729926604055,1,1.60903,1.6043902313458211,1.6159896529812683,1.62128,1.64046,32.84596041213247,0.0016113544951804524,EURAUD_merged,-33.72826109486228
2024-06-20 17:00:00,2024-06-21 09:00:00,-1.1,60.0,2.7516652110509128,39309.50301501304,-1,158.893,159.13552608831912,158.60196869401705,154.548,157.707,73.53778839879352,0.12224207323867209,USDJPY_merged,-68.75166521105092
2024-06-20 17:00:00,2024-06-21 09:00:00,-1.1,60.0,2.3764381368166965,33949.11624023852,-1,158.893,159.17381968121163,158.61218031878838,154.548,157.707,72.55030432832461,0.12224207323867209,USDJPY_merged,-68.3764381368167
2024-06-24 06:00:00,2024-06-24 06:00:00,1.2,30.0,0.7242591800737379,10346.559715339114,-1,97.795,98.0785580212861,97.45473037445669,95.264,95.389,58.08862249713999,0.15226566076767858,NZDJPY_merged,35.27574081992626
2024-06-23 21:00:00,2024-06-24 06:00:00,1.4,15.0,0.5549791154532568,7928.27307790367,-1,116.655,116.87570695381027,116.34601026466564,112.959,115.542,64.12060624988005,0.14066028569345362,CADJPY_merged,20.445020884546743
2024-06-23 23:00:00,2024-06-24 06:00:00,1.2,15.0,0.39000468978656805,5571.495568379544,-1,116.586,116.8998816101596,116.20934206780849,112.959,115.542,65.46170978598666,0.13300810348058104,CADJPY_merged,17.60999531021343
2024-06-24 07:00:00,2024-06-24 12:00:00,-1.1,30.000000000000004,0.6906464095747857,9866.377279639797,-1,116.634,116.98864080693737,116.10203878959395,112.959,115.542,59.98869615344988,0.16440034059044897,CADJPY_merged,-33.690646409574796
2024-06-24 07:00:00,2024-06-25 08:00:00,-1.1,30.0,0.6606183048106646,9437.404354438067,-1,116.634,117.00476084361634,116.18908698766039,112.959,115.542,60.478152920558436,0.16440034059044897,CADJPY_merged,-33.66061830481066
2024-06-24 14:00:00,2024-06-26 10:00:00,-1.1,30.0,0.7315098856732161,10450.141223903087,-1,171.286,171.77772349826682,170.6959318020798,164.012,170.888,65.64884943036712,0.20766476638101788,EURJPY_merged,-33.73150988567322
2024-06-26 03:00:00,2024-06-28 10:00:00,-1.1,15.0,0.31791958496107653,4541.708356586808,-1,106.773,107.12564153359324,106.24403769961013,102.612,104.86,72.21549829325922,0.15015651977366848,AUDJPY_merged,-16.817919584961075
2024-06-24 07:00:00,2024-06-28 10:00:00,-1.1,30.000000000000004,0.585726857302374,8367.526532891057,-1,97.68,98.03021101976567,97.25974677628122,95.264,95.389,54.884974919190554,0.15453239928427281,NZDJPY_merged,-33.58572685730238
2024-07-01 02:00:00,2024-07-01 09:00:00,-1.1,30.0,1.002160320880253,14316.576012575044,-1,173.196,173.55892756001407,172.6879014159803,167.52,170.888,71.95436989450319,0.23027045893674458,EURJPY_merged,-34.00216032088025
2024-07-01 11:00:00,2024-07-02 11:00:00,-1.1,30.0,1.067186298997666,15245.518557109515,-1,204.425,204.82726575285236,203.86182794600674,197.196,200.734,64.88908216630242,0.25188637442323447,GBPJPY_merged,-34.06718629899767
2024-07-01 13:00:00,2024-07-02 18:00:00,-1.1,15.0,0.37481217499368885,5354.459642766984,-1,204.288,204.8602930425182,203.42956043622272,197.196,200.734,58.74280368710707,0.24326427182411509,GBPJPY_merged,-16.87481217499369
2024-07-01 11:00:00,2024-07-02 20:00:00,-1.1,30.0,0.7761354901801206,11087.64985971601,-1,204.425,204.978115410172,203.59532688474206,197.196,200.734,64.88908216630242,0.25188637442323447,GBPJPY_merged,-33.776135490180124
2024-07-03 10:00:00,2024-07-03 10:00:00,1.0,30.0,1.0889630365779726,15556.614808256752,-1,118.435,118.66339480464055,118.20660519535946,112.959,115.542,67.07508579144232,0.12954326169893096,CADJPY_merged,28.911036963422028
2024-07-03 10:00:00,2024-07-03 10:00:00,1.2,30.0,1.2609045686692315,18012.92240956045,-1,118.435,118.6322500585532,118.19829992973617,112.959,115.542,67.31351035381338,0.12954326169893096,CADJPY_merged,34.73909543133077
2024-07-03 05:00:00,2024-07-03 15:00:00,-1.1,30.000000000000004,0.9123730751737996,13033.901073911424,-1,118.328,118.60035437647332,117.9739393105847,112.959,115.542,74.530400627768,0.10291227731189734,CADJPY_merged,-33.912373075173804
2024-07-03 14:00:00,2024-07-03 15:00:00,-1.1,30.0,1.1338629401525364,16198.042002179092,-1,205.688,206.0689497468379,205.11657537974313,197.196,200.734,68.71891710073007,0.25439746232823096,GBPJPY_merged,-34.13386294015254
2024-07-03 13:00:00,2024-07-04 07:00:00,1.1,60.0,1.662200937417275,23745.727677389645,-1,206.019,206.53956269523255,205.4463810352442,197.196,200.734,66.31737903236903,0.2539664978919417,GBPJPY_merged,64.33779906258272
2024-07-03 14:00:00,2024-07-04 23:00:00,1.4,15.0,0.5314982531965013,7592.832188521449,-1,205.688,206.0943463966271,205.11911504472204,197.196,200.734,68.81985410964192,0.25439746232823096,GBPJPY_merged,20.468501746803497
2024-07-03 14:00:00,2024-07-04 23:00:00,1.0,30.0,0.7730883682858203,11044.11954694029,-1,205.688,206.24672629536227,205.1292737046377,197.196,200.734,68.79351169421585,0.25439746232823096,GBPJPY_merged,29.22691163171418
2024-07-03 14:00:00,2024-07-04 23:00:00,1.2,30.0,0.8951549527520024,12787.927896457179,-1,205.688,206.1705363459947,205.10895638480636,197.196,200.734,68.81985410964192,0.25439746232823096,GBPJPY_merged,35.104845047248
2024-07-07 18:00:00,2024-07-07 23:00:00,-1.1,29.999999999999996,1.167250528395215,16675.007548503072,-1,0.91953,0.921184326087695,0.917213943477227,0.9045,0.91819,69.59255355192283,0.0010386713901801444,AUDCAD_merged,-34.167250528395215
2024-07-11 08:00:00,2024-07-11 08:00:00,1.5,14.999999999999998,0.5051094713873144,7215.84959124735,-1,2.1153,2.1196971953127304,2.1087042070309043,2.06104,2.08583,59.754710394316035,0.0024616733462823055,GBPNZD_merged,21.994890528612682
2024-07-11 09:00:00,2024-07-11 13:00:00,-1.1,30.0,0.8186487911299827,11694.982730428324,-1,2.11121,2.1166256813618207,2.103086477957268,2.06104,2.08583,60.168219523510544,0.002508696678690729,GBPNZD_merged,-33.81864879112998
2024-07-11 09:00:00,2024-07-11 13:00:00,-1.1,15.000000000000002,0.39152768271433963,5593.252610204852,-1,2.11121,2.1168718486964493,2.102717226955326,2.06104,2.08583,57.42287621370939,0.002508696678690729,GBPNZD_merged,-16.891527682714344
2024-07-12 13:00:00,2024-07-15 09:00:00,-1.1,90.0,2.8010705043480666,40015.2929192581,-1,1.76902,1.7729987738233293,1.7646433487943378,1.72487,1.76046,78.46675838375602,0.0018457503300436126,GBPCAD_merged,-101.80107050434808
2024-07-14 20:00:00,2024-07-15 09:00:00,-1.1,30.0,0.9520204402690329,13600.292003843328,-1,1.76952,1.773423269134589,1.765616730865411,1.72487,1.76046,72.50156369842362,0.0017231980113525435,GBPCAD_merged,-33.95202044026903
2024-07-14 20:00:00,2024-07-15 09:00:00,-1.1,30.0,1.1023394571536171,15747.706530765961,-1,1.76952,1.7728910051616906,1.7654747938059714,1.72487,1.76046,72.59520862539064,0.0017231980113525435,GBPCAD_merged,-34.10233945715362
2024-07-17 07:00:00,2024-07-17 08:00:00,-1.1,15.0,0.5768238087388285,8240.340124840408,-1,1.49382,1.4965392202822372,1.489741169576644,1.45762,1.49282,69.08279848640565,0.0012349647102200439,EURCAD_merged,-17.07682380873883
2024-07-22 03:00:00,2024-07-22 10:00:00,-1.1,15.0,0.264677290828313,3781.104154690186,1,0.59983,0.5974504173088331,0.602923457498517,0.60472,0.61532,34.79473917751362,0.0007926496301766027,NZDUSD_merged,-16.764677290828313
2024-07-22 11:00:00,2024-07-22 20:00:00,-1.1,15.0,0.5349269435514199,7641.813479305999,-1,1.94484,1.9486574969958372,1.9394955042058277,1.89003,1.93457,75.10904878177668,0.0020693436883287954,GBPAUD_merged,-17.03492694355142
2024-07-22 11:00:00,2024-07-22 20:00:00,-1.1,15.0,0.5349269435514199,7641.813479305999,-1,1.94484,1.9486574969958372,1.9402590036049951,1.89003,1.93457,73.23821888022141,0.0020693436883287954,GBPAUD_merged,-17.03492694355142
2024-07-22 11:00:00,2024-07-23 00:00:00,-1.1,15.0,0.5067728938908188,7239.6127698688415,-1,1.94484,1.9488695801622726,1.9408104198377272,1.89003,1.93457,71.59026706042788,0.0020693436883287954,GBPAUD_merged,-17.00677289389082
2024-07-22 12:00:00,2024-07-23 01:00:00,-1.1,14.999999999999998,0.4941286406795151,7058.980581135931,-1,1.63901,1.6424928187607855,1.6351788993631362,1.59967,1.61766,74.924212506686,0.0017835580409853527,EURAUD_merged,-16.994128640679516
2024-07-22 14:00:00,2024-07-23 02:00:00,-1.1,14.999999999999998,0.42237798007060406,6033.971143865773,1,0.59787,0.5963837399920918,0.6000993900118624,0.60472,0.61532,32.10616060582121,0.0007121921465288331,NZDUSD_merged,-16.922377980070603
2024-07-22 14:00:00,2024-07-23 02:00:00,-1.1,14.999999999999998,0.42237798007060406,6033.971143865773,1,0.59787,0.5963837399920918,0.6000993900118624,0.60472,0.61532,32.10616060582121,0.0007121921465288331,NZDUSD_merged,-16.922377980070603
2024-07-22 12:00:00,2024-07-23 03:00:00,-1.1,15.0,0.4470687701386089,6386.696716265842,-1,1.63901,1.6428594312619207,1.6351605687380795,1.59967,1.61766,75.6916557413555,0.0017835580409853527,EURAUD_merged,-16.94706877013861
2024-07-22 11:00:00,2024-07-23 04:00:00,-1.1,15.0,0.3703340378432907,5290.486254904154,-1,1.94484,1.9503541623273206,1.936568756509019,1.89003,1.93457,72.38046282685929,0.0020693436883287954,GBPAUD_merged,-16.87033403784329
2024-07-22 12:00:00,2024-07-23 23:00:00,-1.1,14.999999999999998,0.34772015455225136,4967.430779317877,-1,1.63901,1.6439592687653266,1.633070877481608,1.59961,1.61766,74.22541633642095,0.0017835580409853527,EURAUD_merged,-16.847720154552253
2024-07-24 05:00:00,2024-07-24 09:00:00,-1.1,15.0,0.23486298815658557,3355.1855450940798,1,91.768,91.35773356868066,92.21929307445129,95.264,99.016,27.777152180687185,0.2245775792162216,NZDJPY_merged,-16.734862988156586
2024-07-24 12:00:00,2024-07-24 20:00:00,-1.1,15.0,0.19515103583834792,2787.8719405478278,1,111.265,110.66634445355047,111.86365554644954,112.959,118.861,24.07744568993876,0.27599735047088525,CADJPY_merged,-16.695151035838347
2024-07-25 02:00:00,2024-07-25 06:00:00,-1.1,30.0,0.39914589347904134,5702.084192557734,1,90.348,89.87265801828433,90.87087617988723,95.264,99.016,26.460901536940643,0.24623856249262213,NZDJPY_merged,-33.399145893479044
2024-07-25 05:00:00,2024-07-25 06:00:00,-1.1,30.0,0.8397051415506179,11995.7877364374,-1,1.6593,1.6634497066381724,1.6547353226980104,1.59961,1.61766,76.3384250185527,0.0023301949735428603,EURAUD_merged,-33.83970514155062
2024-07-25 05:00:00,2024-07-25 06:00:00,-1.1,15.0,0.3798666116538508,5426.665880769298,-1,1.6593,1.6638865178632432,1.6547134821367568,1.59961,1.61766,76.97463825667079,0.0023301949735428603,EURAUD_merged,-16.87986661165385
2024-07-25 01:00:00,2024-07-25 08:00:00,1.1,15.0,0.21467132236907285,3066.733176701041,1,165.434,164.62482950585567,166.32408754355876,167.52,175.422,30.34012781113043,0.42345926405550066,EURJPY_merged,16.285328677630925
2024-07-25 09:00:00,2024-07-25 11:00:00,1.2,15.0,0.3607037073750637,5152.910105358053,1,0.65329,0.6513882881906264,0.6555720541712484,0.66195,0.67983,36.15205813802925,0.0011110418064228952,AUDUSD_merged,17.639296292624937
2024-07-25 10:00:00,2024-07-25 16:00:00,-1.1,15.0,0.32972622536059354,4710.374648008479,1,0.59035,0.5884700539953348,0.5922299460046653,0.60472,0.61532,35.54963036445057,0.000998770603783783,NZDUSD_merged,-16.829726225360595
2024-07-25 09:00:00,2024-07-26 04:00:00,1.4,15.0,0.3607037073750637,5152.910105358053,1,0.65329,0.6513882881906264,0.6559523965331231,0.65753,0.67983,37.56086113825242,0.0011110418064228952,AUDUSD_merged,20.639296292624937
2024-07-25 05:00:00,2024-07-29 16:00:00,1.2,15.0,0.29545180906410623,4220.7401294872325,-1,1.6593,1.6651969515384553,1.6522236581538536,1.59961,1.61766,75.76771075430692,0.0023301949735428603,EURAUD_merged,17.704548190935895
2024-07-30 19:00:00,2024-07-30 23:00:00,-1.1,15.0,0.1466924013817816,2095.6057340254515,1,165.332,164.14858082924013,166.8704449219878,167.52,175.422,33.89375430480752,0.41907017782951145,EURJPY_merged,-16.64669240138178
2024-07-31 11:00:00,2024-08-01 03:00:00,-1.1,15.0,0.20884083365769454,2983.440480824208,1,0.63705,0.6338470703416346,0.6412138085558751,0.6435,0.66331,46.992933758665416,0.001080568609821468,CADCHF_merged,-16.708840833657696
2024-08-01 06:00:00,2024-08-01 10:00:00,-1.1,60.0,1.7328371742748985,24754.816775355695,1,0.94514,0.9428491973447182,0.9478889631863382,0.94778,0.97732,30.468199717777257,0.0012889061316930194,EURCHF_merged,-67.73283717427489
2024-08-01 07:00:00,2024-08-01 10:00:00,-1.1,15.0,0.29636445366018294,4233.777909431185,1,0.94587,0.9425188440575981,0.9508967339136027,0.94778,0.97732,33.810932185969094,0.0013018414080006747,EURCHF_merged,-16.796364453660182
2024-08-01 06:00:00,2024-08-01 10:00:00,-1.1,60.0,1.7328371742748985,24754.816775355695,1,0.94514,0.9428491973447182,0.9483471237173945,0.94778,0.97732,29.729107623920044,0.0012889061316930194,EURCHF_merged,-67.73283717427489
2024-08-01 07:00:00,2024-08-01 10:00:00,-1.1,15.0,0.38527378975823784,5503.911282260541,1,0.94587,0.9432921877366139,0.949736718395079,0.94778,0.97732,34.19493558065411,0.0013018414080006747,EURCHF_merged,-16.885273789758237
2024-08-01 16:00:00,2024-08-02 08:00:00,-1.1,30.0,0.7166312593594605,10237.589419420865,1,0.9426,0.939837826324002,0.9459146084111976,0.94778,0.97732,29.260975060805325,0.0014806451503164466,EURCHF_merged,-33.71663125935946
2024-08-20 12:00:00,2024-08-20 20:00:00,-1.1,15.0,0.33464678154780153,4780.6683078257365,-1,0.61433,0.6162575443110989,0.6124024556889012,0.58493,0.61532,73.75207439944604,0.0009173155117103913,NZDUSD_merged,-16.8346467815478
2024-08-20 16:00:00,2024-08-21 14:00:00,-1.1,30.0,0.5535169391402099,7907.384844860143,-1,0.6153,0.6176344001034676,0.6124987198758388,0.58493,0.61532,73.37940555947588,0.0008292645858486751,NZDUSD_merged,-33.55351693914021
2024-08-21 16:00:00,2024-08-22 04:00:00,-1.1,15.000000000000002,0.4883787151237966,6976.8387874828095,-1,1.30898,1.3117942688398114,1.3056028773922264,1.26648,1.30443,69.02898438026604,0.001506805353870925,GBPUSD_merged,-16.9883787151238
2024-08-21 16:00:00,2024-08-22 04:00:00,-1.1,15.0,0.4626745722225442,6609.636746036346,-1,1.30898,1.3119506171086899,1.3060093828913102,1.26125,1.30443,68.98245827075431,0.001506805353870925,GBPUSD_merged,-16.962674572222543
2024-08-20 12:00:00,2024-08-23 13:00:00,-1.1,59.99999999999999,1.2200884711620563,17429.835302315092,-1,0.83735,0.8402324712987005,0.8338910344415594,0.81136,0.83852,71.37715660596639,0.0010620403937329713,NZDCAD_merged,-67.22008847116206
2024-08-25 18:00:00,2024-08-26 07:00:00,1.2,15.0,0.3297195894586458,4710.279849409227,-1,0.62259,0.6245726528993115,0.6202108165208261,0.59739,0.61532,74.18307907114814,0.0011006542734543843,NZDUSD_merged,17.670280410541356
2024-08-25 19:00:00,2024-08-26 09:00:00,-1.1,30.0,1.2379587584295277,17685.125120421828,1,1.35117,1.3488779551473915,1.3539204538231302,1.35884,1.39464,26.356987953071624,0.0012302612334885203,USDCAD_merged,-34.23795875842953
2024-08-25 19:00:00,2024-08-26 09:00:00,-1.1,15.0,0.6189793792147639,8842.562560210914,1,1.35117,1.3488779551473915,1.354378862793652,1.35884,1.39464,25.081861056052787,0.0012302612334885203,USDCAD_merged,-17.118979379214764
2024-08-27 19:00:00,2024-08-28 04:00:00,-1.1,15.0,0.3253031699856503,4647.188142652148,1,1.79009,1.784312022182929,1.7976013711621923,1.80662,1.86478,38.73326803402261,0.0019450914192592256,EURNZD_merged,-16.82530316998565
2024-08-25 18:00:00,2024-08-28 20:00:00,-1.1,15.0,0.22826740808675483,3260.9629726679264,-1,0.62259,0.6254538319656722,0.6182942520514916,0.58493,0.61532,73.36452386122052,0.0011006542734543843,NZDUSD_merged,-16.728267408086754
2024-08-28 23:00:00,2024-08-29 04:00:00,-1.1,15.0,0.37730166267600523,5390.023752514361,1,1.77308,1.768145661818727,1.7785077719994002,1.80662,1.86478,25.390314309591325,0.0026529472314492076,EURNZD_merged,-16.877301662676004
2024-08-30 00:00:00,2024-09-02 03:00:00,1.3,14.999999999999998,0.2837910862623263,4054.15837517609,1,1.76742,1.760880714272454,1.7759210714458098,1.80662,1.86478,38.8871861294611,0.002233145676307834,EURNZD_merged,19.216208913737674
2024-09-01 17:00:00,2024-09-03 01:00:00,1.3,29.999999999999996,0.712959758877767,10185.139412539529,1,1.48962,1.4852323722818186,1.4953239160336358,1.48944,1.52265,35.66764596135652,0.0015420482841467396,EURCAD_merged,38.287040241122234
2024-09-11 02:00:00,2024-09-11 08:00:00,1.3,29.999999999999996,0.5523239612309049,7890.342303298642,1,0.84354,0.8403327627183651,0.8477094084661253,0.84319,0.87482,38.61212653593149,0.0011105193266318489,USDCHF_merged,38.447676038769096
2024-09-12 11:00:00,2024-09-12 22:00:00,-1.1,60.0,0.7037407067004281,10053.438667148974,1,166.899,165.90292887135007,168.19389246724492,168.351,180.06,42.19714506577251,0.33086760276968447,CHFJPY_merged,-66.70374070670043
2024-09-13 03:00:00,2024-09-15 23:00:00,-1.1,60.0,0.5731338197966395,8187.62599709485,1,141.089,140.05508125444376,142.4330943692231,141.676,149.396,36.23015179540867,0.373272012123921,USDJPY_merged,-66.57313381979664
2024-09-16 11:00:00,2024-09-17 08:00:00,-1.1,15.0,0.6270868411398021,8958.383444854317,-1,1.79399,1.7969938734293582,1.7909861265706417,1.74071,1.7868,76.836864395642,0.0016559155857765752,GBPCAD_merged,-17.127086841139803
2024-09-13 03:00:00,2024-09-17 10:00:00,1.3,30.0,0.3782275247319104,5403.250353313007,1,166.198,165.27523320705603,167.39759683082715,168.351,172.812,39.052127833953485,0.3235386282825511,CHFJPY_merged,38.62177247526809
2024-09-16 14:00:00,2024-09-17 12:00:00,1.3,30.0,0.8173028799352371,11675.755427646245,-1,1.79485,1.7994617358601486,1.788854743381807,1.74071,1.7868,76.71926170880009,0.0015288070488160396,GBPCAD_merged,38.182697120064766
2024-09-20 05:00:00,2024-09-20 16:00:00,-0.737625473514703,30.0,0.8388157912958356,11983.082732797653,1,0.83935,0.8372486625928001,0.84208173862936,0.83998,0.86247,42.445872569237814,0.0007285563126502435,EURGBP_merged,-22.967579996736927
2024-11-21 22:00:00,2024-11-22 04:00:00,-1.1,15.0,0.18383807537425834,2626.2582196322624,1,161.689,160.76550550815236,162.61249449184763,161.84,166.687,29.601010548269844,0.3165573496063892,EURJPY_merged,-16.683838075374258
2024-11-21 23:00:00,2024-11-22 04:00:00,-1.1,15.0,0.3386175447436467,4837.393496337811,1,1.60843,1.6034425103491654,1.6154124855111687,1.61624,1.65997,35.83175764673842,0.0017334080162771475,EURAUD_merged,-16.838617544743645
2024-11-21 23:00:00,2024-11-22 04:00:00,-1.1,15.0,0.32733029325219193,4676.147046459885,1,1.60843,1.6032705279474124,1.6156532608736227,1.61624,1.65997,36.51361183080052,0.0017334080162771475,EURAUD_merged,-16.827330293252192
2024-11-21 22:00:00,2024-11-22 04:00:00,-1.1,15.0,0.2221376744105622,3173.3953487223175,1,161.689,160.92472869640193,162.60612556431767,161.84,166.687,28.844919409129897,0.3165573496063892,EURJPY_merged,-16.72213767441056
2024-11-21 22:00:00,2024-11-22 04:00:00,-1.1,15.0,0.1777101395284498,2538.7162789778545,1,161.689,160.73366087050243,163.12200869424635,161.84,166.687,28.234402642477267,0.3165573496063892,EURJPY_merged,-16.67771013952845
2024-11-22 11:00:00,2024-11-25 07:00:00,1.0,15.0,0.2594823118724651,3706.890169606645,-1,0.6393,0.6418869393376221,0.6367130606623779,0.61878,0.6298,75.02828760257958,0.0010230060396882181,CADCHF_merged,14.740517688127534
2024-11-22 11:00:00,2024-11-25 08:00:00,1.4,15.0,0.2594823118724651,3706.890169606645,-1,0.6393,0.6418869393376221,0.635678284927329,0.61878,0.63346,74.20631975540027,0.0010230060396882181,CADCHF_merged,20.740517688127536
2024-11-22 11:00:00,2024-11-25 08:00:00,1.3,15.0,0.24950222295429342,3564.3174707756207,-1,0.6393,0.6419904169111269,0.6358024580155349,0.61878,0.6298,74.20631975540027,0.0010230060396882181,CADCHF_merged,19.250497777045705
2024-11-24 18:00:00,2024-11-25 08:00:00,1.3,15.0,0.3113805183670998,4448.293119529997,-1,0.63852,0.6406731404839193,0.6357209173709047,0.61878,0.63346,66.64733195231483,0.001033793061394555,CADCHF_merged,19.1886194816329
2024-11-22 11:00:00,2024-11-25 09:00:00,1.5,14.999999999999998,0.23168063560041532,3309.723365720219,-1,0.6393,0.6421973720581367,0.6349539419127949,0.61878,0.6298,73.41868394012705,0.0010230060396882181,CADCHF_merged,22.26831936439958
2024-11-24 18:00:00,2024-11-25 09:00:00,1.0,15.000000000000002,0.20144193994698587,2877.7419992426553,-1,0.89107,0.8957146311043581,0.8864253688956419,0.86146,0.85177,53.408356198554095,0.001645768580213189,USDCHF_merged,14.798558060053017
2024-11-24 18:00:00,2024-11-25 09:00:00,1.5,15.000000000000002,0.2283457134692065,3262.081620988665,-1,0.63852,0.64145610065989,0.6341158490101649,0.61878,0.63346,66.06915153785742,0.001033793061394555,CADCHF_merged,22.271654286530797
2024-11-27 08:00:00,2024-11-28 20:00:00,-1.1,15.0,0.1959128928874631,2798.7556126780446,1,98.191,97.66474290440792,98.8225085147105,99.533,102.401,29.99127688159225,0.2148970905564624,AUDJPY_merged,-16.695912892887463
2024-11-27 08:00:00,2024-11-28 20:00:00,-1.1,59.99999999999999,0.6269212572398818,8956.017960569741,1,98.191,97.5331786305099,99.17773205423516,99.533,102.401,29.822228435351356,0.2148970905564624,AUDJPY_merged,-66.62692125723989
2024-11-27 15:00:00,2024-11-28 20:00:00,-1.1,14.999999999999998,0.14163734190956317,2023.3905987080454,1,151.021,149.90143613455234,152.58838941162668,151.283,156.746,28.967208546366148,0.35853167263855446,USDJPY_merged,-16.641637341909565
2024-11-27 14:00:00,2024-11-29 02:00:00,-1.1,30.0,0.28279445702336026,4039.920814619433,1,150.852,149.73178992468783,151.97221007531218,151.283,156.746,26.889929852572692,0.3731879551492142,USDJPY_merged,-33.28279445702336
2024-11-27 14:00:00,2024-11-29 16:00:00,-1.1,30.0,0.28771339734302387,4110.191390614627,1,107.518,106.73323362455449,108.69514956316827,109.003,109.808,30.939711943623738,0.25383244954265965,CADJPY_merged,-33.287713397343026
2024-12-02 06:00:00,2024-12-05 08:00:00,1.0,30.0,0.5518139350151102,7883.056214501576,-1,0.88557,0.8889401522958985,0.8821998477041014,0.86146,0.85177,62.01498353378631,0.001124827089819754,USDCHF_merged,29.44818606498489
2024-12-04 12:00:00,2024-12-05 20:00:00,-1.1,30.0,0.4476973529758985,6395.676471084265,-1,1.63578,1.6434529021897633,1.6281070978102368,1.59636,1.63608,64.9349797880216,0.002571840602633573,EURAUD_merged,-33.4476973529759
2024-12-06 01:00:00,2024-12-06 06:00:00,-1.1,29.999999999999996,0.5741681753236643,8202.402504623777,-1,1.64352,1.649531116861457,1.6375088831385431,1.59636,1.63608,65.42674480968522,0.002063313280762054,EURAUD_merged,-33.57416817532366
2024-12-08 19:00:00,2024-12-09 03:00:00,1.0,14.999999999999998,0.26332601573060876,3761.8002247229824,-1,1.65086,1.6574427259611648,1.6442772740388352,1.59636,1.63608,61.275173136761545,0.0022270551107178346,EURAUD_merged,14.73667398426939
2024-12-09 03:00:00,2024-12-09 08:00:00,1.0,30.0,0.5112721993547497,7303.88856221071,-1,2.18467,2.193643315986651,2.1756966840133494,2.13603,2.18405,46.61912901206959,0.003333943542523619,GBPNZD_merged,29.48872780064525
2024-12-06 11:00:00,2024-12-09 08:00:00,1.0,60.0,1.0918976903656854,15598.538433795507,1,0.62038,0.6179936995040924,0.6227663004959076,0.62657,0.64065,21.456152587277746,0.0009727687556228345,CADCHF_merged,58.908102309634316
2024-12-09 03:00:00,2024-12-09 08:00:00,1.4,30.0,0.7721889400658166,11031.27057236881,-1,1.41564,1.4194898919704115,1.4102501512414238,1.39269,1.41774,62.67249648294908,0.001305204657508354,USDCAD_merged,41.22781105993418
2024-12-09 03:00:00,2024-12-09 17:00:00,1.4,60.0,0.9884595854191829,14120.851220274042,-1,2.18467,2.1939527406758454,2.1716741630538166,2.13603,2.18405,47.97048798618738,0.003333943542523619,GBPNZD_merged,83.01154041458082
2024-12-10 01:00:00,2024-12-10 09:00:00,-1.1,60.0,1.04468013081852,14924.001868836003,-1,2.18571,2.194497361536978,2.176922638463022,2.13603,2.18405,63.4099758965871,0.0030336871916432574,GBPNZD_merged,-67.04468013081852
2024-12-10 04:00:00,2024-12-10 16:00:00,-1.1,30.0,0.44007101687012284,6286.728812430327,-1,1.99279,2.0022995083283686,1.9832804916716316,1.92267,1.98824,62.71784364701165,0.0032584878883938533,GBPAUD_merged,-33.44007101687012
2024-12-10 01:00:00,2024-12-11 00:00:00,-1.1,30.0,0.49264967262991577,7037.852466141654,-1,1.81007,1.8177857201378178,1.8023542798621823,1.77413,1.80716,62.831731762838096,0.00264483649733083,EURNZD_merged,-33.492649672629916
2024-12-10 21:00:00,2024-12-11 02:00:00,-1.1,30.000000000000004,0.7064408582482808,10092.012260689728,-1,2.00241,2.008362460069236,1.9946718019099925,1.92267,1.98824,64.50744074629806,0.0026324019772751223,GBPAUD_merged,-33.706440858248286
2024-12-10 18:00:00,2024-12-11 02:00:00,-1.1,60.0,1.474806058291605,21068.657975594357,-1,2.19946,2.205723692739845,2.191317199438202,2.13603,2.18405,69.89411923839309,0.002874480701882478,GBPNZD_merged,-67.4748060582916
2024-12-10 23:00:00,2024-12-11 02:00:00,-1.1,30.0,0.5492830382706437,7846.900546723482,-1,2.00097,2.008620039610234,1.9933199603897662,1.92267,1.98824,65.6615550617809,0.002668091500813803,GBPAUD_merged,-33.549283038270644
2024-12-10 18:00:00,2024-12-11 02:00:00,-1.1,90.0,1.5713903394894806,22448.433421278296,-1,2.00162,2.009644871785897,1.9903851794997445,1.92267,1.98824,70.87260932194752,0.0026967460289680856,GBPAUD_merged,-100.5713903394895
2024-12-10 23:00:00,2024-12-11 03:00:00,-1.1,60.0,1.149154153797924,16416.487911398915,-1,2.20115,2.209194899780805,2.1898871403068734,2.13603,2.18405,70.09584610431119,0.0027822308845348877,GBPNZD_merged,-67.14915415379792
2024-12-09 20:00:00,2024-12-11 09:00:00,1.0,30.0,0.8135911046476997,11622.73006639571,-1,1.41725,1.420908133653377,1.4135918663466227,1.39269,1.41774,65.56347062802959,0.0012641807264508168,USDCAD_merged,29.1864088953523
2024-12-06 14:00:00,2024-12-11 09:00:00,1.4,15.0,0.2336098156308263,3337.283080440376,1,0.621,0.6182088073515265,0.6249076697078628,0.62657,0.64065,23.767077807706265,0.0009132262959560808,CADCHF_merged,20.766390184369175
2024-12-10 01:00:00,2024-12-11 19:00:00,1.0,30.0,0.4147581254182214,5925.116077403163,-1,1.65114,1.659500038749099,1.642779961250901,1.59636,1.63608,63.437843704626395,0.0028190025551302535,EURAUD_merged,29.58524187458178
2024-12-10 01:00:00,2024-12-11 19:00:00,1.4,60.0,0.8018657091418948,11455.224416312783,-1,1.65114,1.6597883159473439,1.6390323576737187,1.59636,1.63608,62.43207280573693,0.0028190025551302535,EURAUD_merged,83.1981342908581
2024-12-11 06:00:00,2024-12-11 20:00:00,1.4,60.00000000000001,1.1104084665398875,15862.978093426966,-1,1.81886,1.8257396413483808,1.8092285021122667,1.77413,1.80716,65.4751002304405,0.0022286985125940777,EURNZD_merged,82.8895915334601
2024-12-11 10:00:00,2024-12-12 06:00:00,1.0,30.0,0.5569445625207424,7956.350893153463,-1,2.20395,2.212260153849159,2.195639846150841,2.13603,2.18405,57.996270643861,0.002953743843326817,GBPNZD_merged,29.44305543747926
2024-12-11 07:00:00,2024-12-13 02:00:00,1.4,90.0,1.6200999892153538,23144.285560219345,-1,2.20517,2.2137451318390715,2.1931648154252996,2.13603,2.18405,67.59826484799201,0.0028549217597126416,GBPNZD_merged,124.37990001078464
2024-12-11 07:00:00,2024-12-13 02:00:00,1.5,15.0,0.27001666486922565,3857.3809267032243,-1,2.20517,2.2137451318390715,2.1923073022413924,2.13603,2.18405,67.38399830309149,0.0028549217597126416,GBPNZD_merged,22.229983335130775
2024-12-16 18:00:00,2024-12-17 02:00:00,-1.1,14.999999999999998,0.3984287776979461,5691.83968139923,-1,1.13351,1.1364971976288376,1.129626643082511,1.11066,1.13493,66.28797771496143,0.0013565444537301822,GBPCHF_merged,-16.898428777697948
2024-12-16 20:00:00,2024-12-17 02:00:00,-1.1,30.0,0.5964012632809663,8520.018046870948,-1,1.13408,1.1380732309782484,1.1280901535326275,1.11066,1.13493,63.624365520849715,0.0013117143504102053,GBPCHF_merged,-33.59640126328097
2024-12-16 21:00:00,2024-12-17 02:00:00,-1.1,30.0,0.6256655517277593,8938.079310396563,-1,1.13334,1.1371439716161895,1.1295360283838105,1.11066,1.13493,66.94831307626801,0.0013208776110951825,GBPCHF_merged,-33.62566555172776
2024-12-16 18:00:00,2024-12-17 02:00:00,-1.1,90.0,1.7530866218709633,25044.09459815662,-1,1.13351,1.1375834513120513,1.127807168163128,1.11066,1.13493,68.36235286268573,0.0013565444537301822,GBPCHF_merged,-100.75308662187098
2024-12-17 09:00:00,2024-12-17 10:00:00,-1.1,30.0,0.7741708192106622,11059.58313158089,-1,1.42743,1.431302017551703,1.423557982448297,1.39269,1.41774,67.0946187110263,0.001439808575668468,USDCAD_merged,-33.77417081921066
2024-12-17 09:00:00,2024-12-17 10:00:00,-1.1,29.999999999999996,0.6005488896614056,8579.269852305795,-1,1.81304,1.8193798402120878,1.8067001597879122,1.74781,1.81498,66.79716379124837,0.002187140954609377,GBPCAD_merged,-33.600548889661404
2024-12-17 09:00:00,2024-12-17 10:00:00,-1.1,90.0,2.245095375710921,32072.79108158459,-1,1.42743,1.4314355353983135,1.4218222504423612,1.39269,1.41774,66.61662818857506,0.001439808575668468,USDCAD_merged,-101.24509537571093
2024-12-17 09:00:00,2024-12-17 10:00:00,-1.1,30.0,0.7483651252369737,10690.930360528197,-1,1.42743,1.4314355353983135,1.4214216969025297,1.38152,1.41774,68.0982718470387,0.001439808575668468,USDCAD_merged,-33.74836512523697
2024-12-17 09:00:00,2024-12-17 10:00:00,-1.1,15.0,0.39581631364047193,5654.518766292456,-1,1.81304,1.8178495339539975,1.8067876058598031,1.74781,1.81498,65.16257757258931,0.002187140954609377,GBPCAD_merged,-16.895816313640474
2024-12-17 06:00:00,2024-12-17 11:00:00,1.0,30.0,0.6237554086643112,8910.791552347304,-1,0.89649,0.8995082167141948,0.8934717832858052,0.8734,0.89572,63.6048710182974,0.0010064240710475957,USDCHF_merged,29.376244591335688
2024-12-17 09:00:00,2024-12-17 11:00:00,-1.1,90.0,1.7415917800180765,24879.88257168681,-1,1.81304,1.8195984553918148,1.8038581624514591,1.74781,1.81498,66.28019210748249,0.002187140954609377,GBPCAD_merged,-100.7415917800181
2024-12-17 09:00:00,2024-12-17 11:00:00,-1.1,30.0,0.5805305933393589,8293.29419056227,-1,1.81304,1.8195984553918148,1.8032023169122777,1.74781,1.81498,67.5539897447607,0.002187140954609377,GBPCAD_merged,-33.58053059333936
2024-12-17 06:00:00,2024-12-17 13:00:00,1.5,29.999999999999996,0.6029635617088343,8613.76516726906,-1,0.89649,0.8996122931526153,0.8918065602710771,0.86146,0.89572,64.77283482580903,0.0010064240710475957,USDCHF_merged,44.39703643829116
2024-12-17 09:00:00,2024-12-17 17:00:00,1.0,30.0,0.5503658140496079,7862.368772137257,-1,1.13739,1.141729875295715,1.1330501247042848,1.11066,1.13493,58.73098684278422,0.0015346152424703362,GBPCHF_merged,29.44963418595039
2024-12-18 06:00:00,2024-12-18 14:00:00,-1.1,30.000000000000004,1.0318361416434185,14740.516309191695,-1,1.43209,1.4350045994006473,1.4291754005993529,1.39269,1.41774,65.47715731931454,0.000984674684936291,USDCAD_merged,-34.031836141643424
2024-12-17 09:00:00,2024-12-18 17:00:00,1.4,89.99999999999999,1.5960608607438633,22800.869439198046,-1,1.13739,1.141879526167981,1.1311046633648263,1.11066,1.13493,59.12459876829282,0.0015346152424703362,GBPCHF_merged,124.40393913925611
2024-12-18 07:00:00,2024-12-18 18:00:00,-1.1,30.0,0.6155553857637596,8793.64836805371,-1,1.66217,1.667840581528044,1.656499418471956,1.59636,1.63608,55.56428527979873,0.002022846302083092,EURAUD_merged,-33.61555538576376
2024-12-18 20:00:00,2024-12-19 01:00:00,1.2,15.0,0.1929627775717962,2756.611108168517,1,96.293,95.76902511078916,96.92176986705303,99.533,102.401,32.9700501082709,0.2162283797541978,AUDJPY_merged,17.807037222428203
2024-12-18 03:00:00,2024-12-19 07:00:00,1.0,30.0,0.7024425332021392,10034.893331459132,-1,1.81846,1.8238964105524644,1.8130235894475355,1.74781,1.81498,56.21991509215679,0.0018985797335477634,GBPCAD_merged,29.297557466797862
2024-12-18 23:00:00,2024-12-19 07:00:00,1.0,90.0,1.3309075455389352,19012.964936270502,-1,2.23535,2.245931279704367,2.224768720295633,2.13603,2.18405,72.31170363872803,0.004068761033050626,GBPNZD_merged,88.66909245446107
2024-12-17 09:00:00,2024-12-19 07:00:00,1.5,29.999999999999996,0.5320202869146211,7600.289813066016,-1,1.13739,1.141879526167981,1.1306557107480282,1.11066,1.13493,57.12900951381463,0.0015346152424703362,GBPCHF_merged,44.46797971308537
2024-12-18 20:00:00,2024-12-19 08:00:00,1.0,59.99999999999999,0.7302947603463877,10432.782290662682,1,0.62193,0.6183532168408807,0.6255067831591192,0.64401,0.65494,26.967154701972337,0.0013870908876728733,AUDUSD_merged,59.269705239653604
2024-12-18 23:00:00,2024-12-19 09:00:00,1.2,30.0,0.4621206755343525,6601.723936205036,-1,2.23535,2.245508028516192,2.2231603657805694,2.13603,2.18405,73.08995824320725,0.004068761033050626,GBPNZD_merged,35.53787932446565
2024-12-18 23:00:00,2024-12-19 10:00:00,1.4,30.0,0.4436358485129784,6337.654978756835,-1,2.23535,2.245931279704367,2.220536208413886,2.13603,2.18405,72.01305361745229,0.004068761033050626,GBPNZD_merged,41.556364151487024
2024-12-18 23:00:00,2024-12-19 10:00:00,1.3,60.00000000000001,0.8531458625249584,12187.798036070835,-1,2.23535,2.2463545308925417,2.2210441098396956,2.13603,2.18405,72.01305361745229,0.004068761033050626,GBPNZD_merged,77.14685413747506
2024-12-18 23:00:00,2024-12-19 12:00:00,1.4,15.000000000000002,0.19122234849697342,2731.747835671049,-1,2.23535,2.2476242844570655,2.218166001760108,2.13603,2.18405,72.31170363872803,0.004068761033050626,GBPNZD_merged,20.808777651503025
2024-12-19 14:00:00,2024-12-20 08:00:00,1.2,30.0,0.3577069585327963,5110.099407611377,-1,157.537,158.4618567636396,156.4271718836325,148.646,156.746,74.02253807264374,0.37247434307483696,USDJPY_merged,35.642293041467205
2024-12-19 14:00:00,2024-12-20 08:00:00,1.0,90.0,1.0301960405744535,14717.086293920765,-1,157.537,158.50039246212458,156.57360753787543,148.646,156.746,73.35402326450797,0.37247434307483696,USDJPY_merged,88.96980395942555
2024-12-19 14:00:00,2024-12-20 11:00:00,1.3,60.0,0.6603820772913161,9434.02967559023,-1,157.537,158.53892816060954,156.2344933912076,148.646,156.746,73.05105482467303,0.37247434307483696,USDJPY_merged,77.33961792270868
2024-12-19 21:00:00,2024-12-20 11:00:00,1.3,30.0,0.4375951087489408,6251.358696413441,-1,157.275,158.0297559225336,156.2938173007063,148.646,156.746,61.710399652434965,0.35399438288756113,USDJPY_merged,38.562404891251056
2024-12-18 22:00:00,2024-12-20 11:00:00,1.0,89.99999999999999,1.0434137414474323,14905.910592106176,1,0.56279,0.5593919452694944,0.5661880547305056,0.57965,0.59284,23.142356679980907,0.0013278488999021,NZDUSD_merged,88.95658625855255
2024-12-19 14:00:00,2024-12-20 11:00:00,1.4,30.0,0.3433986801914845,4905.695431306922,-1,157.537,158.50039246212458,156.18825055302563,148.646,156.746,73.05105482467303,0.37247434307483696,USDJPY_merged,41.656601319808516
2024-12-18 22:00:00,2024-12-20 12:00:00,1.3,15.0,0.19761623891049854,2823.0891272928366,1,0.56279,0.559799711837155,0.5666773746116984,0.57965,0.59284,23.142356679980907,0.0013278488999021,NZDUSD_merged,19.3023837610895
2024-12-19 02:00:00,2024-12-20 12:00:00,1.2,30.0,0.3900881397070768,5572.687710101098,1,0.56344,0.5604067778136282,0.5670798666236462,0.57965,0.59284,31.43294418999502,0.001244282393536712,NZDUSD_merged,35.609911860292925
2024-12-18 20:00:00,2024-12-20 12:00:00,1.3,60.0,0.7022065003330651,10031.521433329503,1,0.62193,0.6182101455145159,0.6267658108311293,0.64401,0.65494,27.34414916315638,0.0013870908876728733,AUDUSD_merged,77.29779349966694
2024-12-18 22:00:00,2024-12-24 14:00:00,-1.1,30.0,0.48946245884024775,6992.320840574968,1,0.8122,0.8087153200839113,0.8163816158993065,0.81364,0.83669,26.37201220161734,0.0014310963961057558,NZDCAD_merged,-33.48946245884025
2024-12-18 22:00:00,2024-12-24 15:00:00,-1.1,15.0,0.20253618986493008,2893.3741409275726,1,0.8122,0.8079893451013929,0.8164106548986072,0.81364,0.83113,27.03342064114754,0.0014310963961057558,NZDCAD_merged,-16.70253618986493
2024-12-19 05:00:00,2024-12-26 10:00:00,-1.1,15.0,0.2047250727188693,2924.6438959838474,-1,1.84009,1.8495275079434124,1.8306524920565876,1.77413,1.80716,57.29814933972729,0.003161147863654209,EURNZD_merged,-16.70472507271887
2024-12-18 23:00:00,2024-12-26 10:00:00,-1.1,90.0,1.4031321409212854,20044.744870304075,-1,1.84307,1.8513453011361967,1.8347946988638033,1.77413,1.80716,71.56709545554777,0.003219397564873057,EURNZD_merged,-100.4031321409213
2024-12-18 23:00:00,2024-12-26 10:00:00,-1.1,30.0,0.487198660042113,6959.980857744472,-1,1.84307,1.8510142890907488,1.8335368530911014,1.77413,1.82742,73.50368268737384,0.003219397564873057,EURNZD_merged,-33.48719866004211
2024-12-18 23:00:00,2024-12-26 10:00:00,-1.1,15.0,0.2351726763061378,3359.6096615162546,-1,1.66594,1.6733780962426217,1.6547828556360673,1.59636,1.65997,66.7946989864438,0.002465125027478201,EURAUD_merged,-16.73517267630614
2024-12-18 23:00:00,2024-12-26 10:00:00,-1.1,30.0,0.46771071364042843,6681.581623434692,-1,1.84307,1.8513453011361967,1.8314845784093245,1.77413,1.82742,71.04610901912555,0.003219397564873057,EURNZD_merged,-33.46771071364043
2024-12-18 23:00:00,2024-12-26 10:00:00,-1.1,60.0,0.8994436800777471,12849.195429682102,-1,1.84307,1.8516763131816445,1.831881792863862,1.77413,1.80716,71.04610901912555,0.003219397564873057,EURNZD_merged,-66.89944368007775
2024-12-29 18:00:00,2024-12-30 06:00:00,-1.1,30.0,0.5171574364303133,7387.963377575906,-1,1.1325,1.1370986963204395,1.1256019555193408,1.11066,1.13493,65.83177587329962,0.001578406003945556,GBPCHF_merged,-33.51715743643031
2024-12-29 19:00:00,2024-12-30 07:00:00,-1.1,30.0,0.6859348188344709,9799.068840492442,-1,1.13424,1.1377124932086802,1.1297257588287157,1.11066,1.13493,63.42999461460895,0.0015149484322351649,GBPCHF_merged,-33.68593481883447
2024-12-27 07:00:00,2024-12-30 08:00:00,1.5,30.0,0.7794238269472857,11134.62609924694,-1,0.83157,0.8338104973258768,0.828209254011185,0.82198,0.83274,48.02152884323301,0.0007827729818189937,EURGBP_merged,44.22057617305271
2024-12-18 22:00:00,2024-12-31 11:00:00,-1.1,60.0,0.6688549624663027,9555.070892375754,1,0.56279,0.5592560230802742,0.5673841699956436,0.57965,0.59284,23.66047950269421,0.0013278488999021,NZDUSD_merged,-66.6688549624663
2024-12-18 22:00:00,2024-12-31 11:00:00,-1.1,59.99999999999999,0.6956091609649548,9937.273728070784,1,0.56279,0.5593919452694944,0.5675472766227079,0.57965,0.59284,23.66047950269421,0.0013278488999021,NZDUSD_merged,-66.69560916096495
2024-12-19 02:00:00,2024-12-31 11:00:00,-1.1,30.0,0.3228315638955118,4611.8794842215975,1,0.56344,0.5597748565248009,0.568571200865279,0.57965,0.59284,30.211190784430727,0.001244282393536712,NZDUSD_merged,-33.32283156389551
2024-12-19 02:00:00,2024-12-31 11:00:00,-1.1,15.0,0.1614157819477559,2305.9397421107988,1,0.56344,0.5597748565248009,0.5671051434751992,0.57965,0.59284,30.809802126335796,0.001244282393536712,NZDUSD_merged,-16.661415781947756
2024-12-18 20:00:00,2024-12-31 12:00:00,-1.1,60.0,0.6520488931664176,9314.984188091681,1,0.62193,0.6179240028617864,0.6279389957073204,0.64401,0.65494,27.739889513831315,0.0013870908876728733,AUDUSD_merged,-66.65204889316642
2024-12-18 22:00:00,2024-12-31 12:00:00,-1.1,30.0,0.31053980400221204,4436.282914317315,1,0.56279,0.5589841787018337,0.5684987319472494,0.57965,0.59284,24.183144654219088,0.0013278488999021,NZDUSD_merged,-33.31053980400221
2024-12-26 19:00:00,2025-01-02 04:00:00,1.5,15.0,0.2867529568573885,4096.470812248407,-1,1.67449,1.6806214607502876,1.6652928088745687,1.59636,1.65997,60.814728520998834,0.0020049759465176203,EURAUD_merged,22.213247043142612
2024-12-31 14:00:00,2025-01-02 04:00:00,1.5,30.0,0.5368690939646376,7669.558485209109,-1,2.2354,2.2441439192398533,2.22228412114022,2.13603,2.18405,65.09204045102145,0.0028307369075736438,GBPNZD_merged,44.46313090603536
2025-01-02 20:00:00,2025-01-05 20:00:00,1.2,60.0,1.3423863340557058,19176.947629367227,1,1.23864,1.2347645970194865,1.243290483576616,1.24869,1.2811,26.404767572620788,0.0015529832960319897,GBPUSD_merged,70.6576136659443
2025-01-02 16:00:00,2025-01-05 21:00:00,1.2,60.0,0.9765573583307511,13950.819404725016,1,1.02613,1.0217167968601795,1.0314258437677846,1.03325,1.06298,26.924952224378107,0.0017610607386209956,EURUSD_merged,71.02344264166925
2025-01-02 16:00:00,2025-01-06 03:00:00,1.4,15.0,0.2020463499994657,2886.376428563796,1,1.02613,1.0207973795393837,1.0335956686448629,1.03325,1.06298,28.91529843233151,0.0017610607386209956,EURUSD_merged,20.797953650000533
2025-01-02 16:00:00,2025-01-06 03:00:00,1.5,30.0,0.3906229433323004,5580.3277618900065,1,1.02613,1.0206134960752244,1.0344047558871632,1.03325,1.06298,26.600859675186967,0.0017610607386209956,EURUSD_merged,44.6093770566677
2025-01-02 20:00:00,2025-01-06 03:00:00,1.5,60.00000000000001,1.1094669568711077,15849.52795530154,-1,0.91148,0.9149305002391385,0.9063042496412922,0.8734,0.89572,63.79971065763547,0.0011022976930666832,USDCHF_merged,88.89053304312891
2025-01-02 20:00:00,2025-01-06 03:00:00,1.5,60.0,1.0739090672445646,15341.55810349378,1,1.23864,1.233795746274358,1.2459063805884627,1.24869,1.2811,26.49298816856263,0.0015529832960319897,GBPUSD_merged,88.92609093275543
2024-12-19 21:00:00,2025-01-06 20:00:00,-1.1,15.0,0.16045153987461164,2292.164855351595,-1,157.275,158.30421262163674,155.7311810675449,148.646,156.746,55.48681743514316,0.35399438288756113,USDJPY_merged,-16.66045153987461
2025-01-08 16:00:00,2025-01-09 01:00:00,-1.1,30.0,0.7841136769089009,11201.623955841442,-1,0.8344,0.8366346759807936,0.8314949212249685,0.82198,0.83274,66.99263173255733,0.0009782073944907647,EURGBP_merged,-33.7841136769089
2025-01-08 09:00:00,2025-01-10 05:00:00,-1.1,90.0,1.6930643374214052,24186.633391734358,-1,0.91028,0.9136672097316362,0.9051991854025456,0.8734,0.89572,60.63245864842754,0.0011484220597921739,USDCHF_merged,-100.69306433742142
2025-01-09 05:00:00,2025-01-10 07:00:00,1.2,30.0,0.513154792053202,7330.782743617172,1,1.11944,1.1148588793782983,1.124937344746042,1.11722,1.13942,31.995350677387417,0.002007457383396514,GBPCHF_merged,35.4868452079468
2025-01-08 11:00:00,2025-01-10 08:00:00,-1.1,90.0,1.6437269067553946,23481.8129536485,1,1.03017,1.0262216123613193,1.0349080651664169,1.03325,1.06298,41.18801975523927,0.001670507122108636,EURUSD_merged,-100.6437269067554
2025-01-09 04:00:00,2025-01-10 08:00:00,-1.1,59.99999999999999,0.8550253514970491,12214.647878529273,1,1.22875,1.2227142140540463,1.2359929431351444,1.24869,1.2811,29.651075281753837,0.002528131467184457,GBPUSD_merged,-66.85502535149705
2025-01-08 09:00:00,2025-01-10 08:00:00,-1.1,59.99999999999999,0.7656238794913163,10937.48399273309,1,0.56002,0.5569478857896089,0.5646281713155865,0.56075,0.59284,27.78893224019668,0.0010294639222639124,NZDUSD_merged,-66.76562387949132
2025-01-08 11:00:00,2025-01-10 08:00:00,-1.1,60.0,0.876654350269544,12523.6335752792,1,1.03017,1.0252345154516491,1.0375732268225264,1.03325,1.06298,41.3718943026363,0.001670507122108636,EURUSD_merged,-66.87665435026955
2025-01-09 10:00:00,2025-01-12 20:00:00,-1.1,30.0,0.6347787177698345,9068.267396711923,-1,0.837,0.839768996424731,0.8334003046478496,0.82198,0.83274,63.69522058270145,0.001224446542905941,EURGBP_merged,-33.634778717769834
2025-01-09 06:00:00,2025-01-12 22:00:00,-1.1,89.99999999999999,1.7973106680543731,25675.86668649105,-1,0.83864,0.8415796320257307,0.8357003679742694,0.82198,0.83284,70.94805400219819,0.001231863323842821,EURGBP_merged,-100.79731066805437
2025-01-09 06:00:00,2025-01-12 22:00:00,-1.1,60.00000000000001,1.2481324083710927,17830.462976729897,-1,0.83864,0.8414620467447015,0.8352535439063583,0.82198,0.83753,72.05889542600647,0.001231863323842821,EURGBP_merged,-67.2481324083711
2025-01-09 06:00:00,2025-01-12 22:00:00,-1.1,59.99999999999999,1.1982071120362487,17117.244457660698,-1,0.83864,0.8415796320257307,0.8345245151639771,0.82198,0.83274,70.52491152121931,0.001231863323842821,EURGBP_merged,-67.19820711203624
2025-01-13 06:00:00,2025-01-13 17:00:00,1.4,30.0,0.3430127319432642,4900.1818849037745,1,1.21313,1.205702949156822,1.2235278711804491,1.24869,1.2811,28.347371708902628,0.002571691156682601,GBPUSD_merged,41.65698726805674
2025-01-13 01:00:00,2025-01-13 17:00:00,1.2,30.0,0.46715712726592445,6673.673246656064,1,1.21466,1.209199768632176,1.221212277641389,1.24869,1.2811,24.341172020134948,0.0022475895173129116,GBPUSD_merged,35.53284287273407
2025-01-13 06:00:00,2025-01-16 11:00:00,1.2,60.0,0.9734094168909304,13905.848812727578,1,1.7514,1.7438431797429137,1.7604681843085037,1.74781,1.82319,26.60338313484302,0.003265198313753666,GBPCAD_merged,71.02659058310907
2025-01-13 06:00:00,2025-01-20 01:00:00,1.4,30.0,0.4027901035410746,5754.144336301066,1,1.7514,1.742268842189354,1.7641836209349044,1.74781,1.82319,28.239407211478206,0.003265198313753666,GBPCAD_merged,41.59720989645893
2025-01-24 07:00:00,2025-01-24 10:00:00,-1.1,15.0,0.594051666866606,8486.452383808659,-1,0.94939,0.9510680686859411,0.9475441244454647,0.9337,0.94407,69.38399690773221,0.0009313846395728294,EURCHF_merged,-17.094051666866605
2025-01-24 07:00:00,2025-01-24 10:00:00,-1.1,15.0,0.6683081252249319,9547.258931784741,-1,0.94939,0.9508816166097255,0.9476000600683294,0.9337,0.94407,68.65557325931005,0.0009313846395728294,EURCHF_merged,-17.168308125224932
2025-01-24 07:00:00,2025-01-24 10:00:00,-1.1,14.999999999999998,0.6289958825646418,8985.655465209169,-1,0.94939,0.9509748426478333,0.9474881888226,0.92555,0.94407,72.97809413878247,0.0009313846395728294,EURCHF_merged,-17.12899588256464
2025-01-24 07:00:00,2025-01-24 10:00:00,-1.1,15.0,0.6683081252249319,9547.258931784741,-1,0.94939,0.9508816166097255,0.9473017367463843,0.92555,0.94407,68.65557325931005,0.0009313846395728294,EURCHF_merged,-17.168308125224932
2025-01-24 07:00:00,2025-01-24 10:00:00,-1.1,15.0,0.594051666866606,8486.452383808659,-1,0.94939,0.9510680686859411,0.9475441244454647,0.9337,0.94407,72.97809413878247,0.0009313846395728294,EURCHF_merged,-17.094051666866605
2025-02-19 22:00:00,2025-02-20 01:00:00,-1.1,15.0,0.24574560862502037,3510.6515517860057,1,157.272,156.60002217331999,158.01117560934802,159.616,164.079,29.802420241948973,0.27630604990972135,EURJPY_merged,-16.745745608625022
2025-02-26 12:00:00,2025-02-26 16:00:00,-1.1,15.0,0.6767918497358312,9668.45499622616,-1,2.22321,2.226659170525489,2.2187260783168643,2.18313,2.22102,69.40715918055906,0.0022930579443503282,GBPNZD_merged,-17.17679184973583
2025-02-26 12:00:00,2025-02-26 23:00:00,-1.1,15.0,0.5639932081131926,8057.045830188467,-1,2.22321,2.227349004630587,2.218243194443296,2.18313,2.22102,69.40715918055906,0.0022930579443503282,GBPNZD_merged,-17.063993208113192
2025-02-26 12:00:00,2025-02-26 23:00:00,-1.1,15.0,0.40607510984149875,5801.072997735697,-1,2.22321,2.2289586175424816,2.2174613824575182,2.18313,2.22102,69.95845883718182,0.0022930579443503282,GBPNZD_merged,-16.9060751098415
2025-02-26 12:00:00,2025-02-26 23:00:00,-1.1,15.0,0.5639932081131926,8057.045830188467,-1,2.22321,2.227349004630587,2.2186570949063547,2.18313,2.22102,71.95414600326511,0.0022930579443503282,GBPNZD_merged,-17.063993208113192
2025-02-26 12:00:00,2025-02-26 23:00:00,-1.1,15.0,0.5639932081131926,8057.045830188467,-1,2.22321,2.227349004630587,2.2186570949063547,2.18313,2.22102,69.95845883718182,0.0022930579443503282,GBPNZD_merged,-17.063993208113192
2025-02-26 12:00:00,2025-02-26 23:00:00,-1.1,15.0,0.4413859889581508,6305.5141279735835,-1,2.22321,2.228498728139083,2.2173923990470086,2.18313,2.22102,69.40715918055906,0.0022930579443503282,GBPNZD_merged,-16.94138598895815
2025-03-07 10:00:00,2025-03-10 02:00:00,1.1,15.0,0.3386941597207095,4838.487996010136,-1,1.89934,1.9052282237640132,1.8928629538595854,1.81684,1.84938,73.25193616232824,0.0035132900369909993,EURNZD_merged,16.16130584027929
2025-03-10 09:00:00,2025-03-10 13:00:00,1.1,30.0,0.710813052479252,10154.47217827503,-1,0.8266,0.8290420767091227,0.8239137156199651,0.8069,0.82362,67.45555290818207,0.001354801476928402,NZDCAD_merged,32.28918694752075
2025-03-18 18:00:00,2025-03-19 19:00:00,-1.1,15.0,0.683653238065666,9766.474829509516,1,1.09309,1.0914111598569365,1.0949367241573698,1.10012,1.11743,29.897329699055177,0.0006492834817093322,AUDNZD_merged,-17.183653238065666
2025-03-20 10:00:00,2025-03-21 01:00:00,1.1,60.0,1.5255848871234952,21794.069816049934,-1,2.06101,2.066684048080223,2.0547685471117547,1.97442,2.06273,65.55906567108094,0.003113516866781608,GBPAUD_merged,64.4744151128765
2025-04-03 17:00:00,2025-04-03 22:00:00,-1.1,15.0,0.2103814319241566,3005.4490274879518,1,0.54129,0.5385884569274874,0.545342314608769,0.54937,0.57621,26.88093546861826,0.0016456327707001905,AUDCHF_merged,-16.710381431924155
2025-04-03 20:00:00,2025-04-03 23:00:00,-1.1,15.0,0.24265360679581208,3466.48009708303,1,1.12452,1.1196540265838555,1.1303591680993734,1.12848,1.15018,28.987559946354164,0.0023899162289242283,GBPCHF_merged,-16.742653606795812
2025-04-04 02:00:00,2025-04-04 03:00:00,-1.1,14.999999999999998,0.22701797083424713,3243.1138690606736,1,1.11889,1.1137149273144205,1.1251000872226953,1.12848,1.15018,26.408671669280398,0.0024057124971601927,GBPCHF_merged,-16.727017970834247
2025-04-21 03:00:00,2025-04-21 03:00:00,-1.1,60.0,0.9472310019722545,13531.871456746494,-1,1.15154,1.156645901295386,1.1438811480569209,1.07328,1.09545,81.01572352732865,0.0023100490525719743,EURUSD_merged,-66.94723100197226
2025-04-21 03:00:00,2025-04-21 05:00:00,-1.1,15.0,0.3724769058757536,5321.0986553679095,-1,1.33814,1.3419121721208367,1.3332361762429126,1.27079,1.32073,76.97851642797053,0.0018614362847687027,GBPUSD_merged,-16.872476905875754
2025-04-21 06:00:00,2025-04-22 01:00:00,-1.1,15.0,0.2343904527824509,3348.435039749299,1,140.652,140.02192058231537,141.5971191265269,146.538,151.208,34.36684090858812,0.2271067100960583,USDJPY_merged,-16.73439045278245
2025-04-21 07:00:00,2025-04-22 12:00:00,1.2,60.0,0.8084961087296778,11549.94441042397,-1,1.15233,1.1583161586812143,1.145146609582543,1.07328,1.14736,69.6421412639149,0.0024698589387366875,EURUSD_merged,71.19150389127032
2025-04-21 07:00:00,2025-04-22 13:00:00,1.5,30.0,0.4042480543648389,5774.972205211985,-1,1.15233,1.1583161586812143,1.1433507619781789,1.07328,1.09545,71.4732217287619,0.0024698589387366875,EURUSD_merged,44.59575194563516
2025-04-21 03:00:00,2025-04-22 16:00:00,1.2,15.0,0.3277796771706632,4682.56681672376,-1,1.33814,1.3424265592282236,1.332996128926132,1.27079,1.32073,73.98814195572498,0.0018614362847687027,GBPUSD_merged,17.672220322829336
2025-04-21 03:00:00,2025-04-22 17:00:00,1.5,15.0,0.3277796771706632,4682.56681672376,-1,1.33814,1.3424265592282236,1.331710161157665,1.27079,1.32073,78.11154996583227,0.0018614362847687027,GBPUSD_merged,22.172220322829336
2025-05-12 05:00:00,2025-05-12 06:00:00,-1.1,60.0,1.0041749808639728,14345.356869485327,-1,1.1103,1.1149438719235845,1.1047273536916988,1.06101,1.10862,68.21740112081652,0.0020305810001884565,GBPCHF_merged,-67.00417498086398
2025-05-12 05:00:00,2025-05-12 06:00:00,-1.1,15.0,0.1899108601445196,2713.0122877788517,-1,0.84151,0.8461626328158779,0.8359268406209465,0.80391,0.83342,70.33039345408511,0.0023851509502290633,USDCHF_merged,-16.68991086014452
2025-05-12 05:00:00,2025-05-12 06:00:00,-1.1,15.0,0.22342454134649367,3191.779162092767,-1,0.84151,0.8454647378934962,0.8355778931597556,0.80391,0.83342,70.33039345408511,0.0023851509502290633,USDCHF_merged,-16.723424541346493
2025-05-12 05:00:00,2025-05-13 10:00:00,-1.1,60.0,0.616352428162265,8805.034688032358,-1,0.53937,0.5430454199326422,0.5349594960808294,0.52256,0.53409,67.38838126558444,0.0015030131178385413,AUDCHF_merged,-66.61635242816226
2025-05-12 08:00:00,2025-05-14 05:00:00,1.3,15.0,0.18414229338342045,2630.604191191721,-1,105.806,106.40931767329884,105.02168702471148,101.252,105.403,66.79603657545094,0.273575641327437,CADJPY_merged,19.31585770661658
2025-05-12 08:00:00,2025-05-14 05:00:00,1.2,30.0,0.32409043635481993,4629.863376497428,-1,105.806,106.49158826511233,104.9832940818652,101.252,105.403,65.3833422978629,0.273575641327437,CADJPY_merged,35.67590956364518
2025-05-25 17:00:00,2025-05-27 11:00:00,1.2,15.0,0.28686081926480034,4098.011703782862,1,1.3714,1.366380248596896,1.3774237016837245,1.37499,1.40159,26.460071054821707,0.0017615952768559062,USDCAD_merged,17.7131391807352
2025-06-12 08:00:00,2025-06-12 19:00:00,-1.1,60.0,0.8282572928126811,11832.24704018116,1,0.81261,0.8084893456699791,0.8175547851960252,0.81565,0.83473,25.233949335562134,0.0015272784800559806,USDCHF_merged,-66.82825729281268
2025-06-13 00:00:00,2025-06-13 07:00:00,1.2,30.0,0.3763843154027636,5376.918791468052,1,0.80908,0.8045658161446451,0.814497020626426,0.81565,0.83473,36.17519500854659,0.0015411426137836369,USDCHF_merged,35.62361568459723
2025-06-13 01:00:00,2025-06-13 11:00:00,1.2,30.0,0.39836113141727114,5690.873305961017,1,1.09569,1.0899139620823102,1.1026212455012279,1.10385,1.12057,33.630326354244026,0.0020580416977824764,GBPCHF_merged,35.60163886858273
2025-06-23 08:00:00,2025-06-23 10:00:00,1.3,15.0,0.2011134207107914,2873.0488672970205,-1,147.591,148.36156294628321,146.58926816983185,142.112,146.285,66.22816559463583,0.2852227063936919,USDJPY_merged,19.29888657928921
2025-06-23 09:00:00,2025-06-24 02:00:00,1.3,60.0,0.865679500623003,12366.850008900044,-1,180.143,181.0169962069744,179.00680493093327,173.088,176.172,67.60742583317943,0.3241521346737374,CHFJPY_merged,77.134320499377
2025-06-24 16:00:00,2025-06-26 04:00:00,-1.1,60.0,0.8090183968557527,11557.405669367898,1,0.80513,0.8009501865209218,0.810145776174894,0.80555,0.83473,28.76001235028228,0.001376935350443808,USDCHF_merged,-66.80901839685575
2025-06-26 08:00:00,2025-06-26 12:00:00,-1.1,30.0,0.46351992794654046,6621.71325637915,1,0.80182,0.7981873147615043,0.8061792222861949,0.80555,0.83473,33.12445738810009,0.0013310322192227903,USDCHF_merged,-33.46351992794654
2025-06-23 06:00:00,2025-06-26 20:00:00,-1.1,15.0,0.24331918028196883,3475.9882897424122,-1,197.909,198.76304056416427,196.79874726658645,192.726,196.311,73.41387663127321,0.3067176543422078,GBPJPY_merged,-16.74331918028197
2025-07-01 07:00:00,2025-07-01 11:00:00,1.2,30.0,0.445633251925535,6366.189313221929,1,0.78864,0.7849236166447545,0.7930996600262946,0.80555,0.8215,28.055980271970338,0.0012628321088224803,USDCHF_merged,35.554366748074465
2025-07-02 11:00:00,2025-07-03 08:00:00,1.2,29.999999999999996,0.4042293468253625,5774.704954648036,1,1.07853,1.0729269604933742,1.0852536474079508,1.09236,1.12057,31.51489174586341,0.0019212195464564906,GBPCHF_merged,35.59577065317463
2025-07-07 02:00:00,2025-07-08 00:00:00,1.3,59.99999999999999,1.1844339671947661,16920.485245639517,-1,1.80806,1.8144713764129758,1.7997252106631314,1.74606,1.79905,67.16436444373882,0.0024363992954678972,EURAUD_merged,76.81556603280524
2025-07-24 03:00:00,2025-07-25 00:00:00,1.0,15.0,0.46484384226209957,6640.626318029995,-1,0.89981,0.9018425115965875,0.8977774884034125,0.88651,0.89468,70.43824795036456,0.0009243068427154949,AUDCAD_merged,14.5351561577379
2025-07-24 06:00:00,2025-07-27 17:00:00,-1.4189705449048309,15.0,0.4686245663015096,6694.636661450138,1,2.04718,2.0425930893799173,2.0540603659301238,2.0589,2.10353,36.27484251177591,0.0024010089496644287,GBPAUD_merged,-21.753182739873974
2025-07-24 06:00:00,2025-07-27 17:00:00,-1.3530220176595893,15.0,0.44519333798643407,6359.90482837763,1,2.04718,2.042351673031492,2.0539396577559113,2.0589,2.10353,35.83567562888811,0.0024010089496644287,GBPAUD_merged,-20.740523602880273
2025-07-28 19:00:00,2025-07-29 02:00:00,-1.1,14.999999999999998,0.4522187936952988,6460.268481361412,1,1.336,1.3328979617398538,1.339412242086161,1.33646,1.37885,31.467112138827357,0.0014130781422415398,GBPUSD_merged,-16.952218793695298
2025-07-28 19:00:00,2025-07-29 02:00:00,-1.1,15.0,0.4998207719790146,7140.2967425573515,1,1.336,1.333193393955106,1.3396485878583626,1.33701,1.37885,31.467112138827357,0.0014130781422415398,GBPUSD_merged,-16.999820771979014
2025-07-28 19:00:00,2025-07-29 02:00:00,-1.1,15.0,0.4998207719790146,7140.2967425573515,1,1.336,1.333193393955106,1.3396485878583626,1.33646,1.37885,31.022443148965504,0.0014130781422415398,GBPUSD_merged,-16.999820771979014
2025-07-29 04:00:00,2025-07-30 08:00:00,-1.1,15.0,0.331395515221226,4734.221646017515,1,1.58926,1.5842245576860445,1.5968131634709328,1.58868,1.60709,36.38874154892844,0.0019767357166120066,EURCAD_merged,-16.831395515221224
2025-08-01 12:00:00,2025-08-01 13:00:00,-1.1,15.0,0.23816418973009904,3402.3455675728437,1,87.497,87.11124994200802,88.03705008118878,87.297,88.9,27.404763242681636,0.19731252692485018,NZDJPY_merged,-16.7381641897301
2025-08-01 12:00:00,2025-08-01 13:00:00,-1.1,15.0,0.22682303783818958,3240.329111974137,1,87.497,87.09196243910841,87.94254131698074,87.297,88.9,28.34443326900719,0.19731252692485018,NZDJPY_merged,-16.72682303783819
2025-08-01 12:00:00,2025-08-01 13:00:00,-1.1,15.0,0.25069914708431484,3581.4163869187837,1,87.497,87.13053744490762,87.9734013216201,87.297,88.9,27.404763242681636,0.19731252692485018,NZDJPY_merged,-16.750699147084315
2025-08-03 20:00:00,2025-08-04 14:00:00,-1.1,15.0,0.19209865310207966,2744.2664728868526,1,87.142,86.66568692584545,87.85646961123182,87.297,88.9,33.59283290566164,0.1895591418288322,NZDJPY_merged,-16.69209865310208
2025-08-04 17:00:00,2025-08-05 09:00:00,1.4,15.0,0.3143789279476843,4491.127542109776,1,86.642,86.3526227806237,87.0471281071268,87.297,88.9,34.22620690535133,0.15056799471042076,NZDJPY_merged,20.685621072052317
2025-08-04 18:00:00,2025-08-05 19:00:00,1.1,15.0,0.2885008868155803,4121.441240222576,1,86.878,86.56180721110812,87.22581206778108,87.297,89.063,34.057541640407024,0.14695599508824744,NZDJPY_merged,16.21149911318442
2025-08-13 10:00:00,2025-08-14 11:00:00,1.1,15.0,0.37535146882387954,5362.163840341137,-1,1.35736,1.3611570492148752,1.353183245863637,1.33701,1.35883,69.55623282919737,0.00158052499385056,GBPUSD_merged,16.12464853117612
2025-08-20 09:00:00,2025-08-20 17:00:00,-1.1,15.0,0.2646724116192638,3781.0344517037693,1,0.58362,0.5813046812395335,0.5866299143886066,0.58562,0.6059,29.729681330499997,0.0012529753340625904,NZDUSD_merged,-16.764672411619262
2025-08-20 13:00:00,2025-08-21 10:00:00,1.0,30.0,0.5887424984974651,8410.607121392359,1,0.51727,0.5154249370008581,0.5191150629991419,0.51639,0.52604,25.394517130665403,0.000818760356780652,AUDCHF_merged,29.411257501502536
2025-08-20 13:00:00,2025-08-21 10:00:00,1.3,15.0,0.2872844874730495,4104.064106757851,1,94.664,94.31801125248948,95.11378537176367,94.904,96.832,34.34170768458849,0.1745922450239347,AUDJPY_merged,19.21271551252695
2025-08-20 19:00:00,2025-08-21 10:00:00,1.3,59.99999999999999,1.5057563819474917,21510.80545639274,1,0.51715,0.5157075156605408,0.5190252296412969,0.51795,0.52949,34.174761920322815,0.0007378306922169026,AUDCHF_merged,76.49424361805251
2025-08-20 19:00:00,2025-08-21 10:00:00,1.3,14.999999999999998,0.37643909548687293,5377.701364098185,1,0.51715,0.5157075156605408,0.5190252296412969,0.51639,0.52604,34.262575136165225,0.0007378306922169026,AUDCHF_merged,19.123560904513127
2025-08-20 13:00:00,2025-08-21 10:00:00,1.4,30.0,0.5458405261987941,7797.721802839917,1,94.664,94.29980131840999,95.17387815422602,94.904,97.287,34.34170768458849,0.1745922450239347,AUDJPY_merged,41.454159473801205
2025-08-20 16:00:00,2025-08-21 10:00:00,1.1,30.000000000000004,0.5129358886031542,7327.655551473632,1,85.814,85.46267071303832,86.20046221565784,86.642,89.063,29.510581773111944,0.16734968471094472,NZDJPY_merged,32.487064111396855
2025-08-20 16:00:00,2025-08-21 10:00:00,1.1,29.999999999999996,0.6758638700450409,9655.198143500586,1,0.51721,0.5156029589254006,0.5189777451820592,0.51795,0.52949,29.63120082210422,0.0007434535363874227,AUDCHF_merged,32.32413612995496
2025-08-20 13:00:00,2025-08-21 10:00:00,1.5,15.0,0.2872844874730495,4104.064106757851,1,94.664,94.31801125248948,95.18298312126576,94.904,97.432,34.64821671995109,0.1745922450239347,AUDJPY_merged,22.21271551252695
2025-08-20 16:00:00,2025-08-21 11:00:00,1.3,30.0,0.5669291400350652,8098.987714786647,1,85.814,85.49613064512991,86.22723016133111,86.642,89.063,29.157473691618694,0.16734968471094472,NZDJPY_merged,38.433070859964936
2025-08-20 09:00:00,2025-08-21 11:00:00,-1.1,30.0,0.5028775820766013,7183.965458237161,1,0.58362,0.5811828223574037,0.5870320486996349,0.58562,0.6059,29.729681330499997,0.0012529753340625904,NZDUSD_merged,-33.5028775820766
2025-08-20 16:00:00,2025-08-21 11:00:00,1.4,60.0,1.0771653660666238,15388.076658094627,1,85.814,85.47940067908411,86.28243904928223,86.642,89.063,29.157473691618694,0.16734968471094472,NZDJPY_merged,82.92283463393338
2025-08-20 09:00:00,2025-08-21 11:00:00,-1.1,30.000000000000004,0.47893103054914404,6841.871864987773,1,0.58362,0.5810609634752739,0.5864349401771988,0.58562,0.6059,30.05405363985136,0.0012529753340625904,NZDUSD_merged,-33.47893103054915
2025-08-20 16:00:00,2025-08-21 11:00:00,1.5,60.0,1.1338582800701305,16197.975429573295,1,85.814,85.49613064512991,86.29080403230512,86.642,89.063,29.510581773111944,0.16734968471094472,NZDJPY_merged,88.86614171992987
2025-08-20 19:00:00,2025-08-21 13:00:00,1.5,59.99999999999999,1.5057563819474917,21510.80545639274,1,0.51715,0.5157075156605408,0.5193137265091888,0.51639,0.52604,34.262575136165225,0.0007378306922169026,AUDCHF_merged,88.4942436180525
2025-08-20 19:00:00,2025-08-21 13:00:00,1.3,60.00000000000001,1.1378691118512279,16255.273026446115,1,0.46812,0.466392117610433,0.4703662471064371,0.4723,0.49839,31.50484263404289,0.0008923109422695955,NZDCHF_merged,76.86213088814878
2025-08-20 19:00:00,2025-08-21 13:00:00,1.4,60.0,1.430468562850117,20435.2651835731,1,0.51715,0.5156315954321482,0.5192757663949925,0.51795,0.52949,34.174761920322815,0.0007378306922169026,AUDCHF_merged,82.56953143714988
2025-08-20 20:00:00,2025-08-21 14:00:00,1.1,60.0,1.0502168645566896,15003.098065095566,1,0.46856,0.46668614702123384,0.47062123827664276,0.47261,0.48252,30.48186980323932,0.0008721458749646244,NZDCHF_merged,64.94978313544331
2025-08-20 13:00:00,2025-08-21 14:00:00,1.0,30.0,0.45448326932390676,6492.618133198668,1,0.46852,0.4663551414311386,0.4706848585688614,0.4723,0.49839,22.986786857397636,0.0009473104349090315,NZDCHF_merged,29.545516730676095
2025-08-20 11:00:00,2025-08-21 19:00:00,1.5,15.0,0.18559941236995015,2651.4201767135737,1,85.671,85.18632955384204,86.39800566923695,86.642,89.063,25.559859273353712,0.19366330857295788,NZDJPY_merged,22.31440058763005
2025-08-20 20:00:00,2025-08-21 20:00:00,1.3,60.0,1.160766008194236,16582.371545631944,1,0.46856,0.46686460920968775,0.47076400802740587,0.47261,0.48252,30.36123502291499,0.0008721458749646244,NZDCHF_merged,76.83923399180577
2025-08-20 20:00:00,2025-08-21 21:00:00,1.4,90.0,1.6540915616767862,23629.879452525518,1,0.46856,0.46677537811546077,0.4710584706383548,0.47261,0.48252,30.36123502291499,0.0008721458749646244,NZDCHF_merged,124.34590843832319
2025-08-20 20:00:00,2025-08-21 21:00:00,1.5,90.0,1.7411490122913538,24873.557318447914,1,0.46856,0.46686460920968775,0.4711030861854683,0.4723,0.49839,30.48186980323932,0.0008721458749646244,NZDCHF_merged,133.25885098770866
2025-08-20 05:00:00,2025-08-22 01:00:00,-1.1,60.00000000000001,0.8759632971842658,12513.761388346655,1,0.58291,0.580115108926516,0.5857048910734841,0.58562,0.6059,25.21110784620715,0.0012389475310160142,NZDUSD_merged,-66.87596329718428
2025-08-20 02:00:00,2025-08-22 01:00:00,-1.1,60.00000000000001,0.8243085020691856,11775.83574384551,1,0.58346,0.5804871664142143,0.5867301169443643,0.58562,0.6059,23.4042551521846,0.0012352034706909088,NZDUSD_merged,-66.8243085020692
2025-08-20 13:00:00,2025-08-22 04:00:00,1.5,30.0,0.5180933986777693,7401.334266825275,1,0.51727,0.5151733375009752,0.5204149937485373,0.51795,0.52949,26.765106859317694,0.000818760356780652,AUDCHF_merged,44.48190660132223
2025-08-20 11:00:00,2025-08-22 10:00:00,1.4,30.0,0.5654345586299901,8077.636551857003,1,0.8076,0.8046006078084276,0.8117991490682014,0.81054,0.82573,33.027159128907755,0.001481146374658649,NZDCAD_merged,41.43456544137001
2025-08-20 19:00:00,2025-08-25 02:00:00,1.5,60.0,0.864780525006933,12354.007500099044,1,0.46812,0.46584647054004336,0.47153029418993486,0.47261,0.48252,31.56547241734782,0.0008923109422695955,NZDCHF_merged,89.13521947499306
2025-09-05 11:00:00,2025-09-08 03:00:00,-1.1,60.0,1.093645668778474,15623.5095539782,-1,0.65568,0.6581980513932597,0.6531619486067404,0.64068,0.65684,62.17005949111334,0.001168528185466723,AUDUSD_merged,-67.09364566877848
2025-09-05 13:00:00,2025-09-08 11:00:00,-1.1,30.0,0.5825412558027635,8322.017940039479,1,0.5761,0.5740232200501699,0.578384457944813,0.57781,0.58974,22.573568818791355,0.0008513731948747355,CADCHF_merged,-33.58254125580277
2025-09-08 13:00:00,2025-09-09 17:00:00,-1.1,90.0,2.262338674407707,32319.123920110105,1,0.57446,0.5728602846077201,0.5766996015491918,0.57781,0.58974,32.120857002164485,0.0007598678607013679,CADCHF_merged,-101.26233867440772
2025-09-08 13:00:00,2025-09-09 17:00:00,-1.1,60.0,1.4364055075604485,20520.07867943498,1,0.57446,0.5727802988381061,0.5763076712780832,0.57781,0.58974,32.380578350506084,0.0007598678607013679,CADCHF_merged,-67.43640550756045
2025-09-11 22:00:00,2025-09-12 11:00:00,1.1,60.0,1.8361393624239528,26230.562320342186,1,1.76142,1.757390913672787,1.7658519949599343,1.781,1.81569,31.894155489425412,0.00192871164128467,EURAUD_merged,64.16386063757605
2025-09-11 22:00:00,2025-09-15 09:00:00,1.3,59.99999999999999,2.0294171900475266,28991.6741435361,1,1.76142,1.7577746361801405,1.7661589729658171,1.76732,1.81569,31.894155489425412,0.00192871164128467,EURAUD_merged,75.97058280995248
2025-09-11 22:00:00,2025-09-15 09:00:00,1.3,59.99999999999999,2.0294171900475266,28991.6741435361,1,1.76142,1.7577746361801405,1.7661589729658171,1.781,1.81569,31.67273024555476,0.00192871164128467,EURAUD_merged,75.97058280995248
2025-09-11 22:00:00,2025-09-15 22:00:00,1.4,90.0,2.8919194958177257,41313.13565453894,1,1.76142,1.7575827749264639,1.7667921151029506,1.76732,1.81569,31.67273024555476,0.00192871164128467,EURAUD_merged,123.10808050418225
2025-09-11 22:00:00,2025-09-15 23:00:00,1.5,89.99999999999999,3.04412578507129,43487.51121530415,1,1.76142,1.7577746361801405,1.766888045729789,1.76732,1.81569,31.894155489425412,0.00192871164128467,EURAUD_merged,131.95587421492868
2025-09-17 00:00:00,2025-09-17 14:00:00,-1.1,90.0,3.0557540164442,43653.62880634572,1,0.78698,0.7853574957102832,0.7892515060056035,0.80217,0.81038,30.87778307002099,0.0007747341345113764,USDCHF_merged,-102.05575401644421
2025-09-16 22:00:00,2025-09-17 14:00:00,-1.1,30.0,0.8541550738084341,12202.215340120489,1,0.78679,0.7848556217463732,0.7887243782536267,0.79106,0.8171,28.339732826919857,0.000842886925232091,USDCHF_merged,-33.854155073808435
2025-09-16 19:00:00,2025-09-17 14:00:00,1.1,60.0,1.9742724684050825,28203.892405786897,1,1.07312,1.070837081065492,1.0756312108279589,1.0728,1.09599,30.394878671499672,0.0010294539506328357,GBPCHF_merged,64.02572753159492
2025-09-17 00:00:00,2025-09-17 14:00:00,-1.1,90.0,2.9102419204230476,41574.88457747211,1,0.78698,0.7852763704957973,0.7888539924546228,0.80217,0.80717,31.09833602788712,0.0007747341345113764,USDCHF_merged,-101.91024192042306
2025-09-16 18:00:00,2025-09-18 04:00:00,1.5,90.0,2.4777253775395343,35396.076821993345,1,1.07243,1.0697031808531947,1.0765202287202078,1.0728,1.09599,28.40902987518642,0.0010871042545276648,GBPCHF_merged,132.52227462246046
2025-09-18 06:00:00,2025-09-21 17:00:00,-1.5111548333487321,90.0,1.5788043364202748,22554.347663146786,1,0.46528,0.4634233646130931,0.46787928954166974,0.46684,0.47325,31.036203813145107,0.0009012950010639327,NZDCHF_merged,-137.58273933780615
2025-09-18 06:00:00,2025-09-21 17:00:00,-1.4439569841416495,60.0,1.0024154516954125,14320.220738505894,1,0.46528,0.46333053284374776,0.46742441387187755,0.46684,0.47325,31.37863831944782,0.0009012950010639327,NZDCHF_merged,-87.63983450019438
2025-09-18 06:00:00,2025-09-21 17:00:00,-1.5854261403670866,90.00000000000001,1.6618993014950263,23741.418592786093,1,0.46528,0.46351619638243846,0.46792570542634243,0.46636,0.48252,31.37863831944782,0.0009012950010639327,NZDCHF_merged,-144.35025193453285
2025-09-18 06:00:00,2025-09-21 17:00:00,-1.5854261403670866,60.00000000000001,1.1079328676633509,15827.612395190728,1,0.46528,0.46351619638243846,0.46757294470283006,0.46684,0.47325,31.036203813145107,0.0009012950010639327,NZDCHF_merged,-96.23350128968856
2025-09-22 18:00:00,2025-09-23 13:00:00,-1.1,15.0,0.3594033941579489,5134.334202256414,-1,1.62981,1.6345715034465922,1.6226677448301117,1.60128,1.62248,69.24315723145854,0.0016847843062678238,EURCAD_merged,-16.859403394157948
2025-09-23 01:00:00,2025-09-23 13:00:00,-1.1,15.0,0.5106802894012253,7295.4327057317905,-1,1.63147,1.634824434340923,1.6264383484886153,1.60128,1.62248,63.04495115362014,0.001460832676363657,EURCAD_merged,-17.010680289401225
2025-09-23 02:00:00,2025-09-23 14:00:00,-1.1,15.0,0.39079903484982226,5582.843354997462,-1,1.63112,1.6355024980290909,1.6262992521679998,1.60128,1.62248,63.4981302623641,0.001472916056623413,EURCAD_merged,-16.890799034849824
2025-09-24 14:00:00,2025-09-25 09:00:00,-1.1,15.0,0.6803670410897407,9719.529158424868,-1,1.39003,1.3921752119398116,1.3868121820902828,1.372,1.38911,73.82494015166345,0.0010467055434839553,USDCAD_merged,-17.18036704108974
2025-09-22 23:00:00,2025-09-25 10:00:00,1.4,15.0,0.3655416429784347,5222.023471120497,-1,1.63219,1.636878383753041,1.6256262627457427,1.60128,1.62248,63.41186327762248,0.0015604923347175628,EURCAD_merged,20.634458357021565
2025-09-25 23:00:00,2025-09-26 06:00:00,-1.1,60.0,1.9293223493517682,27561.747847882405,1,0.57666,0.5754046514571223,0.5785430228143164,0.57995,0.59956,32.63740564688964,0.0007964062408290122,NZDUSD_merged,-67.92932234935176
2025-09-25 21:00:00,2025-09-26 09:00:00,1.5,60.0,2.334685861768979,33352.65516812828,1,1.33447,1.3320693455514596,1.3380709816728107,1.33331,1.35945,30.984548325959718,0.0015482622776678567,GBPUSD_merged,87.66531413823103
2025-09-25 21:00:00,2025-09-26 09:00:00,1.2,60.00000000000001,1.8431730487649838,26331.043553785486,1,1.33447,1.3314291710318489,1.3381189947617813,1.33331,1.35945,30.984548325959718,0.0015482622776678567,GBPUSD_merged,70.15682695123502
2025-09-25 17:00:00,2025-09-26 10:00:00,1.1,15.0,0.27333989938146963,3904.8557054495664,1,1.33412,1.3289951499390689,1.339757335067024,1.33331,1.35945,23.188972553961317,0.0016791202569548412,GBPUSD_merged,16.22666010061853
2025-09-25 17:00:00,2025-09-26 10:00:00,1.2,60.0,1.312031517031054,18743.307386157914,1,1.33412,1.3298492916158908,1.339244850060931,1.33331,1.35945,26.00155914693298,0.0016791202569548412,GBPUSD_merged,70.68796848296894
2025-09-25 16:00:00,2025-09-28 20:00:00,1.5,15.0,0.5611091484937573,8015.844978482247,-1,149.77,150.05026365355502,149.3496045196675,146.213,149.136,72.57305279504186,0.1782108331531005,USDJPY_merged,21.938890851506244
2025-09-25 16:00:00,2025-09-28 20:00:00,1.5,15.0,0.2845816841082412,4065.452630117732,1,1.33365,1.3287293301951668,1.3410310047072498,1.33331,1.35945,24.301520180156928,0.0017082833536436691,GBPUSD_merged,22.21541831589176
2025-09-25 16:00:00,2025-09-28 20:00:00,1.2,15.0,0.4429809067055978,6328.298667222826,-1,149.77,150.12500062783636,149.3439992465964,146.213,149.136,72.57305279504186,0.1782108331531005,USDJPY_merged,17.557019093294404
2025-09-25 16:00:00,2025-09-28 20:00:00,1.2,15.0,0.33666548909625427,4809.506987089347,-1,149.77,150.23710608925836,149.20947269289,146.213,149.136,73.13386273951978,0.1782108331531005,USDJPY_merged,17.663334510903745
2025-09-25 16:00:00,2025-09-28 21:00:00,1.5,15.0,0.33666548909625427,4809.506987089347,-1,149.77,150.23710608925836,149.0693408661125,146.213,149.136,74.84393208411291,0.1782108331531005,USDJPY_merged,22.163334510903745
2025-09-26 00:00:00,2025-09-28 21:00:00,1.1,30.0,0.6109803906918344,8728.291295597635,-1,149.705,150.21955088377553,149.13899402784693,146.213,149.136,62.13701879470037,0.1654800354543289,USDJPY_merged,32.389019609308164
2025-09-26 01:00:00,2025-09-28 22:00:00,1.4,60.0,1.3096969012614674,18709.95573230668,-1,149.646,150.12589210281755,148.9741510560554,146.213,149.136,64.9717275483506,0.16123146149330503,USDJPY_merged,82.69030309873854
2025-09-25 21:00:00,2025-09-28 23:00:00,1.5,60.0,1.2520232908969198,17886.047012813142,-1,149.683,150.1851221286943,148.92981680695854,146.213,149.136,69.61082031337186,0.1819486651282112,USDJPY_merged,88.74797670910309
2025-09-25 23:00:00,2025-09-29 00:00:00,1.2,59.99999999999999,1.5231492231724488,21759.27461674927,1,0.57666,0.5750698918456882,0.5785681297851739,0.57995,0.59956,32.63740564688964,0.0007964062408290122,NZDUSD_merged,70.47685077682753
2025-09-26 08:00:00,2025-09-29 11:00:00,1.5,60.0,2.3273012035110963,33247.16005015852,-1,1.39488,1.3973972916987114,1.3911040624519324,1.372,1.39242,56.04052275812989,0.0009533875531441529,USDCAD_merged,87.6726987964889
2025-09-25 21:00:00,2025-09-29 12:00:00,1.4,15.0,0.6214554766950672,8877.935381358104,-1,1.39383,1.3961849901077115,1.3905330138492038,1.372,1.39242,72.95333367092383,0.001008629546591586,USDCAD_merged,20.37854452330493
2025-09-26 09:00:00,2025-09-29 17:00:00,1.5,15.0,0.6976062239492327,9965.803199274753,-1,1.39352,1.3956174526169172,1.3903738210746244,1.372,1.38911,59.45029585363119,0.0009652884422052855,USDCAD_merged,21.802393776050767
2025-09-26 09:00:00,2025-09-29 17:00:00,1.1,59.99999999999999,2.0463115902510824,29233.02271787261,-1,1.39352,1.3963801626594325,1.3903738210746244,1.372,1.39242,58.46027485554692,0.0009652884422052855,USDCAD_merged,63.95368840974892
2025-09-29 10:00:00,2025-09-29 17:00:00,1.1,60.0,1.5293640864880098,21848.058378400143,-1,1.87219,1.8773314820509202,1.8665343697439878,1.84032,1.87392,49.577530258441364,0.0019321253967133922,GBPCAD_merged,64.47063591351198
2025-09-29 10:00:00,2025-09-29 17:00:00,1.5,90.0,2.457906567570016,35112.95096528595,-1,1.87219,1.8769887165808588,1.8649919251287117,1.84032,1.87392,49.577530258441364,0.0019321253967133922,GBPCAD_merged,132.54209343243
2025-09-30 02:00:00,2025-09-30 10:00:00,-1.1,90.0,1.5850097823762552,22642.996891089366,-1,0.65997,0.6625932084156393,0.656035187376541,0.64068,0.65684,66.0267302481749,0.0009435129949824173,AUDUSD_merged,-100.58500978237628
2025-09-30 02:00:00,2025-09-30 10:00:00,-1.1,60.0,1.0202361817594288,14574.802596563268,-1,0.65997,0.6626868944304835,0.656166347797323,0.64068,0.65684,62.15639692362817,0.0009435129949824173,AUDUSD_merged,-67.02023618175943
2025-09-26 09:00:00,2025-10-02 10:00:00,-1.1,60.0,2.11687405888043,30241.057984006147,-1,1.39352,1.3962848239041181,1.389649246534235,1.372,1.39242,61.77449820414345,0.0009652884422052855,USDCAD_merged,-68.11687405888043
2025-10-01 12:00:00,2025-10-05 17:00:00,1.4,60.0,1.2209821053728214,17442.60150532602,1,105.452,105.08926053145983,105.95983525595624,105.94,108.03,29.850042942670722,0.15573332580814447,CADJPY_merged,82.77901789462717
2025-10-06 09:00:00,2025-10-06 14:00:00,-1.1,60.0,0.9032870824730905,12904.10117818701,-1,99.002,99.46232807074088,98.35754070096276,94.399,98.422,71.0977716112835,0.20327530806309002,AUDJPY_merged,-66.90328708247308
2025-10-06 09:00:00,2025-10-06 14:00:00,-1.1,60.0,1.325007726049869,18928.681800712417,-1,149.782,150.2567779108243,149.06983313376358,145.481,149.136,65.70281024842626,0.31741013527218015,USDJPY_merged,-67.32500772604988
2025-10-06 09:00:00,2025-10-06 16:00:00,-1.1,90.0,1.569088096638003,22415.54423768576,-1,149.782,150.38338535371076,149.0603375755471,145.481,149.136,65.70281024842626,0.31741013527218015,USDJPY_merged,-100.56908809663801
2025-10-06 09:00:00,2025-10-06 20:00:00,-1.1,60.0,0.9034143586703651,12905.919409576645,-1,149.782,150.47834093587565,148.73748859618658,145.481,149.136,65.79853166717247,0.31741013527218015,USDJPY_merged,-66.90341435867036
2025-10-06 09:00:00,2025-10-07 02:00:00,-1.1,90.0,1.0647383512900732,15210.547875572478,-1,149.782,150.66825210020536,148.452621849692,145.481,149.136,65.42433316931148,0.31741013527218015,USDJPY_merged,-100.06473835129009
2025-10-06 09:00:00,2025-10-07 03:00:00,-1.1,60.0,0.6853488238188977,9790.69748312711,-1,149.782,150.69990396092697,148.49693445470226,145.481,149.136,65.70281024842626,0.31741013527218015,USDJPY_merged,-66.6853488238189
2025-10-06 09:00:00,2025-10-07 04:00:00,-1.1,90.0,0.9937557945374017,14196.511350534312,-1,149.782,150.73155582164858,148.73748859618658,145.481,149.136,65.42433316931148,0.31741013527218015,USDJPY_merged,-99.99375579453742
2025-10-06 07:00:00,2025-10-07 09:00:00,-1.1,60.0,0.8783479978886838,12547.828541266912,-1,107.688,108.20293212381333,107.07008145142402,105.976,107.623,74.4114315281673,0.19947478884494813,CADJPY_merged,-66.87834799788868
2025-10-06 18:00:00,2025-10-07 12:00:00,-1.1,30.0,0.5542074669067083,7917.249527238691,-1,175.93,176.5966330247445,174.9300504628833,169.719,173.911,65.40805588322098,0.292656796158387,EURJPY_merged,-33.55420746690671
2025-10-07 00:00:00,2025-10-07 12:00:00,-1.1,90.0,1.4839423460530003,21199.17637218572,-1,202.622,203.48222115575805,201.33166826636295,195.023,201.522,65.2348842584409,0.2950631383891439,GBPJPY_merged,-100.48394234605301
2025-10-06 18:00:00,2025-10-07 13:00:00,-1.1,90.0,1.2192564271947586,17417.948959925125,-1,175.93,176.83904503374248,174.9300504628833,169.719,173.016,65.34011615057214,0.292656796158387,EURJPY_merged,-100.21925642719478
2025-10-07 00:00:00,2025-10-07 13:00:00,-1.1,60.0,0.8512973732401892,12161.391046288418,-1,189.007,189.93949365609876,187.98125697829138,181.467,186.036,64.66876780282608,0.3011289887924688,CHFJPY_merged,-66.85129737324019
2025-10-06 18:00:00,2025-10-07 13:00:00,-1.1,30.0,0.4204332507568132,6006.189296525903,-1,175.93,176.80874353261774,174.69975905433517,169.719,173.016,65.06769927905326,0.292656796158387,EURJPY_merged,-33.420433250756815
2025-10-06 18:00:00,2025-10-07 14:00:00,-1.1,90.0,1.1856703875585404,16938.148393693435,-1,189.033,190.03741734270872,187.52637398593686,181.467,186.036,68.18914748292372,0.355526159571778,CHFJPY_merged,-100.18567038755856
2025-09-30 12:00:00,2025-10-07 20:00:00,1.1,90.0,1.2454745653996264,17792.493791423236,-1,0.66124,0.6645847587897256,0.6575607653313019,0.64068,0.65684,65.9699977388843,0.0011074253396769502,AUDUSD_merged,97.75452543460038
2025-09-30 14:00:00,2025-10-07 21:00:00,1.4,30.0,0.45215226262305125,6459.318037472161,-1,0.66171,0.664783281093273,0.6574074064694179,0.64068,0.65684,62.141344896182765,0.001022626951047989,AUDUSD_merged,41.54784773737695
2025-09-30 14:00:00,2025-10-07 21:00:00,1.5,90.00000000000001,1.4049016731501953,20070.023902145647,-1,0.66171,0.6646773058831601,0.6572590411752599,0.64068,0.65684,63.244095993356325,0.001022626951047989,AUDUSD_merged,133.59509832684984
2025-10-07 23:00:00,2025-10-08 04:00:00,-1.1,30.0,0.965240888758502,13789.155553692886,-1,204.279,204.72343403195626,203.6123489520656,195.023,201.522,69.93427035468656,0.2856972578776942,GBPJPY_merged,-33.9652408887585
2025-10-07 23:00:00,2025-10-08 05:00:00,-1.1,59.99999999999999,1.524064561197635,21772.35087425193,-1,204.279,204.84194977381128,203.60346027142646,195.023,201.522,69.93427035468656,0.2856972578776942,GBPJPY_merged,-67.52406456119763
2025-10-08 01:00:00,2025-10-08 05:00:00,-1.1,30.0,0.5857544643210727,8367.920918872467,-1,109.111,109.50217601991405,108.52423597012894,105.976,108.03,76.66814689306219,0.15250823596807336,CADJPY_merged,-33.58575446432107
2025-10-07 18:00:00,2025-10-08 05:00:00,-1.1,59.99999999999999,1.3840782642231304,19772.546631759007,-1,177.011,177.5481417348406,176.25900157122314,169.719,173.016,71.1733060080057,0.22792989294807464,EURJPY_merged,-67.38407826422313
2025-10-08 05:00:00,2025-10-08 09:00:00,1.2,30.0,0.5776911310262228,8252.730443231756,1,0.57568,0.5735873107841339,0.5781912270590391,0.57995,0.6007,35.29562923776747,0.0011063142784307443,NZDUSD_merged,35.42230886897378
2025-10-08 04:00:00,2025-10-08 09:00:00,1.2,30.0,0.4557140335170585,6510.200478815123,1,0.57506,0.5724100355240765,0.5782399573711082,0.57538,0.6007,32.50049842716804,0.0011014153767715704,NZDUSD_merged,35.54428596648294
2025-10-08 06:00:00,2025-10-08 17:00:00,1.4,30.0,0.5658114011121606,8083.020015888008,-1,2.32607,2.3347031717430906,2.313983559559673,2.26882,2.32141,56.2141022328936,0.0037518705795086395,GBPNZD_merged,41.434188598887836
2025-10-08 07:00:00,2025-10-08 22:00:00,1.2,60.0,1.250862478275092,17869.463975358456,1,0.80508,0.8023767963635277,0.8083238443637668,0.80403,0.82706,39.96484711861246,0.0013782574163210737,NZDCAD_merged,70.7491375217249
2025-10-08 11:00:00,2025-10-09 02:00:00,-1.1,30.0,0.9195161095460603,13135.944422086577,-1,109.327,109.576682085628,108.952476871558,105.976,108.03,72.52117796786496,0.16549367205542567,CADJPY_merged,-33.91951610954606
2025-10-08 11:00:00,2025-10-09 02:00:00,-1.1,59.99999999999999,1.4518675413885165,20740.964876978807,-1,109.327,109.64326397512879,108.94748322984545,105.976,108.03,72.52117796786496,0.16549367205542567,CADJPY_merged,-67.45186754138852
2025-10-08 15:00:00,2025-10-09 02:00:00,-1.1,60.0,1.227105619313699,17530.08027590999,-1,100.548,100.89214445941188,100.06619775682336,94.399,98.422,72.07998992796176,0.1439403097004502,AUDJPY_merged,-67.2271056193137
2025-10-08 22:00:00,2025-10-09 12:00:00,1.5,30.0,0.5727527475837011,8182.1821083385885,-1,88.352,88.67594292438184,87.86608561342724,85.55,88.124,66.4915346879054,0.15022915639493448,NZDJPY_merged,44.4272472524163
2025-10-08 09:00:00,2025-10-09 17:00:00,1.5,15.0,0.3011190397898832,4301.700568426903,-1,190.552,191.2164535003154,189.5553197495269,181.467,186.036,60.22308735371681,0.29295115273052663,CHFJPY_merged,22.19888096021012
2025-10-08 22:00:00,2025-10-10 02:00:00,1.4,30.0,0.43450208437384213,6207.172633912031,-1,88.352,88.7790156730488,87.75417805773169,85.55,88.124,65.3160863785322,0.15022915639493448,NZDJPY_merged,41.56549791562616
2025-10-08 09:00:00,2025-10-10 02:00:00,1.2,60.0,1.068168352826535,15259.54789752193,-1,109.417,109.84722375525726,108.90073149369128,105.976,107.623,73.64365250493447,0.16779739480984224,CADJPY_merged,70.93183164717347
2025-10-08 09:00:00,2025-10-10 02:00:00,1.5,15.0,0.2670420882066338,3814.8869743804826,-1,109.417,109.84722375525726,108.7716643671141,105.976,108.03,73.2690462078824,0.16779739480984224,CADJPY_merged,22.232957911793367
2025-10-09 18:00:00,2025-10-10 11:00:00,1.5,29.999999999999996,0.6680977003144023,9544.252861634319,-1,0.80567,0.808202424522946,0.8018713632155811,0.78288,0.80137,63.9478835615963,0.0011431661947499173,USDCHF_merged,44.33190229968559
2025-10-10 14:00:00,2025-10-14 01:00:00,-1.1,30.0,0.5961345442065108,8516.207774378727,-1,2.02709,2.0342308192015883,2.017092853117776,1.9621,2.00328,71.59103189527917,0.0031150822863555624,EURNZD_merged,-33.596134544206514
2025-10-14 08:00:00,2025-10-14 10:00:00,1.2,60.0,1.1433237159910277,16333.19594272897,1,0.64541,0.6430390861791052,0.6482550965850739,0.652,0.67065,32.55039877210191,0.0012472887094598965,AUDUSD_merged,70.85667628400897
2025-10-15 23:00:00,2025-10-16 03:00:00,1.2,60.0,1.7518156334720705,25025.93762102958,1,0.56646,0.565101905030106,0.5680897139638728,0.57781,0.57805,33.819571260740396,0.0006937306243842748,CADCHF_merged,70.24818436652792
2025-10-15 21:00:00,2025-10-16 21:00:00,-1.1,30.0,0.6702119838831166,9574.456912615953,-1,2.3423,2.3496392152308303,2.331291177153754,2.30336,2.32141,51.623937312763445,0.0036412921428829667,GBPNZD_merged,-33.670211983883114
2025-10-16 17:00:00,2025-10-16 23:00:00,-1.1,30.0,0.40568915172327136,5795.559310332448,-1,1.8013,1.8106242079161639,1.7882461089173702,1.75909,1.79311,63.76262029661944,0.0031698695298062202,EURAUD_merged,-33.40568915172327
2025-10-16 19:00:00,2025-10-17 01:00:00,-1.1,90.0,2.3474492056123695,33534.98865160528,1,0.56383,0.5623168132645822,0.5656458240825015,0.57781,0.57805,31.09293211362028,0.0007773844947531429,CADCHF_merged,-101.34744920561238
2025-10-16 10:00:00,2025-10-17 01:00:00,-1.1,15.0,0.36866643804879157,5266.663400697023,-1,1.8851,1.8904689590256059,1.8775834573641519,1.85369,1.88399,62.055516325250274,0.002308306438909175,GBPCAD_merged,-16.86866643804879
2025-10-17 01:00:00,2025-10-17 03:00:00,-1.1,30.0,0.7216028956037036,10308.612794338624,-1,2.04232,2.048263534908368,2.0334046976374482,2.00016,2.03098,62.79293955354212,0.0027114920067786734,EURNZD_merged,-33.7216028956037
2025-10-17 01:00:00,2025-10-17 03:00:00,-1.1,60.0,1.0401553840563638,14859.362629376627,1,0.51165,0.5095840298257943,0.514129164209047,0.52017,0.53089,30.448902000842917,0.001062541814461474,AUDCHF_merged,-67.04015538405636
2025-10-17 04:00:00,2025-10-17 07:00:00,1.2,60.0,1.1280266502237015,16114.666431767168,1,0.56165,0.5595587994068826,0.5641594407117408,0.56926,0.57805,27.8731248232694,0.0008253030774436097,CADCHF_merged,70.8719733497763
2025-10-17 05:00:00,2025-10-17 10:00:00,1.5,30.0,0.9243561239782145,13205.087485403066,-1,1.64333,1.647063401997866,1.6377298970032008,1.6169,1.64029,59.38653014880236,0.0017322151289694534,EURCAD_merged,44.075643876021786
2025-10-17 04:00:00,2025-10-17 14:00:00,1.5,30.0,0.5640133251118508,8057.333215883584,1,0.56165,0.5595587994068826,0.564786800889676,0.57781,0.57805,26.27558710643096,0.0008253030774436097,CADCHF_merged,44.43598667488815
2025-10-17 05:00:00,2025-10-17 14:00:00,1.4,30.0,0.7012356802593351,10017.65257513336,-1,1.64333,1.6482513026335506,1.636440176313029,1.6169,1.62248,61.286359215101086,0.0017322151289694534,EURCAD_merged,41.29876431974066
2025-10-17 00:00:00,2025-10-17 15:00:00,1.4,30.0,0.5552244451572923,7931.7777879613195,-1,2.04439,2.052122402702089,2.0335646362170756,1.9621,2.00328,60.02409328795802,0.0027016067765308826,EURNZD_merged,41.44477555484271
2025-10-17 07:00:00,2025-10-19 17:00:00,1.5,30.0,0.5096829142326272,7281.184489037533,-1,1.80444,1.8118746694664176,1.7932879958003738,1.75909,1.79311,50.744556748945655,0.0037780098397216743,EURAUD_merged,44.49031708576737
2025-10-17 07:00:00,2025-10-20 10:00:00,1.5,60.00000000000001,1.2756852402756858,18224.074861081226,-1,2.03919,2.0459037235186237,2.0291194147220644,2.00016,2.03098,51.04358393144299,0.0032387144721463886,EURNZD_merged,88.72431475972432
2025-10-17 04:00:00,2025-10-20 10:00:00,-1.1,60.0,2.294270789288814,32775.2969898402,1,0.92446,0.922767640049236,0.9264908319409167,0.93007,0.93726,31.90183296524298,0.0009556646375914088,EURCHF_merged,-68.29427078928882
2025-10-17 07:00:00,2025-10-20 10:00:00,1.4,60.0,0.7733120078012276,11047.314397160395,-1,1.80444,1.814240246114823,1.7907196554392477,1.75909,1.79311,53.90903008862699,0.0037780098397216743,EURAUD_merged,83.22668799219878
2025-10-21 09:00:00,2025-10-23 09:00:00,-1.1,60.0,1.3621865858423798,19459.808369176855,-1,191.094,191.68319593566815,190.21020609649779,183.967,191.163,57.60021218869053,0.27632945336642584,CHFJPY_merged,-67.36218658584238
2025-10-29 00:00:00,2025-10-29 01:00:00,-1.1,15.0,0.38351545304377593,5478.792186339657,1,2.00872,2.0032204667132425,2.0169692999301354,2.02406,2.10039,20.447685759594354,0.0028962118831372483,GBPAUD_merged,-16.883515453043778
2025-10-28 12:00:00,2025-10-29 02:00:00,-1.1,30.0,0.6517014338490638,9310.020483558055,1,1.05361,1.0502149161700747,1.0587026257448877,1.06522,1.07791,28.208454849180516,0.001308173993972195,GBPCHF_merged,-33.65170143384906
2025-10-28 11:00:00,2025-10-29 03:00:00,-1.1,30.0,0.8346161405049581,11923.087721499403,-1,0.8781,0.8803094109022195,0.8747858836466708,0.86533,0.8751,75.24511981227896,0.0008763526208243784,EURGBP_merged,-33.834616140504956
2025-10-29 05:00:00,2025-10-29 08:00:00,-1.1,90.0,2.257871779039394,32255.311129134207,1,1.84305,1.837907451557794,1.8492210581306474,1.85595,1.89143,26.577086382468377,0.0020536608499622457,GBPCAD_merged,-101.2578717790394
2025-10-29 05:00:00,2025-10-29 08:00:00,-1.1,15.0,0.37631196317323234,5375.885188189034,1,1.84305,1.837907451557794,1.8507638226633092,1.85595,1.89143,24.34653316160801,0.0020536608499622457,GBPCAD_merged,-16.876311963173233
2025-10-29 12:00:00,2025-10-29 13:00:00,-1.1,90.00000000000001,1.9953012832176986,28504.304045967125,1,1.83814,1.8323362238498013,1.8451045313802388,1.85595,1.89143,26.21070883214638,0.0022921168557881425,GBPCAD_merged,-100.99530128321773
2025-10-29 12:00:00,2025-10-29 13:00:00,-1.1,30.000000000000004,0.6651004277392328,9501.434681989042,1,1.83814,1.8323362238498013,1.8468456642252984,1.85595,1.89143,24.57925448956395,0.0022921168557881425,GBPCAD_merged,-33.66510042773924
2025-10-29 15:00:00,2025-10-30 01:00:00,-1.1,15.0,0.2810854620782354,4015.506601117649,-1,109.567,109.97628957744523,108.95306563383214,106.232,109.748,59.68814962695369,0.18568066580480735,CADJPY_merged,-16.781085462078234
2025-10-29 03:00:00,2025-10-30 21:00:00,1.2,90.0,1.9053731464156134,27219.616377365906,1,2.28549,2.2779331668268825,2.2945581998077405,2.30336,2.35207,29.89710150098898,0.003100395178586385,GBPNZD_merged,106.09462685358439
2025-10-29 07:00:00,2025-10-31 10:00:00,1.2,90.0,2.8631854987348957,40902.64998192708,-1,0.88062,0.8825576690760872,0.8782947971086953,0.86533,0.8751,75.09719366370237,0.0007839913711181149,EURGBP_merged,105.1368145012651
2025-10-29 07:00:00,2025-10-31 12:00:00,1.5,15.0,0.4771975831224826,6817.108330321181,-1,0.88062,0.8825576690760872,0.8777134963858692,0.86533,0.8751,77.00434406598113,0.0007839913711181149,EURGBP_merged,22.022802416877518
2025-10-29 07:00:00,2025-11-03 10:00:00,1.2,90.0,1.7136456964601972,24480.65280657425,1,2.00382,1.9964532111555635,2.012660146613324,2.02406,2.08487,25.144301241022667,0.0030433787136479435,GBPAUD_merged,106.28635430353981
2025-10-29 17:00:00,2025-11-03 10:00:00,1.2,89.99999999999999,1.58651432256054,22664.49032229343,1,1.83891,1.8316077444607608,1.847672706647087,1.85595,1.89143,36.1517694067661,0.002790123486003111,GBPCAD_merged,106.41348567743944
2025-10-29 05:00:00,2025-11-04 01:00:00,1.4,90.0,1.45742284528836,20820.32636126229,1,2.00301,1.9943515910552005,2.01513177252272,2.02406,2.10039,24.17088232540488,0.0029395398099112133,GBPAUD_merged,124.54257715471162
2025-10-29 15:00:00,2025-11-04 13:00:00,-1.1,89.99999999999999,1.9977704845475124,28539.57835067875,-1,0.8791,0.8818722553931186,0.875218842449634,0.86533,0.8751,57.34311143705099,0.0009348108401611274,EURGBP_merged,-100.9977704845475
2025-11-04 01:00:00,2025-11-04 15:00:00,-1.1,30.0,0.9410306265041647,13443.29466434521,-1,0.80872,0.8105247361607231,0.8060128957589153,0.78727,0.80758,55.68047396175787,0.0008695964314740615,USDCHF_merged,-33.941030626504165
2025-11-04 01:00:00,2025-11-05 05:00:00,-1.1,90.0,2.141655908595685,30595.08440850979,-1,0.80872,0.8110989703936805,0.8053894414488473,0.78727,0.80758,58.31667358167745,0.0008695964314740615,USDCHF_merged,-101.1416559085957
2025-11-04 23:00:00,2025-11-06 10:00:00,-1.1,90.0,1.5693467687127522,22419.23955303932,1,0.56534,0.5630704939411693,0.5680634072705968,0.56823,0.58446,37.70411533169792,0.0008879593932799822,NZDUSD_merged,-100.56934676871276
2025-10-29 17:00:00,2025-11-06 10:00:00,1.5,29.999999999999996,0.52883810752018,7554.830107431143,1,1.83891,1.8316077444607608,1.849863383308859,1.85595,1.89143,37.18478537748602,0.002790123486003111,GBPCAD_merged,44.47116189247981
2025-11-04 23:00:00,2025-11-06 10:00:00,-1.1,30.0,0.5231155895709174,7473.079851013106,1,0.56534,0.5630704939411693,0.568744259088246,0.56823,0.58446,39.33753465551065,0.0008879593932799822,NZDUSD_merged,-33.52311558957092
2025-11-06 13:00:00,2025-11-06 23:00:00,-1.1,15.0,0.39034512850419695,5576.358978631385,-1,2.04821,2.053719535902859,2.0399456961457116,2.00016,2.04838,73.35278104022768,0.0027722845263274216,EURNZD_merged,-16.890345128504197
2025-11-07 04:00:00,2025-11-07 09:00:00,-1.1,29.999999999999996,0.6248568313303753,8926.526161862505,-1,2.05218,2.0590769046730664,2.0418346429904,2.00016,2.04838,68.74630181196034,0.002823850307138963,EURNZD_merged,-33.624856831330376
2025-11-07 04:00:00,2025-11-07 09:00:00,-1.1,89.99999999999999,1.8745704939911259,26779.578485587514,-1,2.05218,2.0590769046730664,2.04390371439232,2.00724,2.04838,68.41636484009861,0.002823850307138963,EURNZD_merged,-100.87457049399111
2025-11-04 18:00:00,2025-11-07 14:00:00,1.5,30.0,0.9780561542525835,13972.23077503691,-1,0.88143,0.883322532439934,0.8785912013400992,0.86533,0.8751,67.46366263709383,0.0008452247311409228,EURGBP_merged,44.021943845747415
2025-11-04 17:00:00,2025-11-09 17:00:00,1.4,90.0,2.440612760748024,34865.89658211463,-1,0.88091,0.8831839096874585,0.8777265264375579,0.86533,0.8751,62.00862733163013,0.0008602420181517685,EURGBP_merged,123.55938723925196
2025-11-07 15:00:00,2025-11-10 17:00:00,1.5,30.000000000000004,0.6318785275871086,9026.836108387266,-1,2.05442,2.06124770787682,2.04417843818477,2.00016,2.04838,56.12464789267935,0.0030539676103461394,EURNZD_merged,44.368121472412895
2025-11-10 04:00:00,2025-11-11 09:00:00,1.5,60.0,1.8558451648769851,26512.073783956934,-1,1.15676,1.159377886498264,1.152833170252604,1.1276,1.1444,61.59586375818236,0.0011835235219945558,AUDNZD_merged,88.14415483512302
2025-11-12 06:00:00,2025-11-12 08:00:00,-1.1,30.000000000000004,1.1103524749774039,15862.178213962914,-1,0.88147,0.8831371165613763,0.8789693251579355,0.86533,0.8751,57.063878902599555,0.0007629388083731157,EURGBP_merged,-34.11035247497741
2025-11-12 12:00:00,2025-11-13 03:00:00,-1.1,15.0,0.5782401233248832,8260.573190355475,-1,193.982,194.33424311109516,193.52408395557632,183.967,191.163,74.75548899287485,0.20368741362340032,CHFJPY_merged,-17.078240123324882
2025-11-13 15:00:00,2025-11-13 21:00:00,1.2,15.0,0.2667306952088032,3810.4385029829036,1,0.4482,0.4464356361361725,0.450317236636593,0.45014,0.46224,28.73354770684174,0.0007487493860173154,NZDCHF_merged,17.733269304791197
2025-11-13 22:00:00,2025-11-14 02:00:00,-1.1,15.0,0.4202435164122968,6003.478805889955,-1,194.807,195.2937352904008,194.07689706439876,189.1,192.693,67.62599777992915,0.21636517935436875,CHFJPY_merged,-16.920243516412295
2025-11-13 22:00:00,2025-11-14 02:00:00,-1.1,15.0,0.3332965819821664,4761.3797426023775,-1,194.807,195.42070971398363,194.07054834321963,183.967,192.693,67.62599777992915,0.21636517935436875,CHFJPY_merged,-16.833296581982168
2025-11-14 09:00:00,2025-11-14 10:00:00,1.2,60.0,1.9042366841473182,27203.38120210455,1,0.91881,0.9167834651516138,0.9212418418180635,0.92098,0.93726,37.957764391350004,0.0009453091002801588,EURCHF_merged,70.09576331585268
2025-11-14 09:00:00,2025-11-14 12:00:00,1.5,15.0,0.47605917103682954,6800.845300526137,1,0.91881,0.9167834651516138,0.9218498022725794,0.92098,0.93726,36.88887031481623,0.0009453091002801588,EURCHF_merged,22.02394082896317
2025-11-14 09:00:00,2025-11-14 12:00:00,1.4,15.0,0.4055318864387807,5793.312663411153,1,0.91881,0.9164310243084162,0.9221405659682174,0.92098,0.93726,36.88887031481623,0.0009453091002801588,EURCHF_merged,20.59446811356122
2025-11-19 07:00:00,2025-11-19 09:00:00,-1.1,60.0,1.4707412898759742,21010.58985537106,-1,156.108,156.55379805062472,155.43930292406293,149.378,153.272,67.63849607151934,0.19398057944476377,USDJPY_merged,-67.47074128987597
2025-11-19 07:00:00,2025-11-19 10:00:00,-1.1,15.0,0.2916124971305811,4165.892816151159,-1,156.108,156.67009319426595,155.43348816688086,149.378,153.272,67.63849607151934,0.19398057944476377,USDJPY_merged,-16.791612497130583
2025-11-19 11:00:00,2025-11-19 14:00:00,-1.1,60.0,1.3563951792497464,19377.073989282093,-1,156.505,156.98960877040537,155.92346947551354,149.378,153.272,74.0357907430174,0.2130066464369529,USDJPY_merged,-67.35639517924974
2025-11-19 11:00:00,2025-11-19 16:00:00,-1.1,15.0,0.299972010795617,4285.314439937386,-1,156.505,157.05281861002345,155.68327208496478,149.378,153.272,74.0357907430174,0.2130066464369529,USDJPY_merged,-16.799972010795617
2025-11-19 11:00:00,2025-11-19 16:00:00,-1.1,30.0,0.5768211618611777,8240.30231230254,-1,111.5,111.90593170896243,110.89110243655637,108.198,110.387,60.718377995575416,0.1740997582767559,CADJPY_merged,-33.576821161861176
2025-11-19 16:00:00,2025-11-19 21:00:00,-1.1,15.0,0.33036576259869954,4719.510894267137,-1,156.96,157.45886525378296,156.31147517008216,149.378,153.272,76.3272724040855,0.20894191366602355,USDJPY_merged,-16.8303657625987
2025-11-19 19:00:00,2025-11-19 21:00:00,-1.1,60.0,1.4323205959244714,20461.722798921022,-1,156.998,157.45836592776521,156.44556088668173,149.378,153.272,73.90864633721812,0.2094334490977599,USDJPY_merged,-67.43232059592447
2025-11-19 14:00:00,2025-11-20 08:00:00,1.2,60.0,1.1187847489706904,15982.639271009864,1,0.55974,0.557638694988323,0.5622615660140126,0.56823,0.58012,26.174792332905064,0.0009054958121677843,NZDUSD_merged,70.8812152510293
2025-11-26 15:00:00,2025-11-26 21:00:00,-1.1,15.0,0.2524074969271138,3605.821384673054,-1,89.075,89.44554664040747,88.59328936747029,85.881,88.824,73.4877208885617,0.14793768825288842,NZDJPY_merged,-16.752407496927113
2025-11-27 01:00:00,2025-11-28 13:00:00,-1.1,60.0,1.0609851472958938,15156.930675655627,-1,89.296,89.64948581547618,88.8718170214286,85.881,88.824,74.7712094318493,0.14964023606181093,NZDJPY_merged,-67.0609851472959
2025-11-27 00:00:00,2025-12-03 23:00:00,-1.1,15.0,0.2593229278129379,3704.6132544705424,-1,89.342,89.7037462628205,88.79938060576926,85.881,88.824,71.23345150332942,0.15368948498964188,NZDJPY_merged,-16.75932292781294
2025-12-03 23:00:00,2025-12-04 03:00:00,-1.1,15.0,0.5598957947446723,7998.511353495319,-1,1.86115,1.864640305728928,1.855914541406608,1.83221,1.85455,65.40198783524714,0.0014648439278280726,GBPCAD_merged,-17.059895794744673
2025-12-03 18:00:00,2025-12-04 05:00:00,1.2,60.0,1.666978509577119,23813.97870824456,-1,207.138,207.65989011136125,206.51173186636652,199.064,204.237,66.90392253936562,0.23077240520795533,GBPJPY_merged,70.33302149042288
2025-12-03 23:00:00,2025-12-04 09:00:00,-1.1,15.000000000000002,0.4176675006490756,5966.67858070108,-1,1.33317,1.3365215380005018,1.3291481543993977,1.30377,1.32157,67.68204987748173,0.0010895811331656233,GBPUSD_merged,-16.917667500649078
2025-12-03 22:00:00,2025-12-04 09:00:00,-1.1,60.0,1.8352900506812906,26218.42929544701,-1,1.33363,1.3366819677246224,1.3290520484130663,1.30377,1.32157,69.33681327595352,0.0011557027587937346,GBPUSD_merged,-67.8352900506813
2025-12-03 18:00:00,2025-12-05 01:00:00,1.5,15.0,0.3686587088487859,5266.552983554085,-1,207.138,207.7279627345823,206.2530558981266,199.064,204.237,66.90392253936562,0.23077240520795533,GBPJPY_merged,22.131341291151212
2025-12-03 08:00:00,2025-12-05 11:00:00,1.2,60.0,2.39557977048901,34222.568149843006,-1,1.16628,1.1683247559544219,1.1638262928546936,1.14687,1.16559,74.89853022674558,0.0009219511617231158,EURUSD_merged,69.60442022951099
2025-12-07 20:00:00,2025-12-08 06:00:00,-1.1,60.0,1.1710493798376298,16729.276854823285,-1,112.162,112.56427202038681,111.67927357553584,108.198,112.287,62.849695935969024,0.17362224425554373,CADJPY_merged,-67.17104937983763
2025-12-07 19:00:00,2025-12-08 07:00:00,-1.1,15.0,0.4180272380829538,5971.8176868993405,1,1.38348,1.38000497763863,1.388692533542055,1.39709,1.41305,27.659225980378526,0.0014729593384413139,USDCAD_merged,-16.918027238082953
2025-12-07 19:00:00,2025-12-08 07:00:00,-1.1,90.0,2.508163428497723,35830.906121396045,1,1.38348,1.38000497763863,1.387650026833644,1.38874,1.41305,25.723753455457462,0.0014729593384413139,USDCAD_merged,-101.50816342849774
2025-12-07 20:00:00,2025-12-08 07:00:00,-1.1,30.0,0.5689944217952034,8128.491739931479,-1,0.58129,0.5834353795560044,0.5787155445327946,0.56178,0.57559,69.73862150794635,0.0008847184542875277,CADCHF_merged,-33.5689944217952
2025-12-08 02:00:00,2025-12-08 07:00:00,-1.1,15.0,0.7170321797281481,10243.31685325926,1,1.61153,1.6091701247421817,1.6145978378351638,1.61393,1.63405,32.728581321743256,0.0013440074937663396,EURCAD_merged,-17.217032179728147
2025-12-09 05:00:00,2025-12-09 11:00:00,-1.1,15.0,0.39550944933722254,5650.134990531751,-1,208.321,208.87405138819452,207.49142291770823,199.064,204.237,61.052045656977214,0.2511387592089656,GBPJPY_merged,-16.895509449337222
2025-12-07 19:00:00,2025-12-10 15:00:00,-1.1,30.0,0.7395866519929183,10565.523599898834,1,1.38348,1.3795517138523643,1.3893724292214535,1.39709,1.41305,25.723753455457462,0.0014729593384413139,USDCAD_merged,-33.739586651992916
2025-12-09 13:00:00,2025-12-10 19:00:00,1.2,30.0,0.5604534293071376,8006.477561530537,-1,104.166,104.5563064707275,103.69763223512699,98.824,100.946,69.66567994510132,0.16329143228129353,AUDJPY_merged,35.43954657069286
2025-12-09 13:00:00,2025-12-10 20:00:00,1.2,15.000000000000002,0.3360654624816952,4800.935178309932,-1,113.255,113.60885293425228,112.83037647889725,108.198,112.287,70.57806468353861,0.14943130885962025,CADJPY_merged,17.663934537518305
2025-12-09 13:00:00,2025-12-10 21:00:00,1.2,30.0,0.5330693542813095,7615.2764897329935,-1,113.255,113.70116239536158,112.7196051255661,108.198,112.287,68.73052331232601,0.14943130885962025,CADJPY_merged,35.46693064571869
2025-12-09 13:00:00,2025-12-10 21:00:00,1.3,30.0,0.5371012030860068,7672.874329800098,-1,104.166,104.57327631728089,103.63654078753486,98.824,102.488,68.86588295689666,0.16329143228129353,AUDJPY_merged,38.46289879691399
2025-12-09 13:00:00,2025-12-10 21:00:00,1.2,30.0,0.4444975473815228,6349.964962593183,-1,104.166,104.65812555004773,103.57544933994272,98.824,102.488,67.72068920477619,0.16329143228129353,AUDJPY_merged,35.55550245261848
2025-12-09 13:00:00,2025-12-10 21:00:00,1.5,15.0,0.2802267146535688,4003.2387807652685,-1,104.166,104.5563064707275,103.58054029390873,98.824,102.488,67.72068920477619,0.16329143228129353,AUDJPY_merged,22.21977328534643
2025-12-09 13:00:00,2025-12-10 21:00:00,1.3,15.0,0.3220627348782912,4600.896212547017,-1,113.255,113.62423784443716,112.77499080223167,108.198,112.287,69.79833481703963,0.14943130885962025,CADJPY_merged,19.17793726512171
2025-12-09 13:00:00,2025-12-10 22:00:00,1.5,60.0,0.8593619249376108,12276.598927680156,-1,104.166,104.6750953966011,103.40235690509834,98.824,101.207,68.08919592077388,0.16329143228129353,AUDJPY_merged,89.14063807506238
2025-12-09 13:00:00,2025-12-10 22:00:00,1.5,30.0,0.4957857259255447,7082.6532275077825,-1,104.166,104.60721601038762,103.50417598441857,98.824,102.488,69.66567994510132,0.16329143228129353,AUDJPY_merged,44.50421427407446
2025-12-09 13:00:00,2025-12-11 09:00:00,1.5,15.0,0.257650187902633,3680.7169700376144,-1,113.255,113.71654730554646,112.5626790416803,108.198,112.287,69.07641013495879,0.14943130885962025,CADJPY_merged,22.242349812097366
2025-12-09 13:00:00,2025-12-11 09:00:00,1.5,15.0,0.29728867834919187,4246.98111927417,-1,113.255,113.65500766480693,112.65498850278959,108.198,112.287,70.57806468353861,0.14943130885962025,CADJPY_merged,22.20271132165081
2025-12-09 05:00:00,2025-12-14 23:00:00,1.2,15.0,0.31367990809503843,4481.141544214835,-1,208.321,209.0183256633757,207.48420920394915,199.064,204.237,61.052045656977214,0.2511387592089656,GBPJPY_merged,17.68632009190496
2025-12-11 17:00:00,2025-12-15 10:00:00,-1.1,30.000000000000004,0.8810890378547072,12586.986255067246,-1,1.17377,1.1765675799199609,1.1695736301200585,1.14909,1.16559,67.8229076935989,0.001155886303089804,EURUSD_merged,-33.881089037854714
2025-12-11 15:00:00,2025-12-16 07:00:00,-1.1,30.000000000000004,0.7373767784549425,10533.953977927751,-1,1.17409,1.1774337301960693,1.1690744047058963,1.14909,1.16559,70.92437339467091,0.0012599036414532624,EURUSD_merged,-33.73737677845495
2025-12-11 15:00:00,2025-12-16 07:00:00,-1.1,60.0,1.5976496866523755,22823.566952176796,-1,1.17409,1.177176520180987,1.170077523764717,1.14909,1.16559,70.41887393995358,0.0012599036414532624,EURUSD_merged,-67.59764968665237
2025-12-11 15:00:00,2025-12-16 07:00:00,-1.1,60.0,1.6671127165068267,23815.895950097525,-1,1.17409,1.1770479151734459,1.170540501791865,1.14909,1.16559,70.92437339467091,0.0012599036414532624,EURUSD_merged,-67.66711271650682
2025-12-11 17:00:00,2025-12-16 07:00:00,-1.1,60.00000000000001,1.3975895083212595,19965.564404589422,-1,1.17377,1.177297383377342,1.1695371399471897,1.14909,1.16559,67.8229076935989,0.001155886303089804,EURUSD_merged,-67.39758950832127
2025-12-19 11:00:00,2025-12-22 23:00:00,1.3,30.0,0.4814436913956518,6877.767019937884,-1,114.241,114.73930562594877,113.5932026862666,108.198,113.457,72.78842851462784,0.20179681956351517,CADJPY_merged,38.518556308604346
2025-12-19 12:00:00,2025-12-23 10:00:00,-1.1,30.0,0.4433699621308824,6333.856601869749,-1,104.14,104.63325398353315,103.40011902470027,98.824,104.393,66.88104219273777,0.2086398070164902,AUDJPY_merged,-33.44336996213088
2025-12-19 11:00:00,2025-12-23 15:00:00,-1.1,30.0,0.3480782945651524,4972.547065216463,-1,104.064,104.69183116158682,103.3106026060958,98.824,104.393,66.85637469409075,0.2144582537100656,AUDJPY_merged,-33.348078294565155
2025-12-23 09:00:00,2025-12-23 19:00:00,-1.1,60.00000000000001,1.617595339042212,23108.504843460174,-1,0.66856,0.6702958803726912,0.6663033555155016,0.6421,0.66855,63.887419518513,0.0007609060965769164,AUDUSD_merged,-67.61759533904223
2025-12-23 09:00:00,2025-12-23 20:00:00,-1.1,90.0,1.9411144068506545,27730.205812152206,-1,0.66856,0.670729850465864,0.6653052243012042,0.6421,0.66855,63.94360579103294,0.0007609060965769164,AUDUSD_merged,-100.94111440685067
2025-12-23 09:00:00,2025-12-23 20:00:00,-1.1,60.0,1.493164928346657,21330.927547809388,-1,0.66856,0.6704405370704154,0.665739194394377,0.6421,0.66855,63.06852341183587,0.0007609060965769164,AUDUSD_merged,-67.49316492834666
2025-12-23 09:00:00,2025-12-23 21:00:00,-1.1,60.0,1.1903176974584957,17004.53853512137,-1,0.5828,0.5848563921759933,0.57971541173601,0.55792,0.5831,61.656889725141426,0.0008137114914261949,NZDUSD_merged,-67.1903176974585
2025-12-23 09:00:00,2025-12-23 21:00:00,-1.1,15.0,0.26679534598207666,3811.3620854582387,-1,0.5828,0.5850936681963002,0.5800475981644397,0.55792,0.5831,61.95064699232137,0.0008137114914261949,NZDUSD_merged,-16.766795345982075
2025-12-21 18:00:00,2025-12-26 09:00:00,-1.1,30.0,0.4595919531251756,6565.5993303596515,-1,114.07,114.59121669748808,113.4445399630143,108.198,113.457,67.43431586043833,0.186034903136577,CADJPY_merged,-33.45959195312518
2025-12-23 07:00:00,2025-12-29 03:00:00,1.3,60.00000000000001,1.3708464750783078,19583.521072547257,-1,0.58366,0.5854482177505398,0.5813353169242982,0.55792,0.5831,75.38717012932766,0.0007332985344350747,NZDUSD_merged,76.6291535249217
2025-12-23 07:00:00,2025-12-29 06:00:00,1.5,60.0,1.0966771800626463,15666.816858037804,-1,0.58366,0.5858952721881747,0.5803070917177378,0.55792,0.58012,73.15936161050912,0.0007332985344350747,NZDUSD_merged,88.90332281993736
2025-12-23 05:00:00,2025-12-30 10:00:00,1.5,60.0,1.663239417375815,23760.563105368787,-1,1.35053,1.3539403484686223,1.3454144772970664,1.30377,1.32157,76.57327312206012,0.0013365530245079947,GBPUSD_merged,88.33676058262418
2025-12-21 21:00:00,2026-01-05 15:00:00,-1.1,15.0,0.2444335942153908,3491.9084887912973,-1,210.705,211.61011392556398,209.61886328932326,199.064,204.237,67.10243394031517,0.30560051803772087,GBPJPY_merged,-16.74443359421539
2025-12-19 11:00:00,2026-01-06 15:00:00,1.4,15.0,0.213974973953623,3056.7853421946147,-1,114.241,114.80159382919237,113.45616863913068,110.6,113.457,70.82010132757279,0.20179681956351517,CADJPY_merged,20.786025026046378
2025-12-19 11:00:00,2026-01-06 16:00:00,1.5,30.0,0.44440956128829395,6348.7080184042,-1,114.241,114.78083109477784,113.43125335783324,108.198,113.457,74.13866445307707,0.20179681956351517,CADJPY_merged,44.555590438711704
2025-12-19 11:00:00,2026-01-06 19:00:00,1.5,60.00000000000001,0.7703099062330431,11004.427231900616,-1,114.241,114.86388203243597,113.30667695134605,108.198,112.287,71.46102271651922,0.20179681956351517,CADJPY_merged,89.22969009376698
2026-01-06 17:00:00,2026-01-06 21:00:00,-1.1,30.0,0.7492256015621275,10703.222879458965,-1,0.93018,0.932787196011358,0.926529925584099,0.90866,0.92562,73.83833071959076,0.0010109404271865738,AUDCAD_merged,-33.74922560156213
2026-01-06 19:00:00,2026-01-06 21:00:00,-1.1,30.000000000000004,0.8151261368550773,11644.659097929676,-1,0.93039,0.9327869529520159,0.9272739611623795,0.90866,0.92562,73.97163547201565,0.001135249654053732,AUDCAD_merged,-33.815126136855085
2026-01-06 19:00:00,2026-01-06 22:00:00,-1.1,60.0,1.3042018189681235,18631.45455668748,-1,0.93039,0.9333861911900198,0.9258957132149704,0.90866,0.92562,72.7546548052448,0.001135249654053732,AUDCAD_merged,-67.30420181896812
2026-01-06 20:00:00,2026-01-06 22:00:00,-1.1,15.000000000000002,0.510973906848492,7299.627240692744,1,1.736,1.7324326945553006,1.7406374970781093,1.74798,1.78061,31.584138609936183,0.0023156710412224096,EURAUD_merged,-17.010973906848495
2026-01-07 01:00:00,2026-01-07 07:00:00,1.2,15.0,0.30887150696073273,4412.450099439039,-1,1.16799,1.171960549151871,1.163225341017755,1.14193,1.15187,64.03192189737489,0.0013513581028157967,AUDNZD_merged,17.69112849303927
2026-01-07 01:00:00,2026-01-08 08:00:00,1.4,15.0,0.27759124151833303,3965.589164547615,-1,0.93263,0.9361577103652253,0.9276912054886844,0.90866,0.92562,71.06691479443869,0.0012818051520616294,AUDCAD_merged,20.722408758481667
2026-01-07 02:00:00,2026-01-08 09:00:00,1.5,15.0,0.2937718487284284,4196.740696120406,-1,0.93243,0.9357626933953602,0.9274309599069597,0.90866,0.92562,67.0740899683475,0.0012788190697715144,AUDCAD_merged,22.20622815127157
2026-01-07 03:00:00,2026-01-08 09:00:00,1.2,30.0,0.5275742948422408,7536.775640603441,-1,0.93169,0.9353985753023374,0.9272397096371952,0.90866,0.92562,64.74830440619783,0.0012596177076449745,AUDCAD_merged,35.47242570515776
2026-01-06 01:00:00,2026-01-12 05:00:00,-1.1,60.0,1.880349514889488,26862.135926992687,-1,1.86475,1.8689151564977589,1.859335296552913,1.8346,1.85456,69.90655345210887,0.0016972331687758393,GBPCAD_merged,-67.88034951488949
2026-01-06 01:00:00,2026-01-12 06:00:00,-1.1,30.0,0.8678536222566866,12397.908889381239,-1,1.86475,1.8692622528725722,1.8579816206911415,1.8346,1.85456,70.66239923448876,0.0016972331687758393,GBPCAD_merged,-33.86785362225669
2026-01-06 02:00:00,2026-01-12 07:00:00,-1.1,15.0,0.3977667555963527,5682.382222805039,-1,1.86457,1.86949197618945,1.85866362857266,1.8346,1.85456,68.86748518837167,0.0016824307995775803,GBPCAD_merged,-16.897766755596354
2026-01-06 01:00:00,2026-01-12 08:00:00,-1.1,60.0,1.5042796119115904,21489.70874159415,-1,1.86475,1.8699564456221986,1.8569403315667017,1.8346,1.86666,68.93255705312811,0.0016972331687758393,GBPCAD_merged,-67.50427961191158
2026-01-12 13:00:00,2026-01-12 21:00:00,-1.1,15.0,0.4285584267109821,6122.2632387283165,-1,198.317,198.8028913908148,197.68534119194078,192.395,198.566,66.53448498309265,0.21665545716208767,CHFJPY_merged,-16.928558426710982
2026-01-12 22:00:00,2026-01-13 08:00:00,1.1,15.0,0.3875217977841862,5536.0256826312325,-1,0.80116,0.8033307630507754,0.7987721606441469,0.78728,0.80032,67.11838921759853,0.0007527530525531109,NZDCAD_merged,16.112478202215815
2026-01-13 00:00:00,2026-01-13 11:00:00,-1.1,15.0,0.36591812255817324,5227.401750831047,-1,158.716,159.1714346716553,158.12393492684814,154.393,157.778,66.19413478101195,0.20094320556878814,USDJPY_merged,-16.865918122558174
2026-01-13 06:00:00,2026-01-14 03:00:00,1.3,15.0,0.38529585722469867,5504.22653178141,-1,198.916,199.4580816136058,198.21129390231243,192.395,198.566,64.39056308953027,0.2415149667816745,CHFJPY_merged,19.114704142775302
2026-01-13 06:00:00,2026-01-14 03:00:00,1.1,60.00000000000001,1.2109298369919106,17298.99767131301,-1,198.916,199.60592205368013,198.15708574095186,192.395,198.566,64.47227124205209,0.2415149667816745,CHFJPY_merged,64.7890701630081
2026-01-13 00:00:00,2026-01-14 05:00:00,1.1,60.0,1.1052360709700375,15789.086728143395,-1,106.511,106.91575171933845,106.0657731087277,102.321,104.393,68.43682479533261,0.14015745794387488,AUDJPY_merged,64.89476392902996
2026-01-13 06:00:00,2026-01-14 05:00:00,1.1,90.00000000000001,1.67980208461011,23997.17263728729,-1,91.512,91.85521043251582,91.1344685242326,87.23,91.36,67.09241741362516,0.11939121486493819,NZDJPY_merged,97.32019791538991
2026-01-13 22:00:00,2026-01-14 05:00:00,1.1,90.0,2.044847980344561,29212.114004922296,-1,159.202,159.6924876106394,158.66246362829665,154.343,157.778,65.46917432439798,0.1714474218957197,USDJPY_merged,96.95515201965546
2026-01-13 06:00:00,2026-01-14 05:00:00,1.3,30.0,0.7126433086224706,10180.618694606725,-1,91.512,91.78166533983385,91.16143505821599,89.674,91.36,66.99126640142276,0.11939121486493819,NZDJPY_merged,38.28735669137753
2026-01-13 06:00:00,2026-01-14 07:00:00,1.1,90.0,2.0126154748953407,28751.64964136201,-1,185.264,185.8439235942279,184.62608404634932,180.092,184.919,69.0374373460384,0.20489302869802756,EURJPY_merged,96.98738452510467
2026-01-13 08:00:00,2026-01-14 07:00:00,1.3,60.0,1.7182279210815148,24546.113158307355,-1,185.187,185.6396671871974,184.59853265664339,180.092,184.919,66.92253752382207,0.2141322543365641,EURJPY_merged,76.28177207891848
2026-01-13 15:00:00,2026-01-14 07:00:00,1.3,60.0,1.5946420182331187,22780.600260473126,-1,159.114,159.5330776314426,158.56919907912462,154.393,157.778,67.98331184863866,0.18174055872577816,USDJPY_merged,76.40535798176688
2026-01-14 01:00:00,2026-01-14 08:00:00,1.1,15.0,0.5503334684708076,7861.906692440109,-1,1.16569,1.1679140597203745,1.1632435343075878,1.14193,1.15187,58.97034597732676,0.0007462565801159799,AUDNZD_merged,15.949666531529193
2026-01-13 22:00:00,2026-01-14 10:00:00,1.2,60.0,2.342565388275714,33465.2198325102,-1,1.16509,1.167178897080308,1.1625833235036303,1.14193,1.15187,71.5424518666435,0.0007834037577779389,AUDNZD_merged,69.65743461172428
2026-01-13 03:00:00,2026-01-15 19:00:00,1.2,15.0,0.6742097040279044,9631.567200398635,1,0.8661,0.8647511540926109,0.8677186150888668,0.87202,0.87966,42.4501393760527,0.0004988888041284976,EURGBP_merged,17.325790295972094
2026-01-15 15:00:00,2026-01-16 02:00:00,1.2,60.0,1.9905296158818584,28436.137369740838,-1,1.16703,1.1694924230460537,1.1640750923447356,1.14193,1.15187,68.32040107797346,0.0008832936401772309,AUDNZD_merged,70.00947038411815
2026-01-15 15:00:00,2026-01-16 02:00:00,1.1,60.00000000000001,1.7914766542936726,25592.523632766755,-1,1.16703,1.1697660256067264,1.164020371832601,1.14193,1.15187,65.99145577864842,0.0008832936401772309,AUDNZD_merged,64.20852334570634
2026-01-15 13:00:00,2026-01-16 02:00:00,1.3,15.0,0.4304794261110199,6149.706087300285,-1,1.16716,1.1700068677610713,1.163459071910607,1.14193,1.15187,66.7273829092106,0.0009437014998504671,AUDNZD_merged,19.06952057388898
2026-01-15 22:00:00,2026-01-16 08:00:00,1.2,15.000000000000002,0.5920991330738217,8458.559043911739,1,1.99772,1.9941773398560634,2.0019711921727237,1.99962,2.02873,32.869043037526666,0.001749092209684819,GBPAUD_merged,17.407900866926177
2026-01-16 03:00:00,2026-01-18 18:00:00,1.1,60.0,1.6858850409139456,24084.072013056368,1,1.99839,1.993411464811474,2.003866388707379,1.99962,2.02873,38.74981596655903,0.0016438323202581156,GBPAUD_merged,64.31411495908606
2026-01-16 03:00:00,2026-01-18 18:00:00,1.2,90.0,2.8098084015232416,40140.1200217606,1,1.99839,1.9939093183303265,2.0037668180036086,1.99962,2.02873,40.68694752549026,0.0016438323202581156,GBPAUD_merged,105.19019159847676
2026-01-16 03:00:00,2026-01-18 19:00:00,1.5,15.0,0.5268390752856079,7526.272504080113,1,1.99839,1.9944071718491792,2.0043642422262313,1.99962,2.02873,40.68694752549026,0.0016438323202581156,GBPAUD_merged,21.973160924714392
2026-01-20 02:00:00,2026-01-20 03:00:00,1.3,90.0,2.1169998281417333,30242.854687739047,-1,0.46384,0.4652203458843759,0.46204555035031125,0.4511,0.46137,58.01666390888708,0.0006690420940547762,NZDCHF_merged,114.88300017185827
2026-01-20 02:00:00,2026-01-20 04:00:00,1.1,90.0,2.003394253220098,28619.91790314426,1,2.00154,1.995245831001695,2.0084635858981352,2.01513,2.04389,32.5784242015598,0.0022716376780092576,EURNZD_merged,96.99660574677992
2026-01-20 02:00:00,2026-01-20 04:00:00,1.3,89.99999999999999,2.5497745040983055,36425.35005854723,1,2.00154,1.9965945815013317,2.0079690440482683,2.01513,2.04389,32.78530879033291,0.0022716376780092576,EURNZD_merged,114.45022549590168
2026-01-20 04:00:00,2026-01-20 11:00:00,-1.1,90.0,2.2632083888166044,32331.548411665783,-1,184.9,185.41469851638766,184.23089192869605,182.632,184.919,64.56243603495224,0.23874288029348958,EURJPY_merged,-101.26320838881662
2026-01-20 10:00:00,2026-01-20 17:00:00,-1.1,90.0,1.4700455523988607,21000.650748555152,1,0.57211,0.5696581759771876,0.5750521888273749,0.57367,0.57936,31.323991540834722,0.0009332199020254354,CADCHF_merged,-100.47004555239887
2026-01-20 10:00:00,2026-01-20 17:00:00,-1.1,30.0,0.4410136657196581,6300.195224566545,1,0.57211,0.5693857510857641,0.5751066738056596,0.57367,0.57936,31.867241050279603,0.0009332199020254354,CADCHF_merged,-33.44101366571966
2026-01-20 10:00:00,2026-01-20 17:00:00,-1.1,30.0,0.5512670821495727,7875.2440307081815,1,0.57211,0.5699306008686112,0.5753790986970831,0.57367,0.57936,31.323991540834722,0.0009332199020254354,CADCHF_merged,-33.55126708214957
2026-01-20 08:00:00,2026-01-20 17:00:00,-1.1,15.000000000000002,0.32861028374013185,4694.432624859027,1,0.57169,0.5698632936256046,0.573699377011835,0.57367,0.57936,31.640223122034897,0.0008910124307513478,CADCHF_merged,-16.828610283740137
2026-01-20 08:00:00,2026-01-20 17:00:00,-1.1,60.0,1.4458852484565805,20655.503549379722,1,0.57169,0.5700293578414587,0.5736827705902496,0.57367,0.57936,30.270986265513407,0.0008910124307513478,CADCHF_merged,-67.44588524845658
2026-01-16 03:00:00,2026-01-21 01:00:00,-1.1,15.0,0.4515763502448068,6451.090717782955,1,1.99839,1.9937433671573757,2.0048952859796745,1.99962,2.02873,38.443929626494814,0.0016438323202581156,GBPAUD_merged,-16.951576350244807
2026-01-16 03:00:00,2026-01-21 01:00:00,-1.1,15.0,0.43600475196050303,6228.639313721473,1,1.99839,1.9935774159844248,2.004646359220248,1.99962,2.02873,38.443929626494814,0.0016438323202581156,GBPAUD_merged,-16.936004751960503
2026-01-20 04:00:00,2026-01-21 01:00:00,-1.1,90.0,1.6284962007247754,23264.231438925366,-1,106.293,106.70420507355313,105.75843340438095,102.321,104.393,51.42980651104075,0.1988462972789122,AUDJPY_merged,-100.62849620072478
2026-01-16 03:00:00,2026-01-21 01:00:00,-1.1,60.0,1.7440190078420121,24914.55725488589,1,1.99839,1.9935774159844248,2.004646359220248,1.99962,2.02873,38.74981596655903,0.0016438323202581156,GBPAUD_merged,-67.74401900784201
2026-01-20 04:00:00,2026-01-21 01:00:00,-1.1,90.0,1.6050761346554356,22929.659066506225,-1,92.13,92.49161462217778,91.65990099116888,89.674,91.36,64.19197517681793,0.1697009768932189,NZDJPY_merged,-100.60507613465545
2026-01-20 08:00:00,2026-01-21 02:00:00,-1.1,29.999999999999996,0.6112007519750401,8731.439313929144,-1,0.80669,0.8094616736187347,0.8030868242956449,0.78728,0.8066,65.23282474478692,0.0009596245577229307,NZDCAD_merged,-33.61120075197504
2026-01-20 08:00:00,2026-01-21 02:00:00,-1.1,90.0,1.9694246452529072,28134.637789327247,-1,0.80669,0.8092705237139943,0.8035933715432069,0.78728,0.8066,63.64383802605841,0.0009596245577229307,NZDCAD_merged,-100.96942464525293
2026-01-20 09:00:00,2026-01-21 02:00:00,-1.1,59.99999999999999,1.1766205761545394,16808.86537363628,-1,0.80651,0.8093888736731687,0.8033432389595143,0.78728,0.8066,70.07266019649686,0.0009932228035998752,NZDCAD_merged,-67.17662057615453
2026-01-20 08:00:00,2026-01-21 02:00:00,-1.1,60.0,1.4770684839396804,21100.978341995436,-1,0.80669,0.8089837988568839,0.8032493017146742,0.78728,0.8066,63.64383802605841,0.0009596245577229307,NZDCAD_merged,-67.47706848393968
2026-01-20 04:00:00,2026-01-21 08:00:00,-1.1,90.0,1.2795327291408949,18279.03898772707,-1,106.293,106.81635191179488,105.71731289702565,102.321,104.393,51.35099155004763,0.1988462972789122,AUDJPY_merged,-100.27953272914091
2026-01-20 09:00:00,2026-01-21 08:00:00,-1.1,90.0,1.2193604672237166,17419.435246053094,-1,92.068,92.54368247092727,91.54474928198,89.674,91.36,67.22487481824406,0.163735050525106,NZDJPY_merged,-100.21936046722374
2026-01-20 04:00:00,2026-01-21 09:00:00,-1.1,90.0,1.2611312486578425,18016.160695112038,-1,92.13,92.59023679186262,91.6237395289511,89.674,91.36,64.4142811542294,0.1697009768932189,NZDJPY_merged,-100.26113124865786
2026-01-21 09:00:00,2026-01-21 14:00:00,1.5,30.0,0.6160325837175471,8800.465481679244,1,1.06207,1.0584494983269543,1.0675007525095686,1.06092,1.07612,58.22650718640256,0.0016893607663569425,GBPCHF_merged,44.38396741628245
2026-01-21 09:00:00,2026-01-21 14:00:00,1.4,14.999999999999998,0.2640139644503773,3771.628063576819,1,1.06207,1.0578460813814468,1.0679834860659745,1.06092,1.07612,53.220968120651385,0.0016893607663569425,GBPCHF_merged,20.73598603554962
2026-01-20 22:00:00,2026-01-21 14:00:00,1.5,15.0,0.3440238511494181,4914.626444991687,-1,199.927,200.5371999884561,199.01170001731583,192.395,198.566,61.43930993003146,0.2582321383907555,CHFJPY_merged,22.15597614885058
2026-01-21 09:00:00,2026-01-21 14:00:00,1.3,15.000000000000002,0.25491003464174355,3641.57192345348,1,1.06207,1.05769522714507,1.0677572047114092,1.06092,1.07612,53.220968120651385,0.0016893607663569425,GBPCHF_merged,19.24508996535826
2026-01-21 09:00:00,2026-01-21 14:00:00,1.3,30.000000000000004,0.5098200692834871,7283.14384690696,1,1.06207,1.05769522714507,1.0677572047114092,1.06092,1.07612,54.61300402310789,0.0016893607663569425,GBPCHF_merged,38.49017993071652
2026-01-20 22:00:00,2026-01-21 14:00:00,1.1,15.0,0.27521908091953434,3931.701155993348,-1,199.927,200.68974998557013,199.08797501587284,195.894,198.566,64.15195972804497,0.2582321383907555,CHFJPY_merged,16.224780919080466
2026-01-20 22:00:00,2026-01-21 14:00:00,1.3,15.0,0.28470939405469076,4067.2770579241537,-1,199.927,200.66432498605113,198.96847751813354,192.395,198.566,64.15195972804497,0.2582321383907555,CHFJPY_merged,19.21529060594531
2026-01-20 12:00:00,2026-01-21 21:00:00,-1.1,60.0,0.8729666495152555,12470.952135932223,-1,92.314,92.75813930385003,91.78103283537996,89.674,91.36,64.95657192665824,0.16038917857276208,NZDJPY_merged,-66.87296664951525
2026-01-20 04:00:00,2026-01-21 23:00:00,-1.1,90.00000000000001,1.7782351626416184,25403.359466308837,-1,184.9,185.55507083903885,184.1794220770573,182.632,184.919,65.46483546254316,0.23874288029348958,EURJPY_merged,-100.77823516264165
2026-01-22 05:00:00,2026-01-22 08:00:00,-1.1,30.0,0.6151387139348454,8787.695913354935,1,1.97632,1.9695731120120012,1.986440331981998,1.99962,2.02873,38.42966316942339,0.0027004030905947523,GBPAUD_merged,-33.61513871393485
2026-01-22 05:00:00,2026-01-22 08:00:00,-1.1,30.0,0.7381664567218146,10545.235096025923,1,1.97632,1.9706975933433344,1.983066887987999,1.99962,2.02873,36.046747088899124,0.0027004030905947523,GBPAUD_merged,-33.738166456721814
2026-01-22 05:00:00,2026-01-23 01:00:00,-1.1,30.0,0.5090803149805616,7272.575928293738,1,1.97632,1.9681675103478349,1.9869182365478149,1.99962,2.02873,36.842566489519534,0.0027004030905947523,GBPAUD_merged,-33.509080314980565
2026-01-22 05:00:00,2026-01-23 01:00:00,-1.1,60.0,1.0181606299611232,14545.151856587476,1,1.97632,1.9681675103478349,1.9869182365478149,1.99962,2.02873,36.44109935598291,0.0027004030905947523,GBPAUD_merged,-67.01816062996113
2026-01-22 05:00:00,2026-01-23 01:00:00,-1.1,60.0,1.0545235096025922,15064.621565751318,1,1.97632,1.968448630680668,1.9873399170470647,1.99962,2.02873,36.44109935598291,0.0027004030905947523,GBPAUD_merged,-67.05452350960259
2026-01-22 18:00:00,2026-01-23 03:00:00,1.1,15.000000000000002,0.31397478080745284,4485.354011535041,-1,0.59201,0.5939898102841299,0.5898322086874572,0.57108,0.5853,71.76668150882693,0.0009156342108340302,NZDUSD_merged,16.18602521919255
2026-01-22 18:00:00,2026-01-23 03:00:00,1.2,15.0,0.345372258888198,4933.889412688543,-1,0.59201,0.5938098275310272,0.5898502069627675,0.57108,0.5853,72.4215727541049,0.0009156342108340302,NZDUSD_merged,17.654627741111803
2026-01-22 05:00:00,2026-01-23 07:00:00,-1.1,30.0,0.38180471460577203,5454.353065796744,-1,0.53945,0.5424170796526693,0.5355927964515299,0.52354,0.53684,62.57011246292372,0.000992907277948305,AUDCHF_merged,-33.38180471460577
2026-01-22 05:00:00,2026-01-23 07:00:00,-1.1,30.0,0.46134736348197464,6590.6766211710665,-1,0.53945,0.5419055141953125,0.5357667287070312,0.52354,0.53684,62.01742048938486,0.000992907277948305,AUDCHF_merged,-33.46134736348198
2026-01-23 05:00:00,2026-01-23 07:00:00,-1.1,30.0,0.9120177721646617,13028.825316638025,1,1.71569,1.7117394750102857,1.720430629987657,1.72905,1.78061,34.34898064780011,0.0020356008880815964,EURAUD_merged,-33.91201777216466
2026-01-22 22:00:00,2026-01-23 12:00:00,-1.1,15.000000000000002,0.23496771537105918,3356.6816481579885,-1,0.59089,0.5935305095654108,0.587457337564966,0.57108,0.5853,64.8129615422477,0.0008726262155256393,NZDUSD_merged,-16.734967715371063
2026-01-26 07:00:00,2026-01-27 07:00:00,-1.1,30.0,0.31226526935728244,4460.932419389749,1,0.7773,0.772072617514078,0.7840955972316987,0.7861,0.80405,38.55820678508636,0.0017637924216006855,USDCHF_merged,-33.31226526935728
2026-01-25 21:00:00,2026-01-27 07:00:00,-1.1,30.000000000000004,0.55340754866795,7905.822123827858,-1,0.69193,0.6945556472350215,0.6887792233179743,0.6592,0.67661,72.24009372375042,0.0013140505019742393,AUDUSD_merged,-33.553407548667955
2026-01-25 21:00:00,2026-01-27 08:00:00,-1.1,30.000000000000004,0.5030977715163183,7187.11102166169,-1,0.69193,0.6948182119585237,0.6887529668456241,0.6592,0.67661,72.09039391385382,0.0013140505019742393,AUDUSD_merged,-33.50309777151632
2026-01-25 21:00:00,2026-01-27 09:00:00,-1.1,30.0,0.38166037839168965,5452.291119881281,-1,0.69193,0.6957371884907811,0.6869806549619846,0.6592,0.67661,72.29790279531667,0.0013140505019742393,AUDUSD_merged,-33.381660378391686
2026-01-26 14:00:00,2026-01-27 10:00:00,-1.1,30.0,0.2585157843308588,3693.0826332979836,1,154.159,152.90672095314042,155.78696276091742,154.393,159.452,34.50422116642615,0.41861890662990997,USDJPY_merged,-33.25851578433086
2026-01-22 22:00:00,2026-01-27 15:00:00,1.3,30.0,0.5498686123056754,7855.2658900810775,1,1.98738,1.9797900086700713,1.9972469887289073,2.01513,2.04389,38.753137590825496,0.002519578504656969,EURNZD_merged,38.45013138769433
2026-01-27 22:00:00,2026-01-28 03:00:00,-1.1,30.0,0.6530545455914335,9329.350651306193,1,1.36058,1.3562048401924645,1.3671427397113032,1.3642,1.41305,36.185735851291035,0.0017670558779155317,USDCAD_merged,-33.65305454559143
2026-01-27 22:00:00,2026-01-28 07:00:00,-1.1,30.0,0.5404589342825655,7720.841918322366,1,1.36058,1.3552933485658945,1.3674526468643369,1.3642,1.41305,35.521118876630354,0.0017670558779155317,USDCAD_merged,-33.54045893428257
2026-01-27 22:00:00,2026-01-28 07:00:00,-1.1,30.0,0.5404589342825655,7720.841918322366,1,1.36058,1.3552933485658945,1.3674526468643369,1.3642,1.39282,35.360675098652926,0.0017670558779155317,USDCAD_merged,-33.54045893428257
2026-01-27 22:00:00,2026-01-28 07:00:00,-1.1,30.000000000000004,0.5597610390783716,7996.586272548167,1,1.36058,1.3554756468912086,1.367726094352308,1.3642,1.41305,35.360675098652926,0.0017670558779155317,USDCAD_merged,-33.55976103907838
2026-01-28 07:00:00,2026-01-28 09:00:00,-1.1,60.0,1.523418597198555,21763.122817122217,1,1.35737,1.3536277888897486,1.3614864322212765,1.3642,1.41305,31.909131598934724,0.001747361832248947,USDCAD_merged,-67.52341859719856
2026-01-27 13:00:00,2026-01-28 10:00:00,1.1,30.0,0.7834334350323287,11191.906214747552,1,0.91815,0.9156888910993818,0.9208572197906801,0.92645,0.93495,32.52694375429136,0.001072351159351868,EURCHF_merged,32.21656656496767
2026-01-27 19:00:00,2026-01-28 10:00:00,1.1,30.0,0.36715044615645337,5245.00637366362,1,152.49,151.6177989626532,153.4494211410815,154.343,159.452,32.58922848686019,0.38799394433468876,USDJPY_merged,32.63284955384355
2026-01-27 20:00:00,2026-01-28 10:00:00,1.2,30.0,0.4130569622028803,5900.813745755433,1,152.632,151.8560121113306,153.56318546640327,154.393,159.452,38.17089575097274,0.38835151973935395,USDJPY_merged,35.58694303779712
2026-01-27 21:00:00,2026-01-28 15:00:00,-1.1,30.0,0.4151966648178105,5931.380925968721,-1,0.69857,0.7021032581504327,0.693270112774351,0.6592,0.67661,65.97269450057614,0.0014720344034412185,AUDUSD_merged,-33.41519666481781
2026-01-27 21:00:00,2026-01-28 15:00:00,-1.1,30.0,0.34361103295267076,4908.729042181011,-1,0.69857,0.7028393535984395,0.6930198403220287,0.6592,0.67661,66.51597061829062,0.0014720344034412185,AUDUSD_merged,-33.34361103295267
2026-01-28 20:00:00,2026-01-28 22:00:00,-1.1,30.0,0.7227319500804601,10324.742144006574,1,1.97648,1.9707370575445877,1.9833715309464948,2.01513,2.04389,37.94012312807703,0.0028542232828699917,EURNZD_merged,-33.72273195008046
2026-01-22 10:00:00,2026-01-28 23:00:00,-1.1,29.999999999999996,0.43905428546555797,6272.2040780794005,1,2.28393,2.2730059453699116,2.298131271019114,2.29618,2.34529,39.746824647798746,0.0037764214332794196,GBPNZD_merged,-33.43905428546556
2026-01-28 20:00:00,2026-01-28 23:00:00,-1.1,30.0,0.4984358276416965,7120.511823452808,1,1.97648,1.9681527334396522,1.9873054465284523,2.01513,2.04389,37.351981059100915,0.0028542232828699917,EURNZD_merged,-33.4984358276417
2026-01-22 10:00:00,2026-01-28 23:00:00,-1.1,30.0,0.4547347956607566,6496.211366582237,1,2.28393,2.2733826369088805,2.298696308327567,2.29618,2.34529,39.746824647798746,0.0037764214332794196,GBPNZD_merged,-33.454734795660755
2026-01-28 20:00:00,2026-01-28 23:00:00,-1.1,30.000000000000004,0.5162371072003287,7374.815817147553,1,1.97648,1.9684398805624228,1.9877361672126082,2.01513,2.04389,37.351981059100915,0.0028542232828699917,EURNZD_merged,-33.51623710720033
2026-01-28 20:00:00,2026-01-28 23:00:00,-1.1,60.0,1.3140580910553816,18772.258443648312,1,1.97648,1.9701627632990464,1.9834289603710489,2.01513,2.04389,38.566775696846555,0.0028542232828699917,EURNZD_merged,-67.31405809105539
2026-01-29 01:00:00,2026-01-29 06:00:00,1.1,30.0,0.5377840311823717,7682.629016891025,1,1.95218,1.9445569064116934,1.9605654029471373,1.99962,2.02873,32.74192382064392,0.0033953966444151195,GBPAUD_merged,32.46221596881763
2026-01-26 12:00:00,2026-01-29 09:00:00,1.3,30.0,0.27097508727233766,3871.0726753191097,1,112.378,111.5070941083347,113.5101776591649,112.742,114.637,33.180148372755845,0.2870757781194333,CADJPY_merged,38.72902491272766
2026-01-29 02:00:00,2026-01-29 10:00:00,1.2,30.0,0.7191721770838027,10273.888244054324,1,1.96963,1.963878633176033,1.9765316401887605,2.01513,2.04389,34.27952164741647,0.0028952774539847403,EURNZD_merged,35.280827822916194
2026-01-29 02:00:00,2026-01-29 10:00:00,1.2,30.0,0.6041603426139222,8630.862037341745,1,1.95368,1.9468892067111698,1.9618289519465963,1.99962,2.02873,36.519721937885315,0.0034892968840997533,GBPAUD_merged,35.39583965738608
2026-01-27 20:00:00,2026-01-30 00:00:00,1.5,15.0,0.17210706758453345,2458.672394064764,1,152.632,151.70081453359674,154.0287781996049,154.343,159.452,42.74340042754532,0.38835151973935395,USDJPY_merged,22.327892932415466
2026-01-29 04:00:00,2026-01-30 08:00:00,-1.1,15.0,0.24796362072476183,3542.3374389251694,1,1.97278,1.9644262786196396,1.9844752099325045,2.01513,2.04389,35.623906144489276,0.0029996524985888766,EURNZD_merged,-16.74796362072476
2026-01-29 04:00:00,2026-01-30 09:00:00,-1.1,15.0,0.23941315104459765,3420.187872065681,1,1.97278,1.964127931427484,1.9840276891442707,2.01513,2.04389,35.623906144489276,0.0029996524985888766,EURNZD_merged,-16.739413151044598
2026-01-27 21:00:00,2026-01-30 09:00:00,1.3,15.0,0.14263606093690656,2037.6580133843795,1,152.99,151.8637805927559,154.4540852294174,154.343,159.452,38.32742545659371,0.37882641118654464,USDJPY_merged,19.357363939063095
2026-01-27 21:00:00,2026-01-30 09:00:00,1.3,15.0,0.14263606093690656,2037.6580133843795,1,152.99,151.8637805927559,154.4540852294174,154.393,159.452,37.708643940745525,0.37882641118654464,USDJPY_merged,19.357363939063095
2026-01-27 21:00:00,2026-01-30 10:00:00,1.4,15.0,0.14773020597036754,2110.431513862394,1,152.99,151.90261574472981,154.51233795737826,154.343,159.452,37.708643940745525,0.37882641118654464,USDJPY_merged,20.85226979402963
2026-02-03 02:00:00,2026-02-04 21:00:00,1.3,15.0,0.5312364415264822,7589.092021806889,1,0.86276,0.8610547367138501,0.8649768422719948,0.8644,0.87454,33.26535105635733,0.0006167345497524173,EURGBP_merged,18.96876355847352
2026-02-03 02:00:00,2026-02-04 21:00:00,1.4,14.999999999999998,0.5502091715809994,7860.131022585706,1,0.86276,0.8611135388961312,0.8650650455454163,0.8644,0.87454,33.26535105635733,0.0006167345497524173,EURGBP_merged,20.449790828418998
2026-02-03 06:00:00,2026-02-04 21:00:00,1.2,30.0,0.415440608709549,5934.865838707844,1,1.68329,1.6747811808670312,1.6935005829595624,1.72905,1.74653,38.47549600273478,0.004091951740306916,EURAUD_merged,35.58455939129045
2026-02-03 06:00:00,2026-02-05 16:00:00,1.3,30.000000000000004,0.28651076462727515,4093.0109232467885,1,1.68329,1.6709522122571951,1.699329124065646,1.72905,1.74653,37.858421445479635,0.004091951740306916,EURAUD_merged,38.713489235372734
2026-02-03 06:00:00,2026-02-05 18:00:00,1.4,30.0,0.2967432919353922,4239.189884791317,1,1.68329,1.6713776532138438,1.6999672855006187,1.72905,1.74653,37.858421445479635,0.004091951740306916,EURAUD_merged,41.70325670806461
2026-02-05 13:00:00,2026-02-06 16:00:00,1.1,30.0,0.5670681315045827,8100.973307208325,1,1.85263,1.845769231806807,1.8601768450125122,1.85123,1.87111,34.63705189902153,0.0029936359256983306,GBPCAD_merged,32.432931868495416
2026-02-05 13:00:00,2026-02-06 16:00:00,1.2,30.0,0.623774944655041,8911.070637929159,1,1.85263,1.8463929380061883,1.8601144743925742,1.85123,1.8816,33.69990105754102,0.0029936359256983306,GBPCAD_merged,35.37622505534496
2026-02-03 12:00:00,2026-02-09 10:00:00,-1.1,30.000000000000004,0.8086408332036226,11552.011902908895,1,0.91579,0.9134117389463491,0.9191195654751113,0.92645,0.93495,35.04202839914875,0.000845137594323012,EURCHF_merged,-33.80864083320363
2026-02-03 12:00:00,2026-02-09 10:00:00,-1.1,30.0,0.7807566665414285,11153.666664877552,1,0.91579,0.9133268010515758,0.9189921586329514,0.92645,0.93495,35.04202839914875,0.000845137594323012,EURCHF_merged,-33.78075666654143
2026-02-10 11:00:00,2026-02-10 14:00:00,1.2,30.0,1.0563266708068675,15090.381011526679,1,0.9115,0.9096879185171591,0.9136744977794089,0.92645,0.93495,43.12780795763657,0.0009163235456046594,EURCHF_merged,34.94367332919313
2026-02-11 04:00:00,2026-02-11 08:00:00,-1.1,30.0,0.6393548899652132,9133.641285217333,1,209.694,209.0052473105133,210.520503227384,209.609,214.852,33.45692354839116,0.34342089154738564,GBPJPY_merged,-33.63935488996521
2026-02-11 04:00:00,2026-02-11 08:00:00,-1.1,30.0,0.5812317181501937,8303.310259288482,1,209.694,208.93637204156465,210.52739075427888,209.609,211.589,34.10792103839908,0.34342089154738564,GBPJPY_merged,-33.58123171815019
2026-02-11 00:00:00,2026-02-11 11:00:00,-1.1,59.99999999999999,1.416678320234822,20238.26171764032,1,1.92046,1.914766447776611,1.9272922626680669,1.99962,2.02873,36.539185137145004,0.0027734349608591847,GBPAUD_merged,-67.41667832023482
2026-02-08 20:00:00,2026-02-11 13:00:00,-1.1,30.0,0.5153662839747102,7362.375485353003,1,2.26067,2.251458285637574,2.2735664001073967,2.29618,2.34529,42.715046779157795,0.003236333844682137,GBPNZD_merged,-33.51536628397471
2026-02-11 17:00:00,2026-02-11 20:00:00,-1.1,60.00000000000001,0.6898402564290439,9854.8608061292,-1,0.54724,0.5505717974394502,0.5422423038408246,0.53002,0.53773,65.7054643216681,0.0012425459781490998,AUDCHF_merged,-66.68984025642906
2026-02-11 19:00:00,2026-02-11 22:00:00,-1.1,30.0,0.39299554303589274,5614.222043369897,1,181.999,181.02647523025956,183.45778715461066,181.789,186.873,33.73758302996263,0.3334709853848691,EURJPY_merged,-33.392995543035894
2026-02-11 15:00:00,2026-02-11 22:00:00,-1.1,15.000000000000002,0.33914145720561684,4844.877960080241,1,181.693,181.13046880262908,182.48054367631931,181.789,186.873,31.360669287365813,0.3668050269439127,EURJPY_merged,-16.83914145720562
2026-02-11 15:00:00,2026-02-11 22:00:00,-1.1,15.0,0.25435609290421257,3633.65847006018,1,181.693,180.94295840350543,182.5930499157935,181.789,186.873,31.54621347169175,0.3668050269439127,EURJPY_merged,-16.754356092904214
2026-02-11 15:00:00,2026-02-13 01:00:00,1.5,15.0,0.2065470841146469,2950.6726302092416,1,1.66615,1.6576799820982757,1.6788550268525864,1.72905,1.74653,33.89327068402033,0.0027742175547392804,EURAUD_merged,22.293452915885354
2026-02-11 22:00:00,2026-02-13 01:00:00,1.5,15.0,0.22293807212899086,3184.829601842727,-1,0.96812,0.9726796787946199,0.9612804818080701,0.91331,0.93444,63.11812793923776,0.0015378528160112984,AUDCAD_merged,22.27706192787101
2026-02-11 23:00:00,2026-02-13 01:00:00,1.5,30.0,0.4757225878801879,6796.036969716971,1,1.91175,1.9033108905225853,1.9244086642161222,1.99665,2.02873,41.85010615296254,0.003052177911487498,GBPAUD_merged,44.524277412119815
2026-02-11 15:00:00,2026-02-17 02:00:00,-1.1,60.0,0.7611590916884917,10873.701309835596,1,208.498,207.34752881787506,210.2237067731874,209.609,214.852,31.931730130810745,0.44903215336068986,GBPJPY_merged,-66.7611590916885
2026-02-17 07:00:00,2026-02-17 17:00:00,-1.124173548040955,90.0,2.262633071653579,32323.32959505113,1,1.045,1.0420903368811856,1.0493644946782215,1.05136,1.07979,32.82238022907586,0.001020951244940547,GBPCHF_merged,-103.43825239533953
2026-02-18 04:00:00,2026-02-18 19:00:00,-1.1,90.0,1.9737583235047613,28196.547478639448,-1,1.17803,1.1817901305649323,1.1723898041526013,1.1527,1.16779,64.12738100943838,0.0012789826932049736,AUDNZD_merged,-100.97375832350478
2026-02-17 05:00:00,2026-02-18 22:00:00,1.5,90.0,1.3939781254819619,19913.973221170887,1,207.806,206.8668333258118,209.21475001128232,209.609,215.003,39.80925307891124,0.3322183932129717,GBPJPY_merged,133.60602187451804
2026-02-17 12:00:00,2026-02-18 23:00:00,-1.1,15.0,0.28115256903651664,4016.465271950238,1,1.35378,1.348724136541696,1.361363795187456,1.35083,1.3869,38.68822039899933,0.0019156655208228263,GBPUSD_merged,-16.781152569036518
2026-02-11 15:00:00,2026-02-19 00:00:00,1.5,15.0,0.20348487432337012,2906.926776048145,1,181.693,180.75544800438178,183.09932799342735,181.789,186.873,31.54621347169175,0.3668050269439127,EURJPY_merged,22.29651512567663
2026-02-18 21:00:00,2026-02-19 08:00:00,-1.1,60.0,1.4016014172400009,20022.877389142872,1,1.34959,1.345545855972833,1.3556562160407506,1.35083,1.3869,33.02323605387097,0.0013292086786495458,GBPUSD_merged,-67.40160141724
2026-02-12 13:00:00,2026-02-20 00:00:00,1.5,60.0,0.5844260938711167,8348.94419815881,1,112.193,111.38672080586136,113.40241879120796,111.73,115.429,37.69633594424616,0.2754539291576945,CADJPY_merged,89.41557390612888
2026-02-12 02:00:00,2026-02-24 02:00:00,1.5,30.0,0.36335890079105576,5190.841439872225,1,181.832,180.78111835331762,183.40832247002353,181.789,186.873,39.30550562081281,0.3656320543564223,EURJPY_merged,44.636641099208944
2026-02-27 13:00:00,2026-03-01 17:00:00,-1.6917281128807728,15.0,0.2867981257120322,4097.11608160046,1,1.03475,1.030961664573112,1.0404325031403323,1.0418,1.06609,28.172561035478978,0.0014015483667457528,GBPCHF_merged,-25.662719818923623
2026-03-09 01:00:00,2026-03-09 10:00:00,1.5,30.0,0.4649735735580598,6642.479622257998,1,1.8069,1.7987393426728235,1.8191409859907646,1.85123,1.8816,32.52603157976481,0.003273244150094127,GBPCAD_merged,44.53502642644194
2026-03-11 01:00:00,2026-03-11 08:00:00,-1.1,15.0,0.38957009053550395,5565.287007650057,1,1.6215,1.617129605451333,1.6276185523681335,1.66228,1.74653,30.325494722688457,0.0028547680539365884,EURAUD_merged,-16.889570090535504
2026-03-11 01:00:00,2026-03-11 09:00:00,-1.1,60.0,0.9349682172852093,13356.688818360133,1,1.6215,1.6142160090855553,1.632425986371667,1.66228,1.74653,30.8871000972245,0.0028547680539365884,EURAUD_merged,-66.9349682172852
2026-03-11 01:00:00,2026-03-11 09:00:00,-1.1,15.0,0.2921775679016279,4173.965255737542,1,1.6215,1.6156728072684443,1.628492631277867,1.66228,1.74653,30.8871000972245,0.0028547680539365884,EURAUD_merged,-16.79217756790163
2026-03-11 13:00:00,2026-03-13 01:00:00,1.5,30.0,0.46278548777321543,6611.221253903078,1,1.61946,1.612111312346971,1.6304830314795433,1.66228,1.74653,35.384219858003526,0.0029102268425535973,EURAUD_merged,44.53721451222678
2026-03-13 04:00:00,2026-03-13 07:00:00,1.4,15.0,0.4520937104340369,6458.481577629099,1,0.79481,0.7929640320496855,0.7973943551304403,0.8135,0.82129,35.199229036343624,0.0012127420644804086,NZDCAD_merged,20.54790628956596
2026-03-13 04:00:00,2026-03-13 11:00:00,-1.1,30.0,0.7103387713657874,10147.696733796964,1,0.58176,0.5800401220357845,0.5841678291499018,0.58356,0.60125,29.45909899110156,0.0011339720730858646,NZDUSD_merged,-33.710338771365784
2026-03-13 04:00:00,2026-03-13 13:00:00,-1.1,30.0,0.42620326281947246,6088.618040278178,1,0.58176,0.5788935367263074,0.586059694910539,0.58356,0.60757,30.39273159736678,0.0011339720730858646,NZDUSD_merged,-33.42620326281947
2026-03-13 07:00:00,2026-03-13 14:00:00,-1.1,15.0,0.3022962538728598,4318.517912469426,1,1.14683,1.1428465847754552,1.1528051228368172,1.17418,1.19285,36.88025437500137,0.0016190768659088478,EURUSD_merged,-16.80229625387286
2026-03-15 17:00:00,2026-03-16 03:00:00,1.4,30.0,0.6365243793972519,9093.205419960743,1,0.57888,0.576970178413667,0.581553750220866,0.58356,0.60125,33.41924712174631,0.0012829847915394,NZDUSD_merged,41.36347562060275
2026-03-15 18:00:00,2026-03-16 05:00:00,1.4,30.0,0.9723341265536418,13890.487522194884,1,1.14297,1.1405014689318709,1.146425943495381,1.17418,1.19285,33.975574120260674,0.0015995668516990628,EURUSD_merged,41.02766587344636
2026-03-15 18:00:00,2026-03-16 05:00:00,1.2,15.0,0.3646252974576157,5208.932820823082,1,1.14297,1.1396786252424944,1.1469196497090068,1.17418,1.19285,34.217080077952026,0.0015995668516990628,EURUSD_merged,17.635374702542386
2026-03-15 17:00:00,2026-03-16 05:00:00,1.5,30.0,0.38191462763835116,5455.9232519764455,1,0.57888,0.5756969640227785,0.5836545539658321,0.58356,0.60757,33.68807305081239,0.0012829847915394,NZDUSD_merged,44.61808537236165
2026-03-15 18:00:00,2026-03-16 08:00:00,1.5,30.0,0.583400475932185,8334.29251331693,1,1.14297,1.138855781553118,1.1491413276703233,1.17654,1.19285,34.217080077952026,0.0015995668516990628,EURUSD_merged,44.41659952406781
2026-03-30 15:00:00,2026-03-30 21:00:00,1.4,60.0,2.181543960876096,31164.913726801373,1,210.463,210.05780779858085,211.03026908198677,210.792,213.298,30.865939779255807,0.2644761246880328,GBPJPY_merged,81.8184560391239
2026-03-30 11:00:00,2026-03-31 00:00:00,0.15793389259523039,30.0,0.7590534628948704,10843.62089849815,1,210.555,209.97247779094022,211.25402665087174,210.792,213.298,26.97623615006084,0.29131388277775777,GBPJPY_merged,3.9789633149620407
