entry_time,exit_time,r_mult,risk_usd,fee_usd,notional,trade_type,entry_price,sl_price,tp_price,zone_lower,zone_upper,momentum,atr,asset,pnl_usd
2021-06-30 00:00:00,2021-06-30 04:00:00,-1.1,15.0,0.29354814962684544,4193.544994669221,1,83.118,82.82069306718185,83.50449901266359,83.973,85.189,38.073178368205575,0.10183965829152423,AUDJPY_merged,-16.793548149626844
2021-06-30 06:00:00,2021-07-01 11:00:00,-1.1,15.000000000000002,0.27472713178999036,3924.6733112855773,1,0.75021,0.7473427167620191,0.7539374682093751,0.7645,0.77753,36.71205758598481,0.0009738099037869773,AUDUSD_merged,-16.774727131789994
2021-07-02 14:00:00,2021-07-06 10:00:00,1.5,15.000000000000002,0.3253554821402452,4647.93545914636,1,1.46322,1.4584978389044088,1.4703032416433868,1.46549,1.48243,32.02285417105915,0.0016534505971105059,EURCAD_merged,22.174644517859758
2021-07-06 07:00:00,2021-07-06 10:00:00,1.5,59.99999999999999,1.0686591083860908,15266.558691229871,1,1.82817,1.820985001584934,1.8389474976225992,1.82603,1.85232,35.914060234881326,0.0024056152560556483,GBPAUD_merged,88.9313408916139
2021-07-02 14:00:00,2021-07-06 10:00:00,1.3,15.0,0.314510299402237,4493.004277174815,1,1.46322,1.4583350057631814,1.469570492507864,1.46658,1.48243,32.02285417105915,0.0016534505971105059,EURCAD_merged,19.185489700597763
2021-07-06 09:00:00,2021-07-06 10:00:00,1.5,15.0,0.20667050202890297,2952.4357432700426,1,1.67133,1.6628387229054362,1.6840669156418455,1.66844,1.71224,36.066478437736656,0.0029268238626030643,EURNZD_merged,22.293329497971097
2021-07-02 14:00:00,2021-07-06 10:00:00,1.4,15.0,0.33697532078811104,4813.933154115873,1,1.46322,1.458660672045636,1.4696030591361096,1.46658,1.48243,31.14140783708746,0.0016534505971105059,EURCAD_merged,20.66302467921189
2021-07-02 14:00:00,2021-07-06 10:00:00,1.5,15.0,0.314510299402237,4493.004277174815,1,1.46322,1.4583350057631814,1.4705474913552277,1.46658,1.48243,31.14140783708746,0.0016534505971105059,EURCAD_merged,22.185489700597763
2021-07-08 05:00:00,2021-07-08 08:00:00,-1.1,60.0,0.8490197685043628,12128.853835776612,1,151.431,150.68188882073926,152.55466676889114,151.309,155.482,32.54270400844013,0.2642203283347265,GBPJPY_merged,-66.84901976850436
2021-07-08 23:00:00,2021-07-09 07:00:00,1.3,90.0,0.9701790386509042,13859.700552155775,1,81.525,80.99560544545037,82.21321292091454,82.133,85.189,37.64319365281525,0.1775820002252563,AUDJPY_merged,116.0298209613491
2021-07-08 05:00:00,2021-07-09 09:00:00,1.5,60.0,0.8207191095542173,11724.558707917391,1,151.431,150.65605740076475,152.5934138988529,151.309,156.073,31.959765272164287,0.2642203283347265,GBPJPY_merged,89.17928089044578
2021-07-08 20:00:00,2021-07-09 09:00:00,1.3,60.0,0.9852476126091686,14074.965894416695,1,1.26143,1.2560526654780015,1.2684205348785982,1.26125,1.28561,36.491316912715526,0.0017753780489158304,GBPCHF_merged,77.01475238739083
2021-07-08 05:00:00,2021-07-09 09:00:00,1.3,60.0,0.8207191095542173,11724.558707917391,1,151.431,150.65605740076475,152.43842537900585,151.309,156.073,32.54270400844013,0.2642203283347265,GBPJPY_merged,77.17928089044578
2021-07-08 05:00:00,2021-07-09 09:00:00,1.5,60.0,0.9941777947188062,14202.539924554376,1,129.868,129.31936010591116,130.69095984113326,130.037,134.123,36.066593831624935,0.1906742529322593,EURJPY_merged,89.00582220528119
2021-07-08 14:00:00,2021-07-09 09:00:00,1.3,30.0,0.3613442749497389,5162.061070710556,1,151.332,150.45251408578645,152.4753316884776,151.309,156.073,37.90757594276512,0.296465933122562,GBPJPY_merged,38.63865572505026
2021-07-08 06:00:00,2021-07-09 10:00:00,1.3,60.0,0.9549259913171776,13641.799875959681,1,130.057,129.4849772412032,130.8006295864358,130.037,134.123,35.48219268528863,0.19734037772281166,EURJPY_merged,77.04507400868282
2021-07-08 06:00:00,2021-07-09 10:00:00,1.4,60.0,1.0231349906969758,14616.214152813942,1,130.057,129.52311209178967,130.80444307149443,130.037,134.123,35.42180865040084,0.19734037772281166,EURJPY_merged,82.97686500930303
2021-07-09 02:00:00,2021-07-09 10:00:00,1.3,90.0,1.2605753796453825,18008.21970921975,1,0.68025,0.6768503024736168,0.6846696067842982,0.68832,0.69828,34.79493464209602,0.001158573099580834,AUDCHF_merged,115.73942462035461
2021-07-08 16:00:00,2021-07-09 14:00:00,1.3,60.0,0.5065840393153137,7236.914847361625,1,76.258,75.62575820960943,77.07991432750774,76.218,80.181,35.61424399088568,0.2066562383023985,NZDJPY_merged,77.49341596068469
2021-07-09 01:00:00,2021-07-11 18:00:00,1.3,90.0,0.9917299771121223,14167.571101601749,1,0.63526,0.6312244882252587,0.6405061653071639,0.63777,0.65698,37.0765298254091,0.0013507303712226148,NZDCHF_merged,116.00827002288787
2021-07-08 06:00:00,2021-07-12 09:00:00,1.5,60.0,0.9549259913171776,13641.799875959681,1,130.057,129.4849772412032,130.91503413819515,130.037,134.123,35.42180865040084,0.19734037772281166,EURJPY_merged,89.04507400868282
2021-07-08 06:00:00,2021-07-12 09:00:00,1.5,60.0,0.9878544737763904,14112.20676823415,1,130.057,129.50404466649644,130.88643300025532,130.037,134.123,35.48219268528863,0.19734037772281166,EURJPY_merged,89.0121455262236
2021-07-08 10:00:00,2021-07-12 22:00:00,1.3,15.0,0.18128055731819132,2589.7222474027335,1,0.74404,0.7397304258704991,0.7496424463683513,0.7645,0.77753,34.098924763932814,0.0015584843271801263,AUDUSD_merged,19.318719442681807
2021-07-09 08:00:00,2021-07-13 11:00:00,-1.1,59.99999999999999,1.8024438468544628,25749.197812206614,1,1.08534,1.0828109736406184,1.0891335395390722,1.0869,1.10024,42.76014647959927,0.0008562153367477864,EURCHF_merged,-67.80244384685446
2021-07-09 08:00:00,2021-07-13 11:00:00,-1.1,90.0,2.6135435779389713,37336.3368276996,1,1.08534,1.0827237658351225,1.0887411044143407,1.0869,1.10279,42.76014647959927,0.0008562153367477864,EURCHF_merged,-101.61354357793898
2021-07-09 08:00:00,2021-07-13 11:00:00,-1.1,60.0,1.8668168413849797,26668.812019785426,1,1.08534,1.0828981814461143,1.0887585459754399,1.0869,1.10279,43.468558049172394,0.0008562153367477864,EURCHF_merged,-67.86681684138497
2021-07-13 10:00:00,2021-07-13 15:00:00,-1.1,90.0,1.7103304318867885,24433.29188409698,1,1.18209,1.1777357729681017,1.1877504951414681,1.19859,1.22664,41.77719645944734,0.0015463534831201898,EURUSD_merged,-100.7103304318868
2021-07-08 20:00:00,2021-07-14 06:00:00,1.3,90.0,1.0884097227511553,15548.710325016504,1,0.72992,0.725695032229245,0.7354124581019815,0.73616,0.74784,36.179351474070955,0.0013963936211777044,CADCHF_merged,115.91159027724885
2021-07-13 22:00:00,2021-07-14 08:00:00,1.3,90.00000000000001,2.1926599382607646,31323.71340372521,1,1.17813,1.1747449703059347,1.1825305386022849,1.19859,1.22664,36.630388034080646,0.0011331622173115436,EURUSD_merged,114.80734006173927
2021-07-08 06:00:00,2021-07-15 06:00:00,-1.1,90.0,1.660092572809181,23715.6081829883,-1,1.7313,1.7378702299851527,1.721444655022271,1.70144,1.72582,63.03670787726538,0.002540911078989741,GBPCAD_merged,-100.66009257280919
2021-07-08 06:00:00,2021-07-15 06:00:00,-1.1,15.0,0.27668209546819683,3952.6013638313834,-1,1.7313,1.7378702299851527,1.723415724017817,1.70144,1.72582,63.03670787726538,0.002540911078989741,GBPCAD_merged,-16.776682095468196
2021-07-15 00:00:00,2021-07-15 13:00:00,-1.1,60.0,0.9483230447988044,13547.472068554349,1,87.611,87.22298222270548,88.15422488821233,87.959,91.183,34.70701689202871,0.1336079363476714,CADJPY_merged,-66.9483230447988
2021-07-15 16:00:00,2021-07-18 20:00:00,-1.1,60.0,0.9237300232384698,13196.143189120998,1,81.481,81.11052357139998,81.99966700004002,82.133,85.189,32.50527635641328,0.12750493805612828,AUDJPY_merged,-66.92373002323848
2021-07-15 16:00:00,2021-07-19 02:00:00,-1.1,60.0,1.0740222815699791,15343.175450999704,-1,1.48818,1.4939995775890826,1.4794506336163762,1.46054,1.48243,63.91975978299176,0.0019512686861594376,EURCAD_merged,-67.07402228156998
2021-07-15 17:00:00,2021-07-19 03:00:00,-1.1,30.0,0.4089324306468878,5841.891866384111,1,87.148,86.70046689603342,87.81929965594986,87.959,91.183,33.89170735239546,0.14944163427501325,CADJPY_merged,-33.408932430646885
2021-07-15 17:00:00,2021-07-19 03:00:00,-1.1,90.0,1.1859040488759747,16941.486412513925,1,87.148,86.68503472003457,87.74985486395505,87.959,91.183,33.89170735239546,0.14944163427501325,CADJPY_merged,-100.18590404887598
2021-07-19 06:00:00,2021-07-19 08:00:00,-1.1,30.0,0.33130798070688894,4732.971152955557,1,80.875,80.36237274714111,81.54141542871656,82.133,85.189,32.96854663032851,0.17488462588489506,AUDJPY_merged,-33.33130798070689
2021-07-19 06:00:00,2021-07-19 08:00:00,-1.1,60.0,0.6626159614137779,9465.942305911114,1,80.875,80.36237274714111,81.64394087928834,82.133,85.189,32.52813794075373,0.17488462588489506,AUDJPY_merged,-66.66261596141378
2021-07-19 09:00:00,2021-07-19 10:00:00,-1.1,14.999999999999998,0.22512673369490163,3216.096195641452,-1,1.5023,1.509306786684596,1.495293213315404,1.46054,1.48243,77.84914618353112,0.002780822114789464,EURCAD_merged,-16.7251267336949
2021-07-18 21:00:00,2021-07-20 01:00:00,1.3,90.0,2.2217985338500656,31739.979055000942,1,1.05686,1.053863230536631,1.0607558003023796,1.05999,1.08121,36.208201983460214,0.0010095567247240737,AUDNZD_merged,114.77820146614994
2021-07-19 07:00:00,2021-07-20 02:00:00,-1.1,90.0,1.2489906754110711,17842.723934443875,1,0.73531,0.7316010427666121,0.7401316444034044,0.7645,0.77753,31.850372725676085,0.001296882857981367,AUDUSD_merged,-100.24899067541108
2021-07-19 07:00:00,2021-07-20 08:00:00,-1.1,90.0,1.7680993367641187,25258.561953773125,1,129.321,128.86021010937594,129.92002685781128,130.037,134.123,32.354906026109866,0.1706149896086856,EURJPY_merged,-100.76809933676414
2021-07-19 06:00:00,2021-07-20 08:00:00,-1.1,60.0,1.1725315944756542,16750.451349652205,1,129.333,128.869730095326,130.027904857011,130.037,134.123,35.7346869661446,0.15889306573243225,EURJPY_merged,-67.17253159447566
2021-07-19 06:00:00,2021-07-20 08:00:00,-1.1,60.0,1.1725315944756542,16750.451349652205,1,129.333,128.869730095326,129.9352508760762,130.037,134.123,36.177512962742114,0.15889306573243225,EURJPY_merged,-67.17253159447566
2021-07-27 16:00:00,2021-07-28 08:00:00,-1.1,15.000000000000002,0.29619702701055084,4231.386100150727,-1,1.88517,1.8918528101550443,1.875814065782938,1.82549,1.85232,65.55223041617333,0.002543860769658629,GBPAUD_merged,-16.796197027010553
2021-07-27 16:00:00,2021-07-28 14:00:00,-1.1,15.0,0.2655559552508386,3793.6565035834087,-1,1.88517,1.8926239036344723,1.8747345349117388,1.82549,1.85232,65.55223041617333,0.002543860769658629,GBPAUD_merged,-16.76555595525084
2021-07-28 00:00:00,2021-07-29 03:00:00,1.5,60.0,1.3573803435810206,19391.14776544315,-1,1.74638,1.751783640943149,1.7382745385852767,1.70171,1.72582,66.09108253800552,0.001728269815736582,GBPCAD_merged,88.64261965641899
2021-07-27 16:00:00,2021-07-29 09:00:00,-1.1,60.0,1.0268163603032427,14668.805147189183,-1,1.88517,1.8928809347942817,1.8736035978085774,1.82549,1.85232,65.94873659087628,0.002543860769658629,GBPAUD_merged,-67.02681636030324
2021-07-29 06:00:00,2021-07-29 10:00:00,-1.1,30.0,0.7186642332649031,10266.631903784331,1,0.90853,0.9058751955562998,0.9122467262211801,0.91174,0.92742,35.58303721017798,0.0009439912695944297,USDCHF_merged,-33.7186642332649
2021-07-28 12:00:00,2021-07-30 06:00:00,-1.1,14.999999999999998,0.3280337440461369,4686.1963435162415,-1,1.88938,1.8954276979457363,1.8809132228759693,1.82549,1.85232,65.76280414369383,0.002251320694905823,GBPAUD_merged,-16.828033744046138
2021-07-29 06:00:00,2021-07-30 11:00:00,1.2,15.0,0.30602506437647703,4371.786633949672,-1,1.39509,1.3998766814536403,1.3893459822556313,1.37313,1.39097,67.33943926868461,0.001616966967914419,GBPUSD_merged,17.693974935623523
2021-07-29 06:00:00,2021-08-02 12:00:00,1.4,15.0,0.3169545309613513,4527.921870876447,-1,1.39509,1.3997116234724805,1.3886197271385274,1.37313,1.39097,67.79968839948566,0.001616966967914419,GBPUSD_merged,20.68304546903865
2021-07-30 08:00:00,2021-08-03 19:00:00,-1.1,30.0,0.8677079963531107,12395.828519330154,1,1.05298,1.0504316104388876,1.0565477453855574,1.05999,1.08121,34.10137753183544,0.000880129191185217,AUDNZD_merged,-33.86770799635311
2021-07-29 06:00:00,2021-08-05 02:00:00,1.5,90.0,1.7749453733835667,25356.3624769081,-1,1.39509,1.4000417394348004,1.3876623908477992,1.37313,1.39097,67.79968839948566,0.001616966967914419,GBPUSD_merged,133.22505462661644
2021-08-16 04:00:00,2021-08-16 09:00:00,-1.1,90.0,1.5318074590371116,21882.963700530167,1,80.249,79.9189528409936,80.74407073850958,80.154,85.189,28.50440161323907,0.10787173969245475,AUDJPY_merged,-100.53180745903713
2021-08-20 07:00:00,2021-08-20 10:00:00,1.0,15.0,0.25184807050029806,3597.8295785756873,-1,1.75818,1.765510169321261,1.7508498306787392,1.71485,1.75063,67.59612032825467,0.002715209213683404,GBPCAD_merged,14.748151929499702
2021-08-19 08:00:00,2021-08-24 03:00:00,1.4,15.0,0.25356277147884254,3622.3253068406084,-1,1.90855,1.9164532796822353,1.8974854084448707,1.82549,1.89711,67.17986296730457,0.00268417822337583,GBPAUD_merged,20.746437228521156
2021-08-19 09:00:00,2021-08-24 03:00:00,1.2,30.0,0.5147269855202127,7353.242650288753,-1,1.90795,1.91573411684779,1.8986090597826522,1.82549,1.89711,65.16224238593358,0.002665308350277563,GBPAUD_merged,35.48527301447979
2021-08-31 05:00:00,2021-09-01 10:00:00,-1.1,15.0,0.2429712999670629,3471.018570958042,-1,0.88796,0.8917973174120828,0.8822040238818758,0.86784,0.88409,68.98266808638654,0.0012727411037399114,NZDCAD_merged,-16.742971299967063
2021-08-31 05:00:00,2021-09-01 10:00:00,-1.1,15.0,0.2429712999670629,3471.018570958042,-1,0.88796,0.8917973174120828,0.883738950846709,0.86784,0.88409,68.31023348853923,0.0012727411037399114,NZDCAD_merged,-16.742971299967063
2021-08-31 09:00:00,2021-09-02 03:00:00,-1.1,15.0,0.26617723110055996,3802.5318728651423,1,1.95278,1.9450767904071953,1.9643348143892068,1.96458,2.00661,41.2168020235141,0.002767259229223166,GBPNZD_merged,-16.76617723110056
2021-08-31 09:00:00,2021-09-02 03:00:00,-1.1,15.0,0.26617723110055996,3802.5318728651423,1,1.95278,1.9450767904071953,1.9643348143892068,1.96458,2.00661,42.73576084409317,0.002767259229223166,GBPNZD_merged,-16.76617723110056
2021-08-31 09:00:00,2021-09-02 04:00:00,-1.1,15.0,0.25730465673054126,3675.7808104363044,1,1.95278,1.944811162490202,1.9631394887627371,1.96458,2.00734,41.2168020235141,0.002767259229223166,GBPNZD_merged,-16.75730465673054
2021-08-31 09:00:00,2021-09-02 04:00:00,-1.1,15.0,0.25730465673054126,3675.7808104363044,1,1.95278,1.944811162490202,1.9631394887627371,1.96458,2.00734,43.73548128182284,0.002767259229223166,GBPNZD_merged,-16.75730465673054
2021-08-31 09:00:00,2021-09-02 04:00:00,-1.1,15.0,0.25730465673054126,3675.7808104363044,1,1.95278,1.944811162490202,1.9623426050117574,1.96458,2.00734,41.04542272625847,0.002767259229223166,GBPNZD_merged,-16.75730465673054
2021-08-31 10:00:00,2021-09-02 05:00:00,-1.1,15.0,0.2447720592133119,3496.7437030473134,-1,0.88907,0.8928838482921634,0.8848747668786203,0.86784,0.88409,70.0593824801396,0.0012919054237648519,NZDCAD_merged,-16.74477205921331
2021-09-02 03:00:00,2021-09-02 09:00:00,-1.1,15.0,0.34762160595472597,4966.022942210371,-1,0.93053,0.9333406897939113,0.9268761032679153,0.91421,0.93106,65.93331045679479,0.0009464039838296858,AUDCAD_merged,-16.847621605954725
2021-09-02 04:00:00,2021-09-02 09:00:00,-1.1,15.000000000000002,0.355747329267119,5082.104703815986,-1,0.92988,0.9326245715531061,0.9265865141362727,0.91421,0.93106,68.15777593476042,0.0009480894135561387,AUDCAD_merged,-16.85574732926712
2021-09-08 12:00:00,2021-09-09 07:00:00,1.2,15.0,0.3139185245218306,4484.550350311866,-1,0.92189,0.9249735532929267,0.9181897360484879,0.9101,0.91994,67.82449989688007,0.0010351474478106607,USDCHF_merged,17.68608147547817
2021-09-13 09:00:00,2021-09-15 10:00:00,-1.1,15.0,0.33567380632601646,4795.340090371664,1,119.272,118.89891280153577,119.83163079769636,119.28,120.6,38.877099694079895,0.12383651381035805,CHFJPY_merged,-16.835673806326017
2021-09-13 09:00:00,2021-09-15 10:00:00,-1.1,60.0,1.3426952253040658,19181.360361486655,1,119.272,118.89891280153577,119.71970463815708,119.28,120.6,40.73779043815946,0.12383651381035805,CHFJPY_merged,-67.34269522530407
2021-09-17 00:00:00,2021-09-17 10:00:00,-1.1,15.0,0.3547630221727244,5068.043173896063,-1,0.92683,0.9295731593463149,0.9227152609805278,0.9101,0.91994,63.35735197101959,0.0008819302738593416,USDCHF_merged,-16.854763022172726
2021-09-17 00:00:00,2021-09-17 10:00:00,-1.1,30.0,0.7095260443454487,10136.086347792127,-1,0.92683,0.9295731593463149,0.9238125247190537,0.9101,0.91994,63.464285688625914,0.0008819302738593416,USDCHF_merged,-33.70952604434545
2021-09-17 00:00:00,2021-09-17 10:00:00,-1.1,30.0,0.7095260443454487,10136.086347792127,-1,0.92683,0.9295731593463149,0.9238125247190537,0.9101,0.91994,63.392851780005564,0.0008819302738593416,USDCHF_merged,-33.70952604434545
2021-09-17 00:00:00,2021-09-17 10:00:00,-1.1,60.0,1.4190520886908975,20272.172695584253,-1,0.92683,0.9295731593463149,0.9232638928497908,0.9101,0.91994,63.213924684534334,0.0008819302738593416,USDCHF_merged,-67.4190520886909
2021-09-16 10:00:00,2021-09-20 02:00:00,1.1,15.0,0.23390409847284374,3341.487121040625,-1,0.73126,0.7345426402145713,0.7276490957639716,0.70874,0.73176,52.65466928816808,0.001238912447367305,CADCHF_merged,16.266095901527155
2021-09-16 10:00:00,2021-09-20 02:00:00,1.1,15.0,0.23390409847284374,3341.487121040625,-1,0.73126,0.7345426402145713,0.7276490957639716,0.70874,0.73176,52.30078462259299,0.001238912447367305,CADCHF_merged,16.266095901527155
2021-09-20 02:00:00,2021-09-20 03:00:00,-1.1,30.0,0.7141331717958533,10201.902454226478,1,1.37111,1.3670780755442864,1.3763515017924277,1.37261,1.38915,27.708998625952916,0.0014186909029589537,GBPUSD_merged,-33.71413317179585
2021-09-16 10:00:00,2021-09-20 04:00:00,1.3,15.0,0.23390409847284374,3341.487121040625,-1,0.73126,0.7345426402145713,0.7269925677210574,0.70874,0.73176,52.891235903063176,0.001238912447367305,CADCHF_merged,19.266095901527155
2021-09-20 01:00:00,2021-09-20 05:00:00,-1.1,30.0,0.71977146955249,10282.449565035573,1,117.9,117.55601581825141,118.31278101809832,119.28,120.6,35.84000822548211,0.11139986577932849,CHFJPY_merged,-33.71977146955249
2021-09-17 09:00:00,2021-09-20 06:00:00,1.1,30.0,0.9491648455582054,13559.49779368865,-1,1.0929,1.0953180099070676,1.0902401891022258,1.06959,1.08401,63.59207061379584,0.0008327173521875779,EURCHF_merged,32.05083515444179
2021-09-17 09:00:00,2021-09-20 06:00:00,1.1,30.0,0.9491648455582054,13559.49779368865,-1,1.0929,1.0953180099070676,1.0902401891022258,1.06959,1.08401,63.45867159055179,0.0008327173521875779,EURCHF_merged,32.05083515444179
2021-09-20 00:00:00,2021-09-20 07:00:00,-1.1,14.999999999999998,0.23645346307491064,3377.9066153558665,-1,1.27935,1.2850311073203629,1.270828339019456,1.24932,1.27617,70.39255313650912,0.0018212951229694245,USDCAD_merged,-16.73645346307491
2021-09-20 00:00:00,2021-09-20 07:00:00,-1.1,29.999999999999996,0.47290692614982127,6755.813230711733,-1,1.27935,1.2850311073203629,1.273100781947601,1.24932,1.27617,69.6504500972705,0.0018212951229694245,USDCAD_merged,-33.47290692614982
2021-09-17 09:00:00,2021-09-20 07:00:00,1.3,30.0,0.9491648455582054,13559.49779368865,-1,1.0929,1.0953180099070676,1.0897565871208121,1.08327,1.08401,63.25659859384984,0.0008327173521875779,EURCHF_merged,38.05083515444179
2021-09-20 04:00:00,2021-09-20 08:00:00,1.1,30.0,0.7565237568764411,10807.482241092017,-1,0.93195,0.9345369577554055,0.9291043464690539,0.9101,0.91994,64.59652910798917,0.0008785821623874132,USDCHF_merged,32.24347624312356
2021-09-20 04:00:00,2021-09-20 08:00:00,1.1,30.0,0.7565237568764411,10807.482241092017,-1,0.93195,0.9345369577554055,0.9291043464690539,0.9101,0.91994,63.978991458666925,0.0008785821623874132,USDCHF_merged,32.24347624312356
2021-09-20 07:00:00,2021-09-20 08:00:00,-1.1,60.0,0.8647048117484517,12352.92588212074,-1,1.28239,1.2886187591404854,1.275538364945466,1.24932,1.27617,71.75157342808336,0.002242949257769321,USDCAD_merged,-66.86470481174845
2021-09-20 04:00:00,2021-09-20 09:00:00,1.3,30.0,0.7565237568764411,10807.482241092017,-1,0.93195,0.9345369577554055,0.9285869549179728,0.9101,0.91994,64.97490205216225,0.0008785821623874132,USDCHF_merged,38.24347624312356
2021-09-20 04:00:00,2021-09-20 10:00:00,1.5,15.0,0.39130539148781435,5590.077021254491,-1,0.93195,0.9344507258302253,0.928198911254662,0.9101,0.92419,64.97490205216225,0.0008785821623874132,USDCHF_merged,22.108694608512184
2021-09-20 07:00:00,2021-09-20 13:00:00,-1.1,15.0,0.28964728727347105,4137.818389621016,1,1.36927,1.3643062611245775,1.3767156083131338,1.37261,1.38915,27.539527702674672,0.001802109651916503,GBPUSD_merged,-16.78964728727347
2021-09-20 07:00:00,2021-09-20 13:00:00,-1.1,30.0,0.5792945745469421,8275.636779242031,1,1.36927,1.3643062611245775,1.3757228605380492,1.37261,1.38915,29.04863964920651,0.001802109651916503,GBPUSD_merged,-33.57929457454694
2021-09-20 07:00:00,2021-09-20 13:00:00,-1.1,15.0,0.28964728727347105,4137.818389621016,1,1.36927,1.3643062611245775,1.375226486650507,1.37261,1.38915,30.113116322599947,0.001802109651916503,GBPUSD_merged,-16.78964728727347
2021-09-20 08:00:00,2021-09-21 03:00:00,1.3,30.0,0.5974323873138496,8534.748390197852,1,117.76,117.34606864098568,118.29811076671864,119.686,120.6,41.731249895492546,0.14162161112348395,CHFJPY_merged,38.40256761268615
2021-09-20 08:00:00,2021-09-21 04:00:00,1.5,60.0,1.2360670082355507,17658.100117650727,1,117.76,117.35986635295282,118.36020047057079,119.28,120.6,41.731249895492546,0.14162161112348395,CHFJPY_merged,88.76393299176445
2021-09-20 08:00:00,2021-09-21 04:00:00,1.5,15.0,0.3090167520588877,4414.525029412682,1,117.76,117.35986635295282,118.36020047057079,119.28,120.6,44.975678902043924,0.14162161112348395,CHFJPY_merged,22.190983247941112
2021-09-20 17:00:00,2021-09-23 05:00:00,1.3,30.0,0.39166039338955544,5595.14847699365,1,149.282,148.4815815627745,150.32254396839318,149.181,153.313,33.0599528560538,0.26453427818885206,GBPJPY_merged,38.60833960661044
2021-09-20 19:00:00,2021-09-23 07:00:00,1.2,30.0,0.40450364393762955,5778.62348482328,1,149.499,148.7228687964739,150.4303574442313,149.181,153.313,36.00937103186264,0.25501680109140723,GBPJPY_merged,35.59549635606237
2021-09-20 15:00:00,2021-09-23 07:00:00,1.5,60.0,0.7983100684608999,11404.42954944143,1,149.229,148.44388927077125,150.40666609384314,149.181,153.441,33.36012033589517,0.2771758492604423,GBPJPY_merged,89.20168993153911
2021-09-20 15:00:00,2021-09-23 07:00:00,1.5,15.0,0.19292493321138418,2756.0704744483455,1,149.229,148.41681648700475,150.4472752694929,149.181,153.313,33.26953133084482,0.2771758492604423,GBPJPY_merged,22.307075066788617
2021-09-20 15:00:00,2021-09-23 07:00:00,1.5,60.0,0.7983100684608999,11404.42954944143,1,149.229,148.44388927077125,150.40666609384314,149.181,153.441,33.60855026127121,0.2771758492604423,GBPJPY_merged,89.20168993153911
2021-09-20 17:00:00,2021-09-23 09:00:00,1.2,15.0,0.24989986247141005,3569.998035305858,1,1.3656,1.3598621817162302,1.3724853819405236,1.37261,1.38915,36.658236348065536,0.0018288485164049168,GBPUSD_merged,17.75010013752859
2021-09-23 22:00:00,2021-09-24 02:00:00,-1.1,60.0,1.853390755085581,26477.010786936873,-1,110.319,110.56899574360055,109.94400638459918,108.721,110.446,73.7522210922887,0.0854764696257916,USDJPY_merged,-67.85339075508558
2021-09-23 22:00:00,2021-09-24 02:00:00,-1.1,15.0,0.46334768877139526,6619.252696734218,-1,110.319,110.56899574360055,110.01900510767935,108.721,110.446,69.04544380682279,0.0854764696257916,USDJPY_merged,-16.963347688771396
2021-09-23 22:00:00,2021-09-24 08:00:00,-1.1,30.0,0.8958055316246977,12797.221880352825,-1,110.319,110.57761628648333,110.03452208486834,109.112,110.446,71.37225723065548,0.0854764696257916,USDJPY_merged,-33.895805531624696
2021-09-23 22:00:00,2021-09-24 08:00:00,-1.1,30.0,0.8958055316246977,12797.221880352825,-1,110.319,110.57761628648333,110.00866045622001,109.112,110.446,69.04544380682279,0.0854764696257916,USDJPY_merged,-33.895805531624696
2021-09-24 06:00:00,2021-09-24 09:00:00,-1.1,60.0,1.782976274966155,25471.089642373645,-1,110.383,110.6430195002644,109.99297074960337,108.721,110.446,64.51531100371939,0.08932890402555074,USDJPY_merged,-67.78297627496616
2021-09-27 01:00:00,2021-09-27 06:00:00,1.2,30.0,0.6469018863317775,9241.455519025394,1,1.72718,1.7215731559381173,1.7339082128742591,1.72737,1.76246,35.28135739207967,0.0017990231620112944,GBPCAD_merged,35.353098113668224
2021-09-28 03:00:00,2021-09-28 11:00:00,1.2,30.0,0.49213736116961043,7030.533730994435,-1,88.129,88.50505537519071,87.67773354977116,84.667,87.888,63.40689568794523,0.1320409494637884,CADJPY_merged,35.50786263883039
2021-09-28 03:00:00,2021-09-28 11:00:00,1.3,30.0,0.49213736116961043,7030.533730994435,-1,88.129,88.50505537519071,87.64012801225209,84.894,87.888,63.18705035417871,0.1320409494637884,CADJPY_merged,38.50786263883039
2021-09-30 03:00:00,2021-09-30 06:00:00,-1.1,30.0,0.8523514315874042,12176.449022677205,1,1.1606,1.1577405456603025,1.1640313452076372,1.16638,1.1909,34.99648128651457,0.0010072120575254154,EURUSD_merged,-33.8523514315874
2021-09-30 00:00:00,2021-09-30 06:00:00,-1.1,29.999999999999996,0.9058714798525105,12941.02114075015,1,1.16039,1.1576999727122474,1.1644250409316288,1.16638,1.1909,33.54164952519254,0.0009127673581473588,EURUSD_merged,-33.90587147985251
2021-09-28 03:00:00,2021-09-30 21:00:00,1.5,15.0,0.24606868058480522,3515.2668654972176,-1,88.129,88.50505537519071,87.56491693721395,84.894,87.888,62.19949156085269,0.1320409494637884,CADJPY_merged,22.253931319415194
2021-09-28 03:00:00,2021-09-30 21:00:00,1.5,60.0,1.0182152300060903,14545.931857229862,-1,88.129,88.49252019601768,87.5837197059735,84.667,87.888,63.18705035417871,0.1320409494637884,CADJPY_merged,88.98178476999391
2021-09-28 03:00:00,2021-09-30 21:00:00,1.5,15.0,0.25455380750152257,3636.4829643074654,-1,88.129,88.49252019601768,87.5837197059735,84.667,87.888,61.58826277871082,0.1320409494637884,CADJPY_merged,22.245446192498477
2021-09-30 10:00:00,2021-10-06 05:00:00,-1.1,15.0,0.3167623040375627,4525.175771965182,1,1.15851,1.1546697845308773,1.164270323203684,1.16638,1.1909,37.58343890599406,0.0013264952642522668,EURUSD_merged,-16.816762304037564
2021-09-30 10:00:00,2021-10-06 05:00:00,-1.1,30.0,0.6553702842156469,9362.4326316521,1,1.15851,1.1547977917131813,1.1640783124302279,1.16638,1.1909,38.23133308373613,0.0013264952642522668,EURUSD_merged,-33.65537028421565
2021-10-08 00:00:00,2021-10-08 10:00:00,-1.1,15.0,0.246134392541576,3516.2056077368006,-1,89.116,89.49616548209204,88.62178487328035,84.894,87.888,69.50096185224004,0.12295598255229839,CADJPY_merged,-16.746134392541578
2021-10-08 00:00:00,2021-10-08 10:00:00,-1.1,15.0,0.246134392541576,3516.2056077368006,-1,89.116,89.49616548209204,88.62178487328035,84.894,87.888,65.86064872062725,0.12295598255229839,CADJPY_merged,-16.746134392541578
2021-10-07 13:00:00,2021-10-11 03:00:00,-1.1,15.0,0.39890825044355116,5698.689292050732,-1,1.05469,1.057466138369584,1.0516362477934573,1.02791,1.04527,66.55727997322121,0.0008942809239188906,AUDNZD_merged,-16.89890825044355
2021-10-11 07:00:00,2021-10-11 10:00:00,-1.1,15.0,0.20883641001883874,2983.3772859834107,-1,78.357,78.75096793879275,77.88423847344869,76.418,78.154,68.13985652050994,0.12851388581680423,NZDJPY_merged,-16.70883641001884
2021-10-14 10:00:00,2021-10-15 01:00:00,-1.1,15.0,0.3125269026203385,4464.670037433408,-1,123.141,123.55471814367314,122.60316641322494,119.009,120.6,66.71789671483303,0.13405561589882667,CHFJPY_merged,-16.812526902620338
2021-10-14 10:00:00,2021-10-15 01:00:00,-1.1,15.0,0.3125269026203385,4464.670037433408,-1,123.141,123.55471814367314,122.52042278449031,119.009,120.6,66.06486920096114,0.13405561589882667,CHFJPY_merged,-16.812526902620338
2021-10-15 15:00:00,2021-10-17 17:00:00,-1.1,15.000000000000002,0.29465593534032836,4209.370504861834,1,1.64156,1.6357103367376284,1.650334494893557,1.65315,1.69134,31.68098189496368,0.0019091814859721096,EURNZD_merged,-16.79465593534033
2021-10-15 13:00:00,2021-10-17 18:00:00,-1.1,15.000000000000002,0.28218449667830203,4031.2070954043147,1,1.64,1.6338976094708593,1.6479331076878827,1.65315,1.69134,23.182271591494306,0.0019252637352102273,EURNZD_merged,-16.782184496678305
2021-10-15 11:00:00,2021-10-18 20:00:00,-1.1,15.0,0.29461770961991907,4208.824423141701,-1,132.377,132.8487837572606,131.7636811155612,127.929,130.743,65.18671752430122,0.15845687724733135,EURJPY_merged,-16.79461770961992
2021-10-15 11:00:00,2021-10-18 20:00:00,-1.1,15.0,0.29461770961991907,4208.824423141701,-1,132.377,132.8487837572606,131.85803786701334,128.332,130.474,64.8543714171901,0.15845687724733135,EURJPY_merged,-16.79461770961992
2021-10-15 11:00:00,2021-10-18 20:00:00,-1.1,15.0,0.29461770961991907,4208.824423141701,-1,132.377,132.8487837572606,131.85803786701334,128.332,130.474,65.18671752430122,0.15845687724733135,EURJPY_merged,-16.79461770961992
2021-10-15 11:00:00,2021-10-18 20:00:00,-1.1,15.0,0.29461770961991907,4208.824423141701,-1,132.377,132.8487837572606,131.7636811155612,128.332,130.474,65.42180353152682,0.15845687724733135,EURJPY_merged,-16.79461770961992
2021-10-15 11:00:00,2021-10-18 20:00:00,-1.1,15.0,0.29461770961991907,4208.824423141701,-1,132.377,132.8487837572606,131.8108594912873,128.332,130.474,65.69950764650719,0.15845687724733135,EURJPY_merged,-16.79461770961992
2021-10-15 11:00:00,2021-10-18 20:00:00,-1.1,15.0,0.3047769409861231,4353.956299801759,-1,132.377,132.8330576320186,131.8297308415777,127.929,130.743,65.69950764650719,0.15845687724733135,EURJPY_merged,-16.804776940986123
2021-10-17 21:00:00,2021-10-18 23:00:00,-1.1,15.0,0.17560633300694622,2508.661900099232,-1,80.873,81.35656257172481,80.34108117110273,76.418,78.154,59.851531502423136,0.16695984362910413,NZDJPY_merged,-16.675606333006947
2021-10-17 21:00:00,2021-10-18 23:00:00,-1.1,15.0,0.17560633300694622,2508.661900099232,-1,80.873,81.35656257172481,80.34108117110273,76.418,78.154,60.87603435314521,0.16695984362910413,NZDJPY_merged,-16.675606333006947
2021-10-19 15:00:00,2021-10-20 10:00:00,-1.1,15.0,0.25351284703383176,3621.612100483311,1,1.62563,1.6188969625229201,1.6343829487202037,1.65315,1.69134,35.44749712534174,0.0021868925524295,EURNZD_merged,-16.753512847033832
2021-10-20 04:00:00,2021-10-20 16:00:00,-1.1,15.0,0.21354331562793205,3050.618794684744,-1,81.965,82.36802479029572,81.44106777261557,76.333,78.649,60.58136174641165,0.13360291128200816,NZDJPY_merged,-16.71354331562793
2021-10-20 03:00:00,2021-10-20 16:00:00,-1.1,15.0,0.23157453265334374,3308.207609333482,-1,82.004,82.37582067912837,81.55781518504597,76.333,78.649,65.71941120393207,0.1343415967652399,NZDJPY_merged,-16.731574532653344
2021-10-20 03:00:00,2021-10-20 19:00:00,-1.1,15.0,0.2305102425141151,3293.0034644873585,-1,85.619,86.00900414480279,85.11199461175637,78.844,82.025,64.1388559201749,0.13635842577229113,AUDJPY_merged,-16.730510242514114
2021-10-20 03:00:00,2021-10-20 21:00:00,-1.1,15.0,0.22385538156489895,3197.9340223556997,-1,82.004,82.38864208185693,81.58089370995738,76.418,78.154,63.67501840465544,0.1343415967652399,NZDJPY_merged,-16.7238553815649
2021-10-20 03:00:00,2021-10-20 21:00:00,-1.1,15.0,0.22385538156489895,3197.9340223556997,-1,82.004,82.38864208185693,81.58089370995738,76.418,78.154,64.37774659722825,0.1343415967652399,NZDJPY_merged,-16.7238553815649
2021-10-20 03:00:00,2021-10-20 21:00:00,-1.1,15.0,0.22385538156489895,3197.9340223556997,-1,82.004,82.38864208185693,81.50396529358599,76.418,78.154,64.93088501457669,0.1343415967652399,NZDJPY_merged,-16.7238553815649
2021-10-20 03:00:00,2021-10-20 21:00:00,-1.1,15.0,0.22385538156489895,3197.9340223556997,-1,82.004,82.38864208185693,81.5424295017717,76.418,78.154,65.71941120393207,0.1343415967652399,NZDJPY_merged,-16.7238553815649
2021-10-21 00:00:00,2021-10-21 00:00:00,1.1,15.0,0.2195945351852274,3137.0647883603915,-1,86.034,86.44537499129386,85.58148750957677,78.844,82.025,48.72864155143579,0.16525892587666832,AUDJPY_merged,16.280405464814773
2021-10-21 00:00:00,2021-10-21 00:00:00,1.1,15.0,0.2195945351852274,3137.0647883603915,-1,86.034,86.44537499129386,85.58148750957677,78.844,82.025,49.893632310714054,0.16525892587666832,AUDJPY_merged,16.280405464814773
2021-10-21 00:00:00,2021-10-21 00:00:00,1.2,15.0,0.22716676053644208,3245.2394362348873,-1,86.034,86.43166249158406,85.55680501009914,78.844,82.025,52.5638661455867,0.16525892587666832,AUDJPY_merged,17.77283323946356
2021-10-21 00:00:00,2021-10-21 01:00:00,1.3,15.0,0.2195945351852274,3137.0647883603915,-1,86.034,86.44537499129386,85.499212511318,79.899,82.025,50.903460761182316,0.16525892587666832,AUDJPY_merged,19.280405464814773
2021-10-21 00:00:00,2021-10-21 01:00:00,1.1,30.0,0.5045749326586868,7208.213323695526,-1,0.75325,0.75638496548801,0.7498015379631888,0.717,0.74775,55.04255347414757,0.0011946321748602692,AUDUSD_merged,32.495425067341316
2021-10-21 00:00:00,2021-10-21 01:00:00,1.3,15.0,0.2195945351852274,3137.0647883603915,-1,86.034,86.44537499129386,85.499212511318,78.844,82.025,49.893632310714054,0.16525892587666832,AUDJPY_merged,19.280405464814773
2021-10-21 00:00:00,2021-10-21 01:00:00,1.1,30.0,0.5045749326586868,7208.213323695526,-1,0.75325,0.75638496548801,0.7498015379631888,0.717,0.74775,54.184623124220224,0.0011946321748602692,AUDUSD_merged,32.495425067341316
2021-10-21 00:00:00,2021-10-21 02:00:00,1.3,30.0,0.5045749326586868,7208.213323695526,-1,0.75325,0.75638496548801,0.7491745448655869,0.717,0.74775,55.04255347414757,0.0011946321748602692,AUDUSD_merged,38.495425067341316
2021-10-21 00:00:00,2021-10-21 02:00:00,1.3,30.0,0.5045749326586868,7208.213323695526,-1,0.75325,0.75638496548801,0.7491745448655869,0.717,0.74775,55.7396591117579,0.0011946321748602692,AUDUSD_merged,38.495425067341316
2021-10-21 00:00:00,2021-10-21 02:00:00,1.3,30.0,0.6080595357819069,8686.564796884384,1,1.54839,1.5430424660684439,1.5553417941110228,1.59086,1.6234,45.45255283436191,0.002022331931195947,EURAUD_merged,38.391940464218095
2021-10-21 00:00:00,2021-10-21 02:00:00,1.2,30.000000000000004,0.521974068267607,7456.772403822957,-1,0.75325,0.7562804666384098,0.7496134400339083,0.717,0.74775,56.778083556663105,0.0011946321748602692,AUDUSD_merged,35.47802593173239
2021-10-21 01:00:00,2021-10-21 12:00:00,1.2,30.0,0.3753307622668431,5361.868032383473,-1,85.656,86.13525088504234,85.0808989379492,78.844,82.025,48.68496347025597,0.17166900259976312,AUDJPY_merged,35.62466923773316
2021-10-21 01:00:00,2021-10-21 12:00:00,1.1,30.0,0.36281973685794844,5183.139097970692,-1,85.656,86.15177677763,85.110645544607,78.844,82.025,44.17565096308048,0.17166900259976312,AUDJPY_merged,32.63718026314205
2021-10-21 01:00:00,2021-10-21 12:00:00,1.1,30.0,0.36281973685794844,5183.139097970692,-1,85.656,86.15177677763,85.110645544607,78.844,82.025,45.52448775164264,0.17166900259976312,AUDJPY_merged,32.63718026314205
2021-10-21 02:00:00,2021-10-21 20:00:00,1.1,30.0,0.42963568550007,6137.652650001,-1,0.74968,0.7533443324871107,0.7456492342641782,0.717,0.74775,46.765622821605604,0.0013284838650580906,AUDUSD_merged,32.57036431449993
2021-10-21 02:00:00,2021-10-21 20:00:00,1.1,30.0,0.42963568550007,6137.652650001,-1,0.74968,0.7533443324871107,0.7456492342641782,0.717,0.74775,45.43311677611489,0.0013284838650580906,AUDUSD_merged,32.57036431449993
2021-10-21 02:00:00,2021-10-22 11:00:00,1.3,30.0,0.34857079084632936,4979.582726376134,-1,85.484,85.99900700779928,84.81449088986092,78.844,82.025,41.55181583278577,0.18933550241406555,AUDJPY_merged,38.65142920915367
2021-10-21 02:00:00,2021-10-22 11:00:00,1.3,30.0,0.34857079084632936,4979.582726376134,-1,85.484,85.99900700779928,84.81449088986092,79.899,82.025,42.86525284699044,0.18933550241406555,AUDJPY_merged,38.65142920915367
2021-10-22 11:00:00,2021-10-26 03:00:00,1.3,30.0,1.1611109726019293,16587.29960859899,1,1.06667,1.0647408071382873,1.0691779507202266,1.08127,1.09376,33.83761010785754,0.0006871311238634756,EURCHF_merged,37.83888902739807
2021-10-26 02:00:00,2021-10-27 04:00:00,1.1,30.0,0.47485736436755344,6783.676633822192,-1,0.69131,0.6943672359384876,0.6879470404676636,0.66631,0.67736,64.97567053196711,0.0010012873142937859,AUDCHF_merged,32.52514263563245
2021-10-26 01:00:00,2021-10-28 18:00:00,1.3,15.0,0.3010586239232813,4300.837484618305,1,1.54416,1.5387744442604867,1.5511612224613673,1.59086,1.6234,31.58386000292687,0.0018105291574683872,EURAUD_merged,19.198941376076718
2021-10-26 01:00:00,2021-10-28 18:00:00,1.3,30.0,0.6021172478465626,8601.67496923661,1,1.54416,1.5387744442604867,1.5511612224613673,1.59086,1.6234,35.50649213084794,0.0018105291574683872,EURAUD_merged,38.397882752153436
2021-10-29 09:00:00,2021-10-29 11:00:00,1.1,30.0,0.5533718306888817,7905.311866984026,-1,124.873,125.34688263272012,124.35172910400787,119.009,124.541,67.72080629031173,0.16067795774670376,CHFJPY_merged,32.44662816931112
2021-10-29 09:00:00,2021-10-29 11:00:00,1.1,30.0,0.5533718306888817,7905.311866984026,-1,124.873,125.34688263272012,124.35172910400787,119.009,124.541,66.99221008609314,0.16067795774670376,CHFJPY_merged,32.44662816931112
2021-10-29 00:00:00,2021-10-29 11:00:00,1.3,60.00000000000001,1.3239230454591335,18913.18636370191,1,0.91163,0.9087379542628008,0.9153896594583592,0.92299,0.93129,36.40453112323985,0.00093944272818074,USDCHF_merged,76.67607695454087
2021-10-29 09:00:00,2021-10-29 16:00:00,0.7913351832445791,60.0,1.1067436613777635,15810.623733968052,-1,124.873,125.34688263272012,124.25695257746385,119.009,124.541,66.28599723887397,0.16067795774670376,CHFJPY_merged,46.37336733329698
2021-10-29 09:00:00,2021-10-29 16:00:00,0.7913351832445791,30.0,0.5533718306888817,7905.311866984026,-1,124.873,125.34688263272012,124.25695257746385,117.533,120.6,69.76549833305607,0.16067795774670376,CHFJPY_merged,23.18668366664849
2021-10-29 09:00:00,2021-10-29 16:00:00,0.7913351832445791,60.0,1.1067436613777635,15810.623733968052,-1,124.873,125.34688263272012,124.25695257746385,117.533,120.6,66.99221008609314,0.16067795774670376,CHFJPY_merged,46.37336733329698
2021-11-16 20:00:00,2021-11-17 12:00:00,1.5,15.0,0.34753091692649735,4964.727384664248,-1,114.811,115.1578800734799,114.29067988978017,113.255,114.442,67.03016438038833,0.12149854569553414,USDJPY_merged,22.152469083073502
2021-12-15 13:00:00,2021-12-15 16:00:00,1.5,60.0,1.2237616337004389,17482.309052863413,-1,1.29015,1.294577847589579,1.2835082286156312,1.22879,1.28537,66.79671575389979,0.0015192122823775767,USDCAD_merged,88.77623836629957
2021-12-30 00:00:00,2021-12-30 08:00:00,-1.1,15.0,0.44236881034209097,6319.554433458443,-1,155.141,155.50924036006072,154.625463495915,149.521,154.731,65.67697780096888,0.15054537740444177,GBPJPY_merged,-16.942368810342092
2021-12-30 00:00:00,2021-12-30 10:00:00,-1.1,15.0,0.366098325800351,5229.976082862157,-1,155.141,155.58595710174,154.47356434738995,148.975,154.731,65.97341255206463,0.15054537740444177,GBPJPY_merged,-16.86609832580035
2021-12-30 00:00:00,2021-12-30 10:00:00,-1.1,15.0,0.3932167203040808,5617.381718629726,-1,155.141,155.55527040506828,154.7267295949317,148.975,154.731,65.49812961383878,0.15054537740444177,GBPJPY_merged,-16.893216720304082
2021-12-29 22:00:00,2021-12-31 00:00:00,-0.14973913529359045,60.0,1.3752632705897292,19646.618151281848,-1,155.26,155.73415794047955,154.54876308928067,149.521,154.731,64.92721232660827,0.15946682823236905,GBPJPY_merged,-10.359611388205156
2021-12-30 15:00:00,2021-12-31 05:00:00,-1.1,14.999999999999998,0.594466959152219,8492.385130745986,1,1.0351,1.033271715041068,1.0378424274383977,1.03754,1.04662,35.98609078948569,0.0008088215735751675,EURCHF_merged,-17.094466959152218
2021-12-30 15:00:00,2021-12-31 06:00:00,-1.1,15.0,0.5686205696238618,8123.150994626598,1,1.0351,1.0331886111792983,1.0373936665848418,1.03754,1.04662,34.094861417282765,0.0008088215735751675,EURCHF_merged,-17.06862056962386
2021-12-30 15:00:00,2021-12-31 07:00:00,-1.1,15.0,0.4509749345292696,6442.499064703852,1,1.0351,1.0326899880086806,1.038474016787847,1.03754,1.04662,35.42180694120247,0.0008088215735751675,EURCHF_merged,-16.95097493452927
2021-12-30 15:00:00,2021-12-31 07:00:00,-1.1,15.0,0.46708118219102934,6672.588317014705,1,1.0351,1.0327730918704503,1.0376595989425046,1.03754,1.04662,35.98609078948569,0.0008088215735751675,EURCHF_merged,-16.96708118219103
2021-12-30 15:00:00,2021-12-31 07:00:00,-1.1,15.0,0.5231309240539529,7473.298915056471,1,1.0351,1.0330224034557591,1.0373853561986648,1.03754,1.04662,35.98609078948569,0.0008088215735751675,EURCHF_merged,-17.02313092405395
2021-12-30 15:00:00,2021-12-31 07:00:00,-1.1,14.999999999999998,0.48438048523514143,6919.721217644878,1,1.0351,1.0328561957322198,1.038241325974892,1.03754,1.04662,34.79554701019593,0.0008088215735751675,EURCHF_merged,-16.984380485235143
2022-01-02 19:00:00,2022-01-03 08:00:00,1.0,15.0,0.23224077671424673,3317.7253816320963,-1,90.943,91.35416875060012,90.53183124939987,87.436,90.361,69.32367354229585,0.1540500994127427,CADJPY_merged,14.767759223285752
2021-12-31 12:00:00,2022-01-03 10:00:00,1.4,15.0,0.2189556867312248,3127.9383818746405,-1,90.946,91.38213071405275,90.33541700032615,87.436,90.361,69.16171967088884,0.15649204451549664,CADJPY_merged,20.781044313268776
2022-01-02 19:00:00,2022-01-03 10:00:00,1.5,15.0,0.216224171423609,3088.916734622986,-1,90.943,91.38462569508903,90.28056145736646,87.436,90.361,69.7232984649902,0.1540500994127427,CADJPY_merged,22.283775828576392
2021-12-31 12:00:00,2022-01-04 04:00:00,-1.1,15.0,0.25294302507698474,3613.4717868140683,-1,155.867,156.51402456195495,154.89646315706753,148.975,154.731,58.1638915938021,0.22467535235011246,GBPJPY_merged,-16.752943025076984
2022-01-04 05:00:00,2022-01-04 06:00:00,-1.1,15.0,0.43202794203561057,6171.827743365866,-1,115.828,116.10950818076016,115.51834100116383,112.53,115.522,70.30039863312506,0.11084589571091563,USDJPY_merged,-16.93202794203561
2022-01-04 01:00:00,2022-01-04 06:00:00,-1.1,60.0,1.6418199205477235,23454.57029353891,-1,115.746,116.04209410503304,115.33146825295374,113.138,115.522,71.92255258262007,0.10883130596374589,USDJPY_merged,-67.64181992054772
2022-01-04 01:00:00,2022-01-04 06:00:00,-1.1,14.999999999999998,0.38214774012748726,5459.253430392676,-1,115.746,116.06402700170216,115.30076219761698,113.138,115.522,71.09554817182834,0.10883130596374589,USDJPY_merged,-16.882147740127486
2022-01-04 01:00:00,2022-01-04 06:00:00,-1.1,15.0,0.46176185265404723,6596.597895057818,-1,115.746,116.00919476002937,115.37752733595887,113.138,115.522,73.88708202155004,0.10883130596374589,USDJPY_merged,-16.961761852654046
2022-01-04 08:00:00,2022-01-04 19:00:00,-1.1,29.999999999999996,0.6869444560037674,9813.49222862525,1,0.83607,0.8335141208679172,0.8386258791320828,0.83802,0.8599,33.131815592148506,0.0010097203364305921,EURGBP_merged,-33.686944456003765
2022-01-04 11:00:00,2022-01-05 18:00:00,-1.1,30.0,0.4956301058150119,7080.430083071599,-1,1.87026,1.8781843491344046,1.8583734762983932,1.83862,1.86451,47.6404493385894,0.0027330674568290234,GBPAUD_merged,-33.49563010581501
2022-01-05 15:00:00,2022-01-05 22:00:00,1.0,30.0,0.49160016036041276,7022.859433720183,-1,157.51,158.18284559011838,156.8371544098816,148.975,154.731,60.39241654657058,0.24604477967034666,GBPJPY_merged,29.508399839639587
2022-01-05 15:00:00,2022-01-06 02:00:00,1.5,30.000000000000004,0.45769670102521187,6538.52430036017,-1,157.51,158.23268600420124,156.42597099369814,148.975,154.731,59.52621531347299,0.24604477967034666,GBPJPY_merged,44.542303298974794
2022-01-06 03:00:00,2022-01-07 03:00:00,-1.1,30.0,0.5789740898499041,8271.058426427202,-1,1.88612,1.8929611558814778,1.876542381765931,1.83862,1.86451,72.62167601359121,0.0026906356206140942,GBPAUD_merged,-33.57897408984991
2022-01-05 17:00:00,2022-01-07 08:00:00,1.5,30.0,0.5500403957428188,7857.719939183126,-1,1.72838,1.734978784431275,1.7184818233530876,1.66385,1.71123,63.60404083557002,0.0022093398425264443,GBPCAD_merged,44.44995960425718
2022-01-10 02:00:00,2022-01-10 07:00:00,1.5,90.0,2.113008267542817,30185.83239346882,-1,157.258,157.72686962782788,156.5546955582582,148.975,154.731,64.3288465921502,0.15734495472320756,GBPJPY_merged,132.88699173245718
2022-01-09 17:00:00,2022-01-10 07:00:00,1.0,30.0,0.7401564204880099,10573.663149828713,-1,1.13515,1.1383706908350917,1.1319293091649085,1.12215,1.13603,64.13432447171895,0.0011633592819098384,EURUSD_merged,29.25984357951199
2022-01-09 19:00:00,2022-01-10 08:00:00,1.5,90.0,2.1349322883906607,30499.032691295157,-1,1.13533,1.138680260352,1.130304609472,1.12215,1.13603,67.26189065283029,0.0011198863196059234,EURUSD_merged,132.86506771160933
2022-01-07 16:00:00,2022-01-10 10:00:00,1.5,60.0,0.9003038855179697,12861.48407882814,-1,91.405,91.8314126881771,90.76538096773436,87.436,90.361,60.72511524794765,0.1478932252783802,CADJPY_merged,89.09969611448203
2022-01-07 13:00:00,2022-01-11 08:00:00,-1.1,15.0,0.3221674588540984,4602.392269344264,1,0.85646,0.8536686473190104,0.8598096232171876,0.85479,0.87696,34.20021150461308,0.0011840864861138224,NZDCAD_merged,-16.8221674588541
2022-01-07 12:00:00,2022-01-11 09:00:00,-1.1,14.999999999999998,0.2578108992929298,3683.0128470418545,1,0.85677,0.8532805877894718,0.860608353431581,0.85479,0.87696,35.91137855803703,0.0012136316004302686,NZDCAD_merged,-16.75781089929293
2022-01-09 18:00:00,2022-01-11 10:00:00,-1.1,15.0,0.3155936784553936,4508.481120791337,1,0.85562,0.8527732984931858,0.8598900522602213,0.85479,0.87696,39.75868754722921,0.0013693869996293606,NZDCAD_merged,-16.815593678455393
2022-01-09 18:00:00,2022-01-11 13:00:00,-1.24492483720458,60.0,1.028601618669431,14694.308838134728,1,0.85562,0.8521263208780008,0.8591136791219993,0.85479,0.87696,40.08761367355434,0.0013693869996293606,NZDCAD_merged,-75.72409185094423
2022-01-11 14:00:00,2022-01-12 05:00:00,-1.1,30.0,0.6473739345049184,9248.199064355978,1,0.85317,0.8504024233267591,0.8562143343405649,0.85479,0.87696,39.04062195120204,0.0011086713357752,NZDCAD_merged,-33.64737393450492
2022-01-12 03:00:00,2022-01-12 05:00:00,-1.1,30.000000000000004,0.7680793702340729,10972.562431915328,1,1.25738,1.2539422068469366,1.2611615724683698,1.26063,1.29633,35.20117103992561,0.0013947517425664277,USDCAD_merged,-33.76807937023408
2022-01-11 14:00:00,2022-01-12 05:00:00,-1.1,30.0,0.5994203097267763,8563.14728181109,1,0.85317,0.8501810171928998,0.8573545759299402,0.85479,0.87696,38.66599963557228,0.0011086713357752,NZDCAD_merged,-33.599420309726774
2022-01-12 03:00:00,2022-01-12 05:00:00,-1.1,30.0,0.711184602068586,10159.78002955123,1,1.25738,1.2536671833946913,1.262577943247432,1.26063,1.29633,34.70750958450087,0.0013947517425664277,USDCAD_merged,-33.711184602068585
2022-01-11 14:00:00,2022-01-12 05:00:00,-1.1,60.0,1.1161619560429628,15945.170800613756,1,0.85317,0.8499596110590405,0.8576645445173432,0.85479,0.87696,38.86762976362848,0.0011086713357752,NZDCAD_merged,-67.11616195604296
2022-01-12 03:00:00,2022-01-12 05:00:00,-1.1,30.0,0.711184602068586,10159.78002955123,1,1.25738,1.2536671833946913,1.2610928166053086,1.26063,1.29633,34.501507597609134,0.0013947517425664277,USDCAD_merged,-33.711184602068585
2022-01-12 03:00:00,2022-01-12 05:00:00,-1.1,30.0,0.8000826773271592,11429.752533245133,1,1.25738,1.254079718573059,1.2620003939977174,1.26201,1.29633,34.34307873497734,0.0013947517425664277,USDCAD_merged,-33.80008267732716
2022-01-12 03:00:00,2022-01-12 06:00:00,-1.1,30.0,0.685785151994708,9796.930742781544,1,1.25738,1.2535296716685689,1.2616153611645742,1.26063,1.29633,35.20117103992561,0.0013947517425664277,USDCAD_merged,-33.68578515199471
2022-01-12 03:00:00,2022-01-12 06:00:00,-1.1,30.0,0.6621373881328214,9459.105544754593,1,1.25738,1.2533921599424462,1.262962976080575,1.26063,1.29633,34.94444806145634,0.0013947517425664277,USDCAD_merged,-33.66213738813282
2022-01-11 15:00:00,2022-01-12 08:00:00,-1.1,90.0,1.2853066486506677,18361.523552152397,-1,91.671,92.12033036066242,90.99700445900639,87.436,90.361,65.73615416886967,0.1492313962712157,CADJPY_merged,-100.28530664865067
2022-01-11 01:00:00,2022-01-12 10:00:00,1.4,15.0,0.5998318052789038,8569.025789698626,-1,1.05026,1.0520984703683514,1.047686141484308,1.03261,1.04662,67.09082283725564,0.0007663129401359593,EURCHF_merged,20.400168194721097
2022-01-11 09:00:00,2022-01-12 10:00:00,1.1,14.999999999999998,0.37312978075041825,5330.42543929169,-1,1.25839,1.261931152618112,1.2544947321200763,1.21409,1.25517,61.81598668032033,0.0014295709724417183,GBPCHF_merged,16.126870219249582
2022-01-11 01:00:00,2022-01-12 10:00:00,1.4,15.0,0.533183826914581,7616.911813065444,-1,1.05026,1.0523282791643953,1.0473644091698464,1.03754,1.04662,67.47863722019274,0.0007663129401359593,EURCHF_merged,20.46681617308542
2022-01-11 02:00:00,2022-01-12 10:00:00,1.5,90.0,2.9758136178074066,42511.62311153438,-1,1.04971,1.0519323075263942,1.0463765387104085,1.03754,1.04662,61.85147672646251,0.0007830048729833988,EURCHF_merged,132.0241863821926
2022-01-11 01:00:00,2022-01-12 10:00:00,1.4,15.0,0.49641252850667883,7091.607550095412,-1,1.05026,1.0524814850284245,1.0471499209602055,1.03754,1.04662,67.5036180417616,0.0007663129401359593,EURCHF_merged,20.503587471493322
2022-01-11 09:00:00,2022-01-12 10:00:00,1.4,30.0,0.6433272081903761,9190.388688433946,-1,1.25839,1.26249773703701,1.2526391681481857,1.21409,1.25517,61.50632257332842,0.0014295709724417183,GBPCHF_merged,41.35667279180962
2022-01-11 03:00:00,2022-01-12 10:00:00,1.0,30.0,1.0424243341211477,14891.776201730681,-1,1.04943,1.0515441131570553,1.0473158868429449,1.03754,1.04662,66.2413787763613,0.0008263616677702991,EURCHF_merged,28.957575665878853
2022-01-11 09:00:00,2022-01-12 10:00:00,1.0,30.0,0.6909810754637374,9871.158220910536,-1,1.25839,1.2622144448275612,1.2545655551724386,1.21409,1.25517,60.56491994642591,0.0014295709724417183,GBPCHF_merged,29.30901892453626
2022-01-10 22:00:00,2022-01-12 10:00:00,1.1,15.0,0.46154185684352456,6593.455097764637,-1,1.05036,1.0527495514212786,1.0477314934365936,1.03754,1.04662,73.41806173816603,0.0008395961346076848,EURCHF_merged,16.038458143156475
2022-01-11 09:00:00,2022-01-12 11:00:00,1.5,90.0,1.9299816245711283,27571.16606530184,-1,1.25839,1.26249773703701,1.2522283944444845,1.21409,1.25517,56.35721261610643,0.0014295709724417183,GBPCHF_merged,133.07001837542887
2022-01-12 01:00:00,2022-01-12 14:00:00,1.0,30.0,0.5847575908563463,8353.679869376376,-1,91.884,92.21397673397865,91.55402326602135,87.436,90.361,62.855179961243536,0.120341204807472,CADJPY_merged,29.415242409143655
2022-01-12 17:00:00,2022-01-13 03:00:00,-1.1,30.0,0.7459443704952731,10656.348149932473,-1,1.14406,1.1472807844110477,1.1405171371478475,1.12215,1.13828,68.50731780522698,0.0012177199241034462,EURUSD_merged,-33.74594437049527
2022-01-12 18:00:00,2022-01-13 03:00:00,-1.1,30.0,0.504957169590117,7213.673851287387,-1,0.68433,0.6871759700872582,0.6811994329040161,0.67008,0.68564,65.08058812504238,0.0011135031752672994,NZDUSD_merged,-33.504957169590114
2022-01-12 14:00:00,2022-01-13 03:00:00,-1.1,14.999999999999998,0.23376843847298426,3339.5491210426326,-1,0.68413,0.6872028549358172,0.6798280030898559,0.67008,0.68564,70.49440711458732,0.0011439448191964071,NZDUSD_merged,-16.733768438472985
2022-01-12 21:00:00,2022-01-13 03:00:00,-1.1,90.0,1.3100587948127256,18715.125640181795,-1,0.68446,0.6877515301336657,0.6795227047995013,0.67008,0.68564,68.55527478544806,0.00116465250585358,NZDUSD_merged,-100.31005879481273
2022-01-12 14:00:00,2022-01-13 03:00:00,-1.1,30.0,0.6151819705829604,8788.313865470864,-1,1.14386,1.147764708061785,1.1383934087135013,1.12215,1.13603,72.75135768018748,0.0013531331232316064,EURUSD_merged,-33.61518197058296
2022-01-12 18:00:00,2022-01-13 03:00:00,-1.1,30.0,0.46755293480566396,6679.3276400809145,-1,0.68433,0.6874036476942388,0.6812563523057612,0.67008,0.68564,66.66285413593579,0.0011135031752672994,NZDUSD_merged,-33.46755293480567
2022-01-12 17:00:00,2022-01-13 03:00:00,-1.1,15.000000000000002,0.44081396115870486,6297.342302267213,-1,1.37007,1.3733334481363035,1.3655011726091748,1.31612,1.35133,70.94454210468173,0.00132121505273653,GBPUSD_merged,-16.940813961158707
2022-01-12 10:00:00,2022-01-13 08:00:00,1.5,90.0,1.9185574051962044,27407.96293137435,-1,157.52,158.03725113739745,156.74412329390387,148.975,154.731,48.81732686212694,0.19826514251641822,GBPJPY_merged,133.0814425948038
2022-01-14 10:00:00,2022-01-14 12:00:00,-1.1,90.0,1.5522588395276045,22175.12627896578,-1,1.88774,1.8954015843293373,1.876247623505994,1.83862,1.86451,63.29713849817023,0.002801788085748396,GBPAUD_merged,-100.55225883952762
2022-01-12 10:00:00,2022-01-14 14:00:00,1.5,90.0,2.520501414256967,36007.163060813815,-1,1.06318,1.0658374212425008,1.0591938681362487,1.0359,1.05019,48.75902624006502,0.0009444698559731858,AUDNZD_merged,132.47949858574304
2022-01-14 07:00:00,2022-01-16 18:00:00,1.1,15.0,0.3768617519164059,5383.739313091513,1,0.91156,0.909020241069483,0.9143537348235689,0.9157,0.92939,40.90379283632298,0.0010104818884777722,USDCHF_merged,16.123138248083595
2022-01-14 07:00:00,2022-01-16 19:00:00,1.5,29.999999999999996,0.856503981628195,12235.771166117072,1,0.91156,0.909325012141145,0.9149124817882825,0.9157,0.92939,40.90379283632298,0.0010104818884777722,USDCHF_merged,44.1434960183718
2022-01-14 07:00:00,2022-01-16 19:00:00,1.1,15.000000000000002,0.33648370706821956,4806.9101009745655,1,0.91156,0.9087154699978209,0.9146889830023971,0.9157,0.92939,40.90379283632298,0.0010104818884777722,USDCHF_merged,16.163516292931785
2022-01-14 07:00:00,2022-01-17 22:00:00,1.4,30.000000000000004,0.6497616412351825,9282.30916050261,1,0.91156,0.9086138796406003,0.9156845685031597,0.91008,0.92939,41.29745090908202,0.0010104818884777722,USDCHF_merged,41.35023835876482
2022-01-18 13:00:00,2022-01-18 14:00:00,-1.1,30.0,0.7072191217031253,10103.130310044648,1,1.42155,1.4173288825154913,1.4266153409814106,1.42092,1.46455,32.32281901431954,0.0018420350092737277,EURCAD_merged,-33.707219121703126
2022-01-18 13:00:00,2022-01-18 14:00:00,-1.1,30.0,0.6777516582988283,9682.16654712612,1,1.42155,1.4171453556683387,1.4277165020643259,1.42092,1.46455,31.544558257160055,0.0018420350092737277,EURCAD_merged,-33.67775165829883
2022-01-19 02:00:00,2022-01-19 07:00:00,-1.1,30.0,0.7401926637330858,10574.180910472654,1,1.41787,1.4138473621843493,1.4239039567234761,1.4163,1.46455,39.993216217116455,0.0018278666105019518,EURCAD_merged,-33.74019266373308
2022-01-19 02:00:00,2022-01-19 08:00:00,-1.1,30.0,0.6513695440851154,9305.279201215935,1,1.41787,1.4132988206640331,1.4228982972695634,1.4163,1.46455,39.993216217116455,0.0018278666105019518,EURCAD_merged,-33.651369544085114
2022-01-19 02:00:00,2022-01-20 11:00:00,-1.1,30.0,0.5615254690388927,8021.792414841324,1,1.41787,1.4125674319702786,1.4252935952416101,1.4163,1.46455,40.09942896164247,0.0018278666105019518,EURCAD_merged,-33.56152546903889
2022-01-19 02:00:00,2022-01-20 11:00:00,-1.1,30.0,0.581579950075996,8308.285001085658,1,1.41787,1.4127502791437172,1.423501692941911,1.4163,1.46455,39.993216217116455,0.0018278666105019518,EURCAD_merged,-33.581579950076
2022-01-20 19:00:00,2022-01-21 03:00:00,1.2,15.000000000000002,0.4095852204575358,5851.217435107655,1,124.311,123.9923201661569,124.69341580061173,124.126,127.072,27.143033751413572,0.1466595602472169,CHFJPY_merged,17.590414779542463
2022-01-20 21:00:00,2022-01-21 03:00:00,1.4,30.0,0.7136690440186667,10195.272057409526,1,124.241,123.87541583716335,124.75281782797131,124.126,127.072,33.18690359659737,0.15366053919275274,CHFJPY_merged,41.286330955981335
2022-01-20 22:00:00,2022-01-21 04:00:00,-1.1,29.999999999999996,0.5040910325152088,7201.300464502984,1,0.67377,0.6709631319766984,0.6771382416279619,0.67327,0.68564,34.5589967811045,0.0012110647299043535,NZDUSD_merged,-33.504091032515205
2022-01-21 06:00:00,2022-01-21 14:00:00,-1.1,30.000000000000004,0.47348519855043586,6764.0742650062275,1,0.65712,0.65420554353077,0.6614916847038451,0.65637,0.66742,39.06470367505441,0.001286556301947752,AUDCHF_merged,-33.47348519855044
2022-01-21 06:00:00,2022-01-21 14:00:00,-1.1,30.0,0.45289888556998215,6469.984079571174,1,0.65712,0.6540730682367141,0.6607763181159432,0.65637,0.66742,36.90441071013875,0.001286556301947752,AUDCHF_merged,-33.45289888556998
2022-01-21 06:00:00,2022-01-21 14:00:00,-1.1,30.000000000000004,0.43402809867123293,6200.4014095890425,1,0.65712,0.6539405929426582,0.6615711698802786,0.65637,0.66781,36.02725379241125,0.001286556301947752,AUDCHF_merged,-33.43402809867124
2022-01-21 06:00:00,2022-01-23 17:00:00,-1.1809562720393934,29.999999999999996,0.4166669747243836,5952.38535320548,1,0.65712,0.6538081176486022,0.6607630705865376,0.65637,0.66742,39.06470367505441,0.001286556301947752,AUDCHF_merged,-35.84535513590618
2022-01-21 06:00:00,2022-01-23 17:00:00,-1.1,15.0,0.18601204228767124,2657.314889823875,1,0.65712,0.6534106917664345,0.6612002390569222,0.65637,0.66742,39.06470367505441,0.001286556301947752,AUDCHF_merged,-16.686012042287672
2022-01-23 18:00:00,2022-01-24 04:00:00,-1.1,30.0,1.1442512234446829,16346.446049209757,1,1.03373,1.0318328353253887,1.036575747011917,1.03261,1.04662,42.638029029291516,0.0008950370379852829,EURCHF_merged,-34.144251223444684
2022-01-20 01:00:00,2022-01-26 06:00:00,-1.1,29.999999999999996,0.6180443249740466,8829.20464248638,-1,1.06859,1.072220870650085,1.0635067810898806,1.0359,1.06499,70.41933824399045,0.0012354511933770273,AUDNZD_merged,-33.61804432497404
2022-01-27 03:00:00,2022-01-27 06:00:00,1.0,15.0,0.23325241820219383,3332.177402888484,-1,1.69602,1.703654737567678,1.6883852624323221,1.65144,1.68277,51.950441716078004,0.0030149891105770597,EURNZD_merged,14.766747581797807
2022-01-27 04:00:00,2022-01-27 10:00:00,-1.1,30.0,0.3586297821285155,5123.282601835936,1,0.70893,0.7047787747694458,0.7130812252305541,0.71293,0.73138,39.298962302523805,0.0015126700528360548,AUDUSD_merged,-33.35862978212852
2022-02-03 17:00:00,2022-02-04 02:00:00,-1.1,15.0,0.24440135562516638,3491.447937502377,-1,1.60182,1.6087017580643028,1.5921855387099761,1.55869,1.58534,72.72027568149251,0.0028140135367837743,EURAUD_merged,-16.744401355625165
2022-02-10 13:00:00,2022-02-10 19:00:00,1.4,30.0,0.40624333528984335,5803.4762184263345,-1,0.66685,0.6702971580906082,0.6620239786731488,0.64832,0.66781,55.93373166627897,0.0015158647374376591,AUDCHF_merged,41.593756664710156
2022-02-10 13:00:00,2022-02-10 20:00:00,1.4,30.0,0.33620138092952545,4802.876870421793,-1,0.66685,0.6710153160261515,0.661018557563388,0.64832,0.66781,56.96359266263008,0.0015158647374376591,AUDCHF_merged,41.66379861907048
2022-02-10 11:00:00,2022-02-11 13:00:00,1.4,15.0,0.28551951486471394,4078.8502123530566,-1,115.953,116.37941796326142,115.35601485143401,113.466,115.685,57.44116142069239,0.15268062863050377,USDJPY_merged,20.714480485135287
2022-02-10 11:00:00,2022-02-11 13:00:00,1.4,15.0,0.3450027471281961,4928.610673259945,-1,115.953,116.30589762476808,115.4589433253247,113.466,115.685,57.06400876517709,0.15268062863050377,USDJPY_merged,20.654997252871805
2022-02-14 06:00:00,2022-02-15 03:00:00,1.4,30.0,0.34763538035317126,4966.2197193310185,1,90.15,89.6054207923035,90.9124108907751,89.948,92.176,34.436052429603215,0.2203431458349531,CADJPY_merged,41.65236461964683
2022-02-14 21:00:00,2022-02-15 06:00:00,1.1,15.0,0.3770223238729114,5386.033198184449,1,0.83545,0.8331232876425225,0.8380093835932253,0.83802,0.8599,38.34888224828788,0.00081947093487775,EURGBP_merged,16.12297767612709
2022-02-14 11:00:00,2022-02-17 09:00:00,-1.1,30.000000000000004,0.5824743514564785,8321.062163663979,1,0.83665,0.83363361825614,0.840872934441404,0.83802,0.8599,36.70116765927125,0.0010765508046842315,EURGBP_merged,-33.58247435145648
2022-02-18 14:00:00,2022-02-21 05:00:00,-1.1,30.0,0.6158163515202807,8797.376450289725,1,0.72267,0.7202056175647927,0.7261201354092902,0.72241,0.73181,37.53281762973408,0.000996338442193281,CADCHF_merged,-33.61581635152028
2022-02-21 09:00:00,2022-02-21 22:00:00,-1.1,15.0,0.3121436084549955,4459.194406499936,1,0.71969,0.7172690806554063,0.7233213790168906,0.71957,0.73682,35.69798356630051,0.00108324517791295,CADCHF_merged,-16.812143608454996
2022-02-21 09:00:00,2022-02-22 02:00:00,-1.1,30.0,0.5722632821674919,8175.189745249884,1,0.71969,0.717048997078625,0.7233874040899251,0.72241,0.73181,33.85379209991272,0.00108324517791295,CADCHF_merged,-33.57226328216749
2022-02-21 20:00:00,2022-02-22 08:00:00,1.4,30.0,0.5780057682789453,8257.22526112779,1,89.965,89.63814080521628,90.42260287269721,89.948,91.708,36.29513129802879,0.13989195036274696,CADJPY_merged,41.42199423172106
2022-02-21 09:00:00,2022-02-22 09:00:00,1.1,30.0,0.490511384714993,7007.305495928472,1,0.71969,0.7166088299250626,0.7230792870824313,0.71957,0.73682,35.69798356630051,0.00108324517791295,CADCHF_merged,32.50948861528501
2022-02-21 09:00:00,2022-02-22 10:00:00,1.4,29.999999999999996,0.47359719903516556,6765.674271930937,1,0.71969,0.7164987881366719,0.7241576966086595,0.72241,0.73682,35.25614399127475,0.00108324517791295,CADCHF_merged,41.526402800964824
2022-02-22 11:00:00,2022-02-22 20:00:00,-1.1,30.0,0.4961253245136098,7087.504635908712,1,2.01537,2.0068393389132084,2.0273129255215077,2.02184,2.04888,36.00867272705602,0.0035005533966752326,GBPNZD_merged,-33.496125324513606
2022-02-22 08:00:00,2022-02-23 07:00:00,-1.1,30.0,0.44760865598291877,6394.409371184554,1,1.87801,1.8691991315163696,1.8903452158770824,1.87593,1.92205,34.890476646325375,0.0030426426179111753,GBPAUD_merged,-33.44760865598292
2022-02-24 02:00:00,2022-02-24 05:00:00,-1.1,30.0,0.5098596150180401,7283.708785972002,1,1.12449,1.1198584721628395,1.1309741389720247,1.12799,1.14948,33.38242788114082,0.0019369601750918672,EURUSD_merged,-33.50985961501804
2022-02-28 17:00:00,2022-03-01 06:00:00,-1.1,30.0,0.3810677673041394,5443.825247201991,1,1.54406,1.5355509465501656,1.5559726748297682,1.55869,1.62242,37.33345781176873,0.0027316117820916073,EURAUD_merged,-33.38106776730414
2022-02-28 14:00:00,2022-03-01 10:00:00,-1.1,15.0,0.21548562971987564,3078.3661388553664,1,1.84802,1.8390151257421552,1.8597263365351984,1.88009,1.92205,34.53035771403005,0.0031934531977546705,GBPAUD_merged,-16.715485629719876
2022-02-28 14:00:00,2022-03-01 10:00:00,-1.1,15.000000000000002,0.20805509076401782,2972.215582343112,1,1.84802,1.8386935230900892,1.8573464769099108,1.87593,1.92205,34.53035771403005,0.0031934531977546705,GBPAUD_merged,-16.70805509076402
2022-02-28 14:00:00,2022-03-01 11:00:00,-1.1,15.0,0.2011199210718839,2873.1417295983415,1,1.84802,1.8383719204380233,1.8624921193429649,1.88009,1.92205,34.09917321960932,0.0031934531977546705,GBPAUD_merged,-16.701119921071882
2022-02-28 14:00:00,2022-03-01 11:00:00,-1.1,60.0,0.8044796842875356,11492.566918393366,1,1.84802,1.8383719204380233,1.8615273113867674,1.88009,1.92205,34.09917321960932,0.0031934531977546705,GBPAUD_merged,-66.80447968428753
2022-02-28 14:00:00,2022-03-01 11:00:00,-1.1,15.0,0.2011199210718839,2873.1417295983415,1,1.84802,1.8383719204380233,1.8624921193429649,1.88009,1.92205,34.53035771403005,0.0031934531977546705,GBPAUD_merged,-16.701119921071882
2022-03-02 11:00:00,2022-03-02 13:00:00,-1.1,15.0,0.1682503915042762,2403.57702148966,-1,77.971,78.4575935185531,77.24110972217038,75.225,78.0,66.50733733621846,0.18602009214753995,NZDJPY_merged,-16.668250391504277
2022-02-28 13:00:00,2022-03-02 13:00:00,-1.1,15.0,0.15231903532415242,2175.9862189164633,-1,0.72512,0.7301185610687443,0.7176221583968835,0.69669,0.72483,65.8316092870673,0.0016548101944255217,AUDUSD_merged,-16.65231903532415
2022-03-01 15:00:00,2022-03-03 08:00:00,-1.1,15.0,0.21492405326894068,3070.3436181277243,1,1.83692,1.827945825305898,1.8503812620411535,1.87593,1.92205,32.609997769864776,0.0029455778815078285,GBPAUD_merged,-16.71492405326894
2022-03-02 04:00:00,2022-03-03 09:00:00,-1.1,15.0,0.22687812238883742,3241.1160341262494,1,1.83474,1.8262487581838398,1.8474768627242404,1.88009,1.92205,36.38401879760887,0.002913241514525761,GBPAUD_merged,-16.726878122388836
2022-03-02 04:00:00,2022-03-03 09:00:00,-1.1,15.0,0.2430837025594687,3472.6243222781245,1,1.83474,1.8268148409715839,1.845042706736941,1.88009,1.92205,36.29275294410929,0.002913241514525761,GBPAUD_merged,-16.743083702559467
2022-03-01 23:00:00,2022-03-03 09:00:00,-1.1,15.0,0.23601454168403574,3371.6363097719395,1,1.8316,1.82345143429605,1.843822848555925,1.87593,1.92205,26.150096512300475,0.002723432368259839,GBPAUD_merged,-16.736014541684035
2022-03-03 21:00:00,2022-03-04 05:00:00,-1.1,15.0,0.20503745586161878,2929.10651230884,1,1.01563,1.0104289429759619,1.0234315855360574,1.02996,1.06113,36.60048843066871,0.0017741366979165912,EURCHF_merged,-16.705037455861618
2022-03-03 03:00:00,2022-03-04 07:00:00,-1.1,15.0,0.2858842695237024,4084.060993195749,1,0.82864,0.8255965586751255,0.8329008178548244,0.82845,0.84778,36.33251128772445,0.0010177318386516323,EURGBP_merged,-16.785884269523702
2022-02-28 13:00:00,2022-03-07 10:00:00,1.4,15.0,0.18027544118283048,2575.3634454690073,1,0.91872,0.9133689882722202,0.9262114164188917,0.91767,0.92968,35.82614997018107,0.0017691226776461245,USDCHF_merged,20.81972455881717
2022-03-06 23:00:00,2022-03-08 03:00:00,1.5,15.0,0.15880063358484353,2268.5804797834794,1,1.38242,1.3732793500716451,1.3961309748925321,1.41,1.46337,29.198438117464313,0.0030160948046456296,EURCAD_merged,22.341199366415157
2022-03-07 19:00:00,2022-03-08 10:00:00,-1.1,60.0,0.8182953333004647,11689.933332863782,-1,1.27986,1.286429036607259,1.2700064450891113,1.26355,1.27962,66.9963535774405,0.002204814677201172,USDCAD_merged,-66.81829533330047
2022-03-07 07:00:00,2022-03-08 10:00:00,1.5,30.0,0.41144350098789395,5877.764299827057,1,1.67407,1.665525577760837,1.6868866333587442,1.69476,1.73768,35.71684949609179,0.0032537558893871305,GBPCAD_merged,44.58855649901211
2022-03-08 20:00:00,2022-03-10 08:00:00,1.5,29.999999999999996,0.43941548677486675,6277.364096783811,-1,1.28742,1.29357267800378,1.27819098299433,1.26355,1.27962,61.05708208726998,0.0020600693115551717,USDCAD_merged,44.56058451322512
2022-03-10 22:00:00,2022-03-11 00:00:00,-1.1,30.0,0.7396085392114845,10565.836274449779,-1,116.256,116.58609029379282,115.76086455931076,114.406,116.337,69.30181077760271,0.12176536500755392,USDJPY_merged,-33.73960853921148
2022-03-10 13:00:00,2022-03-11 06:00:00,-1.1,60.0,0.7550294875474342,10786.135536391917,-1,79.663,80.10614110312014,78.99828834531979,75.225,78.0,68.22410701953643,0.15632104287097895,NZDJPY_merged,-66.75502948754743
2022-03-10 22:00:00,2022-03-11 08:00:00,-1.1,15.000000000000002,0.26863317618328403,3837.6168026183436,1,1.67384,1.6672975020666811,1.6823452473133145,1.69476,1.73768,35.97615509515216,0.002273277375845516,GBPCAD_merged,-16.768633176183286
2022-03-10 21:00:00,2022-03-11 08:00:00,-1.1,29.999999999999996,0.5105326197901184,7293.323139858835,1,1.67212,1.6652419830743752,1.6824370253884373,1.69476,1.73768,35.057585777512685,0.002336606404756713,GBPCAD_merged,-33.51053261979012
2022-03-10 21:00:00,2022-03-11 08:00:00,-1.1,15.0,0.24675743289855728,3525.1061842651043,1,1.67212,1.66500481007694,1.6827927848845903,1.69476,1.73768,36.88135494543308,0.002336606404756713,GBPCAD_merged,-16.74675743289856
2022-03-10 22:00:00,2022-03-11 08:00:00,-1.1,14.999999999999998,0.25936996321144656,3705.2851887349516,1,1.67384,1.6670638414262056,1.6806161585737944,1.69476,1.73768,35.97615509515216,0.002273277375845516,GBPCAD_merged,-16.759369963211448
2022-03-10 13:00:00,2022-03-11 15:00:00,1.5,30.0,0.3554571508158876,5077.959297369823,-1,0.73576,0.7401067855308396,0.7292398217037405,0.70942,0.72483,65.30234746954787,0.00144754216504719,AUDUSD_merged,44.64454284918411
2022-03-10 11:00:00,2022-03-14 12:00:00,1.5,30.0,0.29623451496851183,4231.921642407312,-1,0.68249,0.6873281566886369,0.6752327649670448,0.64832,0.66909,67.32252170633298,0.0017527349003024426,AUDCHF_merged,44.70376548503149
2022-03-13 16:00:00,2022-03-14 13:00:00,-1.1,30.0,0.5461975536120116,7802.822194457309,-1,0.93348,0.9370690091177385,0.9280964863233921,0.91497,0.93427,60.06191263689494,0.0012077615401625927,USDCHF_merged,-33.54619755361201
2022-03-13 16:00:00,2022-03-14 22:00:00,1.5,15.0,0.20102403901715277,2871.7719859593253,1,1.65909,1.650424148351027,1.6720887774734594,1.69476,1.73768,31.45225574016952,0.0030051445580154485,GBPCAD_merged,22.298975960982848
2022-03-13 22:00:00,2022-03-14 22:00:00,1.0,15.0,0.21251348070034626,3035.906867147804,1,1.66365,1.6554301332214632,1.671869866778537,1.69476,1.73768,38.64038390473528,0.0027062627616004672,GBPCAD_merged,14.787486519299653
2022-03-11 16:00:00,2022-03-15 02:00:00,1.5,15.0,0.2066160731599517,2951.6581879993105,1,1.66107,1.6526286262320948,1.6737320606518578,1.69476,1.73768,32.01001604425977,0.002888617216324323,GBPCAD_merged,22.293383926840047
2022-03-13 19:00:00,2022-03-15 02:00:00,1.5,15.0,0.201525436303408,2878.9348043344003,1,1.66179,1.6531316413728887,1.674777537940667,1.69476,1.73768,34.30686807416076,0.0027749681464868635,GBPCAD_merged,22.29847456369659
2022-03-13 22:00:00,2022-03-15 02:00:00,1.3,15.0,0.22010324786821583,3144.3321124030836,1,1.66365,1.6557135769034819,1.673967350025474,1.69476,1.73768,38.64038390473528,0.0027062627616004672,GBPCAD_merged,19.279896752131783
2022-03-13 22:00:00,2022-03-15 04:00:00,1.4,14.999999999999998,0.20542969801033473,2934.7099715762106,1,1.66365,1.6551466895394447,1.6755546346447776,1.69476,1.73768,38.806095759751706,0.0027062627616004672,GBPCAD_merged,20.794570301989662
2022-03-13 22:00:00,2022-03-15 04:00:00,1.5,14.999999999999998,0.20542969801033473,2934.7099715762106,1,1.66365,1.6551466895394447,1.676404965690833,1.69476,1.73768,38.64038390473528,0.0027062627616004672,GBPCAD_merged,22.294570301989662
2022-03-14 22:00:00,2022-03-15 11:00:00,-1.1,30.0,0.6209467880660977,8870.668400944254,-1,0.93867,0.941844518393338,0.9339082224099929,0.91497,0.93427,60.88325927400186,0.0010771856924481394,USDCHF_merged,-33.6209467880661
2022-03-15 15:00:00,2022-03-15 16:00:00,-1.1,30.0,0.7726769347339452,11038.241924770646,1,1.06321,1.060320382231393,1.066966503099189,1.06652,1.07956,35.84384704283032,0.0010418630355074321,AUDNZD_merged,-33.772676934733944
2022-03-14 09:00:00,2022-03-15 16:00:00,-1.1579618053983312,30.000000000000004,0.6198307416808759,8854.72488115537,1,1.06573,1.0621192836390612,1.0707850029053145,1.06652,1.07956,40.99684831547527,0.0012076026831477577,AUDNZD_merged,-35.35868490363082
2022-03-15 15:00:00,2022-03-15 16:00:00,-1.1,30.0,0.7460329025017399,10657.612892882,1,1.06321,1.0602171815967998,1.0662028184032002,1.06652,1.07956,35.84384704283032,0.0010418630355074321,AUDNZD_merged,-33.74603290250174
2022-03-15 15:00:00,2022-03-15 16:00:00,-1.1,30.0,0.7211651390850153,10302.359129785935,1,1.06321,1.0601139809622069,1.0678540285566898,1.06652,1.07956,35.84384704283032,0.0010418630355074321,AUDNZD_merged,-33.72116513908502
2022-03-14 22:00:00,2022-03-16 01:00:00,1.5,30.0,0.45491265066383707,6498.75215234053,-1,1.28244,1.2883600903647547,1.273559864452868,1.26355,1.27962,57.8408083369593,0.0019405954369904124,USDCAD_merged,44.545087349336164
2022-03-10 17:00:00,2022-03-16 12:00:00,-1.1,60.0,0.6524724696724646,9321.03528103521,-1,0.63773,0.6418351019383922,0.6315723470924117,0.60722,0.62846,58.07265260280561,0.0014072986502241262,NZDCHF_merged,-66.65247246967246
2022-03-15 15:00:00,2022-03-16 13:00:00,-1.1,30.0,0.4771757065683568,6816.795808119383,-1,0.94122,0.945362210034569,0.9350066849481464,0.91497,0.93427,61.45217761737097,0.0013691805529408158,USDCHF_merged,-33.47717570656836
2022-03-15 17:00:00,2022-03-16 19:00:00,1.4,30.0,0.6349065266032538,9070.09323718934,1,1.06277,1.059254810115372,1.0676912658384792,1.06652,1.07956,39.5890281086507,0.0011566063928610414,AUDNZD_merged,41.36509347339675
2022-03-16 16:00:00,2022-03-18 01:00:00,-1.1,30.0,0.35352025047198754,5050.289292456965,-1,0.64274,0.6465580387069706,0.6377765496809381,0.6093,0.62624,62.01199292556909,0.0014240434487402783,NZDCHF_merged,-33.35352025047199
2022-03-16 16:00:00,2022-03-18 01:00:00,-1.1,30.0,0.32995223377385496,4713.6033396265,-1,0.64274,0.6468307557574685,0.6366038663637972,0.60722,0.62846,62.41300096370966,0.0014240434487402783,NZDCHF_merged,-33.32995223377385
2022-03-16 16:00:00,2022-03-18 01:00:00,-1.1,30.0,0.32995223377385496,4713.6033396265,-1,0.64274,0.6468307557574685,0.6366038663637972,0.60722,0.62624,62.01199292556909,0.0014240434487402783,NZDCHF_merged,-33.32995223377385
2022-03-17 16:00:00,2022-03-18 03:00:00,-1.1,15.0,0.2658129166256594,3797.327380366564,-1,126.523,127.02278440358144,125.77332339462782,124.005,125.58,56.431158174035495,0.16481520311721246,CHFJPY_merged,-16.76581291662566
2022-03-18 05:00:00,2022-03-18 12:00:00,-1.1,15.0,0.18610675879693794,2658.6679828133992,-1,81.862,82.32385909934516,81.16921135098227,75.225,78.0,64.55197079008728,0.1612430613666765,NZDJPY_merged,-16.68610675879694
2022-03-18 04:00:00,2022-03-21 11:00:00,-1.1,30.0,0.5569587498324384,7956.553569034836,1,1.26132,1.2565642223040812,1.2684536665438784,1.25865,1.29006,38.96581082669426,0.0015655978582606147,USDCAD_merged,-33.55695874983244
2022-03-22 01:00:00,2022-03-22 04:00:00,-1.1,30.0,0.5560919094189792,7944.170134556847,-1,120.325,120.77938981528074,119.6434152770789,114.649,116.337,79.18829464932095,0.1529301809202266,USDJPY_merged,-33.55609190941898
2022-03-22 01:00:00,2022-03-22 05:00:00,-1.1,30.0,0.40468718451017155,5781.245493002451,-1,95.47,95.96541227810974,94.72688158283539,89.23,91.708,71.72073196016905,0.16491332417682414,CADJPY_merged,-33.40468718451017
2022-03-24 11:00:00,2022-03-25 13:00:00,-1.1,30.0,0.5113759879206502,7305.37125600929,1,1.25304,1.2478943066898787,1.26024397063417,1.25865,1.29006,44.981324096069656,0.001759143167418517,USDCAD_merged,-33.51137598792065
2022-03-24 11:00:00,2022-03-27 21:00:00,-1.1,15.0,0.13112117139586174,1873.1595913694537,-1,91.617,92.35065612109713,90.5165158183543,82.012,83.988,69.63083652541776,0.2428697517681598,AUDJPY_merged,-16.63112117139586
2022-03-24 11:00:00,2022-03-27 21:00:00,-1.1,15.0,0.14048696935270905,2006.9567050387006,-1,91.617,92.30174571302399,90.72683057306882,82.012,83.988,69.63083652541776,0.2428697517681598,AUDJPY_merged,-16.640486969352708
2022-03-24 22:00:00,2022-03-28 02:00:00,-1.1,29.999999999999996,0.4605703529002587,6579.576470003696,-1,131.381,131.98004007772673,130.54234389118258,124.249,125.912,63.19417794821037,0.21020288120113031,CHFJPY_merged,-33.460570352900255
2022-03-28 03:00:00,2022-03-28 07:00:00,-1.1,30.0,0.5799971119795779,8285.673028279685,1,1.64343,1.6374796203710036,1.6523555694434944,1.69476,1.73768,35.308054232543455,0.0020082127423083924,GBPCAD_merged,-33.57999711197958
2022-03-28 03:00:00,2022-03-28 07:00:00,-1.1,30.000000000000004,0.6214254771209764,8877.506816013949,1,1.64343,1.63787631234627,1.6506497939498488,1.69476,1.73768,35.76874064459606,0.0020082127423083924,GBPCAD_merged,-33.62142547712099
2022-03-28 03:00:00,2022-03-28 07:00:00,-1.1,30.0,0.5799971119795779,8285.673028279685,1,1.64343,1.6374796203710036,1.6517605314805948,1.69476,1.73768,35.308054232543455,0.0020082127423083924,GBPCAD_merged,-33.57999711197958
2022-03-28 03:00:00,2022-03-28 07:00:00,-1.1,30.0,0.5999970123926667,8571.385891323811,1,1.64343,1.6376779663586367,1.6491820336413632,1.69476,1.73768,35.76874064459606,0.0020082127423083924,GBPCAD_merged,-33.59999701239267
2022-03-28 03:00:00,2022-03-28 07:00:00,-1.1,30.0,0.5799971119795779,8285.673028279685,1,1.64343,1.6374796203710036,1.6523555694434944,1.69476,1.73768,35.76874064459606,0.0020082127423083924,GBPCAD_merged,-33.57999711197958
2022-06-01 16:00:00,2022-06-02 19:00:00,-1.1,15.0,0.20106448126319867,2872.34973233141,-1,102.839,103.37604637100299,102.0334304434955,97.799,102.951,69.5572026528624,0.2002308467867826,CADJPY_merged,-16.7010644812632
2022-06-01 16:00:00,2022-06-03 04:00:00,-1.1,15.0,0.18026470733941946,2575.21010484885,-1,102.839,103.43801325996488,101.94048011005269,97.799,102.951,69.34641492031149,0.2002308467867826,CADJPY_merged,-16.68026470733942
2022-06-08 21:00:00,2022-06-09 06:00:00,1.5,60.0,0.842162983541814,12030.899764883057,-1,134.272,134.94163570118965,133.2675464482155,126.359,131.345,69.65647568132239,0.25665560756773653,USDJPY_merged,89.15783701645819
2022-06-08 21:00:00,2022-06-09 07:00:00,1.5,60.0,0.8059497832858473,11513.568332654962,-1,143.839,144.58857995216152,142.7146300717577,132.656,138.315,67.67553096543314,0.2860642686291178,EURJPY_merged,89.19405021671415
2022-06-08 11:00:00,2022-06-10 06:00:00,1.5,15.0,0.1821880616683729,2602.6865952624703,-1,167.966,168.93403433981877,166.5139484902719,155.594,168.423,72.01249974330898,0.38651226422097995,GBPJPY_merged,22.317811938331626
2022-06-08 11:00:00,2022-06-10 07:00:00,1.5,15.0,0.1633410208061274,2333.4431543732485,-1,167.966,169.04573060979783,166.34640408530328,155.594,168.423,72.39232912266438,0.38651226422097995,GBPJPY_merged,22.336658979193874
2022-06-08 21:00:00,2022-06-13 00:00:00,-1.1,60.0,0.7550426748995573,10786.323927136535,-1,134.272,135.01890135901922,133.15164796147113,126.359,131.345,69.42484159821181,0.25665560756773653,USDJPY_merged,-66.75504267489956
2022-06-13 09:00:00,2022-06-13 10:00:00,-1.1,90.0,1.1039082060676084,15770.117229537263,1,1.21949,1.2125303751346608,1.2299294372980085,1.2155,1.26663,25.702017986909457,0.002664151737621101,GBPUSD_merged,-100.10390820606763
2022-06-13 09:00:00,2022-06-13 15:00:00,-1.1,30.0,0.3299036018133082,4712.908597332975,1,1.21949,1.2117273414963525,1.2311339877554712,1.2155,1.26663,25.00006720872048,0.002664151737621101,GBPUSD_merged,-33.32990360181331
2022-06-13 14:00:00,2022-06-14 06:00:00,-1.1,60.0,0.6499736241910715,9285.33748844388,1,1.21743,1.2095632100108467,1.22923018498373,1.2155,1.26663,28.08506459867346,0.0030802821389833124,GBPUSD_merged,-66.64997362419108
2022-06-14 17:00:00,2022-06-15 11:00:00,1.5,60.0,0.8398605151628292,11998.00735946899,-1,0.86801,0.8723507707996525,0.861498843800521,0.83927,0.85866,69.9142795572507,0.0016402752855902176,EURGBP_merged,89.16013948483717
2022-06-16 19:00:00,2022-06-17 09:00:00,-1.1,60.0,0.5060674097545116,7229.534425064451,1,0.74653,0.7403343313211556,0.7558235030182668,0.74564,0.78115,25.569767194188145,0.0022620245281587607,CADCHF_merged,-66.50606740975451
2022-06-17 11:00:00,2022-06-21 07:00:00,-1.1,59.99999999999999,0.40502540915350976,5786.077273621569,-1,139.142,140.58486355076184,136.97770467385723,127.502,136.18,65.64376846093643,0.5530941252720852,CHFJPY_merged,-66.40502540915351
2022-06-22 07:00:00,2022-06-22 21:00:00,-1.1,14.999999999999998,0.2531287731406333,3616.125330580476,-1,1.52512,1.5314463294019536,1.5156305058970698,1.47587,1.52786,63.106798180341215,0.00313865293662126,EURAUD_merged,-16.753128773140634
2022-06-21 19:00:00,2022-06-22 22:00:00,1.5,15.0,0.21781932771501275,3111.7046816430397,-1,136.515,137.17307176756847,135.52789234864724,126.359,131.345,64.65411285175136,0.23485549207858203,USDJPY_merged,22.282180672284987
2022-06-21 19:00:00,2022-06-22 22:00:00,1.5,15.0,0.21781932771501275,3111.7046816430397,-1,136.515,137.17307176756847,135.52789234864724,126.359,131.345,64.01396411737143,0.23485549207858203,USDJPY_merged,22.282180672284987
2022-06-21 19:00:00,2022-06-22 22:00:00,1.5,15.0,0.21055868345784576,3007.9811922549397,-1,136.515,137.19576389748462,135.49385415377301,126.359,131.345,64.65411285175136,0.23485549207858203,USDJPY_merged,22.289441316542153
2022-06-21 19:00:00,2022-06-22 22:00:00,1.5,15.0,0.24295232706674505,3470.7475295249296,-1,136.515,137.10499537782002,135.63000693326995,126.359,131.345,65.09816141568622,0.23485549207858203,USDJPY_merged,22.257047672933254
2022-06-21 19:00:00,2022-06-22 22:00:00,1.5,15.0,0.21781932771501275,3111.7046816430397,-1,136.515,137.17307176756847,135.52789234864724,126.359,131.345,64.65411285175136,0.23485549207858203,USDJPY_merged,22.282180672284987
2022-06-21 19:00:00,2022-06-22 22:00:00,1.5,15.0,0.21781932771501275,3111.7046816430397,-1,136.515,137.17307176756847,135.52789234864724,126.359,131.345,65.09816141568622,0.23485549207858203,USDJPY_merged,22.282180672284987
2022-06-21 19:00:00,2022-06-22 22:00:00,1.5,15.0,0.22559858941912042,3222.8369917017208,-1,136.515,137.15037963765232,135.56193054352147,126.359,131.345,65.09816141568622,0.23485549207858203,USDJPY_merged,22.27440141058088
2022-06-21 12:00:00,2022-06-23 03:00:00,1.5,60.0,0.6723722790501714,9605.318272145307,-1,143.72,144.61775265698446,142.3733710145233,132.656,138.315,70.52815531858313,0.29609010811424274,EURJPY_merged,89.32762772094983
2022-06-21 10:00:00,2022-06-23 08:00:00,1.5,15.0,0.18764363355929467,2680.6233365613525,-1,136.164,136.92593472322,135.02109791516995,126.359,131.345,70.20780936850736,0.2557655095681011,USDJPY_merged,22.312356366440707
2022-06-23 16:00:00,2022-06-24 07:00:00,-1.1,60.0,0.9215737981504544,13165.33997357792,1,1.01108,1.0064720825347655,1.0179918761978517,1.02181,1.05136,39.53971908600515,0.0015082986957647437,EURCHF_merged,-66.92157379815045
2022-06-23 16:00:00,2022-06-24 07:00:00,-1.1,30.0,0.4607868990752272,6582.66998678896,1,1.01108,1.0064720825347655,1.0179918761978517,1.02181,1.05136,39.63919616047571,0.0015082986957647437,EURCHF_merged,-33.460786899075224
2022-06-23 16:00:00,2022-06-24 07:00:00,-1.1,30.0,0.47724357404219975,6817.765343459997,1,1.01108,1.0066309762404633,1.0177535356393053,1.02181,1.05136,39.63919616047571,0.0015082986957647437,EURCHF_merged,-33.4772435740422
2022-06-24 10:00:00,2022-06-27 04:00:00,1.5,60.0,0.9123408988586407,13033.441412266297,1,1.00677,1.002135291630256,1.0137220625546162,1.02181,1.05136,33.79962103369891,0.0017845387034800429,EURCHF_merged,89.08765910114136
2022-06-24 10:00:00,2022-06-27 07:00:00,1.5,30.000000000000004,0.40898040293663207,5842.57718480903,1,1.00677,1.001600517587593,1.0145242236186103,1.02181,1.05136,34.82463292116582,0.0017845387034800429,EURCHF_merged,44.59101959706337
2022-06-24 10:00:00,2022-06-27 07:00:00,1.5,30.000000000000004,0.40898040293663207,5842.57718480903,1,1.00677,1.001600517587593,1.0145242236186103,1.02181,1.05136,34.82463292116582,0.0017845387034800429,EURCHF_merged,44.59101959706337
2022-06-24 11:00:00,2022-06-27 08:00:00,1.5,30.0,0.4085883498721692,5836.976426745275,1,1.00691,1.0017348377599078,1.0146727433601381,1.02181,1.05136,40.73714854321209,0.0018406430818028942,EURCHF_merged,44.59141165012783
2022-06-22 16:00:00,2022-06-28 03:00:00,-1.1,60.0,0.6132376742437813,8760.53820348259,1,0.6045,0.6003598434071572,0.6107102348892643,0.61672,0.632,35.104636293238634,0.0013714770406418415,NZDCHF_merged,-66.61323767424378
2022-06-28 08:00:00,2022-06-28 09:00:00,-1.1,15.0,0.39195323894219164,5599.331984888452,1,1.57195,1.567738917309487,1.5782666240357697,1.57753,1.61817,29.721044834293547,0.002257288392023942,GBPCAD_merged,-16.891953238942193
2022-06-23 01:00:00,2022-06-28 10:00:00,-1.1,59.99999999999999,0.707242757145333,10103.467959219044,1,0.60216,0.598584039731127,0.6075239404033097,0.61672,0.632,34.11199287404399,0.0012142976230382124,NZDCHF_merged,-66.70724275714534
2022-06-23 01:00:00,2022-06-28 10:00:00,-1.1,59.99999999999999,0.707242757145333,10103.467959219044,1,0.60216,0.598584039731127,0.6075239404033097,0.61672,0.632,34.64052106298622,0.0012142976230382124,NZDCHF_merged,-66.70724275714534
2022-06-23 16:00:00,2022-06-29 02:00:00,-1.1,30.0,0.30079795342535354,4297.113620362194,1,0.66292,0.6582918701070036,0.6698621948394945,0.677,0.70446,39.9690635638498,0.0014975163954512461,AUDCHF_merged,-33.30079795342535
2022-06-23 02:00:00,2022-06-29 02:00:00,-1.1,60.0,0.6298631654600336,8998.045220857624,1,0.66262,0.6582015736613723,0.6692476395079414,0.677,0.70446,33.29761663026788,0.0014611795810037997,AUDCHF_merged,-66.62986316546004
2022-06-23 12:00:00,2022-06-29 02:00:00,-1.1,60.0,0.7810329047500092,11157.612925000132,1,1.00904,1.0036138931430085,1.0171791602854872,1.02181,1.05136,31.316051049388584,0.001758080693830704,EURCHF_merged,-66.78103290475
2022-06-28 20:00:00,2022-06-29 05:00:00,-1.1,30.0,0.4835383020164512,6907.690028806446,1,1.16598,1.1609161653672748,1.1735757519490877,1.19717,1.22942,34.78976047495361,0.0017342820252568185,GBPCHF_merged,-33.48353830201645
2022-06-28 20:00:00,2022-06-29 05:00:00,-1.1,30.0,0.4835383020164512,6907.690028806446,1,1.16598,1.1609161653672748,1.1735757519490877,1.20768,1.22942,34.78976047495361,0.0017342820252568185,GBPCHF_merged,-33.48353830201645
2022-06-28 20:00:00,2022-06-29 05:00:00,-1.1,60.0,1.0786623660366987,15409.46237195284,1,1.16598,1.161440010329281,1.1727899845060785,1.19717,1.22942,33.70983083833775,0.0017342820252568185,GBPCHF_merged,-67.0786623660367
2022-06-28 16:00:00,2022-06-29 05:00:00,-1.1,60.0,0.8920002763157227,12742.861090224611,1,0.80383,0.8000451513966516,0.8095072729050228,0.80284,0.83519,29.340951247080604,0.0014595887869101637,NZDCAD_merged,-66.89200027631573
2022-06-28 08:00:00,2022-06-29 06:00:00,-1.1,29.999999999999996,0.5226043185895888,7465.775979851269,1,1.57195,1.5656333759642302,1.5814249360536543,1.57753,1.61817,26.04706183387509,0.002257288392023942,GBPCAD_merged,-33.522604318589586
2022-06-28 16:00:00,2022-06-29 09:00:00,-1.1,15.0,0.19993109641559298,2856.158520222757,1,0.80383,0.7996084380962653,0.8101623428556023,0.80284,0.83519,29.340951247080604,0.0014595887869101637,NZDCAD_merged,-16.699931096415593
2022-06-28 16:00:00,2022-06-29 09:00:00,-1.1,60.0,0.7997243856623719,11424.634080891028,1,0.80383,0.7996084380962653,0.8101623428556023,0.80284,0.83519,30.91339442043183,0.0014595887869101637,NZDCAD_merged,-66.79972438566237
2022-06-28 16:00:00,2022-06-29 09:00:00,-1.1,15.0,0.2070714927161499,2958.1641816592846,1,0.80383,0.7997540091963941,0.8099439862054091,0.80284,0.83519,29.340951247080604,0.0014595887869101637,NZDCAD_merged,-16.70707149271615
2022-06-28 16:00:00,2022-06-29 09:00:00,-1.1,30.0,0.39986219283118596,5712.317040445514,1,0.80383,0.7996084380962653,0.8101623428556023,0.80284,0.83519,26.47496161878944,0.0014595887869101637,NZDCAD_merged,-33.399862192831186
2022-06-29 09:00:00,2022-06-29 13:00:00,-1.1,30.0,0.42958006624905587,6136.8580892722275,1,1.00213,0.9972310925195493,1.009478361220676,1.02181,1.05136,29.650634163217955,0.00199175267158953,EURCHF_merged,-33.42958006624906
2022-06-29 11:00:00,2022-06-30 12:00:00,1.5,15.0,0.19290949232072288,2755.8498902960414,-1,136.813,137.55766864368275,135.69599703447588,131.492,131.345,57.17654998724333,0.26529784157329367,USDJPY_merged,22.307090507679277
2022-06-30 01:00:00,2022-07-01 05:00:00,1.5,30.0,0.5701053761792465,8144.36251684638,1,0.99745,0.9937758634499503,1.0029612048250744,1.02181,1.05136,33.60131112000467,0.0012421619495232954,EURCHF_merged,44.42989462382075
2022-06-30 01:00:00,2022-07-01 05:00:00,1.5,30.0,0.5701053761792465,8144.36251684638,1,0.99745,0.9937758634499503,1.0029612048250744,1.02181,1.05136,33.60131112000467,0.0012421619495232954,EURCHF_merged,44.42989462382075
2022-06-30 01:00:00,2022-07-01 05:00:00,1.5,30.000000000000004,0.5904662824713627,8435.232606733753,1,0.99745,0.993902557813745,1.0027711632793823,1.02181,1.05136,33.478391863384566,0.0012421619495232954,EURCHF_merged,44.409533717528646
2022-06-30 01:00:00,2022-07-01 05:00:00,1.5,30.0,0.5701053761792465,8144.36251684638,1,0.99745,0.9937758634499503,1.0029612048250744,1.02181,1.05136,33.478391863384566,0.0012421619495232954,EURCHF_merged,44.42989462382075
2022-06-29 23:00:00,2022-07-01 05:00:00,1.5,29.999999999999996,0.5880370536210038,8400.529337442911,1,0.99691,0.9933498314917255,1.0022502527624118,1.02181,1.05136,31.85324072642496,0.0013136316100980211,EURCHF_merged,44.41196294637899
2022-06-29 19:00:00,2022-07-01 06:00:00,1.5,60.0,0.9362741541427932,13375.345059182762,1,0.99694,0.9924678611702856,1.0036482082445717,1.02181,1.05136,27.477783069026664,0.0014733942065588024,EURCHF_merged,89.0637258458572
2022-07-01 05:00:00,2022-07-01 08:00:00,-1.1,15.0,0.1579888893832161,2256.9841340459443,1,92.268,91.65478346067106,93.18782480899343,91.962,96.878,34.48966470005099,0.300279107545584,AUDJPY_merged,-16.657988889383216
2022-07-01 10:00:00,2022-07-04 03:00:00,1.5,15.0,0.17487225951798152,2498.1751359711648,1,0.67876,0.6746844650811714,0.684873302378243,0.685,0.72826,32.97426478992725,0.0021079269265990115,AUDUSD_merged,22.325127740482017
2022-07-01 12:00:00,2022-07-04 03:00:00,1.5,30.0,0.2765806716016666,3951.152451452381,1,91.707,91.01069429329695,92.75145856005456,91.962,96.878,35.234388149559884,0.3437847923978406,AUDJPY_merged,44.723419328398336
2022-07-01 12:00:00,2022-07-04 05:00:00,1.5,60.0,0.914499533375997,13064.279048228529,1,0.87672,0.872693509153792,0.8827597362693121,0.8883,0.91461,33.489376070132124,0.0019480136071680304,AUDCAD_merged,89.085500466624
2022-07-01 10:00:00,2022-07-04 05:00:00,1.5,60.0,0.46632602538128404,6661.800362589773,1,0.67876,0.6726466976217571,0.6879299535673645,0.685,0.72826,30.99253242033046,0.0021079269265990115,AUDUSD_merged,89.53367397461872
2022-06-30 03:00:00,2022-07-04 08:00:00,1.5,30.0,0.5158954348355858,7369.934783365511,1,0.998,0.9939375488548994,1.004093676717651,1.02181,1.05136,35.04197339762462,0.0014845682115787635,EURCHF_merged,44.484104565164415
2022-07-01 05:00:00,2022-07-04 20:00:00,1.5,15.0,0.10532592625547739,1504.6560893639628,1,92.268,91.34817519100658,93.64773721349013,91.962,96.878,32.689354748516884,0.300279107545584,AUDJPY_merged,22.394674073744522
2022-07-01 11:00:00,2022-07-04 21:00:00,1.5,60.0,0.3944638361653139,5635.197659504484,1,83.401,82.51299920528785,84.73300119206822,82.967,86.81,38.889333235772376,0.3024288174109016,NZDJPY_merged,89.60553616383469
2022-07-05 07:00:00,2022-07-05 11:00:00,1.5,60.0,1.2744756243021433,18206.794632887762,1,1.33201,1.3276203970187241,1.3385944044719136,1.33889,1.38076,36.23724237206873,0.002224458527020898,EURCAD_merged,88.72552437569786
2022-07-01 05:00:00,2022-07-05 21:00:00,1.5,30.0,0.3473786944696223,4962.552778137461,1,0.87929,0.8739744494800717,0.8872633257798924,0.8883,0.91461,30.136459532874202,0.0017067180180730301,AUDCAD_merged,44.652621305530374
2022-07-05 21:00:00,2022-07-06 05:00:00,-1.1,30.0,0.47154176818129284,6736.31097401847,1,1.02663,1.0220579278200206,1.0334881082699692,1.0359,1.07867,30.024234509988407,0.0017485972071355084,EURUSD_merged,-33.47154176818129
2022-07-05 23:00:00,2022-07-06 06:00:00,-1.1,30.0,0.4379593922725978,6256.562746751398,1,1.02651,1.0215879203779281,1.033893119433108,1.0359,1.07867,31.111268445387996,0.0016281782041117233,EURUSD_merged,-33.437959392272596
2022-07-06 03:00:00,2022-07-06 06:00:00,-1.1,30.0,0.4123596458858083,5890.852084082976,1,1.02689,1.021660416985475,1.0347343745217876,1.0359,1.07867,34.31706003244982,0.0018180684529267544,EURUSD_merged,-33.41235964588581
2022-07-05 23:00:00,2022-07-06 06:00:00,-1.1,29.999999999999996,0.4536007991394764,6480.011416278235,1,1.02651,1.0217576472614478,1.0336385291078285,1.0359,1.07867,31.111268445387996,0.0016281782041117233,EURUSD_merged,-33.45360079913948
2022-07-05 16:00:00,2022-07-06 06:00:00,-1.1,60.0,0.6968793203119977,9955.418861599968,1,1.02658,1.0203929373704623,1.0358605939443066,1.0359,1.07867,26.935210616879107,0.0020239363099504933,EURUSD_merged,-66.696879320312
2022-07-05 16:00:00,2022-07-06 07:00:00,-1.1,30.000000000000004,0.3549486456273382,5070.694937533403,1,1.19564,1.1885661766992734,1.2062507349510898,1.19332,1.26663,32.635944652612025,0.0025806511788309056,GBPUSD_merged,-33.354948645627346
2022-07-05 15:00:00,2022-07-06 07:00:00,-1.1,90.0,1.3379866097099953,19114.094424428506,1,1.19487,1.1892438741887472,1.2033091887168792,1.19332,1.26663,34.7635564474739,0.002720701269510216,GBPUSD_merged,-100.33798660971001
2022-07-05 21:00:00,2022-07-06 07:00:00,-1.1,30.000000000000004,0.35551833467631005,5078.833352518715,1,1.19646,1.189392668290406,1.2070609975643913,1.19332,1.26663,36.55280518327603,0.002306793148207725,GBPUSD_merged,-33.35551833467632
2022-07-05 11:00:00,2022-07-06 08:00:00,-1.1,60.00000000000001,0.84395096199306,12056.442314186572,1,0.99378,0.9888343619381118,1.0011984570928323,1.02181,1.05136,27.347685523743326,0.0016914358326242864,EURCHF_merged,-66.84395096199307
2022-07-05 07:00:00,2022-07-06 08:00:00,-1.1,90.00000000000001,1.2744756243021431,18206.794632887762,1,1.33201,1.3254255955280863,1.3418866067078705,1.33889,1.38076,35.33266290982373,0.002224458527020898,EURCAD_merged,-100.27447562430217
2022-07-05 09:00:00,2022-07-06 08:00:00,-1.1,30.0,0.43513269195065035,6216.18131358072,1,0.99435,0.9895511534903545,1.0015482697644682,1.02181,1.05136,29.666243285001382,0.0016865764686056794,EURCHF_merged,-33.43513269195065
2022-07-05 16:00:00,2022-07-06 08:00:00,-1.1,60.0,0.934241156067744,13346.302229539202,1,0.99402,0.9895512566001993,1.0007231150997011,1.02181,1.05136,36.294799887388756,0.0014260396237478618,EURCHF_merged,-66.93424115606774
2022-07-05 11:00:00,2022-07-06 08:00:00,-1.1,60.00000000000001,0.84395096199306,12056.442314186572,1,0.99378,0.9888343619381118,1.0011984570928323,1.02181,1.05136,30.700665050769523,0.0016914358326242864,EURCHF_merged,-66.84395096199307
2022-07-05 09:00:00,2022-07-06 08:00:00,-1.1,30.0,0.43513269195065035,6216.18131358072,1,0.99435,0.9895511534903545,1.0015482697644682,1.02181,1.05136,29.666243285001382,0.0016865764686056794,EURCHF_merged,-33.43513269195065
2022-07-05 11:00:00,2022-07-06 08:00:00,-1.1,60.0,0.9413299191461052,13447.57027351579,1,0.99378,0.989345979668652,1.000431030497022,1.02181,1.05136,30.700665050769523,0.0016914358326242864,EURCHF_merged,-66.9413299191461
2022-07-05 16:00:00,2022-07-06 08:00:00,-1.1,30.0,0.3182298202176135,4546.1402888230505,1,1.19564,1.1877499663184203,1.2074750505223695,1.19332,1.26663,32.635944652612025,0.0025806511788309056,GBPUSD_merged,-33.31822982021761
2022-07-05 11:00:00,2022-07-06 08:00:00,-1.1,30.0,0.4370460338892632,6243.514769846618,1,0.99378,0.9890049011816252,1.000942648227562,1.02181,1.05136,30.700665050769523,0.0016914358326242864,EURCHF_merged,-33.43704603388926
2022-07-05 14:00:00,2022-07-07 06:00:00,1.5,60.0,0.7569216023035129,10813.165747193043,1,0.74193,0.7378131852724022,0.7481052220913966,0.74564,0.77986,31.62418796530593,0.0013839061935657807,CADCHF_merged,89.2430783976965
2022-07-06 10:00:00,2022-07-07 10:00:00,-1.1,60.0,1.114244837645053,15917.783394929333,1,1.32707,1.32206778342094,1.3345733248685898,1.33889,1.37143,42.824803496550516,0.0028431719831349582,EURCAD_merged,-67.11424483764506
2022-06-29 12:00:00,2022-07-07 14:00:00,1.5,15.0,0.16905925324689736,2415.132189241391,1,1.15948,1.1522786550477542,1.1702820174283688,1.19717,1.22942,34.96909461978276,0.0027254803400878005,GBPCHF_merged,22.330940746753104
2022-06-29 12:00:00,2022-07-07 15:00:00,1.5,15.0,0.15157036497997695,2165.2909282853852,1,1.15948,1.1514477306301873,1.1715284040547191,1.19717,1.22942,34.96909461978276,0.0027254803400878005,GBPCHF_merged,22.348429635020022
2022-06-29 12:00:00,2022-07-07 15:00:00,1.5,30.0,0.3031407299599539,4330.5818565707705,1,1.15948,1.1514477306301873,1.1715284040547191,1.19717,1.22942,36.21274791111286,0.0027254803400878005,GBPCHF_merged,44.696859270040044
2022-07-07 16:00:00,2022-07-08 03:00:00,-1.1,15.0,0.20304586347166065,2900.655192452295,1,1.3191,1.3122786101114376,1.3293320848328434,1.33889,1.37143,29.175539164278145,0.002392760309145586,EURCAD_merged,-16.70304586347166
2022-07-06 11:00:00,2022-07-08 03:00:00,-1.1,60.0,0.44232545901233034,6318.9351287475765,1,138.289,136.97590850104604,140.25863724843094,137.837,144.251,35.45462623564401,0.4494480169064412,EURJPY_merged,-66.44232545901232
2022-07-07 21:00:00,2022-07-08 03:00:00,-1.1,30.000000000000004,0.44338856238756597,6334.1223198223715,1,1.31949,1.3132405627455093,1.3288641558817362,1.33889,1.37143,39.12311661349449,0.0020072067692471726,EURCAD_merged,-33.443388562387575
2022-07-07 16:00:00,2022-07-08 03:00:00,-1.1,15.0,0.20304586347166065,2900.655192452295,1,1.3191,1.3122786101114376,1.3293320848328434,1.33889,1.37143,27.544260530791448,0.002392760309145586,EURCAD_merged,-16.70304586347166
2022-07-07 16:00:00,2022-07-08 03:00:00,-1.1,15.0,0.20304586347166065,2900.655192452295,1,1.3191,1.3122786101114376,1.3293320848328434,1.33889,1.37143,29.175539164278145,0.002392760309145586,EURCAD_merged,-16.70304586347166
2022-07-07 16:00:00,2022-07-08 03:00:00,-1.1,15.0,0.21029750145279139,3004.250020754163,1,1.3191,1.3125138304524224,1.328979254321366,1.33889,1.37143,27.544260530791448,0.002392760309145586,EURCAD_merged,-16.710297501452793
2022-07-06 10:00:00,2022-07-08 08:00:00,1.5,60.00000000000001,0.6523360482410753,9319.086403443933,1,1.9309,1.918468094662457,1.9495478580063148,1.92425,1.96716,48.3120955968839,0.004595827842572881,GBPNZD_merged,89.34766395175893
2022-07-05 11:00:00,2022-07-08 10:00:00,1.5,30.0,0.2430491435890314,3472.130622700449,1,0.67756,0.6717057271604054,0.686341409259392,0.685,0.72826,35.590588887290224,0.0019234654027316695,AUDUSD_merged,44.75695085641097
2022-07-05 11:00:00,2022-07-08 10:00:00,1.5,60.0,0.5028602970807544,7183.718529725064,1,0.67756,0.6719008695883919,0.6860486956174122,0.685,0.72826,28.816405815518774,0.0019234654027316695,AUDUSD_merged,89.49713970291924
2022-07-06 23:00:00,2022-07-08 12:00:00,1.5,15.000000000000002,0.24554091494393887,3507.727356341984,1,0.98881,0.9845815784343434,0.9951526323484848,1.02181,1.05136,35.82827907457029,0.0013530828655603758,EURCHF_merged,22.254459085056066
2022-07-05 16:00:00,2022-07-11 08:00:00,-1.1,30.0,0.27475776218243886,3925.110888320555,1,0.61694,0.6122246682484634,0.624012997627305,0.61962,0.65758,44.34212774580538,0.0015237931611899052,NZDUSD_merged,-33.27475776218244
2022-07-11 12:00:00,2022-07-12 10:00:00,1.5,60.0,1.1286384471732265,16123.406388188952,-1,137.287,137.7978858389896,136.52067124151563,126.359,131.345,63.5443484421238,0.24783985381659462,USDJPY_merged,88.87136155282677
2022-07-11 15:00:00,2022-07-13 03:00:00,-1.1,15.0,0.24690814349086718,3527.2591927266744,1,0.98613,0.9819363898364766,0.9924204152452851,1.02181,1.05136,31.64821871420963,0.0014170672937390291,EURCHF_merged,-16.746908143490867
2022-07-11 15:00:00,2022-07-13 03:00:00,-1.1,15.0,0.2557262914726839,3653.232735324056,1,0.98613,0.9820809970834946,0.992203504374758,1.02181,1.05136,31.64821871420963,0.0014170672937390291,EURCHF_merged,-16.755726291472683
2022-07-12 03:00:00,2022-07-13 04:00:00,1.5,15.0,0.23953403610782606,3421.9148015403725,1,0.87642,0.872578203589966,0.8821826946150509,0.8883,0.91305,35.33319024031681,0.0012898417459629053,AUDCAD_merged,22.260465963892173
2022-07-11 11:00:00,2022-07-13 08:00:00,1.5,60.0,0.7043115399795778,10061.593428279684,1,0.6736,0.6695831412103768,0.6796252881844347,0.685,0.72826,36.97805067890705,0.0020063987237536147,AUDUSD_merged,89.29568846002043
2022-07-12 07:00:00,2022-07-13 10:00:00,-1.1,29.999999999999996,0.5051780928152542,7216.829897360774,1,1.30723,1.301795910440214,1.315381134339679,1.33889,1.37143,48.07067290584902,0.002061407987123623,EURCAD_merged,-33.50517809281526
2022-07-11 16:00:00,2022-07-13 10:00:00,-1.1,15.0,0.20348871974641375,2906.981710663054,1,1.54611,1.5381320860300116,1.5580768709549828,1.54818,1.60015,37.30254663615055,0.0025614971811869186,GBPCAD_merged,-16.703488719746414
2022-07-14 05:00:00,2022-07-14 09:00:00,1.5,30.0,0.34288793962719377,4898.39913753134,-1,106.484,107.13615592080353,105.5057661187947,101.656,106.422,55.91433420872648,0.24984762679709116,CADJPY_merged,44.6571120603728
2022-07-14 05:00:00,2022-07-14 09:00:00,1.5,29.999999999999996,0.33106421757108345,4729.48882244405,-1,106.484,107.15944720368937,105.47082919446594,101.656,106.422,56.52945095994782,0.24984762679709116,CADJPY_merged,44.66893578242891
2022-07-14 05:00:00,2022-07-14 09:00:00,1.5,29.999999999999996,0.33106421757108345,4729.48882244405,-1,106.484,107.15944720368937,105.47082919446594,101.656,106.422,55.91433420872648,0.24984762679709116,CADJPY_merged,44.66893578242891
2022-07-14 05:00:00,2022-07-14 09:00:00,1.5,29.999999999999996,0.33106421757108345,4729.48882244405,-1,106.484,107.15944720368937,105.47082919446594,101.656,106.422,56.52945095994782,0.24984762679709116,CADJPY_merged,44.66893578242891
2022-07-11 11:00:00,2022-07-18 03:00:00,1.5,59.99999999999999,0.46954102665305186,6707.728952186456,1,0.6736,0.6675747118155653,0.6826379322766521,0.685,0.72826,34.52499447617744,0.0020063987237536147,AUDUSD_merged,89.53045897334694
2022-07-14 12:00:00,2022-07-18 04:00:00,1.5,90.0,1.332329560152217,19033.27943074596,-1,138.925,139.58191517037272,137.93962724444094,126.359,131.345,64.69247103419862,0.32292490053018813,USDJPY_merged,133.6676704398478
2022-07-14 06:00:00,2022-07-19 06:00:00,1.5,90.0,1.0124721270808026,14463.887529725755,-1,138.843,139.7069357831232,137.54709632531515,126.359,131.345,72.84432943632778,0.29262298049052543,USDJPY_merged,133.9875278729192
2022-07-20 02:00:00,2022-07-21 15:00:00,1.5,30.0,0.35239979897605855,5034.282842515123,-1,86.348,86.86255988490028,85.5761601726496,83.013,86.56,67.31616013819554,0.17840341142126978,NZDJPY_merged,44.64760020102394
2022-07-20 03:00:00,2022-07-22 07:00:00,-1.1,30.0,0.4435658575032227,6336.655107188896,1,1.91934,1.9102531554383202,1.9329702668425197,1.92425,1.9633,34.07024592304781,0.003208866485266959,GBPNZD_merged,-33.44356585750322
2022-07-20 03:00:00,2022-07-22 07:00:00,-1.1,30.0,0.4435658575032227,6336.655107188896,1,1.91934,1.9102531554383202,1.9329702668425197,1.92425,1.9633,35.59373703572508,0.003208866485266959,GBPNZD_merged,-33.44356585750322
2022-07-20 03:00:00,2022-07-22 07:00:00,-1.1,30.0,0.45940749527119495,6562.964218159928,1,1.91934,1.9105664949059644,1.9325002576410535,1.92425,1.9633,34.07024592304781,0.003208866485266959,GBPNZD_merged,-33.45940749527119
2022-07-20 03:00:00,2022-07-22 07:00:00,-1.1,30.0,0.4435658575032227,6336.655107188896,1,1.91934,1.9102531554383202,1.9329702668425197,1.92425,1.9633,35.59373703572508,0.003208866485266959,GBPNZD_merged,-33.44356585750322
2022-07-26 09:00:00,2022-07-26 10:00:00,-1.1,90.0,1.9413567620613659,27733.66802944809,1,0.97817,0.9749956885491482,0.9829314671762777,1.02181,1.05136,32.02347904096877,0.001597358887895487,EURCHF_merged,-100.94135676206137
2022-07-26 09:00:00,2022-07-26 17:00:00,-1.103892250652197,90.0,1.294237841374244,18489.112019632055,1,0.97817,0.9734085328237223,0.9853122007644166,1.02181,1.05136,28.885179936665317,0.001597358887895487,EURCHF_merged,-100.64454040007197
2022-07-26 12:00:00,2022-07-26 22:00:00,1.5,90.0,1.6415391749437527,23450.55964205361,1,1.45784,1.4522450119910695,1.4662324820133958,1.47587,1.53972,35.47347967453966,0.002769815861289157,EURAUD_merged,133.35846082505626
2022-07-26 19:00:00,2022-07-27 14:00:00,-1.1,30.0,0.5330763561952606,7615.376517075153,1,0.84128,0.8379658631423659,0.8462512052864511,0.84029,0.86783,32.154464641547705,0.001098319683478898,EURGBP_merged,-33.53307635619526
2022-07-26 19:00:00,2022-07-27 14:00:00,-1.1,30.0,0.5521147974879487,7887.354249827839,1,0.84128,0.8380801437236637,0.8460797844145046,0.84029,0.86783,32.154464641547705,0.001098319683478898,EURGBP_merged,-33.552114797487945
2022-07-27 14:00:00,2022-07-28 04:00:00,1.5,90.0,3.0612251835728053,43731.78833675436,-1,1.11642,1.118717591839288,1.1129736122410678,1.0952,1.11667,64.61699353095436,0.0011988819253837717,AUDNZD_merged,131.93877481642718
2022-07-28 17:00:00,2022-07-28 23:00:00,-1.1,90.0,1.3990518815407635,19986.45545058234,1,136.89,136.2735775417776,137.81463368733355,136.861,144.273,33.9089591402671,0.294910427031817,EURJPY_merged,-100.39905188154077
2022-07-28 16:00:00,2022-07-29 01:00:00,-1.1,90.0,0.9105686821406369,13008.12403058053,1,136.784,135.8376252597946,138.20356211030807,136.861,144.273,31.811453867053036,0.3082112291111887,EURJPY_merged,-99.91056868214065
2022-07-29 06:00:00,2022-08-01 09:00:00,-1.1,15.0,0.1333462182332456,1904.9459747606516,1,136.078,135.0064892973112,137.6852660540332,136.861,144.273,39.92138953030099,0.38166598854567646,EURJPY_merged,-16.633346218233246
2022-07-26 12:00:00,2022-08-02 00:00:00,1.5,90.0,1.0943594499625018,15633.70642803574,1,1.45784,1.4494475179866042,1.4704287230200936,1.47587,1.53972,33.89713982693822,0.002769815861289157,EURAUD_merged,133.9056405500375
2022-08-02 00:00:00,2022-08-02 03:00:00,-1.1,90.0,1.32034068440101,18862.009777157284,1,160.375,159.60977136474185,161.52284295288723,160.387,168.72,31.114757540665593,0.37607043779842775,GBPJPY_merged,-100.32034068440102
2022-08-02 08:00:00,2022-08-02 11:00:00,1.2,15.0,0.14292755723329195,2041.8222461898852,1,101.912,101.16331582690287,102.81042100771656,103.361,106.422,32.87457200875861,0.2899839748746744,CADJPY_merged,17.857072442766707
2022-08-02 05:00:00,2022-08-02 11:00:00,1.3,15.0,0.15413167349265908,2201.8810498951298,1,130.873,129.98144638946616,132.03201969369397,131.492,139.387,31.719280740894597,0.3436977180477915,USDJPY_merged,19.34586832650734
2022-08-02 08:00:00,2022-08-02 11:00:00,1.3,60.0,0.5936990838921359,8481.41548417337,1,101.912,101.19104487035092,102.84924166854383,103.361,107.641,32.35996640705421,0.2899839748746744,CADJPY_merged,77.40630091610787
2022-08-02 03:00:00,2022-08-02 11:00:00,1.5,15.0,0.13802086814093933,1971.726687727705,1,130.861,129.86546902087522,132.35429646868715,131.492,139.387,31.923063120239977,0.3390517913453688,USDJPY_merged,22.361979131859062
2022-08-02 07:00:00,2022-08-02 11:00:00,1.2,15.0,0.14184150171682586,2026.307167383227,1,101.763,101.00968627512617,102.6669764698486,103.361,107.641,38.52982625692692,0.27729043448041873,CADJPY_merged,17.858158498283174
2022-08-02 08:00:00,2022-08-02 13:00:00,1.5,60.0,0.5322819372826044,7604.027675465779,1,101.912,101.10785774000679,103.11821338998983,103.361,107.641,32.20673850086497,0.2899839748746744,CADJPY_merged,89.4677180627174
2022-08-02 10:00:00,2022-08-02 13:00:00,1.2,60.0,0.6536511262724424,9337.873232463464,1,137.682,136.7973317469249,138.7436019036901,138.668,143.747,50.181317106371104,0.34403670079301796,CHFJPY_merged,71.34634887372756
2022-08-02 10:00:00,2022-08-02 13:00:00,1.3,60.0,0.678791554205998,9697.02220294283,1,137.682,136.83009723777954,138.78947359088656,138.668,143.109,44.58552635128671,0.34403670079301796,CHFJPY_merged,77.321208445794
2022-08-02 10:00:00,2022-08-02 13:00:00,1.2,60.0,0.6536511262724424,9337.873232463464,1,137.682,136.7973317469249,138.7436019036901,138.668,143.747,47.81409460377705,0.34403670079301796,CHFJPY_merged,71.34634887372756
2022-08-02 10:00:00,2022-08-02 18:00:00,1.5,60.0,0.6085717382536533,8693.88197505219,1,137.682,136.73180076521564,139.1072988521765,138.668,143.109,41.893925926054635,0.34403670079301796,CHFJPY_merged,89.39142826174634
2022-08-02 12:00:00,2022-08-03 08:00:00,1.2,60.0,0.47185288477997517,6740.755496856788,1,102.913,101.99696321408196,104.01224414310164,103.361,106.422,60.861461578712046,0.3321105348395342,CADJPY_merged,71.52814711522002
2022-08-08 18:00:00,2022-08-09 04:00:00,1.2,60.00000000000001,1.1763395438376667,16804.850626252384,1,1.45928,1.4540697900464987,1.4655322519442013,1.47587,1.53972,32.447178203502354,0.0018718711480294925,EURAUD_merged,70.82366045616233
2022-08-09 05:00:00,2022-08-10 03:00:00,-1.1,90.0,1.8897484152937725,26996.405932768183,1,1.15348,1.1496345547856062,1.1580945342572728,1.15246,1.22942,44.8370193068909,0.001452507613415906,GBPCHF_merged,-100.88974841529378
2022-08-10 22:00:00,2022-08-11 04:00:00,-1.1,30.0,0.5227686138909612,7468.12305558516,1,0.94334,0.9395505337861518,0.9478873594566177,0.94948,0.98855,40.506623361156485,0.0013639698619054245,USDCHF_merged,-33.52276861389096
2022-08-10 18:00:00,2022-08-11 07:00:00,-1.1,60.0,0.8933627368711141,12762.324812444489,1,1.72528,1.7171688759280705,1.735013348886315,1.72072,1.78181,33.12297500767899,0.0028945400247376196,GBPAUD_merged,-66.89336273687111
2022-08-10 16:00:00,2022-08-11 07:00:00,-1.1,89.99999999999999,1.0983827779055892,15691.182541508419,1,1.90756,1.8966187978601454,1.9239718032097817,1.90649,1.9633,33.327555309150995,0.0036826263009386595,GBPNZD_merged,-100.09838277790557
2022-08-10 16:00:00,2022-08-11 07:00:00,-1.1,90.0,1.1797444651578552,16853.492359397933,1,1.90756,1.897373363524963,1.9197839637700442,1.90649,1.9633,30.571592218511192,0.0036826263009386595,GBPNZD_merged,-100.17974446515787
2022-08-10 15:00:00,2022-08-11 09:00:00,-1.1,15.0,0.18549906306455025,2649.9866152078607,-1,1.03037,1.0362023124770907,1.021621531284364,1.00966,1.02781,63.33503625665197,0.002085107465666089,EURUSD_merged,-16.68549906306455
2022-08-10 20:00:00,2022-08-11 09:00:00,-1.1,90.0,1.3770347783147376,19671.925404496254,1,0.94236,0.938048657909377,0.9488270131359344,0.94948,0.98855,32.966071581771835,0.0014376218516772993,USDCHF_merged,-100.37703477831475
2022-08-10 21:00:00,2022-08-11 09:00:00,-1.1,30.0,0.6592849795976855,9418.356851395509,1,1.27771,1.2736401499608903,1.2825938200469313,1.28189,1.32233,34.21787275499968,0.0014511124473128225,USDCAD_merged,-33.659284979597686
2022-08-10 15:00:00,2022-08-11 09:00:00,-1.1,60.0,0.7705345696527472,11007.636709324961,-1,1.03037,1.035986300903865,1.0230688088249755,1.00966,1.02781,63.54119422266213,0.002085107465666089,EURUSD_merged,-66.77053456965275
2022-08-10 15:00:00,2022-08-11 10:00:00,-1.1,90.0,1.5939053704335102,22770.07672047872,1,1.27806,1.2730083964673449,1.2846270845924517,1.27668,1.32233,31.878716910184277,0.0018762869759482946,USDCAD_merged,-100.59390537043352
2022-08-11 10:00:00,2022-08-11 20:00:00,1.2,15.0,0.17472768101140923,2496.109728734418,1,103.693,103.06987234575676,104.44075318509188,103.361,107.641,50.0168024185253,0.2473031615122235,CADJPY_merged,17.825272318988592
2022-08-11 12:00:00,2022-08-12 03:00:00,-1.1,90.0,1.4217742755635494,20311.061079479277,1,1.71789,1.7102778866104043,1.7293081700843935,1.72072,1.78181,32.772014478580026,0.002549519065634075,GBPAUD_merged,-100.42177427556356
2022-08-12 03:00:00,2022-08-12 05:00:00,-1.1,15.0,0.2942304754882789,4203.292506975414,1,1.71328,1.7071659358568665,1.7212282833860735,1.72072,1.76519,28.799974419283906,0.0024870061867919326,GBPAUD_merged,-16.79423047548828
2022-08-12 03:00:00,2022-08-12 05:00:00,-1.1,15.0,0.2942304754882789,4203.292506975414,1,1.71328,1.7071659358568665,1.7212282833860735,1.72072,1.78181,26.365273299180785,0.0024870061867919326,GBPAUD_merged,-16.79423047548828
2022-08-12 03:00:00,2022-08-12 05:00:00,-1.1,15.000000000000002,0.3055470322378281,4364.9576033975445,1,1.71328,1.7073923826769826,1.722111425984526,1.72072,1.78181,24.303681135532496,0.0024870061867919326,GBPAUD_merged,-16.805547032237833
2022-08-12 03:00:00,2022-08-12 08:00:00,-1.1,15.0,0.27393871855805274,3913.4102651150397,1,1.71328,1.7067130422166343,1.720503653561702,1.72072,1.76519,25.69809259682956,0.0024870061867919326,GBPAUD_merged,-16.773938718558053
2022-08-12 03:00:00,2022-08-12 08:00:00,-1.1,15.0,0.264807427939451,3782.9632562778716,1,1.71328,1.7064865953965183,1.7207527450638298,1.72072,1.76519,28.228557073307137,0.0024870061867919326,GBPAUD_merged,-16.764807427939452
2022-08-12 03:00:00,2022-08-12 08:00:00,-1.1,60.0,1.095754874232211,15653.641060460159,1,1.71328,1.7067130422166343,1.7231304366750484,1.72072,1.76519,26.365273299180785,0.0024870061867919326,GBPAUD_merged,-67.09575487423221
2022-08-12 06:00:00,2022-08-12 12:00:00,-1.1,15.000000000000002,0.2537407118500762,3624.8673121439456,1,1.44805,1.4420578496315626,1.4558397954789686,1.45102,1.53972,46.291580019935374,0.0022757641527981023,EURAUD_merged,-16.753740711850078
2022-08-12 05:00:00,2022-08-12 12:00:00,-1.1,15.0,0.2667810997829259,3811.1585683275134,1,1.44699,1.441294920771238,1.4538240950745143,1.45102,1.53972,37.71943229358631,0.0021400537030133544,EURAUD_merged,-16.766781099782925
2022-08-12 05:00:00,2022-08-12 13:00:00,-1.1,30.000000000000004,0.49676480649234483,7096.640092747784,1,1.44699,1.440873063050589,1.4561654054241164,1.45102,1.48055,37.143052076837115,0.0021400537030133544,EURAUD_merged,-33.49676480649235
2022-08-12 05:00:00,2022-08-15 02:00:00,1.2,59.99999999999999,0.8975833790165524,12822.619700236464,-1,0.71185,0.7151809106094141,0.7078529072687031,0.6681,0.70466,60.2059276852511,0.0012169798392164923,AUDUSD_merged,71.10241662098343
2022-08-14 18:00:00,2022-08-15 03:00:00,1.1,15.000000000000002,0.23581383162575992,3368.769023225142,1,1.44097,1.4345538432819278,1.4480277723898796,1.45102,1.48055,34.058497297931176,0.0021252389841652577,EURAUD_merged,16.264186168374245
2022-08-14 18:00:00,2022-08-15 03:00:00,1.3,60.00000000000001,1.0480614738922662,14972.30676988952,1,1.44097,1.435195458953735,1.4484769033601448,1.45102,1.48055,34.32273822884962,0.0021252389841652577,EURAUD_merged,76.95193852610775
2022-08-14 18:00:00,2022-08-15 03:00:00,1.1,30.0,0.4835843392959438,6908.347704227769,1,1.70345,1.6960526450624762,1.711587090431276,1.72072,1.76519,32.69049286225193,0.002481086052090679,GBPAUD_merged,32.516415660704055
2022-08-14 21:00:00,2022-08-15 03:00:00,1.2,14.999999999999998,0.2821511046339291,4030.7300661989875,1,1.70516,1.6988144001756684,1.7127747197891978,1.72072,1.78181,32.83023066468673,0.002397349145934111,GBPAUD_merged,17.717848895366068
2022-08-14 18:00:00,2022-08-15 03:00:00,1.3,15.000000000000002,0.26201536847306656,3743.07669247238,1,1.44097,1.435195458953735,1.4484769033601448,1.45102,1.53972,33.34345029078109,0.0021252389841652577,EURAUD_merged,19.23798463152694
2022-08-14 21:00:00,2022-08-15 03:00:00,1.3,15.0,0.27207427946843166,3886.775420977596,1,1.70516,1.6985793779599525,1.7137148086520617,1.72072,1.76519,32.63081994620115,0.002397349145934111,GBPAUD_merged,19.22792572053157
2022-08-12 14:00:00,2022-08-15 05:00:00,-1.1,59.99999999999999,1.3759006175510864,19655.723107872665,1,0.96672,0.9637690426792405,0.9711464359811394,0.96987,0.99499,31.995707927251072,0.0011096276145569914,EURCHF_merged,-67.37590061755108
2022-08-14 18:00:00,2022-08-15 05:00:00,1.5,30.0,0.5441857652902152,7774.082361288789,1,1.44097,1.4354093308443374,1.4493110037334942,1.45102,1.53972,32.9035408151662,0.0021252389841652577,EURAUD_merged,44.455814234709784
2022-08-15 07:00:00,2022-08-15 08:00:00,-1.1,30.0,0.5712626999961795,8160.8957142311365,1,0.73295,0.7302556266407552,0.7369915600388673,0.73565,0.75839,25.13799420541676,0.001085133342587457,CADCHF_merged,-33.57126269999618
2022-08-15 07:00:00,2022-08-15 08:00:00,-1.1,60.0,1.1002096444370866,15717.280634815523,1,0.73295,0.7301519968961688,0.7363076037245975,0.73565,0.75839,33.64766818664393,0.001085133342587457,CADCHF_merged,-67.10020964443709
2022-08-12 03:00:00,2022-08-16 02:00:00,1.2,15.000000000000002,0.2513965772990009,3591.379675700013,-1,0.82298,0.8264173141006301,0.818855223079244,0.79811,0.81424,61.93322582906664,0.001298573632491826,NZDCAD_merged,17.748603422701
2022-08-15 11:00:00,2022-08-16 04:00:00,1.1,15.0,0.2102025164063674,3002.893091519534,1,0.73095,0.7272987711131095,0.7349663517755796,0.73565,0.75839,41.12028563912359,0.0013426841263442474,CADCHF_merged,16.28979748359363
2022-08-15 11:00:00,2022-08-16 04:00:00,1.1,60.0,0.8127830634379539,11611.1866205422,1,0.73095,0.7271728666687339,0.7351048466643926,0.73565,0.75839,41.293106374895764,0.0013426841263442474,CADCHF_merged,65.18721693656205
2022-08-15 11:00:00,2022-08-16 05:00:00,1.3,60.0,0.9030922927088376,12901.31846726911,1,0.73095,0.7275505800018606,0.7353692459975812,0.73565,0.75839,41.40088397871331,0.0013426841263442474,CADCHF_merged,77.09690770729117
2022-08-15 11:00:00,2022-08-16 05:00:00,1.5,15.0,0.2102025164063674,3002.893091519534,1,0.73095,0.7272987711131095,0.7364268433303357,0.73738,0.75839,41.085862410433144,0.0013426841263442474,CADCHF_merged,22.28979748359363
2022-08-12 03:00:00,2022-08-16 05:00:00,1.5,15.0,0.23405888231286287,3343.698318755184,-1,0.82298,0.8266719299599361,0.817442105060096,0.79811,0.81424,61.34870565714915,0.001298573632491826,NZDCAD_merged,22.265941117687138
2022-08-15 11:00:00,2022-08-16 05:00:00,1.3,60.0,0.9030922927088376,12901.31846726911,1,0.73095,0.7275505800018606,0.7353692459975812,0.73565,0.75839,41.085862410433144,0.0013426841263442474,CADCHF_merged,77.09690770729117
2022-08-15 12:00:00,2022-08-16 08:00:00,1.2,30.0,0.4245881563595803,6065.5450908511475,1,0.73297,0.7293447528588706,0.7373202965693554,0.73565,0.75839,41.258668630349746,0.0012896352601768045,CADCHF_merged,35.57541184364042
2022-08-15 19:00:00,2022-08-16 09:00:00,1.1,30.000000000000004,0.7122646714727827,10175.209592468325,1,0.96152,0.9586851099922943,0.9646383790084764,0.96987,0.99499,29.370784785787936,0.0009462948300535594,EURCHF_merged,32.287735328527226
2022-08-15 11:00:00,2022-08-16 09:00:00,1.3,60.0,0.7304805048520918,10435.435783601313,1,135.569,134.7895270418335,136.5823148456164,136.861,142.322,31.386809389561034,0.28450128190910634,EURJPY_merged,77.2695194951479
2022-08-15 19:00:00,2022-08-16 09:00:00,1.5,30.0,0.7944490566427193,11349.272237753134,1,0.96152,0.9589783744758501,0.965332438286225,0.96987,0.99499,28.438378760550012,0.0009462948300535594,EURCHF_merged,44.20555094335728
2022-08-15 19:00:00,2022-08-16 09:00:00,1.1,60.0,1.3770450315140468,19672.071878772098,1,0.96152,0.9585873551644424,0.9647459093191134,0.96987,0.99499,31.320537720513542,0.0009462948300535594,EURCHF_merged,64.62295496848596
2022-08-15 19:00:00,2022-08-16 09:00:00,1.5,30.000000000000004,0.7122646714727827,10175.209592468325,1,0.96152,0.9586851099922943,0.9657723350115587,0.96987,0.98008,29.871821002589236,0.0009462948300535594,EURCHF_merged,44.287735328527226
2022-08-15 12:00:00,2022-08-16 10:00:00,1.3,90.00000000000001,2.0507733176995693,29296.761681422417,1,0.96238,0.9594235572046543,0.9662233756339493,0.96987,0.99499,31.489054351729816,0.0010753374692987739,EURCHF_merged,114.94922668230046
2022-08-12 10:00:00,2022-08-16 10:00:00,1.3,14.999999999999998,0.2513118761334568,3590.1696590493834,1,1.14203,1.1372585124027994,1.1482329338763608,1.15246,1.17759,40.2684356538112,0.0019088449408361915,GBPCHF_merged,19.248688123866543
2022-08-15 12:00:00,2022-08-16 10:00:00,1.5,30.000000000000004,0.440918470065718,6298.835286653115,1,0.73297,0.729479021271505,0.7382064680927426,0.73565,0.75839,41.388059056002476,0.0012896352601768045,CADCHF_merged,44.55908152993429
2022-08-12 10:00:00,2022-08-16 10:00:00,1.5,15.0,0.2609777175232052,3728.25310747436,1,1.14203,1.1374352341656588,1.148922148751512,1.15246,1.17759,41.45290956071466,0.0019088449408361915,GBPCHF_merged,22.239022282476796
2022-08-15 12:00:00,2022-08-16 10:00:00,1.3,60.0,0.8188485872649048,11697.836960927212,1,0.73297,0.7292104844462362,0.7378573702198931,0.73565,0.75839,40.91528386795567,0.0012896352601768045,CADCHF_merged,77.18115141273509
2022-08-15 09:00:00,2022-08-16 10:00:00,1.3,60.0,1.2825674702249512,18322.392431785018,1,0.96273,0.95957736585492,0.966828424388604,0.96987,0.99499,29.773650595414058,0.0011190878542356975,EURCHF_merged,76.71743252977505
2022-08-17 23:00:00,2022-08-18 05:00:00,1.5,60.0,1.2990744871622337,18558.206959460484,1,0.73574,0.733361300371505,0.7393080494427423,0.73565,0.75839,42.982458747893645,0.0008995355816053214,CADCHF_merged,88.70092551283777
2022-08-18 04:00:00,2022-08-18 12:00:00,-1.1,90.0,1.2771120310373356,18244.457586247652,1,1.20261,1.1966775188895948,1.2103222254435264,1.2003,1.22931,47.66807962621472,0.0021952615927363648,GBPUSD_merged,-100.27711203103735
2022-08-18 20:00:00,2022-08-18 20:00:00,-1.1,60.0,1.0853089584593176,15504.413692275968,-1,135.804,136.3295432525036,135.17334809699568,130.392,135.58,69.27391509921436,0.22124238842716315,USDJPY_merged,-67.08530895845932
2022-08-18 18:00:00,2022-08-19 02:00:00,-1.1,30.0,0.48168873105919285,6881.2675865598985,-1,135.87,136.46234725996723,134.98147911004918,130.392,135.58,68.13262813873003,0.19531069900428275,USDJPY_merged,-33.481688731059194
2022-08-17 00:00:00,2022-08-19 05:00:00,1.3,90.0,1.4025107936567762,20035.868480811092,1,1.10355,1.098592915155132,1.1099942102983287,1.10067,1.11792,40.49302619530897,0.0017689311985532215,AUDNZD_merged,115.59748920634323
2022-08-18 23:00:00,2022-08-19 06:00:00,-1.1,60.0,0.8205165689341878,11721.665270488398,1,1.19242,1.1863163280089453,1.1991340391901604,1.2003,1.22931,32.60039799091563,0.0020400920168402183,GBPUSD_merged,-66.82051656893418
2022-08-18 23:00:00,2022-08-19 06:00:00,-1.1,90.00000000000001,1.3219433610606361,18884.90515800909,1,1.19242,1.18673727090488,1.199807547823656,1.2003,1.22931,34.79567470411954,0.0020400920168402183,GBPUSD_merged,-100.32194336106066
2022-08-18 15:00:00,2022-08-19 10:00:00,-1.1,90.0,1.2642528100045074,18060.754428635824,1,1.00904,1.0040117715082812,1.0155766970392341,1.00966,1.02781,34.74879424624805,0.0017928563595857746,EURUSD_merged,-100.26425281000452
2022-08-18 15:00:00,2022-08-19 11:00:00,-1.1,29.999999999999996,0.39235432034622647,5605.061719231807,1,1.00904,1.0036393101385244,1.0171410347922132,1.00966,1.03685,32.365179971642796,0.0017928563595857746,EURUSD_merged,-33.39235432034623
2022-08-19 09:00:00,2022-08-21 17:00:00,-1.118400118839805,90.00000000000001,1.1048587466680009,15783.696380971442,1,0.59411,0.5907223334668005,0.5985139664931595,0.59381,0.60732,30.93389159460784,0.0012213179829488492,NZDCHF_merged,-101.76086944225047
2022-08-19 09:00:00,2022-08-21 17:00:00,-1.1967385895197897,59.99999999999999,0.7932319206847185,11331.884581210265,1,0.59411,0.5909643096477433,0.5988285355283851,0.59381,0.60732,28.106294153498496,0.0012213179829488492,NZDCHF_merged,-72.59754729187209
2022-08-19 16:00:00,2022-08-22 02:00:00,1.1,30.000000000000004,0.3857561877445376,5510.802682064824,1,0.59164,0.5884191987802856,0.595182881341686,0.59381,0.60732,28.844405000775687,0.001076291030943065,NZDCHF_merged,32.61424381225547
2022-08-19 09:00:00,2022-08-22 04:00:00,-1.1,90.0,1.8351604897423557,26216.5784248908,1,0.96244,0.9591359990508235,0.9667352012339294,0.96987,0.99499,39.824119278556545,0.0011871431719207826,EURCHF_merged,-100.83516048974236
2022-08-19 09:00:00,2022-08-22 04:00:00,-1.1,90.00000000000001,1.9763266812609985,28233.238303728554,1,0.96244,0.9593719991186218,0.9670420013220673,0.96987,0.99499,39.32989864526474,0.0011871431719207826,EURCHF_merged,-100.97632668126103
2022-08-19 09:00:00,2022-08-22 04:00:00,-1.1,30.0,0.6705011288839839,9578.587555485487,-1,1.29778,1.3018446285033645,1.2929024457959624,1.28189,1.29841,63.45245819514412,0.0015814595381941803,USDCAD_merged,-33.670501128883984
2022-08-19 09:00:00,2022-08-22 04:00:00,-1.1,60.0,1.3410022577679679,19157.175110970973,-1,1.29778,1.3018446285033645,1.292495982945626,1.28189,1.29841,63.45245819514412,0.0015814595381941803,USDCAD_merged,-67.34100225776797
2022-08-19 09:00:00,2022-08-22 04:00:00,-1.1,60.0,1.3410022577679679,19157.175110970973,-1,1.29778,1.3018446285033645,1.2929024457959624,1.27668,1.29841,63.45245819514412,0.0015814595381941803,USDCAD_merged,-67.34100225776797
2022-08-19 09:00:00,2022-08-22 09:00:00,-1.1,90.0,1.8103530479867571,25862.18639981082,-1,1.29778,1.3022962538926273,1.2928121207181098,1.28189,1.29841,63.80957642696324,0.0015814595381941803,USDCAD_merged,-100.81035304798677
2022-08-21 19:00:00,2022-08-22 19:00:00,1.2,30.000000000000004,0.3853402588088607,5504.860840126582,1,0.59198,0.5887538694009217,0.5958513567188939,0.59381,0.60732,35.05257325961851,0.0011773729573549719,NZDCHF_merged,35.61465974119114
2022-08-19 16:00:00,2022-08-22 19:00:00,1.3,90.0,1.242992160510177,17757.0308644311,1,0.59164,0.5886413230023348,0.5955382800969647,0.59381,0.60732,29.871107540914714,0.001076291030943065,NZDCHF_merged,115.75700783948982
2022-08-17 23:00:00,2022-08-22 20:00:00,1.3,90.0,1.1051195322960758,15787.42188994394,1,0.65906,0.6553028697723102,0.6639442692959967,0.65804,0.67251,34.21744656960348,0.0013231299224481458,AUDCHF_merged,115.89488046770393
2022-08-22 07:00:00,2022-08-22 21:00:00,-1.1,60.0,0.8583919268142725,12262.741811632464,1,1.44884,1.4417510144097188,1.456637884149309,1.45102,1.48055,29.52201429145746,0.002430586519055512,EURAUD_merged,-66.85839192681428
2022-08-22 07:00:00,2022-08-22 21:00:00,-1.1,29.999999999999996,0.46098825699284995,6585.5465284692855,1,1.44884,1.4422399099676693,1.4567601080387966,1.45102,1.53972,35.4091544938341,0.002430586519055512,EURAUD_merged,-33.46098825699285
2022-08-22 09:00:00,2022-08-23 02:00:00,-1.1,29.999999999999996,0.556754778365606,7953.63969093723,1,0.95885,0.9552333538961066,0.9628283107142828,0.96987,0.99499,29.44317676826984,0.0012966108214436936,EURCHF_merged,-33.55675477836561
2022-08-22 23:00:00,2022-08-23 02:00:00,-1.1,90.0,1.6633058185197347,23761.511693139066,1,0.99448,0.9907132699553858,0.9993767490579986,0.99521,1.0615,30.472348407608212,0.0013425791158726288,EURUSD_merged,-100.66330581851975
2022-08-22 09:00:00,2022-08-23 02:00:00,-1.1,14.999999999999998,0.31049785716543415,4435.683673791917,1,0.95885,0.9556074896999577,0.9637137654500635,0.96987,0.99499,27.955142979714942,0.0012966108214436936,EURCHF_merged,-16.810497857165434
2022-08-22 14:00:00,2022-08-23 03:00:00,-1.1,30.000000000000004,0.47875406970306,6839.343852900858,1,1.29649,1.2908030948177867,1.3027455957004344,1.29663,1.32724,31.777344864042156,0.0018923588021864902,EURCAD_merged,-33.478754069703065
2022-08-22 14:00:00,2022-08-23 03:00:00,-1.1,90.00000000000001,1.5426520023765269,22037.885748236098,1,1.29649,1.2911952951751806,1.3033731162722648,1.29663,1.37143,32.27615194761203,0.0018923588021864902,EURCAD_merged,-100.54265200237656
2022-08-22 16:00:00,2022-08-23 03:00:00,-1.1,30.0,0.5536755481512763,7909.650687875376,1,1.29716,1.2922400861459469,1.303063896624864,1.29663,1.37143,38.12277440685646,0.0017706052937220297,EURCAD_merged,-33.553675548151276
2022-08-22 05:00:00,2022-08-23 04:00:00,-1.1,60.0,1.2264512456502905,17520.732080718437,1,1.53497,1.529713473070891,1.5412778323149308,1.53499,1.57676,34.19252075053552,0.0019949431237676414,GBPCAD_merged,-67.2264512456503
2022-08-19 13:00:00,2022-08-23 09:00:00,1.1,30.0,0.38746495702421174,5535.213671774454,1,1.13434,1.1281920530519842,1.141102741642817,1.15246,1.17156,33.788483207704715,0.002065697298625687,GBPCHF_merged,32.612535042975786
2022-08-19 13:00:00,2022-08-23 09:00:00,1.3,90.00000000000001,1.2484981948557938,17835.688497939915,1,1.13434,1.1286160493932267,1.141781135788805,1.15246,1.17156,34.0766472719689,0.002065697298625687,GBPCHF_merged,115.75150180514423
2022-08-19 13:00:00,2022-08-23 09:00:00,1.2,30.000000000000004,0.41616606495193126,5945.229499313305,1,1.13434,1.1286160493932267,1.1412087407281277,1.15246,1.17156,35.61160098504032,0.002065697298625687,GBPCHF_merged,35.58383393504807
2022-08-19 10:00:00,2022-08-23 09:00:00,1.1,60.0,0.7548344862064619,10783.349802949457,1,1.13301,1.126705780880501,1.139944641031449,1.15246,1.17156,29.930450530909727,0.0021270202036544695,GBPCHF_merged,65.24516551379354
2022-08-22 09:00:00,2022-08-23 09:00:00,1.1,90.0,1.6145888572602578,23065.55510371797,1,0.95885,0.9551086419614896,0.9629654938423614,0.96987,0.99499,32.09534143850652,0.0012966108214436936,EURCHF_merged,97.38541114273976
2022-08-23 01:00:00,2022-08-23 10:00:00,-1.1,30.0,0.5852591471295546,8360.844958993639,1,1.44226,1.437084948888275,1.44847006133407,1.45102,1.53972,35.60290735357568,0.0019204937685826577,EURAUD_merged,-33.585259147129555
2022-08-22 14:00:00,2022-08-23 16:00:00,-1.1,90.0,1.388386802138874,19834.09717341249,1,1.29649,1.2906069946390897,1.302961305897001,1.29663,1.32724,33.7039418813132,0.0018923588021864902,EURCAD_merged,-100.38838680213888
2022-08-25 06:00:00,2022-08-26 09:00:00,-1.1,30.0,0.4208352790854121,6011.93255836303,-1,95.213,95.688120100279,94.5003198495815,90.52,95.147,64.52513609434193,0.16520348038489943,AUDJPY_merged,-33.42083527908541
2022-08-25 10:00:00,2022-08-26 09:00:00,1.2,15.0,0.24735318403293519,3533.6169147562173,1,1.43191,1.4258316246361324,1.4392040504366412,1.45102,1.53972,37.44493082575088,0.0022397322679967857,EURAUD_merged,17.752646815967065
2022-08-25 06:00:00,2022-08-26 09:00:00,-1.1,30.0,0.45200826272136857,6457.260896019551,-1,95.213,95.65535319681148,94.68217616382621,90.52,95.147,62.069162308907536,0.16520348038489943,AUDJPY_merged,-33.45200826272137
2022-08-25 06:00:00,2022-08-26 09:00:00,-1.1,15.0,0.21041763954270604,3005.966279181515,-1,95.213,95.688120100279,94.69036788969309,90.52,95.147,65.20562767168072,0.16520348038489943,AUDJPY_merged,-16.710417639542705
2022-08-25 06:00:00,2022-08-26 09:00:00,-1.1,15.0,0.21041763954270604,3005.966279181515,-1,95.213,95.688120100279,94.5478318596094,90.52,95.147,65.20562767168072,0.16520348038489943,AUDJPY_merged,-16.710417639542705
2022-08-25 06:00:00,2022-08-26 10:00:00,-1.1,90.0,1.2204223093476951,17434.60441925279,-1,95.213,95.70450355201275,94.67234609278596,90.52,95.147,62.621909037583784,0.16520348038489943,AUDJPY_merged,-100.22042230934771
2022-08-19 13:00:00,2022-08-29 05:00:00,-1.1,30.0,0.43217245206546706,6173.892172363816,1,1.13434,1.128828047563848,1.142607928654228,1.15246,1.17156,33.60284919371754,0.002065697298625687,GBPCHF_merged,-33.432172452065466
2022-08-28 23:00:00,2022-08-29 10:00:00,1.1,15.0,0.15224449844307894,2174.9214063296995,1,0.68656,0.6818249323465075,0.6917685744188417,0.68689,0.71363,28.42691612406011,0.0015954403816601298,AUDUSD_merged,16.34775550155692
2022-08-28 18:00:00,2022-08-29 10:00:00,1.3,90.00000000000001,1.2177856967039111,17396.93852434159,1,0.59162,0.5885593580413302,0.5955988345462708,0.59381,0.6087,31.06557379225993,0.001134744588960549,NZDCHF_merged,115.78221430329612
2022-08-28 23:00:00,2022-08-29 10:00:00,1.3,90.0,0.981131212188731,14016.160174124729,1,0.68656,0.6821514887364035,0.6922910646426752,0.68689,0.71363,29.84670775232832,0.0015954403816601298,AUDUSD_merged,116.01886878781127
2022-08-28 22:00:00,2022-08-29 10:00:00,1.2,30.0,0.4074339742835766,5820.485346908237,1,0.59224,0.5891874710542072,0.5959030347349513,0.59381,0.6087,40.10162570693707,0.0011890972564895894,NZDCHF_merged,35.59256602571642
2022-08-28 23:00:00,2022-08-29 10:00:00,1.2,30.0,0.32704373739624365,4672.05339137491,1,0.68656,0.6821514887364035,0.6918502135163156,0.68689,0.71363,34.468281728321124,0.0015954403816601298,AUDUSD_merged,35.672956262603755
2022-08-29 00:00:00,2022-08-30 03:00:00,1.2,30.000000000000004,0.5391625071854065,7702.321531220093,1,1.13047,1.1260668989527982,1.1357537212566422,1.15246,1.17156,34.489284426923106,0.0015707225823709872,GBPCHF_merged,35.46083749281459
2022-08-28 19:00:00,2022-08-30 03:00:00,1.5,30.0,0.3780085030775049,5400.121472535785,1,0.59235,0.5890592406920144,0.5972861389619785,0.59433,0.6087,28.55798866092251,0.0011208342611776483,NZDCHF_merged,44.6219914969225
2022-08-28 23:00:00,2022-08-30 04:00:00,1.5,30.0,0.3044889968861579,4349.842812659399,1,0.68656,0.6818249323465075,0.6936626014802386,0.68689,0.71363,29.84670775232832,0.0015954403816601298,AUDUSD_merged,44.69551100311384
2022-08-28 23:00:00,2022-08-30 04:00:00,1.5,30.0,0.299690992574494,4281.299893921343,1,0.61265,0.6083570281327184,0.6190894578009224,0.62118,0.6468,31.79005062472723,0.001473882617602481,NZDUSD_merged,44.7003090074255
2022-08-29 16:00:00,2022-08-30 09:00:00,1.4,15.0,0.22599977893194217,3228.568270456317,-1,106.63,107.12540535185087,105.93643250740877,102.586,105.085,65.3953934933316,0.1646987579818085,CADJPY_merged,20.774000221068057
2022-08-29 17:00:00,2022-08-30 09:00:00,1.2,30.0,0.5028203606613472,7183.148009447817,-1,106.475,106.91968664655087,105.94137602413893,102.586,105.085,64.42300741568029,0.16500598955453727,CADJPY_merged,35.497179639338654
2022-08-26 01:00:00,2022-08-30 12:00:00,1.2,30.000000000000004,0.6999050214681345,9998.643163830493,-1,1.12242,1.1257877169440158,1.118378739667181,1.10067,1.11792,64.43016374401564,0.001215352388153602,AUDNZD_merged,35.30009497853187
2022-08-30 07:00:00,2022-08-30 12:00:00,1.2,60.0,0.6517908445099034,9311.297778712908,-1,0.67379,0.6781317578258987,0.6685798906089215,0.65804,0.67133,61.13025791912981,0.001598911421605378,AUDCHF_merged,71.3482091554901
2022-08-30 08:00:00,2022-08-30 12:00:00,1.2,60.0,0.95529513268647,13647.073324092431,1,1.68979,1.6823607587559442,1.6987050894928668,1.72072,1.76519,42.43033097322919,0.0028386014860509088,GBPAUD_merged,71.04470486731353
2022-08-26 01:00:00,2022-08-30 12:00:00,1.2,30.000000000000004,0.6999050214681345,9998.643163830493,-1,1.12242,1.1257877169440158,1.118378739667181,1.09887,1.11792,64.43016374401564,0.001215352388153602,AUDNZD_merged,35.30009497853187
2022-08-30 07:00:00,2022-08-30 12:00:00,1.2,60.0,0.6517908445099034,9311.297778712908,-1,0.67379,0.6781317578258987,0.6685798906089215,0.65591,0.67133,61.13025791912981,0.001598911421605378,AUDCHF_merged,71.3482091554901
2022-08-26 01:00:00,2022-08-30 15:00:00,1.5,30.0,0.6516357096427459,9309.081566324941,-1,1.12242,1.1260371774583873,1.1169942338124188,1.09887,1.11792,65.25399496211317,0.001215352388153602,AUDNZD_merged,44.34836429035725
2022-08-30 08:00:00,2022-08-30 17:00:00,1.5,60.0,0.6094417959047898,8706.311370068426,-1,0.67283,0.6774668431226556,0.6658747353160166,0.65591,0.67133,60.20884436593138,0.001583989177204994,AUDCHF_merged,89.39055820409521
2022-08-29 17:00:00,2022-08-31 04:00:00,1.5,60.0,0.9362861888176808,13375.516983109726,-1,106.475,106.95262639814725,105.75856040277912,102.586,105.085,66.32792722721013,0.16500598955453727,CADJPY_merged,89.06371381118232
2022-08-31 02:00:00,2022-08-31 08:00:00,-1.1,59.99999999999999,1.66320154905611,23760.022129373003,-1,0.8588,0.8609686848488369,0.8561975781813957,0.83864,0.8584,58.459129293633296,0.0008758439956317312,EURGBP_merged,-67.66320154905611
2022-08-31 02:00:00,2022-08-31 08:00:00,-1.1,59.99999999999999,1.66320154905611,23760.022129373003,-1,0.8588,0.8609686848488369,0.8561975781813957,0.83393,0.8584,58.459129293633296,0.0008758439956317312,EURGBP_merged,-67.66320154905611
2022-08-30 14:00:00,2022-08-31 10:00:00,-1.1,30.0,0.49132098993233186,7018.871284747599,-1,0.85947,0.8631435393703586,0.8554291066926054,0.83864,0.8584,72.04595254945751,0.0012369707343512803,EURGBP_merged,-33.49132098993233
2022-08-30 17:00:00,2022-08-31 10:00:00,-1.1,90.0,1.7384078900579056,24834.398429398658,-1,0.85887,0.8619825497249209,0.8548236853576029,0.83393,0.8584,69.17287681369079,0.0011318821805283387,EURGBP_merged,-100.73840789005791
2022-08-31 23:00:00,2022-09-01 10:00:00,1.4,30.0,0.4033458433168053,5762.083475954361,-1,1.47081,1.4784676988487122,1.4600892216118027,1.45102,1.47142,72.20573263403254,0.0026312582520507436,EURAUD_merged,41.59665415668319
2022-09-01 01:00:00,2022-09-01 13:00:00,1.2,30.0,0.5171651156077113,7388.073080110162,-1,0.98133,0.9853147873296295,0.9765482552044445,0.95519,0.98008,62.84811144096281,0.0014247152191847585,EURCHF_merged,35.48283488439229
2022-09-02 10:00:00,2022-09-04 17:00:00,1.2,60.0,0.8408313863181155,12011.876947401652,-1,0.98083,0.9857293009383709,0.974950838873955,0.95519,0.98008,57.53734094169606,0.0018613733385931448,EURCHF_merged,71.15916861368189
2022-09-01 01:00:00,2022-09-04 18:00:00,1.5,90.0,1.1880865945434664,16972.665636335238,-1,1.47062,1.4784181740073081,1.458922738989038,1.43919,1.47142,55.68019538191108,0.002892666554064161,EURAUD_merged,133.81191340545652
2022-09-02 10:00:00,2022-09-05 01:00:00,1.5,90.0,1.1742645222718509,16775.207461026443,-1,0.98083,0.9860922121189909,0.9729366818215136,0.95519,0.98008,57.92057666843067,0.0018613733385931448,EURCHF_merged,133.82573547772816
2022-09-01 03:00:00,2022-09-05 01:00:00,1.2,30.0,0.3953514224223781,5647.87746317683,-1,1.46773,1.4755261854319752,1.4583745774816297,1.43919,1.47142,59.097579696179594,0.00283979922263695,EURAUD_merged,35.60464857757762
2022-09-01 01:00:00,2022-09-06 04:00:00,-1.1,60.0,0.6693080625863816,9561.543751234025,1,0.6808,0.676527886514693,0.6859265361823684,0.68689,0.71363,43.67484604321577,0.0016921025214018874,AUDUSD_merged,-66.66930806258638
2022-09-06 06:00:00,2022-09-07 04:00:00,-1.1,90.0,1.1962449622073044,17089.213745818633,-1,1.46804,1.4757714030923352,1.4564428953614972,1.42829,1.47142,52.277648193717944,0.0028398581330137365,EURAUD_merged,-100.19624496220732
2022-09-07 01:00:00,2022-09-07 13:00:00,1.1,30.000000000000004,0.33282715340826685,4754.673620118098,1,0.67148,0.6672432423149374,0.6761404334535689,0.68689,0.71363,30.599509063806895,0.001433025859749125,AUDUSD_merged,32.66717284659174
2022-09-07 01:00:00,2022-09-07 15:00:00,1.3,90.0,1.0724430498710822,15320.614998158318,1,0.67148,0.667535432500114,0.6766079377498516,0.68689,0.71363,31.454748390726305,0.001433025859749125,AUDUSD_merged,115.92755695012892
2022-09-07 12:00:00,2022-09-07 23:00:00,-1.1,60.0,0.8249887702798663,11785.553861140948,-1,1.47704,1.4845595787185024,1.468016505537797,1.42829,1.47142,64.2152740485007,0.0028082413582151446,EURAUD_merged,-66.82498877027987
2022-09-07 11:00:00,2022-09-08 08:00:00,-1.1,30.000000000000004,0.3317754218162216,4739.64888308888,1,1.12578,1.1186542822869214,1.1336182894843865,1.15246,1.17156,37.16462843567366,0.002430205179064591,GBPCHF_merged,-33.33177542181623
2022-09-07 01:00:00,2022-09-08 20:00:00,1.5,90.00000000000001,0.9984814602248006,14264.020860354296,1,0.67148,0.6672432423149374,0.677835136527594,0.68689,0.70084,31.454748390726305,0.001433025859749125,AUDUSD_merged,134.00151853977522
2022-09-07 08:00:00,2022-09-08 22:00:00,-1.1,90.0,0.9957048865453555,14224.355522076507,-1,87.051,87.60178699262266,86.33497690959055,82.127,86.232,68.78305548352753,0.19970981227763365,NZDJPY_merged,-99.99570488654537
2022-09-08 01:00:00,2022-09-09 06:00:00,1.2,60.0,0.7181369388247781,10259.09912606826,-1,109.699,110.34057095268486,108.92911485677817,102.586,105.085,59.94012547863218,0.2486460948387072,CADJPY_merged,71.28186306117522
2022-09-07 22:00:00,2022-09-11 17:00:00,1.2,30.0,0.38444782137464,5492.111733923429,-1,87.162,87.63811194503722,86.59066566595534,84.245,86.232,63.545637706942514,0.17338506046253493,NZDJPY_merged,35.61555217862536
2022-09-07 08:00:00,2022-09-12 02:00:00,-1.1,30.0,0.30901186134166203,4414.4551620237435,-1,87.051,87.64258602911323,86.22277955924149,84.245,86.232,69.4765044474685,0.19970981227763365,NZDJPY_merged,-33.30901186134166
2022-09-07 12:00:00,2022-09-12 02:00:00,-1.1,90.0,0.9868276208886325,14097.53744126618,-1,87.095,87.65102264102204,86.26096603846693,84.245,86.232,70.38244969682492,0.19817966338144308,NZDJPY_merged,-99.98682762088865
2022-09-13 10:00:00,2022-09-13 15:00:00,-1.1,30.0,0.223964348930651,3199.4906990093004,1,0.60455,0.5988814415617412,0.6107854142820848,0.60601,0.6468,25.616191232511337,0.0020279128004277217,NZDUSD_merged,-33.22396434893065
2022-09-13 20:00:00,2022-09-14 02:00:00,1.1,15.0,0.17137064071570585,2448.1520102243694,-1,150.374,151.29535210174032,149.36051268808563,137.166,143.109,60.738301353548586,0.33051421976906536,CHFJPY_merged,16.328629359284292
2022-09-13 15:00:00,2022-09-14 02:00:00,1.3,15.0,0.20967257299344844,2995.3224713349778,-1,150.27,151.0225233164613,149.29171968860035,137.166,143.109,61.889960519200706,0.3139566184471011,CHFJPY_merged,19.290327427006552
2022-09-13 15:00:00,2022-09-14 05:00:00,1.5,15.0,0.17860996958701159,2551.5709941001655,-1,150.27,151.15339693671544,148.9449045949269,137.166,143.109,62.01960402847352,0.3139566184471011,CHFJPY_merged,22.32139003041299
2022-09-13 17:00:00,2022-09-14 06:00:00,-1.1,60.0,0.9056287610849356,12937.553729784795,-1,1.66155,1.6692557071284264,1.651532580733046,1.58681,1.6548,60.479729192623026,0.003288142629488852,EURNZD_merged,-66.90562876108494
2022-09-14 09:00:00,2022-09-14 17:00:00,1.1,60.0,0.7891289672802648,11273.270961146642,-1,1.4865,1.4944116345475411,1.4777972019977046,1.42829,1.47142,55.724615729933966,0.00283828199798115,EURAUD_merged,65.21087103271974
2022-09-14 09:00:00,2022-09-14 18:00:00,1.1,60.0,0.7830074924507446,11185.821320724925,-1,1.66773,1.6766755925614154,1.657889848182443,1.58681,1.6548,56.002638034280814,0.00324506658370448,EURNZD_merged,65.21699250754925
2022-09-13 18:00:00,2022-09-15 06:00:00,-1.1,30.0,0.37545957568955324,5363.708224136475,1,0.57681,0.5735838177997582,0.5810040368603144,0.58921,0.6087,26.122477754155383,0.001361781633638036,NZDCHF_merged,-33.375459575689554
2022-09-13 20:00:00,2022-09-15 06:00:00,-1.1,15.000000000000002,0.1647796359397863,2353.994799139805,1,0.64743,0.6433044811145934,0.6536182783281097,0.65591,0.67495,33.47431980353073,0.00150668638916097,AUDCHF_merged,-16.66477963593979
2022-09-13 20:00:00,2022-09-15 06:00:00,-1.1,15.0,0.1534155231163528,2191.6503302336114,1,0.64743,0.6429988871230818,0.6536335580276853,0.65591,0.67495,33.47431980353073,0.00150668638916097,AUDCHF_merged,-16.653415523116355
2022-09-13 17:00:00,2022-09-15 10:00:00,-1.1,30.0,0.38573076861025024,5510.439551575004,-1,1.66155,1.670595830107283,1.6479812548390755,1.58681,1.6548,60.2895897819536,0.003288142629488852,EURNZD_merged,-33.38573076861025
2022-09-13 16:00:00,2022-09-15 11:00:00,-1.1,15.0,0.21487070815063428,3069.5815450090613,-1,1.66404,1.6721715969730742,1.6542820836323109,1.58681,1.6548,59.7873600374439,0.0033503074471418377,EURNZD_merged,-16.714870708150634
2022-09-13 16:00:00,2022-09-15 12:00:00,-1.1,15.0,0.18523336909537433,2646.1909870767763,-1,1.66404,1.673472652488766,1.6527208170134808,1.58681,1.6548,60.110295926025856,0.0033503074471418377,EURNZD_merged,-16.685233369095375
2022-09-15 14:00:00,2022-09-16 02:00:00,-1.1,15.0,0.28680000108108955,4097.142872586994,-1,0.87073,0.8739178190256405,0.8669046171692315,0.83393,0.8584,63.85077153751252,0.0012433327809521684,EURGBP_merged,-16.78680000108109
2022-09-15 08:00:00,2022-09-16 02:00:00,1.2,15.0,0.21459870859486826,3065.695837069547,1,0.95618,0.9515015515294858,0.9617941381646171,0.95519,0.98659,42.38552243218336,0.0016344539437607255,EURCHF_merged,17.785401291405133
2022-09-15 21:00:00,2022-09-16 04:00:00,-1.1,90.0,1.5995437090870923,22850.624415529892,-1,1.32397,1.329184618989537,1.3182339191115093,1.27272,1.29841,65.2973491183387,0.0017911341592113572,USDCAD_merged,-100.5995437090871
2022-09-15 08:00:00,2022-09-16 08:00:00,-1.1,60.0,0.7880216278979681,11257.451827113831,1,1.10063,1.0947638589749995,1.1076693692300006,1.15246,1.17156,34.49990689747636,0.002059749589285894,GBPCHF_merged,-66.78802162789796
2022-09-16 08:00:00,2022-09-19 09:00:00,-1.1,30.0,0.5446949435209881,7781.356336014116,-1,1.32773,1.332848889083083,1.322099222008609,1.27272,1.29841,69.69269254583833,0.0018604817261102702,USDCAD_merged,-33.54469494352099
2022-09-15 23:00:00,2022-09-19 10:00:00,-1.1,60.00000000000001,0.8463648620616424,12090.926600880606,-1,1.6759,1.6842164841967262,1.666751867383601,1.58681,1.6548,59.28963911707545,0.003009342230478834,EURNZD_merged,-66.84636486206166
2022-09-19 14:00:00,2022-09-19 21:00:00,-1.1,14.999999999999998,0.33327803813392537,4761.114830484648,-1,1.12771,1.1312628758709393,1.1234465489548728,1.11122,1.12549,63.95243920622756,0.0011790489241923934,AUDNZD_merged,-16.833278038133926
2022-09-13 15:00:00,2022-09-20 02:00:00,-1.1,60.0,0.6540784045940525,9343.977208486465,1,0.57573,0.5720330945785456,0.5812753581321816,0.58921,0.6087,23.39701351102332,0.0013478510708705789,NZDCHF_merged,-66.65407840459405
2022-09-19 13:00:00,2022-09-20 02:00:00,-1.1,15.0,0.23166704649800848,3309.529235685836,-1,1.68222,1.689844437858991,1.6707833432115138,1.58681,1.6548,63.39513232190761,0.002730018311293128,EURNZD_merged,-16.731667046498007
2022-09-20 00:00:00,2022-09-20 07:00:00,-1.1,15.0,0.3066892861442739,4381.27551634677,-1,1.13145,1.1353237006921106,1.125639448961834,1.11122,1.12549,67.4325807234538,0.0014079393914666514,AUDNZD_merged,-16.806689286144273
2022-09-15 08:00:00,2022-09-20 09:00:00,-1.1,30.0,0.3102299554256677,4431.856506080968,1,0.5735,0.569617879724582,0.5781585443305016,0.58921,0.60202,38.963092356756654,0.001365186295084589,NZDCHF_merged,-33.31022995542567
2022-09-20 15:00:00,2022-09-21 15:00:00,-1.1,15.000000000000002,0.2182879488083752,3118.3992686910747,1,0.56844,0.5657057125450202,0.5719945736914737,0.58921,0.60202,32.472998680492964,0.0011603334445570506,NZDCHF_merged,-16.718287948808378
2022-09-22 01:00:00,2022-09-22 03:00:00,1.5,15.0,0.23020814267489922,3288.6877524985607,1,0.949,0.9446715258269244,0.9554927112596133,0.95519,0.98659,32.638998748124834,0.0016057715410048277,EURCHF_merged,22.2697918573251
2022-09-22 01:00:00,2022-09-22 03:00:00,1.4,15.0,0.21433171904214754,3061.881700602108,1,0.949,0.9443508981104003,0.9555087426454395,0.95519,0.98659,32.638998748124834,0.0016057715410048277,EURCHF_merged,20.785668280957854
2022-09-22 01:00:00,2022-09-23 09:00:00,-1.1,30.0,0.42339907397453974,6048.558199636283,-1,1.35004,1.3567360089765583,1.3399959865351625,1.27272,1.29841,71.33175544468766,0.0024635745157475615,USDCAD_merged,-33.42339907397454
2022-09-20 11:00:00,2022-09-25 20:00:00,-1.1,15.0,0.29292439443512946,4184.634206216136,-1,1.13362,1.1376835092966409,1.1275247360550391,1.11122,1.12549,65.92082376102623,0.0014982174829716993,AUDNZD_merged,-16.79292439443513
2022-09-25 19:00:00,2022-09-25 20:00:00,-1.1,29.999999999999996,0.29151235981954854,4164.462283136408,1,0.96989,0.9629030955639041,0.980370356654144,0.98638,1.01977,34.18289326431424,0.002546475070615003,EURUSD_merged,-33.29151235981955
2022-09-25 19:00:00,2022-09-25 20:00:00,-1.1,60.0,0.5428161182846766,7754.515975495381,1,0.96989,0.9623855470871563,0.9803962340779814,0.98638,1.01977,34.18289326431424,0.002546475070615003,EURUSD_merged,-66.54281611828468
2022-09-26 16:00:00,2022-09-27 02:00:00,1.2,15.0,0.15680456326707773,2240.065189529682,-1,1.70326,1.7146654270024901,1.6895734875970119,1.58681,1.6548,63.5895913338271,0.004439872886639192,EURNZD_merged,17.843195436732923
2022-09-26 16:00:00,2022-09-27 06:00:00,1.2,15.0,0.1351763476440325,1931.090680629036,-1,1.70326,1.7164902953228884,1.6873836456125337,1.58681,1.6548,64.27968683828146,0.004439872886639192,EURNZD_merged,17.864823652355966
2022-09-26 20:00:00,2022-09-27 22:00:00,-1.1,15.0,0.1475044356357521,2107.2062233678876,-1,1.69805,1.7101374500642328,1.6799188249036507,1.58681,1.6548,51.87362256829457,0.004569202403043042,EURNZD_merged,-16.647504435635753
2022-09-26 20:00:00,2022-09-27 22:00:00,-1.1,14.999999999999998,0.173157380963709,2473.676870910129,-1,1.69805,1.7083467167213835,1.6846642682622015,1.58681,1.6548,51.27765616571966,0.004569202403043042,EURNZD_merged,-16.67315738096371
2022-09-28 00:00:00,2022-09-28 09:00:00,1.4,30.0,0.23577824667285016,3368.2606667550026,1,80.887,80.16656585309717,81.89560780566396,84.245,87.864,34.32681425214942,0.24182374161913234,NZDJPY_merged,41.76422175332715
2022-09-28 04:00:00,2022-09-28 10:00:00,1.5,15.0,0.11680760305798381,1668.680043685483,1,0.63919,0.6334442310395083,0.6478086534407376,0.68689,0.69155,36.53197618519455,0.0021139152509627563,AUDUSD_merged,22.383192396942015
2022-09-28 04:00:00,2022-09-28 10:00:00,1.4,29.999999999999996,0.21750381259072846,3107.1973227246926,1,0.63919,0.6330186185239164,0.6478299340665172,0.68689,0.69155,36.53197618519455,0.0021139152509627563,AUDUSD_merged,41.782496187409265
2022-09-28 17:00:00,2022-09-29 07:00:00,-1.1,15.0,0.1974539220039758,2820.7703143425115,-1,1.32418,1.3312215871505049,1.3150259367043435,1.28749,1.3244,60.49905751905647,0.002917876799893297,EURCAD_merged,-16.697453922003977
2022-09-28 17:00:00,2022-09-29 09:00:00,-1.1,15.0,0.1682014891144979,2402.8784159213988,-1,1.32418,1.3324462110027666,1.3117806834958499,1.28749,1.3244,59.743125259554525,0.002917876799893297,EURCAD_merged,-16.668201489114498
2022-09-28 14:00:00,2022-09-29 20:00:00,-1.1,30.0,0.3389919633621016,4842.742333744309,-1,147.512,148.42581281410824,146.41542462307012,137.166,143.109,63.72050939181214,0.35498761666877476,CHFJPY_merged,-33.338991963362105
2022-09-29 12:00:00,2022-09-30 10:00:00,-1.1,30.0,0.30256413559040557,4322.344794148651,-1,1.50616,1.5166137703843452,1.4946608525772203,1.42829,1.47142,65.4589434577852,0.003680123522080996,EURAUD_merged,-33.30256413559041
2022-09-30 03:00:00,2022-09-30 12:00:00,-1.1,30.0,0.4283685692135408,6119.550988764869,-1,1.34287,1.3494531790721187,1.332995231391822,1.28749,1.3244,69.21286565788468,0.002496913437501133,EURCAD_merged,-33.42836856921354
2022-10-02 22:00:00,2022-10-03 08:00:00,1.2,29.999999999999996,0.28088838593096477,4012.6912275852114,-1,1.73988,1.7528878286714853,1.7242706055942179,1.58681,1.6548,64.77591976935452,0.005008622077980215,EURNZD_merged,35.71911161406903
2022-10-02 22:00:00,2022-10-03 08:00:00,1.2,30.0,0.24214516028531444,3459.216575504492,-1,1.73988,1.754969081258923,1.7217731024892926,1.58681,1.6548,64.97615493852442,0.005008622077980215,EURNZD_merged,35.75785483971469
2022-10-02 19:00:00,2022-10-03 08:00:00,1.5,15.0,0.11413418969561959,1630.4884242231371,-1,1.7452,1.761255311777189,1.7211170323342166,1.58681,1.6548,66.30836431000375,0.005388720519789557,EURNZD_merged,22.38586581030438
2022-09-30 16:00:00,2022-10-03 08:00:00,1.5,29.999999999999996,0.3105112892417035,4435.875560595765,-1,1.35352,1.362673908725642,1.339789136911537,1.28749,1.3244,71.94144851539677,0.003381026810406007,EURCAD_merged,44.68948871075829
2022-09-28 14:00:00,2022-10-03 09:00:00,1.1,15.0,0.1461172255871127,2087.388936958753,-1,147.512,148.57202286436555,146.3459748491979,137.166,143.109,63.72050939181214,0.35498761666877476,CHFJPY_merged,16.353882774412888
2022-09-28 14:00:00,2022-10-03 09:00:00,1.2,30.0,0.2922344511742254,4174.777873917506,-1,147.512,148.57202286436555,146.23997256276132,137.166,143.109,64.78575487897463,0.35498761666877476,CHFJPY_merged,35.707765548825776
2022-10-02 22:00:00,2022-10-03 09:00:00,1.5,15.000000000000002,0.1300409194124837,1857.7274201783387,-1,1.73988,1.753928454965204,1.718807317552194,1.58681,1.6548,65.35187263487262,0.005008622077980215,EURNZD_merged,22.36995908058752
2022-10-03 08:00:00,2022-10-03 11:00:00,-1.1,30.0,0.35087972390148187,5012.567484306885,-1,0.98781,0.9937220002060376,0.980124399732151,0.94792,0.98693,60.11500124101214,0.002509689524176693,USDCHF_merged,-33.350879723901485
2022-10-03 08:00:00,2022-10-03 11:00:00,1.3,15.0,0.3221568252270327,4602.240360386182,-1,144.849,145.32110376465815,144.2352651059444,130.392,144.989,54.882437484077194,0.203529470203602,USDJPY_merged,19.177843174772967
2022-10-03 15:00:00,2022-10-04 10:00:00,1.3,30.0,0.31928099578782737,4561.1570826832485,-1,0.9928,0.9993299220044574,0.9843111013942054,0.94792,0.98693,63.06795659957305,0.0027320182005573226,USDCHF_merged,38.68071900421217
2022-10-03 13:00:00,2022-10-04 11:00:00,1.5,30.0,0.2679890861366995,3828.4155162385646,-1,0.99174,0.9995114134930765,0.9800828797603851,0.94792,0.98693,65.99934666948454,0.002880565487036906,USDCHF_merged,44.7320109138633
2022-10-04 10:00:00,2022-10-04 12:00:00,-1.1,29.999999999999996,0.2566352995759773,3666.2185653711044,-1,1.75548,1.7698447736928278,1.7368057941993238,1.68706,1.72142,63.9639282948606,0.006202299938098218,GBPAUD_merged,-33.256635299575976
2022-10-04 15:00:00,2022-10-04 21:00:00,1.3,30.0,0.25802721401289963,3686.103057327138,-1,2.00063,2.016912480187497,1.9794627757562544,1.87999,1.95373,63.893848233104315,0.006880814982529725,GBPNZD_merged,38.7419727859871
2022-10-04 16:00:00,2022-10-05 10:00:00,1.2,30.0,0.24134555100225108,3447.7935857464445,-1,1.76431,1.7796616440829913,1.7458880271004105,1.68706,1.72142,63.88529873391143,0.0058248963736825055,GBPAUD_merged,35.758654448997746
2022-10-04 17:00:00,2022-10-05 10:00:00,1.3,30.0,0.2763898395149022,3948.426278784317,-1,1.76327,1.7766672616594696,1.7458535598426892,1.68706,1.72142,64.99740230966032,0.005543832346990895,GBPAUD_merged,38.723610160485094
2022-10-04 16:00:00,2022-10-05 11:00:00,1.2,30.0,0.20805650948469914,2972.2358497814166,-1,1.76431,1.78211790713627,1.742940511436476,1.68706,1.72142,64.04136872222236,0.0058248963736825055,GBPAUD_merged,35.7919434905153
2022-10-04 15:00:00,2022-10-05 16:00:00,1.5,30.000000000000004,0.2198009600850626,3140.0137155008947,-1,2.00063,2.019744215872279,1.9719586761915822,1.87999,1.95373,63.575813814096996,0.006880814982529725,GBPNZD_merged,44.78019903991495
2022-10-06 08:00:00,2022-10-06 12:00:00,-1.1,30.0,0.4295121216538666,6135.887452198095,-1,0.87648,0.8807653458778127,0.8709090503588435,0.83393,0.8584,58.112515700709835,0.0018379657270672551,EURGBP_merged,-33.429512121653865
2022-10-06 18:00:00,2022-10-07 08:00:00,-1.1,29.999999999999996,0.4839129564727422,6913.042235324889,-1,0.98906,0.9933521479415214,0.9834802076760223,0.94792,0.98693,64.58673497496947,0.0018299976161421695,USDCHF_merged,-33.48391295647274
2022-10-06 18:00:00,2022-10-07 08:00:00,-1.1,30.0,0.41222214810641,5888.887830091572,-1,0.98906,0.9940986084530904,0.9815020873203646,0.94792,0.98693,63.5125083537341,0.0018299976161421695,USDCHF_merged,-33.41222214810641
2022-10-10 06:00:00,2022-10-10 20:00:00,-1.1,29.999999999999996,0.38346507279457515,5478.072468493931,-1,1.75254,1.7621375729241229,1.7400631551986403,1.591,1.72142,60.920539226379894,0.0040262250935899505,GBPAUD_merged,-33.38346507279458
2022-10-10 06:00:00,2022-10-10 22:00:00,-1.1,30.0,0.24180282166400624,3454.326023771518,1,0.63179,0.6263030541038781,0.6400204188441827,0.68689,0.69155,34.64809372953485,0.0020291877420524876,AUDUSD_merged,-33.24180282166401
2022-10-10 09:00:00,2022-10-11 00:00:00,-1.1,60.0,1.0536136878237319,15051.624111767598,-1,0.99788,1.0018578298710763,0.9931066041547085,0.94792,0.98693,67.65430035298635,0.0016496225235425918,USDCHF_merged,-67.05361368782373
2022-10-10 06:00:00,2022-10-11 00:00:00,-1.1,60.0,0.4502535299950461,6432.193285643516,1,0.63179,0.6258966136671283,0.6400407408660203,0.68689,0.69155,34.64809372953485,0.0020291877420524876,AUDUSD_merged,-66.45025352999505
2022-10-11 04:00:00,2022-10-11 07:00:00,1.2,29.999999999999996,0.5806397414741439,8294.853449630627,-1,1.00065,1.0042690512806873,0.9963071384631752,0.94792,0.98693,60.66029820486765,0.001483504761398177,USDCHF_merged,35.41936025852585
2022-10-11 02:00:00,2022-10-11 08:00:00,1.2,30.0,0.511339282747728,7304.846896396115,-1,1.38364,1.3893224188910076,1.3768210973307908,1.29533,1.29841,65.62216060917966,0.0023277555880885565,USDCAD_merged,35.48866071725227
2022-10-10 19:00:00,2022-10-11 11:00:00,1.2,60.0,1.0537565938801228,15053.6656268589,-1,0.99939,1.0033733088821246,0.9946100293414506,0.94792,0.98693,64.85551318607757,0.0013090151593009602,USDCHF_merged,70.94624340611988
2022-10-11 07:00:00,2022-10-11 12:00:00,1.3,29.999999999999996,0.4788656539903032,6840.937914147189,-1,1.38053,1.386584125986782,1.3726596362171837,1.29533,1.29841,49.91455440636234,0.00265849806919765,USDCAD_merged,38.521134346009696
2022-10-10 21:00:00,2022-10-11 12:00:00,1.5,29.999999999999996,0.5809556944357206,8299.367063367437,-1,0.99862,1.0022297451493902,0.9932053822759146,0.94792,0.98693,66.15351226976007,0.0014035896016421645,USDCHF_merged,44.41904430556427
2022-10-11 03:00:00,2022-10-11 20:00:00,-1.1,60.0,1.6630257726596933,23757.51103799562,-1,145.701,146.06897036465725,145.25943556241128,140.346,145.901,57.07802696834761,0.12960873745182971,USDJPY_merged,-67.6630257726597
2022-10-11 03:00:00,2022-10-11 20:00:00,-1.1,30.000000000000004,0.8931064334653909,12758.663335219871,-1,145.701,146.04359309812915,145.18711035280623,140.346,145.901,55.32492714533271,0.12960873745182971,USDJPY_merged,-33.8931064334654
2022-10-11 06:00:00,2022-10-12 05:00:00,1.3,15.0,0.30805033663324705,4400.719094760672,-1,1.34248,1.347055888523304,1.3365313449197047,1.29988,1.3244,59.68948890441051,0.0020288369814581244,EURCAD_merged,19.191949663366753
2022-10-12 03:00:00,2022-10-12 07:00:00,-1.1,60.0,1.4060323099140104,20086.175855914436,-1,146.169,146.60562567045673,145.64504919545195,140.346,145.901,64.46034396399091,0.1731752490267794,USDJPY_merged,-67.40603230991401
2022-10-10 09:00:00,2022-10-12 08:00:00,-1.1,30.0,0.3337834818203438,4768.33545457634,1,0.86711,0.8616545742549354,0.8747475960430905,0.88155,0.89669,32.871099054235124,0.0018596683420157552,AUDCAD_merged,-33.33378348182034
2022-10-12 03:00:00,2022-10-12 08:00:00,-1.1,30.0,0.6060484094456942,8657.834420652774,-1,146.169,146.6754857777298,145.56121706672428,140.346,145.901,64.75850059368828,0.1731752490267794,USDJPY_merged,-33.60604840944569
2022-10-11 06:00:00,2022-10-12 10:00:00,1.5,29.999999999999996,0.5248264994492355,7497.521420703366,-1,1.34248,1.3478516952230088,1.3344224571654864,1.29988,1.3244,58.35470485504726,0.0020288369814581244,EURCAD_merged,44.47517350055076
2022-10-04 10:00:00,2022-10-13 06:00:00,-1.1,30.0,0.21861525519435096,3123.075074205014,-1,1.75548,1.772342995204624,1.7301855071930639,1.68706,1.72142,63.65124207105345,0.006202299938098218,GBPAUD_merged,-33.21861525519435
2022-10-11 07:00:00,2022-10-13 08:00:00,-1.1,30.0,0.4079225941398879,5827.465630569828,-1,1.38053,1.387637017462744,1.369869473805884,1.29533,1.29841,50.91105003147126,0.00265849806919765,USDCAD_merged,-33.40792259413989
2022-10-11 07:00:00,2022-10-13 08:00:00,-1.1,60.0,0.7595800028811704,10851.142898302436,-1,1.38053,1.388163463200725,1.37136984415913,1.29533,1.29841,52.7738677498007,0.00265849806919765,USDCAD_merged,-66.75958000288117
2022-10-12 19:00:00,2022-10-13 08:00:00,-1.1,60.0,1.33400409162141,19057.201308877287,-1,146.774,147.2361056291145,146.0808415563283,140.346,145.901,67.74649836264001,0.15632199947015243,USDJPY_merged,-67.33400409162141
2022-10-10 06:00:00,2022-10-13 08:00:00,-1.1,29.999999999999996,0.3757003574701995,5367.147963859993,1,0.97065,0.965224492785353,0.9787882608219705,0.98638,1.01977,34.57480891061597,0.0020159151796404796,EURUSD_merged,-33.3757003574702
2022-10-10 06:00:00,2022-10-13 08:00:00,-1.1,30.0,0.34978998798949607,4996.9998284213725,1,0.97065,0.964822603362046,0.9788083552931358,0.98638,1.01977,34.57480891061597,0.0020159151796404796,EURUSD_merged,-33.349789987989496
2022-10-13 12:00:00,2022-10-14 01:00:00,1.3,30.0,0.32335000519328183,4619.285788475455,-1,1.73985,1.751149474072425,1.7251606837058473,1.58681,1.6548,54.06038263566226,0.004868328041662288,EURNZD_merged,38.676649994806716
2022-10-13 12:00:00,2022-10-14 10:00:00,-1.1,30.0,0.4415691029011724,6308.130041445321,-1,1.34405,1.3504419893431305,1.3357404138539304,1.29988,1.3244,58.14782032480041,0.00275775967269245,EURCAD_merged,-33.44156910290117
2022-10-13 12:00:00,2022-10-14 10:00:00,-1.1,30.000000000000004,0.40624357466907857,5803.479638129695,-1,1.34405,1.3509978145034027,1.3357126225959166,1.29988,1.3244,56.691926425932806,0.00275775967269245,EURCAD_merged,-33.406243574669084
2022-10-13 12:00:00,2022-10-14 10:00:00,-1.1,15.0,0.17510498908149938,2501.49984402142,-1,1.34405,1.3521094648239471,1.3343786422112633,1.29988,1.3244,57.00298095721763,0.00275775967269245,EURCAD_merged,-16.6751049890815
2022-10-13 12:00:00,2022-10-14 10:00:00,-1.1,30.0,0.37615145802692457,5373.592257527494,-1,1.34405,1.351553639663675,1.3327945405044874,1.29988,1.3244,57.90068014569366,0.00275775967269245,EURCAD_merged,-33.376151458026925
2022-10-13 13:00:00,2022-10-14 13:00:00,-1.1,30.0,0.33720774532762665,4817.253504680381,-1,0.99987,1.0060968053717447,0.9917751530167319,0.94792,0.98693,48.433215122537426,0.0027346419202696126,USDCHF_merged,-33.337207745327625
2022-10-13 14:00:00,2022-10-17 10:00:00,-1.1,30.0,0.2563073542499242,3661.5336321417744,-1,2.00513,2.021558607803013,1.9837728098560825,1.81371,1.95373,62.22439741211955,0.006914810603701016,GBPNZD_merged,-33.25630735424993
2022-10-13 10:00:00,2022-10-18 07:00:00,1.5,30.0,0.20770533787662662,2967.2191125232375,-1,2.01563,2.036008980353958,1.9850615294690628,1.81371,1.95373,70.14702058740177,0.006992432133040764,GBPNZD_merged,44.792294662123375
2022-10-17 21:00:00,2022-10-18 09:00:00,-1.1,15.0,0.21910091364236972,3130.0130520338535,-1,146.401,147.10259931076743,145.34860103384887,137.343,145.634,67.84529104732005,0.2560764825390615,EURJPY_merged,-16.719100913642368
2022-10-19 08:00:00,2022-10-20 06:00:00,-1.1,15.0,0.15437943267626814,2205.4204668038305,-1,0.56795,0.5718128688398573,0.562155696740214,0.54929,0.56966,60.36737847099108,0.001407785579845114,NZDCHF_merged,-16.65437943267627
2022-10-19 16:00:00,2022-10-21 04:00:00,-1.1,15.0,0.21229619960025684,3032.802851432241,-1,1.00451,1.0094782260068056,0.9985481287918332,0.94792,0.98693,61.95551325554087,0.0016422398543958867,USDCHF_merged,-16.712296199600257
2022-10-13 13:00:00,2022-10-21 06:00:00,1.5,30.0,0.21408956466307724,3058.422352329675,-1,1.80318,1.8208673543834764,1.7766489684247857,1.591,1.72142,65.03631968116878,0.006261295738551506,GBPAUD_merged,44.78591043533692
2022-10-21 10:00:00,2022-10-21 12:00:00,1.2,14.999999999999998,0.16752842321997088,2393.263188856727,-1,1.00531,1.0116108740828056,0.9977489511006332,0.94792,0.98693,51.3700182660291,0.0028396103736135067,USDCHF_merged,17.832471576780026
2022-10-24 12:00:00,2022-10-25 10:00:00,-1.1,30.0,0.5327368842169095,7610.526917384421,-1,0.98803,0.9919247237585209,0.9833563314897749,0.9407,0.98659,63.96739778826341,0.0015351831103077676,EURCHF_merged,-33.53273688421691
2022-10-24 12:00:00,2022-10-25 11:00:00,-1.1,15.0,0.22962796733487473,3280.3995333553535,-1,0.98803,0.9925478795598842,0.9826085445281388,0.9407,0.98001,64.55194374371611,0.0015351831103077676,EURCHF_merged,-16.729627967334874
2022-10-25 11:00:00,2022-10-26 03:00:00,-1.1,30.0,0.23786772506260773,3398.1103580372537,-1,1.14583,1.155945886883631,1.1336909357396425,1.03261,1.14951,65.29653528702595,0.004045186556777261,GBPUSD_merged,-33.23786772506261
2022-10-24 12:00:00,2022-10-26 09:00:00,-1.1,30.0,0.33692988445899297,4813.2840636999,-1,1.35297,1.3614027248221456,1.3403209127667817,1.29988,1.3569,59.63367347158135,0.003032286314494528,EURCAD_merged,-33.336929884458996
2022-10-26 06:00:00,2022-10-26 14:00:00,-1.1,14.999999999999998,0.18023526048230504,2574.789435461501,-1,1.00259,1.0084308077153326,0.9938287884270014,0.95357,0.99995,69.2412418184086,0.0021701719655905336,EURUSD_merged,-16.680235260482306
2022-10-24 07:00:00,2022-10-28 10:00:00,-1.1,30.0,0.26179363835896324,3739.909119413761,-1,1.79466,1.809056018267,1.7730659725995002,1.591,1.72142,57.80528633971883,0.0054231544304497,GBPAUD_merged,-33.26179363835897
2022-10-28 13:00:00,2022-10-31 11:00:00,1.0,15.0,0.1591187247530052,2273.124639328646,-1,1.80856,1.8204944093722957,1.7966255906277042,1.591,1.72142,72.65058875036198,0.0038275552819010267,GBPAUD_merged,14.840881275246995
2022-11-03 09:00:00,2022-11-04 06:00:00,1.0,60.0,0.6204748938467007,8863.927054952868,-1,1.01308,1.0199375474079557,1.0062224525920442,0.94792,0.98693,64.51473944942414,0.0024561456262719838,USDCHF_merged,59.3795251061533
2022-11-15 07:00:00,2022-11-15 13:00:00,1.0,60.00000000000001,0.8008640058133523,11440.914368762176,-1,1.38311,1.3903634936741232,1.375856506325877,1.29988,1.36953,68.20555761024082,0.002401557565800003,EURCAD_merged,59.199135994186655
2022-11-15 11:00:00,2022-11-18 10:00:00,-1.1,89.99999999999999,0.771308869173779,11018.698131053987,-1,1.58158,1.594498241184849,1.568661758815151,1.40439,1.58127,60.989567421240395,0.004270646081024672,GBPCAD_merged,-99.77130886917377
2022-11-18 05:00:00,2022-11-18 16:00:00,-1.1,60.0,1.1975995856991832,17108.565509988333,1,1.08735,1.0835366469773922,1.091163353022608,1.11122,1.14895,29.000673464978608,0.0012767521260453284,AUDNZD_merged,-67.19759958569918
2022-11-23 13:00:00,2022-11-23 20:00:00,-1.1,30.0,0.30291239690262367,4327.319955751767,1,139.843,138.87351079122917,140.8124892087708,145.105,151.941,27.17428966786407,0.31307999319097,USDJPY_merged,-33.30291239690262
2022-11-23 13:00:00,2022-11-24 10:00:00,1.0,30.0,0.36283421876676575,5183.345982382369,1,0.70425,0.7001739649307976,0.7083260350692024,0.7112,0.74219,29.21220741782165,0.0013437727595150336,CADCHF_merged,29.637165781233236
2022-11-23 14:00:00,2022-11-24 10:00:00,-1.1,30.0,0.37433024203905657,5347.574886272238,-1,0.89828,0.903319368418978,0.893240631581022,0.85969,0.88319,75.00441998205308,0.001687661653493177,AUDCAD_merged,-33.37433024203906
2022-11-28 06:00:00,2022-11-28 10:00:00,1.0,15.0,0.14149249473570302,2021.321353367186,1,102.562,101.80089885324902,103.32310114675097,104.527,110.347,37.31268125332202,0.26493606923244506,CADJPY_merged,14.858507505264297
2022-11-28 10:00:00,2022-11-28 13:00:00,1.0,30.0,0.35533916666241433,5076.273809463062,-1,1.4022,1.4104867870368973,1.3939132129631024,1.32708,1.36953,52.29656973316408,0.003031386463801585,EURCAD_merged,29.644660833337586
2022-11-29 13:00:00,2022-12-01 02:00:00,-1.1,29.999999999999996,0.28913848267965486,4130.549752566499,-1,0.90956,0.9161660940152205,0.9029539059847795,0.85969,0.88319,63.82125849652398,0.002133314814234905,AUDCAD_merged,-33.289138482679654
2022-12-01 03:00:00,2022-12-01 18:00:00,-1.1,30.0,0.21012914197405308,3001.8448853436157,1,136.532,135.16751910360247,137.89648089639755,145.105,151.941,29.169477141152143,0.4551250393611408,USDJPY_merged,-33.21012914197405
2022-12-01 18:00:00,2022-12-02 03:00:00,-1.1,15.0,0.13491294685576993,1927.3278122252848,1,135.31,134.25690981620994,136.78432625730608,137.671,142.251,24.137648957656257,0.36269636426774987,USDJPY_merged,-16.63491294685577
2022-12-01 20:00:00,2022-12-02 03:00:00,-1.1,14.999999999999998,0.15745811797007175,2249.4016852867394,1,100.76,100.08808799340464,101.56629440791444,105.05,110.347,26.836841496707983,0.2554379916862359,CADJPY_merged,-16.657458117970073
2022-12-01 20:00:00,2022-12-02 03:00:00,-1.1,15.0,0.15183461375685495,2169.0659108122136,1,100.76,100.06320236353073,101.8051964547039,104.074,110.347,29.37443782690061,0.2554379916862359,CADJPY_merged,-16.651834613756854
2022-12-02 05:00:00,2022-12-02 08:00:00,1.2,15.000000000000002,0.11370129414856878,1624.3042021224112,1,133.986,132.7486763525121,135.47078837698544,145.105,151.941,26.39845067075849,0.4109811289843449,USDJPY_merged,17.88629870585143
2022-12-02 05:00:00,2022-12-02 08:00:00,1.5,60.0,0.47048811371821553,6721.258767403079,1,133.986,132.78992047409503,135.78011928885743,137.671,151.941,26.39845067075849,0.4109811289843449,USDJPY_merged,89.52951188628178
2022-12-02 08:00:00,2022-12-02 08:00:00,1.4,30.0,0.2502184661932122,3574.549517045889,1,134.055,132.92992116675904,135.63011036653734,137.671,142.251,50.60290681668744,0.5003897741904519,USDJPY_merged,41.74978153380679
2022-12-02 05:00:00,2022-12-02 08:00:00,1.5,15.0,0.11762202842955388,1680.3146918507698,1,133.986,132.78992047409503,135.78011928885743,145.105,151.941,26.39845067075849,0.4109811289843449,USDJPY_merged,22.382377971570445
2022-12-02 05:00:00,2022-12-02 08:00:00,1.3,15.000000000000002,0.11370129414856878,1624.3042021224112,1,133.986,132.7486763525121,135.59452074173424,137.671,151.941,25.55682632332234,0.4109811289843449,USDJPY_merged,19.386298705851434
2022-12-02 08:00:00,2022-12-05 04:00:00,1.2,15.0,0.1630607106034729,2329.438722906756,1,91.44,90.85118863247517,92.14657364102979,92.595,95.741,35.19528262521171,0.24321554967784806,AUDJPY_merged,17.836939289396526
2022-12-02 05:00:00,2022-12-05 08:00:00,1.5,15.0,0.1305570541007446,1865.1007728677805,1,99.731,98.92891733413964,100.93412399879053,105.05,110.347,25.444134140759687,0.2736816417779468,CADJPY_merged,22.369442945899255
2022-12-02 08:00:00,2022-12-05 08:00:00,1.4,15.0,0.13844803204364492,1977.8290291949277,1,99.827,99.06990473145218,100.88693337596695,104.074,110.347,44.96537412499662,0.313491095840434,CADJPY_merged,20.861551967956355
2022-12-02 09:00:00,2022-12-05 21:00:00,1.2,29.999999999999996,0.21045660556055135,3006.522936579305,1,135.399,134.0479476096858,137.02026286837707,137.671,151.941,49.74115920469814,0.509790504605418,USDJPY_merged,35.78954339443944
2022-12-02 06:00:00,2022-12-06 08:00:00,-1.1,15.0,0.19177924574571267,2739.7035106530384,-1,0.8597,0.8644068961841518,0.8540517245790179,0.76235,0.78847,71.99198854091388,0.0017202023913749623,NZDCAD_merged,-16.691779245745714
2022-12-02 06:00:00,2022-12-06 08:00:00,-1.1,15.0,0.18492998696908008,2641.856956701144,-1,0.8597,0.8645812256724537,0.8523781614913195,0.76235,0.80488,70.67096078806695,0.0017202023913749623,NZDCAD_merged,-16.68492998696908
2022-12-02 09:00:00,2022-12-07 01:00:00,1.5,15.0,0.10147014910955157,1449.5735587078798,1,135.399,133.99790863226673,137.5006370515999,137.671,142.251,46.226982111506054,0.509790504605418,USDJPY_merged,22.398529850890448
2022-12-02 06:00:00,2022-12-07 03:00:00,-1.1,60.0,0.714212363466792,10203.033763811314,-1,0.8597,0.8647555551607556,0.8521166672588666,0.76235,0.78847,71.51987183840703,0.0017202023913749623,NZDCAD_merged,-66.71421236346679
2022-12-02 06:00:00,2022-12-07 03:00:00,-1.1,15.0,0.178553090866698,2550.7584409528286,-1,0.8597,0.8647555551607556,0.8526222227749422,0.76235,0.80488,72.50427098586708,0.0017202023913749623,NZDCAD_merged,-16.678553090866696
2022-12-02 06:00:00,2022-12-07 03:00:00,-1.1,60.0,0.6904052846845656,9862.932638350938,-1,0.8597,0.8649298846490575,0.8529011499562252,0.76235,0.78847,72.50427098586708,0.0017202023913749623,NZDCAD_merged,-66.69040528468456
2022-12-05 21:00:00,2022-12-07 05:00:00,-1.1,60.0,0.7503178040563241,10718.825772233202,-1,1.56377,1.5725234028440929,1.5532659165870888,1.5257,1.56491,68.1606046380546,0.0028986723088858476,EURAUD_merged,-66.75031780405632
2022-12-05 21:00:00,2022-12-07 05:00:00,-1.1,60.0,0.7761908317824042,11088.440454034348,-1,1.56377,1.5722316227492896,1.5510775658760658,1.5257,1.56491,68.1606046380546,0.0028986723088858476,EURAUD_merged,-66.7761908317824
2022-12-05 21:00:00,2022-12-07 05:00:00,-1.1,30.0,0.40195596645874515,5742.228092267788,-1,1.56377,1.5719398426544866,1.5515152360182705,1.5257,1.56491,67.36226826357232,0.0028986723088858476,EURAUD_merged,-33.40195596645874
2022-12-05 21:00:00,2022-12-07 05:00:00,-1.1,60.0,0.7761908317824042,11088.440454034348,-1,1.56377,1.5722316227492896,1.5519237281509948,1.5257,1.56491,68.41085947933561,0.0028986723088858476,EURAUD_merged,-66.7761908317824
2022-12-06 09:00:00,2022-12-09 03:00:00,-1.1,30.0,0.39976504659051687,5710.9292370073845,1,0.68894,0.6853209392233285,0.6943685911650073,0.70652,0.74219,33.77045136089029,0.0013144844412431075,CADCHF_merged,-33.39976504659052
2022-12-02 09:00:00,2022-12-09 08:00:00,-1.1,30.0,0.2491936805751026,3559.909722501466,1,100.44,99.59357404123082,101.455711150523,105.05,110.347,47.534323371089826,0.30931316042325985,CADJPY_merged,-33.249193680575104
2022-12-12 14:00:00,2022-12-13 11:00:00,1.4,30.0,0.3511965335050317,5017.093335786168,-1,168.733,169.74194874007895,167.32047176388946,164.024,168.993,71.5766276028807,0.3426338330302089,GBPJPY_merged,41.64880346649497
2022-12-13 13:00:00,2022-12-15 04:00:00,1.4,59.99999999999999,0.5249672974974046,7499.5328213914945,-1,0.87519,0.8821919561552178,0.8653872613826952,0.76235,0.80488,55.37567893020674,0.002358434236892404,NZDCAD_merged,83.47503270250259
2022-12-13 13:00:00,2022-12-15 04:00:00,1.2,30.0,0.25788557651439925,3684.079664491418,1,135.324,134.2220368586681,136.6463557695983,137.671,151.941,33.955162278039246,0.40155346130462793,USDJPY_merged,35.7421144234856
2022-12-13 13:00:00,2022-12-15 04:00:00,1.3,30.0,0.25373419379041223,3624.7741970058896,-1,0.87519,0.8824334029191908,0.865773576205052,0.76235,0.78847,55.37567893020674,0.002358434236892404,NZDCAD_merged,38.746265806209585
2022-12-13 11:00:00,2022-12-15 06:00:00,1.3,15.0,0.11102251311623489,1586.0359016604984,1,135.191,133.91242553779713,136.85314680086373,137.671,151.941,24.545323214482806,0.42060638115802906,USDJPY_merged,19.388977486883764
2022-12-15 23:00:00,2022-12-19 22:00:00,-1.1,30.0,0.33203501257016793,4743.357322430971,1,0.6225,0.618562915203186,0.627224501756177,0.62737,0.64414,28.573994537503204,0.0014447381576344997,AUDCHF_merged,-33.33203501257017
2022-12-15 23:00:00,2022-12-19 23:00:00,-1.1,60.00000000000001,0.6182720923720371,8832.458462457673,1,0.6225,0.6182712792923107,0.628420208990765,0.62753,0.64414,28.535226718856322,0.0014447381576344997,AUDCHF_merged,-66.61827209237205
2022-12-15 23:00:00,2022-12-19 23:00:00,-1.1,30.0,0.2988315113131511,4269.021590187874,1,0.6225,0.6181254613368732,0.6281869002620649,0.62737,0.64414,28.535226718856322,0.0014447381576344997,AUDCHF_merged,-33.29883151131315
2022-12-20 03:00:00,2022-12-21 23:00:00,1.4,30.0,0.2646666412924589,3780.952018463699,1,0.61732,0.612421868548037,0.6241773840327481,0.62753,0.64414,41.39056820397205,0.0018169386422541625,AUDCHF_merged,41.73533335870754
2022-12-20 17:00:00,2022-12-26 19:00:00,1.2,30.0,0.19899669151760596,2842.8098788229427,1,139.748,138.27324784325856,141.51770258808972,140.757,146.124,32.870881191747166,0.5281184666041966,EURJPY_merged,35.80100330848239
2022-12-20 17:00:00,2022-12-27 05:00:00,1.2,15.0,0.10559484531648088,1508.4977902354412,1,141.861,140.45038142715615,143.5537422874126,142.884,149.079,32.403214472523885,0.512704800184388,CHFJPY_merged,17.89440515468352
2022-12-20 17:00:00,2022-12-27 05:00:00,1.5,30.0,0.19188966682054862,2741.280954579266,1,139.748,138.21862739300886,142.04205891048667,140.757,146.124,32.883602774937856,0.5281184666041966,EURJPY_merged,44.80811033317945
2022-12-20 17:00:00,2022-12-27 19:00:00,1.5,30.0,0.19604959417216522,2800.708488173789,1,131.653,130.242788970656,133.76831654401596,133.618,142.251,32.441601612551985,0.490529167894691,USDJPY_merged,44.803950405827834
2022-12-20 17:00:00,2022-12-27 21:00:00,1.5,15.0,0.10182360084089231,1454.6228691556046,1,141.861,140.39813629482862,144.05529555775706,142.884,148.852,32.496779999310355,0.512704800184388,CHFJPY_merged,22.39817639915911
2022-12-21 06:00:00,2022-12-27 22:00:00,1.5,60.0,0.4126402955663725,5894.861365233894,1,82.932,82.0878885456838,84.19816718147432,85.421,87.454,33.87731299888263,0.29522063535996634,NZDJPY_merged,89.58735970443362
2022-12-29 09:00:00,2022-12-29 12:00:00,1.2,60.00000000000001,0.7908316637949344,11297.595197070492,1,0.62195,0.6186469076737963,0.6259137107914445,0.62737,0.64414,45.121813503537844,0.0012845555619219262,AUDCHF_merged,71.20916833620507
2022-12-30 05:00:00,2022-12-30 12:00:00,-1.1,30.0,0.3241626826958866,4630.895467084095,1,132.12,131.26409642191823,133.23267465150633,133.618,138.171,30.79864575012083,0.2900653932157911,USDJPY_merged,-33.324162682695885
2022-12-30 09:00:00,2022-12-30 13:00:00,-1.1,90.0,1.0453452965662193,14933.504236660277,1,158.968,158.0099448929557,160.40508266056642,158.583,169.267,37.4901682271915,0.3490080712136706,GBPJPY_merged,-100.04534529656624
2022-12-30 05:00:00,2022-12-30 13:00:00,-1.1,30.0,0.3543946074746781,5062.780106781116,1,158.956,158.01409063411367,160.2746731122408,158.583,169.267,24.38245983174764,0.3253108807025109,GBPJPY_merged,-33.35439460747468
2022-12-30 05:00:00,2022-12-30 13:00:00,-1.1,60.0,0.6392162196767972,9131.660281097104,1,83.696,83.14607152638001,84.35591416834399,83.834,88.163,31.028730282787443,0.2107002687052863,NZDJPY_merged,-66.6392162196768
2022-12-30 09:00:00,2022-12-30 13:00:00,-1.1,60.0,0.722707859354423,10324.397990777474,1,158.968,158.0441611467787,160.07660662386553,158.583,169.267,36.82452758988832,0.3490080712136706,GBPJPY_merged,-66.72270785935443
2023-01-01 18:00:00,2023-01-02 20:00:00,-1.1,60.0,0.5384828219072969,7692.6117415328135,1,157.928,156.69621028821194,159.77568456768205,158.583,169.267,36.785030484941025,0.4562159758480751,GBPJPY_merged,-66.5384828219073
2023-01-02 01:00:00,2023-01-02 20:00:00,-1.1,30.000000000000004,0.24966138083562134,3566.5911547945907,1,82.759,82.06288152377309,83.80317771434036,85.421,88.163,35.15863751153544,0.235855617116068,NZDJPY_merged,-33.249661380835626
2022-12-29 06:00:00,2023-01-03 02:00:00,1.2,30.0,0.4931683737979777,7045.262482828253,1,0.68075,0.67785124355909,0.6842285077290919,0.70652,0.74219,38.090162618671265,0.0010883553897309496,CADCHF_merged,35.50683162620202
2023-01-03 01:00:00,2023-01-03 04:00:00,-1.1,30.0,0.3155837092436955,4508.338703481365,1,140.384,139.44983771162802,141.69182720372072,141.035,148.525,27.496639400898207,0.32554457509446827,CHFJPY_merged,-33.3155837092437
2023-01-03 01:00:00,2023-01-03 04:00:00,-1.1,30.0,0.33896028029878406,4842.289718554059,1,140.384,139.514262697033,141.42768476356036,141.035,148.525,28.003433493158962,0.32554457509446827,CHFJPY_merged,-33.338960280298785
2023-01-03 01:00:00,2023-01-03 04:00:00,-1.1,30.0,0.32548044964731687,4649.720709247385,1,138.429,137.53585603293533,139.50077276047762,138.801,146.725,28.17534931115915,0.32952305745610555,EURJPY_merged,-33.325480449647316
2023-01-03 08:00:00,2023-01-04 07:00:00,1.2,30.0,0.2558809387802886,3655.441982575552,1,139.671,138.5247282167319,141.04652613992172,142.884,148.525,29.947928489480592,0.3777984091067967,CHFJPY_merged,35.74411906121971
2023-01-02 22:00:00,2023-01-04 07:00:00,1.2,30.0,0.3077308952179263,4396.155645970376,1,95.698,95.04494304951837,96.48166834057794,95.847,101.204,33.496816269916906,0.2359534485783366,CADJPY_merged,35.69226910478207
2023-01-03 08:00:00,2023-01-04 07:00:00,1.2,15.0,0.14215607710016032,2030.801101430862,1,139.671,138.6393553950587,140.90897352592955,141.035,148.525,29.9415211201178,0.3777984091067967,CHFJPY_merged,17.85784392289984
2023-01-03 08:00:00,2023-01-04 09:00:00,1.3,30.0,0.2558809387802886,3655.441982575552,1,139.671,138.5247282167319,141.16115331824855,141.035,148.525,30.067461325479787,0.3777984091067967,CHFJPY_merged,38.74411906121971
2023-01-03 08:00:00,2023-01-04 09:00:00,1.2,30.0,0.30651549066567435,4378.792723795348,1,137.984,137.03864353736023,139.11842775516774,138.801,146.725,32.077777176282275,0.34640830725706906,EURJPY_merged,35.693484509334326
2023-01-03 07:00:00,2023-01-04 09:00:00,1.3,30.0,0.2743830672006341,3919.758102866202,1,137.79,136.7354196173541,139.16095449743966,138.801,146.725,32.53396567800796,0.3501320231999204,EURJPY_merged,38.72561693279937
2023-01-03 07:00:00,2023-01-04 09:00:00,1.2,15.0,0.13719153360031705,1959.879051433101,1,137.79,136.7354196173541,139.05549645917506,140.757,146.725,32.1583115736507,0.3501320231999204,EURJPY_merged,17.862808466399684
2023-01-03 08:00:00,2023-01-04 09:00:00,1.4,29.999999999999996,0.2647044194278847,3781.491706112639,1,139.671,138.56293727617415,141.22228781335616,141.035,148.525,30.067461325479787,0.3777984091067967,CHFJPY_merged,41.73529558057211
2023-01-03 07:00:00,2023-01-04 10:00:00,1.5,15.0,0.14192227613825903,2027.4610876894149,1,137.79,136.7705722967756,139.31914155483653,138.801,146.725,32.1583115736507,0.3501320231999204,EURJPY_merged,22.35807772386174
2023-01-03 08:00:00,2023-01-04 10:00:00,1.5,29.999999999999996,0.2647044194278847,3781.491706112639,1,139.671,138.56293727617415,141.33309408573876,141.035,148.525,29.947928489480592,0.3777984091067967,CHFJPY_merged,44.73529558057211
2023-01-03 08:00:00,2023-01-04 10:00:00,1.4,30.0,0.285376491309421,4076.8070187060143,1,137.984,136.96861713272023,139.40553601419168,138.801,146.725,32.310541954742526,0.34640830725706906,EURJPY_merged,41.71462350869058
2023-01-03 07:00:00,2023-01-04 10:00:00,1.5,15.0,0.14192227613825903,2027.4610876894149,1,137.79,136.7705722967756,139.31914155483653,138.801,146.725,32.1583115736507,0.3501320231999204,EURJPY_merged,22.35807772386174
2023-01-03 08:00:00,2023-01-04 10:00:00,1.5,29.999999999999996,0.2647044194278847,3781.491706112639,1,139.671,138.56293727617415,141.33309408573876,142.884,148.525,29.947928489480592,0.3777984091067967,CHFJPY_merged,44.73529558057211
2023-01-06 08:00:00,2023-01-06 10:00:00,1.2,60.0,0.7550328179723488,10786.183113890698,1,1.18589,1.1792932827693825,1.1938060606767413,1.19919,1.24464,49.38254689186384,0.0028572837036515615,GBPUSD_merged,71.24496718202765
2023-01-09 13:00:00,2023-01-11 07:00:00,1.2,60.0,0.7174325945845684,10249.037065493836,1,0.91958,0.9141965869391027,0.9260400956730767,0.92153,1.01466,35.38563512006524,0.0019621526399911287,USDCHF_merged,71.28256740541543
2023-01-09 06:00:00,2023-01-12 03:00:00,1.4,60.0,0.5988408775434017,8554.869679191454,-1,91.622,92.26459541128621,90.7223664241993,87.021,91.057,72.57585942303383,0.21740000853992175,AUDJPY_merged,83.4011591224566
2023-01-09 14:00:00,2023-01-12 08:00:00,-1.1,90.0,1.2100792202719666,17286.846003885235,-1,1.0743,1.0798930966226152,1.0675882840528617,0.97299,1.07361,71.80785828090268,0.0020056946056613194,EURUSD_merged,-100.21007922027198
2023-01-12 05:00:00,2023-01-12 08:00:00,-1.1,60.0,1.1493494188382212,16419.277411974588,-1,1.0023,1.0059626459551831,0.9979048248537801,0.98159,0.99237,66.59756175154126,0.0013467830004598546,EURCHF_merged,-67.14934941883823
2023-01-09 14:00:00,2023-01-12 08:00:00,-1.1,60.0,0.75108365396191,10729.766485170145,-1,1.0743,1.0803074000761423,1.0652888998857866,0.97299,1.07361,71.00020969224576,0.0020056946056613194,EURUSD_merged,-66.75108365396191
2023-01-09 14:00:00,2023-01-12 08:00:00,-1.1,90.0,1.126625480942865,16094.649727755217,-1,1.0743,1.0803074000761423,1.0658896398934008,1.0573,1.07361,72.59784062767247,0.0020056946056613194,EURUSD_merged,-100.12662548094288
2023-01-11 23:00:00,2023-01-12 09:00:00,-1.1,30.0,0.5657986422361446,8082.837746230639,-1,1.00282,1.0065420343825446,0.997236948426183,0.98159,0.99237,72.04232516741172,0.0012203558367753875,EURCHF_merged,-33.565798642236146
2023-01-12 05:00:00,2023-01-12 09:00:00,-1.1,60.0,1.0700839416769643,15286.913452528064,-1,1.0023,1.0062339530629745,0.9967924657118356,0.98159,0.99237,66.02248323473871,0.0013467830004598546,EURCHF_merged,-67.07008394167697
2023-01-11 23:00:00,2023-01-12 09:00:00,-1.1,30.0,0.5657986422361446,8082.837746230639,-1,1.00282,1.0065420343825446,0.997236948426183,0.98159,0.99237,72.04232516741172,0.0012203558367753875,EURCHF_merged,-33.565798642236146
2023-01-12 10:00:00,2023-01-12 19:00:00,-1.1,30.0,0.27186983639170786,3883.854805595827,1,140.024,138.94241476824837,141.32190227810193,142.884,148.525,21.386966789677384,0.3709192383993105,CHFJPY_merged,-33.27186983639171
2023-01-12 10:00:00,2023-01-12 19:00:00,-1.1,30.0,0.2812446583362495,4017.780833374993,1,140.024,138.97846760930676,141.59229858603985,138.949,148.525,21.386966789677384,0.3709192383993105,CHFJPY_merged,-33.28124465833625
2023-01-12 10:00:00,2023-01-12 19:00:00,-1.1,30.0,0.2812446583362495,4017.780833374993,1,140.024,138.97846760930676,141.59229858603985,142.884,148.525,21.386966789677384,0.3709192383993105,CHFJPY_merged,-33.28124465833625
2023-01-12 23:00:00,2023-01-13 03:00:00,-1.1,30.0,0.28825979920229455,4117.997131461351,1,138.986,137.97347379687454,140.2010314437505,142.884,148.525,23.594237654588024,0.3304009676340636,CHFJPY_merged,-33.288259799202294
2023-01-12 22:00:00,2023-01-13 03:00:00,-1.1,30.0,0.2755088853534843,3935.84121933549,1,139.06,138.00004870432645,140.43793668437561,141.035,148.525,22.615095263781587,0.33750873437514545,CHFJPY_merged,-33.27550888535348
2023-01-13 06:00:00,2023-01-13 09:00:00,-1.1,60.0,0.5553050550344262,7932.929357634661,1,138.483,137.43559624466423,139.9493652574701,138.949,144.864,26.309702869878592,0.3593755866838713,CHFJPY_merged,-66.55530505503442
2023-01-13 05:00:00,2023-01-15 21:00:00,-1.1,60.0,0.45782790108959176,6540.398586994169,1,128.519,127.33999846096019,129.93380184684779,130.566,138.171,29.06402538743957,0.425619576918456,USDJPY_merged,-66.45782790108959
2023-01-15 23:00:00,2023-01-16 03:00:00,1.3,60.0,0.554081744052045,7915.453486457787,1,127.397,126.43131685713554,128.6523880857238,129.507,134.498,36.320256386378645,0.36125610733433805,USDJPY_merged,77.44591825594796
2023-01-15 23:00:00,2023-01-16 20:00:00,1.5,60.0,0.554081744052045,7915.453486457787,1,127.397,126.43131685713554,128.8455247142967,130.566,138.171,36.320256386378645,0.36125610733433805,USDJPY_merged,89.44591825594796
2023-01-15 21:00:00,2023-01-17 04:00:00,1.3,15.0,0.16643149542046912,2377.5927917209874,1,138.293,137.4205230109953,139.42722008570613,138.949,144.864,35.21172848214097,0.32741536658891784,CHFJPY_merged,19.33356850457953
2023-01-15 21:00:00,2023-01-17 04:00:00,1.2,15.0,0.1549534612535402,2213.6208750505743,1,138.293,137.35589508588384,139.4175258969394,138.949,144.864,36.130306420857195,0.32741536658891784,CHFJPY_merged,17.84504653874646
2023-01-15 21:00:00,2023-01-17 05:00:00,1.5,15.0,0.16643149542046912,2377.5927917209874,1,138.293,137.4205230109953,139.60171548350706,141.035,148.525,35.21172848214097,0.32741536658891784,CHFJPY_merged,22.33356850457953
2023-01-15 21:00:00,2023-01-17 21:00:00,1.3,60.0,0.6153040265384401,8790.057521977717,1,95.55,94.8977858380715,96.39787841050705,95.394,101.204,32.71469168349914,0.24852074352038334,CADJPY_merged,77.38469597346156
2023-01-15 21:00:00,2023-01-17 21:00:00,1.2,60.0,0.5728692660875132,8183.846658393046,1,95.55,94.84947367792864,96.39063158648563,95.394,99.296,32.67075129088199,0.24852074352038334,CADJPY_merged,71.42713073391249
2023-01-18 01:00:00,2023-01-18 06:00:00,-1.1,14.999999999999998,0.2658809950322458,3798.2999290320836,1,0.87757,0.8741043574109603,0.8827684638835595,0.87687,0.88767,32.20552980735171,0.0012028916749366242,EURGBP_merged,-16.765880995032244
2023-01-18 06:00:00,2023-01-18 06:00:00,-1.1,15.0,0.32666325013793845,4666.617859113407,-1,1.64933,1.6546314733039873,1.641377790044019,1.61019,1.64347,72.05188950092084,0.003077374171121602,GBPCAD_merged,-16.826663250137937
2023-01-17 18:00:00,2023-01-18 06:00:00,-1.1,15.0,0.2657273416494341,3796.104880706202,1,0.87807,0.8746003777387864,0.881886584487335,0.87687,0.88767,33.658619941453736,0.0013365739827365,EURGBP_merged,-16.765727341649434
2023-01-18 01:00:00,2023-01-18 06:00:00,-1.1,90.00000000000001,1.6543706357561965,23633.866225088525,1,0.87757,0.8742281303605688,0.8819144305312604,0.87687,0.88767,34.514180270383086,0.0012028916749366242,EURGBP_merged,-100.65437063575622
2023-01-18 11:00:00,2023-01-18 19:00:00,1.2,15.0,0.23518730592265505,3359.8186560379295,-1,0.9398,0.9439957621655163,0.9347650854013804,0.90421,0.933,57.506354400323104,0.0020188404133235655,AUDCAD_merged,17.764812694077346
2023-01-18 11:00:00,2023-01-18 19:00:00,1.4,15.0,0.2743851902430975,3919.7884320442504,-1,0.9398,0.9433963675704425,0.9347650854013804,0.90421,0.933,57.5270706824414,0.0020188404133235655,AUDCAD_merged,20.7256148097569
2023-01-18 11:00:00,2023-01-18 19:00:00,1.5,15.0,0.25994386444082923,3713.4837777261323,-1,0.9398,0.9435961657688005,0.9341057513467992,0.90421,0.93447,57.347792932339296,0.0020188404133235655,AUDCAD_merged,22.240056135559172
2023-01-18 11:00:00,2023-01-18 19:00:00,1.4,15.0,0.2743851902430975,3919.7884320442504,-1,0.9398,0.9433963675704425,0.9347650854013804,0.90421,0.933,57.506354400323104,0.0020188404133235655,AUDCAD_merged,20.7256148097569
2023-01-19 14:00:00,2023-01-20 02:00:00,1.5,60.0,1.0069451984605804,14384.931406579723,-1,1.936,1.9440751167118437,1.9238873249322341,1.89363,1.93893,68.91946741031015,0.004170771325337251,GBPNZD_merged,88.99305480153942
2023-01-19 13:00:00,2023-01-20 02:00:00,1.4,60.0,1.0783808604722749,15405.440863889644,-1,1.93685,1.9443935036898163,1.926289094834257,1.89363,1.93893,66.43969376163874,0.00425006142728626,GBPNZD_merged,82.92161913952772
2023-01-19 14:00:00,2023-01-20 02:00:00,1.4,60.0,1.062886598375057,15184.094262500816,-1,1.936,1.9436501105691153,1.9252898452032385,1.89363,1.93893,67.450567694517,0.004170771325337251,GBPNZD_merged,82.93711340162494
2023-01-19 16:00:00,2023-01-20 02:00:00,1.2,60.0,0.9672436413731452,13817.766305330648,-1,1.93587,1.9442760040844076,1.9257827950987108,1.89363,1.93893,66.43489158489476,0.0038962262958265343,GBPNZD_merged,71.03275635862686
2023-01-20 14:00:00,2023-01-23 02:00:00,-1.1,60.0,1.5685024735512936,22407.17819358991,-1,0.99906,1.001735196291211,0.9950472055631832,0.98159,0.99237,66.37870739240813,0.0013667124731483423,EURCHF_merged,-67.56850247355129
2023-01-20 16:00:00,2023-01-23 04:00:00,-1.1,30.0,0.5503367969066896,7861.954241524137,-1,0.64135,0.643797292290049,0.6376790615649265,0.61588,0.63897,65.3004648273065,0.0012717593898735726,AUDCHF_merged,-33.55033679690669
2023-01-18 23:00:00,2023-01-23 05:00:00,1.5,60.0,0.9614114085170118,13734.44869310017,-1,1.66503,1.6723038121662057,1.6541192817506916,1.61019,1.64347,70.54600369,0.002537233626547803,GBPCAD_merged,89.03858859148299
2023-01-18 10:00:00,2023-01-23 06:00:00,1.3,60.0,0.8251318869096864,11787.598384424093,1,0.87524,0.8707849449253895,0.8810315715969937,0.87687,0.88767,33.615983585136014,0.0016878760838607855,EURGBP_merged,77.17486811309031
2023-01-23 04:00:00,2023-01-23 08:00:00,1.2,60.0,1.2898403903724114,18426.29129103445,-1,1.08996,1.0935091461068902,1.0857010246717318,1.04823,1.07361,64.05501664246384,0.0017636360336589429,EURUSD_merged,70.7101596096276
2023-01-23 05:00:00,2023-01-23 09:00:00,1.3,89.99999999999999,1.8796810519279148,26852.586456113073,1,1.33513,1.3306551349736313,1.3409473245342791,1.35182,1.36849,35.914217347612514,0.0016496890302326048,USDCAD_merged,115.12031894807207
2023-01-20 10:00:00,2023-01-23 11:00:00,-1.1,59.99999999999999,0.9564838735015433,13664.055335736333,-1,160.965,161.67181066218615,159.90478400672077,155.342,161.225,64.54324555725911,0.38321949655714094,GBPJPY_merged,-66.95648387350154
2023-01-18 09:00:00,2023-01-24 04:00:00,1.2,60.0,0.7656187997619786,10937.411425171123,1,0.87593,0.8711248593723877,0.8816961687531346,0.87687,0.88767,35.02086555035556,0.0016500203980039175,EURGBP_merged,71.23438120023802
2023-01-18 10:00:00,2023-01-24 05:00:00,1.5,15.0,0.19891572273715658,2841.6531819593797,1,0.87524,0.8706199428855891,0.8821700856716165,0.87687,0.88767,31.96686338674224,0.0016878760838607855,EURGBP_merged,22.301084277262845
2023-01-23 14:00:00,2023-01-24 19:00:00,-1.1,60.0,0.5771104407430302,8244.434867757574,-1,0.64826,0.6529778006284109,0.6411832990573835,0.61588,0.64414,70.05650282247294,0.001633148167585268,AUDCHF_merged,-66.57711044074303
2023-01-23 20:00:00,2023-01-24 19:00:00,-1.1,60.0,0.674293076744561,9632.758239208015,-1,91.702,92.27318842426719,90.84521736359922,87.409,91.817,73.51644268397466,0.20113901825187375,AUDJPY_merged,-66.67429307674456
2023-01-23 12:00:00,2023-01-24 19:00:00,-1.1,15.0,0.261943940584633,3742.0562940661857,-1,0.93994,0.9437077412876864,0.9342883880684704,0.90421,0.93447,66.56947544032077,0.0018935201781926118,AUDCAD_merged,-16.761943940584633
2023-01-24 12:00:00,2023-01-24 19:00:00,-1.1,15.0,0.18988505160384384,2712.6435943406264,1,1.74988,1.7402037564806667,1.760523867871267,1.74722,1.82746,33.750388681042104,0.0037697475928952914,GBPAUD_merged,-16.689885051603845
2023-01-25 03:00:00,2023-01-25 10:00:00,1.5,30.0,0.33963914322875105,4851.98776041073,-1,0.6558,0.6598548329821703,0.6497177505267446,0.61588,0.64967,71.7783882610048,0.0014318578767401563,AUDCHF_merged,44.66036085677125
2023-01-25 03:00:00,2023-01-25 10:00:00,1.5,59.99999999999999,0.6125923354171801,8751.319077388287,-1,92.553,93.1875534828399,91.60116977574015,87.409,91.817,65.4616074737243,0.2246529407377219,AUDJPY_merged,89.38740766458281
2023-01-23 12:00:00,2023-01-25 10:00:00,1.5,60.0,0.547631759276274,7823.310846803916,-1,84.634,85.28309091552646,83.66036362671032,81.034,84.672,71.23003750833321,0.22197402810826275,NZDJPY_merged,89.45236824072373
2023-01-25 07:00:00,2023-01-25 10:00:00,1.2,60.0,0.7486762806081337,10695.375437259054,1,1.73708,1.7273351527422856,1.7487738167092572,1.74722,1.82746,37.77174868802746,0.00357884271798738,GBPAUD_merged,71.25132371939186
2023-01-25 03:00:00,2023-01-25 22:00:00,-1.1,60.0,0.8401223114644908,12001.747306635583,-1,0.94882,0.953563409317452,0.941704886023822,0.90421,0.93447,72.86277766716228,0.0016916408450733762,AUDCAD_merged,-66.8401223114645
2023-01-22 22:00:00,2023-01-26 09:00:00,-1.1,60.0,1.1574542285171507,16535.060407387868,1,1.33769,1.3328359868895225,1.3449710196657165,1.35182,1.36849,32.24776849764027,0.001689749245821658,USDCAD_merged,-67.15745422851715
2023-01-25 05:00:00,2023-01-26 21:00:00,-1.1,90.0,1.280148672395011,18287.83817707159,1,1.53436,1.5268089489319119,1.5441763663885146,1.53848,1.59778,34.4336911895777,0.0027919223250038754,EURAUD_merged,-100.28014867239503
2023-01-25 05:00:00,2023-01-27 08:00:00,-1.1,30.0,0.4114763589841108,5878.233699773012,1,1.53436,1.5265292803738344,1.5461060794392483,1.53848,1.59778,31.925629622143283,0.0027919223250038754,EURAUD_merged,-33.41147635898411
2023-01-25 05:00:00,2023-01-27 08:00:00,-1.1,90.0,1.1918625570574242,17026.607957963202,1,1.53436,1.5262496118157571,1.5440924658210913,1.53848,1.59778,33.44004299490309,0.0027919223250038754,EURAUD_merged,-100.19186255705743
2023-01-25 09:00:00,2023-01-30 22:00:00,1.3,90.00000000000001,1.1361726831124943,16231.03833017849,1,1.74265,1.7329871246614341,1.7552117379401357,1.77029,1.82746,44.433143043719,0.003761782523845427,GBPAUD_merged,115.86382731688754
2023-01-25 09:00:00,2023-01-31 02:00:00,1.5,60.00000000000001,0.7574484554083295,10820.692220118994,1,1.74265,1.7329871246614341,1.757144313007849,1.77029,1.82746,44.433143043719,0.003761782523845427,GBPAUD_merged,89.24255154459169
2023-01-31 08:00:00,2023-01-31 10:00:00,1.5,15.0,0.45113109836619786,6444.72997665997,-1,1.45616,1.4595491877672304,1.4510762183491541,1.42344,1.45199,56.72780478408921,0.0019499413899998974,EURCAD_merged,22.048868901633803
2023-02-02 01:00:00,2023-02-02 07:00:00,-1.1,15.0,0.2086882992180014,2981.26141740002,1,1.89695,1.8874056340366772,1.911266548944984,1.89363,1.94035,33.18107985660753,0.003261651977632548,GBPNZD_merged,-16.708688299218
2023-02-01 21:00:00,2023-02-02 09:00:00,1.2,90.0,1.15310704334466,16472.95776206657,-1,0.71417,0.7180718675898029,0.7094877588922365,0.66286,0.68927,65.29245626624594,0.0018067441723618378,AUDUSD_merged,106.84689295665534
2023-02-01 20:00:00,2023-02-02 09:00:00,1.5,29.999999999999996,0.4217775406689171,6025.3934381273875,-1,0.71456,0.7181177427798079,0.709223385830288,0.66874,0.68927,69.28017605503094,0.0018580321856204382,AUDUSD_merged,44.57822245933107
2023-02-02 02:00:00,2023-02-02 09:00:00,1.5,15.0,0.24514275312185918,3502.039330312274,-1,1.10048,1.1051935964057056,1.0934096053914413,1.04823,1.07361,66.22515249320432,0.0017303253386268974,EURUSD_merged,22.254857246878142
2023-02-01 23:00:00,2023-02-02 10:00:00,1.5,29.999999999999996,0.42135092465715,6019.298923673572,-1,0.65302,0.6562746315191212,0.6481380527213183,0.61908,0.65299,68.86006014521503,0.0016491808176156172,NZDUSD_merged,44.578649075342845
2023-02-02 03:00:00,2023-02-02 10:00:00,1.3,90.0,1.393450375339966,19906.43393342809,1,0.90785,0.9037454727766286,0.9131858853903829,0.9085,0.94086,35.57865829872613,0.0015994670344928064,USDCHF_merged,115.60654962466003
2023-02-02 02:00:00,2023-02-02 10:00:00,1.2,90.0,1.2762859555135475,18232.656507336393,1,0.90758,0.9031000055478953,0.9129559933425259,0.9085,0.94086,32.735460390704276,0.0015201952679153368,USDCHF_merged,106.72371404448646
2023-02-02 03:00:00,2023-02-02 19:00:00,1.5,90.0,1.393450375339966,19906.43393342809,1,0.90785,0.9037454727766286,0.9140067908350572,0.9085,0.94086,35.57865829872613,0.0015994670344928064,USDCHF_merged,133.60654962466003
2023-02-03 05:00:00,2023-02-03 09:00:00,-1.1,90.0,2.11504192978197,30214.884711171,-1,0.89248,0.8951383983611992,0.889289921966561,0.87215,0.88964,59.54151390225039,0.0013133394114146152,EURGBP_merged,-101.11504192978198
2023-02-02 11:00:00,2023-02-06 01:00:00,1.5,30.0,0.3074030835576323,4391.47262225189,1,1.88801,1.8751122081037237,1.9073566878444146,1.89363,1.94035,32.03937726865853,0.004467328945193721,GBPNZD_merged,44.69259691644237
2023-02-02 10:00:00,2023-02-06 01:00:00,1.3,90.0,1.0162122412846508,14517.317732637868,1,1.89213,1.8803997545692515,1.9073793190599733,1.8904,1.94035,34.6074969915685,0.004606354248670135,GBPNZD_merged,115.98378775871535
2023-02-02 10:00:00,2023-02-06 01:00:00,1.2,90.0,0.9461286384374334,13516.123406249048,1,1.89213,1.8795308475003072,1.9072489829996315,1.8904,1.94035,33.58340898455482,0.004606354248670135,GBPNZD_merged,107.05387136156257
2023-02-02 10:00:00,2023-02-06 04:00:00,1.5,90.0,1.0162122412846508,14517.317732637868,1,1.89213,1.8803997545692515,1.9097253681461228,1.89363,1.94035,34.6074969915685,0.004606354248670135,GBPNZD_merged,133.98378775871535
2023-02-03 15:00:00,2023-02-06 09:00:00,1.2,90.0,1.8250008472720574,26071.440675315105,-1,0.89619,0.8992836955500264,0.8924775653399684,0.87215,0.88964,63.52549206627349,0.0014151034745014757,EURGBP_merged,106.17499915272795
2023-02-03 12:00:00,2023-02-06 09:00:00,1.4,59.99999999999999,1.2897718490684555,18425.312129549366,-1,0.89667,0.8995899071159136,0.8925821300377209,0.87215,0.88964,66.63911421999234,0.0016063012899554152,EURGBP_merged,82.71022815093153
2023-02-03 12:00:00,2023-02-06 09:00:00,1.5,60.0,1.2218891201701159,17455.558859573084,-1,0.89667,0.8997521241779087,0.8920468137331368,0.87215,0.88964,67.28450739244515,0.0016063012899554152,EURGBP_merged,88.77811087982988
2023-02-03 12:00:00,2023-02-06 09:00:00,1.4,59.99999999999999,1.2897718490684555,18425.312129549366,-1,0.89667,0.8995899071159136,0.8925821300377209,0.87215,0.88964,66.47241731759819,0.0016063012899554152,EURGBP_merged,82.71022815093153
2023-02-05 20:00:00,2023-02-06 10:00:00,-1.1,15.0,0.1592008186167664,2274.297408810949,1,0.58556,0.5816979721201053,0.589808230667884,0.58352,0.60181,36.751119420340025,0.0014944674982465894,NZDCHF_merged,-16.659200818616767
2023-02-05 19:00:00,2023-02-07 12:00:00,1.5,60.0,0.7850280725527146,11214.686750753066,-1,1.70544,1.7145643208369712,1.6917535187445434,1.66633,1.7039,72.46748083554692,0.003283065583689417,EURNZD_merged,89.21497192744728
2023-01-25 04:00:00,2023-02-07 15:00:00,-1.1,60.0,0.8580029496946333,12257.184995637619,-1,1.09446,1.0998174780851697,1.0864237828722454,1.04696,1.09368,74.94361266514078,0.001884571813959364,AUDNZD_merged,-66.85800294969464
2023-02-06 06:00:00,2023-02-08 17:00:00,-1.1,60.0,0.6815184106717895,9735.97729531128,1,0.5832,0.5796059078057987,0.588591138291302,0.58352,0.60181,33.990592446252,0.0012576326154239408,NZDCHF_merged,-66.68151841067179
2023-02-06 06:00:00,2023-02-08 17:00:00,-1.1,89.99999999999999,1.0601397499338947,15144.85357048421,1,0.5832,0.5797342682413059,0.5877054512863025,0.58352,0.60181,35.435357569919155,0.0012576326154239408,NZDCHF_merged,-100.06013974993388
2023-02-06 06:00:00,2023-02-08 17:00:00,-1.1,89.99999999999999,1.0601397499338947,15144.85357048421,1,0.5832,0.5797342682413059,0.5883985976380414,0.58352,0.60181,35.435357569919155,0.0012576326154239408,NZDCHF_merged,-100.06013974993388
2023-02-07 06:00:00,2023-02-09 05:00:00,1.2,90.0,1.9138393339577466,27340.561913682097,1,1.43774,1.4330072296784344,1.4434193243858786,1.44404,1.46417,32.38718486652999,0.0016018476399101617,EURCAD_merged,106.08616066604225
2023-02-10 16:00:00,2023-02-13 09:00:00,1.2,90.00000000000001,1.1881377090971927,16973.395844245613,1,0.8417,0.837236956735403,0.8470556519175164,0.84298,0.87334,30.43950568745587,0.001503338976348829,NZDCAD_merged,106.81186229090282
2023-02-10 14:00:00,2023-02-13 09:00:00,1.3,90.0,1.2485287989733154,17836.12569961879,1,0.84252,0.8382686955812596,0.8480466957443626,0.84298,0.87334,30.74038096234643,0.001573517392688541,NZDCAD_merged,115.75147120102669
2023-02-12 19:00:00,2023-02-13 20:00:00,1.1,15.0,0.29279284343561335,4182.754906223048,1,1.42615,1.421035607576917,1.4317758316653912,1.44404,1.46409,31.302209233947835,0.0019896314714308114,EURCAD_merged,16.207207156564387
2023-02-10 14:00:00,2023-02-14 01:00:00,1.5,60.0,1.3744726852019806,19635.324074314012,1,1.42597,1.421612638762865,1.4325060418557025,1.44404,1.46417,21.57226658715196,0.002260251732434425,EURCAD_merged,88.62552731479802
2023-02-12 22:00:00,2023-02-14 03:00:00,1.2,90.0,1.6301556564129416,23287.937948756313,1,1.42619,1.4206782582441417,1.4328040901070302,1.44404,1.46409,31.95461398873141,0.001813414847934978,EURCAD_merged,106.36984434358706
2023-02-13 08:00:00,2023-02-14 08:00:00,-1.1,90.0,1.739461880003074,24849.455428615343,-1,143.745,144.26561704278245,142.96407443582632,140.235,143.914,70.4698214988975,0.2659369006079641,CHFJPY_merged,-100.73946188000309
2023-02-14 08:00:00,2023-02-14 08:00:00,-1.1,60.0,1.3810888934813454,19729.841335447793,-1,1.92304,1.9288881159598936,1.9142678260601598,1.88331,1.91997,64.61679084237369,0.0037095303563389713,GBPNZD_merged,-67.38108889348135
2023-02-13 13:00:00,2023-02-14 09:00:00,-1.1,60.0,1.1841391351510906,16916.273359301296,-1,142.093,142.596986889956,141.33701966506598,137.91,142.291,68.76100554959643,0.25830938230932765,EURJPY_merged,-67.18413913515109
2023-02-13 06:00:00,2023-02-14 12:00:00,-1.1,30.0,0.37178124641567983,5311.160663081141,-1,99.202,99.76234079719846,98.36148880420231,94.631,99.077,76.90522910810905,0.20468444805051014,CADJPY_merged,-33.37178124641568
2023-02-14 19:00:00,2023-02-15 10:00:00,-1.1,89.99999999999999,1.7710922692341753,25301.318131916792,-1,99.678,100.03256729776791,99.2525192426785,94.631,99.077,58.819695611346276,0.17742431533955283,CADJPY_merged,-100.77109226923416
2023-02-12 19:00:00,2023-02-15 19:00:00,-1.1,60.0,0.8545927869446018,12208.468384922884,1,0.84292,0.8387773673285291,0.8491339490072062,0.84298,0.87334,32.9699657318534,0.0014852608349265601,NZDCAD_merged,-66.85459278694461
2023-02-15 08:00:00,2023-02-15 21:00:00,1.2,89.99999999999999,1.888929042165922,26984.700602370314,-1,1.70519,1.7108771892803776,1.6983653728635468,1.66633,1.7039,61.31183930645036,0.002824029273636375,EURNZD_merged,106.11107095783406
2023-02-15 08:00:00,2023-02-15 21:00:00,1.4,90.0,2.203750549193576,31482.150702765368,-1,1.70519,1.710064733668895,1.6983653728635468,1.66633,1.7039,61.31183930645036,0.002824029273636375,EURNZD_merged,123.79624945080641
2023-02-15 08:00:00,2023-02-15 21:00:00,1.4,90.0,2.203750549193576,31482.150702765368,-1,1.70519,1.710064733668895,1.6983653728635468,1.66633,1.7039,61.754435130338756,0.002824029273636375,EURNZD_merged,123.79624945080641
2023-02-15 13:00:00,2023-02-16 08:00:00,-1.1,89.99999999999999,2.535149151692573,36216.416452751044,-1,0.88852,0.8907280262994636,0.8854287631807509,0.87215,0.88964,62.95370047880566,0.0011797754719455056,EURGBP_merged,-101.53514915169256
2023-02-15 11:00:00,2023-02-16 21:00:00,-1.1,30.0,0.32944098860963594,4706.299837280514,1,0.62655,0.6225560980706956,0.630943292122235,0.62696,0.65375,39.152627539622536,0.0015963064308845386,NZDUSD_merged,-33.32944098860963
2023-02-10 14:00:00,2023-02-17 01:00:00,-1.1,90.0,1.2485287989733154,17836.12569961879,1,0.84252,0.8382686955812596,0.8488969566281108,0.84298,0.87334,30.74038096234643,0.001573517392688541,NZDCAD_merged,-100.24852879897333
2023-02-15 11:00:00,2023-02-17 02:00:00,-1.1,90.0,2.5754792161404536,36792.56023057791,-1,0.88942,0.8915956518029281,0.8863740874759005,0.87215,0.88964,61.3639805567025,0.0012495029142089752,EURGBP_merged,-101.57547921614047
2023-02-17 03:00:00,2023-02-17 03:00:00,-1.1,89.99999999999999,2.2262284529286775,31803.263613266823,-1,0.92898,0.9316089188750152,0.9258252973499819,0.90591,0.92906,67.50270041807694,0.001356018550176771,USDCHF_merged,-101.22622845292867
2023-02-17 08:00:00,2023-02-17 10:00:00,1.2,90.0,1.7816043668193984,25451.49095456284,-1,134.852,135.32885536464906,134.27977356242116,128.08,134.773,59.89819677391885,0.2336401272257706,USDJPY_merged,106.2183956331806
2023-02-17 08:00:00,2023-02-17 10:00:00,1.4,90.0,2.078538427955965,29693.40611365664,-1,134.852,135.2607331696992,134.27977356242116,128.08,134.773,59.89819677391885,0.2336401272257706,USDJPY_merged,123.92146157204402
2023-02-17 08:00:00,2023-02-17 10:00:00,1.4,90.0,2.078538427955965,29693.40611365664,-1,134.852,135.2607331696992,134.27977356242116,128.08,134.773,59.73378257806773,0.2336401272257706,USDJPY_merged,123.92146157204402
2023-02-17 09:00:00,2023-02-17 10:00:00,1.2,89.99999999999999,1.9247383500447584,27496.26214349655,-1,0.93006,0.933104246507513,0.9264069041909845,0.90591,0.92906,62.04106123840404,0.0014889525373356595,USDCHF_merged,106.07526164995522
2023-02-17 08:00:00,2023-02-17 14:00:00,1.3,90.0,1.0622647261905298,15175.210374150429,1,0.68248,0.6784323987815926,0.6877418815839296,0.68549,0.71573,38.8794900414807,0.0015084607364893132,AUDUSD_merged,115.93773527380947
2023-02-17 08:00:00,2023-02-17 14:00:00,1.2,90.0,0.9890050899015279,14128.6441414504,1,0.68248,0.678132576469118,0.6876969082370584,0.68549,0.71573,38.436213528529706,0.0015084607364893132,AUDUSD_merged,107.01099491009847
2023-02-17 08:00:00,2023-02-19 21:00:00,1.5,90.0,1.0622647261905298,15175.210374150429,1,0.68248,0.6784323987815926,0.6885514018276111,0.68549,0.71573,38.8794900414807,0.0015084607364893132,AUDUSD_merged,133.93773527380947
2023-02-17 11:00:00,2023-02-20 02:00:00,1.2,90.0,1.5663651754728987,22376.645363898555,-1,0.92775,0.9314814574478045,0.9232722510626346,0.90591,0.92906,50.71036730497696,0.0017913927490292134,USDCHF_merged,106.4336348245271
2023-02-17 07:00:00,2023-02-20 08:00:00,1.2,59.99999999999999,1.3553225679708467,19361.750971012098,-1,1.71363,1.7189403564937868,1.7072575722074557,1.66633,1.71069,59.062825389683276,0.0026145453884092148,EURNZD_merged,70.64467743202914
2023-02-17 09:00:00,2023-02-20 21:00:00,1.3,90.0,1.0940987618262674,15629.98231180382,1,0.62124,0.6176627982550067,0.6258903622684914,0.62696,0.65375,35.63395729770857,0.001340254568383975,NZDUSD_merged,115.90590123817373
2023-02-17 09:00:00,2023-02-20 21:00:00,1.2,90.0,1.0186436748037662,14552.05249719666,1,0.62124,0.6173978203479701,0.6258506155824359,0.62696,0.65375,34.916040060180684,0.001340254568383975,NZDUSD_merged,106.98135632519623
2023-02-15 13:00:00,2023-02-21 03:00:00,-1.1,90.0,1.8219935107323333,26028.47872474762,-1,143.241,143.73629172013204,142.6466499358416,137.91,142.85,64.68157839898804,0.23643511434409156,EURJPY_merged,-100.82199351073234
2023-02-17 03:00:00,2023-02-24 07:00:00,-1.1,15.0,0.17454989228778564,2493.5698898255096,1,0.6217,0.6179601810207724,0.6273097284688415,0.62696,0.65375,26.620486862284046,0.0013923889471928591,NZDUSD_merged,-16.674549892287786
2023-02-24 14:00:00,2023-02-27 08:00:00,1.2,90.0,2.1382055707379397,30545.793867684857,-1,1.36213,1.3661433741663755,1.3573139510003494,1.32616,1.34749,61.786602826186076,0.0019596212300300253,USDCAD_merged,105.86179442926206
2023-02-26 21:00:00,2023-02-28 02:00:00,-1.1,90.0,1.5295162311454251,21850.231873506076,-1,136.154,136.7148114399398,135.4810262720722,128.08,134.773,66.19631097093814,0.2647635618781548,USDJPY_merged,-100.52951623114544
2023-02-26 21:00:00,2023-02-28 02:00:00,-1.1,90.0,1.7844356030029962,25491.93718575709,-1,136.154,136.63469551994842,135.4810262720722,128.08,134.773,66.6947270504338,0.2647635618781548,USDJPY_merged,-100.784435603003
2023-02-26 21:00:00,2023-02-28 02:00:00,-1.1,90.0,1.7844356030029962,25491.93718575709,-1,136.154,136.63469551994842,135.4810262720722,128.08,134.773,66.19631097093814,0.2647635618781548,USDJPY_merged,-100.784435603003
2023-02-26 20:00:00,2023-02-28 19:00:00,-1.1,30.0,0.39187229964042714,5598.17570914896,1,0.67313,0.6695227713153059,0.6770979515531635,0.68549,0.70294,35.02221482930985,0.0014148277971721109,AUDUSD_merged,-33.391872299640426
2023-03-01 20:00:00,2023-03-03 07:00:00,1.2,90.0,1.8008585649363194,25726.55092766171,1,1.08112,1.077337883995659,1.0856585392052092,1.088,1.09368,31.035917449929034,0.0012560223659219653,AUDNZD_merged,106.19914143506368
2023-03-01 22:00:00,2023-03-03 09:00:00,1.3,90.0,1.9955338331788268,28507.626188268958,1,1.08176,1.0783448296397242,1.0861997214683587,1.088,1.09368,37.39299009271172,0.0012545294889837772,AUDNZD_merged,115.00446616682117
2023-03-06 21:00:00,2023-03-06 22:00:00,-1.1,15.0,0.2623932499883053,3748.4749998329335,1,0.62698,0.6244710596974985,0.6297398343327516,0.63569,0.64435,34.78262925990908,0.0009976063980719732,AUDCHF_merged,-16.762393249988307
2023-03-07 04:00:00,2023-03-08 17:00:00,-1.1,89.99999999999999,1.8082238228727119,25831.768898181603,1,0.68297,0.6805904765441236,0.6860633804926392,0.6821,0.69276,39.67665521483197,0.0009076403419680508,CADCHF_merged,-100.80822382287269
2023-03-09 21:00:00,2023-03-10 04:00:00,-1.1,15.0,0.2381034554817813,3401.4779354540187,-1,1.95225,1.9608591253730538,1.9436408746269462,1.88331,1.94035,64.42252379119975,0.0030379242308597185,GBPNZD_merged,-16.73810345548178
2023-03-09 21:00:00,2023-03-10 04:00:00,-1.1,15.0,0.22222989178299585,3174.712739757084,-1,1.95225,1.9614740628997005,1.9421035308103294,1.88331,1.94035,65.18836340841692,0.0030379242308597185,GBPNZD_merged,-16.722229891782995
2023-03-09 21:00:00,2023-03-10 04:00:00,-1.1,14.999999999999998,0.28986507623869023,4140.929660552718,-1,1.95225,1.9593217815564372,1.9437638621322755,1.88331,1.94035,64.42252379119975,0.0030379242308597185,GBPNZD_merged,-16.78986507623869
2023-03-09 21:00:00,2023-03-10 04:00:00,-1.1,14.999999999999998,0.28986507623869023,4140.929660552718,-1,1.95225,1.9593217815564372,1.942349505820988,1.88331,1.94035,65.18836340841692,0.0030379242308597185,GBPNZD_merged,-16.78986507623869
2023-03-09 21:00:00,2023-03-10 04:00:00,-1.1,15.0,0.22989299149965084,3284.185592852155,-1,1.95225,1.9611665941363772,1.943333405863623,1.88331,1.94035,64.42252379119975,0.0030379242308597185,GBPNZD_merged,-16.72989299149965
2023-03-09 21:00:00,2023-03-10 04:00:00,-1.1,15.0,0.266675870139595,3809.6552877085,-1,1.95225,1.9599367190830839,1.9437946090086078,1.88331,1.94035,64.42252379119975,0.0030379242308597185,GBPNZD_merged,-16.766675870139593
2023-03-09 21:00:00,2023-03-10 04:00:00,-1.1,14.999999999999998,0.28986507623869023,4140.929660552718,-1,1.95225,1.9593217815564372,1.9416423276653445,1.88331,1.94035,66.03611797231757,0.0030379242308597185,GBPNZD_merged,-16.78986507623869
2023-03-09 21:00:00,2023-03-10 04:00:00,-1.1,15.000000000000002,0.303040761522267,4329.153736032386,-1,1.95225,1.9590143127931139,1.9434563933689522,1.88331,1.94035,65.18836340841692,0.0030379242308597185,GBPNZD_merged,-16.803040761522272
2023-03-10 01:00:00,2023-03-10 09:00:00,-1.1,15.0,0.1959164268021688,2798.8060971738405,1,0.6722,0.6685973924416624,0.6776039113375065,0.68337,0.69342,26.38323095220489,0.0011886642442473685,CADCHF_merged,-16.695916426802167
2023-03-10 00:00:00,2023-03-10 09:00:00,-1.1,15.0,0.19371045030002504,2767.292147143215,-1,1.60547,1.61417238800947,1.5924164179857947,1.52555,1.56508,61.839015707959284,0.0028300248600741135,EURAUD_merged,-16.693710450300024
2023-03-21 15:00:00,2023-03-22 02:00:00,1.0,15.0,0.1953020850465529,2790.029786379327,-1,1.61461,1.6232906062495231,1.605929393750477,1.53549,1.56508,63.21573634100282,0.003006629623566334,EURAUD_merged,14.804697914953447
2023-03-21 15:00:00,2023-03-22 11:00:00,-1.1,15.000000000000002,0.281574848540478,4022.4978362925426,-1,1.47695,1.4824575853118218,1.470891656156996,1.42373,1.46417,65.34187868043611,0.002139245972962414,EURCAD_merged,-16.781574848540483
2023-03-21 15:00:00,2023-03-22 11:00:00,-1.1,15.0,0.30605961797878045,4372.280256839721,-1,1.47695,1.4820169784868762,1.4708696258157488,1.42373,1.46417,65.34187868043611,0.002139245972962414,EURCAD_merged,-16.806059617978782
2023-03-21 15:00:00,2023-03-22 13:00:00,-1.1,30.000000000000004,0.5028122295365679,7183.031850522399,-1,1.47695,1.4831184955492405,1.4707815044507595,1.42373,1.46417,65.34187868043611,0.002139245972962414,EURCAD_merged,-33.50281222953657
2023-03-21 15:00:00,2023-03-22 14:00:00,-1.1,15.0,0.18856753038977514,2693.8218627110737,-1,1.61461,1.6236006279012918,1.6056193720987084,1.53549,1.56508,63.21573634100282,0.003006629623566334,EURAUD_merged,-16.688567530389776
2023-04-05 05:00:00,2023-04-10 21:00:00,1.5,14.999999999999998,0.1872849566357388,2675.4993805105546,1,1.06037,1.0544251098176802,1.0692873352734797,1.06604,1.1087,29.471928736483935,0.001957227913575209,AUDNZD_merged,22.312715043364257
2023-04-12 01:00:00,2023-04-12 08:00:00,1.0,30.0,0.49123799745954516,7017.685677993503,-1,166.355,167.06615325322278,165.6438467467772,158.254,165.906,67.76857293829332,0.2529844972422496,GBPJPY_merged,29.508762002540454
2023-04-12 01:00:00,2023-04-12 08:00:00,1.0,30.0,0.5775157535792722,8250.22505113246,-1,2.00469,2.0119795829661937,1.9974004170338064,1.88331,1.94035,66.58996804588627,0.0026274637387887338,GBPNZD_merged,29.422484246420726
2023-04-12 01:00:00,2023-04-12 10:00:00,-1.1,15.0,0.3304213937005379,4720.305624293399,-1,1.76109,1.7666863219550968,1.7526955170673548,1.69693,1.71069,68.4200723238062,0.0025065274973993415,EURNZD_merged,-16.830421393700536
2023-04-12 01:00:00,2023-04-12 10:00:00,-1.1,15.0,0.3039876822044949,4342.6811743499275,-1,1.76109,1.7671729586468443,1.7543987454884713,1.69693,1.7039,67.26991362254014,0.0025065274973993415,EURNZD_merged,-16.803987682204493
2023-04-12 01:00:00,2023-04-12 10:00:00,-1.1,15.0,0.3304213937005379,4720.305624293399,-1,1.76109,1.7666863219550968,1.754374413653884,1.69693,1.7039,67.26991362254014,0.0025065274973993415,EURNZD_merged,-16.830421393700536
2023-04-12 01:00:00,2023-04-12 10:00:00,-1.1,29.999999999999996,0.5428351467937409,7754.787811339156,-1,1.76109,1.7679029136844657,1.7542770863155344,1.69693,1.71069,67.26991362254014,0.0025065274973993415,EURNZD_merged,-33.54283514679374
2023-04-11 20:00:00,2023-04-12 14:00:00,-1.1291374741306888,60.0,0.76987873485146,10998.267640735143,1,0.55928,0.5562289013091741,0.5638566480362389,0.5621,0.58219,27.24833036118681,0.0009965305471604183,NZDCHF_merged,-68.51812718269278
2023-04-12 01:00:00,2023-04-12 20:00:00,-1.1,15.000000000000002,0.351531328265644,5021.876118080629,-1,2.00469,2.0106778717222307,1.9963069795888773,1.91794,1.94035,67.06428415405276,0.0026274637387887338,GBPNZD_merged,-16.851531328265647
2023-04-12 18:00:00,2023-04-13 04:00:00,-1.1,60.0,0.8619462534555367,12313.517906507668,1,0.89576,0.8913952359733366,0.9023071460399951,0.90708,0.94393,27.1072163525584,0.0013831412463481845,USDCHF_merged,-66.86194625345554
2023-04-12 16:00:00,2023-04-13 05:00:00,-1.1,15.0,0.31445929574971365,4492.275653567338,-1,1.09884,1.1025090980854906,1.0937032626803131,1.05158,1.08044,67.42570553028342,0.0015170271773719817,EURUSD_merged,-16.814459295749714
2023-04-11 20:00:00,2023-04-13 08:00:00,1.5,60.0,0.9028040534717554,12897.200763882222,1,0.83378,0.829901111788839,0.8395983323167415,0.83415,0.86133,28.299277819047866,0.0012713225415498669,NZDCAD_merged,89.09719594652825
2023-04-12 17:00:00,2023-04-13 10:00:00,1.5,59.99999999999999,0.7157286478253896,10224.694968934138,1,0.55508,0.5518227096748421,0.5599659354877369,0.5621,0.58219,26.81274803318789,0.0011389231958822124,NZDCHF_merged,89.2842713521746
2023-04-12 17:00:00,2023-04-14 11:00:00,-1.1,14.999999999999998,0.2436417056695818,3480.5957952797403,-1,146.283,146.91342224063354,145.33736663904963,138.821,145.567,63.24879089797278,0.27073258162224484,EURJPY_merged,-16.74364170566958
2023-04-12 17:00:00,2023-04-14 11:00:00,-1.1,15.0,0.22415036921601525,3202.148131657361,-1,146.283,146.96824156590603,145.52923427750335,138.821,145.567,63.07795332352551,0.27073258162224484,EURJPY_merged,-16.724150369216016
2023-04-12 17:00:00,2023-04-14 11:00:00,-1.1049541620054208,15.0,0.2547163286545628,3638.8046950651833,-1,146.283,146.8860125779973,145.4990836486035,138.821,145.567,63.1969590114103,0.27073258162224484,EURJPY_merged,-16.829028758735877
2023-04-12 17:00:00,2023-04-14 11:00:00,-1.1,14.999999999999998,0.2436417056695818,3480.5957952797403,-1,146.283,146.91342224063354,145.5264933112397,138.821,145.567,63.07795332352551,0.27073258162224484,EURJPY_merged,-16.74364170566958
2023-04-12 17:00:00,2023-04-14 15:00:00,-1.1869562257538644,15.0,0.19323307691035796,2760.472527290828,-1,146.283,147.077880216451,145.48811978354897,138.821,145.567,63.07795332352551,0.27073258162224484,EURJPY_merged,-17.997576463218323
2023-04-12 17:00:00,2023-04-14 15:00:00,-1.1507243515620689,15.0,0.18679197434667938,2668.456776381134,-1,146.283,147.10528987908725,145.0495651813691,138.821,145.567,63.07795332352551,0.27073258162224484,EURJPY_merged,-17.447657247777713
2023-04-12 17:00:00,2023-04-14 15:00:00,-1.1507243515620689,15.0,0.18679197434667938,2668.456776381134,-1,146.283,147.10528987908725,145.37848113300402,138.821,145.567,63.1969590114103,0.27073258162224484,EURJPY_merged,-17.447657247777713
2023-04-12 17:00:00,2023-04-14 15:00:00,-1.2257760909593596,30.0,0.40026851645717015,5718.12166367386,-1,146.283,147.05047055381476,145.5155294461852,138.821,145.567,63.07795332352551,0.27073258162224484,EURJPY_merged,-37.17355124523795
2023-04-13 17:00:00,2023-04-17 10:00:00,1.5,60.0,0.769836127437035,10997.658963386215,1,0.88928,0.8844283492825484,0.8965574760761773,0.90708,0.94393,28.769980855198416,0.001549558555401661,USDCHF_merged,89.23016387256297
2023-04-17 05:00:00,2023-04-20 05:00:00,-1.1,30.0,0.42129132302187255,6018.447471741037,-1,149.68,150.4261060383237,148.93389396167632,140.222,147.606,61.522897158595526,0.26636169638286117,CHFJPY_merged,-33.421291323021876
2023-04-24 23:00:00,2023-04-25 07:00:00,1.1,15.0,0.3475518807483392,4965.026867833418,-1,1.10539,1.1087295287561125,1.1017165183682764,1.05158,1.10327,65.89241361007356,0.0012789678236988624,EURUSD_merged,16.152448119251662
2023-04-24 23:00:00,2023-04-25 07:00:00,1.0,15.0,0.29961369030029233,4280.195575718462,-1,1.10539,1.1092638533570904,1.1015161466429098,1.05158,1.10327,65.89241361007356,0.0012789678236988624,EURUSD_merged,14.700386309699708
2023-04-24 23:00:00,2023-04-25 07:00:00,1.3,15.0,0.3949453190322036,5642.075986174337,-1,1.10539,1.108328785305379,1.1015695791030076,1.05158,1.10327,66.70018023272016,0.0012789678236988624,EURUSD_merged,19.105054680967797
2023-04-24 23:00:00,2023-04-25 07:00:00,1.2,15.0,0.3777737834221078,5396.768334601541,-1,1.10539,1.1084623664556235,1.101703160253252,1.05158,1.10327,65.89241361007356,0.0012789678236988624,EURUSD_merged,17.622226216577893
2023-04-24 23:00:00,2023-04-25 07:00:00,1.0,15.0,0.3103141792395886,4433.059703422695,-1,1.10539,1.109130272206846,1.1016497277931543,1.05158,1.10327,65.89241361007356,0.0012789678236988624,EURUSD_merged,14.689685820760412
2023-04-24 23:00:00,2023-04-25 09:00:00,1.5,15.0,0.3777737834221078,5396.768334601541,-1,1.10539,1.1084623664556235,1.1007814503165652,1.05158,1.10327,67.5713769460897,0.0012789678236988624,EURUSD_merged,22.122226216577893
2023-04-24 23:00:00,2023-04-25 09:00:00,1.4,15.0,0.3777737834221078,5396.768334601541,-1,1.10539,1.1084623664556235,1.1010886869621275,1.05158,1.08044,66.70018023272016,0.0012789678236988624,EURUSD_merged,20.622226216577893
2023-04-24 23:00:00,2023-04-25 09:00:00,1.1,15.0,0.2896265672902826,4137.52238986118,-1,1.10539,1.109397434507335,1.1009818220419318,1.05158,1.10327,66.70018023272016,0.0012789678236988624,EURUSD_merged,16.210373432709716
2023-04-24 22:00:00,2023-04-25 11:00:00,1.5,15.0,0.2765462677879954,3950.660968399935,-1,1.10566,1.1098580063925145,1.0993629904112285,1.05158,1.10327,66.32306748870256,0.0013358115024449297,EURUSD_merged,22.223453732212004
2023-04-24 18:00:00,2023-04-26 03:00:00,-1.1,60.0,1.1693833940387617,16705.477057696597,-1,1.49558,1.5009515796136845,1.4875226305794729,1.45785,1.49377,79.12937685976924,0.001713346070902397,EURCAD_merged,-67.16938339403876
2023-04-25 13:00:00,2023-04-26 04:00:00,-1.1,30.000000000000004,0.39993607996964087,5713.37257099487,1,0.59108,0.5879763340339431,0.5957354989490855,0.60271,0.62007,30.818199751136614,0.0010820870847319116,AUDCHF_merged,-33.39993607996965
2023-04-21 11:00:00,2023-04-26 05:00:00,-1.1,90.0,1.0931147426332328,15615.924894760472,1,0.54822,0.5450604176933155,0.5529593734600269,0.5621,0.5775,34.529619390838754,0.0010665373806404736,NZDCHF_merged,-100.09311474263325
2023-04-26 13:00:00,2023-04-27 07:00:00,1.1,30.0,0.4693723635497938,6705.319479282769,-1,1.80282,1.8108859244003368,1.7939474831596296,1.69693,1.7039,66.00526483139005,0.003138771920125068,EURNZD_merged,32.530627636450205
2023-04-26 09:00:00,2023-04-27 07:00:00,1.3,30.0,0.5993285091977814,8561.835845682592,-1,1.80335,1.8096687966897638,1.7951355643033071,1.69693,1.7039,70.80159206566299,0.0031491674339912063,EURNZD_merged,38.40067149080222
2023-04-26 09:00:00,2023-04-27 07:00:00,1.4,30.0,0.5732707479283127,8189.58211326161,-1,1.80335,1.8099560147211167,1.7941015793904367,1.7167,1.71069,70.80159206566299,0.0031491674339912063,EURNZD_merged,41.42672925207169
2023-04-26 13:00:00,2023-04-27 07:00:00,1.2,30.0,0.5101873516845585,7288.390738350837,-1,1.80282,1.81024065044831,1.7939152194620283,1.69693,1.7039,66.00526483139005,0.003138771920125068,EURNZD_merged,35.48981264831544
2023-04-26 09:00:00,2023-04-27 07:00:00,1.1,30.0,0.4395075734117064,6278.679620167234,-1,1.80335,1.811966540940587,1.7938718049653544,1.69693,1.7039,70.80159206566299,0.0031491674339912063,EURNZD_merged,32.5604924265883
2023-04-26 13:00:00,2023-04-27 07:00:00,1.0,30.0,0.4190824674551731,5986.892392216759,-1,1.80282,1.8118538353283773,1.7937861646716229,1.69693,1.71069,66.00526483139005,0.003138771920125068,EURNZD_merged,29.580917532544827
2023-04-26 09:00:00,2023-04-27 17:00:00,1.5,30.0,0.5732707479283127,8189.58211326161,-1,1.80335,1.8099560147211167,1.793440977918325,1.7167,1.71069,71.62960386750015,0.0031491674339912063,EURNZD_merged,44.42672925207169
2023-04-26 13:00:00,2023-04-27 17:00:00,1.0,30.0,0.40463134788775323,5780.447826967904,-1,1.80282,1.8121764723043907,1.7934635276956095,1.7167,1.71069,66.00526483139005,0.003138771920125068,EURNZD_merged,29.595368652112246
2023-04-26 09:00:00,2023-04-27 22:00:00,1.5,30.0,0.4395075734117064,6278.679620167234,-1,1.80335,1.811966540940587,1.7904251885891196,1.69693,1.7039,70.07307105243964,0.0031491674339912063,EURNZD_merged,44.5604924265883
2023-04-28 05:00:00,2023-04-28 10:00:00,-1.2422628401680824,60.0,1.2553734035518231,17933.905765026047,-1,1.89189,1.8982195414555691,1.8830286419622035,1.7221,1.87007,65.15314056237152,0.0027468335069067346,GBPAUD_merged,-75.79114381363678
2023-04-28 05:00:00,2023-04-28 10:00:00,-1.2941838783575406,59.99999999999999,1.312435830985997,18749.083299799957,-1,1.89189,1.8979443440009791,1.8840193527987272,1.7221,1.79602,65.15314056237152,0.0027468335069067346,GBPAUD_merged,-78.96346853243841
2023-04-28 05:00:00,2023-04-28 10:00:00,-1.1508818129546357,30.0,0.5774717656338386,8249.596651911981,-1,1.89189,1.898769936364749,1.8843220699987764,1.7221,1.79602,64.99633896490168,0.0027468335069067346,GBPAUD_merged,-35.103926154272905
2023-04-28 05:00:00,2023-04-28 10:00:00,-1.1,30.0,0.4978204876153781,7111.72125164826,-1,1.89189,1.8998707261831087,1.8839092738168914,1.7221,1.79602,64.99633896490168,0.0027468335069067346,GBPAUD_merged,-33.49782048761538
2023-04-30 20:00:00,2023-05-01 10:00:00,-1.1,60.0,0.5967165821715431,8524.522602450617,-1,100.586,101.29397630336096,99.52403554495855,94.064,100.838,71.45213073211795,0.31397179949355863,CADJPY_merged,-66.59671658217154
2023-05-01 05:00:00,2023-05-01 10:00:00,-1.1,30.0,0.36292080141793026,5184.582877399004,-1,100.81,101.39332561587234,100.16834182254043,94.064,100.838,65.45620899169909,0.22716380018115687,CADJPY_merged,-33.36292080141793
2023-04-30 20:00:00,2023-05-01 10:00:00,-1.1,30.0,0.3119200315896703,4456.000451281005,-1,100.586,101.26319472495396,99.70564685755984,94.064,100.838,70.50709318864074,0.31397179949355863,CADJPY_merged,-33.31192003158967
2023-05-01 05:00:00,2023-05-01 10:00:00,-1.1,30.0,0.39447913197601125,5635.416171085875,-1,100.81,101.34665956660257,100.05867660675642,94.064,100.838,65.90620491631555,0.22716380018115687,CADJPY_merged,-33.39447913197601
2023-05-01 05:00:00,2023-05-01 10:00:00,-1.1,30.0,0.39447913197601125,5635.416171085875,-1,100.81,101.34665956660257,100.16600852007693,94.064,100.838,65.45620899169909,0.22716380018115687,CADJPY_merged,-33.39447913197601
2023-05-01 05:00:00,2023-05-02 01:00:00,-1.1,30.0,0.38746443895338445,5535.2062707626355,-1,171.215,172.14295999800967,169.91585600278646,158.254,165.906,67.23948951438678,0.3869993780784379,GBPJPY_merged,-33.38746443895339
2023-05-01 05:00:00,2023-05-02 01:00:00,-1.1,30.0,0.38746443895338445,5535.2062707626355,-1,171.215,172.14295999800967,170.1014480023884,158.254,165.906,67.00607387642087,0.3869993780784379,GBPJPY_merged,-33.38746443895339
2023-05-01 05:00:00,2023-05-02 01:00:00,-1.1,30.0,0.40507645890581095,5786.8065557973,-1,171.215,172.10261391113968,170.0611019155184,158.254,165.906,67.23948951438678,0.3869993780784379,GBPJPY_merged,-33.40507645890581
2023-05-01 05:00:00,2023-05-02 01:00:00,-1.1,30.0,0.3564672838371136,5092.389769101624,-1,171.215,172.22365217174965,170.1054826110754,158.254,165.906,67.00607387642087,0.3869993780784379,GBPJPY_merged,-33.35646728383711
2023-05-01 05:00:00,2023-05-02 01:00:00,-1.1,30.0,0.38746443895338445,5535.2062707626355,-1,171.215,172.14295999800967,169.8230600029855,158.254,165.906,67.42947042962125,0.3869993780784379,GBPJPY_merged,-33.38746443895339
2023-05-01 05:00:00,2023-05-02 10:00:00,1.0,30.0,0.3072993826182014,4389.99118026002,-1,171.215,172.38503651922957,170.04496348077043,158.254,165.906,67.00607387642087,0.3869993780784379,GBPJPY_merged,29.6927006173818
2023-05-01 05:00:00,2023-05-02 10:00:00,1.0,30.0,0.31827436056885144,4546.776579555021,-1,171.215,172.3446904323596,170.0853095676404,158.254,165.906,67.00607387642087,0.3869993780784379,GBPJPY_merged,29.68172563943115
2023-05-01 05:00:00,2023-05-02 21:00:00,1.1,30.0,0.2970560698642613,4243.658140918019,-1,171.215,172.42538260609956,169.88357913329048,158.254,165.906,67.23948951438678,0.3869993780784379,GBPJPY_merged,32.70294393013574
2023-05-01 05:00:00,2023-05-03 08:00:00,1.5,60.0,0.5941121397285226,8487.316281836038,-1,171.215,172.42538260609956,169.39942609085065,158.254,165.906,67.00607387642087,0.3869993780784379,GBPJPY_merged,89.40588786027148
2023-05-04 00:00:00,2023-05-04 09:00:00,1.5,15.0,0.24147650312453145,3449.6643303504497,1,0.88299,0.8791505394810532,0.8887491907784204,0.88595,0.94393,28.78668959228325,0.0012269758749121396,USDCHF_merged,22.25852349687547
2023-05-03 22:00:00,2023-05-04 11:00:00,1.1,30.0,0.6316944042679153,9024.205775255934,-1,1.71191,1.717601060385704,1.7056498335757257,1.65373,1.68651,64.35026157318633,0.002232393857547188,GBPCAD_merged,32.36830559573208
2023-05-03 22:00:00,2023-05-04 13:00:00,1.2,30.0,0.6866243524651253,9808.919320930363,-1,1.71191,1.7171457755548476,1.7056270693341828,1.60713,1.68651,64.35026157318633,0.002232393857547188,GBPCAD_merged,35.313375647534876
2023-05-03 22:00:00,2023-05-04 13:00:00,1.0,30.000000000000004,0.5640128609534958,8057.326585049941,-1,1.71191,1.7182839876319884,1.7055360123680117,1.65373,1.68651,64.35026157318633,0.002232393857547188,GBPCAD_merged,29.435987139046507
2023-05-03 22:00:00,2023-05-04 13:00:00,1.4,30.0,0.6866243524651253,9808.919320930363,-1,1.71191,1.7171457755548476,1.7045799142232134,1.65373,1.68651,64.90822299836415,0.002232393857547188,GBPCAD_merged,41.313375647534876
2023-05-03 22:00:00,2023-05-04 13:00:00,1.1,30.0,0.526412003556596,7520.171479379944,-1,1.71191,1.7187392724628447,1.7043978002908708,1.65373,1.68651,64.90822299836415,0.002232393857547188,GBPCAD_merged,32.473587996443406
2023-05-03 22:00:00,2023-05-04 13:00:00,1.0,30.0,0.5445641416102717,7779.487737289596,-1,1.71191,1.7185116300474166,1.7053083699525835,1.65373,1.68651,64.35026157318633,0.002232393857547188,GBPCAD_merged,29.455435858389727
2023-05-03 22:00:00,2023-05-04 13:00:00,1.3,30.0,0.717834550304449,10254.779290063558,-1,1.71191,1.7169181331394194,1.7053994269187547,1.60713,1.68651,64.90822299836415,0.002232393857547188,GBPCAD_merged,38.282165449695555
2023-05-03 22:00:00,2023-05-04 13:00:00,1.5,30.0,0.6866243524651253,9808.919320930363,-1,1.71191,1.7171457755548476,1.7040563366677286,1.65373,1.68651,65.52679514587757,0.002232393857547188,GBPCAD_merged,44.313375647534876
2023-05-03 22:00:00,2023-05-04 17:00:00,1.5,60.0,1.052824007113192,15040.342958759888,-1,1.71191,1.7187392724628447,1.7016660913057329,1.65373,1.68651,64.35026157318633,0.002232393857547188,GBPCAD_merged,88.94717599288681
2023-05-08 15:00:00,2023-05-08 17:00:00,0.12779820757981517,30.0,0.45812953476339896,6544.707639477128,1,1.62169,1.6142564059145221,1.6328403911282172,1.62236,1.67615,28.223370977519416,0.0024658743597908185,EURAUD_merged,3.375816692631056
2023-05-09 02:00:00,2023-05-10 08:00:00,-1.1,15.0,0.3011406517963689,4302.009311376699,1,1.62197,1.6163146077776585,1.6293220098890437,1.62236,1.67615,36.7268335845997,0.0021242618754084295,EURAUD_merged,-16.80114065179637
2023-05-10 12:00:00,2023-05-11 10:00:00,1.1,15.0,0.24958045125092546,3565.435017870364,1,1.62158,1.6147579152114435,1.629084293267412,1.62236,1.67615,43.854968346026304,0.0027594970908105345,EURAUD_merged,16.250419548749075
2023-05-16 13:00:00,2023-05-17 11:00:00,-1.1,15.0,0.3194411521136826,4563.445030195467,1,1.46278,1.4579718561843484,1.469030586960347,1.46226,1.51119,41.96198031465158,0.001817165862525664,EURCAD_merged,-16.819441152113683
2023-05-17 13:00:00,2023-05-18 19:00:00,-1.1,15.0,0.20789607339370814,2969.9439056244023,-1,86.105,86.53988195098704,85.62662985391427,81.554,83.874,74.79274561285601,0.20118646913188915,NZDJPY_merged,-16.70789607339371
2023-05-17 13:00:00,2023-05-18 19:00:00,-1.1,15.0,0.21693503310647808,3099.0719015211157,-1,86.105,86.52176186969591,85.60488575636491,81.554,83.874,70.02032268410478,0.20118646913188915,NZDJPY_merged,-16.716935033106477
2023-05-17 13:00:00,2023-05-18 19:00:00,-1.231341502868362,15.0,0.2771947645249442,3959.9252074992028,-1,86.105,86.43116146324029,85.68099009778764,81.554,83.874,74.79274561285601,0.20118646913188915,NZDJPY_merged,-18.747317307550375
2023-05-17 13:00:00,2023-05-18 19:00:00,-1.1,15.0,0.20789607339370814,2969.9439056244023,-1,86.105,86.53988195098704,85.62662985391427,81.554,83.874,73.4768499161545,0.20118646913188915,NZDJPY_merged,-16.70789607339371
2023-05-17 13:00:00,2023-05-18 19:00:00,-1.1,15.0,0.20789607339370814,2969.9439056244023,-1,86.105,86.53988195098704,85.45267707351945,81.554,83.874,76.18363395423629,0.20118646913188915,NZDJPY_merged,-16.70789607339371
2023-05-17 18:00:00,2023-05-18 19:00:00,-1.360358406551951,60.0,0.7880350526861207,11257.643609801726,-1,85.897,86.3548062851015,85.39341308638835,81.554,83.874,63.34102353224309,0.18612743173570084,NZDJPY_merged,-82.40953944580318
2023-05-17 13:00:00,2023-05-18 19:00:00,-1.1717972132437118,15.000000000000002,0.2626055663920524,3751.508091315035,-1,86.105,86.4492815445314,85.69186214656231,81.554,83.874,74.79274561285601,0.20118646913188915,NZDJPY_merged,-17.839563765047732
2023-05-17 13:00:00,2023-05-19 04:00:00,-1.1,15.0,0.17205192280858603,2457.884611551229,-1,86.105,86.63048235744267,85.57951764255733,81.554,83.874,74.79274561285601,0.20118646913188915,NZDJPY_merged,-16.672051922808585
2023-05-22 08:00:00,2023-05-24 09:00:00,1.3,15.0,0.41458107784265785,5922.586826323684,1,0.96974,0.9672839617135965,0.9729328497723246,0.97132,0.98797,41.644173396000866,0.0009703835376519982,EURCHF_merged,19.08541892215734
2023-05-24 05:00:00,2023-05-24 10:00:00,-1.1,29.999999999999996,0.4184805146245445,5978.293066064922,1,0.65791,0.6546085057805151,0.6622019424853304,0.65728,0.68176,30.677008552348337,0.0012140059485000972,AUDUSD_merged,-33.41848051462455
2023-05-24 05:00:00,2023-05-25 05:00:00,-1.1,30.0,0.5265484326079185,7522.120465827407,1,0.89074,0.8871875176751824,0.8953582270222628,0.8952,0.91057,33.742742976965076,0.0012917531804927968,AUDCAD_merged,-33.52654843260792
2023-05-28 22:00:00,2023-05-30 09:00:00,1.1,15.0,0.23553341463711108,3364.7630662444444,-1,103.323,103.78361044105843,102.8163285148357,97.554,101.803,65.06355901458211,0.18849808731427645,CADJPY_merged,16.26446658536289
2023-05-28 22:00:00,2023-05-30 11:00:00,1.0,15.0,0.19492420521691947,2784.63150309885,-1,103.323,103.87957094961227,102.76642905038771,97.554,101.803,65.06355901458211,0.18849808731427645,CADJPY_merged,14.80507579478308
2023-05-30 12:00:00,2023-05-31 11:00:00,-1.8932352535830619,15.0,0.38032320082450144,5433.188583207164,1,0.86451,0.8621232523652722,0.8676127719251462,0.86608,0.88732,38.28843205809644,0.0008544105622079849,EURGBP_merged,-28.77885200457043
2023-05-31 23:00:00,2023-06-01 10:00:00,-1.1,14.999999999999998,0.38879940736613955,5554.277248087708,1,0.85952,0.857198761893919,0.8625376095379053,0.86608,0.88732,31.536482329249306,0.0008190236872765412,EURGBP_merged,-16.88879940736614
2023-06-01 15:00:00,2023-06-02 15:00:00,-1.1,15.0,0.24837857848765155,3548.265406966451,-1,0.67372,0.6765680958555577,0.6705870945588864,0.64763,0.67165,62.73460133041304,0.0011655132774479342,CADCHF_merged,-16.748378578487653
2023-05-31 14:00:00,2023-06-04 17:00:00,-1.523553554612147,15.0,0.2251114876428781,3215.878394898259,1,0.81627,0.8124626265559594,0.8204581107884449,0.82612,0.8538,35.37259636975126,0.0015702337729919563,NZDCAD_merged,-23.078414806825084
2023-06-01 19:00:00,2023-06-05 05:00:00,1.3,15.000000000000002,0.3585274015974521,5121.820022820745,1,0.85903,0.8565142048446475,0.8623005337019582,0.86608,0.88732,39.96706917560781,0.0008880776989307624,EURGBP_merged,19.14147259840255
2023-06-04 17:00:00,2023-06-05 10:00:00,1.3,30.0,0.45771281079331944,6538.754439904564,-1,104.203,104.68108646566114,103.58148759464054,97.554,101.803,72.48359332309018,0.1694926998305475,CADJPY_merged,38.54228718920668
2023-06-06 02:00:00,2023-06-06 10:00:00,-1.1154899211046099,30.0,0.4985469653053747,7122.099504362496,-1,1.0941,1.0987086129490182,1.089491387050982,1.05867,1.09302,69.25745964727301,0.0016206642447594865,AUDNZD_merged,-33.963244598443666
2023-06-06 02:00:00,2023-06-06 10:00:00,-1.327050321334737,30.0,0.6024109164106612,8605.870234438018,-1,1.0941,1.0979140245095322,1.0899045730395147,1.0559,1.09302,69.25745964727301,0.0016206642447594865,AUDNZD_merged,-40.41392055645277
2023-06-05 00:00:00,2023-06-06 11:00:00,-1.1,30.0,0.7145743169101854,10208.204527288362,1,1.4377,1.433474869137398,1.4431926701213826,1.45188,1.51119,32.326642656320224,0.0014959444765562705,EURCAD_merged,-33.71457431691019
2023-06-06 18:00:00,2023-06-07 07:00:00,-1.1710737144296424,30.0,0.5047944132089309,7211.348760127585,-1,1.09745,1.1020155120969932,1.0928844879030069,1.0559,1.09302,67.15946889118548,0.0015061491936185435,AUDNZD_merged,-35.637005846098205
2023-06-06 18:00:00,2023-06-07 07:00:00,-1.3942140716024847,30.0,0.6099599159607916,8713.713085154166,-1,1.09745,1.101228354838891,1.09329380967722,1.0559,1.09302,67.15946889118548,0.0015061491936185435,AUDNZD_merged,-42.436382064035335
2023-06-05 13:00:00,2023-06-07 12:00:00,-1.1,30.0,0.5510930135734204,7872.757336763149,1,1.66865,1.6622914272841562,1.6769161445305967,1.67147,1.7145,39.96520492307661,0.0022875250080943675,GBPCAD_merged,-33.55109301357342
2023-06-08 00:00:00,2023-06-08 08:00:00,1.0,15.0,0.2716883226914226,3881.261752734609,-1,0.68066,0.6832905620827574,0.6780294379172427,0.64763,0.68076,66.71601365251601,0.0008701553466957036,CADCHF_merged,14.728311677308577
2023-06-08 00:00:00,2023-06-08 08:00:00,1.1,15.0,0.32829005658546906,4689.857951220987,-1,0.68066,0.6828370168960751,0.6782652814143175,0.64763,0.68076,66.71601365251601,0.0008701553466957036,CADCHF_merged,16.17170994341453
2023-06-06 23:00:00,2023-06-09 01:00:00,1.3,30.0,0.4420837210468054,6315.481729240078,1,1.8621,1.8532545939969458,1.8735990278039707,1.85893,1.90249,31.64410928450787,0.0032213565618969863,GBPAUD_merged,38.55791627895319
2023-06-07 12:00:00,2023-06-09 08:00:00,-1.1,30.0,0.41274969910172743,5896.424272881821,1,1.60672,1.59854528295637,1.6173471321567188,1.61353,1.65147,46.15822611815801,0.0029164106234706023,EURAUD_merged,-33.412749699101724
2023-06-12 05:00:00,2023-06-12 11:00:00,1.0,30.0,0.5464808921889801,7806.869888414002,-1,175.264,175.93749912002545,174.59050087997457,158.254,172.324,60.80299422618181,0.22958099902292625,GBPJPY_merged,29.45351910781102
2023-06-12 05:00:00,2023-06-12 11:00:00,1.1,30.0,0.6603310780616845,9433.301115166922,-1,175.264,175.82137858209003,174.650883559701,158.254,172.324,60.80299422618181,0.22958099902292625,GBPJPY_merged,32.33966892193831
2023-06-12 18:00:00,2023-06-13 09:00:00,-1.1,15.0,0.2607562214444429,3725.0888777777554,-1,0.6133,0.6157696055052216,0.6100895128432118,0.58777,0.60505,72.53011572348314,0.0008879066552349687,AUDCHF_merged,-16.760756221444442
2023-06-09 16:00:00,2023-06-14 11:00:00,-1.1,15.000000000000002,0.29932536798205567,4276.076685457939,1,1.59416,1.5885678645545995,1.6003113489899405,1.61353,1.65147,32.8358341104571,0.002252909547327571,EURAUD_merged,-16.79932536798206
2023-06-11 23:00:00,2023-06-14 11:00:00,-1.1,30.0,0.6018360636229342,8597.658051756203,1,1.59395,1.5883881947139393,1.6011803468718788,1.61353,1.65147,31.239450273672972,0.002061361606317178,EURAUD_merged,-33.60183606362293
2023-06-13 18:00:00,2023-06-15 00:00:00,-1.1,30.000000000000004,0.3710247280291026,5300.353257558609,-1,105.282,105.87789613116745,104.68610386883255,97.554,101.803,66.35187672542874,0.19866132278760917,CADJPY_merged,-33.37102472802911
2023-06-13 18:00:00,2023-06-15 00:00:00,-1.1,30.0,0.44832154636849897,6404.593519549986,-1,105.282,105.7751554188972,104.73952903921307,97.554,101.803,66.35187672542874,0.19866132278760917,CADJPY_merged,-33.4483215463685
2023-06-13 14:00:00,2023-06-15 02:00:00,-1.1,14.999999999999998,0.4158662980206543,5940.947114580776,-1,1.14073,1.1436101720786245,1.1372737935056507,1.10287,1.12765,70.9916396647989,0.0014926028955683387,GBPCHF_merged,-16.915866298020653
2023-06-13 14:00:00,2023-06-15 03:00:00,-1.1,29.999999999999996,0.6584549718660359,9406.499598086228,-1,1.14073,1.1443681120993152,1.1367280766907535,1.11336,1.12765,70.9916396647989,0.0014926028955683387,GBPCHF_merged,-33.658454971866036
2023-06-13 20:00:00,2023-06-15 03:00:00,-1.1,15.0,0.38073819805492015,5439.1171150702885,-1,1.14113,1.14427700890565,1.1373535893132198,1.11336,1.12765,67.1407592663199,0.0013219601171879267,GBPCHF_merged,-16.88073819805492
2023-06-13 14:00:00,2023-06-15 03:00:00,-1.1,14.999999999999998,0.3292274859330179,4703.249799043114,-1,1.14073,1.1443681120993152,1.1367280766907535,1.11336,1.12765,68.20397242338233,0.0014926028955683387,GBPCHF_merged,-16.829227485933018
2023-06-13 14:00:00,2023-06-15 03:00:00,-1.1,14.999999999999998,0.3292274859330179,4703.249799043114,-1,1.14073,1.1443681120993152,1.1352728318510275,1.11336,1.12765,71.85402373603557,0.0014926028955683387,GBPCHF_merged,-16.829227485933018
2023-06-13 14:00:00,2023-06-15 03:00:00,-1.1,14.999999999999998,0.3292274859330179,4703.249799043114,-1,1.14073,1.1443681120993152,1.1367280766907535,1.11336,1.12765,70.21120015904557,0.0014926028955683387,GBPCHF_merged,-16.829227485933018
2023-06-13 14:00:00,2023-06-15 04:00:00,-1.1,30.000000000000004,0.5449282525787883,7784.68932255412,-1,1.14073,1.1451260521200057,1.1363339478799943,1.11336,1.12765,70.9916396647989,0.0014926028955683387,GBPCHF_merged,-33.54492825257879
2023-06-15 04:00:00,2023-06-16 02:00:00,-1.1,30.0,0.3960437444793514,5657.7677782764495,-1,106.0,106.56205912377845,105.43794087622155,97.554,101.803,70.91426828139372,0.19304109874679332,CADJPY_merged,-33.39604374447935
2023-06-15 04:00:00,2023-06-16 02:00:00,-1.1,30.0,0.4785528579125496,6836.469398750709,-1,106.0,106.46515237829941,105.48833238387066,97.554,101.803,70.91426828139372,0.19304109874679332,CADJPY_merged,-33.47855285791255
2023-06-19 22:00:00,2023-06-20 06:00:00,1.1,15.0,0.2310401889889205,3300.5741284131504,-1,181.679,182.504669987697,180.77076301353327,167.834,172.324,60.598174806582165,0.36095565000182384,GBPJPY_merged,16.26895981101108
2023-06-19 22:00:00,2023-06-20 06:00:00,1.2,15.0,0.24108541459713445,3444.077351387635,-1,181.679,182.470267071543,180.72947951414844,158.254,172.324,60.598174806582165,0.36095565000182384,GBPJPY_merged,17.758914585402866
2023-06-19 00:00:00,2023-06-21 10:00:00,-1.1,15.0,0.20263011556399765,2894.715936628538,-1,154.789,155.59109424718343,153.7462774786615,148.608,151.066,65.57998089241406,0.29642394744404404,EURJPY_merged,-16.702630115564
2023-06-22 22:00:00,2023-06-23 08:00:00,1.2,30.0,0.530969490752816,7585.278439325943,-1,108.578,109.00742919314766,108.06268496822283,97.554,101.803,65.75517187170747,0.18087203450060405,CADJPY_merged,35.46903050924718
2023-06-22 22:00:00,2023-06-23 08:00:00,1.1,15.0,0.2544228809857243,3634.6125855103473,-1,108.578,109.02610002763234,108.08508996960444,97.554,101.803,66.53008995232358,0.18087203450060405,CADJPY_merged,16.245577119014275
2023-06-22 22:00:00,2023-06-23 08:00:00,1.1,30.0,0.5088457619714486,7269.225171020695,-1,108.578,109.02610002763234,108.08508996960444,97.554,101.803,65.75517187170747,0.18087203450060405,CADJPY_merged,32.49115423802855
2023-06-22 20:00:00,2023-06-23 11:00:00,-1.2341442122887443,15.000000000000002,0.2385505564635806,3407.865092336866,-1,143.028,143.65754956897334,142.39845043102665,129.671,140.932,69.90756829401401,0.2160084826761957,USDJPY_merged,-18.750713740794744
2023-06-23 04:00:00,2023-06-23 11:00:00,-1.5471624691556898,60.0,1.0110065696595854,14442.950995136935,-1,142.883,143.47657537132727,142.1707095544073,129.671,140.932,60.43543555091576,0.2547850878029372,USDJPY_merged,-93.84075471900097
2023-06-22 20:00:00,2023-06-23 11:00:00,-1.4704242565155663,15.0,0.28824858906015993,4117.836986573714,-1,143.028,143.54900653984,142.45489280617596,129.671,140.932,69.90756829401401,0.2160084826761957,USDJPY_merged,-22.344612436793653
2023-06-23 15:00:00,2023-06-26 03:00:00,1.2,30.0,0.4680960390174579,6687.08627167797,-1,143.798,144.44311505082132,143.02386193901444,129.671,140.932,66.72763648934512,0.2665216043688493,USDJPY_merged,35.53190396098254
2023-06-26 10:00:00,2023-06-27 09:00:00,1.3,14.999999999999998,0.2796645657912631,3995.2080827323302,1,0.8791,0.8757994209745937,0.8833907527330281,0.87917,0.91057,29.028359583446754,0.0013115483420709515,AUDCAD_merged,19.220335434208735
2023-06-28 02:00:00,2023-06-28 08:00:00,-1.1,14.999999999999998,0.30699018179100906,4385.5740255858445,-1,1.64815,1.653787175397284,1.640821671983531,1.61353,1.65147,68.20375242767628,0.0030816381017734706,EURAUD_merged,-16.806990181791008
2023-06-28 03:00:00,2023-06-28 08:00:00,-1.1,30.0,0.4881030500161919,6972.900714517028,-1,1.64741,1.654497767634079,1.6389046788391053,1.61353,1.65147,67.89354421764882,0.0031186639516467976,EURAUD_merged,-33.48810305001619
2023-06-28 06:00:00,2023-06-28 10:00:00,1.1,30.0,0.46955524065081106,6707.932009297301,-1,2.08447,2.0937924111266075,2.074215347760732,1.97455,2.07329,69.40444212237341,0.0038704566858898492,GBPNZD_merged,32.53044475934919
2023-06-28 06:00:00,2023-06-28 10:00:00,1.0,30.0,0.38859744053860223,5551.392007694318,-1,2.08447,2.0957345801113174,2.0732054198886827,1.97455,2.07329,69.40444212237341,0.0038704566858898492,GBPNZD_merged,29.611402559461396
2023-06-28 06:00:00,2023-06-28 10:00:00,1.2,30.0,0.48997068589649856,6999.581227092837,-1,2.08447,2.0934039773296655,2.0737492272044014,2.03569,2.07329,65.64893571732547,0.0038704566858898492,GBPNZD_merged,35.5100293141035
2023-06-28 06:00:00,2023-06-28 10:00:00,1.1,30.0,0.46955524065081106,6707.932009297301,-1,2.08447,2.0937924111266075,2.074215347760732,2.03569,2.07329,65.64893571732547,0.0038704566858898492,GBPNZD_merged,32.53044475934919
2023-06-28 06:00:00,2023-06-28 10:00:00,1.1,60.0,0.9391104813016221,13415.864018594602,-1,2.08447,2.0937924111266075,2.074215347760732,1.97455,2.07329,68.3213451178707,0.0038704566858898492,GBPNZD_merged,65.06088951869837
2023-06-28 00:00:00,2023-06-29 22:00:00,1.1,30.0,0.4355845442432921,6222.636346332745,-1,1.64783,1.6557743659003363,1.6390911975096298,1.58475,1.65147,67.54341294731911,0.003167284425725419,EURAUD_merged,32.56441545575671
2023-06-28 00:00:00,2023-06-29 22:00:00,1.1,30.0,0.4355845442432921,6222.636346332745,-1,1.64783,1.6557743659003363,1.6390911975096298,1.61353,1.65147,68.93107510326895,0.003167284425725419,EURAUD_merged,32.56441545575671
2023-06-28 00:00:00,2023-06-29 22:00:00,1.1,15.0,0.21779227212164606,3111.3181731663726,-1,1.64783,1.6557743659003363,1.6390911975096298,1.61353,1.65147,69.51499716187837,0.003167284425725419,EURAUD_merged,16.282207727878355
2023-06-28 00:00:00,2023-06-30 04:00:00,1.0,15.0,0.18024188037653463,2574.8840053790664,-1,1.64783,1.6574294421295732,1.6382305578704266,1.61353,1.65147,69.51499716187837,0.003167284425725419,EURAUD_merged,14.819758119623465
2023-06-28 11:00:00,2023-06-30 11:00:00,1.3,30.0,0.43247483188937663,6178.2118841339525,-1,1.7928,1.8015054314433794,1.7814829391236067,1.74087,1.78364,61.34086140126335,0.0035317885916384207,EURNZD_merged,38.56752516811062
2023-06-28 06:00:00,2023-06-30 14:00:00,1.3,15.0,0.19429872026930112,2775.696003847159,-1,2.08447,2.0957345801113174,2.0698260458552875,1.97455,2.07329,69.40444212237341,0.0038704566858898492,GBPNZD_merged,19.305701279730698
2023-06-28 07:00:00,2023-06-30 15:00:00,1.3,29.999999999999996,0.37261456046331776,5323.065149475969,1,0.54535,0.5422764888667367,0.5493455644732422,0.5446,0.56012,32.19290953914411,0.0011327419241381593,NZDCHF_merged,38.62738543953668
2023-06-28 13:00:00,2023-07-03 00:00:00,1.5,15.000000000000002,0.21231513288722975,3033.073326960425,-1,1.64866,1.65681341316683,1.636429880249755,1.61353,1.65147,63.21366898556381,0.003468165808594933,EURAUD_merged,22.287684867112773
2023-07-06 13:00:00,2023-07-07 03:00:00,-1.1,15.0,0.40129181777585987,5732.740253940856,-1,1.70013,1.704578474703257,1.6943469828857656,1.66057,1.69778,73.42480827685847,0.0028027052040612366,GBPCAD_merged,-16.90129181777586
2023-07-06 13:00:00,2023-07-07 03:00:00,-1.1,30.0,0.7603423915753135,10862.034165361621,-1,1.70013,1.7048256121867713,1.6944952653758742,1.66057,1.69778,73.42480827685847,0.0028027052040612366,GBPCAD_merged,-33.760342391575314
2023-07-06 13:00:00,2023-07-07 07:00:00,-1.1,30.0,0.6019377266637899,8599.110380911285,-1,1.70013,1.7060612996043427,1.6936055704352226,1.66057,1.69778,71.01400615218338,0.0028027052040612366,GBPCAD_merged,-33.60193772666379
2023-07-06 13:00:00,2023-07-07 07:00:00,-1.1,60.0,1.2038754533275797,17198.22076182257,-1,1.70013,1.7060612996043427,1.6936055704352226,1.66057,1.69778,72.82642876712701,0.0028027052040612366,GBPCAD_merged,-67.20387545332758
2023-07-06 13:00:00,2023-07-07 07:00:00,-1.1,30.0,0.6019377266637899,8599.110380911285,-1,1.70013,1.7060612996043427,1.6936055704352226,1.66057,1.69778,73.42480827685847,0.0028027052040612366,GBPCAD_merged,-33.60193772666379
2023-07-06 23:00:00,2023-07-07 15:00:00,-0.2568412058249719,30.0,0.6594639692456848,9420.913846366928,-1,1.45497,1.45960321294641,1.4489468231696672,1.43155,1.45019,72.6132217621338,0.001632004452469061,EURCAD_merged,-8.364700143994842
2023-07-09 19:00:00,2023-07-10 14:00:00,-1.1,15.000000000000002,0.30930468310085185,4418.63833001217,1,0.88883,0.885812679050819,0.8921490530440992,0.89012,0.91449,25.420873639813625,0.001458756154976905,USDCHF_merged,-16.809304683100855
2023-07-09 19:00:00,2023-07-10 16:00:00,-1.1,15.0,0.2577539025840432,3682.1986083434745,1,0.88883,0.8852092148609828,0.8931749421668207,0.89012,0.91449,31.72787700361204,0.001458756154976905,USDCHF_merged,-16.757753902584042
2023-07-09 19:00:00,2023-07-10 18:00:00,-1.1,15.0,0.2474437464806815,3534.9106640097357,1,0.88883,0.8850583488135237,0.8929788163051239,0.89012,0.91449,30.686304811413518,0.001458756154976905,USDCHF_merged,-16.74744374648068
2023-07-09 19:00:00,2023-07-10 21:00:00,-1.1,15.0,0.2209319165006085,3156.1702357229788,1,0.88883,0.8846057506711466,0.8934766742617388,0.89012,0.91449,32.67833284996945,0.001458756154976905,USDCHF_merged,-16.720931916500607
2023-07-09 19:00:00,2023-07-10 21:00:00,-1.1,15.0,0.2209319165006085,3156.1702357229788,1,0.88883,0.8846057506711466,0.8934766742617388,0.89012,0.91449,25.420873639813625,0.001458756154976905,USDCHF_merged,-16.720931916500607
2023-07-09 19:00:00,2023-07-10 21:00:00,-1.1,15.0,0.2209319165006085,3156.1702357229788,1,0.88883,0.8846057506711466,0.8934766742617388,0.89012,0.91449,31.72787700361204,0.001458756154976905,USDCHF_merged,-16.720931916500607
2023-07-09 18:00:00,2023-07-11 02:00:00,-1.1,15.0,0.2862162937915713,4088.804197022448,-1,1.70373,1.7099802259263504,1.6949796837031095,1.66057,1.69778,64.41208252692789,0.0022481200275808176,GBPCAD_merged,-16.786216293791572
2023-07-10 08:00:00,2023-07-11 03:00:00,-1.1,15.0,0.31695230318295714,4527.890045470816,1,0.59143,0.589470709930915,0.5943689351036275,0.59153,0.61683,34.79244282872349,0.0011487718864750236,AUDCHF_merged,-16.81695230318296
2023-07-10 08:00:00,2023-07-11 03:00:00,-1.1,15.0,0.31695230318295714,4527.890045470816,1,0.59143,0.589470709930915,0.593781148082902,0.59153,0.61683,34.79244282872349,0.0011487718864750236,AUDCHF_merged,-16.81695230318296
2023-07-11 23:00:00,2023-07-12 02:00:00,-1.1,60.0,2.819870689945079,40283.86699921542,1,0.96858,0.9671373678911924,0.970311158530569,0.97227,0.98413,31.89073186212437,0.0008158494711974035,EURCHF_merged,-68.81987068994508
2023-07-11 15:00:00,2023-07-12 07:00:00,1.2,15.0,0.468347163855628,6690.673769366115,1,0.8507,0.8487927929772298,0.8529886484273244,0.85152,0.86538,34.46475848787321,0.0011224660208409103,EURGBP_merged,17.53165283614437
2023-07-12 10:00:00,2023-07-13 08:00:00,1.5,15.0,0.22853712357806194,3264.816051115171,1,0.54532,0.5428145602227097,0.5490781596659355,0.5446,0.56012,47.2461572087306,0.0014792318111249926,NZDCHF_merged,22.27146287642194
2023-07-13 07:00:00,2023-07-14 04:00:00,-1.1,30.0,0.7078952647506389,10112.7894964377,1,1.12743,1.1240854332005117,1.131443480159386,1.13145,1.15044,41.03263129346121,0.0019025785039222104,GBPCHF_merged,-33.70789526475064
2023-07-13 07:00:00,2023-07-14 04:00:00,-1.1,60.0,1.4157905295012778,20225.5789928754,1,1.12743,1.1240854332005117,1.1324468501992324,1.13145,1.15044,41.03263129346121,0.0019025785039222104,GBPCHF_merged,-67.41579052950128
2023-07-13 13:00:00,2023-07-17 02:00:00,1.0,15.0,0.1863422676945771,2662.032395636816,-1,0.63817,0.641765955487127,0.634574044512873,0.59877,0.6247,73.3202238485453,0.0018038364761661073,NZDUSD_merged,14.813657732305423
2023-07-17 01:00:00,2023-07-17 04:00:00,-1.1,15.0,0.3458226403507907,4940.323433582725,1,0.58695,0.5851678798375524,0.5890885441949371,0.59153,0.61683,31.611738405824156,0.0010348555509167399,AUDCHF_merged,-16.84582264035079
2023-07-17 01:00:00,2023-07-17 04:00:00,-1.1,30.0,0.6916452807015814,9880.64686716545,1,0.58695,0.5851678798375524,0.5896231802436713,0.59153,0.61683,31.611738405824156,0.0010348555509167399,AUDCHF_merged,-33.69164528070158
2023-07-13 13:00:00,2023-07-17 05:00:00,1.5,30.0,0.43845239457547563,6263.605636792509,-1,0.63817,0.6412265621640579,0.6335851567539131,0.60501,0.6247,75.51718242434414,0.0018038364761661073,NZDUSD_merged,44.56154760542452
2023-07-16 21:00:00,2023-07-17 09:00:00,1.4,60.0,0.9271692660575181,13245.275229393117,-1,0.84041,0.844216987708953,0.8350802172074657,0.80539,0.82832,63.80493641277521,0.001376424344348955,NZDCAD_merged,83.07283073394248
2023-07-14 03:00:00,2023-07-17 09:00:00,1.4,15.0,0.152160913427456,2173.727334677943,-1,0.63736,0.6417581597174038,0.6312025763956347,0.59877,0.6247,63.610703604496756,0.0016011660403769767,NZDUSD_merged,20.847839086572545
2023-07-17 12:00:00,2023-07-18 01:00:00,-1.1,30.0,0.8392003399720451,11988.576285314932,1,0.86023,0.8580773757528981,0.863458936370653,0.89012,0.90164,48.820345551167186,0.001223660303038861,USDCHF_merged,-33.839200339972045
2023-07-17 03:00:00,2023-07-18 11:00:00,1.4,90.00000000000001,1.843229679900321,26331.852570004587,-1,1.72824,1.7341469751961616,1.7199702347253738,1.66057,1.69778,65.41557537021171,0.0023600708346587316,GBPCAD_merged,124.1567703200997
2023-07-18 12:00:00,2023-07-18 17:00:00,-1.2582535963223556,90.0,1.1448437806302831,16354.911151861186,1,0.53971,0.5367400113801308,0.5438679840678169,0.5446,0.56012,30.33326704214147,0.0010864246576269875,NZDCHF_merged,-114.38766744964228
2023-07-18 12:00:00,2023-07-18 18:00:00,1.0,60.0,1.0808855775655433,15441.22253665062,-1,2.07499,2.0830527942317714,2.066927205768229,2.03569,2.07329,59.75508801750957,0.004053440179036567,GBPNZD_merged,58.919114422434454
2023-07-18 12:00:00,2023-07-18 18:00:00,1.1,15.0,0.2702213943913858,3860.305634162655,-1,2.07499,2.0830527942317714,2.066120926345052,1.97455,2.07329,60.11433023643356,0.004053440179036567,GBPNZD_merged,16.229778605608615
2023-07-18 20:00:00,2023-07-19 02:00:00,-1.1,90.00000000000001,0.9338272816963648,13340.389738519498,1,0.53983,0.536188074917428,0.5449286951156008,0.5446,0.56012,37.22161317591582,0.0013775139172866617,NZDCHF_merged,-99.9338272816964
2023-07-18 12:00:00,2023-07-19 09:00:00,1.1,15.0,0.19301528170813276,2757.3611672590396,-1,2.07499,2.0862779119244794,2.062573296883073,2.03569,2.07329,60.11433023643356,0.004053440179036567,GBPNZD_merged,16.30698471829187
2023-07-19 15:00:00,2023-07-20 03:00:00,-1.1,60.0,1.2244206373641333,17491.72339091619,1,1.11019,1.1063818332166977,1.1139981667833023,1.11336,1.15044,31.46534929687191,0.0018459345779618134,GBPCHF_merged,-67.22442063736413
2023-07-19 14:00:00,2023-07-20 07:00:00,-1.1,60.0,1.3931210280653354,19901.728972361936,-1,0.86641,0.8690220645131984,0.8637979354868016,0.85152,0.86538,67.22369764348934,0.001256315666842136,EURGBP_merged,-67.39312102806534
2023-07-19 14:00:00,2023-07-20 07:00:00,-1.1,60.0,1.3931210280653354,19901.728972361936,-1,0.86641,0.8690220645131984,0.8635367290354817,0.85152,0.86538,65.1853742553083,0.001256315666842136,EURGBP_merged,-67.39312102806534
2023-07-20 03:00:00,2023-07-20 08:00:00,1.5,15.0,0.7264696213543946,10378.137447919924,1,0.96106,0.959670935722104,0.963143596416844,0.97227,0.98413,45.888539375651064,0.0008873040173381516,EURCHF_merged,21.773530378645606
2023-07-14 08:00:00,2023-07-20 10:00:00,1.4,60.0,0.9705132960397207,13864.475657710296,1,0.85945,0.8557306382821033,0.8646571064050556,0.89012,0.91449,36.51135613878849,0.0014720027072131943,USDCHF_merged,83.02948670396027
2023-07-19 13:00:00,2023-07-20 12:00:00,1.1,30.0,0.6115260055605731,8736.085793722474,1,1.10958,1.105769666541059,1.113771366804835,1.11336,1.15044,30.616761691251664,0.0019040833916511809,GBPCHF_merged,32.38847399443943
2023-07-19 15:00:00,2023-07-20 14:00:00,1.1,30.0,0.48976825494565335,6996.689356366477,1,1.11019,1.105429791520872,1.1154262293270407,1.11336,1.15044,31.46534929687191,0.0018459345779618134,GBPCHF_merged,32.51023174505435
2023-07-19 15:00:00,2023-07-21 01:00:00,1.2,60.0,1.020350531136778,14576.43615909683,1,1.11019,1.1056201998600372,1.1156737601679554,1.13145,1.15044,31.535278371359077,0.0018459345779618134,GBPCHF_merged,70.97964946886322
2023-07-19 15:00:00,2023-07-21 02:00:00,1.1,60.0,0.8745861695458097,12494.088136368711,1,1.11019,1.1048585665033768,1.1160545768462857,1.11336,1.15044,32.56568526044478,0.0018459345779618134,GBPCHF_merged,65.12541383045419
2023-07-19 15:00:00,2023-07-21 02:00:00,1.1,30.0,0.43729308477290485,6247.044068184356,1,1.11019,1.1048585665033768,1.1160545768462857,1.11336,1.15044,31.535278371359077,0.0018459345779618134,GBPCHF_merged,32.562706915227096
2023-07-19 15:00:00,2023-07-21 02:00:00,1.1,30.0,0.43729308477290485,6247.044068184356,1,1.11019,1.1048585665033768,1.1160545768462857,1.11336,1.15044,31.659574553299624,0.0018459345779618134,GBPCHF_merged,32.562706915227096
2023-07-19 14:00:00,2023-07-24 03:00:00,1.2,15.0,0.2902335475136115,4146.1935359087365,-1,0.86641,0.8695444774158382,0.8626486271009942,0.85152,0.86538,67.31630063069794,0.001256315666842136,EURGBP_merged,17.709766452486388
2023-07-19 14:00:00,2023-07-24 03:00:00,1.1,15.000000000000002,0.2786242056130671,3980.3457944723873,-1,0.86641,0.8696750806414981,0.8628184112943521,0.85152,0.86538,67.22369764348934,0.001256315666842136,EURGBP_merged,16.221375794386937
2023-07-19 14:00:00,2023-07-24 03:00:00,1.1,15.0,0.24877161215452415,3553.8801736360597,-1,0.86641,0.8700668903184778,0.8623874206496744,0.85152,0.86538,67.3190718858236,0.001256315666842136,EURGBP_merged,16.251228387845476
2023-07-19 14:00:00,2023-07-24 03:00:00,1.1,30.0,0.4975432243090483,7107.760347272119,-1,0.86641,0.8700668903184778,0.8623874206496744,0.85152,0.86538,65.1853742553083,0.001256315666842136,EURGBP_merged,32.50245677569095
2023-07-19 14:00:00,2023-07-24 03:00:00,1.1,15.0,0.24877161215452415,3553.8801736360597,-1,0.86641,0.8700668903184778,0.8623874206496744,0.85152,0.86538,67.31630063069794,0.001256315666842136,EURGBP_merged,16.251228387845476
2023-07-26 05:00:00,2023-07-26 15:00:00,-1.2509368602180002,30.0,0.7664274733154499,10948.963904506429,1,0.86252,0.8601567078907484,0.8660649381638773,0.89012,0.90164,33.5082360893061,0.0014094452697592456,USDCHF_merged,-38.29453327985546
2023-07-26 11:00:00,2023-07-26 17:00:00,-1.1,30.0,0.5420282782500688,7743.261117858127,1,0.58276,0.5805021915993921,0.5861467126009117,0.59153,0.61683,36.891396787942945,0.001286828117979065,AUDCHF_merged,-33.54202827825007
2023-07-27 09:00:00,2023-07-27 09:00:00,1.5,15.0,0.34800718466876707,4971.531209553816,1,0.86158,0.8589804588415005,0.8654793117377493,0.89012,0.90164,62.923776823837294,0.002170631725230827,USDCHF_merged,22.151992815331234
2023-07-28 02:00:00,2023-07-30 17:00:00,-1.530547630389088,15.0,0.22252223271046312,3178.889038720902,1,0.57924,0.5765067809746841,0.582519862830379,0.59153,0.61683,33.90361550097255,0.0015793633331557147,AUDCHF_merged,-23.180736688546784
2023-07-28 02:00:00,2023-07-30 17:00:00,-1.530547630389088,30.0,0.44504446542092624,6357.778077441804,1,0.57924,0.5765067809746841,0.5833398285379737,0.59153,0.61683,33.90361550097255,0.0015793633331557147,AUDCHF_merged,-46.36147337709357
2023-08-01 14:00:00,2023-08-02 01:00:00,-1.1,60.00000000000001,0.7692867158310366,10989.810226157666,1,0.57886,0.5756996542537802,0.5823363803208418,0.58777,0.61683,27.628796136722244,0.0010845024158381929,AUDCHF_merged,-66.76928671583106
2023-08-02 04:00:00,2023-08-02 10:00:00,-1.1,60.0,0.9130922152335031,13044.17450333576,1,0.87553,0.8715027769674834,0.8799599453357684,0.87389,0.90495,36.88053967906783,0.0014584158015999002,AUDCAD_merged,-66.9130922152335
2023-08-02 14:00:00,2023-08-02 17:00:00,-1.1,30.0,0.7117128330514217,10167.326186448883,1,0.87343,0.8708528327566668,0.8772957508649999,0.87389,0.90495,32.03166373997226,0.0014669821077030122,AUDCAD_merged,-33.71171283305142
2023-08-02 13:00:00,2023-08-03 21:00:00,1.2,60.0,0.9768286372607599,13954.694818010856,1,0.87308,0.8693260805712218,0.8775847033145336,0.87389,0.90495,33.141229425117245,0.0015159807313724748,AUDCAD_merged,71.02317136273923
2023-08-02 13:00:00,2023-08-03 21:00:00,1.1,60.0,0.8372816890806514,11961.166986866448,1,0.87308,0.8687004273330922,0.8778975299335985,0.87389,0.90495,33.53130672634088,0.0015159807313724748,AUDCAD_merged,65.16271831091935
2023-08-02 13:00:00,2023-08-03 21:00:00,1.1,60.0,0.8372816890806514,11961.166986866448,1,0.87308,0.8687004273330922,0.8778975299335985,0.87389,0.90495,33.141229425117245,0.0015159807313724748,AUDCAD_merged,65.16271831091935
2023-08-02 13:00:00,2023-08-03 21:00:00,1.1,60.0,0.9377554917703294,13396.50702529042,1,0.87308,0.8691696672616894,0.8773813660121416,0.87389,0.90495,32.77880148605347,0.0015159807313724748,AUDCAD_merged,65.06224450822967
2023-08-02 14:00:00,2023-08-03 21:00:00,1.1,30.0,0.43211136292407765,6173.0194703439665,1,0.87343,0.8691852539521571,0.8780992206526272,0.87389,0.90495,32.03166373997226,0.0014669821077030122,AUDCAD_merged,32.567888637075924
2023-08-08 11:00:00,2023-08-08 13:00:00,1.2,30.0,0.9548435376414288,13640.621966306127,-1,1.34683,1.3497921010024179,1.3432754787970984,1.3092,1.33867,64.71280410898774,0.00177581147190898,USDCAD_merged,35.04515646235857
2023-08-08 11:00:00,2023-08-08 13:00:00,1.0,30.000000000000004,0.8116170069952146,11594.528671360209,-1,1.34683,1.350314824708727,1.3433451752912728,1.3092,1.33867,64.08258730845205,0.00177581147190898,USDCAD_merged,29.18838299300479
2023-08-08 11:00:00,2023-08-08 13:00:00,1.1,30.000000000000004,0.8116170069952146,11594.528671360209,-1,1.34683,1.350314824708727,1.3429966928204002,1.3092,1.33867,64.71280410898774,0.00177581147190898,USDCAD_merged,32.188382993004794
2023-08-08 11:00:00,2023-08-08 14:00:00,1.5,15.0,0.4774217688207144,6820.310983153064,-1,1.34683,1.3497921010024179,1.342386848496373,1.3092,1.33867,64.71280410898774,0.00177581147190898,USDCAD_merged,22.022578231179285
2023-08-08 11:00:00,2023-08-08 14:00:00,1.1,60.0,1.2985872111923435,18551.245874176337,-1,1.34683,1.3511860308859087,1.3420383660255004,1.3092,1.33867,64.08258730845205,0.00177581147190898,USDCAD_merged,64.70141278880766
2023-08-08 11:00:00,2023-08-08 15:00:00,1.1,30.0,0.5797264335680105,8281.806193828721,-1,1.34683,1.3517087545922177,1.3414633699485603,1.3092,1.33867,64.71280410898774,0.00177581147190898,USDCAD_merged,32.42027356643199
2023-08-08 11:00:00,2023-08-08 15:00:00,1.1,60.0,1.159452867136021,16563.612387657442,-1,1.34683,1.3517087545922177,1.3414633699485603,1.3092,1.33867,63.80806250521533,0.00177581147190898,USDCAD_merged,64.84054713286397
2023-08-08 11:00:00,2023-08-08 15:00:00,1.2,90.0,2.029042517488037,28986.321678400527,-1,1.34683,1.3510117896504723,1.3418118524194331,1.3092,1.33867,63.80806250521533,0.00177581147190898,USDCAD_merged,105.97095748251196
2023-08-08 09:00:00,2023-08-08 22:00:00,1.2,15.0,0.30267272683866836,4323.896097695263,1,0.60439,0.6022933145581754,0.6069060225301895,0.60501,0.64114,29.683990337106792,0.0012559626362907777,NZDUSD_merged,17.69732727316133
2023-08-08 11:00:00,2023-08-08 23:00:00,1.5,30.0,0.5851780772646344,8359.686818066208,1,0.60458,0.6024103732669981,0.6078344400995028,0.60501,0.64114,34.82861853311403,0.0012572330894548298,NZDUSD_merged,44.414821922735364
2023-08-10 21:00:00,2023-08-11 08:00:00,-1.1,30.0,0.6998866312212587,9998.380446017982,1,0.52718,0.5255982038195697,0.5290781554165163,0.5446,0.5419,28.079089095266703,0.0009290063170417448,NZDCHF_merged,-33.69988663122126
2023-08-10 21:00:00,2023-08-11 08:00:00,-1.1,30.0,0.7075586759913327,10107.981085590469,1,0.8082,0.805801301407799,0.8117980478883015,0.80918,0.84269,30.98912182295775,0.0013852135167484508,NZDCAD_merged,-33.70755867599133
2023-08-10 21:00:00,2023-08-11 08:00:00,-1.1,30.0,0.5693354784520518,8133.363977886454,1,0.60153,0.5993112501630242,0.6048581247554636,0.60501,0.64114,33.264911478092465,0.001286922179860719,NZDUSD_merged,-33.569335478452054
2023-08-16 15:00:00,2023-08-16 17:00:00,-1.1,29.999999999999996,1.3671996149556767,19531.423070795383,1,0.85506,0.8537466394779828,0.8566360326264207,0.85442,0.86959,29.19877305974598,0.0007502389405976704,EURGBP_merged,-34.36719961495567
2023-08-16 17:00:00,2023-08-17 06:00:00,1.1,29.999999999999996,0.9145003879988648,13064.29125712664,-1,146.331,146.6670251171379,145.96137237114826,137.237,145.067,71.79576281299427,0.16922594724261,USDJPY_merged,32.085499612001136
2023-08-16 17:00:00,2023-08-17 08:00:00,1.1,60.0,1.3064291257126641,18663.273224466633,-1,146.331,146.8014351639931,145.8135213196076,137.237,145.067,71.79576281299427,0.16922594724261,USDJPY_merged,64.69357087428733
2023-08-25 02:00:00,2023-08-25 06:00:00,1.2,15.0,0.4898836604999247,6998.338007141782,1,1.25779,1.2550940956323136,1.2610250852412237,1.26163,1.28185,27.90564796373435,0.0016004099487363233,GBPUSD_merged,17.510116339500076
2023-08-25 05:00:00,2023-08-25 08:00:00,1.2,30.0,1.1845620737336415,16922.315339052024,1,1.4647,1.462103369508273,1.4678159565900721,1.46557,1.48009,46.097052904403654,0.001584756150943266,EURCAD_merged,34.815437926266355
2023-08-25 02:00:00,2023-08-25 10:00:00,-1.1,30.0,0.8010899567504175,11444.14223929168,1,0.59079,0.5892412862887052,0.5926484564535539,0.60501,0.64114,30.97689196090207,0.0009487932036484836,NZDUSD_merged,-33.80108995675042
2023-08-29 10:00:00,2023-08-29 10:00:00,1.1,29.999999999999996,0.9456994841250833,13509.992630358334,-1,147.125,147.45170262084983,146.76562711706518,137.237,145.067,42.977449378218715,0.21954050253742174,USDJPY_merged,32.054300515874914
2023-08-29 10:00:00,2023-08-29 10:00:00,1.1,90.0,2.0264988945537503,28949.98420791072,-1,147.125,147.58238366918977,146.62187796389125,137.237,145.067,42.977449378218715,0.21954050253742174,USDJPY_merged,96.97350110544626
2023-08-29 11:00:00,2023-08-29 13:00:00,1.1,60.0,1.3997002669137135,19995.71809876734,-1,146.329,146.76808100507486,145.84601089441767,137.237,145.067,36.60516376252674,0.24128760949903455,USDJPY_merged,64.60029973308629
2023-08-24 17:00:00,2023-08-30 05:00:00,1.1,60.0,0.9485318646046186,13550.45520863741,1,1.25978,1.2542018257736596,1.2659159916489742,1.25973,1.31421,29.542056932902103,0.0019113332893475577,GBPUSD_merged,65.05146813539538
2023-08-29 15:00:00,2023-08-30 05:00:00,1.2,30.0,0.9847942264894464,14068.488949849236,1,1.10993,1.1075631573263698,1.1127702112083564,1.10858,1.12432,37.31189305142247,0.0013656703679493446,GBPCHF_merged,35.01520577351055
2023-08-29 11:00:00,2023-08-30 09:00:00,1.1,89.99999999999999,1.49967885740755,21423.983677250715,-1,146.329,146.94371340710478,145.65281525218475,137.237,145.067,36.60516376252674,0.24128760949903455,USDJPY_merged,97.50032114259244
2023-08-30 19:00:00,2023-08-31 03:00:00,1.0,30.0,0.8453456567339328,12076.36652477047,-1,185.857,186.31870427078073,185.39529572921927,176.303,184.008,62.893731042312936,0.22936269714819787,GBPJPY_merged,29.154654343266067
2023-08-30 19:00:00,2023-08-31 03:00:00,1.1,60.0,1.6906913134678656,24152.73304954094,-1,185.857,186.31870427078073,185.3491253021412,176.303,184.008,62.47647122183192,0.22936269714819787,GBPJPY_merged,64.30930868653213
2023-08-30 19:00:00,2023-08-31 04:00:00,1.1,90.0,1.8114549787155705,25877.928267365292,-1,185.857,186.50338597909303,185.14597542299768,176.303,184.008,62.47647122183192,0.22936269714819787,GBPJPY_merged,97.18854502128444
2023-08-31 21:00:00,2023-08-31 21:00:00,-1.1,30.0,0.76604791418617,10943.541631231,1,1.81765,1.8126671981029996,1.8236293622764004,1.8147,1.84611,30.891250024030306,0.0031081270865968335,EURNZD_merged,-33.76604791418617
2023-09-01 14:00:00,2023-09-04 06:00:00,1.2,30.0,0.7298848576581584,10426.926537973692,1,1.2596,1.2559759215275585,1.26394889416693,1.26163,1.28001,30.084984325535906,0.0020581100899890914,GBPUSD_merged,35.270115142341844
2023-09-05 06:00:00,2023-09-05 09:00:00,1.1,90.0,2.8668414218135156,40954.877454478796,-1,1.36532,1.3683203459328277,1.3620196194738896,1.3092,1.33867,76.18501748329695,0.0011014412532336568,USDCAD_merged,96.1331585781865
2023-09-05 06:00:00,2023-09-05 09:00:00,1.1,90.0,2.8668414218135156,40954.877454478796,-1,1.36532,1.3683203459328277,1.3620196194738896,1.3092,1.33867,70.69528469859844,0.0011014412532336568,USDCAD_merged,96.1331585781865
2023-09-05 06:00:00,2023-09-05 09:00:00,1.2,30.000000000000004,1.5739521531525187,22485.030759321697,-1,1.36532,1.367141638602074,1.3631340336775113,1.3092,1.36395,76.18501748329695,0.0011014412532336568,USDCAD_merged,34.42604784684748
2023-09-05 06:00:00,2023-09-05 09:00:00,1.1,90.0,3.210862392431138,45869.46274901626,-1,1.36532,1.3679988802971677,1.3623732316731159,1.3092,1.33867,71.68267028022098,0.0011014412532336568,USDCAD_merged,95.78913760756888
2023-09-05 06:00:00,2023-09-05 09:00:00,1.0,30.0,1.3378593301796406,19112.27614542344,-1,1.36532,1.367463104237734,1.363176895762266,1.3092,1.33867,71.68267028022098,0.0011014412532336568,USDCAD_merged,28.66214066982036
2023-09-05 06:00:00,2023-09-05 09:00:00,1.2,90.0,3.3446483254491017,47780.690363558606,-1,1.36532,1.367891725085281,1.3622339298976631,1.3092,1.33867,70.69528469859844,0.0011014412532336568,USDCAD_merged,104.6553516745509
2023-09-05 06:00:00,2023-09-05 09:00:00,1.1,90.0,4.013577990538922,57336.82843627031,-1,1.36532,1.367463104237734,1.3629625853384926,1.3092,1.33867,76.18501748329695,0.0011014412532336568,USDCAD_merged,94.9864220094611
2023-09-05 13:00:00,2023-09-05 17:00:00,1.2,30.0,0.8686671659998135,12409.53094285448,-1,108.451,108.71317993371242,108.13638407954507,106.538,108.281,77.7225552909578,0.1494932411034315,CADJPY_merged,35.13133283400018
2023-09-05 14:00:00,2023-09-05 19:00:00,1.1,90.0,2.2849805615202428,32642.57945028918,-1,108.441,108.73998648220686,108.11211486957245,104.215,108.281,68.61229084389703,0.14788658102461566,CADJPY_merged,96.71501943847977
2023-09-05 09:00:00,2023-09-05 21:00:00,-1.1,30.0,0.652318120029085,9318.830286129785,1,0.58829,0.586396124968681,0.5905626500375827,0.60501,0.64114,29.067306584643728,0.0011630409834935522,NZDUSD_merged,-33.652318120029086
2023-09-05 09:00:00,2023-09-05 22:00:00,-1.1,90.0,1.6634112060741666,23763.017229630954,1,0.58829,0.58606191172786,0.590740897099354,0.60501,0.64114,29.067306584643728,0.0011630409834935522,NZDUSD_merged,-100.66341120607419
2023-09-05 09:00:00,2023-09-05 22:00:00,-1.1,60.0,1.1089408040494444,15842.011486420635,1,0.58829,0.58606191172786,0.5905180882721399,0.60501,0.64114,31.675625459280084,0.0011630409834935522,NZDUSD_merged,-67.10894080404944
2023-09-05 14:00:00,2023-09-06 01:00:00,1.1,90.0,1.632128972514459,23316.128178777988,-1,108.441,108.85958107508961,107.98056081740144,106.538,108.281,68.61229084389703,0.14788658102461566,CADJPY_merged,97.36787102748555
2023-09-05 14:00:00,2023-09-06 03:00:00,1.2,29.999999999999996,1.0532008763799272,15045.726805427532,1,1.46111,1.4581966611784956,1.464606006585805,1.46276,1.47847,38.56978594005406,0.0016984623814939527,EURCAD_merged,34.94679912362007
2023-09-05 07:00:00,2023-09-06 09:00:00,-1.1,29.999999999999996,0.9560836974437323,13658.338534910463,1,1.25547,1.2527124098360332,1.2587791081967605,1.25476,1.28001,29.771221126335654,0.0016362467282172585,GBPUSD_merged,-33.95608369744373
2023-09-05 06:00:00,2023-09-06 10:00:00,-1.1,90.0,1.750712194120391,25010.17420171987,1,1.2551,1.2505834780802034,1.2600681741117763,1.25973,1.31421,31.065565615753837,0.0016221118611570357,GBPUSD_merged,-100.75071219412041
2023-09-06 01:00:00,2023-09-06 10:00:00,-1.1,30.0,0.6836345899699203,9766.20842814172,1,0.58885,0.5870411608655518,0.5910206069613377,0.60501,0.64114,57.319447241264804,0.0011130213759590862,NZDUSD_merged,-33.68363458996992
2023-09-06 13:00:00,2023-09-06 17:00:00,-1.1,30.0,0.8558683606526328,12226.690866466184,1,1.70783,1.703639585720326,1.712858497135609,1.70751,1.73131,35.685414174246944,0.002383881749401772,GBPCAD_merged,-33.855868360652636
2023-09-06 13:00:00,2023-09-07 03:00:00,-1.1,29.999999999999996,0.7703897224981833,11005.567464259762,1,1.25019,1.246782115752159,1.2542794610974088,1.25476,1.28001,35.297083112996155,0.0019435922362155587,GBPUSD_merged,-33.77038972249818
2023-09-05 09:00:00,2023-09-08 08:00:00,1.2,90.0,1.3861760050618053,19802.514358025794,1,0.58829,0.5856162940734321,0.5914984471118815,0.60501,0.64114,32.488244492375216,0.0011630409834935522,NZDUSD_merged,106.6138239949382
2023-09-05 09:00:00,2023-09-08 08:00:00,1.1,90.0,1.3307289648593332,19010.41378370476,1,0.58829,0.5855048896598251,0.5913536213741923,0.60501,0.64114,31.675625459280084,0.0011630409834935522,NZDUSD_merged,97.66927103514068
2023-09-05 09:00:00,2023-09-08 16:00:00,-0.07693975753659794,89.99999999999999,1.1881508614815475,16973.58373545068,1,0.58829,0.5851706764190041,0.5917212559390955,0.60501,0.64114,29.067306584643728,0.0011630409834935522,NZDUSD_merged,-8.112729039775362
2023-09-05 09:00:00,2023-09-08 16:00:00,-0.07693975753659794,89.99999999999999,1.1881508614815475,16973.58373545068,1,0.58829,0.5851706764190041,0.5917212559390955,0.60501,0.64114,32.488244492375216,0.0011630409834935522,NZDUSD_merged,-8.112729039775362
2023-09-07 11:00:00,2023-09-08 16:00:00,-0.3133798664083102,15.0,0.4275852828483905,6108.361183548436,1,1.24748,1.244416625153994,1.2511560498152068,1.25476,1.28001,45.4873280601631,0.0018297005461375873,GBPUSD_merged,-5.128283278973044
2023-09-05 09:00:00,2023-09-08 16:00:00,-0.07693975753659794,59.99999999999999,0.7921005743210316,11315.722490300454,1,0.58829,0.5851706764190041,0.5917212559390955,0.60501,0.64114,33.28459063366306,0.0011630409834935522,NZDUSD_merged,-5.408486026516908
2023-09-11 04:00:00,2023-09-11 06:00:00,1.3,15.0,0.348511760778435,4978.739439691929,1,156.78,156.3076515213366,157.39405302226243,156.867,158.046,39.01288864708466,0.29043404296740927,EURJPY_merged,19.151488239221564
2023-09-14 11:00:00,2023-09-14 12:00:00,-1.1,15.0,0.49181396876281674,7025.913839468812,-1,0.66165,0.663062592045215,0.6598136303412204,0.6453,0.66179,71.1055652798432,0.0008444410331006612,CADCHF_merged,-16.991813968762816
2023-09-14 11:00:00,2023-09-14 12:00:00,-1.1,15.000000000000002,0.3981351175698993,5687.644536712847,-1,0.66165,0.6633949666440891,0.6599050333559108,0.6453,0.66179,73.69613272591381,0.0008444410331006612,CADCHF_merged,-16.898135117569904
2023-09-14 11:00:00,2023-09-14 12:00:00,-1.1,15.0,0.49181396876281674,7025.913839468812,-1,0.66165,0.663062592045215,0.6599548895457419,0.6453,0.66179,70.40880832713376,0.0008444410331006612,CADCHF_merged,-16.991813968762816
2023-09-14 11:00:00,2023-09-14 13:00:00,-1.1,14.999999999999998,0.28830474030923736,4118.63914727482,-1,0.66165,0.6640597158418374,0.6592402841581625,0.6453,0.66179,73.69613272591381,0.0008444410331006612,CADCHF_merged,-16.788304740309236
2023-09-13 12:00:00,2023-09-14 22:00:00,-1.1,60.0,1.724732411350686,24639.034447866943,-1,108.947,109.21230341575807,108.6021055595145,106.538,108.281,59.35686749684068,0.16255648759894906,CADJPY_merged,-67.72473241135069
2023-09-13 12:00:00,2023-09-14 22:00:00,-1.1,15.0,0.4311831028376715,6159.758611966736,-1,108.947,109.21230341575807,108.57557521793869,106.538,108.281,59.14692130153203,0.16255648759894906,CADJPY_merged,-16.93118310283767
2023-09-13 12:00:00,2023-09-15 01:00:00,-1.1,15.000000000000002,0.34905298801144835,4986.471257306405,-1,108.947,109.27472774887762,108.48818115157133,106.538,108.281,58.020855705897326,0.16255648759894906,CADJPY_merged,-16.84905298801145
2023-09-14 13:00:00,2023-09-15 01:00:00,1.3,30.0,0.8062885725437168,11518.408179195954,1,182.772,182.29596547207768,183.390844886299,183.349,186.761,37.300198854992175,0.271661716932354,GBPJPY_merged,38.193711427456286
2023-09-14 16:00:00,2023-09-15 09:00:00,1.3,60.0,1.538302821452617,21975.754592180245,1,1.43841,1.4344827355396155,1.4435154437984998,1.44834,1.48235,23.70395522000468,0.0021259697613094626,EURCAD_merged,76.46169717854738
2023-09-14 16:00:00,2023-09-15 09:00:00,1.2,15.0,0.40719780567863395,5817.1115096947715,1,1.43841,1.4347009168985259,1.4428608997217691,1.44834,1.48235,25.166862984737705,0.0021259697613094626,EURCAD_merged,17.592802194321365
2023-09-14 16:00:00,2023-09-15 09:00:00,1.3,15.0,0.40719780567863395,5817.1115096947715,1,1.43841,1.4347009168985259,1.4432318080319164,1.46276,1.48235,24.454313951854587,0.0021259697613094626,EURCAD_merged,19.092802194321365
2023-09-14 16:00:00,2023-09-15 09:00:00,1.4,15.0,0.40719780567863395,5817.1115096947715,1,1.43841,1.4347009168985259,1.443602716342064,1.44834,1.48235,25.166862984737705,0.0021259697613094626,EURCAD_merged,20.592802194321365
2023-09-14 18:00:00,2023-09-17 17:00:00,1.2,60.0,1.7331359405030358,24759.084864329085,-1,0.66259,0.6641956893951391,0.6606631727258332,0.6453,0.66179,65.89543315205627,0.0009199143754960936,CADCHF_merged,70.26686405949697
2023-09-14 18:00:00,2023-09-17 17:00:00,1.3,30.0,0.8665679702515179,12379.542432164542,-1,0.66259,0.6641956893951391,0.6605026037863193,0.6453,0.66179,66.22312643135882,0.0009199143754960936,CADCHF_merged,38.133432029748484
2023-09-14 16:00:00,2023-09-17 17:00:00,1.4,15.0,0.374826491798355,5354.664168547929,-1,0.66274,0.6645965309956116,0.6601408566061437,0.6453,0.66179,68.1565847165416,0.0008494864946581914,CADCHF_merged,20.625173508201645
2023-09-14 17:00:00,2023-09-17 17:00:00,1.0,15.0,0.2824438562450036,4034.912232071481,-1,0.66267,0.6651335108345088,0.6602064891654912,0.6453,0.66179,65.52063156962934,0.0009445231736111828,CADCHF_merged,14.717556143754996
2023-09-14 16:00:00,2023-09-17 17:00:00,1.0,15.0,0.2811198688487663,4015.998126410947,-1,0.66274,0.6652153746608155,0.6602646253391845,0.6453,0.66179,67.29469023672293,0.0008494864946581914,CADCHF_merged,14.718880131151234
2023-09-14 18:00:00,2023-09-17 17:00:00,1.0,15.0,0.350753702244662,5010.767174923743,-1,0.66259,0.6645734986645835,0.6606065013354165,0.6453,0.66179,66.4230363619732,0.0009199143754960936,CADCHF_merged,14.649246297755338
2023-09-14 16:00:00,2023-09-17 17:00:00,1.3,15.0,0.4372975737647475,6247.10819663925,-1,0.66274,0.6643313122819527,0.6606712940334614,0.6453,0.66179,67.54660284069834,0.0008494864946581914,CADCHF_merged,19.06270242623525
2023-09-15 08:00:00,2023-09-18 09:00:00,-1.1,60.0,2.1966967639194537,31381.38234170648,-1,109.321,109.53001756106781,109.02837541450506,106.538,108.281,59.713853928034425,0.12481211318830089,CADJPY_merged,-68.19669676391945
2023-09-15 08:00:00,2023-09-18 09:00:00,-1.1,60.0,2.1966967639194537,31381.38234170648,-1,109.321,109.53001756106781,109.04927717061184,106.538,108.281,59.46244829572307,0.12481211318830089,CADJPY_merged,-68.19669676391945
2023-09-19 11:00:00,2023-09-19 17:00:00,1.2,59.99999999999999,1.7520312633434725,25029.018047763893,-1,0.66918,0.6707841700047272,0.6672549959943272,0.6453,0.66179,63.81847767403885,0.0009433701706493376,CADCHF_merged,70.24796873665652
2023-09-19 10:00:00,2023-09-19 19:00:00,-1.1,60.0,1.5211249033131575,21730.355761616538,-1,87.718,87.96019944016271,87.37892078377222,85.788,87.526,63.24122006237727,0.11259499054813601,NZDJPY_merged,-67.52112490331315
2023-09-19 10:00:00,2023-09-19 19:00:00,-1.1,30.0,0.9395183226345974,13421.690323351393,-1,87.718,87.91406621346505,87.44350730114894,85.788,87.526,60.62053385358169,0.11259499054813601,NZDJPY_merged,-33.9395183226346
2023-09-19 10:00:00,2023-09-19 19:00:00,-1.1,30.0,0.7605624516565788,10865.177880808269,-1,87.718,87.96019944016271,87.4758005598373,85.788,87.526,62.31248346492268,0.11259499054813601,NZDJPY_merged,-33.760562451656575
2023-09-19 10:00:00,2023-09-19 19:00:00,-1.1,30.0,0.9395183226345974,13421.690323351393,-1,87.718,87.91406621346505,87.46311392249544,85.788,87.526,61.431687668804805,0.11259499054813601,NZDJPY_merged,-33.9395183226346
2023-09-19 21:00:00,2023-09-20 06:00:00,-1.1,30.0,0.9777058224597417,13967.226035139169,1,1.79828,1.7944175007561076,1.8033012490170603,1.80832,1.84611,41.053967669734696,0.002253339923134553,EURNZD_merged,-33.97770582245974
2023-09-19 10:00:00,2023-09-20 06:00:00,-1.1,30.0,0.5507521201651087,7867.8874309301245,-1,87.718,88.05246589355802,87.38353410644199,85.788,87.526,62.31248346492268,0.11259499054813601,NZDJPY_merged,-33.55075212016511
2023-09-19 21:00:00,2023-09-20 07:00:00,-1.1,30.000000000000004,0.7914761419912195,11306.802028445994,1,1.79828,1.7935086774046036,1.8049598516335552,1.80832,1.84611,40.1479506508634,0.002253339923134553,EURNZD_merged,-33.791476141991225
2023-09-19 12:00:00,2023-09-20 11:00:00,-1.1,60.00000000000001,1.7103824660920581,24434.035229886547,1,1.34322,1.3399216008922905,1.3478377587507933,1.34889,1.36941,43.34678198583092,0.0015670472244973907,USDCAD_merged,-67.71038246609207
2023-09-19 12:00:00,2023-09-20 11:00:00,-1.1,59.99999999999999,2.1128253992901893,30183.21998985985,1,1.34322,1.340549867388997,1.3466911723943038,1.34889,1.36941,40.55683089811302,0.0015670472244973907,USDCAD_merged,-68.11282539929019
2023-09-19 12:00:00,2023-09-20 12:00:00,1.3,30.0,0.9532724595573495,13618.177993676423,1,1.43492,1.4317589603939682,1.4390293514878412,1.44834,1.48235,41.84854304452188,0.0018430468436307582,EURCAD_merged,38.04672754044265
2023-09-20 09:00:00,2023-09-20 15:00:00,1.4,30.0,0.8733802113791991,12476.860162559988,-1,0.53456,0.5358453233739144,0.5327605472765199,0.51639,0.5292,65.16586611933491,0.0007777816748272077,NZDCHF_merged,41.1266197886208
2023-09-20 09:00:00,2023-09-20 15:00:00,1.3,30.0,0.8733802113791991,12476.860162559988,-1,0.53456,0.5358453233739144,0.5328890796139113,0.51639,0.5292,65.99075580566127,0.0007777816748272077,NZDCHF_merged,38.1266197886208
2023-09-19 12:00:00,2023-09-20 17:00:00,1.3,29.999999999999996,0.8752088077839424,12502.982968342036,-1,0.66838,0.6699837292901039,0.6662951519228649,0.6453,0.66179,61.615497354233185,0.000923843729888667,CADCHF_merged,38.12479119221606
2023-09-20 08:00:00,2023-09-20 17:00:00,1.4,30.0,1.2679012583743243,18112.875119633205,-1,0.86521,0.8666430303625771,0.8632037574923922,0.85217,0.86103,59.231594368565055,0.0008691762484664351,EURGBP_merged,40.73209874162568
2023-09-20 08:00:00,2023-09-20 17:00:00,1.3,30.0,1.2679012583743243,18112.875119633205,-1,0.86521,0.8666430303625771,0.86334706052865,0.85217,0.86103,59.457834185370444,0.0008691762484664351,EURGBP_merged,37.73209874162568
2023-09-19 12:00:00,2023-09-21 03:00:00,-1.1,29.999999999999996,0.8752088077839424,12502.982968342036,-1,0.66838,0.6699837292901039,0.6661347789938545,0.6453,0.66179,61.614710569253475,0.000923843729888667,CADCHF_merged,-33.87520880778394
2023-09-19 11:00:00,2023-09-21 06:00:00,1.4,30.0,0.7669821538093994,10956.88791156285,1,1.43379,1.429864277628175,1.4392860113205548,1.44834,1.48235,35.344238094686915,0.001859435062371567,EURCAD_merged,41.2330178461906
2023-09-21 07:00:00,2023-09-21 07:00:00,-1.1,60.0,2.1407301220988697,30581.858887126713,-1,0.86555,0.8672481636136534,0.8633423873022507,0.85217,0.86103,64.29102732031441,0.0011939969318274625,EURGBP_merged,-68.14073012209887
2023-09-22 09:00:00,2023-09-24 17:00:00,1.3,30.0,0.7891824737452091,11274.035339217275,-1,0.67329,0.6750816122659061,0.6709609040543222,0.6453,0.66179,60.087778658664746,0.0010878974561671674,CADCHF_merged,38.21081752625479
2023-09-24 17:00:00,2023-09-24 17:00:00,-1.1,30.0,0.7577742233559964,10825.346047942807,-1,0.5386,0.5400926081742274,0.5366596093735043,0.51639,0.5292,62.38266150849634,0.0009395758934855665,NZDCHF_merged,-33.757774223355995
2023-09-22 09:00:00,2023-09-24 17:00:00,1.4,30.0,0.7891824737452091,11274.035339217275,-1,0.67329,0.6750816122659061,0.6707817428277316,0.6453,0.66179,60.14011694478127,0.0010878974561671674,CADCHF_merged,41.21081752625479
2023-09-22 09:00:00,2023-09-24 17:00:00,1.4,30.0,0.6388620025556455,9126.600036509222,-1,0.67329,0.6755031680931781,0.6701915646695508,0.6453,0.66179,58.93111846490234,0.0010878974561671674,CADCHF_merged,41.36113799744435
2023-09-22 11:00:00,2023-09-24 17:00:00,-1.1,30.0,1.1605886147186526,16579.83735312361,1,1.08037,1.0784151497014298,1.0829113053881414,1.08052,1.08962,37.15936602118251,0.0011234896588829142,AUDNZD_merged,-34.160588614718655
2023-09-22 09:00:00,2023-09-24 17:00:00,1.3,60.0,1.5783649474904182,22548.07067843455,-1,0.67329,0.6750816122659061,0.6709609040543222,0.6453,0.66179,60.123559285200955,0.0010878974561671674,CADCHF_merged,76.42163505250959
2023-09-22 09:00:00,2023-09-24 17:00:00,1.2,90.0,2.3675474212356273,33822.10601765182,-1,0.67329,0.6750816122659061,0.6711400652809127,0.6453,0.66179,60.14011694478127,0.0010878974561671674,CADCHF_merged,105.63245257876437
2023-09-22 14:00:00,2023-09-24 17:00:00,1.3,90.00000000000001,2.1329290500765232,30470.41500109319,-1,0.5409,0.5424976480792354,0.5388230574969941,0.51639,0.5292,67.73866063804442,0.000911236345800819,NZDCHF_merged,114.8670709499235
2023-09-22 14:00:00,2023-09-24 17:00:00,1.3,90.0,2.0144329917389383,28777.614167699117,-1,0.5409,0.5425916273780139,0.538700884408582,0.51639,0.5292,68.22623506676199,0.000911236345800819,NZDCHF_merged,114.98556700826106
2023-09-22 11:00:00,2023-09-25 05:00:00,-1.1,30.0,0.9395241166770045,13421.77309538578,1,1.08037,1.0779551849252955,1.0837507411045864,1.08052,1.08962,37.55029362750041,0.0011234896588829142,AUDNZD_merged,-33.939524116677006
2023-09-22 16:00:00,2023-09-25 06:00:00,-1.1,60.0,1.4940616184724573,21343.73740674939,-1,0.54064,0.5421598088030142,0.5385122676757802,0.51639,0.5292,64.58983906109492,0.0008780048083690744,NZDCHF_merged,-67.49406161847246
2023-09-22 14:00:00,2023-09-25 09:00:00,-1.1,30.000000000000004,0.4167792396701251,5953.989138144645,-1,0.5409,0.543625399664578,0.5381746003354221,0.51639,0.5292,69.30341558641828,0.000911236345800819,NZDCHF_merged,-33.416779239670134
2023-09-22 09:00:00,2023-09-25 09:00:00,-1.1,30.0,0.6701948046178793,9574.211494541134,1,1.43267,1.4281808470264623,1.4389548141629531,1.44834,1.48235,47.749637844627074,0.002209999614149423,EURCAD_merged,-33.67019480461788
2023-09-22 09:00:00,2023-09-25 09:00:00,-1.1,30.0,0.8278876998220862,11826.967140315519,1,1.43267,1.4290359237833266,1.4373942990816757,1.44834,1.48235,46.34525525952034,0.002209999614149423,EURCAD_merged,-33.827887699822085
2023-09-25 12:00:00,2023-09-25 20:00:00,-1.1,90.00000000000001,2.7200325843616517,38857.6083480236,-1,0.67676,0.6783274768105768,0.6747222801462502,0.6453,0.66179,68.31043492260278,0.0009254705267856064,CADCHF_merged,-101.72003258436168
2023-09-25 12:00:00,2023-09-25 20:00:00,-1.1,30.000000000000004,0.9066775281205506,12952.536116007866,-1,0.67676,0.6783274768105768,0.6745655324651926,0.6453,0.66179,67.80375887050792,0.0009254705267856064,CADCHF_merged,-33.90667752812056
2023-09-25 12:00:00,2023-09-25 20:00:00,-1.1,90.00000000000001,2.7200325843616517,38857.6083480236,-1,0.67676,0.6783274768105768,0.6748790278273079,0.6453,0.66179,67.80375887050792,0.0009254705267856064,CADCHF_merged,-101.72003258436168
2023-09-26 00:00:00,2023-09-26 07:00:00,1.2,90.0,3.4280342195072784,48971.917421532555,-1,0.67741,0.678654935939004,0.6759160768731952,0.6453,0.66179,61.46441938858849,0.000723578454077793,CADCHF_merged,104.57196578049272
2023-09-26 00:00:00,2023-09-26 07:00:00,1.3,90.0,3.4280342195072784,48971.917421532555,-1,0.67741,0.678654935939004,0.6757915832792948,0.6453,0.66179,61.28274231875625,0.000723578454077793,CADCHF_merged,113.57196578049272
2023-09-26 00:00:00,2023-09-26 07:00:00,1.4,30.0,1.1426780731690929,16323.972473844186,-1,0.67741,0.678654935939004,0.6756670896853945,0.6453,0.66179,61.46441938858849,0.000723578454077793,CADCHF_merged,40.857321926830906
2023-09-26 09:00:00,2023-09-27 12:00:00,-1.1,15.0,0.7817241302845492,11167.487575493562,1,1.07504,1.0735960225707897,1.0769171706579734,1.08052,1.08962,38.847879373595056,0.000867298595787187,AUDNZD_merged,-17.281724130284548
2023-09-27 15:00:00,2023-09-28 06:00:00,1.4,30.0,0.6368881657755964,9098.402368222805,1,0.85827,0.8554400416229196,0.8622319417279125,0.86245,0.88262,27.26584710094185,0.001364199282382478,AUDCAD_merged,41.363111834224405
2023-09-27 15:00:00,2023-09-28 07:00:00,1.4,15.0,0.23366865833700115,3338.123690528588,1,0.63533,0.6324751177716872,0.6393268351196378,0.63567,0.65218,34.5985291585404,0.001390220032927433,AUDUSD_merged,20.766331341662998
2023-09-29 01:00:00,2023-09-29 02:00:00,-1.1,15.0,0.43437635036157185,6205.376433736741,1,1.63841,1.6344495392185416,1.6435585990158956,1.6454,1.68938,34.90851187730577,0.002268276897435234,EURAUD_merged,-16.93437635036157
2023-09-29 01:00:00,2023-09-29 06:00:00,-1.1,29.999999999999996,0.7032759958234971,10046.799940335673,1,1.63841,1.6335176660934927,1.6452592674691102,1.6454,1.68938,30.262002087555622,0.002268276897435234,EURAUD_merged,-33.703275995823496
2023-10-02 02:00:00,2023-10-03 02:00:00,-1.1,30.0,1.1367145670238068,16238.779528911526,1,1.06987,1.0678934906236115,1.0724394621893052,1.08052,1.09174,34.76766075727368,0.0011688916761786313,AUDNZD_merged,-34.13671456702381
2023-10-02 02:00:00,2023-10-03 09:00:00,-1.1,30.0,0.9201975066383197,13145.67866626171,1,1.06987,1.067428429593873,1.073288198568578,1.08052,1.09174,28.86547754131525,0.0011688916761786313,AUDNZD_merged,-33.92019750663832
2023-10-03 02:00:00,2023-10-03 10:00:00,-1.1,30.0,0.8649534883613119,12356.4784051616,1,180.843,180.40393558195888,181.45769018525758,180.724,186.761,33.18745001764169,0.21035841614063355,GBPJPY_merged,-33.86495348836131
2023-10-04 12:00:00,2023-10-05 04:00:00,-1.1,30.000000000000004,0.7930812048031965,11329.731497188523,-1,1.37411,1.3777485063503252,1.3690160911095446,1.33787,1.36941,59.27917255246788,0.002156705149337299,USDCAD_merged,-33.7930812048032
2023-10-12 17:00:00,2023-10-13 12:00:00,-1.1,90.0,2.8821594505392394,41173.70643627486,-1,1.66682,1.6704634368674625,1.6620835320722989,1.63197,1.66425,68.93916056108509,0.0021172554318072316,EURAUD_merged,-101.88215945053925
2023-10-13 15:00:00,2023-10-16 02:00:00,1.3,90.0,2.7828984678898356,39755.692398426225,1,0.94747,0.9453250920671835,0.9502583803126616,0.9526,0.96936,26.145975649255774,0.0012437312238073853,EURCHF_merged,114.21710153211016
2023-10-13 15:00:00,2023-10-16 02:00:00,1.4,30.0,0.9276328226299452,13251.897466142074,1,0.94747,0.9453250920671835,0.9504728711059433,0.95205,0.96936,26.73763968453042,0.0012437312238073853,EURCHF_merged,41.072367177370054
2023-10-13 15:00:00,2023-10-16 02:00:00,1.2,90.0,2.398890136210355,34269.859088719364,1,1.09387,1.0909972627720723,1.097317284673513,1.10671,1.12152,25.656473757651522,0.0016555707547504107,GBPCHF_merged,105.60110986378965
2023-10-13 15:00:00,2023-10-16 02:00:00,1.3,90.0,2.398890136210355,34269.859088719364,1,1.09387,1.0909972627720723,1.0976045583963059,1.10671,1.12152,25.02735421830348,0.0016555707547504107,GBPCHF_merged,114.60110986378965
2023-10-13 15:00:00,2023-10-16 02:00:00,1.3,89.99999999999999,2.2656184619764463,32365.978028234946,1,1.09387,1.0908282782292529,1.097824238301971,1.10671,1.12152,24.38144176320311,0.0016555707547504107,GBPCHF_merged,114.73438153802354
2023-10-13 15:00:00,2023-10-16 02:00:00,1.2,90.0,2.7828984678898356,39755.692398426225,1,0.94747,0.9453250920671835,0.9500438895193799,0.95205,0.96936,26.73763968453042,0.0012437312238073853,EURCHF_merged,105.21710153211016
2023-10-13 15:00:00,2023-10-16 02:00:00,1.3,90.0,2.6282929974515117,37547.042820735885,1,0.94747,0.9451989210123118,0.9504224026839946,0.95205,0.96936,25.536012356794892,0.0012437312238073853,EURCHF_merged,114.37170700254849
2023-10-13 16:00:00,2023-10-16 02:00:00,1.0,30.0,0.7622547234102578,10889.353191575112,1,0.94804,0.9454281644300044,0.9506518355699956,0.95205,0.96936,22.764854106931004,0.001229178993535448,EURCHF_merged,29.23774527658974
2023-10-12 16:00:00,2023-10-16 13:00:00,1.0,29.999999999999996,0.4632581029391799,6617.972899131142,1,0.63136,0.6284979755872849,0.6342220244127151,0.63567,0.65108,24.39520852456672,0.0012848067131052984,AUDUSD_merged,29.536741897060818
2023-10-19 07:00:00,2023-10-19 19:00:00,-1.1,60.0,2.3870799847825874,34101.142639751255,-1,0.87048,0.8720115850425234,0.8689484149574767,0.85217,0.87058,69.86043123654801,0.000743660052816469,EURGBP_merged,-68.38707998478259
2023-10-19 07:00:00,2023-10-19 19:00:00,-1.1,90.0,4.423118795332443,63187.411361892046,-1,0.87048,0.8717198545582333,0.8689921745301201,0.85217,0.87058,66.7940719126927,0.000743660052816469,EURGBP_merged,-103.42311879533246
2023-10-19 07:00:00,2023-10-19 19:00:00,-1.1,30.0,1.3191757810640616,18845.36830091517,-1,0.87048,0.8718657198003783,0.868817136239546,0.84922,0.87058,66.7940719126927,0.000743660052816469,EURGBP_merged,-34.31917578106406
2023-10-19 07:00:00,2023-10-19 19:00:00,-1.1,90.0,4.423118795332443,63187.411361892046,-1,0.87048,0.8717198545582333,0.8688681890742969,0.85217,0.87058,67.44685333282645,0.000743660052816469,EURGBP_merged,-103.42311879533246
2023-10-19 19:00:00,2023-10-20 02:00:00,-1.1,30.0,0.7626082357394345,10894.403367706207,1,1.08268,1.0796986159899056,1.0862576608121135,1.10671,1.12152,28.497048650156177,0.0015227816590687902,GBPCHF_merged,-33.762608235739435
2023-10-19 15:00:00,2023-10-20 03:00:00,-1.1,90.0,2.3503702674622726,33576.7181066039,-1,167.723,168.17256954852093,167.1385595869228,159.946,166.59,71.78522553454775,0.2467065131258693,CHFJPY_merged,-101.35037026746228
2023-10-19 19:00:00,2023-10-20 03:00:00,-1.1,60.0,1.0349683199320894,14785.261713315564,1,1.08268,1.078286381458808,1.0870736185411922,1.10671,1.12152,27.971480765557033,0.0015227816590687902,GBPCHF_merged,-67.03496831993209
2023-10-19 15:00:00,2023-10-20 03:00:00,-1.1,30.0,0.6715343621320778,9593.348030458255,-1,167.723,168.24749780660775,167.19850219339227,159.946,166.59,73.47220193014984,0.2467065131258693,CHFJPY_merged,-33.67153436213208
2023-10-19 19:00:00,2023-10-20 03:00:00,-1.1,30.000000000000004,0.6899788799547262,9856.841142210375,1,1.08268,1.0793847860941062,1.085975213905894,1.10671,1.12152,26.221485443973542,0.0015227816590687902,GBPCHF_merged,-33.68997887995474
2023-10-19 10:00:00,2023-10-20 09:00:00,1.0,30.0,0.8890487710189696,12700.696728842424,-1,1.45041,1.4538359774033645,1.4469840225966355,1.41568,1.44969,69.27236762803962,0.001615602253188409,EURCAD_merged,29.11095122898103
2023-10-19 10:00:00,2023-10-20 09:00:00,1.2,89.99999999999999,3.2947101514232404,47067.28787747486,-1,1.45041,1.453183410278914,1.447081907665303,1.41568,1.44969,66.73366669503302,0.001615602253188409,EURCAD_merged,104.70528984857674
2023-10-19 10:00:00,2023-10-20 10:00:00,1.3,90.0,3.1116706985663933,44452.438550948485,-1,1.45041,1.4533465520600268,1.4465924823219651,1.41568,1.44969,67.97424326399688,0.001615602253188409,EURCAD_merged,113.8883293014336
2023-10-19 10:00:00,2023-10-20 10:00:00,1.3,89.99999999999999,3.2947101514232404,47067.28787747486,-1,1.45041,1.453183410278914,1.4468045666374116,1.41568,1.44969,67.34414037067658,0.001615602253188409,EURCAD_merged,113.70528984857674
2023-10-19 10:00:00,2023-10-23 03:00:00,-1.1,29.999999999999996,1.09823671714108,15689.095959158287,-1,1.45041,1.453183410278914,1.44652722560952,1.41568,1.44969,66.73366669503302,0.001615602253188409,EURCAD_merged,-34.09823671714108
2023-10-19 10:00:00,2023-10-23 03:00:00,-1.1,90.0,2.000359734792682,28576.567639895457,-1,1.45041,1.4549779698711527,1.4458420301288473,1.41568,1.44969,67.34414037067658,0.001615602253188409,EURCAD_merged,-101.0003597347927
2023-10-24 03:00:00,2023-10-24 04:00:00,1.4,15.0,0.5135128118201491,7335.897311716416,-1,183.597,183.97240806297842,183.07142871183024,178.028,183.811,59.98156879645556,0.23412625288736869,GBPJPY_merged,20.48648718817985
2023-10-23 16:00:00,2023-10-24 04:00:00,1.3,90.0,2.851672731129204,40738.18187327434,-1,159.602,159.95459747341408,159.1436232845617,154.342,158.473,71.08736067183158,0.19360980771361427,EURJPY_merged,114.1483272688708
2023-10-23 16:00:00,2023-10-24 04:00:00,1.0,30.0,0.8147636374654866,11639.480535221239,-1,159.602,160.0133637189831,159.1906362810169,154.342,159.759,72.58132533225488,0.19360980771361427,EURJPY_merged,29.185236362534514
2023-10-23 15:00:00,2023-10-24 04:00:00,1.0,60.0,1.2186847341373546,17409.781916247925,-1,159.643,160.19318380161675,159.09281619838325,154.342,159.759,69.20644913583608,0.1958874852300471,EURJPY_merged,58.781315265862645
2023-10-23 16:00:00,2023-10-24 08:00:00,1.0,15.0,0.29500062735819343,4214.294676545621,-1,159.602,160.17007370716715,159.03392629283286,154.342,158.651,72.58132533225488,0.19360980771361427,EURJPY_merged,14.704999372641806
2023-10-25 20:00:00,2023-10-25 21:00:00,-1.1,30.0,1.603033147428157,22900.473534687957,-1,150.094,150.29062562842552,149.89737437157447,147.277,150.159,66.45052767495574,0.10008616222897107,USDJPY_merged,-34.60303314742816
2023-10-25 20:00:00,2023-10-25 22:00:00,-1.1,30.0,1.1608171067583204,16583.101525118866,-1,150.094,150.36553062973047,149.82246937026952,147.277,150.159,66.45052767495574,0.10008616222897107,USDJPY_merged,-34.16081710675832
2023-10-19 15:00:00,2023-10-26 02:00:00,1.0,60.0,1.0073015431981167,14390.022045687383,-1,167.723,168.42233040881032,167.0236695911897,159.946,166.59,71.06792358309009,0.2467065131258693,CHFJPY_merged,58.99269845680188
2023-10-26 00:00:00,2023-10-26 02:00:00,-1.1,90.0,4.9399962993820505,70571.37570545787,-1,150.418,150.6098287671832,150.16862260266186,147.277,150.159,71.26196661398274,0.1031021418008536,USDJPY_merged,-103.93999629938206
2023-10-26 04:00:00,2023-10-26 08:00:00,-1.1,90.0,3.9328886530062377,56184.12361437483,-1,1.38024,1.38245097334992,1.3773657346451038,1.34163,1.37851,59.70332183224857,0.0012848173760067977,USDCAD_merged,-102.93288865300624
2023-10-27 13:00:00,2023-10-30 02:00:00,1.3,90.00000000000001,2.57337911607888,36762.55880112686,-1,1.46726,1.4708520622586247,1.462590319063788,1.43261,1.44969,63.53145314670389,0.0021870508135345287,EURCAD_merged,114.42662088392115
2023-10-27 13:00:00,2023-10-30 02:00:00,1.2,90.00000000000001,2.57337911607888,36762.55880112686,-1,1.46726,1.4708520622586247,1.4629495252896503,1.41568,1.44969,63.150246586580025,0.0021870508135345287,EURCAD_merged,105.42662088392113
2023-10-27 13:00:00,2023-10-30 03:00:00,1.3,90.0,2.430413609630053,34720.19442328647,-1,1.46726,1.4710633600385439,1.4623156319498931,1.43261,1.44969,63.937634678287736,0.0021870508135345287,EURCAD_merged,114.56958639036995
2023-10-27 11:00:00,2023-10-30 04:00:00,-1.1,30.0,0.7892780680002869,11275.400971432671,-1,0.87973,0.882070661770421,0.8764530735214107,0.8584,0.87478,68.65079236896389,0.0013742270174568368,AUDCAD_merged,-33.789278068000286
2023-10-27 11:00:00,2023-10-30 04:00:00,-1.1,90.0,2.367834204000861,33826.20291429802,-1,0.87973,0.882070661770421,0.8769212058754948,0.8584,0.87478,68.65079236896389,0.0013742270174568368,AUDCAD_merged,-101.36783420400087
2023-10-27 11:00:00,2023-10-30 04:00:00,-1.1,90.0,2.367834204000861,33826.20291429802,-1,0.87973,0.882070661770421,0.8766871396984527,0.8584,0.87478,69.49389344030479,0.0013742270174568368,AUDCAD_merged,-101.36783420400087
2023-10-27 11:00:00,2023-10-30 05:00:00,-1.1,30.0,0.7061961661055199,10088.516658650286,-1,0.87973,0.8823460337434117,0.876590759507906,0.8584,0.87478,68.65079236896389,0.0013742270174568368,AUDCAD_merged,-33.70619616610552
2023-10-27 13:00:00,2023-10-31 04:00:00,-1.1,59.99999999999999,1.0416058326985942,14880.083324265632,-1,1.46726,1.473176337837735,1.461343662162265,1.41568,1.44969,63.53145314670389,0.0021870508135345287,EURCAD_merged,-67.0416058326986
2023-10-31 07:00:00,2023-10-31 13:00:00,-1.1,90.0,1.8946840564785776,27066.915092551113,-1,183.583,184.19343048103207,182.85048342276153,178.028,183.811,66.63366977336565,0.3498569854376831,GBPJPY_merged,-100.8946840564786
2023-10-31 07:00:00,2023-10-31 13:00:00,-1.1,90.0,1.8946840564785776,27066.915092551113,-1,183.583,184.19343048103207,182.7894403746583,180.984,183.811,67.4596301424475,0.3498569854376831,GBPJPY_merged,-100.8946840564786
2023-10-31 07:00:00,2023-10-31 15:00:00,-1.1,15.0,0.25563197587409386,3651.8853696299125,-1,183.583,184.33706118245138,182.82893881754862,178.028,183.811,70.38694355001665,0.3498569854376831,GBPJPY_merged,-16.755631975874095
2023-10-31 07:00:00,2023-10-31 15:00:00,-1.1,90.0,1.7894238311186565,25563.19758740938,-1,183.583,184.2293381563869,182.74276039669704,178.028,183.811,68.35652909840792,0.3498569854376831,GBPJPY_merged,-100.78942383111867
2023-11-05 18:00:00,2023-11-06 20:00:00,1.3,90.0,1.7627718863145683,25182.45551877955,-1,0.65045,0.6527746541607645,0.647427949591006,0.62859,0.65108,71.44059219698951,0.0012842263527753834,AUDUSD_merged,115.23722811368543
2023-11-05 18:00:00,2023-11-06 20:00:00,1.0,15.0,0.25182455518779545,3597.4936455399356,-1,0.65045,0.653162096520892,0.647737903479108,0.62851,0.65108,72.53555156990981,0.0012842263527753834,AUDUSD_merged,14.748175444812205
2023-11-05 18:00:00,2023-11-06 22:00:00,1.0,15.0,0.18235571237736914,2605.081605390988,-1,0.65045,0.6541952761478985,0.6467047238521014,0.62851,0.65108,72.53555156990981,0.0012842263527753834,AUDUSD_merged,14.817644287622631
2023-11-05 18:00:00,2023-11-06 22:00:00,1.0,30.0,0.37773683278169323,5396.240468309904,-1,0.65045,0.6540661286945226,0.6468338713054773,0.62851,0.65108,70.92611162083543,0.0012842263527753834,AUDUSD_merged,29.622263167218307
2023-11-06 09:00:00,2023-11-07 06:00:00,1.3,90.0,3.541051076825327,50586.44395464753,-1,160.85,161.13617350555376,160.47797444278012,154.342,158.473,66.86335991287089,0.15862918937296816,EURJPY_merged,113.45894892317467
2023-11-06 10:00:00,2023-11-08 09:00:00,-1.1,15.0,0.6261189109439071,8944.555870627246,-1,160.805,161.07466962193405,160.42746252929234,154.342,158.651,66.77415558561711,0.16122710441775565,EURJPY_merged,-17.12611891094391
2023-11-06 09:00:00,2023-11-08 10:00:00,-1.1,30.0,0.7326312572742054,10466.160818202936,-1,160.85,161.31105731450327,160.38894268549672,154.342,158.651,67.95248922244403,0.15862918937296816,EURJPY_merged,-33.73263125727421
2023-11-08 13:00:00,2023-11-08 17:00:00,0.41913078627946987,60.0,1.4537141557368558,20767.345081955085,-1,1.4782,1.482470743306378,1.473929256693622,1.41568,1.44969,68.13041355725285,0.0015048893618090117,EURCAD_merged,23.694133021031337
2023-11-08 17:00:00,2023-11-08 17:00:00,0.22226844036966317,60.0,1.6954536735469905,24220.76676495701,-1,161.64,162.04041672066433,161.23958327933565,154.342,159.759,66.32277358210658,0.14586268797541943,EURJPY_merged,11.6406527486328
2023-11-08 14:00:00,2023-11-08 17:00:00,0.40977541759305625,90.0,3.43634564190394,49090.65202719915,-1,1.47752,1.480228800851256,1.4739985588933668,1.43261,1.44969,67.1927251558061,0.001465968693108389,EURCAD_merged,33.44344194147112
2023-11-08 17:00:00,2023-11-08 17:00:00,0.3457509072416982,90.0,3.956058571609645,56515.12245156636,-1,161.64,161.89741074899848,161.30536602630193,154.342,158.473,66.64418962001734,0.14586268797541943,EURJPY_merged,27.161523080143194
2023-11-08 14:00:00,2023-11-08 17:00:00,0.25434336264396595,30.0,0.7109680638421944,10156.686626317063,-1,1.47752,1.481884179149246,1.4731558208507538,1.41568,1.44969,68.37500304407101,0.001465968693108389,EURCAD_merged,6.919332815476785
2023-11-08 18:00:00,2023-11-09 09:00:00,-1.1,15.0,0.6840359581624176,9771.942259463109,-1,161.541,161.7889665695582,161.26823677348597,154.342,158.651,68.71499228180265,0.14115821026289038,EURJPY_merged,-17.18403595816242
2023-11-08 18:00:00,2023-11-10 06:00:00,-1.1,15.0,0.5814305644380547,8306.15092054364,-1,161.541,161.83272537595084,161.13258447366883,157.695,158.473,66.86050266710973,0.14115821026289038,EURJPY_merged,-17.081430564438055
2023-11-08 18:00:00,2023-11-10 06:00:00,-1.1,15.0,0.6120321730926892,8743.31675846699,-1,161.541,161.81813910715329,161.23614698213137,157.695,158.473,68.71499228180265,0.14115821026289038,EURJPY_merged,-17.11203217309269
2023-11-08 18:00:00,2023-11-10 06:00:00,-1.1,15.0,0.5814305644380547,8306.15092054364,-1,161.541,161.83272537595084,161.24927462404915,157.695,158.473,68.35416760600184,0.14115821026289038,EURJPY_merged,-17.081430564438055
2023-11-08 18:00:00,2023-11-10 13:00:00,-1.1,15.0,0.4651444515504438,6644.920736434912,-1,161.541,161.90565671993855,161.1398776080676,157.695,158.473,66.86050266710973,0.14115821026289038,EURJPY_merged,-16.965144451550444
2023-11-08 18:00:00,2023-11-10 14:00:00,-1.1,15.0,0.4306893069911517,6152.704385587882,-1,161.541,161.93482925753364,161.14717074246636,157.695,158.473,67.21934120945052,0.14115821026289038,EURJPY_merged,-16.93068930699115
2023-11-08 18:00:00,2023-11-12 19:00:00,-1.1,15.0,0.4009865961641757,5728.3799452025105,-1,161.541,161.96400179512872,160.94879748681979,154.342,158.651,67.59077922847138,0.14115821026289038,EURJPY_merged,-16.900986596164177
2023-11-08 17:00:00,2023-11-12 22:00:00,-1.1,15.0,0.39560585716096447,5651.512245156636,-1,161.64,162.0690179149975,160.99647312750372,157.695,158.473,67.3032144092404,0.14586268797541943,EURJPY_merged,-16.895605857160966
2023-11-13 05:00:00,2023-11-13 08:00:00,1.2,15.0,0.8013920579909672,11448.457971299533,-1,162.237,162.44956618193478,161.98192058167825,154.342,158.651,70.04711530634856,0.1270361497963107,EURJPY_merged,17.198607942009033
2023-11-14 06:00:00,2023-11-14 08:00:00,-1.1,59.99999999999999,2.5307230732083967,36153.186760119956,-1,1.69875,1.701569253546756,1.6953668957438928,1.63569,1.67607,67.61245364504688,0.0016506426936062264,GBPCAD_merged,-68.53072307320839
2023-11-14 08:00:00,2023-11-14 08:00:00,-1.1,30.0,1.5208209424938757,21726.013464198226,-1,162.629,162.85356351728032,162.3595237792636,154.342,158.651,77.54153272289517,0.16523217330437817,EURJPY_merged,-34.52082094249388
2023-11-14 18:00:00,2023-11-14 21:00:00,-1.1,15.0,0.3387708706462743,4839.5838663753475,-1,90.253,90.53273376169922,89.94529286213087,86.781,89.927,74.16842676920275,0.16451003790293192,NZDJPY_merged,-16.838770870646275
2023-11-14 18:00:00,2023-11-14 21:00:00,-1.1,14.999999999999998,0.30311077899929795,4330.153985704257,-1,90.253,90.56564361601677,89.90909202238156,86.781,89.927,74.16842676920275,0.16451003790293192,NZDJPY_merged,-16.803110778999297
2023-11-15 02:00:00,2023-11-15 03:00:00,-1.1,30.0,0.9352084225890182,13360.12032270026,1,0.88879,0.886794232046122,0.8909853447492658,0.89532,0.91121,21.91284818375171,0.0010746610300907745,USDCHF_merged,-33.93520842258902
2023-11-14 20:00:00,2023-11-15 03:00:00,-1.1,15.0,0.4149537060429327,5927.910086327611,1,0.88976,0.8875085488467879,0.8924617413838545,0.88878,0.91121,25.094787576007906,0.0012797842433511554,USDCHF_merged,-16.914953706042933
2023-11-14 16:00:00,2023-11-15 03:00:00,-1.1,30.0,0.5700308762315842,8143.298231879776,-1,97.774,98.13420048836194,97.26971931629329,94.243,95.825,76.59521657395815,0.16060410223068836,AUDJPY_merged,-33.570030876231584
2023-11-14 16:00:00,2023-11-15 03:00:00,-1.1,60.0,1.6029102381036875,22898.717687195538,-1,163.491,163.91938468660126,162.89126143875825,157.695,158.473,76.42313538790866,0.19109743265637655,EURJPY_merged,-67.60291023810369
2023-11-15 02:00:00,2023-11-15 03:00:00,-1.1,15.0,0.5374316851860828,7677.595502658326,-1,169.464,169.79508803389288,169.09980316271782,164.977,168.413,75.45888968493583,0.20220354792468342,CHFJPY_merged,-17.037431685186082
2023-11-14 22:00:00,2023-11-15 07:00:00,1.0,15.000000000000002,0.48568568214284763,6938.366887754967,-1,1.48894,1.4921589275028704,1.4857210724971295,1.43261,1.47465,68.34875765955599,0.0015302163406184436,EURCAD_merged,14.514314317857155
2023-11-15 06:00:00,2023-11-15 08:00:00,-1.1,30.0,0.8002529020732869,11432.184315332672,-1,169.377,169.82147411446866,168.8880784740845,164.977,168.413,55.656584570143586,0.2302241912816754,CHFJPY_merged,-33.80025290207329
2023-11-15 04:00:00,2023-11-15 08:00:00,1.1,30.000000000000004,0.9897527568060306,14139.32509722901,-1,1.08704,1.089346418430565,1.0845029397263783,1.05167,1.07562,62.27934287097164,0.001317196977343831,EURUSD_merged,32.01024724319397
2023-11-15 03:00:00,2023-11-15 08:00:00,1.1,30.0,0.8216759864498756,11738.228377855366,-1,1.24693,1.250116843771976,1.2434244718508265,1.20691,1.24282,63.87472702198188,0.0016839086103642008,GBPUSD_merged,32.178324013550125
2023-11-15 00:00:00,2023-11-15 08:00:00,1.0,15.0,0.395702007645419,5652.885823505986,-1,1.48869,1.4926402566825507,1.4847397433174494,1.43261,1.47465,65.18806691161824,0.0014064110283904259,EURCAD_merged,14.604297992354581
2023-11-15 00:00:00,2023-11-15 08:00:00,1.4,15.0,0.5341977103213156,7631.395861733081,-1,1.48869,1.4916161160611487,1.484593437514392,1.43261,1.47465,65.32013573794931,0.0014064110283904259,EURCAD_merged,20.465802289678685
2023-11-15 05:00:00,2023-11-15 08:00:00,-1.1,15.0,0.4325321191890968,6179.030274129955,-1,1.0852,1.0878343939546875,1.0815118484634372,1.05167,1.07562,67.50362489556906,0.0012816829075335445,EURUSD_merged,-16.932532119189098
2023-11-15 03:00:00,2023-11-15 08:00:00,1.0,30.0,0.7805921871273818,11151.316958962598,-1,1.24693,1.2502845723915537,1.2435754276084465,1.20691,1.24282,65.1857266309147,0.0016839086103642008,GBPUSD_merged,29.219407812872618
2023-11-15 05:00:00,2023-11-15 08:00:00,-1.1,30.0,1.01772263338611,14538.894762658716,-1,1.0852,1.0874392348614845,1.082736841652367,1.05167,1.06942,63.823245991875396,0.0012816829075335445,EURUSD_merged,-34.01772263338611
2023-11-15 05:00:00,2023-11-15 08:00:00,-1.1,30.0,0.6920513907025548,9886.448438607928,-1,1.0852,1.0884929924433595,1.0815777083123044,1.05167,1.06942,67.50362489556906,0.0012816829075335445,EURUSD_merged,-33.69205139070255
2023-11-15 00:00:00,2023-11-15 08:00:00,1.1,15.0,0.42735816825705253,6105.116689386466,-1,1.48869,1.4923476450764357,1.4846665904159209,1.43261,1.44969,65.32013573794931,0.0014064110283904259,EURCAD_merged,16.07264183174295
2023-11-15 05:00:00,2023-11-15 08:00:00,-1.1,30.0,0.8650642383781936,12358.06054825991,-1,1.0852,1.0878343939546875,1.0825656060453124,1.05167,1.07562,65.25666800712398,0.0012816829075335445,EURUSD_merged,-33.865064238378196
2023-11-15 04:00:00,2023-11-15 09:00:00,-1.1,60.0,1.6382112837805016,23403.018339721453,-1,169.485,169.91952087471728,168.87667077539584,164.977,168.413,57.324604390462476,0.23031326326158855,CHFJPY_merged,-67.6382112837805
2023-11-15 05:00:00,2023-11-15 09:00:00,1.1,30.0,0.6314255632767283,9020.365189667547,-1,1.24625,1.2503947878454884,1.241690733369963,1.20691,1.22885,66.52815467579603,0.0016594926283242269,GBPUSD_merged,32.36857443672327
2023-11-15 06:00:00,2023-11-15 09:00:00,-1.1,30.0,0.6081922055756981,8688.46007965283,-1,169.377,169.961834361143,168.73368220274273,164.977,168.413,58.28660079454904,0.2302241912816754,CHFJPY_merged,-33.6081922055757
2023-11-15 04:00:00,2023-11-15 09:00:00,-1.1,60.0,1.6382112837805016,23403.018339721453,-1,169.485,169.91952087471728,169.05047912528275,164.977,168.413,54.94050658880283,0.23031326326158855,CHFJPY_merged,-67.6382112837805
2023-11-15 04:00:00,2023-11-15 09:00:00,1.0,30.0,0.5756976454990349,8224.252078557642,-1,1.2464,1.2509465532479833,1.2418534467520166,1.20691,1.24282,66.45751222512666,0.0016579151381953285,GBPUSD_merged,29.424302354500966
2023-11-14 22:00:00,2023-11-15 10:00:00,1.4,15.0,0.33495564285713625,4785.080612244804,-1,1.48894,1.493607444879162,1.4824055771691729,1.43261,1.44969,68.68822397610094,0.0015302163406184436,EURCAD_merged,20.665044357142865
2023-11-15 09:00:00,2023-11-15 10:00:00,1.1,15.0,0.35598502746479144,5085.5003923541635,-1,0.82431,0.8267413536615963,0.821635510972244,0.79614,0.82175,52.52238882129103,0.001497336033645083,NZDCAD_merged,16.14401497253521
2023-11-15 10:00:00,2023-11-15 11:00:00,-1.1,30.0,0.616125569677602,8801.793852537172,-1,1.24086,1.2450893424072038,1.2349389206299148,1.20691,1.24282,57.85721341891402,0.0022536232604874135,GBPUSD_merged,-33.6161255696776
2023-11-15 07:00:00,2023-11-15 11:00:00,-1.1,30.0,0.6458647306855305,9226.639009793294,-1,90.794,91.08921259010013,90.46926615088985,86.781,89.927,72.23592330419739,0.15241968689104252,NZDJPY_merged,-33.64586473068553
2023-11-15 10:00:00,2023-11-15 12:00:00,-1.1,60.0,1.1975248708278812,17107.498154684017,-1,90.815,91.1335094600468,90.4964905399532,86.781,89.927,74.7097252285143,0.16359367787887047,NZDJPY_merged,-67.19752487082788
2023-11-15 04:00:00,2023-11-15 14:00:00,-1.1,15.0,0.4655000748225618,6650.00106889374,-1,187.568,187.99108564628068,187.06029722446323,180.76,183.811,53.53526457184452,0.2500257731785118,GBPJPY_merged,-16.96550007482256
2023-11-14 18:00:00,2023-11-15 17:00:00,-1.1,15.0,0.36618346313008043,5231.192330429721,1,0.64891,0.6470493056524839,0.6515149720865225,0.64817,0.65999,26.09330133417912,0.0008596437181074271,CADCHF_merged,-16.86618346313008
2023-11-15 17:00:00,2023-11-15 19:00:00,1.1,30.0,0.7385294022140705,10550.42003162958,-1,91.128,91.38712143704271,90.84296641925303,86.781,89.927,71.445453519973,0.1374954391562094,NZDJPY_merged,32.26147059778593
2023-11-15 10:00:00,2023-11-15 20:00:00,1.1,30.0,0.607027540981332,8671.82201401903,-1,0.82236,0.8252049384639256,0.8192305676896817,0.79614,0.82002,57.70736747688919,0.0015682406026704496,NZDCAD_merged,32.392972459018665
2023-11-15 09:00:00,2023-11-15 20:00:00,1.1,14.999999999999998,0.24695883555112716,3527.9833650161027,-1,0.6025,0.6050616617384359,0.5996821720877206,0.57729,0.60016,57.48534218892228,0.0014205113759273257,NZDUSD_merged,16.253041164448874
2023-11-15 09:00:00,2023-11-15 20:00:00,1.1,30.0,0.48413251863263246,6916.178837609035,-1,0.65083,0.6536530762185945,0.6477246161595461,0.62698,0.65226,54.36535852020633,0.0015718417609671908,AUDUSD_merged,32.515867481367366
2023-11-15 17:00:00,2023-11-15 20:00:00,1.2,15.0,0.3759845136180651,5371.207337400931,-1,98.476,98.75101079500587,98.14598704599295,93.016,96.92,69.29348812675128,0.15971598046539165,AUDJPY_merged,17.624015486381936
2023-11-15 20:00:00,2023-11-15 20:00:00,1.0,30.0,0.6094283234746936,8706.118906781338,-1,90.836,91.14900744099387,90.52299255900613,86.781,89.927,47.6158721509431,0.17832488331858304,NZDJPY_merged,29.390571676525305
2023-11-15 09:00:00,2023-11-15 20:00:00,1.0,29.999999999999996,0.46922178754714156,6703.168393530595,-1,0.6025,0.6051964860404588,0.5998035139595412,0.57729,0.60016,59.25711670226303,0.0014205113759273257,NZDUSD_merged,29.530778212452855
2023-11-15 09:00:00,2023-11-15 20:00:00,1.0,30.0,0.6051745466901454,8645.350667002078,-1,0.82431,0.8271704160724663,0.8214495839275336,0.79614,0.82002,54.312366933018474,0.001497336033645083,NZDCAD_merged,29.394825453309856
2023-11-15 18:00:00,2023-11-15 20:00:00,1.1,30.0,0.8179625327010692,11685.179038586704,-1,91.044,91.27774224656555,90.78688352877789,86.781,89.927,73.93902223853271,0.13738862207362373,NZDJPY_merged,32.18203746729893
2023-11-15 09:00:00,2023-11-15 20:00:00,1.1,30.0,0.5410892855305893,7729.846936151276,-1,0.65083,0.6533559103008476,0.6480514986690676,0.62698,0.65108,54.36535852020633,0.0015718417609671908,AUDUSD_merged,32.45891071446941
2023-11-15 09:00:00,2023-11-15 20:00:00,1.0,30.0,0.45992589270100087,6570.369895728584,-1,0.65083,0.6538016591774678,0.6478583408225322,0.62698,0.65226,56.10318857045651,0.0015718417609671908,AUDUSD_merged,29.540074107299
2023-11-15 09:00:00,2023-11-15 21:00:00,1.0,15.0,0.17034292322259292,2433.4703317513276,-1,0.65083,0.6548417398895815,0.6468182601104185,0.62698,0.65226,59.00777644237045,0.0015718417609671908,AUDUSD_merged,14.829657076777407
2023-11-15 03:00:00,2023-11-15 21:00:00,1.4,60.0,1.0766788787963886,15381.126839948409,-1,1.24693,1.2517941299677529,1.2401202180451463,1.20691,1.23371,66.58694457805942,0.0016839086103642008,GBPUSD_merged,82.92332112120361
2023-11-15 20:00:00,2023-11-15 21:00:00,1.4,30.0,0.6094283234746936,8706.118906781338,-1,90.836,91.14900744099387,90.39778958260858,86.781,89.927,53.396040504086805,0.17832488331858304,NZDJPY_merged,41.390571676525305
2023-11-15 20:00:00,2023-11-15 21:00:00,1.0,30.0,0.4514283877590322,6448.976967986175,-1,90.836,91.25856004534172,90.41343995465827,86.781,89.927,52.390243537051404,0.17832488331858304,NZDJPY_merged,29.548571612240966
2023-11-15 20:00:00,2023-11-15 21:00:00,1.1,30.0,0.4875426587797549,6964.895125425071,-1,90.836,91.22725930124234,90.40561476863343,86.781,89.927,53.396040504086805,0.17832488331858304,NZDJPY_merged,32.51245734122025
2023-11-15 09:00:00,2023-11-15 21:00:00,1.1,15.0,0.18397035708040033,2628.1479582914335,-1,0.65083,0.6545445739718347,0.6467439686309818,0.62698,0.65226,59.486458693976715,0.0015718417609671908,AUDUSD_merged,16.3160296429196
2023-11-15 09:00:00,2023-11-15 21:00:00,1.4,15.0,0.22996294635050044,3285.184947864292,-1,0.65083,0.6538016591774678,0.6466696771515451,0.62698,0.65226,59.486458693976715,0.0015718417609671908,AUDUSD_merged,20.7700370536495
2023-11-15 21:00:00,2023-11-16 10:00:00,1.1,60.0,1.2546426266282316,17923.466094689025,-1,90.559,90.86215230164159,90.22553246819425,86.781,89.927,40.72622668122084,0.1842302487958268,NZDJPY_merged,64.74535737337177
2023-11-14 17:00:00,2023-11-16 10:00:00,-1.1,14.999999999999998,0.2873216449684883,4104.594928121262,-1,1.48926,1.4947024128059392,1.4810963807910913,1.43261,1.44969,71.31989027517352,0.0018002706304097466,EURCAD_merged,-16.78732164496849
2023-11-15 21:00:00,2023-11-16 10:00:00,1.0,60.0,1.066446232633997,15234.946180485671,-1,90.559,90.91564976663716,90.20235023336284,86.781,89.927,43.37953291785496,0.1842302487958268,NZDJPY_merged,58.933553767366
2023-11-15 05:00:00,2023-11-16 10:00:00,-1.1,30.000000000000004,0.6407883247245879,9154.11892463697,-1,1.0852,1.0887564318388283,1.0816435681611716,1.05167,1.07562,67.27165925212041,0.0012816829075335445,EURUSD_merged,-33.640788324724596
2023-11-15 05:00:00,2023-11-16 10:00:00,-1.1,60.0,1.1931920529354394,17045.600756220563,-1,1.0852,1.089019871234297,1.079852180271984,1.05167,1.06942,66.86698361874076,0.0012816829075335445,EURUSD_merged,-67.19319205293544
2023-11-15 10:00:00,2023-11-16 10:00:00,1.4,30.0,0.41293961063030377,5899.1372947186255,-1,90.815,91.27683871706786,90.168425796105,86.781,89.927,73.84562988977765,0.16359367787887047,NZDJPY_merged,41.5870603893697
2023-11-14 14:00:00,2023-11-16 11:00:00,1.4,15.0,0.3102645042725395,4432.350061036279,-1,187.96,188.59609596741572,187.069465645618,180.76,183.811,76.29720468159117,0.27519634988325825,GBPJPY_merged,20.68973549572746
2023-11-15 22:00:00,2023-11-16 15:00:00,1.0,60.0,0.7633804909726827,10905.43558532404,-1,90.41,90.90742167174874,89.91257832825126,86.781,89.927,49.73533680019576,0.1793566595961249,NZDJPY_merged,59.23661950902732
2023-11-15 10:00:00,2023-11-16 15:00:00,1.0,30.0,0.32895274126619706,4699.324875231387,-1,0.60079,0.6046253807150038,0.5969546192849963,0.57729,0.60016,66.9076999588198,0.0014919034205039595,NZDUSD_merged,29.671047258733804
2023-11-15 22:00:00,2023-11-16 15:00:00,1.4,60.0,1.0305636628131218,14722.338040187455,-1,90.41,90.77846049759165,89.89415530337168,86.781,89.927,50.81550977700835,0.1793566595961249,NZDJPY_merged,82.96943633718688
2023-11-15 22:00:00,2023-11-16 15:00:00,1.1,60.0,0.8244509302504973,11777.870432149963,-1,90.41,90.87057562198956,89.90336681581147,86.781,89.927,50.81550977700835,0.1793566595961249,NZDJPY_merged,65.17554906974951
2023-11-15 10:00:00,2023-11-16 15:00:00,1.1,30.0,0.3552689605674928,5075.270865249898,-1,0.60079,0.6043412784398183,0.5968835937161999,0.57729,0.60016,66.8818290050806,0.0014919034205039595,NZDUSD_merged,32.64473103943251
2023-11-15 10:00:00,2023-11-16 15:00:00,1.4,30.000000000000004,0.44408620070936605,6344.088581562372,-1,0.60079,0.6036310227518547,0.5968125681474036,0.57729,0.60016,66.8818290050806,0.0014919034205039595,NZDUSD_merged,41.555913799290636
2023-11-15 09:00:00,2023-11-16 21:00:00,1.4,30.0,0.4173617563380313,5962.310804829019,-1,0.82431,0.8284576033050761,0.8185033553728934,0.79614,0.82175,56.48666972900858,0.001497336033645083,NZDCAD_merged,41.58263824366197
2023-11-16 13:00:00,2023-11-17 02:00:00,1.1,60.0,1.8522601834380878,26460.85976340126,-1,1.70946,1.7133362005814288,1.7051961793604284,1.63569,1.67607,66.03673894727736,0.0022251095612846085,GBPCAD_merged,64.14773981656191
2023-11-16 13:00:00,2023-11-17 02:00:00,1.0,60.0,1.5744211559223744,22491.730798891065,-1,1.70946,1.7140202359781513,1.7048997640218486,1.65485,1.67607,64.79396984611866,0.0022251095612846085,GBPCAD_merged,58.42557884407763
2023-11-16 13:00:00,2023-11-17 03:00:00,1.0,60.0,1.166237893275833,16660.5413325119,-1,1.70946,1.7156163185705045,1.7033036814294955,1.65485,1.67607,62.271803060731415,0.0022251095612846085,GBPCAD_merged,58.833762106724166
2023-11-15 10:00:00,2023-11-17 15:00:00,-1.1,30.000000000000004,0.4929004557420816,7041.435082029738,-1,1.24086,1.2461466780090047,1.235044654190095,1.20691,1.22885,57.85721341891402,0.0022536232604874135,GBPUSD_merged,-33.49290045574209
2023-11-16 16:00:00,2023-11-17 15:00:00,-1.1,30.0,1.045944304404992,14942.06149149989,-1,1.49268,1.4956769358662776,1.489083676960467,1.41568,1.44969,65.06451587571443,0.0016934103471263901,EURCAD_merged,-34.04594430440499
2023-11-15 10:00:00,2023-11-19 20:00:00,-1.1,30.0,0.4563893108722977,6519.847298175682,-1,1.24086,1.246569612249725,1.2351503877502752,1.20691,1.24282,57.22078091451941,0.0022536232604874135,GBPUSD_merged,-33.4563893108723
2023-11-15 09:00:00,2023-11-19 23:00:00,-1.1,30.0,0.3171902708282764,4531.289583261092,-1,0.65083,0.6551389058073284,0.6447975318697404,0.62698,0.65108,58.32818681346954,0.0015718417609671908,AUDUSD_merged,-33.31719027082828
2023-11-20 09:00:00,2023-11-20 09:00:00,-1.1,30.0,1.3229125790815408,18898.751129736298,-1,1.49833,1.5007084587506034,1.4954758494992757,1.41568,1.44969,74.69134800787518,0.0017020152839431373,EURCAD_merged,-34.32291257908154
2023-11-20 09:00:00,2023-11-20 14:00:00,-1.1,30.0,0.8882364567287749,12689.092238982501,-1,0.898,0.9001230833138116,0.8956646083548072,0.8584,0.87478,70.200999741962,0.0012982387848550704,AUDCAD_merged,-33.88823645672878
2023-11-20 09:00:00,2023-11-20 14:00:00,-1.1,30.0,0.7947378823362724,11353.398319089607,-1,0.898,0.9003728578213188,0.8953898563965493,0.8584,0.89087,70.200999741962,0.0012982387848550704,AUDCAD_merged,-33.79473788233627
2023-11-20 06:00:00,2023-11-20 15:00:00,-1.1,90.0,2.4296664979405413,34709.521399150595,-1,0.82639,0.8285327866764484,0.8240329346559068,0.79614,0.82175,65.78647143252753,0.0012168582686482884,NZDCAD_merged,-101.42966649794056
2023-11-20 09:00:00,2023-11-20 15:00:00,-1.1,30.0,0.7550009882194586,10785.728403135125,-1,0.898,0.9004977450750725,0.8955022549249275,0.8752,0.89087,69.76097978477661,0.0012982387848550704,AUDCAD_merged,-33.75500098821946
2023-11-20 09:00:00,2023-11-20 15:00:00,-1.1,60.0,1.5100019764389172,21571.45680627025,-1,0.898,0.9004977450750725,0.8945031568948986,0.8584,0.89087,67.67636577775141,0.0012982387848550704,AUDCAD_merged,-67.51000197643891
2023-11-20 06:00:00,2023-11-20 16:00:00,-1.1,60.0,1.37681101549964,19668.728792852,-1,0.82639,0.828910925501704,0.8238690744982959,0.79614,0.82002,64.88842280865127,0.0012168582686482884,NZDCAD_merged,-67.37681101549964
2023-11-20 09:00:00,2023-11-20 19:00:00,-1.1,60.0,1.2080015811511338,17257.1654450162,-1,0.898,0.9011221813438406,0.8945656005217754,0.8584,0.89087,67.67636577775141,0.0012982387848550704,AUDCAD_merged,-67.20800158115114
2023-11-20 01:00:00,2023-11-20 20:00:00,-1.1,60.0,1.0515689112606086,15022.413018008694,-1,0.65455,0.657164293719186,0.6519357062808139,0.63381,0.65226,69.40193331738003,0.0012616363696221254,AUDUSD_merged,-67.0515689112606
2023-11-20 06:00:00,2023-11-20 20:00:00,-1.1,60.0,1.0198600114812149,14569.428735445927,-1,0.82639,0.8297932494273004,0.8229867505726995,0.79614,0.82002,62.616766345814376,0.0012168582686482884,NZDCAD_merged,-67.01986001148121
2023-11-20 06:00:00,2023-11-20 20:00:00,-1.1,60.0,1.2539592726200268,17913.703894571812,-1,0.65541,0.65760522440649,0.652995253152861,0.62698,0.65108,66.75440994263249,0.0012662150119483455,AUDUSD_merged,-67.25395927262002
2023-11-20 06:00:00,2023-11-20 21:00:00,-1.1,30.0,0.6864323647650865,9806.176639501236,-1,1.0926,1.0959425871473663,1.0892574128526338,1.05167,1.07562,61.80836685824216,0.0012074241512106136,EURUSD_merged,-33.68643236476509
2023-11-20 06:00:00,2023-11-20 22:00:00,-1.1,89.99999999999999,1.598798072590534,22839.97246557906,-1,0.65541,0.6579926169488118,0.6517943362716635,0.62698,0.65226,63.85480484721308,0.0012662150119483455,AUDUSD_merged,-100.59879807259053
2023-11-20 01:00:00,2023-11-20 22:00:00,-1.1,90.0,1.1684099014006761,16691.57002000966,-1,0.65455,0.6580792965209012,0.6510207034790987,0.62698,0.65226,66.07576653548936,0.0012616363696221254,AUDUSD_merged,-100.1684099014007
2023-11-21 02:00:00,2023-11-21 03:00:00,-1.1,60.00000000000001,1.01025696736323,14432.242390903286,-1,0.83113,0.8345853050488836,0.8273291644462281,0.79614,0.82002,68.6138458167022,0.0014191133038710673,NZDCAD_merged,-67.01025696736325
2023-11-21 02:00:00,2023-11-21 03:00:00,-1.1,60.0,1.2628212092040374,18040.302988629108,-1,0.83113,0.833894244039107,0.8272600583452504,0.79614,0.82002,68.6138458167022,0.0014191133038710673,NZDCAD_merged,-67.26282120920403
2023-11-21 03:00:00,2023-11-21 08:00:00,1.1,60.0,2.012736044979316,28753.37207113309,-1,1.50319,1.5063267242693092,1.49973960330376,1.43261,1.44969,60.93726832687618,0.0013357833000291332,EURCAD_merged,63.98726395502069
2023-11-21 03:00:00,2023-11-21 08:00:00,1.4,60.0,2.515920056224145,35941.71508891636,-1,1.50319,1.5056993794154474,1.4996768688183737,1.43261,1.47465,60.93726832687618,0.0013357833000291332,EURCAD_merged,81.48407994377585
2023-11-21 00:00:00,2023-11-22 01:00:00,1.4,30.0,0.5129774545972602,7328.249351389432,-1,0.60647,0.608952734842606,0.6029941712203515,0.57729,0.60016,62.442724955366614,0.0012341268912099868,NZDUSD_merged,41.48702254540274
2023-11-21 00:00:00,2023-11-22 01:00:00,1.1,30.0,0.41038196367780827,5862.599481111547,-1,0.60647,0.6095734185532575,0.6030562395914166,0.57729,0.60016,62.442724955366614,0.0012341268912099868,NZDUSD_merged,32.58961803632219
2023-11-24 12:00:00,2023-11-26 20:00:00,1.2,15.0,0.5248376234648712,7497.680335212446,-1,188.444,188.82100460324037,187.99159447611152,180.76,183.811,72.58494358009348,0.2156411698371844,GBPJPY_merged,17.475162376535128
2023-11-26 17:00:00,2023-11-26 21:00:00,1.1,60.0,1.9834023310294329,28334.319014706187,-1,90.814,91.0063053099378,90.60246415906839,86.781,89.927,66.05795119168995,0.1151835726551088,NZDJPY_merged,64.01659766897056
2023-11-24 12:00:00,2023-11-26 21:00:00,1.1,30.0,0.9074164951007256,12963.092787153224,-1,0.608,0.6094070716224508,0.6064522212153041,0.58615,0.60551,69.43011383647021,0.0007985685332714697,NZDUSD_merged,32.092583504899274
2023-11-24 12:00:00,2023-11-26 22:00:00,1.0,29.999999999999996,0.7713040208356167,11018.62886908024,-1,0.608,0.6096553783793539,0.6063446216206461,0.58615,0.60016,68.13511531730599,0.0007985685332714697,NZDUSD_merged,29.228695979164378
2023-11-26 17:00:00,2023-11-26 22:00:00,1.4,89.99999999999999,1.7440261876293284,24914.659823276124,-1,90.814,91.1420502345998,90.35472967156026,86.781,89.927,66.4147654957805,0.1151835726551088,NZDJPY_merged,124.25597381237064
2023-11-24 12:00:00,2023-11-28 05:00:00,-1.1,60.0,1.9407689537822246,27725.270768317496,-1,1.11105,1.1134544129472013,1.108645587052799,1.07821,1.11249,64.29736682367137,0.0011963345826291035,GBPCHF_merged,-67.94076895378223
2023-11-28 13:00:00,2023-11-28 20:00:00,-1.1,89.99999999999999,1.2227715091422042,17468.164416317206,-1,0.61301,0.6161683684859564,0.609535794665448,0.58615,0.60016,60.571454204642016,0.001260965437640943,NZDUSD_merged,-100.22277150914219
2023-11-28 13:00:00,2023-11-28 20:00:00,-1.1,60.0,1.1987955971982396,17125.65138854628,-1,0.61301,0.6151576905704503,0.6106475403725047,0.58615,0.60551,61.550285387777436,0.001260965437640943,NZDUSD_merged,-67.19879559719824
2023-11-28 13:00:00,2023-11-28 20:00:00,-1.1,29.999999999999996,0.5094881288092518,7278.401840132169,-1,0.61301,0.6155366947887652,0.610483305211235,0.58615,0.60016,61.32332971627155,0.001260965437640943,NZDUSD_merged,-33.50948812880925
2023-11-28 13:00:00,2023-11-28 20:00:00,-1.1,89.99999999999999,1.5284643864277552,21835.205520396506,-1,0.61301,0.6155366947887652,0.6094726272957289,0.58615,0.60016,60.571454204642016,0.001260965437640943,NZDUSD_merged,-100.52846438642774
2023-11-28 13:00:00,2023-11-28 20:00:00,-1.1,30.0,0.7897648799976092,11282.355428537276,-1,1.2692,1.2725748272017465,1.2651502073579044,1.20691,1.23371,64.62885540393223,0.0019848215807859158,GBPUSD_merged,-33.78976487999761
2023-11-29 01:00:00,2023-11-29 02:00:00,1.1,30.0,0.44319081390926957,6331.297341560994,-1,0.61924,0.6221741853648307,0.6160123960986862,0.58615,0.60016,67.24103767940514,0.00152042893769925,NZDUSD_merged,32.55680918609073
2023-11-29 01:00:00,2023-11-29 03:00:00,1.2,30.0,0.5826799218540388,8323.998883629127,-1,0.54273,0.5446860190033209,0.540382777196015,0.52693,0.53931,64.87773468967691,0.001139842312738288,NZDCHF_merged,35.41732007814596
2023-11-29 01:00:00,2023-11-29 04:00:00,1.2,30.0,0.642288128083682,9175.544686909743,1,1.77642,1.7706118870412098,1.7833897355505486,1.78809,1.82831,33.99083563484467,0.0034074986749695114,EURNZD_merged,35.357711871916315
2023-11-28 21:00:00,2023-11-29 04:00:00,1.2,30.0,0.6654050682697463,9505.786689567805,1,146.898,146.43439397306943,147.45432723231667,148.804,151.907,30.176034022502552,0.27394446849148574,USDJPY_merged,35.33459493173025
2023-11-29 02:00:00,2023-11-29 04:00:00,1.0,30.0,0.4268979522201054,6098.5421745729345,-1,0.61816,0.6212008578753986,0.6151191421246015,0.58615,0.60016,57.78058149330885,0.0015811125850064612,NZDUSD_merged,29.573102047779894
2023-11-29 02:00:00,2023-11-29 04:00:00,1.1,30.0,0.5022328849648299,7174.755499497571,-1,0.61816,0.6207447291940887,0.6153167978865024,0.58615,0.60551,57.06728249044037,0.0015811125850064612,NZDUSD_merged,32.49776711503517
2023-11-29 02:00:00,2023-11-29 04:00:00,1.1,30.0,0.9141356778194395,13059.08111170628,1,1.07381,1.0713431878464923,1.0765234933688583,1.07727,1.09416,33.00905872603765,0.0015431326888907938,AUDNZD_merged,32.08586432218056
2023-11-29 02:00:00,2023-11-29 04:00:00,1.0,30.0,0.7770153261465238,11100.21894495034,1,1.07381,1.0709078680546968,1.076712131945303,1.07727,1.08867,33.16079120362917,0.0015431326888907938,AUDNZD_merged,29.222984673853475
2023-11-28 21:00:00,2023-11-29 05:00:00,1.4,15.0,0.2570883218314929,3672.6903118784703,1,146.898,146.29803925926632,147.73794503702715,147.149,151.907,29.76914270143082,0.27394446849148574,USDJPY_merged,20.742911678168507
2023-11-29 03:00:00,2023-11-29 10:00:00,1.0,30.0,0.4882947157331793,6975.6387961882765,-1,0.54071,0.5430354214379426,0.5383845785620575,0.52693,0.53931,56.71556572254764,0.001140374239044766,NZDCHF_merged,29.51170528426682
2023-11-29 03:00:00,2023-11-29 10:00:00,1.1,60.0,1.1489287429015984,16413.26775573712,-1,0.54071,0.5426866082222512,0.5385357309555238,0.52693,0.53931,56.102371745194,0.001140374239044766,NZDCHF_merged,64.8510712570984
2023-11-29 03:00:00,2023-11-29 10:00:00,1.1,30.0,0.513994437613873,7342.777680198185,-1,0.54071,0.5429191503660454,0.53827993459735,0.52693,0.53931,56.102371745194,0.001140374239044766,NZDCHF_merged,32.486005562386126
2023-11-29 02:00:00,2023-11-29 11:00:00,1.1,60.0,0.6830367235521687,9757.667479316697,-1,0.61816,0.6219610723442481,0.6139788204213271,0.58615,0.60016,59.14181305583831,0.0015811125850064612,NZDUSD_merged,65.31696327644784
2023-11-29 02:00:00,2023-11-29 11:00:00,1.4,60.0,0.8537959044402108,12197.084349145869,-1,0.61816,0.6212008578753986,0.6139027989744421,0.58615,0.60016,59.14181305583831,0.0015811125850064612,NZDUSD_merged,83.1462040955598
2023-11-29 03:00:00,2023-11-29 14:00:00,1.1,90.00000000000001,1.1719073177596302,16741.533110851862,-1,0.54071,0.5436167767974283,0.537512545522829,0.52693,0.53931,57.81641700718803,0.001140374239044766,NZDCHF_merged,97.8280926822404
2023-11-29 03:00:00,2023-11-29 14:00:00,1.4,60.0,0.9765894314663586,13951.277592376553,-1,0.54071,0.5430354214379426,0.5374544099868804,0.52693,0.53931,57.81641700718803,0.001140374239044766,NZDCHF_merged,83.02341056853363
2023-11-29 04:00:00,2023-11-29 17:00:00,-1.1,60.0,1.5935120894380392,22764.45842054342,1,1.0762,1.0733634730417427,1.0793201796540832,1.07727,1.08867,37.833928293727276,0.001486986859298716,AUDNZD_merged,-67.59351208943804
2023-11-29 03:00:00,2023-11-30 09:00:00,1.1,60.0,0.8611491029305558,12302.130041865084,-1,0.61595,0.6189541139115122,0.6126454746973365,0.58615,0.60016,59.74739227856804,0.0015653188289345892,NZDUSD_merged,65.13885089706945
2023-11-29 16:00:00,2023-11-30 10:00:00,-1.1,30.0,0.7573340273108814,10819.057533012592,1,0.6428,0.6410175896614694,0.645295374473943,0.64817,0.65999,28.46532366454641,0.0007851731948343996,CADCHF_merged,-33.75733402731088
2023-11-29 01:00:00,2023-11-30 10:00:00,-1.1,30.0,0.49631355351920864,7090.1936217029815,1,1.77642,1.7689036185239186,1.7869429340665144,1.79543,1.82831,33.63864360839394,0.0034074986749695114,EURNZD_merged,-33.49631355351921
2023-11-29 03:00:00,2023-11-30 17:00:00,1.4,90.0,1.0102649291031294,14432.356130044707,-1,0.54071,0.5440818610850168,0.5359893944809766,0.52693,0.53931,57.45027089219987,0.001140374239044766,NZDCHF_merged,124.98973507089686
2023-12-03 19:00:00,2023-12-03 22:00:00,1.2,30.0,1.1534908762057605,16478.441088653723,1,0.85639,0.8548308901387104,0.8582609318335476,0.86494,0.87656,36.23099235236162,0.0009516146301161812,EURGBP_merged,34.84650912379424
2023-11-29 02:00:00,2023-12-04 23:00:00,-1.1,90.0,1.6076179161652213,22965.970230931733,1,1.07381,1.0696019086793103,1.0797013278489653,1.07727,1.09416,33.75681743793936,0.0015431326888907938,AUDNZD_merged,-100.60761791616524
2023-11-29 02:00:00,2023-12-06 21:00:00,1.4,90.0,0.8832371425243559,12617.673464633659,-1,0.61816,0.6225692439193279,0.6119870585129411,0.58615,0.60551,58.66695864145158,0.0015811125850064612,NZDUSD_merged,125.11676285747563
2023-12-07 09:00:00,2023-12-07 09:00:00,-1.1,60.0,0.981120386377592,14016.005519679888,1,95.353,94.94481094842129,95.7611890515787,96.032,98.54,22.716766356206385,0.2195163453758265,AUDJPY_merged,-66.9811203863776
2023-12-07 07:00:00,2023-12-07 09:00:00,-1.1,90.0,1.3757312070193677,19653.30295741954,1,106.679,106.19047600885197,107.36293358760724,107.227,109.982,22.49446324691074,0.24574328160444311,CADJPY_merged,-100.37573120701938
2023-12-07 09:00:00,2023-12-07 09:00:00,-1.1,60.0,1.0327583014500972,14753.690020715674,1,95.353,94.96522040100022,95.77955755889974,96.032,98.54,21.948161949315466,0.2195163453758265,AUDJPY_merged,-67.0327583014501
2023-12-07 07:00:00,2023-12-07 10:00:00,-1.1,90.0,1.1005849656154942,15722.642365935633,1,106.679,106.06834501106496,107.35072048782854,107.227,110.67,22.49446324691074,0.24574328160444311,CADJPY_merged,-100.10058496561551
2023-12-07 07:00:00,2023-12-07 10:00:00,-1.1,60.0,0.9200932450825365,13144.189215464809,1,145.023,144.36100557361405,145.94979219694034,148.804,151.907,25.620278275569603,0.33014026939347546,USDJPY_merged,-66.92009324508254
2023-12-07 08:00:00,2023-12-07 10:00:00,-1.1,90.0,0.9543767789231064,13633.953984615804,1,145.036,144.07859321875893,146.3763694937375,148.804,151.907,21.700011762646863,0.344987393008228,USDJPY_merged,-99.95437677892312
2023-12-07 07:00:00,2023-12-07 12:00:00,-1.1,60.0,0.9697852558651834,13854.075083788335,1,95.212,94.79965056739985,95.78928920564022,96.032,98.54,24.623480176134038,0.1979479508500704,AUDJPY_merged,-66.96978525586519
2023-12-13 19:00:00,2023-12-13 21:00:00,-1.1,30.0,0.5025751461368819,7179.6449448125995,1,180.204,179.45102126058393,181.1075744872993,184.454,188.656,24.78124140020461,0.46436233665584,GBPJPY_merged,-33.502575146136884
2023-12-14 01:00:00,2023-12-14 03:00:00,1.1,15.0,0.1856919152040809,2652.7416457725844,-1,0.62383,0.6273574637524209,0.6199497898723371,0.58615,0.62221,71.72903942900581,0.0018082341647169657,NZDUSD_merged,16.31430808479592
2023-12-14 01:00:00,2023-12-14 03:00:00,1.1,60.0,0.830152091500597,11859.315592865672,-1,0.62383,0.6269861517784818,0.62035823304367,0.58615,0.62221,71.72903942900581,0.0018082341647169657,NZDUSD_merged,65.1698479084994
2023-12-13 23:00:00,2023-12-14 07:00:00,1.1,60.00000000000001,1.2415392339608387,17736.274770869124,1,1.88314,1.8767695303574359,1.8901475166068207,1.90139,1.93147,20.88644108118809,0.0036575254350141116,GBPAUD_merged,64.75846076603918
2023-12-13 23:00:00,2023-12-14 08:00:00,1.2,30.0,0.6598982359010074,9427.117655728678,1,1.62407,1.6189017076566459,1.6302719508120247,1.64517,1.68394,26.012327023021633,0.002971588254773224,EURAUD_merged,35.34010176409899
2023-12-14 04:00:00,2023-12-14 08:00:00,1.1,30.0,0.5341945937507929,7631.351339297043,1,1.88805,1.8806277889810512,1.8962144321208436,1.89684,1.92637,37.249927508784936,0.003850967791215589,GBPAUD_merged,32.46580540624921
2023-12-14 04:00:00,2023-12-14 09:00:00,1.1,30.0,0.5393360872851931,7704.801246931331,1,1.62857,1.6222288760132575,1.6355452363854168,1.62677,1.68394,36.26189890789759,0.003521188414573438,EURAUD_merged,32.46066391271481
2023-12-14 14:00:00,2023-12-14 22:00:00,-1.1,90.00000000000001,2.813810353514403,40197.290764491474,1,1.34182,1.3388157229031297,1.3451247048065573,1.34793,1.38986,23.748556822958715,0.0017524202629964293,USDCAD_merged,-101.81381035351443
2023-12-14 14:00:00,2023-12-15 02:00:00,-1.1,30.000000000000004,0.8392065966621903,11988.66566660272,1,1.34182,1.338462278538792,1.345513493607329,1.34793,1.38542,23.748556822958715,0.0017524202629964293,USDCAD_merged,-33.839206596662194
2023-12-14 03:00:00,2023-12-19 09:00:00,-1.1,90.0,0.8455514930886483,12079.307044123549,-1,0.62163,0.6262616150252359,0.6165352234722405,0.58615,0.62221,56.641386093499236,0.0019295998665161919,NZDUSD_merged,-99.84555149308866
2023-12-19 11:00:00,2023-12-20 02:00:00,1.1,60.0,1.7487520358331343,24982.17194047335,-1,1.27383,1.276889373707863,1.2704646889213507,1.20691,1.27329,74.30047541050122,0.0018646579076563269,GBPUSD_merged,64.25124796416686
2023-12-19 11:00:00,2023-12-20 02:00:00,1.1,30.000000000000004,0.7823364370832442,11176.234815474918,-1,1.27383,1.2772493000264353,1.2700687699709212,1.20691,1.27329,74.30047541050122,0.0018646579076563269,GBPUSD_merged,32.21766356291676
2023-12-14 01:00:00,2023-12-20 03:00:00,-1.1,90.0,0.7299613218367317,10428.018883381883,-1,0.62383,0.629214023622116,0.6162923669290375,0.58615,0.62221,69.1245548736222,0.0018082341647169657,NZDUSD_merged,-99.72996132183674
2023-12-19 12:00:00,2023-12-20 07:00:00,1.2,30.000000000000004,0.7290149873703529,10414.499819576471,1,0.86094,0.8584599769122422,0.8639160277053095,0.88878,0.91121,35.15506087657337,0.0014417773168425435,USDCHF_merged,35.270985012629644
2023-12-20 09:00:00,2023-12-20 14:00:00,1.1,30.0,0.7543516695369916,10776.452421957025,1,1.74137,1.7365222915005352,1.7467024793494115,1.79543,1.82831,35.319566303679075,0.0025163237027460085,EURNZD_merged,32.245648330463005
2023-12-22 08:00:00,2023-12-22 09:00:00,-1.1,15.0,0.35452225806207943,5064.603686601135,1,0.85453,0.8519991109525685,0.8580732446664041,0.86663,0.88205,29.387918574792895,0.001318232390149662,USDCHF_merged,-16.85452225806208
2023-12-27 14:00:00,2023-12-27 17:00:00,-1.1,30.000000000000004,0.632520801999844,9036.011457140628,1,0.63804,0.6359216759926889,0.6405819888087735,0.64045,0.65999,26.298352895297494,0.0012327820208002447,CADCHF_merged,-33.63252080199985
2023-12-27 15:00:00,2023-12-27 20:00:00,-1.1,30.0,0.6422461571066613,9174.945101523734,1,0.84327,0.8405126973981786,0.8465787631221856,0.88878,0.88205,24.17433145954083,0.001576089656457072,USDCHF_merged,-33.64224615710666
2023-12-27 13:00:00,2023-12-28 02:00:00,-1.1,30.0,1.0037350192011472,14339.071702873533,-1,1.27893,1.281605758988799,1.275719089213441,1.24999,1.27329,70.57807679999289,0.0015451204560667782,GBPUSD_merged,-34.003735019201144
2023-12-28 01:00:00,2023-12-28 03:00:00,-1.1,90.0,2.375976336407607,33942.51909153725,1,0.84038,0.8381516975043595,0.8428311327452046,0.86663,0.88205,23.061719192693754,0.0012671400186272021,USDCHF_merged,-101.37597633640762
2023-12-28 01:00:00,2023-12-28 03:00:00,-1.1,30.0,0.7086245213847251,10123.207448353216,1,0.84038,0.8378895442695782,0.843119501303464,0.86663,0.88205,23.061719192693754,0.0012671400186272021,USDCHF_merged,-33.70862452138473
2023-12-27 14:00:00,2023-12-28 04:00:00,-1.1,15.0,0.1792142272332891,2560.2032461898443,1,0.63804,0.6343017811635685,0.6436473282546473,0.64045,0.65129,26.298352895297494,0.0012327820208002447,CADCHF_merged,-16.679214227233288
2023-12-28 01:00:00,2023-12-28 04:00:00,-1.1,30.0,0.6414494228033008,9163.563182904298,1,0.63658,0.6344959416900592,0.638872464140935,0.64045,0.65129,28.498531585508573,0.0010492390236553361,CADCHF_merged,-33.6414494228033
2023-12-28 06:00:00,2023-12-28 08:00:00,-1.1,89.99999999999999,1.996988535587389,28528.407651248417,1,1.07124,1.0678605053861188,1.0749574440752692,1.09892,1.11558,26.449127117484704,0.001970228150439292,GBPCHF_merged,-100.99698853558738
2023-12-28 06:00:00,2023-12-28 09:00:00,-1.1,30.0,0.7041789285877096,10059.698979824423,1,0.9316,0.9288217856562058,0.9346560357781736,0.9403,0.95446,28.92856694938298,0.0015092024988467936,EURCHF_merged,-33.70417892858771
2023-12-28 07:00:00,2023-12-28 11:00:00,1.1,90.0,1.469000290150969,20985.718430728128,1,0.57188,0.5694274177750982,0.5745778404473921,0.57058,0.58644,31.829015011452096,0.001436074324526261,AUDCHF_merged,97.53099970984904
2023-12-28 06:00:00,2023-12-28 12:00:00,1.1,60.0,1.165053254400258,16643.61792000369,1,0.63357,0.6312859893850776,0.6360824116764145,0.64045,0.64912,25.257798787250763,0.0013347116804197777,CADCHF_merged,64.83494674559974
2023-12-28 07:00:00,2023-12-28 12:00:00,1.1,15.0,0.21906144677689893,3129.4492396699848,1,0.57188,0.5691388786898156,0.574895233441203,0.57058,0.58644,31.829015011452096,0.001436074324526261,AUDCHF_merged,16.280938553223102
2024-01-10 09:00:00,2024-01-10 10:00:00,-1.1,15.0,0.40448526588993,5778.3609412847145,-1,158.957,159.3696351787692,158.42057426760002,153.129,158.566,73.26501999830646,0.22986735412696993,EURJPY_merged,-16.90448526588993
2024-01-10 09:00:00,2024-01-10 10:00:00,-1.1,15.0,0.25105982020754275,3586.5688601077536,-1,158.957,159.6218011213504,157.95979831797442,153.129,158.566,75.1607425138925,0.22986735412696993,EURJPY_merged,-16.751059820207544
2024-01-10 12:00:00,2024-01-10 21:00:00,-1.1,15.0,0.37188504055492816,5312.643436498975,-1,97.471,97.74620480481624,97.14075423422051,93.691,97.591,71.61940222901579,0.14057001739139802,AUDJPY_merged,-16.87188504055493
2024-01-10 20:00:00,2024-01-11 09:00:00,-1.1,60.0,1.6900103470096057,24143.004957280085,-1,159.7,160.0968851440388,159.18404931274952,153.129,158.566,65.60235119171823,0.21974233621050185,EURJPY_merged,-67.6900103470096
2024-01-10 21:00:00,2024-01-11 09:00:00,-1.1,90.0,1.759794111137188,25139.9158733884,-1,159.591,160.16233007414732,159.0196699258527,153.129,158.566,67.0210615513427,0.2237607407668933,EURJPY_merged,-100.7597941111372
2024-01-10 18:00:00,2024-01-11 09:00:00,-1.1,15.0,0.3089696957722812,4413.852796746875,-1,108.811,109.18078238177834,108.44121761822167,106.162,108.277,70.90285928858403,0.1615053094136107,CADJPY_merged,-16.80896969577228
2024-01-10 20:00:00,2024-01-11 13:00:00,1.0,14.999999999999998,0.30133565623941677,4304.795089134525,-1,171.123,171.71927576849797,170.52672423150202,162.125,170.208,67.41208045257329,0.2507324531202997,CHFJPY_merged,14.698664343760582
2024-01-10 20:00:00,2024-01-11 15:00:00,1.0,60.0,1.0662646297702436,15232.351853860626,-1,171.123,171.79705086873685,170.44894913126313,162.125,170.208,64.57809045607087,0.2507324531202997,CHFJPY_merged,58.933735370229755
2024-01-10 20:00:00,2024-01-11 15:00:00,1.3,15.0,0.3850400051948103,5500.571502783005,-1,171.123,171.5896506014332,170.51635421813683,162.125,170.208,66.89340917542695,0.2507324531202997,CHFJPY_merged,19.11495999480519
2024-01-11 03:00:00,2024-01-11 16:00:00,1.0,60.0,1.3059742626925457,18656.775181322082,-1,90.862,91.15421127161665,90.56978872838334,88.565,90.424,67.19828124637279,0.1275449233234905,NZDJPY_merged,58.694025737307456
2024-01-11 03:00:00,2024-01-11 17:00:00,1.0,60.00000000000001,1.15528492468956,16504.070352708,-1,90.862,91.19232578530577,90.53167421469422,87.674,90.424,64.39624621519387,0.1275449233234905,NZDJPY_merged,58.84471507531045
2024-01-10 13:00:00,2024-01-11 18:00:00,1.0,60.0,0.9902278587654278,14146.112268077542,-1,108.825,109.28657558177554,108.36342441822447,106.162,108.277,66.83019729397623,0.17249127920555007,CADJPY_merged,59.00977214123457
2024-01-10 20:00:00,2024-01-11 22:00:00,1.4,60.0,1.0662646297702436,15232.351853860626,-1,171.123,171.79705086873685,170.17932878376843,162.125,170.208,64.57809045607087,0.2507324531202997,CHFJPY_merged,82.93373537022975
2024-01-10 20:00:00,2024-01-11 22:00:00,1.4,60.0,0.9901028705009408,14144.326721442012,-1,171.123,171.84890093556274,170.10673869021213,162.125,170.208,65.76438728469925,0.2507324531202997,CHFJPY_merged,83.00989712949907
2024-01-10 20:00:00,2024-01-11 22:00:00,1.3,60.0,0.9559613922078046,13656.591317254353,-1,171.123,171.8748259689757,170.14562624033158,162.125,170.208,66.35723070144736,0.2507324531202997,CHFJPY_merged,77.04403860779219
2024-01-10 20:00:00,2024-01-11 22:00:00,1.4,60.0,0.9901028705009408,14144.326721442012,-1,171.123,171.84890093556274,170.10673869021213,162.125,170.208,64.57809045607087,0.2507324531202997,CHFJPY_merged,83.00989712949907
2024-01-10 20:00:00,2024-01-11 22:00:00,1.3,60.0,0.9901028705009408,14144.326721442012,-1,171.123,171.84890093556274,170.17932878376843,162.125,170.208,64.57809045607087,0.2507324531202997,CHFJPY_merged,77.00989712949907
2024-01-10 20:00:00,2024-01-12 03:00:00,1.5,60.0,0.9559613922078046,13656.591317254353,-1,171.123,171.8748259689757,169.99526104653643,162.125,170.208,67.29092202178204,0.2507324531202997,CHFJPY_merged,89.04403860779219
2024-01-10 18:00:00,2024-01-12 06:00:00,1.3,15.0,0.27160070623734095,3880.010089104871,-1,97.554,97.93114077190393,97.0637169965249,93.691,97.591,68.73337843439943,0.13707219476405383,AUDJPY_merged,19.22839929376266
2024-01-10 12:00:00,2024-01-12 06:00:00,1.0,15.0,0.27176214502090906,3882.3163574415585,-1,97.471,97.84759604869592,97.09440395130409,93.691,97.591,67.66749706489374,0.14057001739139802,AUDJPY_merged,14.72823785497909
2024-01-10 18:00:00,2024-01-12 06:00:00,1.3,15.0,0.2622351646429498,3746.2166377564263,-1,97.554,97.9446100851862,97.04620688925795,95.836,97.591,72.00176092130779,0.13707219476405383,AUDJPY_merged,19.23776483535705
2024-01-10 13:00:00,2024-01-12 09:00:00,1.4,60.0,0.9902278587654278,14146.112268077542,-1,108.825,109.28657558177554,108.17879418551425,106.162,108.277,66.83019729397623,0.17249127920555007,CADJPY_merged,83.00977214123458
2024-01-10 12:00:00,2024-01-12 10:00:00,1.4,15.0,0.27176214502090906,3882.3163574415585,-1,97.471,97.84759604869592,96.94376553182573,93.691,97.591,67.66749706489374,0.14057001739139802,AUDJPY_merged,20.728237854979092
2024-01-10 18:00:00,2024-01-12 10:00:00,1.4,15.0,0.27160070623734095,3880.010089104871,-1,97.554,97.93114077190393,97.02600291933452,93.691,97.591,68.73337843439943,0.13707219476405383,AUDJPY_merged,20.72839929376266
2024-01-10 18:00:00,2024-01-12 10:00:00,1.5,15.0,0.2622351646429498,3746.2166377564263,-1,97.554,97.9446100851862,96.9680848722207,93.691,97.591,74.38216418142247,0.13707219476405383,AUDJPY_merged,22.23776483535705
2024-01-10 12:00:00,2024-01-12 11:00:00,1.4,15.0,0.2523505632337013,3605.0080461957336,-1,97.471,97.87656497551868,96.90320903427386,93.691,97.591,70.1581425353363,0.14057001739139802,AUDJPY_merged,20.7476494367663
2024-01-16 10:00:00,2024-01-16 11:00:00,-1.1,60.0,1.1773227671580198,16818.896673686,-1,108.792,109.18010631438224,108.40389368561776,106.162,108.277,67.95656517977812,0.16897459897419634,CADJPY_merged,-67.17732276715802
2024-01-16 14:00:00,2024-01-17 01:00:00,-1.1,30.0,0.7498362243625608,10711.946062322299,-1,109.097,109.40253831964408,108.69980018446269,106.162,108.277,70.22712127179817,0.16326183156242297,CADJPY_merged,-33.74983622436256
2024-01-16 14:00:00,2024-01-17 02:00:00,-1.1,14.999999999999998,0.355185579961213,5074.079713731615,-1,109.097,109.41951267073541,108.70998479511749,106.162,108.277,69.0108616705086,0.16326183156242297,CADJPY_merged,-16.855185579961212
2024-01-16 15:00:00,2024-01-17 02:00:00,-1.1,60.0,1.220520637773319,17436.009111047417,-1,109.121,109.49650221259357,108.74549778740642,106.162,108.277,71.4870035783534,0.15767170073653516,CADJPY_merged,-67.22052063777332
2024-01-16 15:00:00,2024-01-17 05:00:00,1.0,30.0,0.5003871819953766,7148.3883142196655,1,1.26315,1.2578488750003103,1.2684511249996897,1.26105,1.28272,34.82098416525604,0.0019496874998892043,GBPUSD_merged,29.499612818004625
2024-01-16 14:00:00,2024-01-17 09:00:00,-1.1,60.0,0.9308311750707652,13297.588215296646,-1,109.097,109.58925618164879,108.3586157275268,106.162,108.277,71.5036562816902,0.16326183156242297,CADJPY_merged,-66.93083117507076
2024-01-17 07:00:00,2024-01-17 09:00:00,-1.1,90.0,1.6538432522632016,23626.332175188596,1,0.88674,0.883362133329531,0.8914690133386567,0.88768,0.9065,37.87824923672027,0.0011966394570432995,AUDCAD_merged,-100.65384325226321
2024-01-16 14:00:00,2024-01-17 09:00:00,-1.1,60.0,1.0382347721943148,14831.925317061643,-1,109.097,109.53833312837477,108.65566687162521,106.162,108.277,65.86259643243622,0.16326183156242297,CADJPY_merged,-67.03823477219431
2024-01-17 07:00:00,2024-01-17 09:00:00,-1.1,30.0,0.5936873213252517,8481.247447503596,1,0.88674,0.8836034095202787,0.8898765904797212,0.88963,0.9065,37.87824923672027,0.0011966394570432995,AUDCAD_merged,-33.59368732132525
2024-01-17 05:00:00,2024-01-17 10:00:00,-1.1,59.99999999999999,1.0980873075583013,15686.961536547164,1,0.88575,0.8823621546306987,0.890492983517022,0.88768,0.9065,34.07355868971209,0.0012199487194111736,AUDCAD_merged,-67.0980873075583
2024-01-16 11:00:00,2024-01-17 10:00:00,-1.1,60.0,1.1965652157843694,17093.788796919565,1,1.08856,1.0847391033704727,1.0923808966295272,1.08767,1.11394,35.93755886575875,0.0015974630819740076,EURUSD_merged,-67.19656521578437
2024-01-17 17:00:00,2024-01-17 19:00:00,-1.1,60.0,1.0614182381847466,15163.117688353524,-1,1.93368,1.9413315135201459,1.9237330324238104,1.85867,1.92637,63.73275848756068,0.002769634585762676,GBPAUD_merged,-67.06141823818474
2024-01-17 16:00:00,2024-01-18 07:00:00,1.2,15.0,0.3925820191400198,5608.31455914314,-1,1.93649,1.9416693368031837,1.93027479583618,1.85867,1.92637,62.6902396516042,0.0027326834000520974,GBPAUD_merged,17.60741798085998
2024-01-17 08:00:00,2024-01-18 12:00:00,-1.1,15.0,0.3056995008981674,4367.135727116677,-1,2.07147,2.078584972362106,2.064355027637894,2.00557,2.06029,72.8937876563728,0.003020361512651414,GBPNZD_merged,-16.805699500898168
2024-01-17 12:00:00,2024-01-18 19:00:00,1.3,30.0,0.3750553538787686,5357.933626839552,1,0.65373,0.6500696523051802,0.6584884520032659,0.6525,0.68706,32.97477328702075,0.0012860336743025118,AUDUSD_merged,38.62494464612123
2024-01-16 15:00:00,2024-01-18 21:00:00,1.4,90.0,1.393935721272835,19913.367446754786,1,1.26315,1.2574410961541802,1.2711424653841477,1.26105,1.28272,34.82098416525604,0.0019496874998892043,GBPUSD_merged,124.60606427872715
2024-01-17 08:00:00,2024-01-18 21:00:00,-1.1,60.0,1.0044412172368358,14349.160246240512,-1,2.07147,2.0801317054843027,2.0593436123219764,2.00557,2.06029,69.82560577100598,0.003020361512651414,GBPNZD_merged,-67.00444121723683
2024-01-17 08:00:00,2024-01-18 21:00:00,-1.1,90.0,1.4547079697912788,20781.5424255897,-1,2.07147,2.080441052108742,2.0598076322586354,2.00557,2.06029,70.48788177204557,0.003020361512651414,GBPNZD_merged,-100.45470796979129
2024-01-17 08:00:00,2024-01-18 21:00:00,-1.1,90.0,1.5066618258552538,21523.740369360767,-1,2.07147,2.0801317054843027,2.0593436123219764,2.00557,2.06029,68.66622795331487,0.003020361512651414,GBPNZD_merged,-100.50666182585528
2024-01-17 12:00:00,2024-01-19 01:00:00,-1.1,90.0,1.4360078456243541,20514.397794633634,-1,109.715,110.19633755125793,109.04112742823891,106.162,108.277,63.02609730658055,0.1856919825921171,CADJPY_merged,-100.43600784562437
2024-01-19 02:00:00,2024-01-19 02:00:00,1.2,30.0,0.8704573013856396,12435.104305509138,-1,188.635,189.09008665315278,188.08889601621664,178.731,188.656,54.37347903712477,0.26641077033782856,GBPJPY_merged,35.12954269861436
2024-01-17 16:00:00,2024-01-19 03:00:00,1.4,60.0,1.0655797662371964,15222.568089102808,-1,1.93649,1.9441227068678495,1.9258042103850108,1.85867,1.92637,63.149981913349194,0.0027326834000520974,GBPAUD_merged,82.93442023376281
2024-01-17 16:00:00,2024-01-19 03:00:00,1.3,60.0,1.0288356363669482,14697.651948099261,-1,1.93649,1.9443953035417012,1.9262131053957885,1.85867,1.92637,62.6902396516042,0.0027326834000520974,GBPAUD_merged,76.97116436363305
2024-01-17 16:00:00,2024-01-19 03:00:00,1.4,90.0,1.5983696493557946,22833.85213365421,-1,1.93649,1.9441227068678495,1.9258042103850108,1.85867,1.92637,63.6811445934793,0.0027326834000520974,GBPAUD_merged,124.4016303506442
2024-01-19 02:00:00,2024-01-19 04:00:00,1.4,89.99999999999999,1.772002363535052,25314.31947907217,-1,188.635,189.30565401517254,187.69608437875846,178.731,188.656,55.22838751284051,0.26641077033782856,GBPJPY_merged,124.22799763646492
2024-01-17 12:00:00,2024-01-19 04:00:00,1.4,30.0,0.3750553538787686,5357.933626839552,1,0.65373,0.6500696523051802,0.6588544867727478,0.6525,0.68706,32.90149985075636,0.0012860336743025118,AUDUSD_merged,41.62494464612123
2024-01-19 02:00:00,2024-01-19 04:00:00,1.3,59.99999999999999,1.181334909023368,16876.212986048115,-1,188.635,189.30565401517254,187.7631497802757,178.731,188.656,56.54296128756102,0.26641077033782856,GBPJPY_merged,76.81866509097664
2024-01-17 05:00:00,2024-01-19 05:00:00,1.3,89.99999999999999,1.1349182542214975,16213.117917449968,1,0.65526,0.6516226120342634,0.6599886043554575,0.664,0.68706,31.019369607118147,0.0012646808757284535,AUDUSD_merged,115.86508174577848
2024-01-18 23:00:00,2024-01-21 19:00:00,-1.1,60.0,1.6146054660300295,23065.792371857566,-1,97.582,97.83583563268104,97.27739724078275,95.836,97.591,66.706423257293,0.12912643702456889,AUDJPY_merged,-67.61460546603003
2024-01-18 23:00:00,2024-01-21 19:00:00,-1.1,15.0,0.4260764424245911,6086.806320351302,-1,97.582,97.82247586253993,97.26938137869809,95.836,97.591,67.61232269779502,0.12912643702456889,AUDJPY_merged,-16.92607644242459
2024-01-18 23:00:00,2024-01-22 15:00:00,1.0,30.0,0.6669022577080557,9527.175110115082,-1,97.582,97.88927471324547,97.27472528675452,95.836,97.591,69.56063950713093,0.12912643702456889,AUDJPY_merged,29.333097742291944
2024-01-16 11:00:00,2024-01-23 10:00:00,-1.1,90.0,1.6091739108824277,22988.198726891824,1,1.08856,1.0842982306824505,1.0949526539763244,1.08767,1.11394,33.37291204206559,0.0015974630819740076,EURUSD_merged,-100.60917391088245
2024-01-22 23:00:00,2024-01-23 16:00:00,1.0,30.0,0.8110811278692739,11586.873255275343,-1,1.08206,1.0848616013712087,1.0792583986287914,1.06566,1.08316,63.15441007736197,0.0011732241560780407,AUDNZD_merged,29.188918872130728
2024-01-22 23:00:00,2024-01-23 17:00:00,1.4,90.0,1.9987356365349966,28553.366236214242,-1,1.08206,1.0854706451475584,1.0772850967934184,1.06566,1.08316,62.99691059443243,0.0011732241560780407,AUDNZD_merged,124.00126436346498
2024-01-18 23:00:00,2024-01-23 23:00:00,1.4,90.0,1.6434377064948513,23477.68152135502,-1,97.582,97.95607356395101,97.05829701046858,95.836,97.591,65.8576328520462,0.12912643702456889,AUDJPY_merged,124.35656229350514
2024-01-24 19:00:00,2024-01-25 06:00:00,1.0,60.0,1.201444104788139,17163.48721125913,1,0.56742,0.5654364170846548,0.5694035829153453,0.57058,0.58644,35.3356064573223,0.00085653968631952,AUDCHF_merged,58.79855589521186
2024-01-24 19:00:00,2024-01-25 08:00:00,1.4,90.0,1.4803507719711,21147.868171015714,1,0.56742,0.5650052034074058,0.5708007152296319,0.57058,0.58644,36.482875041765084,0.00085653968631952,AUDCHF_merged,124.51964922802888
2024-01-24 19:00:00,2024-01-25 08:00:00,1.0,60.00000000000001,1.7822549355251067,25460.78479321581,-1,1.47163,1.4750979920794716,1.4681620079205284,1.45486,1.47263,66.81213905764791,0.0014651210258735871,EURCAD_merged,58.2177450644749
2024-01-24 19:00:00,2024-01-25 08:00:00,1.3,60.0,0.9869005146473999,14098.578780677142,1,0.56742,0.5650052034074058,0.5705592355703725,0.57058,0.58644,37.567666980792076,0.00085653968631952,AUDCHF_merged,77.0130994853526
2024-01-24 20:00:00,2024-01-25 09:00:00,1.4,90.0,1.4920762229845492,21315.37461406499,1,0.56801,0.5656116888783054,0.5713676355703725,0.57058,0.58644,37.83951186378294,0.0008432154230109951,AUDCHF_merged,124.50792377701544
2024-01-30 03:00:00,2024-01-30 07:00:00,1.3,90.00000000000001,2.6507261285528965,37867.51612218424,1,1.45098,1.4475314453184982,1.455463121085952,1.45486,1.47637,33.38648460617803,0.001249367623967415,EURCAD_merged,114.34927387144714
2024-02-01 05:00:00,2024-02-01 16:00:00,1.0,90.0,1.5044488010549575,21492.12572935654,1,95.814,95.41277119143122,96.21522880856877,95.836,97.88,20.44578785545622,0.1817010717824237,AUDJPY_merged,88.49555119894504
2024-02-01 05:00:00,2024-02-01 16:00:00,1.3,15.0,0.32039187429874094,4577.026775696299,1,95.814,95.49999484546791,96.2222067008917,95.836,97.88,21.97392257318508,0.1817010717824237,AUDJPY_merged,19.179608125701257
2024-02-01 05:00:00,2024-02-01 16:00:00,1.2,60.00000000000001,1.214116576289966,17344.522518428086,1,95.814,95.48255011466057,96.2117398624073,95.836,97.88,22.75186039421207,0.1817010717824237,AUDJPY_merged,70.78588342371003
2024-02-01 08:00:00,2024-02-01 21:00:00,1.4,90.0,1.1661661216896642,16659.51602413806,1,95.812,95.29439312669672,96.5366496226246,95.836,97.591,28.141841976901464,0.18794105492200686,AUDJPY_merged,124.83383387831032
2024-02-01 05:00:00,2024-02-01 21:00:00,1.3,90.0,1.1931835318711734,17045.47902673105,1,95.814,95.30810280658719,96.47166635143664,95.836,97.88,22.75186039421207,0.1817010717824237,AUDJPY_merged,115.80681646812883
2024-02-01 08:00:00,2024-02-01 21:00:00,1.3,90.0,1.1661661216896642,16659.51602413806,1,95.812,95.29439312669672,96.48488893529426,95.836,97.591,28.903922341290166,0.18794105492200686,AUDJPY_merged,115.83383387831033
2024-02-01 12:00:00,2024-02-02 04:00:00,1.4,89.99999999999999,1.061729585680763,15167.565509725187,1,95.964,95.39457704320036,96.7611921395195,95.836,97.88,42.57284987334693,0.2027678173060046,AUDJPY_merged,124.9382704143192
2024-02-02 14:00:00,2024-02-05 10:00:00,-1.1,90.0,1.0040412534060952,14343.446477229932,1,0.65121,0.6471238900059312,0.6569305539916963,0.65245,0.68706,37.66330227321833,0.0014129446408901662,AUDUSD_merged,-100.00404125340611
2024-02-05 20:00:00,2024-02-06 01:00:00,1.3,30.0,1.3847051725023174,19781.502464318823,-1,1.35362,1.3556728572120975,1.3509512856242734,1.31767,1.35415,62.184749546551835,0.0011782993554470917,USDCAD_merged,37.615294827497685
2024-02-05 20:00:00,2024-02-06 01:00:00,1.2,90.0,3.9354778586907972,56221.1122670114,-1,1.35362,1.3557869048349918,1.35101971419801,1.31767,1.35415,62.62073841075401,0.0011782993554470917,USDCAD_merged,104.0645221413092
2024-02-05 20:00:00,2024-02-06 01:00:00,1.0,90.00000000000001,3.2510469267445723,46443.527524922465,-1,1.35362,1.356243095326569,1.3509969046734311,1.31767,1.35415,60.00332291112199,0.0011782993554470917,USDCAD_merged,86.74895307325544
2024-02-04 22:00:00,2024-02-06 12:00:00,1.0,90.0,1.512438788370527,21606.268405293245,-1,148.52,149.13865379755836,147.90134620244166,140.248,148.802,65.13978236338588,0.263838489697477,USDJPY_merged,88.48756121162947
2024-02-04 22:00:00,2024-02-06 12:00:00,1.2,60.0,1.2205646362288467,17436.637660412096,-1,148.52,149.03106183276563,147.90672580068127,140.248,148.802,64.40474432218156,0.263838489697477,USDJPY_merged,70.77943536377116
2024-02-05 20:00:00,2024-02-06 12:00:00,1.4,90.0,2.670502832683041,38150.040466900595,-1,1.35362,1.3568133334410406,1.3491493331825435,1.31767,1.35415,62.80001436156205,0.0011782993554470917,USDCAD_merged,123.32949716731694
2024-02-04 22:00:00,2024-02-06 12:00:00,1.3,30.0,0.6441868913430023,9202.669876328606,-1,148.52,149.00416384156742,147.89058700596237,140.248,148.802,64.8512421940663,0.263838489697477,USDJPY_merged,38.355813108656996
2024-02-05 12:00:00,2024-02-06 13:00:00,1.3,90.0,2.183283893379927,31189.769905427533,-1,1.35346,1.3573654921010754,1.3483828602686023,1.31767,1.35415,69.21977706829892,0.0014023315641320993,USDCAD_merged,114.81671610662008
2024-02-05 14:00:00,2024-02-06 20:00:00,1.4,90.0,1.2781939345432685,18259.913350618124,1,0.64863,0.64543301330685,0.6531057813704102,0.65245,0.68706,36.927340317704925,0.0011009394645650897,AUDUSD_merged,124.72180606545672
2024-02-05 13:00:00,2024-02-07 04:00:00,1.3,90.0,2.095542835397625,29936.32621996607,-1,1.35271,1.3567767615359831,1.347423210003222,1.31767,1.35415,72.70726566299481,0.0013685935952655437,USDCAD_merged,114.90445716460238
2024-02-05 13:00:00,2024-02-07 04:00:00,1.4,90.0,2.1703836509475405,31005.480727822003,-1,1.35271,1.35663652837957,1.3472128602686022,1.31767,1.35415,69.5796069791468,0.0013685935952655437,USDCAD_merged,123.82961634905244
2024-02-06 07:00:00,2024-02-07 08:00:00,1.4,90.0,2.3460467173061863,33514.95310437409,1,1.07384,1.0709563438689882,1.0778771185834164,1.07236,1.11394,38.175993421356154,0.0010756002475294148,EURUSD_merged,123.6539532826938
2024-02-02 15:00:00,2024-02-07 09:00:00,1.4,90.0,1.0368146204020885,14811.637434315551,1,0.60709,0.603401137087827,0.6122544080770422,0.60837,0.6369,36.3601888479367,0.0012647759657716787,NZDUSD_merged,124.9631853795979
2024-01-29 13:00:00,2024-02-07 10:00:00,-1.1,90.0,1.982933371296413,28327.619589948757,1,1.45373,1.4491113380053147,1.4601961267925594,1.45486,1.47637,36.090871381431306,0.0016224134166048368,EURCAD_merged,-100.98293337129643
2024-02-05 12:00:00,2024-02-07 12:00:00,-1.1,90.0,1.779245999888676,25417.79999840966,-1,0.8711,0.8741844132853711,0.8680155867146289,0.83323,0.8728,63.06279501673749,0.001339545736329942,USDCHF_merged,-100.77924599988869
2024-02-05 12:00:00,2024-02-07 22:00:00,1.3,90.00000000000001,1.8936638630490479,27052.340900700692,1,1.07353,1.0699584902236503,1.078172962709255,1.07236,1.11394,34.208480159267246,0.0012472864054221264,EURUSD_merged,115.10633613695099
2024-02-05 12:00:00,2024-02-07 23:00:00,1.4,90.00000000000001,1.8936638630490479,27052.340900700692,1,1.07353,1.0699584902236503,1.07853011368689,1.07236,1.11394,33.20830442060227,0.0012472864054221264,EURUSD_merged,124.10633613695097
2024-02-04 21:00:00,2024-02-08 05:00:00,-1.1,90.0,1.2147442276116662,17353.488965880948,-1,148.374,149.1435086576685,147.2966878792641,140.248,148.802,66.28885585686862,0.2689799119818981,USDJPY_merged,-100.21474422761167
2024-02-07 10:00:00,2024-02-08 16:00:00,-1.1,90.0,2.351326474617121,33590.37820881601,1,1.06745,1.064589939913663,1.071454084120872,1.06905,1.08325,40.4065800418882,0.001080632171489332,AUDNZD_merged,-101.35132647461714
2024-02-09 01:00:00,2024-02-09 03:00:00,-1.1,30.0,0.8775134734095936,12535.906762994196,-1,91.406,91.62474604301421,91.12163014408154,88.565,90.983,73.2593564925665,0.12220232377716961,NZDJPY_merged,-33.87751347340959
2024-02-09 00:00:00,2024-02-09 03:00:00,-1.1,90.0,1.5838374749259418,22626.24964179917,-1,91.434,91.79769527121267,90.96119614742351,89.258,90.983,71.04858110665839,0.12152557945233647,NZDJPY_merged,-100.58383747492596
2024-02-09 01:00:00,2024-02-09 03:00:00,-1.1,90.0,1.6923474130042164,24176.391614345954,-1,91.406,91.74627162246655,90.92961972854685,88.565,90.983,71.28477955907475,0.12220232377716961,NZDJPY_merged,-100.69234741300423
2024-02-09 00:00:00,2024-02-09 04:00:00,-1.1,30.0,1.1523570538081886,16462.243625831266,1,1.06062,1.058687177189015,1.0631326696542804,1.06905,1.08325,30.149163087788892,0.0010442339897939012,AUDNZD_merged,-34.15235705380819
2024-02-08 16:00:00,2024-02-09 04:00:00,1.2,90.0,3.5315747232760426,50451.067475372045,-1,1.94359,1.947057183327397,1.9394293800071234,1.91808,1.94145,65.31224268820897,0.001772345235194128,GBPAUD_merged,104.46842527672396
2024-02-08 16:00:00,2024-02-09 04:00:00,1.3,30.0,1.2425911063378667,17751.301519112385,-1,1.94359,1.9468746999943762,1.9393198900073108,1.91808,1.94145,65.83289007875865,0.001772345235194128,GBPAUD_merged,37.75740889366213
2024-02-09 00:00:00,2024-02-09 04:00:00,-1.1,90.0,3.275120047665378,46787.42925236255,1,1.06062,1.0585797981439602,1.0630682422272477,1.06905,1.08325,30.36371225659842,0.0010442339897939012,AUDNZD_merged,-102.2751200476654
2024-02-08 16:00:00,2024-02-09 06:00:00,1.4,90.0,2.396425705080172,34234.65292971674,-1,1.94359,1.9486995333245853,1.9364366533455806,1.85867,1.94145,64.70470922275342,0.001772345235194128,GBPAUD_merged,123.60357429491981
2024-02-08 13:00:00,2024-02-09 08:00:00,1.4,90.0,1.6578599989375662,23683.71427053666,1,0.6489,0.6464341283325372,0.652352220334448,0.65245,0.68706,37.38753203155971,0.0008877635631891821,AUDUSD_merged,124.34214000106242
2024-02-09 12:00:00,2024-02-11 22:00:00,1.3,30.0,0.8470947950056709,12101.354214366727,-1,91.708,91.93534976195753,91.41244530945521,88.565,90.983,71.83695064296582,0.12271217878761304,NZDJPY_merged,38.152905204994326
2024-02-09 12:00:00,2024-02-11 22:00:00,1.2,90.0,2.4075325752792756,34393.32250398965,-1,91.708,91.9479803042885,91.42002363485379,88.565,90.983,71.73841829503199,0.12271217878761304,NZDJPY_merged,105.59246742472072
2024-02-09 08:00:00,2024-02-12 03:00:00,1.3,30.0,0.7279150177970688,10398.785968529555,-1,0.53724,0.5387899116963054,0.5352251147948031,0.52704,0.53373,71.84160645950914,0.0008724147639670673,NZDCHF_merged,38.272084982202934
2024-02-09 00:00:00,2024-02-12 07:00:00,1.3,90.00000000000001,2.1457683070911098,30653.83295844443,1,1.06062,1.0575060076934129,1.064668189998563,1.06905,1.08325,30.36371225659842,0.0010442339897939012,AUDNZD_merged,114.85423169290893
2024-02-09 01:00:00,2024-02-12 10:00:00,1.3,90.00000000000001,2.2862763741977012,32661.091059967166,1,1.06107,1.058146144828577,1.0648710117228497,1.06905,1.08325,30.907778076880582,0.0010325029905229237,AUDNZD_merged,114.71372362580233
2024-02-09 01:00:00,2024-02-12 11:00:00,1.4,90.00000000000001,2.2862763741977012,32661.091059967166,1,1.06107,1.058146144828577,1.065163397239992,1.06905,1.08325,30.221551683694617,0.0010325029905229237,AUDNZD_merged,123.71372362580232
2024-02-09 08:00:00,2024-02-12 13:00:00,1.4,89.99999999999999,2.1831774555403256,31188.249364861796,1,1.06121,1.0581476639617482,1.0654972704535526,1.06905,1.08325,39.88931626970535,0.0010991420535018796,AUDNZD_merged,123.81682254445964
2024-02-09 08:00:00,2024-02-12 22:00:00,1.3,90.0,1.5890385001887957,22700.55000269708,-1,91.674,92.03745639198257,91.20150669042268,89.258,90.983,74.04748351155294,0.12502051960032715,NZDJPY_merged,115.41096149981121
2024-02-11 18:00:00,2024-02-12 22:00:00,1.3,90.0,1.6364405443347592,23377.722061925135,-1,91.61,91.9626819241909,91.15151349855182,88.565,90.983,64.63048203353581,0.13517512792045494,NZDJPY_merged,115.36355945566524
2024-02-11 18:00:00,2024-02-13 08:00:00,1.4,90.0,1.6364405443347592,23377.722061925135,-1,91.61,91.9626819241909,91.11624530613273,88.565,90.983,64.63048203353581,0.13517512792045494,NZDJPY_merged,124.36355945566523
2024-02-13 05:00:00,2024-02-13 08:00:00,-1.1,90.0,2.5795764631024523,36851.09233003504,-1,0.65386,0.655456897032874,0.6519437235605512,0.63027,0.64741,70.44234991852989,0.0008482955423820629,CADCHF_merged,-101.57957646310247
2024-02-13 05:00:00,2024-02-13 08:00:00,-1.1,30.0,0.9076287555360479,12966.1250790864,-1,0.65386,0.6553728498206175,0.6518932952331973,0.63027,0.64741,71.29703566396708,0.0008482955423820629,CADCHF_merged,-33.907628755536045
2024-02-11 18:00:00,2024-02-13 08:00:00,1.4,90.0,1.6364405443347592,23377.722061925135,-1,91.61,91.9626819241909,91.11624530613273,88.565,90.983,63.90624642292987,0.13517512792045494,NZDJPY_merged,124.36355945566523
2024-02-13 23:00:00,2024-02-14 02:00:00,1.4,90.0,2.1926290421055477,31323.272030079257,-1,1.95005,1.9556530066026139,1.9422057907563408,1.91808,1.94145,67.68236356824238,0.001917425659030071,GBPAUD_merged,123.80737095789443
2024-02-13 14:00:00,2024-02-14 02:00:00,1.3,30.0,0.9072988505329506,12961.412150470724,-1,189.814,190.2533363881877,189.24286269535597,185.221,188.928,66.24937505149012,0.2397846447000067,GBPJPY_merged,38.09270114946705
2024-02-13 18:00:00,2024-02-14 02:00:00,1.3,90.0,3.1160732169765755,44515.33167109394,-1,1.9499,1.9538422597431517,1.9447750623339028,1.91808,1.94543,73.36638910425704,0.0021537054230544627,GBPAUD_merged,113.88392678302343
2024-02-13 14:00:00,2024-02-14 02:00:00,1.2,90.0,2.5786388383568073,36837.69769081154,-1,189.814,190.27774396530924,189.2575072416289,185.221,188.928,66.03115023791833,0.2397846447000067,GBPJPY_merged,105.42136116164319
2024-02-13 23:00:00,2024-02-14 02:00:00,1.2,90.0,3.231242798892386,46160.61141274838,-1,1.95005,1.9538520401946309,1.9454875517664432,1.91808,1.94543,68.13777485157759,0.001917425659030071,GBPAUD_merged,104.76875720110762
2024-02-13 17:00:00,2024-02-14 02:00:00,1.3,89.99999999999999,1.9671525509798973,28102.17929971282,-1,1.95048,1.956726604511622,1.9423594141348912,1.91808,1.94543,71.06579392304683,0.00219014430175095,GBPAUD_merged,115.03284744902008
2024-02-13 18:00:00,2024-02-14 02:00:00,1.4,90.00000000000001,2.0031899251992273,28616.99893141754,-1,1.9499,1.9560324040449026,1.9413146343371361,1.91808,1.94145,69.71330615904215,0.0021537054230544627,GBPAUD_merged,123.99681007480079
2024-02-13 18:00:00,2024-02-14 02:00:00,1.3,90.00000000000001,2.0031899251992273,28616.99893141754,-1,1.9499,1.9560324040449026,1.9419278747416264,1.91808,1.94145,69.71330615904215,0.0021537054230544627,GBPAUD_merged,114.9968100748008
2024-02-13 14:00:00,2024-02-14 03:00:00,1.3,89.99999999999999,1.7497906403135473,24997.009147336394,-1,189.814,190.4974121594031,188.92556419277597,178.731,188.928,65.31977649093606,0.2397846447000067,GBPJPY_merged,115.25020935968644
2024-02-13 14:00:00,2024-02-14 03:00:00,1.4,89.99999999999999,1.7497906403135473,24997.009147336394,-1,189.814,190.4974121594031,188.85722297683566,178.731,188.928,65.31977649093606,0.2397846447000067,GBPJPY_merged,124.25020935968642
2024-02-13 14:00:00,2024-02-14 03:00:00,1.4,89.99999999999999,1.7497906403135473,24997.009147336394,-1,189.814,190.4974121594031,188.85722297683566,178.731,188.928,65.79513845667297,0.2397846447000067,GBPJPY_merged,124.25020935968642
2024-02-13 14:00:00,2024-02-14 03:00:00,1.3,90.00000000000001,1.6894530320268735,24135.043314669623,-1,189.814,190.52181973652463,188.89383434251798,185.221,188.928,66.03115023791833,0.2397846447000067,GBPJPY_merged,115.31054696797315
2024-02-13 18:00:00,2024-02-14 04:00:00,1.3,60.0,1.6785668404256986,23979.526291795697,-1,1.11674,1.1195342336802094,1.113107496215728,1.08944,1.10603,72.4359084085941,0.0015264697556635304,GBPCHF_merged,76.3214331595743
2024-02-13 18:00:00,2024-02-14 04:00:00,1.2,90.0,2.385331825868098,34076.168940972835,-1,1.11674,1.1196894688846655,1.1132006373384016,1.08944,1.10603,72.2326215085333,0.0015264697556635304,GBPCHF_merged,105.61466817413191
2024-02-14 01:00:00,2024-02-14 10:00:00,1.4,90.0,2.1452750343980527,30646.786205686472,-1,1.11669,1.1199693683267629,1.112098884342532,1.08944,1.10603,68.6551899569821,0.001132545618569297,GBPCHF_merged,123.85472496560193
2024-02-14 01:00:00,2024-02-14 10:00:00,1.3,90.0,2.1452750343980527,30646.786205686472,-1,1.11669,1.1199693683267629,1.1124268211752082,1.08944,1.10603,68.58025400186558,0.001132545618569297,GBPCHF_merged,114.85472496560195
2024-02-13 16:00:00,2024-02-14 13:00:00,1.3,90.0,1.2716439238905328,18166.341769864757,1,0.64518,0.6419836382483829,0.6493352702771022,0.65245,0.66242,32.49727258345505,0.0010814464992607744,AUDUSD_merged,115.72835607610946
2024-02-13 17:00:00,2024-02-14 17:00:00,1.3,90.0,1.6304664164636564,23292.37737805224,-1,1.11673,1.121044961000705,1.1111205506990833,1.08944,1.10603,70.15233206551619,0.001552352044560723,GBPCHF_merged,115.36953358353634
2024-02-13 18:00:00,2024-02-14 17:00:00,1.4,90.0,1.6186180246962099,23123.114638517283,-1,1.11674,1.12108658572477,1.1106547799853221,1.08944,1.10603,71.39568780462733,0.0015264697556635304,GBPCHF_merged,124.38138197530378
2024-02-13 21:00:00,2024-02-14 18:00:00,1.4,89.99999999999999,1.4479479797356405,20684.971139080582,1,0.64557,0.6427611345870708,0.6495024115781007,0.65245,0.66242,34.96117048580516,0.0009736543461244436,AUDUSD_merged,124.55205202026433
2024-02-13 16:00:00,2024-02-14 18:00:00,1.4,90.0,1.2716439238905328,18166.341769864757,1,0.64518,0.6419836382483829,0.649654906452264,0.65245,0.66242,30.96067221912052,0.0010814464992607744,AUDUSD_merged,124.72835607610945
2024-02-13 18:00:00,2024-02-14 20:00:00,1.3,90.00000000000001,2.91305973419054,41615.13905986486,-1,150.635,150.96077447309492,150.21149318497658,145.896,148.802,70.85296393901915,0.18077254564421325,USDJPY_merged,114.08694026580949
2024-02-13 18:00:00,2024-02-14 20:00:00,1.2,90.0,2.7597408008120907,39424.86858302987,-1,150.635,150.97887305493353,150.22235233407974,145.896,148.802,70.49779713140134,0.18077254564421325,USDJPY_merged,105.2402591991879
2024-02-13 15:00:00,2024-02-15 04:00:00,1.3,30.0,0.9056135045055557,12937.335778650797,-1,0.95025,0.9524535062309385,0.94738544189978,0.93049,0.94729,69.606655716382,0.0011795865477063634,EURCHF_merged,38.09438649549445
2024-02-13 15:00:00,2024-02-15 04:00:00,1.2,90.0,2.5738489075421063,36769.27010774438,-1,0.95025,0.9525759232437684,0.947458892107478,0.93049,0.94729,69.33164067883945,0.0011795865477063634,EURCHF_merged,105.4261510924579
2024-02-13 18:00:00,2024-02-15 04:00:00,1.3,90.0,1.8081060419113693,25830.08631301956,-1,150.635,151.15985887331962,149.9526834646845,145.896,148.802,70.49779713140134,0.18077254564421325,USDJPY_merged,115.19189395808863
2024-02-13 18:00:00,2024-02-15 04:00:00,1.3,90.0,1.8726812576939185,26752.58939562741,-1,150.635,151.141760291481,149.97621162107467,140.248,148.802,69.31695645916415,0.18077254564421325,USDJPY_merged,115.12731874230609
2024-02-13 05:00:00,2024-02-15 08:00:00,1.3,90.00000000000001,1.750426885676664,25006.098366809492,-1,0.65386,0.6562133219431828,0.6508006814738624,0.63027,0.64741,68.39723012608543,0.0008482955423820629,CADCHF_merged,115.24957311432337
2024-02-13 18:00:00,2024-02-15 08:00:00,1.4,90.0,1.8726812576939185,26752.58939562741,-1,150.635,151.141760291481,149.92553559192658,140.248,148.802,69.31695645916415,0.18077254564421325,USDJPY_merged,124.12731874230607
2024-02-13 16:00:00,2024-02-15 08:00:00,1.3,90.00000000000001,1.204282279130824,17204.03255901177,1,0.60583,0.6026607023476633,0.6099500869480377,0.60837,0.61734,35.608639450542405,0.001082471160213714,NZDUSD_merged,115.7957177208692
2024-02-13 17:00:00,2024-02-15 08:00:00,1.4,90.0,1.2595970683697537,17994.243833853623,1,0.60599,0.6029590807514016,0.6102332869480378,0.60837,0.61734,36.19119811897118,0.0010780089344841804,NZDUSD_merged,124.74040293163023
2024-02-13 17:00:00,2024-02-15 08:00:00,1.3,59.99999999999999,1.8548417360382103,26497.73908626015,-1,1.3563,1.3593711299456563,1.352307531070647,1.33581,1.35415,69.74113434422091,0.0016628844957750641,USDCAD_merged,76.14515826396179
2024-02-13 17:00:00,2024-02-15 08:00:00,1.2,90.0,2.635827730159562,37654.68185942232,-1,1.3563,1.3595417482759706,1.3524099020688354,1.33581,1.35415,69.23460020035216,0.0016628844957750641,USDCAD_merged,105.36417226984044
2024-02-13 16:00:00,2024-02-15 08:00:00,1.4,90.00000000000001,1.204282279130824,17204.03255901177,1,0.60583,0.6026607023476633,0.6102670167132713,0.60837,0.61734,34.51094517603654,0.001082471160213714,NZDUSD_merged,124.79571772086919
2024-02-13 16:00:00,2024-02-15 08:00:00,1.4,90.0,1.7328740813817294,24755.344019738994,1,1.07072,1.0668273132361576,1.076169761469379,1.07236,1.11394,35.55593697792493,0.0013130848961721855,EURUSD_merged,124.26712591861826
2024-02-13 18:00:00,2024-02-15 08:00:00,1.4,90.0,1.8726812576939185,26752.58939562741,-1,150.635,151.141760291481,149.92553559192658,140.248,148.802,70.11324835632968,0.18077254564421325,USDJPY_merged,124.12731874230607
2024-02-13 17:00:00,2024-02-15 09:00:00,1.4,90.0,1.78859738832256,25551.39126175086,-1,1.3563,1.3610773132487988,1.349611761451682,1.33581,1.35415,68.70251070776678,0.0016628844957750641,USDCAD_merged,124.21140261167743
2024-02-13 17:00:00,2024-02-15 09:00:00,1.3,90.0,1.726921616311437,24670.3088044491,-1,1.3563,1.3612479315791128,1.3498676889471533,1.33581,1.35435,69.23460020035216,0.0016628844957750641,USDCAD_merged,115.27307838368856
2024-02-13 17:00:00,2024-02-15 09:00:00,1.4,90.0,1.78859738832256,25551.39126175086,-1,1.3563,1.3610773132487988,1.349611761451682,1.33581,1.35415,67.62698109915026,0.0016628844957750641,USDCAD_merged,124.21140261167743
2024-02-13 17:00:00,2024-02-15 09:00:00,1.3,90.0,1.78859738832256,25551.39126175086,-1,1.3563,1.3610773132487988,1.3500894927765619,1.33581,1.35415,67.62698109915026,0.0016628844957750641,USDCAD_merged,115.21140261167744
2024-02-09 06:00:00,2024-02-18 18:00:00,-1.1,89.99999999999999,1.2956646977323665,18509.49568189095,-1,0.53751,0.5401235720190005,0.5341123563752994,0.52704,0.53373,73.75916384015136,0.0008711437499262735,NZDCHF_merged,-100.29566469773235
2024-02-19 05:00:00,2024-02-20 03:00:00,-1.1,90.0,2.5234060065541137,36048.65723648734,-1,0.54147,0.5428218478560881,0.5397125977870855,0.5222,0.53373,60.19931981526266,0.0007602389733787944,NZDCHF_merged,-101.52340600655413
2024-02-13 05:00:00,2024-02-20 08:00:00,1.3,90.0,1.6900673378947095,24143.81911278157,-1,0.65386,0.6562973691554393,0.6506914200979289,0.63027,0.64741,70.44234991852989,0.0008482955423820629,CADCHF_merged,115.3099326621053
2024-02-13 05:00:00,2024-02-20 10:00:00,1.4,90.00000000000001,1.750426885676664,25006.098366809492,-1,0.65386,0.6562133219431828,0.6505653492795441,0.63027,0.64741,69.6815099308736,0.0008482955423820629,CADCHF_merged,124.24957311432335
2024-02-13 05:00:00,2024-02-20 10:00:00,1.4,90.00000000000001,1.750426885676664,25006.098366809492,-1,0.65386,0.6562133219431828,0.6505653492795441,0.63027,0.64741,68.39723012608543,0.0008482955423820629,CADCHF_merged,124.24957311432335
2024-02-20 10:00:00,2024-02-20 17:00:00,1.2,90.0,2.331208682918821,33302.98118455459,-1,0.61798,0.6196500667033915,0.6159759199559302,0.60379,0.61734,70.28524329052884,0.0009147694415071692,NZDUSD_merged,105.66879131708117
2024-02-20 10:00:00,2024-02-20 17:00:00,1.2,90.0,3.113099966990231,44472.856671289024,-1,98.397,98.59612662830399,98.15804804603523,95.5,97.88,59.13312068144774,0.11353181082525324,AUDJPY_merged,104.88690003300977
2024-02-20 10:00:00,2024-02-20 17:00:00,1.3,90.0,3.286049965156355,46943.57093080507,-1,98.397,98.58564627944588,98.15175983672036,95.5,97.88,58.953986356618316,0.11353181082525324,AUDJPY_merged,113.71395003484365
2024-02-20 10:00:00,2024-02-20 17:00:00,1.3,90.0,2.4607202764143112,35153.14680591873,-1,0.61798,0.6195621684558446,0.615923181007402,0.60379,0.61734,71.03448248251075,0.0009147694415071692,NZDUSD_merged,114.5392797235857
2024-02-21 06:00:00,2024-02-21 19:00:00,-1.1,90.0,1.902422182156335,27177.459745090506,-1,92.814,93.12135985181649,92.3836962074569,89.258,90.983,61.534600353669695,0.10964484881669781,NZDJPY_merged,-100.90242218215634
2024-02-20 10:00:00,2024-02-22 01:00:00,-1.1,90.0,2.1124606918862288,30178.009884088984,-1,98.397,98.69044976802692,98.01551530156502,95.5,97.88,59.301699121344726,0.11353181082525324,AUDJPY_merged,-101.11246069188624
2024-02-20 10:00:00,2024-02-22 01:00:00,-1.1,90.0,1.581891606266343,22598.451518090616,-1,0.61798,0.6204411509313138,0.6145343886961605,0.60379,0.61734,69.59274954040055,0.0009147694415071692,NZDUSD_merged,-100.58189160626635
2024-02-20 10:00:00,2024-02-22 01:00:00,-1.1,90.0,2.1124606918862288,30178.009884088984,-1,98.397,98.69044976802692,97.98617032476231,95.5,97.88,59.235089781789604,0.11353181082525324,AUDJPY_merged,-101.11246069188624
2024-02-20 10:00:00,2024-02-22 01:00:00,-1.1,90.0,1.581891606266343,22598.451518090616,-1,0.61798,0.6204411509313138,0.6145343886961605,0.60379,0.61734,68.33943938316695,0.0009147694415071692,NZDUSD_merged,-100.58189160626635
2024-02-20 10:00:00,2024-02-22 01:00:00,-1.1,90.0,2.1124606918862288,30178.009884088984,-1,98.397,98.69044976802692,97.98617032476231,95.5,97.88,59.301699121344726,0.11353181082525324,AUDJPY_merged,-101.11246069188624
2024-02-20 10:00:00,2024-02-22 01:00:00,-1.1,90.0,1.581891606266343,22598.451518090616,-1,0.61798,0.6204411509313138,0.6147805037892919,0.60379,0.61734,68.33943938316695,0.0009147694415071692,NZDUSD_merged,-100.58189160626635
2024-02-20 10:00:00,2024-02-22 02:00:00,-1.1,90.0,1.5273436198433652,21819.194569190935,-1,0.61798,0.6205290491788608,0.6146662360674809,0.60379,0.61734,70.28524329052884,0.0009147694415071692,NZDUSD_merged,-100.52734361984338
2024-02-13 15:00:00,2024-02-22 07:00:00,-1.1,90.0,1.746540330117858,24950.576144540828,-1,0.95025,0.9536776763592376,0.9454512530970675,0.93049,0.94729,69.04703339732798,0.0011795865477063634,EURCHF_merged,-100.74654033011787
2024-02-13 15:00:00,2024-02-22 07:00:00,-1.1,90.0,1.746540330117858,24950.576144540828,-1,0.95025,0.9536776763592376,0.9454512530970675,0.93049,0.94729,68.48426312683308,0.0011795865477063634,EURCHF_merged,-100.74654033011787
2024-02-13 15:00:00,2024-02-22 07:00:00,-1.1,90.0,1.746540330117858,24950.576144540828,-1,0.95025,0.9536776763592376,0.9457940207329911,0.93049,0.94729,68.48426312683308,0.0011795865477063634,EURCHF_merged,-100.74654033011787
2024-02-22 05:00:00,2024-02-23 03:00:00,-1.1,90.0,2.7965145025351426,39950.20717907347,-1,190.356,190.78483482238795,189.79851473089565,185.221,188.928,63.21959504240514,0.23908145599378658,GBPJPY_merged,-101.79651450253516
2024-02-26 13:00:00,2024-02-26 21:00:00,-1.1,15.000000000000002,0.5878801323714653,8398.287605306648,-1,1.65939,1.6623538006186251,1.6549442990720622,1.63492,1.6611,69.76434574900311,0.0017053112622742673,EURAUD_merged,-17.08788013237147
2024-02-26 08:00:00,2024-02-28 04:00:00,1.5,15.0,0.43570760699809985,6224.394385687141,-1,163.405,163.79878529831532,162.81432205252702,158.076,161.864,70.45376461378586,0.15620903511261475,EURJPY_merged,22.0642923930019
2024-02-26 13:00:00,2024-02-28 05:00:00,-1.1,15.0,0.3701467500116634,5287.810714452335,-1,1.65939,1.6640972127472282,1.6542120659780488,1.63492,1.6611,72.38417966818916,0.0017053112622742673,EURAUD_merged,-16.870146750011664
2024-02-26 08:00:00,2024-02-28 20:00:00,1.5,15.0,0.39063440627415846,5580.491518202264,-1,163.405,163.84422206350555,162.74616690474167,158.076,161.864,66.45919692586494,0.15620903511261475,EURJPY_merged,22.10936559372584
2024-02-28 13:00:00,2024-02-28 22:00:00,1.3,15.0,0.4147490430489669,5924.986329270957,-1,1.66837,1.6725937312643857,1.6628791493562984,1.63492,1.6611,68.55335389939748,0.001711324596339745,EURAUD_merged,19.085250956951032
2024-02-28 13:00:00,2024-02-28 22:00:00,1.2,15.0,0.3686658160435261,5266.654514907516,-1,1.66837,1.673121697672434,1.6626679627930792,1.63492,1.6611,69.18326491277324,0.001711324596339745,EURAUD_merged,17.631334183956476
2024-02-28 14:00:00,2024-02-28 22:00:00,1.2,15.0,0.37902998339454697,5414.714048493529,-1,1.66794,1.6725605764101172,1.6623953083078593,1.63492,1.66722,72.18667259276359,0.0016690871251726369,EURAUD_merged,17.620970016605455
2024-02-28 13:00:00,2024-02-28 23:00:00,1.5,15.0,0.4147490430489669,5924.986329270957,-1,1.66837,1.6725937312643857,1.6620344031034213,1.63492,1.6611,71.35324815849616,0.001711324596339745,EURAUD_merged,22.085250956951032
2024-02-28 13:00:00,2024-02-28 23:00:00,1.2,15.000000000000002,0.34324058735086915,4903.436962155274,-1,1.66837,1.6734736752777994,1.6622455896666406,1.63492,1.6611,68.55335389939748,0.001711324596339745,EURAUD_merged,17.65675941264913
2024-02-28 13:00:00,2024-02-28 23:00:00,1.2,15.000000000000002,0.34324058735086915,4903.436962155274,-1,1.66837,1.6734736752777994,1.6622455896666406,1.63492,1.66722,72.1550782305555,0.001711324596339745,EURAUD_merged,17.65675941264913
2024-02-29 06:00:00,2024-02-29 10:00:00,1.5,60.0,1.6264441996103807,23234.917137291155,-1,1.47291,1.4767135255076576,1.4672047117385134,1.44561,1.47348,58.483043704312614,0.001359306197033261,EURCAD_merged,88.37355580038962
2024-02-29 06:00:00,2024-02-29 10:00:00,1.5,60.0,1.8141108380269633,25915.869114670906,-1,1.47291,1.476320057351693,1.4677949139724602,1.44561,1.47348,57.03878905306287,0.001359306197033261,EURCAD_merged,88.18588916197304
2024-02-29 22:00:00,2024-03-01 03:00:00,-1.1,90.0,2.8266112670508656,40380.160957869506,-1,0.95666,0.9587922203269529,0.9534616695095706,0.93049,0.94729,66.87061769043572,0.0007893644024832011,EURCHF_merged,-101.82661126705088
2024-03-01 05:00:00,2024-03-01 07:00:00,-1.1,15.0,0.6872102699125882,9817.289570179832,-1,0.95721,0.9586725370778115,0.9550161943832828,0.93049,0.94729,63.1766437919625,0.000878864790401249,EURCHF_merged,-17.187210269912587
2024-03-01 05:00:00,2024-03-01 08:00:00,-1.1,30.0,0.7758196195418421,11083.137422026317,-1,1.11792,1.120946002360428,1.1142887971674864,1.08944,1.11843,63.431095105547236,0.0011556886424752444,GBPCHF_merged,-33.77581961954184
2024-03-01 05:00:00,2024-03-01 08:00:00,-1.1,60.00000000000001,1.7307517908909629,24725.025584156614,-1,0.95721,0.9595328530059359,0.954422576392877,0.93049,0.94729,64.50265120338145,0.000878864790401249,EURCHF_merged,-67.73075179089098
2024-03-01 11:00:00,2024-03-03 17:00:00,1.5,15.000000000000002,0.5798294819830301,8283.278314043288,-1,0.95887,0.9606063958392675,0.9562654062410987,0.93049,0.94729,59.876669194566816,0.001037022937415073,EURCHF_merged,21.920170518016974
2024-03-01 10:00:00,2024-03-03 17:00:00,1.2,60.0,1.3986186433648973,19980.26633378425,-1,0.95975,0.9626320937137675,0.956291487543479,0.93049,0.94729,64.80352972708127,0.0010214093172162138,EURCHF_merged,70.6013813566351
2024-03-01 10:00:00,2024-03-03 17:00:00,1.5,60.0,1.689997527399251,24142.8218199893,-1,0.95975,0.9621351810044972,0.9561722284932541,0.93049,0.94729,66.16963903552433,0.0010214093172162138,EURCHF_merged,88.31000247260074
2024-03-01 11:00:00,2024-03-04 02:00:00,1.3,60.0,1.6428501989519184,23469.28855645598,-1,0.95887,0.9613213823613189,0.9556832029302854,0.93049,0.94729,59.83737987456316,0.001037022937415073,EURCHF_merged,76.35714980104808
2024-03-01 11:00:00,2024-03-04 02:00:00,1.1,15.000000000000002,0.36507782198931515,5215.397456990217,-1,0.95887,0.9616278051564838,0.9558364143278678,0.93049,0.94729,59.72633971956778,0.001037022937415073,EURCHF_merged,16.13492217801069
2024-03-04 16:00:00,2024-03-05 10:00:00,-1.1,90.0,2.8114851442140742,40164.0734887725,-1,1.72261,1.726470039247347,1.716819941128979,1.6914,1.7219,63.9986354740433,0.0012781160151604637,GBPCAD_merged,-101.81148514421409
2024-03-04 16:00:00,2024-03-05 10:00:00,-1.1,60.0,2.0905915174925167,29865.59310703596,-1,1.72261,1.7260707248424492,1.7174189127363262,1.6914,1.7219,67.50355210929209,0.0012781160151604637,GBPCAD_merged,-68.09059151749251
2024-03-05 03:00:00,2024-03-05 23:00:00,1.5,29.999999999999996,1.1790804950611216,16844.007072301738,-1,1.95483,1.9583116477901175,1.949607528314824,1.91916,1.9528,69.49820490550736,0.002033883246702768,GBPAUD_merged,43.82091950493887
2024-03-05 03:00:00,2024-03-06 02:00:00,1.3,59.99999999999999,1.6703640346699222,23862.343352427462,-1,1.95483,1.959745267468401,1.9484401522910788,1.91916,1.9528,68.52840529592704,0.002033883246702768,GBPAUD_merged,76.32963596533008
2024-03-05 03:00:00,2024-03-06 02:00:00,1.1,30.0,0.7423840154088542,10605.485934412205,-1,1.95483,1.960359675901951,1.948747356507854,1.91916,1.9528,71.72379938537478,0.002033883246702768,GBPAUD_merged,32.25761598459115
2024-03-04 16:00:00,2024-03-06 03:00:00,-1.1,60.0,2.080806728312772,29725.81040446817,-1,1.47371,1.4766846068751993,1.4692480896872013,1.44561,1.47348,61.47017374458061,0.0011252167411426154,EURCAD_merged,-68.08080672831277
2024-03-06 04:00:00,2024-03-06 08:00:00,-1.1,60.0,2.1166189616698903,30237.41373814129,1,169.345,169.00896927700256,169.84904608449614,169.197,171.691,37.35115885750477,0.20047476466246272,CHFJPY_merged,-68.11661896166989
2024-03-05 03:00:00,2024-03-06 08:00:00,1.5,59.99999999999999,1.6703640346699222,23862.343352427462,-1,1.95483,1.959745267468401,1.9474570987973987,1.91916,1.9528,72.96818449706235,0.002033883246702768,GBPAUD_merged,88.32963596533007
2024-03-05 03:00:00,2024-03-06 08:00:00,1.5,59.99999999999999,1.3202580027852016,18860.828611217166,-1,1.67262,1.6779409327155603,1.6646386009266596,1.64509,1.6611,67.50612434972479,0.0018287469286276724,EURAUD_merged,88.67974199721479
2024-02-28 09:00:00,2024-03-06 10:00:00,1.5,59.99999999999999,1.3944565514105793,19920.80787729399,-1,1.35791,1.361999924490104,1.3517751132648441,1.33581,1.35858,59.00059221899303,0.0014331531618559548,USDCAD_merged,88.6055434485894
2024-02-28 09:00:00,2024-03-06 10:00:00,1.5,60.0,1.5553553842656462,22219.362632366378,-1,1.35791,1.3615768288531966,1.352409756720205,1.33581,1.35858,57.791129683527174,0.0014331531618559548,USDCAD_merged,88.44464461573435
2024-03-05 14:00:00,2024-03-06 17:00:00,1.5,90.0,2.3961013420085013,34230.019171550026,-1,1.72634,1.7308790158626943,1.7195314762059584,1.6914,1.7219,65.08323348222329,0.001518379463424338,GBPCAD_merged,132.6038986579915
2024-03-06 04:00:00,2024-03-06 19:00:00,-1.1,15.0,0.333171503225816,4759.592903225944,1,169.345,168.81130414582762,169.98543502500686,169.197,171.82,35.493730495691025,0.20047476466246272,CHFJPY_merged,-16.833171503225817
2024-03-06 04:00:00,2024-03-06 19:00:00,-1.1,90.0,2.248907646774258,32127.25209677512,1,169.345,168.8706036851801,170.05659447222985,169.197,171.691,35.493730495691025,0.20047476466246272,CHFJPY_merged,-101.24890764677427
2024-03-06 04:00:00,2024-03-06 19:00:00,-1.1,60.0,1.332686012903264,19038.371612903775,1,169.345,168.81130414582762,169.98543502500686,169.197,171.691,37.35115885750477,0.20047476466246272,CHFJPY_merged,-67.33268601290327
2024-03-06 16:00:00,2024-03-07 03:00:00,-1.1,90.0,1.8190338980970389,25986.198544243416,-1,0.57901,0.5810153298642846,0.5760020052035731,0.56166,0.57388,62.91043189311928,0.0006663864097463131,AUDCHF_merged,-100.81903389809705
2024-03-07 07:00:00,2024-03-07 19:00:00,-1.1,60.0,1.2210252103688355,17443.217290983364,-1,0.66037,0.6626414960972528,0.6569627558541209,0.64422,0.65946,73.31113044357619,0.000909566942389451,AUDUSD_merged,-67.22102521036884
2024-03-07 07:00:00,2024-03-08 00:00:00,-1.1,60.0,1.0105036223742085,14435.766033917265,-1,0.66037,0.6631147244508471,0.6570763306589835,0.64422,0.65946,70.2465609586222,0.000909566942389451,AUDUSD_merged,-67.0105036223742
2024-03-07 07:00:00,2024-03-08 02:00:00,-1.1,30.0,1.0298686561063046,14712.409372947212,-1,0.58086,0.5820444287062895,0.5790833569405659,0.56166,0.57925,65.3272253248904,0.0006805282849480088,AUDCHF_merged,-34.0298686561063
2024-03-07 21:00:00,2024-03-08 04:00:00,-1.1,60.0,1.3300934121376957,19001.33445910994,-1,0.66188,0.6639700005778784,0.6591629992487581,0.64422,0.65946,69.07850337861157,0.0008779168902505547,AUDUSD_merged,-67.3300934121377
2024-03-08 03:00:00,2024-03-08 05:00:00,-1.1,60.0,1.9003560755784779,27147.9439368354,-1,1.28033,1.283159672854001,1.2760854907189987,1.25181,1.27854,69.96674461176735,0.0010424814557145464,GBPUSD_merged,-67.90035607557847
2024-03-07 08:00:00,2024-03-08 06:00:00,-1.1,90.0,2.0746589218757907,29637.984598225587,-1,0.89102,0.8937257102932972,0.8869614345600544,0.87256,0.8889,65.8649511442591,0.0009770747244547335,AUDCAD_merged,-101.07465892187581
2024-03-08 10:00:00,2024-03-08 14:00:00,1.2,15.0,0.40324643538982496,5760.663362711785,1,1.34514,1.3416374346304274,1.3493430784434872,1.34404,1.36056,35.07575032362618,0.001331728830805419,USDCAD_merged,17.596753564610175
2024-03-10 18:00:00,2024-03-11 07:00:00,-1.1,30.0,0.7795699280180137,11136.713257400197,1,108.993,108.69939542166291,109.43340686750562,108.818,111.797,32.296971429581404,0.17572939152865966,CADJPY_merged,-33.77956992801801
2024-03-10 17:00:00,2024-03-11 10:00:00,1.2,30.0,0.9694024070048797,13848.605814355426,1,0.85083,0.8489868613951347,0.8530417663258383,0.84979,0.85778,38.638842369780726,0.0006753122186044565,EURGBP_merged,35.03059759299512
2024-03-10 17:00:00,2024-03-11 10:00:00,1.2,30.0,0.90254706859075,12893.52955129643,1,0.85083,0.8488503326095891,0.853205600868493,0.84979,0.85778,38.73651669126155,0.0006753122186044565,EURGBP_merged,35.09745293140925
2024-03-08 14:00:00,2024-03-11 10:00:00,1.5,15.0,0.4698697846579716,6712.42549511388,-1,1.28425,1.2871198642560757,1.279945203615886,1.25181,1.27093,65.72870825792144,0.0016918586272683463,GBPUSD_merged,22.030130215342027
2024-03-11 11:00:00,2024-03-11 21:00:00,1.5,30.0,0.8146091228621163,11637.273183744519,1,108.887,108.60629764400797,109.30805353398804,108.818,111.797,42.052691342240976,0.1618248162981696,CADJPY_merged,44.185390877137884
2024-03-08 14:00:00,2024-03-12 02:00:00,1.1,15.0,0.2958439384883524,4226.341978405035,-1,1.28425,1.2888080197008263,1.2792361783290909,1.25181,1.27093,65.44551533036636,0.0016918586272683463,GBPUSD_merged,16.204156061511647
2024-03-08 14:00:00,2024-03-12 02:00:00,1.2,30.0,0.9799018598137693,13998.597997339562,1,0.85158,0.8497550029535204,0.8537699964557756,0.8528,0.85778,35.488371562734095,0.0006776444868845223,EURGBP_merged,35.02009814018623
2024-03-08 14:00:00,2024-03-12 03:00:00,1.2,15.0,0.2958439384883524,4226.341978405035,-1,1.28425,1.2888080197008263,1.2787803763590082,1.25181,1.27854,65.15994751181147,0.0016918586272683463,GBPUSD_merged,17.704156061511647
2024-03-08 14:00:00,2024-03-12 03:00:00,1.2,30.0,0.5508818164955528,7869.7402356507555,-1,1.28425,1.2891456507897765,1.278375219052268,1.25181,1.27854,65.76776791285238,0.0016918586272683463,GBPUSD_merged,35.449118183504446
2024-03-08 14:00:00,2024-03-12 03:00:00,1.2,15.0,0.2754409082477764,3934.8701178253777,-1,1.28425,1.2891456507897765,1.278375219052268,1.25181,1.27854,64.73922926338592,0.0016918586272683463,GBPUSD_merged,17.724559091752223
2024-03-08 14:00:00,2024-03-12 03:00:00,1.2,30.0,0.5916878769767048,8452.68395681007,-1,1.28425,1.2888080197008263,1.2787803763590082,1.25181,1.27093,65.72870825792144,0.0016918586272683463,GBPUSD_merged,35.40831212302329
2024-03-10 17:00:00,2024-03-12 07:00:00,1.2,30.0,0.47346284293753693,6763.754899107671,1,109.054,108.57030121895286,109.63443853725657,108.818,111.797,32.49073688243127,0.17270857549240246,CADJPY_merged,35.526537157062464
2024-03-10 17:00:00,2024-03-12 07:00:00,1.2,30.0,0.4408102330797756,6297.289043996795,1,109.054,108.53447167961603,109.67743398446076,108.818,111.797,31.908764666736047,0.17270857549240246,CADJPY_merged,35.55918976692023
2024-03-10 17:00:00,2024-03-12 07:00:00,1.2,60.0,0.9469256858750739,13527.509798215342,1,109.054,108.57030121895286,109.63443853725657,108.818,111.797,33.98705730110337,0.17270857549240246,CADJPY_merged,71.05307431412493
2024-03-10 21:00:00,2024-03-12 07:00:00,1.1,30.0,0.4726518148735396,6752.1687839077085,1,108.986,108.50177336043609,109.5186493035203,108.818,111.797,37.609669853215955,0.17689011413573785,CADJPY_merged,32.52734818512646
2024-03-15 14:00:00,2024-03-17 16:00:00,-1.1,30.0,1.1728789534231288,16755.41362033041,1,0.82423,0.8227542441302674,0.826443633804599,0.82342,0.83735,33.48343991353768,0.0008339422817867251,NZDCAD_merged,-34.17287895342313
2024-03-15 13:00:00,2024-03-18 22:00:00,-1.1,30.0,0.7156196211300017,10223.13744471431,1,0.82406,0.8216417795531271,0.8267200424915602,0.82342,0.83735,33.282619795345006,0.0008680916880779944,NZDCAD_merged,-33.71561962113
2024-03-17 17:00:00,2024-03-18 22:00:00,-1.1,30.0,1.225157172223514,17502.245317478773,-1,2.09264,2.096226922641137,2.087259616038294,2.03734,2.09431,64.66159745663336,0.002122100602301785,GBPNZD_merged,-34.22515717222351
2024-03-17 17:00:00,2024-03-18 22:00:00,-1.1,90.0,2.1821028292339,31172.897560484293,1,0.82371,0.8213318476368404,0.8265637828357917,0.82342,0.83735,37.26584018395475,0.000907883087859164,NZDCAD_merged,-101.18210282923391
2024-03-17 17:00:00,2024-03-19 00:00:00,-1.1,30.000000000000004,0.7713952565851755,11019.93223693108,-1,2.09264,2.098336877135923,2.0863734351504837,2.03734,2.09431,65.39406782865784,0.002122100602301785,GBPNZD_merged,-33.77139525658518
2024-03-19 03:00:00,2024-03-19 11:00:00,-1.1,90.0,1.369542111367274,19564.887305246775,-1,190.809,191.68673620834477,189.7557165499863,185.221,191.311,66.06871096931181,0.30519139676063967,GBPJPY_merged,-100.3695421113673
2024-03-19 06:00:00,2024-03-19 19:00:00,-1.1,60.0,0.8241641988191513,11773.77426884502,-1,150.532,151.2991218925863,149.6114537288965,145.896,150.842,70.03108009728223,0.26163016265077754,USDJPY_merged,-66.82416419881915
2024-03-19 17:00:00,2024-03-19 19:00:00,-1.1,29.999999999999996,0.9578434416837842,13683.477738339776,-1,163.855,164.2142398141758,163.31614027873627,158.076,163.716,69.57945868194834,0.20143771362544244,EURJPY_merged,-33.957843441683785
2024-03-19 16:00:00,2024-03-19 22:00:00,-1.1,30.0,0.6095725518134857,8708.179311621225,-1,163.888,164.4526002251514,163.21047972981833,158.076,163.716,70.52104697612089,0.21131753775047588,EURJPY_merged,-33.609572551813486
2024-03-19 17:00:00,2024-03-19 22:00:00,-1.1,30.0,0.6032069175781094,8617.241679687279,-1,191.846,192.51389121321347,191.04453054414384,185.221,191.311,72.65322787526593,0.23634089343320258,GBPJPY_merged,-33.603206917578106
2024-03-19 16:00:00,2024-03-19 23:00:00,-1.1,30.0,0.5819316381732572,8313.309116760818,-1,191.892,192.58447515269143,191.0610298167703,185.221,191.311,71.00442115188483,0.24736711600498823,GBPJPY_merged,-33.58193163817326
2024-03-19 13:00:00,2024-03-19 23:00:00,-1.1,30.0,0.5238945499994149,7484.207857134499,-1,163.928,164.58509559299745,163.20519484770278,158.076,163.716,73.01604922318812,0.23127097113669148,EURJPY_merged,-33.52389454999941
2024-03-19 16:00:00,2024-03-19 23:00:00,-1.1,60.0,1.1433812546058109,16334.017922940156,-1,150.848,151.40211228533605,150.18306525759678,146.481,150.842,70.29059165107292,0.19678200289334197,USDJPY_merged,-67.14338125460581
2024-03-19 17:00:00,2024-03-19 23:00:00,-1.1,30.0,0.5549545555988044,7927.922222840063,-1,150.807,151.37766780839067,150.12219862993115,145.896,150.842,70.5420991806131,0.18808328840096164,USDJPY_merged,-33.554954555598805
2024-03-19 13:00:00,2024-03-19 23:00:00,-1.1,30.000000000000004,0.48776389137876563,6968.055591125224,-1,163.928,164.63376934062688,163.0810767912477,158.076,163.716,70.95484323335542,0.23127097113669148,EURJPY_merged,-33.487763891378776
2024-03-19 16:00:00,2024-03-19 23:00:00,-1.1,30.0,0.5716906273029054,8167.008961470078,-1,150.848,151.40211228533605,150.18306525759678,145.896,150.842,70.65418790411164,0.19678200289334197,USDJPY_merged,-33.57169062730291
2024-03-19 15:00:00,2024-03-19 23:00:00,-1.1,30.0,0.5159050707021928,7370.072438602755,-1,191.954,192.73535188601915,191.01637773677703,185.221,191.311,74.63193439322225,0.25647227877460343,GBPJPY_merged,-33.515905070702196
2024-03-20 16:00:00,2024-03-20 20:00:00,1.5,15.0,0.43984507502916703,6283.501071845244,-1,165.175,165.56930644980736,164.583540325289,158.076,163.716,74.06646242657918,0.22716318686956447,EURJPY_merged,22.06015492497083
2024-03-20 17:00:00,2024-03-21 00:00:00,-1.1,30.0,0.49897195150812274,7128.170735830326,-1,99.489,99.90771471806887,98.98654233831735,95.5,99.056,76.57080640365048,0.14342835800234915,AUDJPY_merged,-33.498971951508125
2024-03-20 18:00:00,2024-03-21 01:00:00,-1.1,30.0,0.8033709055225813,11476.727221751162,-1,111.905,112.19751806156353,111.46622290765471,108.818,111.797,64.9582812167685,0.17027877312293474,CADJPY_merged,-33.803370905522584
2024-03-21 03:00:00,2024-03-21 03:00:00,-1.1,30.0,0.5400813288338239,7715.4475547689135,-1,0.58638,0.5886600232747519,0.5836439720702978,0.56965,0.57925,81.888489446951,0.0012834207029569806,AUDCHF_merged,-33.54008132883382
2024-03-21 03:00:00,2024-03-21 03:00:00,-1.1,30.0,0.5028343406383877,7183.34772340554,-1,0.58638,0.5888289138876964,0.5834413033347644,0.56965,0.57388,80.70141289877161,0.0012834207029569806,AUDCHF_merged,-33.50283434063839
2024-03-21 04:00:00,2024-03-21 21:00:00,1.1,30.0,0.4449843000146795,6356.918571638279,-1,99.867,100.33829909975044,99.34857099027451,96.895,99.056,68.70936040273509,0.16922984912052375,AUDJPY_merged,32.55501569998532
2024-03-20 17:00:00,2024-03-21 21:00:00,1.2,15.0,0.26316255574417496,3759.465082059643,-1,165.109,165.76777324192176,164.31847210969391,158.076,163.716,66.80288933872409,0.23465153066459715,EURJPY_merged,17.736837444255826
2024-03-21 20:00:00,2024-03-21 21:00:00,1.1,30.0,0.7704858184731903,11006.94026390272,1,1.9274,1.922146768982691,1.9331785541190398,1.9275,1.95682,46.28403438267883,0.0021380953234131288,GBPAUD_merged,32.22951418152681
2024-03-20 18:00:00,2024-03-21 21:00:00,1.1,15.0,0.27330432320701464,3904.3474743859238,-1,164.909,165.5425591327944,164.21208495392614,160.21,163.716,66.51400336731625,0.23224784990284178,EURJPY_merged,16.226695676792986
2024-03-21 04:00:00,2024-03-21 21:00:00,1.2,30.0,0.4142957275998738,5918.510394283912,-1,99.867,100.37321014417641,99.25954782698832,95.5,99.056,69.3708032183343,0.16922984912052375,AUDJPY_merged,35.58570427240013
2024-03-21 04:00:00,2024-03-21 21:00:00,1.5,30.0,0.7067397706115498,10096.282437307855,-1,99.867,100.16374387762066,99.42188418356903,96.895,99.056,69.25040852028195,0.16922984912052375,AUDJPY_merged,44.29326022938845
2024-03-21 20:00:00,2024-03-21 21:00:00,1.5,29.999999999999996,1.2237127705162434,17481.611007374908,1,1.9274,1.9240924101002128,1.9323613848496806,1.9275,1.95682,44.77024018500457,0.0021380953234131288,GBPAUD_merged,43.77628722948375
2024-03-21 04:00:00,2024-03-21 21:00:00,1.2,30.0,0.4449843000146795,6356.918571638279,-1,99.867,100.33829909975044,99.30144108029947,95.5,99.056,68.22627505137612,0.16922984912052375,AUDJPY_merged,35.55501569998532
2024-03-20 18:00:00,2024-03-22 01:00:00,1.2,15.0,0.2544557491927377,3635.082131324825,-1,164.909,165.58948943892733,164.09241267328719,158.076,163.716,67.26838466493315,0.23224784990284178,EURJPY_merged,17.745544250807264
2024-03-21 05:00:00,2024-03-22 01:00:00,1.5,30.0,0.7585734836123351,10836.764051604789,-1,112.012,112.32208887745438,111.54686668381845,108.676,111.797,60.79601611816472,0.17866199188684045,CADJPY_merged,44.24142651638766
2024-03-22 01:00:00,2024-03-22 06:00:00,-1.1,60.00000000000001,1.694687824571895,24209.826065312787,1,0.6016,0.6001090351371124,0.6038364472943313,0.60684,0.62163,32.7382877185095,0.0008779640007369056,NZDUSD_merged,-67.69468782457191
2024-03-20 19:00:00,2024-03-22 07:00:00,1.2,30.0,0.5110175675368686,7300.250964812408,-1,111.877,112.33675268743193,111.32529677508168,108.818,111.797,60.48137334602,0.17597314647129655,CADJPY_merged,35.48898243246313
2024-03-22 01:00:00,2024-03-22 10:00:00,-1.1,30.0,0.5335128336615224,7621.61190945032,1,0.6016,0.5992319969824728,0.60420480331928,0.60684,0.62163,30.535775820995763,0.0008779640007369056,NZDUSD_merged,-33.533512833661526
2024-03-22 10:00:00,2024-03-24 16:00:00,-1.1,60.00000000000001,1.6151746485081866,23073.923550116953,1,0.60033,0.5987689390940919,0.6026715913588622,0.60684,0.62163,32.41365158674113,0.0009448231838993957,NZDUSD_merged,-67.6151746485082
2024-03-22 08:00:00,2024-03-24 17:00:00,-1.1,29.999999999999996,0.5324265239024467,7606.093198606382,1,0.60103,0.5986594137437989,0.6038747035074411,0.60379,0.62163,37.08666653428333,0.0008881381304395058,NZDUSD_merged,-33.532426523902444
2024-03-22 10:00:00,2024-03-26 01:00:00,1.5,30.0,0.8958898487217966,12798.42641031138,1,1.26058,1.2576251523657993,1.265012271451301,1.25995,1.28934,33.50435603956078,0.0017032781195213745,GBPUSD_merged,44.104110151278206
2024-03-26 06:00:00,2024-03-26 06:00:00,-1.1,60.0,1.9299274104944364,27570.39157849195,-1,0.97747,0.9795972167946193,0.9749173398464567,0.93049,0.94729,73.69177914440168,0.0008589856731539946,EURCHF_merged,-67.92992741049444
2024-03-26 06:00:00,2024-03-26 06:00:00,-1.1,30.0,1.6461145560099606,23515.922228713724,-1,0.97747,0.9787169891554665,0.9755995162668002,0.93049,0.96318,74.72576568273847,0.0008589856731539946,EURCHF_merged,-34.64611455600996
2024-03-26 06:00:00,2024-03-26 06:00:00,-1.1,30.000000000000004,0.9255071166264928,13221.530237521327,-1,1.13966,1.1422459185272649,1.1368154896200084,1.08944,1.11843,75.05776605163354,0.0010971942024985213,GBPCHF_merged,-33.9255071166265
2024-03-26 06:00:00,2024-03-26 06:00:00,-1.1,30.0,1.0364424982284934,14806.321403264194,-1,0.97747,0.9794505121880939,0.9752914365930967,0.93049,0.96318,77.04877033829378,0.0008589856731539946,EURCHF_merged,-34.036442498228496
2024-03-26 06:00:00,2024-03-26 07:00:00,-1.1,59.99999999999999,1.723358079235538,24619.40113193626,-1,1.13966,1.1424374680478029,1.1363270383426363,1.08944,1.11843,71.03466163538657,0.0010971942024985213,GBPCHF_merged,-67.72335807923554
2024-03-26 11:00:00,2024-03-27 03:00:00,-1.1,15.0,0.31041869327175214,4434.552761025031,-1,1.13994,1.143795879255803,1.1353129448930364,1.08944,1.11843,66.07372482223853,0.0013753554267349282,GBPCHF_merged,-16.810418693271753
2024-03-26 10:00:00,2024-03-27 06:00:00,-1.1,15.0,0.3530540583341591,5043.629404773702,-1,0.97898,0.9818915342983172,0.975777312271851,0.93049,0.96318,59.98760084907778,0.00112132131952711,EURCHF_merged,-16.85305405833416
2024-03-29 00:00:00,2024-03-29 07:00:00,-1.1,14.999999999999998,0.5917375226824266,8453.393181177524,1,0.80914,0.8077042333510495,0.8112936499734257,0.82342,0.83735,34.921948157835466,0.0008206708586704331,NZDCAD_merged,-17.091737522682426
2024-03-22 08:00:00,2024-04-01 10:00:00,-1.1,30.0,0.5748440012244009,8212.057160348586,1,1.26194,1.2573299249285799,1.267011082578562,1.25995,1.28934,36.924128636443335,0.001692618410805861,GBPUSD_merged,-33.5748440012244
2024-03-26 09:00:00,2024-04-02 02:00:00,-1.1,30.0,0.5982156014858888,8545.937164084127,-1,0.66525,0.6675853202366003,0.6624476157160797,0.6462,0.65587,66.53769331507428,0.00080990549447793,CADCHF_merged,-33.59821560148589
2024-03-28 10:00:00,2024-04-03 03:00:00,1.2,15.0,0.3415294774713698,4878.992535305283,-1,2.11265,2.119145142136555,2.1048558294361337,2.03734,2.09431,58.25479871299311,0.002411636184529631,GBPNZD_merged,17.65847052252863
2024-04-03 04:00:00,2024-04-03 08:00:00,-1.1,30.0,1.7080539205891119,24400.770294130172,-1,0.97848,0.9796830112019481,0.976675483197078,0.93049,0.96318,65.08813198675509,0.0007249641019044177,EURCHF_merged,-34.70805392058911
2024-04-03 04:00:00,2024-04-03 09:00:00,-1.1,30.0,1.0754413574079593,15363.44796297085,-1,0.97848,0.9803906648501528,0.9761872021798167,0.93049,0.94729,65.98453688391643,0.0007249641019044177,EURCHF_merged,-34.07544135740796
2024-04-03 01:00:00,2024-04-03 09:00:00,-1.1,15.0,0.517691919068256,7395.598843832228,-1,0.97853,0.9805146871510941,0.9761483754186872,0.93049,0.94729,69.40588326343686,0.000657633816852792,EURCHF_merged,-17.017691919068255
2024-04-03 02:00:00,2024-04-03 09:00:00,-1.1,30.0,1.15725158633096,16532.165519013717,-1,0.97849,0.9802656113055025,0.9765368275639472,0.93049,0.96318,75.30048791591757,0.0006720885442204716,EURCHF_merged,-34.15725158633096
2024-04-01 17:00:00,2024-04-03 10:00:00,1.1,30.0,0.8404300255964826,12006.143222806895,1,1.25511,1.2519738305156585,1.2585597864327756,1.25995,1.28934,31.65019122859661,0.0011564339496412449,GBPUSD_merged,32.15956997440352
2024-03-28 23:00:00,2024-04-03 12:00:00,1.2,30.0,0.7357647076538394,10510.92439505485,1,0.80874,0.806431715867406,0.8115099409591128,0.81506,0.83735,36.64925164113303,0.0008445686170296877,NZDCAD_merged,35.26423529234616
2024-03-28 23:00:00,2024-04-03 12:00:00,1.1,15.0,0.3678823538269197,5255.462197527425,1,0.80874,0.806431715867406,0.8112791125458534,0.82342,0.83461,36.12997505106509,0.0008445686170296877,NZDCAD_merged,16.13211764617308
2024-04-03 13:00:00,2024-04-04 02:00:00,-1.1,30.0,0.8360901321792906,11944.144745418438,-1,0.97886,0.9813185937817995,0.9759096874618405,0.93049,0.94729,60.034928223719426,0.0008812624117300291,EURCHF_merged,-33.836090132179294
2024-04-04 04:00:00,2024-04-04 06:00:00,-1.1,15.0,0.4014387832161098,5734.839760230141,1,1.64674,1.6424328003165327,1.6527700795568545,1.64763,1.66791,37.84245951079909,0.0015441223440070863,EURAUD_merged,-16.90143878321611
2024-04-04 12:00:00,2024-04-04 14:00:00,1.5,60.0,2.1560048414769506,30800.069163956443,-1,112.378,112.59691769022034,112.0496234646695,108.676,111.797,60.08099544042529,0.08652657065326792,CADJPY_merged,87.84399515852304
2024-04-04 09:00:00,2024-04-04 14:00:00,1.5,15.0,0.3509304538922583,5013.292198460833,-1,0.67089,0.6728973336246169,0.6678789995630746,0.6462,0.65587,59.03830992450718,0.0008120096320005769,CADCHF_merged,22.149069546107743
2024-04-04 12:00:00,2024-04-04 14:00:00,1.2,60.0,2.24583837653849,32083.405379121294,-1,112.378,112.58816098261153,112.12580682086617,108.676,111.797,60.08099544042529,0.08652657065326792,CADJPY_merged,69.75416162346151
2024-04-04 09:00:00,2024-04-04 14:00:00,1.2,15.0,0.36555255613776916,5222.179373396702,-1,0.67089,0.6728170402796322,0.6685775516644413,0.6462,0.65587,59.03830992450718,0.0008120096320005769,CADCHF_merged,17.634447443862232
2024-04-04 12:00:00,2024-04-04 14:00:00,1.1,90.0,3.234007262215426,46200.10374593466,-1,112.378,112.59691769022034,112.13719054075763,108.676,112.288,60.261151001559156,0.08652657065326792,CADJPY_merged,95.76599273778459
2024-04-04 12:00:00,2024-04-04 14:00:00,1.3,90.0,3.234007262215426,46200.10374593466,-1,112.378,112.59691769022034,112.09340700271356,108.676,111.797,60.08099544042529,0.08652657065326792,CADJPY_merged,113.76599273778457
2024-04-04 10:00:00,2024-04-04 14:00:00,1.5,60.0,2.0193659707414198,28848.085296306,-1,112.396,112.62976802760853,112.04534795858721,108.676,111.797,67.61369507851205,0.08761069732568379,CADJPY_merged,87.98063402925858
2024-04-04 10:00:00,2024-04-04 14:00:00,1.5,60.0,2.370560052609493,33865.14360870705,-1,112.396,112.59513572722209,112.09729640916689,108.676,111.797,68.2872665521185,0.08761069732568379,CADJPY_merged,87.62943994739051
2024-04-04 09:00:00,2024-04-04 14:00:00,1.3,60.0,1.4037218155690332,20053.16879384333,-1,0.67089,0.6728973336246169,0.668280466287998,0.6462,0.65587,59.03830992450718,0.0008120096320005769,CADCHF_merged,76.59627818443097
2024-04-04 09:00:00,2024-04-04 14:00:00,1.1,60.0,1.4037218155690332,20053.16879384333,-1,0.67089,0.6728973336246169,0.6686819330129214,0.6462,0.65391,58.80954006337735,0.0008120096320005769,CADCHF_merged,64.59627818443097
2024-04-04 10:00:00,2024-04-04 15:00:00,1.2,60.0,1.227894184879734,17541.345498281917,-1,0.54626,0.5481284769650772,0.5440178276419073,0.53398,0.54613,66.62743391005147,0.0007800654924405921,NZDCHF_merged,70.77210581512027
2024-04-04 10:00:00,2024-04-04 15:00:00,1.5,60.0,1.1787784174845446,16839.69167835064,-1,0.54626,0.5482063301719554,0.5433405047420669,0.53398,0.54613,66.62743391005147,0.0007800654924405921,NZDCHF_merged,88.82122158251545
2024-04-04 09:00:00,2024-04-04 15:00:00,1.3,60.0,1.01603865736252,14514.837962321715,-1,0.54664,0.5488996463071196,0.5437024598007445,0.53398,0.54637,65.65329795645798,0.0007785320687821572,NZDCHF_merged,76.98396134263749
2024-04-04 09:00:00,2024-04-04 15:00:00,1.2,60.0,1.4031010030244324,20044.300043206178,-1,0.54664,0.5482762956017073,0.5446764452779512,0.53398,0.54613,65.09266633809887,0.0007785320687821572,NZDCHF_merged,70.59689899697557
2024-04-04 10:00:00,2024-04-04 15:00:00,1.3,60.0,1.1787784174845446,16839.69167835064,-1,0.54626,0.5482063301719554,0.543729770776458,0.53398,0.54613,66.62743391005147,0.0007800654924405921,NZDCHF_merged,76.82122158251545
2024-04-04 09:00:00,2024-04-04 15:00:00,1.5,15.0,0.2728251950325285,3897.502786178979,-1,0.54664,0.5487438086307665,0.5434842870538502,0.53398,0.54637,65.30923174017957,0.0007785320687821572,NZDCHF_merged,22.227174804967472
2024-04-04 09:00:00,2024-04-04 15:00:00,1.5,15.0,0.2833184717645489,4047.4067394935555,-1,0.54664,0.54866588979259,0.543601165311115,0.53398,0.54637,65.09266633809887,0.0007785320687821572,NZDCHF_merged,22.21668152823545
2024-04-04 10:00:00,2024-04-04 15:00:00,1.5,60.0,1.2812808885701572,18304.01269385939,-1,0.54626,0.5480506237581989,0.5435740643627015,0.53398,0.54613,66.31729472029012,0.0007800654924405921,NZDCHF_merged,88.71871911142985
2024-04-04 10:00:00,2024-04-04 15:00:00,1.1,60.0,1.1787784174845446,16839.69167835064,-1,0.54626,0.5482063301719554,0.544119036810849,0.53398,0.54613,66.50373152143301,0.0007800654924405921,NZDCHF_merged,64.82122158251545
2024-04-04 08:00:00,2024-04-04 22:00:00,1.1,15.0,0.4145742890692816,5922.489843846881,1,1.64372,1.639556919834381,1.6482993881821812,1.64763,1.66791,33.0410599321074,0.0017027154900871508,EURAUD_merged,16.085425710930718
2024-04-04 08:00:00,2024-04-04 22:00:00,1.2,15.0,0.49354082032057334,7050.583147436762,1,1.64372,1.6402230126608799,1.6479163848069442,1.64763,1.66791,34.869019132142775,0.0017027154900871508,EURAUD_merged,17.506459179679428
2024-04-04 08:00:00,2024-04-04 23:00:00,1.3,15.0,0.4145742890692816,5922.489843846881,1,1.64372,1.639556919834381,1.649132004215305,1.644,1.67437,32.34699376373004,0.0017027154900871508,EURAUD_merged,19.085425710930718
2024-04-04 08:00:00,2024-04-07 20:00:00,1.5,15.0,0.4506242272492192,6437.488960703132,1,1.64372,1.6398899662476305,1.6494650506285546,1.644,1.67437,33.69245461892265,0.0017027154900871508,EURAUD_merged,22.049375772750782
2024-04-04 08:00:00,2024-04-07 20:00:00,1.3,15.0,0.3573916285080013,5105.594692971448,1,1.64372,1.638890827007882,1.6499979248897538,1.644,1.67437,32.34699376373004,0.0017027154900871508,EURAUD_merged,19.142608371492
2024-04-04 10:00:00,2024-04-09 09:00:00,-1.1,15.0,0.3579447284176465,5113.4961202520935,1,1.64418,1.6393569397257732,1.6509322843839174,1.64763,1.66791,33.9775549592058,0.0017730557031874223,EURAUD_merged,-16.857944728417646
2024-04-09 11:00:00,2024-04-10 08:00:00,1.5,90.0,1.668088347387381,23829.833534105444,-1,100.435,100.81432073621342,99.86601889567989,96.895,100.168,57.39778778630488,0.1503905591649834,AUDJPY_merged,133.33191165261263
2024-04-09 11:00:00,2024-04-10 08:00:00,1.3,90.0,1.668088347387381,23829.833534105444,-1,100.435,100.81432073621342,99.94188304292257,96.895,100.168,57.39778778630488,0.1503905591649834,AUDJPY_merged,115.33191165261262
2024-04-09 11:00:00,2024-04-10 08:00:00,1.5,90.00000000000001,1.8131395080297623,25901.992971853746,-1,100.435,100.78397507731634,99.9115373840255,96.895,100.168,57.8461887820663,0.1503905591649834,AUDJPY_merged,133.18686049197026
2024-04-09 11:00:00,2024-04-10 08:00:00,1.1,90.0,1.668088347387381,23829.833534105444,-1,100.435,100.81432073621342,100.01774719016525,98.17,100.168,57.66176218102557,0.1503905591649834,AUDJPY_merged,97.33191165261263
2024-04-09 11:00:00,2024-04-10 08:00:00,1.2,90.0,1.737592028528522,24822.74326469317,-1,100.435,100.79914790676489,99.99802251188216,96.895,100.168,57.39778778630488,0.1503905591649834,AUDJPY_merged,106.26240797147148
2024-04-11 04:00:00,2024-04-11 06:00:00,-1.1,90.0,2.6746431903943217,38209.188434204596,1,1.25604,1.2530814550888811,1.2595902538933428,1.25995,1.28934,38.192247718369885,0.0014474858450525773,GBPUSD_merged,-101.67464319039433
2024-04-11 01:00:00,2024-04-11 08:00:00,1.2,90.0,2.259582384639066,32279.74835198666,-1,0.9125,0.9150441648151804,0.9094470022217835,0.87294,0.88923,67.02082137175239,0.0010172066249209658,USDCHF_merged,105.74041761536094
2024-04-11 01:00:00,2024-04-11 08:00:00,1.5,90.0,2.169199089253503,30988.55841790719,-1,0.9125,0.9151501716824795,0.9085247424762807,0.87294,0.88923,67.02082137175239,0.0010172066249209658,USDCHF_merged,132.8308009107465
2024-04-10 16:00:00,2024-04-11 08:00:00,1.2,60.0,1.19429318412713,17061.331201816145,-1,0.91323,0.9164415782380549,0.9093761061143341,0.87294,0.88923,66.81379744502593,0.0014736570440378885,USDCHF_merged,70.80570681587287
2024-04-10 23:00:00,2024-04-11 08:00:00,1.5,90.0,2.142601908535356,30608.598693362226,-1,0.91276,0.9154438340697321,0.908734248895402,0.87294,0.88923,66.75228684098188,0.0011185354939911804,USDCHF_merged,132.85739809146463
2024-04-11 06:00:00,2024-04-11 08:00:00,1.1,90.0,2.1371621858962664,30530.88836994666,-1,0.91313,0.915821755935962,0.9101690684704417,0.87294,0.88923,59.32701599508894,0.0011026522047859206,USDCHF_merged,96.86283781410374
2024-04-11 01:00:00,2024-04-11 08:00:00,1.3,90.0,2.169199089253503,30988.55841790719,-1,0.9125,0.9151501716824795,0.9090547768127766,0.87294,0.88923,67.02082137175239,0.0010172066249209658,USDCHF_merged,114.83080091074649
2024-04-11 01:00:00,2024-04-11 10:00:00,-1.1,89.99999999999999,2.542095571159445,36315.6510165635,-1,1.36765,1.371039406400669,1.3632437716791304,1.34194,1.36139,66.13982238043283,0.0012903509488199094,USDCAD_merged,-101.54209557115944
2024-04-11 00:00:00,2024-04-11 10:00:00,-1.1,90.0,2.632964752353701,37613.78217648144,-1,1.36797,1.371243196495432,1.363060205256852,1.34194,1.36139,65.25820268098236,0.001355762560267578,USDCAD_merged,-101.63296475235371
2024-04-11 09:00:00,2024-04-11 10:00:00,-1.1,90.0,2.281746343796157,32596.376339945098,1,1.07414,1.0711742531638546,1.0774023215197601,1.07246,1.09812,35.011036027180104,0.0013044202534254659,EURUSD_merged,-101.28174634379617
2024-04-11 10:00:00,2024-04-11 10:00:00,-1.1,60.0,1.6458959406387927,23512.799151982756,1,1.07347,1.0707307174678065,1.0767571390386321,1.07246,1.09812,29.903726305769027,0.0014648188067522142,EURUSD_merged,-67.6458959406388
2024-04-11 14:00:00,2024-04-12 02:00:00,-1.1,30.0,0.7346956809552049,10495.652585074356,1,1.07277,1.0697036732767082,1.0764495920679502,1.07246,1.09812,37.51833716154773,0.0014237158980541908,EURUSD_merged,-33.734695680955205
2024-04-11 00:00:00,2024-04-12 03:00:00,-1.1,89.99999999999999,2.175650424778393,31080.72035397705,1,1.25451,1.250877333230565,1.2585059334463786,1.25995,1.28934,32.87531738700955,0.0013771333715045027,GBPUSD_merged,-101.17565042477838
2024-04-10 19:00:00,2024-04-12 09:00:00,-1.1,15.000000000000002,0.1811752411653792,2588.2177309339886,1,0.59782,0.5943553378532168,0.6026705270054964,0.60684,0.62163,33.21552531240191,0.001194709385412798,NZDUSD_merged,-16.681175241165384
2024-04-12 12:00:00,2024-04-15 13:00:00,-1.1,89.99999999999999,1.594002380492329,22771.462578461844,1,0.6476,0.6450404806103615,0.6514392790844576,0.6477,0.66671,29.633726851020597,0.0011504891945745372,AUDUSD_merged,-100.59400238049231
2024-04-14 19:00:00,2024-04-15 13:00:00,-1.1,90.0,1.565353225842034,22362.188940600485,1,0.64736,0.6447546021047064,0.6507470172638818,0.6477,0.66671,37.672850095033766,0.0010355763611090798,AUDUSD_merged,-100.56535322584205
2024-04-15 14:00:00,2024-04-16 07:00:00,-1.1,90.0,1.9034649004373632,27192.355720533764,-1,154.173,154.68327465742962,153.50964294534148,146.481,151.97,67.48383278351697,0.1955305870452913,USDJPY_merged,-100.90346490043737
2024-04-15 14:00:00,2024-04-16 07:00:00,-1.1,60.0,1.2201698079726686,17430.99725675241,-1,154.173,154.70368564372683,153.3769715344098,146.481,151.97,66.42784251034914,0.1955305870452913,USDJPY_merged,-67.22016980797267
2024-04-15 14:00:00,2024-04-16 07:00:00,-1.1,90.0,1.9827759379555865,28325.370542222667,-1,154.173,154.66286367113244,153.58516359464107,146.481,151.97,67.48383278351697,0.1955305870452913,USDJPY_merged,-100.9827759379556
2024-04-15 11:00:00,2024-04-16 09:00:00,1.3,90.0,1.5749067144890176,22498.66734984311,-1,112.089,112.53738255720378,111.50610267563508,108.676,111.797,61.57300529503015,0.18097066410426355,CADJPY_merged,115.42509328551098
2024-04-15 11:00:00,2024-04-16 09:00:00,1.2,90.0,1.6405278275927269,23436.111822753242,-1,112.089,112.51944725491563,111.57246329410124,108.676,111.797,61.57300529503015,0.18097066410426355,CADJPY_merged,106.35947217240728
2024-04-15 11:00:00,2024-04-16 09:00:00,1.5,90.0,1.5749067144890176,22498.66734984311,-1,112.089,112.53738255720378,111.41642616419432,108.676,111.797,61.57300529503015,0.18097066410426355,CADJPY_merged,133.42509328551097
2024-04-16 11:00:00,2024-04-16 18:00:00,1.2,15.0,0.38862491757030104,5551.784536718586,-1,1.80772,1.8126041592862008,1.8018590088565591,1.74401,1.80986,61.768335416108634,0.002374662269408523,EURNZD_merged,17.6113750824297
2024-04-16 13:00:00,2024-04-16 18:00:00,-1.1,30.0,0.580216122334451,8288.801747635014,1,0.58864,0.5865095111141924,0.5911965866629694,0.59392,0.62163,37.31517423823826,0.0010756243372619274,NZDUSD_merged,-33.58021612233445
2024-04-16 11:00:00,2024-04-16 18:00:00,1.2,89.99999999999999,1.9214835014637814,27449.764306625453,-1,2.11545,2.122385961193446,2.1071268465678648,2.03734,2.11734,57.632936751519814,0.002955699271273851,GBPNZD_merged,106.0785164985362
2024-04-16 11:00:00,2024-04-17 00:00:00,1.5,90.0,1.8446241614052301,26351.77373436043,-1,2.11545,2.1226749595765066,2.1046125606352404,2.03734,2.11734,57.632936751519814,0.002955699271273851,GBPNZD_merged,133.15537583859478
2024-04-16 11:00:00,2024-04-17 02:00:00,1.4,14.999999999999998,0.2914686881777258,4163.8384025389405,-1,1.80772,1.814232212381601,1.7986029026657586,1.74401,1.80986,62.144104185327116,0.002374662269408523,EURNZD_merged,20.70853131182227
2024-04-16 11:00:00,2024-04-17 02:00:00,1.5,15.0,0.3138893564990893,4484.133664272705,-1,1.80772,1.8137670543543438,1.7986494184684843,1.74401,1.80986,61.768335416108634,0.002374662269408523,EURNZD_merged,22.18611064350091
2024-04-16 11:00:00,2024-04-17 02:00:00,1.5,59.99999999999999,1.209055299107603,17272.218558680044,-1,1.80772,1.8139996333679724,1.7983005499480413,1.74401,1.80986,61.98116935412875,0.002374662269408523,EURNZD_merged,88.79094470089238
2024-04-16 08:00:00,2024-04-18 03:00:00,1.5,60.00000000000001,1.2814016789421485,18305.738270602124,-1,2.11348,2.120407270461615,2.1030890943075775,2.03734,2.11734,68.00532397370026,0.0026945374603438163,GBPNZD_merged,88.71859832105787
2024-04-10 16:00:00,2024-04-18 21:00:00,1.5,60.0,0.9646214179488356,13780.305970697653,-1,0.91323,0.9172062397233061,0.9072656404150409,0.87294,0.88923,66.81379744502593,0.0014736570440378885,USDCHF_merged,89.03537858205117
2024-04-10 16:00:00,2024-04-18 21:00:00,1.5,60.0,0.9288946987655455,13269.924268079223,-1,0.91323,0.9173591720203563,0.9070362419694655,0.87294,0.88923,67.43189203027826,0.0014736570440378885,USDCHF_merged,89.07110530123445
2024-04-10 16:00:00,2024-04-18 21:00:00,1.3,60.0,0.8648329954024043,12354.757077177206,-1,0.91323,0.9176650366144568,0.9074644524012062,0.87294,0.88923,69.34393649877465,0.0014736570440378885,USDCHF_merged,77.13516700459759
2024-04-19 00:00:00,2024-04-21 21:00:00,1.4,30.0,0.39334320623648333,5619.188660521191,1,0.58776,0.5846220380867645,0.5921531466785296,0.59392,0.62163,40.63363848005831,0.001090650634491357,NZDUSD_merged,41.60665679376352
2024-04-19 02:00:00,2024-04-21 21:00:00,1.2,89.99999999999999,2.1630761982395326,30901.08854627904,-1,1.80811,1.8133761542895581,1.8017906148525304,1.74401,1.80986,58.21363818470805,0.0021932144572694824,EURNZD_merged,105.83692380176045
2024-04-22 00:00:00,2024-04-22 05:00:00,-1.1,60.0,1.78909834146341,25558.547735191576,1,1.69959,1.6956001254164925,1.705574811875261,1.70214,1.7343,31.616239919047544,0.0014899552083954923,GBPCAD_merged,-67.78909834146341
2024-04-19 02:00:00,2024-04-22 16:00:00,1.5,90.0,2.0765531503099517,29665.045004427884,-1,1.80811,1.8135955773849564,1.7998816339225656,1.74401,1.80986,58.21363818470805,0.0021932144572694824,EURNZD_merged,132.92344684969004
2024-04-22 11:00:00,2024-04-23 07:00:00,1.2,90.0,2.166650813280633,30952.154475437615,1,1.69227,1.6873493635344232,1.698174763758692,1.70214,1.7343,30.41463367557523,0.0020102462515624118,GBPCAD_merged,105.83334918671937
2024-04-23 03:00:00,2024-04-23 08:00:00,1.4,90.0,2.1050802695364688,30072.575279092416,1,1.91361,1.9078830245613605,1.9216277656140954,1.91128,1.95066,44.38859668260219,0.0021942520587325044,GBPAUD_merged,123.89491973046351
2024-04-22 12:00:00,2024-04-23 08:00:00,1.2,90.0,2.9020315676243835,41457.59382320548,-1,0.86283,0.8647031116024523,0.8605822660770572,0.84983,0.8602,62.58297905264055,0.0007597157985678442,EURGBP_merged,105.09796843237562
2024-04-22 11:00:00,2024-04-23 09:00:00,1.5,89.99999999999999,2.0799847807494074,29714.068296420108,1,1.69227,1.6871443370150243,1.6999584944774635,1.70214,1.7343,30.41463367557523,0.0020102462515624118,GBPCAD_merged,132.92001521925056
2024-04-22 12:00:00,2024-04-23 10:00:00,1.4,90.0,2.487455629392329,35535.08041989042,-1,0.86283,0.8650152968695276,0.8597705843826613,0.84983,0.8586,63.43669463579626,0.0007597157985678442,EURGBP_merged,123.51254437060766
2024-04-22 12:00:00,2024-04-23 10:00:00,1.5,90.0,2.5795836156661185,36851.19450951598,-1,0.86283,0.8649372505527588,0.8596691241708617,0.84983,0.8602,63.66083473012594,0.0007597157985678442,EURGBP_merged,132.4204163843339
2024-04-22 12:00:00,2024-04-23 10:00:00,1.5,90.0,2.785950304919408,39799.29007027726,-1,0.86283,0.864781157919221,0.8599032631211683,0.84983,0.8602,62.58297905264055,0.0007597157985678442,EURGBP_merged,132.2140496950806
2024-04-22 12:00:00,2024-04-23 10:00:00,1.5,30.0,0.892932790038272,12756.182714832457,-1,0.86283,0.8648592042359899,0.859786193646015,0.84983,0.8602,63.79327622300657,0.0007597157985678442,EURGBP_merged,44.10706720996173
2024-04-22 12:00:00,2024-04-23 10:00:00,1.5,30.0,0.6802628126618411,9718.040180883445,1,1.69309,1.6878633597459378,1.7009299603810935,1.70214,1.7343,30.316284495781414,0.0019509429478793954,GBPCAD_merged,44.319737187338156
2024-04-22 11:00:00,2024-04-23 10:00:00,1.5,89.99999999999999,1.9259118340272288,27513.026200388987,1,1.69227,1.6867342839762263,1.7005735740356605,1.70214,1.7343,30.536529213542178,0.0020102462515624118,GBPCAD_merged,133.07408816597274
2024-04-19 01:00:00,2024-04-23 21:00:00,1.4,60.0,0.9921859019673165,14174.084313818808,1,0.88175,0.8780174837521306,0.8869755227470173,0.87968,0.90065,37.95682603515765,0.001304967123017921,AUDCAD_merged,83.00781409803268
2024-04-19 01:00:00,2024-04-23 21:00:00,1.5,90.0,1.5434002919491587,22048.5755992737,1,0.88175,0.8781507879038403,0.8871488181442397,0.87968,0.89494,38.14460074241029,0.001304967123017921,AUDCAD_merged,133.45659970805085
2024-04-19 01:00:00,2024-04-23 21:00:00,1.5,29.999999999999996,0.5342539472131704,7632.199245902435,1,0.88175,0.8782840920555498,0.8869488619166753,0.87968,0.89494,38.32904285720461,0.001304967123017921,AUDCAD_merged,44.46574605278682
2024-04-22 11:00:00,2024-04-24 12:00:00,1.4,90.0,1.6267053161709084,23238.647373870124,1,2.08777,2.079684361581506,2.0990898937858917,2.08567,2.11734,35.628836345536754,0.002793604577561806,GBPNZD_merged,124.37329468382907
2024-04-24 01:00:00,2024-04-24 13:00:00,-1.1,90.0,2.3128544368719703,33040.77766959958,-1,192.843,193.36828636503517,192.21265636195776,187.953,192.938,66.8671006839208,0.20859293885290198,GBPJPY_merged,-101.31285443687199
2024-04-23 15:00:00,2024-04-24 15:00:00,-1.1,90.0,1.530257201161052,21860.817159443606,-1,192.68,193.47325488491674,191.49011767262493,187.953,192.938,67.67558845182086,0.3005661001119263,GBPJPY_merged,-100.53025720116106
2024-04-23 12:00:00,2024-04-24 21:00:00,-1.1,90.0,2.482048650347009,35457.83786210013,-1,113.197,113.48431954947793,112.85221654062649,108.676,112.478,66.59721513586268,0.11952244473848408,CADJPY_merged,-101.48204865034702
2024-04-25 06:00:00,2024-04-25 08:00:00,1.0,15.0,0.3466556406266619,4952.223437523741,-1,113.798,114.14268759770935,113.45331240229065,108.676,112.478,62.87326563874606,0.1164747326243228,CADJPY_merged,14.653344359373339
2024-04-25 06:00:00,2024-04-25 09:00:00,1.5,15.0,0.4521595312521677,6459.421875030967,-1,113.798,114.06226049157718,113.40160926263425,108.676,112.478,62.87326563874606,0.1164747326243228,CADJPY_merged,22.047840468747832
2024-04-25 07:00:00,2024-04-25 09:00:00,1.5,15.0,0.3942046792541548,5631.495417916498,-1,113.694,113.99683430482324,113.23974854276514,110.865,112.478,64.90850421618231,0.11922653743687125,CADJPY_merged,22.105795320745845
2024-04-25 07:00:00,2024-04-25 09:00:00,1.5,15.0,0.3942046792541548,5631.495417916498,-1,113.694,113.99683430482324,113.23974854276514,108.676,112.478,65.18098345454786,0.11922653743687125,CADJPY_merged,22.105795320745845
2024-04-25 07:00:00,2024-04-25 09:00:00,1.4,15.000000000000002,0.3534248848485526,5048.926926407895,-1,113.694,114.03177672461054,113.22111258554526,108.676,112.478,64.90850421618231,0.11922653743687125,CADJPY_merged,20.646575115151446
2024-04-25 06:00:00,2024-04-25 09:00:00,1.3,15.0,0.3466556406266619,4952.223437523741,-1,113.798,114.14268759770935,113.34990612297784,108.676,112.478,63.51587794637922,0.1164747326243228,CADJPY_merged,19.15334435937334
2024-04-25 06:00:00,2024-04-25 09:00:00,1.2,15.0,0.3466556406266619,4952.223437523741,-1,113.798,114.14268759770935,113.38437488274879,108.676,112.478,62.87326563874606,0.1164747326243228,CADJPY_merged,17.65334435937334
2024-04-25 07:00:00,2024-04-25 09:00:00,1.5,15.0,0.4456226808960011,6366.038298514302,-1,113.694,113.96189188503594,113.29216217244608,108.676,112.478,64.6442579075992,0.11922653743687125,CADJPY_merged,22.054377319104
2024-04-25 07:00:00,2024-04-25 09:00:00,1.3,60.0,1.0076176176020892,14394.537394315563,-1,92.673,93.05928403592851,92.17083075329295,90.102,92.363,70.5810901765097,0.1277783920731083,NZDJPY_merged,76.9923823823979
2024-04-25 09:00:00,2024-04-25 19:00:00,-1.1,60.00000000000001,1.072089826749392,15315.568953562744,-1,92.305,92.66661242307043,91.76258136539437,90.102,92.363,53.15064491448645,0.17220687887936353,NZDJPY_merged,-67.0720898267494
2024-04-25 10:00:00,2024-04-25 19:00:00,-1.1,30.0,0.3749240472863428,5356.057818376326,-1,92.235,92.7516206366381,91.56339317237048,90.102,92.363,53.01415462411996,0.17690638753083757,NZDJPY_merged,-33.37492404728634
2024-04-25 09:00:00,2024-04-25 19:00:00,-1.1,60.0,0.8502781384564143,12146.830549377348,-1,92.305,92.76094609865402,91.66667546188438,90.102,92.363,52.56648309993224,0.17220687887936353,NZDJPY_merged,-66.85027813845642
2024-04-25 09:00:00,2024-04-25 19:00:00,-1.1,60.0,0.9483871544321543,13548.387920459349,-1,92.305,92.71377926086222,91.69183110870668,90.102,92.363,51.84639227358138,0.17220687887936353,NZDJPY_merged,-66.94838715443215
2024-04-25 09:00:00,2024-04-25 19:00:00,-1.1,60.0,0.9483871544321543,13548.387920459349,-1,92.305,92.71377926086222,91.69183110870668,90.102,92.363,52.56648309993224,0.17220687887936353,NZDJPY_merged,-66.94838715443215
2024-04-25 09:00:00,2024-04-25 20:00:00,-1.1,30.0,0.5348109935943602,7640.157051348004,-1,101.162,101.55922481875743,100.56616277186386,96.895,100.806,56.57825033698543,0.19001312558529668,AUDJPY_merged,-33.53481099359436
2024-04-25 09:00:00,2024-04-25 20:00:00,-1.1,30.0,0.5348109935943602,7640.157051348004,-1,101.162,101.55922481875743,100.56616277186386,96.895,100.806,56.05021280876913,0.19001312558529668,AUDJPY_merged,-33.53481099359436
2024-04-25 09:00:00,2024-04-25 21:00:00,-1.1,30.0,0.4731020327950109,6758.600468500156,-1,101.162,101.61103675163884,100.48844487254176,96.895,100.806,55.39884464777388,0.19001312558529668,AUDJPY_merged,-33.47310203279501
2024-04-25 09:00:00,2024-04-25 21:00:00,-1.1,30.0,0.4731020327950109,6758.600468500156,-1,101.162,101.61103675163884,100.48844487254176,96.895,100.806,54.597640807848784,0.19001312558529668,AUDJPY_merged,-33.47310203279501
2024-04-25 09:00:00,2024-04-25 23:00:00,-1.1,30.0,0.4100217617556761,5857.453739366802,-1,101.162,101.68011932881404,100.54025680542316,96.895,100.806,56.57825033698543,0.19001312558529668,AUDJPY_merged,-33.41002176175568
2024-04-25 09:00:00,2024-04-25 23:00:00,-1.1,60.0,0.8200435235113522,11714.907478733605,-1,101.162,101.68011932881404,100.48844487254176,96.895,100.806,52.39519856439119,0.19001312558529668,AUDJPY_merged,-66.82004352351136
2024-04-25 09:00:00,2024-04-25 23:00:00,-1.1,60.0,0.947393140379507,13534.187719707243,-1,194.259,195.12019242923077,193.13944984199998,187.953,192.938,60.164627991933095,0.31484527571428655,GBPJPY_merged,-66.9473931403795
2024-04-25 07:00:00,2024-04-25 23:00:00,-1.1,15.000000000000002,0.3534248848485526,5048.926926407895,-1,113.694,114.03177672461054,113.1873349130842,108.676,112.478,65.18098345454786,0.11922653743687125,CADJPY_merged,-16.853424884848557
2024-04-25 06:00:00,2024-04-25 23:00:00,-1.1,15.0,0.5991083167412442,8558.690239160633,-1,155.632,155.9047613612324,155.3046863665211,150.81,151.97,67.42723401214502,0.11023993417203823,USDJPY_merged,-17.099108316741244
2024-05-01 06:00:00,2024-05-01 14:00:00,1.5,30.0,0.7955594832245657,11365.135474636654,-1,0.92063,0.9230601426112901,0.9169847860830647,0.87294,0.88923,66.91468431035143,0.0010303991908935423,USDCHF_merged,44.204440516775435
2024-05-01 02:00:00,2024-05-01 14:00:00,1.5,15.0,0.3226144049703276,4608.777213861824,1,0.64748,0.645372673143152,0.650640990285272,0.6477,0.6644,36.02059282275561,0.0009043555633237105,AUDUSD_merged,22.177385595029673
2024-05-01 06:00:00,2024-05-01 14:00:00,1.5,29.999999999999996,0.7037641582371157,10053.773689101654,-1,0.92063,0.9233771177345018,0.9165093233982471,0.90102,0.88923,67.91927112955293,0.0010303991908935423,USDCHF_merged,44.29623584176288
2024-05-01 05:00:00,2024-05-01 14:00:00,1.5,30.0,0.8462964174671304,12089.948820959005,1,1.24977,1.2466688206190748,1.254421769071388,1.25995,1.2709,43.91403610466153,0.0011804212074733008,GBPUSD_merged,44.15370358253287
2024-05-01 06:00:00,2024-05-01 14:00:00,1.0,15.0,0.30496446856941684,4356.635265277384,-1,0.92063,0.9237997512321175,0.9174602487678823,0.87294,0.88923,66.91468431035143,0.0010303991908935423,USDCHF_merged,14.695035531430584
2024-05-01 06:00:00,2024-05-01 14:00:00,1.5,29.999999999999996,0.7037641582371157,10053.773689101654,-1,0.92063,0.9233771177345018,0.9165093233982471,0.87294,0.88923,68.40123903748834,0.0010303991908935423,USDCHF_merged,44.29623584176288
2024-05-01 01:00:00,2024-05-01 14:00:00,1.5,15.0,0.281992540907341,4028.464870104872,1,0.64709,0.6446805586090547,0.6507041620864181,0.6477,0.6644,34.38673266843968,0.0009162290681947715,AUDUSD_merged,22.218007459092657
2024-05-01 06:00:00,2024-05-01 14:00:00,1.5,14.999999999999998,0.3154804847269829,4506.864067528328,-1,0.92063,0.9236940928577136,0.9160338607134294,0.87294,0.88923,68.40123903748834,0.0010303991908935423,USDCHF_merged,22.184519515273013
2024-05-01 06:00:00,2024-05-01 14:00:00,1.3,30.0,0.6099289371388337,8713.270530554768,-1,0.92063,0.9237997512321175,0.9165093233982471,0.87294,0.88923,69.1683865877627,0.0010303991908935423,USDCHF_merged,38.39007106286117
2024-05-01 01:00:00,2024-05-01 14:00:00,1.3,15.0,0.2443935354530289,3491.336220757556,1,0.64709,0.64430987531814,0.6507041620864181,0.6477,0.6644,33.59160794035724,0.0009162290681947715,AUDUSD_merged,19.255606464546972
2024-05-01 06:00:00,2024-05-01 14:00:00,1.2,15.0,0.30496446856941684,4356.635265277384,-1,0.92063,0.9237997512321175,0.9168262985214588,0.87294,0.88923,66.91468431035143,0.0010303991908935423,USDCHF_merged,17.695035531430584
2024-05-01 06:00:00,2024-05-01 14:00:00,1.5,30.0,0.7955594832245657,11365.135474636654,-1,0.92063,0.9230601426112901,0.9169847860830647,0.87294,0.88923,67.41776059246469,0.0010303991908935423,USDCHF_merged,44.204440516775435
2024-05-01 01:00:00,2024-05-01 14:00:00,1.5,15.0,0.3187741766778638,4553.916809683768,1,0.64709,0.6449585710772407,0.6502871433841391,0.6477,0.6644,35.57858431342312,0.0009162290681947715,AUDUSD_merged,22.181225823322137
2024-05-01 06:00:00,2024-05-01 14:00:00,1.4,14.999999999999998,0.3154804847269829,4506.864067528328,-1,0.92063,0.9236940928577136,0.9163402699992008,0.87294,0.88923,67.91927112955293,0.0010303991908935423,USDCHF_merged,20.684519515273013
2024-04-30 21:00:00,2024-05-02 12:00:00,1.5,15.0,0.27739775193833943,3962.8250276905637,-1,1.81181,1.818668024215073,1.8015229636773902,1.78435,1.81344,60.14028655339994,0.002607865791097578,EURNZD_merged,22.222602248061662
2024-05-02 16:00:00,2024-05-03 08:00:00,-1.1,30.0,0.5590719047167424,7986.7414959534635,1,1.90928,1.9021083142719695,1.91860319144644,1.91128,1.94799,29.70842235245859,0.0023455217729618978,GBPAUD_merged,-33.559071904716745
2024-05-02 16:00:00,2024-05-03 08:00:00,-1.1,60.0,1.290165933961713,18430.94191373876,1,1.90928,1.9030645390357068,1.91860319144644,1.91128,1.94799,32.38113402890631,0.0023455217729618978,GBPAUD_merged,-67.29016593396172
2024-05-02 16:00:00,2024-05-03 08:00:00,-1.1,29.999999999999996,0.7292242235435771,10417.488907765388,1,1.90928,1.90378170760851,1.9175274385872354,1.91128,1.94799,33.23130306427952,0.0023455217729618978,GBPAUD_merged,-33.729224223543575
2024-05-03 11:00:00,2024-05-06 20:00:00,-1.1,29.999999999999996,0.5919517500145699,8456.453571636714,1,1.62881,1.6230316557347524,1.6374775163978716,1.63598,1.66809,37.43532220647804,0.002453586194044096,EURAUD_merged,-33.59195175001457
2024-05-06 04:00:00,2024-05-06 20:00:00,-1.1,30.0,0.8493774790218644,12133.963986026636,1,1.89776,1.893067980140244,1.9047980297896339,1.91128,1.94799,36.69488904074246,0.0020114365893424717,GBPAUD_merged,-33.84937747902187
2024-05-03 11:00:00,2024-05-06 20:00:00,-1.1,30.0,0.5236496250128887,7480.708928755554,1,1.62881,1.6222779586566767,1.6386080620149852,1.63598,1.66809,36.86412250372778,0.002453586194044096,EURAUD_merged,-33.52364962501289
2024-05-06 02:00:00,2024-05-06 20:00:00,-1.1,30.000000000000004,0.7193092464314503,10275.846377592148,-1,0.90468,0.9073211838988936,0.9007182241516597,0.87809,0.90065,70.0153676543167,0.0010204228210334168,AUDCAD_merged,-33.71930924643146
2024-05-03 11:00:00,2024-05-06 20:00:00,-1.1,30.0,0.5236496250128887,7480.708928755554,1,1.62881,1.6222779586566767,1.6386080620149852,1.63598,1.66809,37.13826094662093,0.002453586194044096,EURAUD_merged,-33.52364962501289
2024-05-06 04:00:00,2024-05-06 20:00:00,-1.1,30.000000000000004,0.7513723852885723,10733.891218408176,1,1.89776,1.892455977549841,1.9057160336752381,1.91128,1.94799,36.957869518020246,0.0020114365893424717,GBPAUD_merged,-33.751372385288576
2024-05-03 11:00:00,2024-05-06 20:00:00,-1.1,29.999999999999996,0.5919517500145699,8456.453571636714,1,1.62881,1.6230316557347524,1.6374775163978716,1.63598,1.66809,37.7428243131001,0.002453586194044096,EURAUD_merged,-33.59195175001457
2024-05-06 10:00:00,2024-05-06 20:00:00,-1.1,30.0,0.8856355082384998,12651.93583197857,-1,0.90518,0.9073263434813954,0.9019604847779069,0.87809,0.90065,60.643392685747756,0.0009551076167124271,AUDCAD_merged,-33.8856355082385
2024-05-06 10:00:00,2024-05-07 02:00:00,1.0,30.0,0.6789872229828497,9699.817471183569,-1,0.90518,0.907979578453994,0.902380421546006,0.87809,0.90065,60.643392685747756,0.0009551076167124271,AUDCAD_merged,29.32101277701715
2024-05-06 10:00:00,2024-05-07 02:00:00,1.2,30.0,0.6789872229828497,9699.817471183569,-1,0.90518,0.907979578453994,0.9018205058552072,0.87809,0.90065,60.643392685747756,0.0009551076167124271,AUDCAD_merged,35.32101277701715
2024-05-08 12:00:00,2024-05-09 11:00:00,-1.1,30.0,0.5964886228917191,8521.266041310273,-1,113.288,113.68684214194506,112.68973678708238,110.865,112.478,65.17832296224267,0.13306521786418604,CADJPY_merged,-33.59648862289172
2024-05-08 12:00:00,2024-05-09 11:00:00,-1.1,30.0,0.5964886228917191,8521.266041310273,-1,113.288,113.68684214194506,112.7296210012769,110.865,112.478,64.06269217027211,0.13306521786418604,CADJPY_merged,-33.59648862289172
2024-05-06 10:00:00,2024-05-10 08:00:00,1.4,30.0,0.7024005754994996,10034.29393570714,-1,0.90518,0.9078862591721941,0.9013912371589281,0.87809,0.90065,59.64980453944776,0.0009551076167124271,AUDCAD_merged,41.2975994245005
2024-05-10 13:00:00,2024-05-13 20:00:00,-1.1,30.0,0.6609851088484558,9442.644412120799,-1,113.993,114.3551644372852,113.55840267525775,110.865,112.478,65.2037862492711,0.11759851630256284,CADJPY_merged,-33.66098510884846
2024-05-10 13:00:00,2024-05-13 20:00:00,-1.1,30.0,0.6609851088484558,9442.644412120799,-1,113.993,114.3551644372852,113.6308355627148,110.865,112.478,65.2037862492711,0.11759851630256284,CADJPY_merged,-33.66098510884846
2024-05-06 02:00:00,2024-05-14 08:00:00,1.3,30.0,0.6234013469072569,8905.733527246528,-1,0.90468,0.9077275198833388,0.9007182241516597,0.87809,0.90065,70.3926646078039,0.0010204228210334168,AUDCAD_merged,38.37659865309274
2024-05-06 10:00:00,2024-05-14 08:00:00,1.5,60.0,1.4048011509989993,20068.58787141428,-1,0.90518,0.9078862591721941,0.9011206112417087,0.87809,0.90065,58.89565932772354,0.0009551076167124271,AUDCAD_merged,88.595198849001
2024-05-03 12:00:00,2024-05-15 08:00:00,-1.1,30.0,0.47199130418504825,6742.732916929262,1,1.78906,1.781100052503749,1.7994079317451264,1.78435,1.80986,34.48913425622048,0.002602364701220539,EURNZD_merged,-33.471991304185046
2024-05-15 21:00:00,2024-05-16 11:00:00,-1.1,15.0,0.3109856427825246,4442.652039750352,-1,0.55173,0.5535928400167178,0.5489357399749233,0.528,0.54952,61.784251249780475,0.0008342211247618674,NZDCHF_merged,-16.810985642782526
2024-05-15 21:00:00,2024-05-16 13:00:00,-1.1,15.0,0.2751026839999256,3930.0383428560804,-1,0.55173,0.5538358191493332,0.5485712712760002,0.528,0.54952,61.224206146932225,0.0008342211247618674,NZDCHF_merged,-16.775102683999926
2024-05-15 21:00:00,2024-05-16 14:00:00,-1.1,15.0,0.23842232613326883,3406.033230475269,-1,0.55173,0.5541597913261538,0.5493002086738463,0.528,0.54952,61.784251249780475,0.0008342211247618674,NZDCHF_merged,-16.738422326133268
2024-05-15 21:00:00,2024-05-16 14:00:00,-1.1,15.0,0.23842232613326883,3406.033230475269,-1,0.55173,0.5541597913261538,0.5488142504086156,0.528,0.54952,61.784251249780475,0.0008342211247618674,NZDCHF_merged,-16.738422326133268
2024-05-15 23:00:00,2024-05-17 11:00:00,-1.1,30.0,1.1614381578028945,16591.973682898493,-1,1.72591,1.7290306233200194,1.721229065019971,1.68863,1.72252,65.6990777542978,0.0012963075515606147,GBPCAD_merged,-34.16143815780289
2024-05-15 23:00:00,2024-05-17 11:00:00,-1.1,14.999999999999998,0.5137130313358955,7338.757590512794,-1,1.72591,1.7294376611443698,1.7206185082834455,1.68863,1.72393,66.80392083078327,0.0012963075515606147,GBPCAD_merged,-17.013713031335897
2024-05-15 23:00:00,2024-05-17 11:00:00,-1.1,29.999999999999996,1.027426062671791,14677.515181025588,-1,1.72591,1.7294376611443698,1.7206185082834455,1.68863,1.72252,66.23663946259317,0.0012963075515606147,GBPCAD_merged,-34.02742606267179
2024-05-15 23:00:00,2024-05-17 12:00:00,-1.1,30.0,0.8904359209822191,12720.513156888846,-1,1.72591,1.7299803782435035,1.7206185082834455,1.68863,1.72393,68.02619644332565,0.0012963075515606147,GBPCAD_merged,-33.89043592098222
2024-05-16 02:00:00,2024-05-17 14:00:00,-1.1,15.000000000000002,0.36472547511227155,5210.363930175308,-1,0.8328,0.8351975292642523,0.8292037061036215,0.8074,0.82482,65.82576676618247,0.0010229465973689502,NZDCAD_merged,-16.864725475112277
2024-05-20 05:00:00,2024-05-20 09:00:00,1.0,15.0,0.2981554787513214,4259.363982161735,-1,0.60823,0.6103719747263229,0.6060880252736772,0.57405,0.59951,63.66541198153952,0.000699420748623735,AUDCHF_merged,14.70184452124868
2024-05-20 10:00:00,2024-05-20 13:00:00,-1.1,30.0,0.9299700820003854,13285.286885719794,-1,1.15433,1.156936635468085,1.1504200467978727,1.11678,1.15119,66.0287898345666,0.0011545112138230717,GBPCHF_merged,-33.92997008200039
2024-05-20 10:00:00,2024-05-20 13:00:00,-1.1,30.0,0.9299700820003854,13285.286885719794,-1,1.15433,1.156936635468085,1.1504200467978727,1.11678,1.15119,66.3156600217148,0.0011545112138230717,GBPCHF_merged,-33.92997008200039
2024-05-20 10:00:00,2024-05-20 16:00:00,-1.1,30.0,0.8226658417695716,11752.369168136738,-1,1.15433,1.1572766313987046,1.149910052901943,1.11678,1.15119,65.06152835867222,0.0011545112138230717,GBPCHF_merged,-33.82266584176957
2024-05-20 10:00:00,2024-05-20 16:00:00,-1.1,30.0,0.8226658417695716,11752.369168136738,-1,1.15433,1.1572766313987046,1.149910052901943,1.11678,1.15119,65.62163423188584,0.0011545112138230717,GBPCHF_merged,-33.82266584176957
2024-05-20 10:00:00,2024-05-20 21:00:00,-1.1,29.999999999999996,0.7375624788278916,10536.606840398452,-1,1.15433,1.1576166273293245,1.149728721738946,1.11678,1.15119,65.62163423188584,0.0011545112138230717,GBPCHF_merged,-33.73756247882789
2024-05-20 10:00:00,2024-05-20 21:00:00,-1.1,29.999999999999996,0.7375624788278916,10536.606840398452,-1,1.15433,1.1576166273293245,1.1494000590060134,1.11678,1.15119,65.06152835867222,0.0011545112138230717,GBPCHF_merged,-33.73756247882789
2024-05-20 05:00:00,2024-05-21 02:00:00,1.5,15.000000000000002,0.38889845054520206,5555.692150645744,-1,0.60823,0.6098721806235142,0.6057667290647288,0.57405,0.59951,63.4960664141739,0.000699420748623735,AUDCHF_merged,22.1111015494548
2024-05-20 05:00:00,2024-05-21 02:00:00,1.2,15.0,0.2981554787513214,4259.363982161735,-1,0.60823,0.6103719747263229,0.6056596303284127,0.57405,0.59951,63.66541198153952,0.000699420748623735,AUDCHF_merged,17.701844521248677
2024-05-20 05:00:00,2024-05-21 02:00:00,1.5,15.0,0.34402555240537097,4914.650748648157,-1,0.60823,0.6100863780961464,0.6054454328557805,0.57405,0.59951,62.838370013961544,0.000699420748623735,AUDCHF_merged,22.15597444759463
2024-05-20 05:00:00,2024-05-21 02:00:00,1.5,15.0,0.34402555240537097,4914.650748648157,-1,0.60823,0.6100863780961464,0.6054454328557805,0.57405,0.59951,63.23131928158608,0.000699420748623735,AUDCHF_merged,22.15597444759463
2024-05-20 05:00:00,2024-05-21 02:00:00,1.5,15.000000000000002,0.38889845054520206,5555.692150645744,-1,0.60823,0.6098721806235142,0.6057667290647288,0.57405,0.59951,63.66541198153952,0.000699420748623735,AUDCHF_merged,22.1111015494548
2024-05-16 02:00:00,2024-05-21 22:00:00,-1.1,14.999999999999998,0.2796228642527414,3994.612346467735,-1,0.8328,0.8359272120838074,0.8296727879161926,0.8074,0.82482,65.82576676618247,0.0010229465973689502,NZDCAD_merged,-16.77962286425274
2024-05-16 02:00:00,2024-05-21 22:00:00,-1.1,30.0,0.4520853404753474,6458.362006790678,-1,0.61183,0.6146720364142952,0.6075669453785572,0.58737,0.60823,61.82154915265247,0.0010864415765340309,NZDUSD_merged,-33.45208534047535
2024-05-16 02:00:00,2024-05-21 22:00:00,-1.1,30.0,0.5110529935808275,7300.757051154679,-1,0.61183,0.6143441091357227,0.6080588362964159,0.58517,0.60823,62.14640118111086,0.0010864415765340309,NZDUSD_merged,-33.511052993580826
2024-05-16 02:00:00,2024-05-21 22:00:00,-1.1,14.999999999999998,0.2796228642527414,3994.612346467735,-1,0.8328,0.8359272120838074,0.8290473454994312,0.8074,0.82482,65.82576676618247,0.0010229465973689502,NZDCAD_merged,-16.77962286425274
2024-05-20 05:00:00,2024-05-22 14:00:00,1.4,15.0,0.30843670215653946,4406.238602236278,-1,0.60823,0.6103005755687787,0.6053311942037098,0.57405,0.59951,63.23131928158608,0.000699420748623735,AUDCHF_merged,20.691563297843462
2024-05-15 22:00:00,2024-05-22 14:00:00,1.5,15.0,0.3227372655454327,4610.532364934753,-1,0.90974,0.9126997666646448,0.9053003500030328,0.87809,0.90065,61.025786972917054,0.0012977939950429458,AUDCAD_merged,22.17726273445457
2024-05-20 05:00:00,2024-05-22 14:00:00,1.5,15.0,0.30843670215653946,4406.238602236278,-1,0.60823,0.6103005755687787,0.6051241366468321,0.57405,0.59951,62.838370013961544,0.000699420748623735,AUDCHF_merged,22.191563297843462
2024-05-22 04:00:00,2024-05-22 17:00:00,-1.1,15.000000000000002,0.640600507147016,9151.435816385943,1,0.8517,0.8503039895535163,0.8533752125357805,0.85205,0.86445,33.867445525696354,0.000578518165836805,EURGBP_merged,-17.14060050714702
2024-05-22 05:00:00,2024-05-23 14:00:00,1.0,30.0,0.6854032895943624,9791.47556563375,-1,1.27282,1.2767197799406274,1.2689202200593728,1.22991,1.2709,55.86374073501395,0.0012820747435274707,GBPUSD_merged,29.314596710405638
2024-05-03 11:00:00,2024-05-23 22:00:00,1.3,30.0,0.45382967501117016,6483.281071588146,1,1.62881,1.6212730292192423,1.6386080620149852,1.63598,1.66809,36.45788482400337,0.002453586194044096,EURAUD_merged,38.54617032498883
2024-05-22 05:00:00,2024-05-24 02:00:00,1.5,30.0,0.8940042907752555,12771.489868217936,-1,1.27282,1.2758098312878143,1.2683352530682788,1.22991,1.2709,55.76126987164048,0.0012820747435274707,GBPUSD_merged,44.10599570922474
2024-05-22 05:00:00,2024-05-24 02:00:00,1.2,30.0,0.6854032895943624,9791.47556563375,-1,1.27282,1.2767197799406274,1.2681402640712474,1.22991,1.2709,55.86374073501395,0.0012820747435274707,GBPUSD_merged,35.31459671040564
2024-05-22 05:00:00,2024-05-24 02:00:00,1.5,30.0,0.8940042907752555,12771.489868217936,-1,1.27282,1.2758098312878143,1.2683352530682788,1.22991,1.2709,55.86374073501395,0.0012820747435274707,GBPUSD_merged,44.10599570922474
2024-05-15 22:00:00,2024-05-26 17:00:00,1.3,15.0,0.2474319035848317,3534.7414797833103,-1,0.90974,0.9136005652147541,0.9047212652208196,0.87809,0.90065,60.818344462148424,0.0012977939950429458,AUDCAD_merged,19.252568096415168
2024-05-15 22:00:00,2024-05-26 17:00:00,1.5,15.0,0.28549835029019044,4078.547861288435,-1,0.90974,0.9130858231861202,0.9047212652208196,0.87809,0.90065,61.08007804359113,0.0012977939950429458,AUDCAD_merged,22.21450164970981
2024-05-23 09:00:00,2024-05-26 17:00:00,-1.1005682517121833,30.0,1.1329508983409187,16185.012833441697,1,1.08378,1.0817711415372608,1.0867932876941087,1.08536,1.10296,40.8194285804686,0.000906744099863629,AUDNZD_merged,-34.149998449706416
2024-05-23 05:00:00,2024-05-27 08:00:00,-1.1,30.0,1.04443319462435,14920.474208919286,1,1.08378,1.0816008869540779,1.087048669568883,1.08536,1.10296,32.69659491705975,0.0009504804222666833,AUDNZD_merged,-34.04443319462435
2024-05-28 01:00:00,2024-05-28 13:00:00,1.0,30.0,0.7572795387463898,10818.279124948425,-1,0.61587,0.6175778594281591,0.6141621405718409,0.58517,0.60823,63.84865212366871,0.0005600517277635481,NZDUSD_merged,29.24272046125361
2024-05-28 01:00:00,2024-05-28 14:00:00,1.5,29.999999999999996,0.9877559201039867,14110.798858628383,-1,0.61587,0.617179358894922,0.613905961657617,0.58517,0.60823,63.84865212366871,0.0005600517277635481,NZDUSD_merged,44.01224407989601
2024-05-28 01:00:00,2024-05-28 17:00:00,1.2,30.0,0.7572795387463898,10818.279124948425,-1,0.61587,0.6175778594281591,0.6138205686862092,0.58517,0.60823,63.84865212366871,0.0005600517277635481,NZDUSD_merged,35.24272046125361
2024-05-28 01:00:00,2024-05-28 20:00:00,1.4,15.0,0.39169631314468434,5595.661616352634,-1,0.61587,0.6175209307805538,0.6135586969072248,0.58517,0.60823,64.81048314866416,0.0005600517277635481,NZDUSD_merged,20.608303686855315
2024-05-30 19:00:00,2024-05-31 10:00:00,-1.1,30.000000000000004,0.5770853624586986,8244.076606552837,-1,173.577,174.20864260213943,172.81902887743266,167.301,172.713,69.50067154854831,0.20993699590030582,CHFJPY_merged,-33.5770853624587
2024-05-30 22:00:00,2024-05-31 10:00:00,-1.1,30.0,0.5471222530911547,7816.032187016497,-1,173.454,174.119762355565,172.521932702209,167.301,172.713,61.989355417632765,0.22046085276712007,CHFJPY_merged,-33.54712225309115
2024-05-30 19:00:00,2024-05-31 10:00:00,-1.1,30.000000000000004,0.5770853624586986,8244.076606552837,-1,173.577,174.20864260213943,172.94535739786056,167.301,172.713,69.50067154854831,0.20993699590030582,CHFJPY_merged,-33.5770853624587
2024-05-30 19:00:00,2024-05-31 10:00:00,-1.1,30.0,0.7527200379896068,10753.143399851528,-1,173.577,174.0612593283069,172.85061100753964,167.301,172.713,69.50067154854831,0.20993699590030582,CHFJPY_merged,-33.752720037989604
2024-06-03 22:00:00,2024-06-04 03:00:00,-1.1,30.0,0.8253224456029051,11790.320651470074,-1,0.84273,0.8448742928269171,0.8395135607596244,0.8074,0.82482,65.39694672018003,0.0009378511413019455,NZDCAD_merged,-33.82532244560291
2024-06-03 03:00:00,2024-06-04 04:00:00,1.5,30.0,0.7285475178870499,10407.821684100712,-1,174.261,174.7632981905989,173.50755271410162,167.301,172.713,56.82610783790307,0.2172197663908685,CHFJPY_merged,44.27145248211295
2024-06-03 03:00:00,2024-06-04 04:00:00,1.0,30.0,0.5585530970467382,7979.329957810545,-1,174.261,174.91617155295512,173.60582844704487,167.301,172.713,56.82610783790307,0.2172197663908685,CHFJPY_merged,29.441446902953263
2024-06-03 22:00:00,2024-06-04 04:00:00,1.0,30.0,0.8526062665845796,12180.089522636852,-1,1.09076,1.0934465812389296,1.0880734187610703,1.0601,1.08949,65.87718459100508,0.000855846573954422,EURUSD_merged,29.14739373341542
2024-06-03 03:00:00,2024-06-04 05:00:00,1.2,30.0,0.5585530970467382,7979.329957810545,-1,174.261,174.91617155295512,173.47479413645385,167.301,172.713,56.82610783790307,0.2172197663908685,CHFJPY_merged,35.44144690295326
2024-06-03 22:00:00,2024-06-04 05:00:00,1.2,30.0,0.8526062665845796,12180.089522636852,-1,1.09076,1.0934465812389296,1.0875361025132844,1.0601,1.08949,65.87718459100508,0.000855846573954422,EURUSD_merged,35.14739373341542
2024-06-03 21:00:00,2024-06-04 06:00:00,1.0,30.0,0.666122497873695,9516.03568390993,-1,0.91125,0.9141227824178112,0.9083772175821888,0.87809,0.9125,58.918260706634314,0.0009691945578939299,AUDCAD_merged,29.333877502126306
2024-06-03 20:00:00,2024-06-04 07:00:00,1.2,30.0,0.6898141255402279,9854.487507717542,-1,0.91164,0.9144153041422581,0.9083096350292902,0.87809,0.9125,63.689038150332756,0.0009575941392703851,AUDCAD_merged,35.31018587445977
2024-06-03 22:00:00,2024-06-04 20:00:00,-1.1,30.0,0.6327472082955606,9039.245832793724,-1,0.84273,0.8455269036872832,0.8393737155752602,0.8074,0.82482,65.39694672018003,0.0009378511413019455,NZDCAD_merged,-33.63274720829556
2024-06-03 22:00:00,2024-06-04 20:00:00,-1.1,30.0,0.6327472082955606,9039.245832793724,-1,0.84273,0.8455269036872832,0.8399330963127167,0.8074,0.82482,65.39694672018003,0.0009378511413019455,NZDCAD_merged,-33.63274720829556
2024-05-15 22:00:00,2024-06-05 21:00:00,-1.1,15.0,0.25596403819120517,3656.629117017217,-1,0.90974,0.9134718797075957,0.9045153684093661,0.87809,0.90065,61.08007804359113,0.0012977939950429458,AUDCAD_merged,-16.755964038191205
2024-05-15 22:00:00,2024-06-05 21:00:00,-1.1,15.0,0.25596403819120517,3656.629117017217,-1,0.90974,0.9134718797075957,0.9041421804386065,0.87809,0.90065,61.07890183952678,0.0012977939950429458,AUDCAD_merged,-16.755964038191205
2024-06-03 21:00:00,2024-06-05 21:00:00,-1.1,29.999999999999996,0.8688554320091675,12412.220457273823,-1,0.91125,0.9134524665203219,0.9079463002195172,0.87809,0.9125,58.918260706634314,0.0009691945578939299,AUDCAD_merged,-33.86885543200917
2024-06-05 22:00:00,2024-06-09 20:00:00,1.5,15.0,0.6066394243060981,8666.277490087115,1,1.07537,1.07350869911061,1.078161951334085,1.08536,1.10296,43.2575318875173,0.000792885452238231,AUDNZD_merged,21.8933605756939
2024-06-10 15:00:00,2024-06-11 06:00:00,-1.1,30.0,1.1646832540202472,16638.332200289246,1,0.84514,0.8436161573639238,0.8474257639541143,0.85205,0.86203,37.00553628325423,0.0006445016853723737,EURGBP_merged,-34.16468325402025
2024-06-12 10:00:00,2024-06-12 15:00:00,1.1,15.0,0.3187540628788296,4553.6294696975665,1,0.89109,0.8881546821202851,0.8943188496676865,0.89876,0.91579,23.85160299331676,0.0011613043988850488,USDCHF_merged,16.18124593712117
2024-06-12 12:00:00,2024-06-12 15:00:00,1.5,15.0,0.5190573275035328,7415.1046786218985,1,0.89177,0.8899660403015529,0.8944759395476705,0.89876,0.91579,33.40490618584375,0.001196736956181502,USDCHF_merged,21.980942672496468
2024-06-12 10:00:00,2024-06-12 23:00:00,1.3,15.0,0.3187540628788296,4553.6294696975665,1,0.89109,0.8881546821202851,0.8949059132436294,0.89876,0.91579,27.18671945517771,0.0011613043988850488,USDCHF_merged,19.18124593712117
2024-06-12 12:00:00,2024-06-13 00:00:00,1.5,15.0,0.4097821006606839,5854.030009438342,1,0.89177,0.889484984381967,0.8951975234270493,0.89876,0.91579,30.110225560003997,0.001196736956181502,USDCHF_merged,22.090217899339315
2024-06-12 12:00:00,2024-06-13 00:00:00,1.2,60.00000000000001,1.415610893191453,20223.012759877904,1,0.89177,0.8891241924422776,0.8949449690692668,0.89876,0.91579,34.36471628693379,0.001196736956181502,USDCHF_merged,70.58438910680854
2024-06-12 12:00:00,2024-06-13 07:00:00,1.3,15.0,0.2684779280190687,3835.3989717009817,1,0.89177,0.8882823445830024,0.8963039520420969,0.89876,0.91579,26.50846636233274,0.001196736956181502,USDCHF_merged,19.23152207198093
2024-06-12 12:00:00,2024-06-13 07:00:00,1.4,15.000000000000002,0.2780664254483212,3972.3775064045894,1,0.89177,0.8884026085628988,0.8964843480119415,0.89876,0.91579,32.37168651965123,0.001196736956181502,USDCHF_merged,20.721933574551677
2024-06-12 10:00:00,2024-06-13 17:00:00,1.2,15.0,0.46399672874548425,6628.524696364061,-1,1.75663,1.7606051605684525,1.7518598073178568,1.70778,1.72252,61.30443622125461,0.001844256084087106,GBPCAD_merged,17.536003271254515
2024-06-12 10:00:00,2024-06-13 17:00:00,1.4,15.0,0.46399672874548425,6628.524696364061,-1,1.75663,1.7606051605684525,1.7510647752041664,1.73227,1.72252,61.30443622125461,0.001844256084087106,GBPCAD_merged,20.536003271254515
2024-06-13 23:00:00,2024-06-14 02:00:00,-1.1,60.00000000000001,2.2091222146259923,31558.888780371322,1,0.96008,0.9582546885829571,0.9622703737004515,0.97259,0.99298,35.2490188068207,0.0008347093643363211,EURCHF_merged,-68.209122214626
2024-06-13 14:00:00,2024-06-14 02:00:00,-1.1,60.0,1.8470487546001249,26386.410780001785,1,0.96054,0.9583558302589725,0.9638162546115411,0.97259,0.99298,26.71205461082967,0.0011245942343367336,EURCHF_merged,-67.84704875460012
2024-06-13 22:00:00,2024-06-14 02:00:00,-1.1,60.0,3.121058583948296,44586.551199261376,1,0.95995,0.9586581979105628,0.9618877031341556,0.97259,0.99298,33.007710787962445,0.0008296870077467893,EURCHF_merged,-69.1210585839483
2024-06-12 10:00:00,2024-06-14 05:00:00,1.5,15.0,0.3926126166307944,5608.751666154206,-1,1.75663,1.7613279170354437,1.749583124446834,1.73227,1.72252,61.30443622125461,0.001844256084087106,GBPCAD_merged,22.107387383369204
2024-06-14 04:00:00,2024-06-14 06:00:00,1.3,15.000000000000002,0.2749972073667224,3928.5315338103205,-1,176.397,177.07052265782468,175.52142054482792,167.301,172.713,63.69164213089859,0.3141333711714539,CHFJPY_merged,19.22500279263328
2024-06-14 04:00:00,2024-06-14 06:00:00,1.5,30.0,0.6657827125720647,9511.181608172354,-1,176.397,176.9533882825508,175.56241757617374,167.301,172.713,65.34920280226629,0.3141333711714539,CHFJPY_merged,44.33421728742793
2024-06-14 04:00:00,2024-06-14 06:00:00,1.2,60.0,1.1499883217153843,16428.404595934062,-1,176.397,177.04123906400622,175.62391312319252,167.301,172.713,63.69164213089859,0.3141333711714539,CHFJPY_merged,70.85001167828462
2024-06-14 06:00:00,2024-06-14 08:00:00,-1.1,30.000000000000004,0.8339376017486209,11913.394310694584,1,1.13591,1.1330495809530614,1.1402006285704078,1.13526,1.16766,27.839420649321607,0.001506520586849659,GBPCHF_merged,-33.83393760174863
2024-06-14 04:00:00,2024-06-17 11:00:00,-1.1,60.0,1.1499883217153843,16428.404595934062,-1,176.397,177.04123906400622,175.49506531039128,167.301,172.713,63.69164213089859,0.3141333711714539,CHFJPY_merged,-67.14998832171538
2024-06-14 04:00:00,2024-06-17 13:00:00,-1.1,60.0,0.973067041451479,13900.957735021131,-1,176.397,177.15837343928007,175.25493984107987,167.301,172.713,63.69164213089859,0.3141333711714539,CHFJPY_merged,-66.97306704145149
2024-06-14 04:00:00,2024-06-17 14:00:00,-1.1,30.0,0.45178112638818674,6454.016091259811,-1,176.397,177.216940626917,175.2490831223162,167.301,172.713,64.48821518777224,0.3141333711714539,CHFJPY_merged,-33.451781126388184
2024-06-14 04:00:00,2024-06-17 14:00:00,-1.1,60.0,0.9035622527763735,12908.032182519622,-1,176.397,177.216940626917,175.3310771850079,167.301,172.713,64.91329120371924,0.3141333711714539,CHFJPY_merged,-66.90356225277637
2024-06-14 04:00:00,2024-06-17 14:00:00,-1.1,60.0,0.9035622527763735,12908.032182519622,-1,176.397,177.216940626917,175.49506531039128,167.301,172.713,65.78381221100877,0.3141333711714539,CHFJPY_merged,-66.90356225277637
2024-06-14 04:00:00,2024-06-17 15:00:00,-1.1,60.0,0.8724049337151191,12462.927624501703,-1,176.397,177.24622422073546,175.29300851304387,167.301,172.713,66.53511606919791,0.3141333711714539,CHFJPY_merged,-66.87240493371512
2024-06-18 07:00:00,2024-06-18 09:00:00,-1.1,30.0,0.7490724408215927,10701.034868879897,1,0.64589,0.644079268585943,0.648243950838274,0.65956,0.67053,28.317615770383046,0.0006569337040084078,CADCHF_merged,-33.74907244082159
2024-06-18 14:00:00,2024-06-18 21:00:00,-1.1,60.0,2.2860454471140743,32657.79210162964,1,1.90978,1.9062712876031727,1.915043068595241,1.90919,1.94799,33.09282326770467,0.0022999171980360254,GBPAUD_merged,-68.28604544711408
2024-06-18 14:00:00,2024-06-19 01:00:00,-1.1,90.0,2.3380010254575763,33400.014649393954,1,1.90978,1.9046338884846532,1.9159553338184163,1.90919,1.94799,33.87179354046134,0.0022999171980360254,GBPAUD_merged,-101.33800102545759
2024-06-18 11:00:00,2024-06-20 03:00:00,1.4,15.0,0.2989531976366238,4270.759966237483,1,0.88447,0.8813635154153165,0.8888190784185568,0.89876,0.91579,31.501623939526464,0.0011337831530838056,USDCHF_merged,20.701046802363376
2024-06-19 00:00:00,2024-06-20 03:00:00,-1.1,30.0,0.7416121890406786,10594.459843438266,1,1.612,1.6074353501061263,1.6179340448620358,1.62128,1.64046,29.393034558489656,0.0015580159758709126,EURAUD_merged,-33.74161218904068
2024-06-18 13:00:00,2024-06-20 03:00:00,1.2,60.0,1.5996704418664336,22852.434883806196,1,0.64431,0.6426183378118542,0.6463399946257751,0.65956,0.67053,35.40125545377817,0.0007511561183732591,CADCHF_merged,70.40032955813356
2024-06-18 11:00:00,2024-06-20 03:00:00,1.2,60.0,1.52194355160463,21742.050737209003,1,0.88447,0.882029190683463,0.8873989711798443,0.89876,0.91579,32.52761794072502,0.0011337831530838056,USDCHF_merged,70.47805644839536
2024-06-18 13:00:00,2024-06-20 03:00:00,1.3,15.0,0.30338577345742707,4334.082477963244,1,0.64431,0.6420800816610805,0.6472088938405954,0.65956,0.67053,33.06913857112124,0.0007511561183732591,CADCHF_merged,19.19661422654257
2024-06-18 11:00:00,2024-06-20 03:00:00,1.5,30.0,1.178502901915052,16835.7557416436,1,0.6443,0.6431519077909768,0.6460221383135349,0.65956,0.67053,32.05897612630212,0.0007850094627287171,CADCHF_merged,43.82149709808495
2024-06-18 11:00:00,2024-06-20 03:00:00,1.5,30.000000000000004,1.1160919378433953,15944.170540619936,1,0.88447,0.8828058118296338,0.8869662822555492,0.89876,0.91579,32.027444500797195,0.0011337831530838056,USDCHF_merged,43.883908062156614
2024-06-18 11:00:00,2024-06-20 03:00:00,1.5,15.0,0.44056260704344563,6293.751529192081,1,0.88447,0.8823620283175362,0.8876319575236956,0.89876,0.91579,30.3721078301912,0.0011337831530838056,USDCHF_merged,22.059437392956553
2024-06-19 05:00:00,2024-06-20 03:00:00,-1.1,30.000000000000004,1.3987449730902282,19982.07104414612,1,1.60991,1.6074929682572292,1.613535547614156,1.62128,1.64199,34.40994128143518,0.0015891148883818542,EURAUD_merged,-34.39874497309024
2024-06-19 05:00:00,2024-06-20 04:00:00,-1.1,89.99999999999999,2.861069263139102,40872.41804484432,1,1.60991,1.606365020110603,1.6141639758672763,1.62128,1.64199,35.01111392109555,0.0015891148883818542,EURAUD_merged,-101.86106926313909
2024-06-20 07:00:00,2024-06-20 09:00:00,-1.1,30.0,1.5250704498736838,21786.720712481198,-1,158.417,158.63513792276123,158.08979311585813,154.548,157.707,69.63760234455846,0.11196590210135864,USDJPY_merged,-34.52507044987368
2024-06-20 07:00:00,2024-06-20 09:00:00,-1.1,15.0,0.6585531488090905,9407.902125844152,-1,158.417,158.66958075267092,158.06338694626072,154.548,157.707,65.49353424888555,0.11196590210135864,USDJPY_merged,-17.15855314880909
2024-06-20 07:00:00,2024-06-20 09:00:00,-1.1,60.0,2.634212595236362,37631.60850337661,-1,158.417,158.66958075267092,158.1139030967949,154.548,157.707,65.49353424888555,0.11196590210135864,USDJPY_merged,-68.63421259523636
2024-06-20 07:00:00,2024-06-20 09:00:00,-1.1,15.0,0.5572372797615383,7960.532568021976,-1,158.417,158.7155045258838,157.9692432111743,154.548,157.707,65.49353424888555,0.11196590210135864,USDJPY_merged,-17.057237279761537
2024-06-20 07:00:00,2024-06-20 10:00:00,-1.1,30.000000000000004,1.034869233842857,14783.8461977551,-1,158.417,158.73846641249025,158.06338694626072,154.548,157.707,71.02154830230216,0.11196590210135864,USDJPY_merged,-34.03486923384286
2024-06-19 04:00:00,2024-06-20 11:00:00,1.3,14.999999999999998,0.4053322713118589,5790.461018740842,-1,0.91507,0.9174404589246997,0.9119884033978904,0.9045,0.9125,68.04679773016592,0.0008211215821708214,AUDCAD_merged,19.09466772868814
2024-06-19 04:00:00,2024-06-20 11:00:00,1.3,30.0,0.9868959649332218,14098.513784760313,-1,0.91507,0.9170171626881463,0.91253868850541,0.87809,0.9125,65.51246080079619,0.0008211215821708214,AUDCAD_merged,38.013104035066775
2024-06-19 04:00:00,2024-06-20 11:00:00,1.1,14.999999999999998,0.4053322713118589,5790.461018740842,-1,0.91507,0.9174404589246997,0.9124624951828304,0.87809,0.9125,69.84825291533521,0.0008211215821708214,AUDCAD_merged,16.09466772868814
2024-06-18 23:00:00,2024-06-20 12:00:00,1.5,30.0,1.1770534390744734,16815.049129635336,-1,0.91411,0.915740878374995,0.9116636824375075,0.9045,0.9125,67.12479924337084,0.0008477601080802481,AUDCAD_merged,43.82294656092553
2024-06-18 23:00:00,2024-06-20 12:00:00,1.2,60.0,2.033092303855908,29044.17576937012,-1,0.91411,0.9159983854868362,0.9118439374157965,0.87809,0.9125,63.53317496166724,0.0008477601080802481,AUDCAD_merged,69.96690769614409
2024-06-20 17:00:00,2024-06-20 20:00:00,-1.1,30.0,1.7427213003322446,24896.018576174924,-1,158.893,159.08446796446248,158.6057980533063,154.548,157.707,72.55030432832461,0.12224207323867209,USDJPY_merged,-34.74272130033224
2024-06-19 04:00:00,2024-06-21 03:00:00,-1.1,30.0,0.7542704196787943,10775.291709697061,1,1.60903,1.604550223368379,1.6153016872842694,1.62128,1.64046,34.14514114269388,0.0016113544951804524,EURAUD_merged,-33.7542704196788
2024-06-30 22:00:00,2024-07-01 09:00:00,-1.1,30.0,0.6285391937900059,8979.131339857227,-1,172.966,173.54389331769397,172.21473868699783,167.52,170.888,68.29013876426814,0.24473953819942887,EURJPY_merged,-33.628539193790004
2024-07-01 04:00:00,2024-07-01 09:00:00,-1.1,30.0,0.810369752852961,11576.7107550423,-1,173.165,173.6137414525527,172.49188782117096,167.52,170.888,72.10545341413346,0.24130973245056098,EURJPY_merged,-33.810369752852964
2024-07-01 04:00:00,2024-07-01 09:00:00,-1.1,30.0,0.8124245014295673,11606.064306136677,-1,203.891,204.4180287875939,203.15315969736855,197.196,200.734,64.38919856475273,0.24273292982859374,GBPJPY_merged,-33.81242450142957
2024-07-01 04:00:00,2024-07-01 09:00:00,-1.1,15.0,0.3437180582971246,4910.257975673209,-1,203.891,204.51385220352006,202.9567216947199,197.196,200.734,64.38919856475273,0.24273292982859374,GBPJPY_merged,-16.843718058297124
2024-07-01 13:00:00,2024-07-02 15:00:00,-1.1,30.0,0.783698184077713,11195.68834396733,-1,204.288,204.83541073632176,203.52162496914957,197.196,200.734,60.227663130081886,0.24326427182411509,GBPJPY_merged,-33.783698184077714
2024-07-01 13:00:00,2024-07-02 19:00:00,-1.1,15.0,0.33156461634057094,4736.637376293871,-1,204.288,204.93493996110755,203.31759005833874,197.196,200.734,60.227663130081886,0.24326427182411509,GBPJPY_merged,-16.83156461634057
2024-07-01 11:00:00,2024-07-02 20:00:00,-1.1,30.0,0.7423904688679418,10605.578126684884,-1,204.425,205.00325701972525,203.67326587435718,197.196,200.734,64.3785426294677,0.25188637442323447,GBPJPY_merged,-33.74239046886794
2024-07-02 11:00:00,2024-07-03 00:00:00,-1.1,15.0,0.5575601195276262,7965.144564680374,-1,1.14495,1.147106175554698,1.141715736667953,1.12177,1.14621,71.00822885516024,0.00120234143650658,GBPCHF_merged,-17.057560119527626
2024-07-01 04:00:00,2024-07-03 01:00:00,-1.1,29.999999999999996,0.5498937608645093,7855.625155207275,-1,173.165,173.82630319323553,172.30530584879378,167.52,170.888,71.46705823942061,0.24130973245056098,EURJPY_merged,-33.54989376086451
2024-07-01 02:00:00,2024-07-03 01:00:00,-1.1,30.0,0.5726630405030018,8180.900578614312,-1,173.196,173.83112323002464,172.3068274779655,167.52,170.888,71.95436989450319,0.23027045893674458,EURJPY_merged,-33.572663040503
2024-07-04 12:00:00,2024-07-05 08:00:00,-1.1,14.999999999999998,0.4670091757284907,6671.559653264154,-1,0.67269,0.6742024424459074,0.6705725805757297,0.65753,0.6704,66.89015923609247,0.0006619399934024721,AUDUSD_merged,-16.967009175728492
2024-07-03 14:00:00,2024-07-05 15:00:00,-1.1,30.0,0.7334754908572223,10478.22129796032,-1,98.538,98.82012231026037,98.14302876563548,95.264,95.389,62.55248132087695,0.12722045562937817,NZDJPY_merged,-33.733475490857224
2024-07-11 08:00:00,2024-07-11 08:00:00,1.5,15.0,0.5848635984484697,8355.194263549567,-1,2.1153,2.119097577770085,2.109603633344872,2.06104,2.08583,58.67696460090585,0.0024616733462823055,GBPNZD_merged,21.915136401551532
2024-07-11 09:00:00,2024-07-11 13:00:00,-1.1,30.0,0.947909126571559,13541.558951022273,-1,2.11121,2.1158871793579364,2.1041942309630954,2.06104,2.08583,59.18670497413481,0.002508696678690729,GBPNZD_merged,-33.94790912657156
2024-07-12 14:00:00,2024-07-14 17:00:00,-1.2296035913980552,30.0,1.632595700746782,23322.79572495403,1,0.83964,0.8385599751051694,0.841260037342246,0.84256,0.84989,26.79860343369181,0.0005406888583758742,EURGBP_merged,-38.520703442688436
2024-07-12 16:00:00,2024-07-14 17:00:00,-1.1,15.000000000000002,0.5942959494395743,8489.942134851062,1,0.83982,0.8383362089682227,0.8418973074444882,0.8397,0.84989,28.26739499593981,0.0005370735564567501,EURGBP_merged,-17.094295949439577
2024-07-14 20:00:00,2024-07-15 03:00:00,-1.1,15.0,0.6981483228639574,9973.547469485107,-1,1.76952,1.7721813198644925,1.7655280202032613,1.72487,1.76046,72.50156369842362,0.0017231980113525435,GBPCAD_merged,-17.198148322863958
2024-07-15 05:00:00,2024-07-15 15:00:00,-1.1,15.0,0.4262214545732426,6088.877922474895,-1,2.12931,2.13455557240376,2.1224907558751114,2.06104,2.08583,66.63195028823799,0.0022620633928225136,GBPNZD_merged,-16.92622145457324
2024-07-14 20:00:00,2024-07-16 03:00:00,-1.1,30.0,0.7222224029627147,10317.462899467353,-1,1.76952,1.7746652184046856,1.7628312160739088,1.72487,1.76046,71.70412408251991,0.0017231980113525435,GBPCAD_merged,-33.722222402962714
2024-07-17 07:00:00,2024-07-17 08:00:00,-1.1,15.0,0.5768238087388285,8240.340124840408,-1,1.49382,1.4965392202822372,1.4902850136330914,1.45762,1.49282,66.48247314346848,0.0012349647102200439,EURCAD_merged,-17.07682380873883
2024-07-17 07:00:00,2024-07-17 13:00:00,-1.1,14.999999999999998,0.4738195571783234,6768.850816833192,-1,1.49382,1.4971303551262019,1.4901786093611777,1.45762,1.49282,68.42622611987201,0.0012349647102200439,EURCAD_merged,-16.973819557178324
2024-07-17 07:00:00,2024-07-17 13:00:00,-1.1,14.999999999999998,0.4738195571783234,6768.850816833192,-1,1.49382,1.4971303551262019,1.4895165383359374,1.45762,1.49282,67.4338846283506,0.0012349647102200439,EURCAD_merged,-16.973819557178324
2024-07-17 08:00:00,2024-07-18 02:00:00,1.3,30.0,0.880357343487898,12576.533478398544,-1,1.78171,1.7859600821145831,1.7761848932510416,1.72487,1.76046,78.80111647534868,0.0014951494455562586,GBPCAD_merged,38.1196426565121
2024-07-17 07:00:00,2024-07-18 05:00:00,1.3,30.0,0.7397734510389368,10568.192157699097,-1,1.30325,1.3069495447675994,1.298440591802121,1.26125,1.28604,72.62338560629675,0.0012552975856845187,GBPUSD_merged,38.260226548961064
2024-07-12 14:00:00,2024-07-18 07:00:00,1.3,14.999999999999998,0.5348158330032562,7640.226185760803,1,0.83964,0.8379915409499954,0.8417829967650061,0.8397,0.84989,24.140317446706124,0.0005406888583758742,EURGBP_merged,18.965184166996742
2024-07-17 12:00:00,2024-07-18 08:00:00,1.3,15.0,0.4327685653857639,6182.408076939485,-1,1.93301,1.9376999443775236,1.926913072309219,1.89003,1.93457,67.56502215150265,0.002012741518876084,GBPAUD_merged,19.067231434614236
2024-07-17 11:00:00,2024-07-18 10:00:00,1.4,15.0,0.4702449130674469,6717.7844723921,-1,1.30127,1.3041755784805567,1.2972021901272206,1.26125,1.28604,57.07027280836128,0.0013356662417933717,GBPUSD_merged,20.529755086932553
2024-07-17 11:00:00,2024-07-18 14:00:00,1.5,15.0,0.3978995418263013,5684.279168947161,-1,1.30127,1.3047038654770213,1.2961192017844676,1.26125,1.28604,57.07027280836128,0.0013356662417933717,GBPUSD_merged,22.102100458173698
2024-07-17 12:00:00,2024-07-18 16:00:00,1.4,30.0,1.0612930571716646,15161.329388166638,-1,1.77966,1.7831814458200261,1.7747299758519632,1.72487,1.76046,66.3134238665434,0.0016420388201409551,GBPCAD_merged,40.93870694282833
2024-07-17 12:00:00,2024-07-18 17:00:00,1.5,30.0,0.8980172022221778,12828.817174602542,-1,1.77966,1.7838217086963946,1.773417436955408,1.72487,1.76046,66.3134238665434,0.0016420388201409551,GBPCAD_merged,44.10198279777782
2024-07-18 23:00:00,2024-07-19 00:00:00,-1.1,15.0,0.5565386408099458,7950.552011570654,1,0.60334,0.6022017016797288,0.6050474474804068,0.60472,0.61532,33.85473563323733,0.0007560894363583981,NZDUSD_merged,-17.056538640809947
2024-07-18 23:00:00,2024-07-19 13:00:00,-1.1,30.0,0.5757296284240818,8224.708977486884,1,0.60334,0.6011392899141422,0.606200923111615,0.60472,0.61532,26.93663198243634,0.0007560894363583981,NZDUSD_merged,-33.575729628424085
2024-07-17 17:00:00,2024-07-21 22:00:00,-1.1,30.000000000000004,0.8228889410150323,11755.556300214748,-1,1.93229,1.9372211745458563,1.9248932381812156,1.89003,1.93457,64.52254182655156,0.0019082766235201311,GBPAUD_merged,-33.82288894101504
2024-07-17 12:00:00,2024-07-22 20:00:00,-1.1,30.0,1.0575003181444849,15107.14740206407,-1,1.496,1.4989707792480973,1.4918409090526636,1.45762,1.49282,66.68070352718443,0.001345328903417716,EURCAD_merged,-34.057500318144484
2024-07-17 17:00:00,2024-07-22 20:00:00,-1.1,30.0,1.025911744943672,14655.88207062389,-1,1.49564,1.4987015148091247,1.491047727786313,1.45762,1.49282,65.09043084741813,0.001159826717544522,EURCAD_merged,-34.02591174494367
2024-07-22 04:00:00,2024-07-22 20:00:00,-1.1,30.0,0.394524465640017,5636.063794857386,1,94.045,93.5444112730636,94.69576534501732,95.264,95.389,32.93683776494504,0.17428703079244356,NZDJPY_merged,-33.39452446564002
2024-07-17 12:00:00,2024-07-22 23:00:00,-1.1,30.0,1.011522043442551,14450.314906322157,-1,1.496,1.4991058146684655,1.4919624409309948,1.45762,1.49282,66.68070352718443,0.001345328903417716,EURCAD_merged,-34.011522043442554
2024-07-22 11:00:00,2024-07-23 04:00:00,-1.1,30.0,0.6640472402707281,9486.389146724689,-1,1.94484,1.9509904118266268,1.936844464625385,1.89003,1.93457,76.92815093304758,0.0020693436883287954,GBPAUD_merged,-33.664047240270726
2024-07-24 02:00:00,2024-07-24 06:00:00,-1.1,15.0,0.2783143024040595,3975.9186057722795,1,0.52786,0.5258685356907195,0.5300506107402086,0.54026,0.55254,28.853382883434247,0.0007004345923634656,NZDCHF_merged,-16.77831430240406
2024-07-24 02:00:00,2024-07-25 03:00:00,-1.1,15.000000000000002,0.359006846090473,5128.669229863901,1,0.59269,0.5909565386279482,0.5949434997836675,0.60472,0.61532,28.458456811200392,0.0007427017961700222,NZDUSD_merged,-16.859006846090477
2024-07-24 02:00:00,2024-07-25 03:00:00,-1.1,15.0,0.29489848071717417,4212.8354388167745,1,0.59269,0.5905796991992412,0.5950113308808347,0.60472,0.61532,27.445722351930502,0.0007427017961700222,NZDUSD_merged,-16.794898480717173
2024-07-25 10:00:00,2024-07-25 15:00:00,-1.1,15.0,0.41765321879008516,5966.474554144074,1,0.59035,0.5888658321015801,0.59257625184763,0.60472,0.61532,35.54963036445057,0.000998770603783783,NZDUSD_merged,-16.917653218790086
2024-07-25 10:00:00,2024-07-29 04:00:00,-1.1,15.0,0.21602752696038888,3086.1075280055557,1,0.59035,0.5874806087297215,0.5940802086513621,0.60472,0.61532,36.358442872931214,0.000998770603783783,NZDUSD_merged,-16.71602752696039
2024-08-01 12:00:00,2024-08-01 20:00:00,-1.1,15.0,0.44523790177035316,6360.541453862189,1,0.87443,0.8723678406547394,0.8775232390178911,0.88265,0.90501,33.02844240620208,0.0014137176899232935,USDCHF_merged,-16.945237901770355
2024-10-14 13:00:00,2024-10-15 05:00:00,1.0,15.0,0.37952592085247966,5421.798869321138,-1,0.86332,0.8657084692723065,0.8609315307276935,0.83736,0.85493,71.91477224924017,0.0009691101351186117,USDCHF_merged,14.62047407914752
2024-10-14 13:00:00,2024-10-16 20:00:00,-1.1,15.0,0.37952592085247966,5421.798869321138,-1,0.86332,0.8657084692723065,0.8606926838004627,0.83736,0.85493,70.6723287796533,0.0009691101351186117,USDCHF_merged,-16.87952592085248
2024-10-23 14:00:00,2024-10-24 00:00:00,1.0,60.0,1.1351263921658494,16216.091316654994,-1,152.775,153.34027185380273,152.20972814619728,139.576,147.207,71.9375132253162,0.2404920862927253,USDJPY_merged,58.86487360783415
2024-10-23 15:00:00,2024-10-24 04:00:00,1.0,15.000000000000002,0.23804941311173503,3400.705901596215,-1,152.664,153.33737784161963,151.99062215838035,139.576,147.207,70.30110218285627,0.2333140801289603,USDJPY_merged,14.761950586888267
2024-10-23 15:00:00,2024-10-24 04:00:00,1.1,15.0,0.2777243152970242,3967.490218528917,-1,152.664,153.24118100710254,152.0291008921872,139.576,147.207,69.87650142956002,0.2333140801289603,USDJPY_merged,16.222275684702975
2024-10-27 22:00:00,2024-10-28 05:00:00,1.1,30.0,0.41405429239912367,5915.0613199874815,-1,153.578,154.35691669261846,152.7211916381197,139.576,147.207,72.18788802270689,0.3155808632154724,USDJPY_merged,32.58594570760088
2024-10-27 22:00:00,2024-10-28 05:00:00,1.0,60.0,0.8281085847982473,11830.122639974963,-1,153.578,154.35691669261846,152.79908330738155,139.576,147.207,73.18549871651838,0.3155808632154724,USDJPY_merged,59.171891415201756
2024-10-27 22:00:00,2024-10-28 05:00:00,1.0,60.0,0.7098073583984977,10140.10511997854,-1,153.578,154.4867361413882,152.6692638586118,139.576,147.207,70.52662984342115,0.3155808632154724,USDJPY_merged,59.2901926416015
2024-11-12 14:00:00,2024-11-13 09:00:00,-1.1,60.0,1.1810796720618777,16872.56674374111,1,1.27434,1.2698083599027183,1.27932480410701,1.30016,1.34341,21.627639891064646,0.0018290274185911626,GBPUSD_merged,-67.18107967206188
2024-11-12 14:00:00,2024-11-13 10:00:00,-1.1,60.0,1.0123540046244666,14462.20006606381,1,1.27434,1.2690530865531713,1.2796269134468288,1.30016,1.34341,23.613553946721304,0.0018290274185911626,GBPUSD_merged,-67.01235400462447
2024-11-15 16:00:00,2024-11-17 20:00:00,1.0,90.0,1.26220601072716,18031.51443895943,1,90.39,89.93883989209343,90.84116010790657,90.42,92.045,25.374530757689254,0.18934170841623707,NZDJPY_merged,88.73779398927284
2024-11-21 13:00:00,2024-11-22 04:00:00,-1.1,90.0,1.9529184887521234,27898.835553601766,1,1.46344,1.4587190287699663,1.4681609712300339,1.48619,1.51698,26.3340726485399,0.0019294233925726205,EURCAD_merged,-100.95291848875213
2024-11-22 06:00:00,2024-11-24 17:00:00,1.0,90.0,1.553038320038668,22186.261714838118,1,1.25338,1.248295583280776,1.2584644167192238,1.30016,1.30475,27.141419236220983,0.0021728993258901983,GBPUSD_merged,88.44696167996133
2024-11-22 11:00:00,2024-11-25 07:00:00,1.0,90.0,1.6217644492029075,23168.063560041533,-1,0.6393,0.6417834617641172,0.6368165382358828,0.61878,0.63346,76.77694478940714,0.0010230060396882181,CADCHF_merged,88.37823555079709
2024-11-22 11:00:00,2024-11-25 08:00:00,1.0,59.99999999999999,0.9267225424016613,13238.893462880877,-1,0.6393,0.6421973720581367,0.6364026279418633,0.61878,0.63346,74.20631975540027,0.0010230060396882181,CADCHF_merged,59.07327745759833
2024-11-22 13:00:00,2024-11-25 08:00:00,1.1,30.0,0.5569323047110505,7956.175781586436,-1,0.63918,0.6415901277455909,0.6365288594798499,0.61878,0.63346,73.91079935458247,0.0009760613301393603,CADCHF_merged,32.44306769528895
2024-11-29 00:00:00,2024-12-01 20:00:00,0.7296127451470039,90.0,1.3234564618930744,18906.52088418678,1,150.008,149.29392256170772,150.7220774382923,151.283,156.746,28.46759509612241,0.30049424695833094,USDJPY_merged,64.34169060133728
2024-12-02 13:00:00,2024-12-04 06:00:00,1.5,15.0,0.17920152421259894,2560.0217744656993,1,168.64,167.65188340457456,170.12217489313812,172.4,177.304,33.05925278807111,0.340834585217615,CHFJPY_merged,22.320798475787402
2024-12-06 05:00:00,2024-12-06 06:00:00,-1.1,15.0,0.4998297185210899,7140.424550301285,-1,1.80733,1.8111266860106179,1.8020146395851353,1.77413,1.80716,69.63732021761834,0.0023088200898331935,EURNZD_merged,-16.99982971852109
2024-12-05 22:00:00,2024-12-06 08:00:00,-1.1,15.0,0.29143320114943205,4163.331444991887,-1,1.64448,1.650404870581628,1.6355926941275576,1.59636,1.63608,63.36326375077305,0.0020814117625903234,EURAUD_merged,-16.79143320114943
2024-12-06 09:00:00,2024-12-06 11:00:00,-1.1,60.0,0.784857453439611,11212.249334851587,1,0.56302,0.5600071165908702,0.5675393251136945,0.56567,0.58316,28.466725840793575,0.0010891705183338437,AUDCHF_merged,-66.78485745343961
2024-12-06 09:00:00,2024-12-09 00:00:00,-1.1,30.0,0.4115199689235286,5878.856698907552,1,0.5136,0.5109790822282054,0.5175313766576917,0.51381,0.5264,31.629553964918173,0.0009434676284012509,NZDCHF_merged,-33.41151996892353
2024-12-06 13:00:00,2024-12-09 02:00:00,1.0,15.0,0.35679129128360776,5097.018446908683,-1,1.99513,2.0010014619756085,1.9892585380243915,1.92267,1.98824,71.68906748082891,0.0028424644886754454,GBPAUD_merged,14.643208708716392
2024-12-06 13:00:00,2024-12-09 07:00:00,1.1,15.0,0.42416532760881237,6059.504680125891,1,0.62077,0.6192333149916461,0.6224603535091894,0.62657,0.64065,24.6042428890349,0.0009303975494911492,CADCHF_merged,16.07583467239119
2024-12-08 21:00:00,2024-12-09 21:00:00,-1.1,14.999999999999998,0.470850565514299,6726.436650204272,-1,1.49324,1.4965699354717508,1.4885780903395487,1.44847,1.4859,66.27866470082918,0.0018753008879311434,EURCAD_merged,-16.9708505655143
2024-12-06 13:00:00,2024-12-09 22:00:00,-1.1,60.0,1.7653595743027686,25219.422490039553,-1,1.49331,1.4968627617666657,1.4894019620566676,1.44847,1.4859,73.64118694699894,0.002165442096725605,EURCAD_merged,-67.76535957430276
2024-12-10 01:00:00,2024-12-10 12:00:00,-1.1,15.0,0.2772808828559961,3961.155469371374,-1,1.99371,2.0012597289190586,1.983895352405224,1.92267,1.98824,61.28364544899538,0.0032230272033466397,GBPAUD_merged,-16.777280882855997
2024-12-10 18:00:00,2024-12-11 02:00:00,-1.1,60.0,1.1188183890488037,15983.11984355434,-1,2.19946,2.207716685884341,2.187074971173489,2.13603,2.18405,69.27928190145263,0.002874480701882478,GBPNZD_merged,-67.1188183890488
2024-12-10 21:00:00,2024-12-11 02:00:00,-1.1,30.0,0.5359206510849026,7656.009301212895,-1,2.00241,2.0102564246367205,1.9906403630449188,1.92267,1.98824,64.18921265018227,0.0026324019772751223,GBPAUD_merged,-33.5359206510849
2024-12-08 21:00:00,2024-12-11 09:00:00,1.5,14.999999999999998,0.2760158487497615,3943.083553568021,-1,1.49324,1.4989204781576926,1.484719282763461,1.44847,1.4859,66.51603163427673,0.0018753008879311434,EURCAD_merged,22.223984151250235
2024-12-11 10:00:00,2024-12-12 06:00:00,1.3,15.000000000000002,0.35111722419785946,5015.960345683707,-1,2.20395,2.210540811673471,2.1953819448244873,2.13603,2.18405,60.913057377755635,0.002953743843326817,GBPNZD_merged,19.148882775802143
2024-12-16 16:00:00,2024-12-17 02:00:00,-1.1,15.0,0.30110785401888945,4301.540771698421,-1,1.13408,1.138034675987712,1.128147986018432,1.11066,1.13493,63.73786041719856,0.0013384184197107439,GBPCHF_merged,-16.80110785401889
2024-12-16 17:00:00,2024-12-17 02:00:00,-1.1,60.00000000000001,1.5465586682100534,22093.69526014362,-1,1.13354,1.1366183623653348,1.1295381289250648,1.11066,1.13493,62.40857059884508,0.0013578171040171273,GBPCHF_merged,-67.54655866821007
2024-12-17 09:00:00,2024-12-17 10:00:00,-1.1,15.0,0.3870854096053311,5529.791565790445,-1,1.42743,1.431302017551703,1.4216219736724454,1.39269,1.41774,65.32885225462881,0.001439808575668468,USDCAD_merged,-16.88708540960533
2024-12-17 05:00:00,2024-12-17 10:00:00,-1.1,30.0,1.1730678630216977,16758.112328881398,-1,1.42774,1.4302959083958509,1.424417319085394,1.38152,1.41774,66.08050056876426,0.0011511741970826554,USDCAD_merged,-34.1730678630217
2024-12-17 09:00:00,2024-12-17 10:00:00,-1.1,15.0,0.3786069086995818,5408.670124279741,-1,1.81304,1.8180681491337247,1.8065034061261578,1.74781,1.81498,64.06619912909788,0.002187140954609377,GBPCAD_merged,-16.87860690869958
2024-12-17 09:00:00,2024-12-17 10:00:00,-1.1,30.0,1.0244657529518097,14635.225042168711,-1,1.81304,1.8167564580553617,1.8078369587224936,1.74781,1.81498,64.06619912909788,0.002187140954609377,GBPCAD_merged,-34.02446575295181
2024-12-17 04:00:00,2024-12-17 14:00:00,1.4,15.000000000000002,0.4764563125055183,6806.518750078833,-1,1.13776,1.1402673610499938,1.134249694530009,1.11066,1.13493,67.56585152420827,0.0014667098172234945,GBPCHF_merged,20.52354368749448
2024-12-11 04:00:00,2024-12-17 20:00:00,-1.1,15.0,0.20838928431555992,2976.9897759365704,1,0.57774,0.5748289721993508,0.582106541700974,0.57965,0.60372,31.525135885235375,0.0010575347298071732,NZDUSD_merged,-16.708389284315558
2024-12-18 01:00:00,2024-12-18 05:00:00,-1.1,30.0,1.08392556233436,15484.650890490859,-1,2.21268,2.21696685157124,2.2066784078002644,2.13603,2.18405,63.93600930823983,0.002518700438072177,GBPNZD_merged,-34.08392556233436
2024-12-17 23:00:00,2024-12-18 05:00:00,-1.1,30.0,1.0084694612022145,14406.706588603065,-1,2.00953,2.0137145719303877,2.003671599297457,1.92267,1.98824,71.58819780060979,0.0024606905502117917,GBPAUD_merged,-34.00846946120222
2024-12-18 01:00:00,2024-12-18 05:00:00,-1.1,15.000000000000002,0.31770231999455373,4538.604571350768,-1,2.21268,2.2199928644450564,2.201710703332416,2.13603,2.18405,64.25089798118613,0.002518700438072177,GBPNZD_merged,-16.817702319994556
2024-12-17 14:00:00,2024-12-18 15:00:00,1.4,30.0,0.9463176520255129,13518.82360036447,-1,1.81934,1.823377348338396,1.8136877123262456,1.74781,1.81498,66.52990966944539,0.002295988588199514,GBPCAD_merged,41.05368234797449
2024-12-18 20:00:00,2024-12-19 01:00:00,1.5,15.0,0.165396666490111,2362.8095212873004,1,96.293,95.68169596258734,97.209956056119,99.533,102.401,33.69662748863181,0.2162283797541978,AUDJPY_merged,22.33460333350989
2024-12-18 22:00:00,2024-12-19 03:00:00,1.1,30.000000000000004,0.9901220696384108,14144.60099483444,-1,1.44327,1.4463311043758542,1.4399027851865605,1.39269,1.41774,70.60589992705727,0.0018315337895582783,USDCAD_merged,32.0098779303616
2024-12-18 22:00:00,2024-12-19 04:00:00,-1.1,30.0,0.757663888783927,10823.769839770386,-1,2.02105,2.0266516989364662,2.0132076214889465,1.92267,1.98824,66.08512537101188,0.003206180091347274,GBPAUD_merged,-33.757663888783924
2024-12-18 23:00:00,2024-12-19 04:00:00,1.1,60.0,1.1129447786634135,15899.21112376305,1,0.56298,0.5608554417601567,0.5653170140638277,0.57965,0.59284,22.042759554940172,0.0012787168356234006,NZDUSD_merged,64.88705522133658
2024-12-18 23:00:00,2024-12-19 07:00:00,1.1,14.999999999999998,0.3465905066507643,4951.292952153776,-1,2.23535,2.242122019010795,2.2279007790881256,2.13603,2.18405,71.69578070339757,0.004068761033050626,GBPNZD_merged,16.153409493349237
2024-12-18 20:00:00,2024-12-19 08:00:00,1.4,15.0,0.2684907207155837,3835.5817245083394,1,0.62193,0.6194977874517988,0.6253350975674815,0.64401,0.65494,27.739889513831315,0.0013870908876728733,AUDUSD_merged,20.731509279284417
2024-12-18 19:00:00,2024-12-19 09:00:00,1.1,30.0,0.6456712581949597,9223.875117070855,1,0.50634,0.5046931650410263,0.508151518454871,0.51486,0.52342,22.233410116148715,0.001064323860118684,NZDCHF_merged,32.35432874180504
2024-12-18 23:00:00,2024-12-19 09:00:00,1.1,60.0,1.461595980126339,20879.942573233417,-1,1.84307,1.848366192727166,1.8372441880001176,1.77413,1.82742,70.53379903185399,0.003219397564873057,EURNZD_merged,64.53840401987367
2024-12-19 08:00:00,2024-12-19 09:00:00,1.4,59.99999999999999,1.3696294723690683,19566.13531955812,-1,2.01811,2.024298580321172,2.0094459875503596,1.92267,1.98824,51.1728442550812,0.0037174598392955044,GBPAUD_merged,82.63037052763092
2024-12-19 04:00:00,2024-12-19 09:00:00,1.4,30.000000000000004,1.0279081161697823,14684.401659568319,-1,1.43959,1.4425310595679162,1.4354725166049171,1.39269,1.41774,58.890151003760344,0.0016821753942400383,USDCAD_merged,40.97209188383022
2024-12-19 06:00:00,2024-12-19 09:00:00,1.4,30.000000000000004,0.7142529079137048,10203.612970195783,-1,2.23375,2.2403175266394113,2.2245554627048247,2.13603,2.18405,62.6145271223971,0.00377587589547659,GBPNZD_merged,41.2857470920863
2024-12-19 06:00:00,2024-12-19 09:00:00,1.3,30.0,0.5446798412951055,7781.14058993008,-1,2.02319,2.030990360281184,2.0130495316344605,1.92267,1.98824,59.34924766557854,0.0033642137781178328,GBPAUD_merged,38.45532015870489
2024-12-18 22:00:00,2024-12-19 10:00:00,1.5,30.0,0.4441477968733365,6344.968526761951,-1,2.02105,2.0306058393622073,2.0067162409566883,1.92267,1.98824,66.18070140897747,0.003206180091347274,GBPAUD_merged,44.55585220312666
2024-12-19 06:00:00,2024-12-19 10:00:00,1.3,30.0,0.5279260623709991,7541.8008910142735,-1,2.23375,2.242635477218027,2.2221988796165655,2.13603,2.18405,62.6145271223971,0.00377587589547659,GBPNZD_merged,38.472073937629
2024-12-19 02:00:00,2024-12-19 11:00:00,1.4,30.0,0.7118982535694756,10169.975050992509,-1,1.84268,1.8481156475530003,1.8350700934258,1.77413,1.80716,66.48931426353062,0.003214765470126124,EURNZD_merged,41.28810174643053
2024-12-18 23:00:00,2024-12-19 12:00:00,1.5,30.0,0.3961034361723021,5658.6205167471735,-1,2.23535,2.2472010332688908,2.2175734500966633,2.13603,2.18405,72.58273358729143,0.004068761033050626,GBPNZD_merged,44.603896563827696
2024-12-19 06:00:00,2024-12-19 12:00:00,1.5,30.0,0.4186999805011372,5981.428292873389,-1,2.23375,2.2449534277966423,2.2169448583050366,2.13603,2.18405,62.299890708063046,0.00377587589547659,GBPNZD_merged,44.58130001949886
2024-12-18 22:00:00,2024-12-19 17:00:00,-1.4108060308639896,15.000000000000002,0.19747255721651114,2821.036531664445,1,0.50647,0.5037770004891011,0.5091629995108988,0.51486,0.52342,28.750393029354044,0.0010146426824638787,NZDCHF_merged,-21.359563020176356
2024-12-18 22:00:00,2024-12-19 17:00:00,-1.8040478401231865,30.0,0.5134286487629289,7334.694982327557,1,0.50647,0.5043984619146932,0.5085415380853068,0.51381,0.52342,27.430524331672174,0.0010146426824638787,NZDCHF_merged,-54.63486385245852
2024-12-19 15:00:00,2024-12-20 04:00:00,1.1,60.0,1.109411984161752,15848.742630882172,-1,157.42,158.01595894891972,156.7644451561883,148.646,156.746,71.31026166834936,0.3550118899980619,USDJPY_merged,64.89058801583825
2024-12-18 20:00:00,2024-12-20 05:00:00,-1.1,60.0,1.4260152947200275,20371.647067428967,1,0.89861,0.8959633509675708,0.9012566490324292,0.90439,0.91644,29.813296687951578,0.0013259441936278446,AUDCAD_merged,-67.42601529472003
2024-12-19 21:00:00,2024-12-20 08:00:00,1.4,60.0,1.1325991049972586,16179.987214246554,-1,157.275,157.85822048559416,156.4584913201682,148.646,156.746,62.54851810322415,0.35399438288756113,USDJPY_merged,82.86740089500275
2024-12-19 04:00:00,2024-12-20 12:00:00,1.3,15.0,0.3798790864105717,5426.844091579596,-1,1.43959,1.4435690805918868,1.4344171952305471,1.38152,1.41774,58.890151003760344,0.0016821753942400383,USDCAD_merged,19.120120913589428
2024-12-19 05:00:00,2024-12-22 17:00:00,-1.1,30.0,0.5162632268562791,7375.188955089703,-1,1.84009,1.8475749200930511,1.8303596038790335,1.77413,1.82742,60.01256443219607,0.003161147863654209,EURNZD_merged,-33.51626322685628
2024-12-18 20:00:00,2024-12-24 11:00:00,-1.1,14.999999999999998,0.27423371052308215,3917.624436044031,1,0.89861,0.8951693562578421,0.9020506437421579,0.90439,0.91644,31.413526973281957,0.0013259441936278446,AUDCAD_merged,-16.77423371052308
2024-12-18 23:00:00,2024-12-24 14:00:00,-1.1,30.0,0.4257889277466745,6082.698967809636,1,0.81246,0.8084529300909038,0.8184706048636441,0.81364,0.83669,28.962357608667556,0.0013795895106696455,NZDCAD_merged,-33.42578892774667
2024-12-19 22:00:00,2024-12-26 08:00:00,-1.1,30.0,0.4048818850580539,5784.02692940077,-1,156.976,157.7901870806414,155.91755679516618,148.646,156.746,63.29580756585334,0.3514233555384505,USDJPY_merged,-33.40488188505805
2024-12-19 02:00:00,2024-12-26 14:00:00,-1.1,30.0,0.41731966588555464,5961.709512650781,-1,1.84268,1.851952575237471,1.8287711371437938,1.77413,1.80716,66.6645010567148,0.003214765470126124,EURNZD_merged,-33.41731966588556
2024-12-18 23:00:00,2024-12-26 15:00:00,-1.1,30.0,0.4175988514646683,5965.6978780666905,-1,1.84307,1.8523383372725404,1.8291674940911895,1.77413,1.82742,72.08902824811885,0.003219397564873057,EURNZD_merged,-33.41759885146467
2024-12-19 04:00:00,2024-12-27 12:00:00,-1.1,30.0,0.6025668267202171,8608.09752457453,-1,1.43959,1.4446071016158573,1.432064347576214,1.39269,1.41774,58.38188598397898,0.0016821753942400383,USDCAD_merged,-33.60256682672022
2024-12-26 19:00:00,2024-12-29 21:00:00,1.3,30.0,0.8161320390572409,11659.029129389157,-1,1.85248,1.8572466404623615,1.8462833673989296,1.77413,1.82742,64.39825560798492,0.002083705776729874,EURNZD_merged,38.183867960942756
2024-12-30 09:00:00,2024-12-30 17:00:00,1.1,60.0,2.4574314135863777,35106.16305123397,-1,0.94105,0.9426583500756719,0.9392808149167611,0.92856,0.94177,56.223273314220144,0.0010205603117738498,EURCHF_merged,63.54256858641362
2024-12-19 03:00:00,2024-12-31 08:00:00,-1.1,30.0,0.3399489554760141,4856.413649657345,1,0.56399,0.5605060092980972,0.5692159860528542,0.57965,0.59284,34.34109371995672,0.00124540507971268,NZDUSD_merged,-33.33994895547601
2024-12-30 15:00:00,2024-12-31 11:00:00,-1.1,30.0,0.6681858078430921,9545.511540615602,-1,0.90398,0.9068210630362352,0.9002866180528942,0.8734,0.89572,55.99053190318794,0.0011820130270515149,USDCHF_merged,-33.668185807843095
2025-01-02 17:00:00,2025-01-03 04:00:00,1.4,90.0,2.702222321399302,38603.17601999003,-1,0.91217,0.9142966462624083,0.9091926952326285,0.8734,0.89572,64.58684495976853,0.0012216135046767774,USDCHF_merged,123.29777767860068
2025-01-02 16:00:00,2025-01-03 04:00:00,1.1,90.0,2.19725405624419,31389.343660631283,1,1.02613,1.0231878645734531,1.0293663489692015,1.03429,1.06298,27.857405731853568,0.0017610607386209956,EURUSD_merged,96.80274594375582
2025-01-02 16:00:00,2025-01-03 06:00:00,1.0,15.0,0.29296720749922533,4185.245821417505,1,1.02613,1.0224523307168163,1.0298076692831837,1.03325,1.06298,27.857405731853568,0.0017610607386209956,EURUSD_merged,14.707032792500774
2025-01-02 16:00:00,2025-01-05 20:00:00,1.0,15.0,0.22535939038401948,3219.41986262885,1,1.02613,1.0213490299318613,1.0309109700681387,1.03325,1.06298,28.91529843233151,0.0017610607386209956,EURUSD_merged,14.77464060961598
2025-01-02 18:00:00,2025-01-06 02:00:00,1.3,29.999999999999996,0.6814789701131764,9735.413858759663,-1,0.91179,0.9145997110607565,0.9081373756210164,0.8734,0.89572,65.05975000342619,0.0011786411114855996,USDCHF_merged,38.318521029886824
2025-01-02 17:00:00,2025-01-06 03:00:00,1.5,30.0,0.5280204536067602,7543.149337239432,-1,0.91217,0.9157978083299906,0.9067282875050142,0.8734,0.89572,64.88604302264065,0.0012216135046767774,USDCHF_merged,44.47197954639324
2024-12-18 20:00:00,2025-01-06 06:00:00,1.5,15.0,0.15739111214361803,2248.4444591945435,1,0.62193,0.6177809315354217,0.6281536026968675,0.64401,0.65494,27.34414916315638,0.0013870908876728733,AUDUSD_merged,22.342608887856382
2024-12-19 21:00:00,2025-01-06 20:00:00,-1.1,30.0,0.3319687031888517,4742.410045555024,-1,157.275,158.26990553424884,155.78264169862675,148.646,156.746,62.18727433219247,0.35399438288756113,USDJPY_merged,-33.33196870318885
2025-01-08 12:00:00,2025-01-09 00:00:00,-1.1,90.0,2.7285482300217576,38979.260428882255,-1,0.8339,0.8358254085165862,0.8312044280767793,0.82198,0.83284,67.98709419288078,0.0011324080132613483,EURGBP_merged,-101.72854823002177
2025-01-08 12:00:00,2025-01-09 01:00:00,-1.1,30.0,0.5331645966709181,7616.63709529883,-1,0.8339,0.837184520410647,0.8289732193840295,0.82198,0.83284,68.77894917307269,0.0011324080132613483,EURGBP_merged,-33.533164596670915
2025-01-09 06:00:00,2025-01-09 17:00:00,1.1,90.0,2.808297918834958,40118.541697642264,-1,0.83864,0.8405213644964676,0.8365704990538857,0.82198,0.83274,70.08409645379007,0.001231863323842821,EURGBP_merged,96.19170208116506
2025-01-09 04:00:00,2025-01-10 07:00:00,1.0,30.0,0.47879483388181543,6839.926198311649,1,1.12007,1.1151573592746813,1.1249826407253185,1.11722,1.13942,30.03739606117251,0.0019088002590423982,GBPCHF_merged,29.521205166118186
2025-01-09 04:00:00,2025-01-10 08:00:00,-1.1,15.0,0.1832197181779391,2617.4245453991302,1,1.22875,1.2217082497297207,1.239312625405419,1.24869,1.2811,30.950183213790034,0.002528131467184457,GBPUSD_merged,-16.683219718177938
2025-01-09 10:00:00,2025-01-10 08:00:00,-1.1,90.0,2.4644350219299467,35206.21459899924,-1,0.837,0.8391396790554739,0.8340044493223364,0.82198,0.83284,63.78232170901298,0.001224446542905941,EURGBP_merged,-101.46443502192996
2025-01-09 10:00:00,2025-01-12 20:00:00,-1.1,30.0,0.6071796430841898,8673.994901202712,-1,0.837,0.8398948598985824,0.8332366821318429,0.82198,0.83274,63.78232170901298,0.001224446542905941,EURGBP_merged,-33.60717964308419
2025-01-09 10:00:00,2025-01-12 21:00:00,-1.1,30.0,0.48155626865297807,6879.3752664711155,-1,0.837,0.8406500407416908,0.8315249388874637,0.82198,0.83284,63.779215765699576,0.001224446542905941,EURGBP_merged,-33.48155626865298
2025-01-13 01:00:00,2025-01-13 07:00:00,-1.1,30.0,0.5605885527191093,8008.407895987277,1,1.21466,1.21010980719348,1.2192101928065202,1.24869,1.2811,26.119964824185185,0.0022475895173129116,GBPUSD_merged,-33.56058855271911
2025-01-12 17:00:00,2025-01-13 09:00:00,-1.1,30.0,0.6836057765096087,9765.796807280125,-1,0.91525,0.9180615985353628,0.9115949219040284,0.8734,0.89572,61.987897097630054,0.001240117421109247,USDCHF_merged,-33.68360577650961
2025-01-10 15:00:00,2025-01-13 10:00:00,-1.1,90.0,2.5877437196523823,36967.76742360546,-1,0.91709,0.9193227044815613,0.9139642137258142,0.8734,0.89572,65.312810392406,0.001259544464718377,USDCHF_merged,-101.5877437196524
2025-01-13 06:00:00,2025-01-13 13:00:00,1.1,90.0,1.8651317299414991,26644.738999164278,1,1.21313,1.2090323167761776,1.2176374515462045,1.24748,1.2811,27.570578123092936,0.002571691156682601,GBPUSD_merged,97.13486827005852
2025-01-13 01:00:00,2025-01-13 17:00:00,1.0,60.0,0.862443927260168,12320.627532288116,1,1.21466,1.208744749351524,1.2205752506484762,1.24748,1.2811,27.50534418733497,0.0022475895173129116,GBPUSD_merged,59.137556072739834
2025-01-13 07:00:00,2025-01-13 17:00:00,1.5,30.0,0.35316351951514446,5045.193135930635,1,1.21097,1.2037692647612888,1.2217711028580671,1.24869,1.2811,31.41045744077487,0.002623713216919548,GBPUSD_merged,44.64683648048486
2025-01-13 06:00:00,2025-01-13 18:00:00,1.5,30.0,0.45418245159387854,6488.320737055408,1,1.02018,1.0154630013742678,1.0272554979385984,1.03325,1.06298,29.993753675680622,0.0016928821973091449,EURUSD_merged,44.54581754840612
2025-01-13 13:00:00,2025-01-14 03:00:00,1.3,30.0,0.6699242224933462,9570.346035619232,-1,0.91824,0.9211183912198654,0.9144980914141749,0.8734,0.89572,60.126631746863836,0.001214226268889773,USDCHF_merged,38.33007577750666
2025-01-13 06:00:00,2025-01-20 01:00:00,1.5,15.0,0.20858773219091367,2979.824745584481,1,1.7514,1.742583709700066,1.7646244354499012,1.74781,1.82319,27.83955728118581,0.003265198313753666,GBPCAD_merged,22.291412267809086
2025-01-19 20:00:00,2025-01-20 08:00:00,1.3,30.0,0.7764155176569749,11091.6502522425,-1,1.4461,1.4500113205892178,1.4410152832340166,1.42791,1.4463,62.1267749104537,0.0016848188714233862,USDCAD_merged,38.22358448234303
2025-01-20 11:00:00,2025-01-20 12:00:00,1.0,30.0,1.0011845119449576,14302.635884927968,-1,0.94458,0.946561271160644,0.9425987288393559,0.92555,0.94407,68.15409012134712,0.0009727330388704497,EURCHF_merged,28.998815488055044
2025-01-20 13:00:00,2025-01-21 11:00:00,-1.1,30.0,0.9377041244965271,13395.773207093245,-1,0.94316,0.9452722185007595,0.9410477814992405,0.92555,0.94407,61.43788654860665,0.001021387161066905,EURCHF_merged,-33.93770412449653
2025-01-24 07:00:00,2025-01-24 10:00:00,-1.1,30.0,1.069293000359891,15275.614290855587,-1,0.94939,0.9512545207621568,0.9475254792378431,0.92555,0.94407,71.97024321971121,0.0009313846395728294,EURCHF_merged,-34.06929300035989
2025-01-24 07:00:00,2025-01-24 10:00:00,-1.1,90.0,4.009848751349591,57283.55359070845,-1,0.94939,0.9508816166097255,0.947749221729302,0.9337,0.94407,71.97024321971121,0.0009313846395728294,EURCHF_merged,-103.00984875134961
2025-01-24 14:00:00,2025-01-27 06:00:00,-1.1,60.0,1.3380267558343413,19114.66794049059,-1,1.50507,1.5097943405054768,1.49892835734288,1.46823,1.50591,61.36377692692054,0.001978056725813666,EURCAD_merged,-67.33802675583433
2025-01-24 06:00:00,2025-01-28 07:00:00,1.5,15.0,0.23101965884918996,3300.280840702714,-1,1.04891,1.0536773670088786,1.0417589494866821,1.01772,1.04583,66.3560012257717,0.0016114968255029616,EURUSD_merged,22.26898034115081
2025-01-30 21:00:00,2025-01-31 09:00:00,-1.1,30.0,0.5106308075859423,7294.725822656318,-1,1.44828,1.4542361388674891,1.4405370194722642,1.42605,1.4463,61.39233792070935,0.0025317951949490568,USDCAD_merged,-33.51063080758594
2025-01-30 10:00:00,2025-01-31 16:00:00,0.5026905427044542,30.0,0.4609364717861517,6584.806739802168,1,169.852,169.0781640771931,171.01275388421038,169.948,175.813,31.501170059452605,0.27155783154310964,CHFJPY_merged,14.619779809347476
2025-02-06 10:00:00,2025-02-07 11:00:00,-1.1,15.0,0.16598274573925173,2371.1820819893105,1,188.492,187.29960738642728,189.92287113628723,189.325,194.745,26.891390172793564,0.44258211577897116,GBPJPY_merged,-16.665982745739253
2025-02-06 10:00:00,2025-02-07 11:00:00,-1.1,15.0,0.17926136539839185,2560.8766485484553,1,188.492,187.38793276521045,189.59606723478953,189.325,194.745,21.956776938303676,0.44258211577897116,GBPJPY_merged,-16.679261365398393
2025-02-06 10:00:00,2025-02-07 11:00:00,-1.1,15.0,0.17926136539839185,2560.8766485484553,1,188.492,187.38793276521045,189.81688068174745,189.325,194.745,23.29095334241791,0.44258211577897116,GBPJPY_merged,-16.679261365398393
2025-02-10 18:00:00,2025-02-14 10:00:00,1.0,15.0,0.5437242733360726,7767.489619086752,-1,1.11282,1.1149689954693962,1.1106710045306036,1.10199,1.11021,76.62278226406083,0.0008731983172043449,AUDNZD_merged,14.456275726663927
2025-02-10 18:00:00,2025-02-14 10:00:00,1.2,15.0,0.5437242733360726,7767.489619086752,-1,1.11282,1.1149689954693962,1.1102412054367243,1.10199,1.11021,75.47921129352366,0.0008731983172043449,AUDNZD_merged,17.45627572666393
2025-02-14 14:00:00,2025-02-17 22:00:00,1.0,30.0,0.4905809465484259,7008.299236406085,-1,0.57328,0.5757340048048547,0.5708259951951453,0.55158,0.5723,77.13535125366222,0.0009529160703746095,NZDUSD_merged,29.509419053451573
2025-02-19 22:00:00,2025-02-20 21:00:00,1.2,60.0,0.7564572667413648,10806.532382019499,1,95.742,95.2104215253398,96.37989416959225,95.517,98.762,34.802024459633216,0.20837200487378854,AUDJPY_merged,71.24354273325864
2025-02-26 12:00:00,2025-02-27 00:00:00,-1.1,15.0,0.3904568363860564,5577.954805515092,-1,2.22321,2.2291885622441807,2.2148400128581467,2.18313,2.22102,70.50173110144989,0.0022930579443503282,GBPNZD_merged,-16.890456836386058
2025-02-27 17:00:00,2025-02-27 19:00:00,-1.1,59.99999999999999,1.660604465607281,23722.920937246872,-1,2.23516,2.2408131655758057,2.2283762013090334,2.18313,2.22102,74.65914104424141,0.0024147472138706383,GBPNZD_merged,-67.66060446560728
2025-02-27 17:00:00,2025-02-27 19:00:00,-1.1,15.0,0.3706706396444824,5295.294852064035,-1,2.23516,2.241491545444902,2.2275621454661176,2.18313,2.22102,73.5907945814522,0.0024147472138706383,GBPNZD_merged,-16.870670639644484
2025-02-27 17:00:00,2025-02-27 19:00:00,-1.1,15.000000000000002,0.4324490795852295,6177.843994074708,-1,2.23516,2.240587038952773,2.228647553256672,2.18313,2.22102,73.2445949021074,0.0024147472138706383,GBPNZD_merged,-16.932449079585233
2025-02-27 13:00:00,2025-02-27 20:00:00,-1.1,60.0,1.5373112896547803,21961.58985221115,-1,2.23632,2.242429721604991,2.2302102783950093,2.18313,2.22102,76.9553280067965,0.002362182310425125,GBPNZD_merged,-67.53731128965478
2025-02-27 17:00:00,2025-02-27 20:00:00,-1.1,14.999999999999998,0.3459592636681836,4942.2751952597655,-1,2.23516,2.2419437986909667,2.2276978214399366,2.18313,2.22102,73.2445949021074,0.0024147472138706383,GBPNZD_merged,-16.845959263668185
2025-02-28 01:00:00,2025-03-02 18:00:00,1.2,60.0,1.0401667330884652,14859.524758406647,1,0.50361,0.5015765163932713,0.5060501803280745,0.50574,0.51772,26.152532661861024,0.0007852939110706951,NZDCHF_merged,70.95983326691153
2025-02-28 07:00:00,2025-03-03 01:00:00,-1.1,30.0,0.7982241563803634,11403.202234005192,-1,1.85578,1.8606622601632004,1.8508977398367996,1.82061,1.84938,77.03631442296553,0.001981982346331527,EURNZD_merged,-33.798224156380364
2025-02-28 07:00:00,2025-03-03 01:00:00,-1.1,60.0,1.5964483127607267,22806.404468010383,-1,1.85578,1.8606622601632004,1.8499212878041595,1.82286,1.8514,76.60671116454311,0.001981982346331527,EURNZD_merged,-67.59644831276073
2025-02-28 07:00:00,2025-03-03 05:00:00,-1.1,15.0,0.3695482205464645,5279.2602935209225,-1,1.85578,1.8610528409762563,1.8494525908284924,1.82061,1.8514,75.15118253156572,0.001981982346331527,EURNZD_merged,-16.869548220546463
2025-03-04 15:00:00,2025-03-04 16:00:00,1.2,30.0,0.34334416180728944,4904.916597246993,1,0.61358,0.6098271533134056,0.6180834160239133,0.61934,0.63974,31.825439779081723,0.0015239144835922055,CADCHF_merged,35.65665583819271
2025-03-04 11:00:00,2025-03-04 16:00:00,1.2,30.0,0.4246790913560906,6066.844162229866,1,0.5002,0.4977265558833005,0.5031681329400394,0.50574,0.51772,28.585973230513083,0.0009737078147741049,NZDCHF_merged,35.57532090864391
2025-03-04 15:00:00,2025-03-04 16:00:00,1.0,15.0,0.17167208090364472,2452.4582986234964,1,0.61358,0.6098271533134056,0.6173328466865944,0.61934,0.63974,31.85613937207104,0.0015239144835922055,CADCHF_merged,14.828327919096356
2025-03-04 15:00:00,2025-03-04 16:00:00,1.2,15.0,0.1589556304663377,2270.7947209476815,1,0.61358,0.6095269255784781,0.6184436893058263,0.61934,0.63974,32.41832638161433,0.0015239144835922055,CADCHF_merged,17.841044369533662
2025-03-04 18:00:00,2025-03-05 02:00:00,-1.1,30.0,0.3951811950374207,5645.445643391725,-1,1.06191,1.0675530088982064,1.0551383893221522,1.02103,1.0533,74.95204222751194,0.0020678602030868615,EURUSD_merged,-33.39518119503742
2025-03-04 18:00:00,2025-03-05 02:00:00,-1.1,30.0,0.42679569064041434,6097.081294863063,-1,1.06191,1.0671350082390798,1.05668499176092,1.02103,1.0533,78.13389000875836,0.0020678602030868615,EURUSD_merged,-33.42679569064041
2025-03-04 18:00:00,2025-03-05 02:00:00,-1.1,60.0,0.8535913812808287,12194.162589726126,-1,1.06191,1.0671350082390798,1.055639990113104,1.02103,1.0533,77.31787645899898,0.0020678602030868615,EURUSD_merged,-66.85359138128082
2025-03-04 18:00:00,2025-03-05 03:00:00,-1.1,15.0,0.1839636597587993,2628.0522822685616,-1,1.06191,1.0679710095573327,1.0546367885312005,1.02103,1.0533,73.46667041032683,0.0020678602030868615,EURUSD_merged,-16.6839636597588
2025-03-05 06:00:00,2025-03-05 09:00:00,-1.1,30.0,0.36427708443403556,5203.9583490576515,-1,1.0697,1.0758666519690365,1.0623000176371564,1.02103,1.0533,70.90725987679247,0.0022779490898802565,EURUSD_merged,-33.364277084434036
2025-03-05 06:00:00,2025-03-05 09:00:00,-1.1,30.0,0.3934192511887584,5620.275016982264,-1,1.0697,1.0754098629342932,1.063990137065707,1.02103,1.0533,70.71781483090439,0.0022779490898802565,EURUSD_merged,-33.39341925118876
2025-03-18 05:00:00,2025-03-18 10:00:00,1.2,30.0,0.4624686408170797,6606.694868815425,-1,87.252,87.64819810691655,86.77656227170013,83.144,87.399,68.19402649201491,0.1637307254261496,NZDJPY_merged,35.53753135918292
2025-03-17 15:00:00,2025-03-19 02:00:00,1.5,15.0,0.3236518113354246,4623.5973047917805,-1,0.58221,0.5840988215007282,0.5793767677489076,0.55847,0.57719,76.06779273500254,0.000808281972343726,NZDUSD_merged,22.176348188664576
2025-03-17 17:00:00,2025-03-19 02:00:00,1.2,15.0,0.29977642295794904,4282.520327970701,-1,0.58159,0.5836270831500837,0.5791455002198996,0.55847,0.57719,79.59940169563458,0.0008309165986025329,NZDUSD_merged,17.700223577042053
2025-03-17 17:00:00,2025-03-19 02:00:00,1.1,15.0,0.24981368579829086,3568.766939975584,-1,0.58159,0.5840344997801005,0.5789010502418895,0.55847,0.57719,75.4447217700826,0.0008309165986025329,NZDUSD_merged,16.25018631420171
2025-03-17 21:00:00,2025-03-19 02:00:00,1.2,15.0,0.2775235758406272,3964.6225120089603,-1,0.58228,0.584483034456255,0.579636358652494,0.55847,0.57719,71.69998034643378,0.0007684553043702994,NZDUSD_merged,17.72247642415937
2025-03-18 08:00:00,2025-03-19 02:00:00,1.0,30.0,0.5140274571587631,7343.24938798233,-1,163.506,164.17398493974991,162.8380150602501,154.792,161.184,55.687027040221224,0.28146583476425624,EURJPY_merged,29.485972542841235
2025-03-17 17:00:00,2025-03-19 02:00:00,1.0,15.0,0.29977642295794904,4282.520327970701,-1,0.58159,0.5836270831500837,0.5795529168499164,0.55847,0.57719,80.28596302316281,0.0008309165986025329,NZDUSD_merged,14.70022357704205
2025-03-17 17:00:00,2025-03-19 02:00:00,1.2,15.0,0.277570761998101,3965.2965999728713,-1,0.58159,0.5837900498020905,0.5789499402374916,0.55847,0.57719,77.13296704428747,0.0008309165986025329,NZDUSD_merged,17.722429238001897
2025-03-17 17:00:00,2025-03-19 02:00:00,1.2,15.0,0.31226710724786355,4460.95867496948,-1,0.58159,0.5835455998240804,0.5792432802111036,0.55847,0.57719,75.4447217700826,0.0008309165986025329,NZDUSD_merged,17.687732892752138
2025-03-17 17:00:00,2025-03-19 03:00:00,1.2,15.0,0.2584279508258181,3691.827868940259,-1,0.58159,0.5839530164540971,0.5787543802550835,0.55847,0.57719,75.4447217700826,0.0008309165986025329,NZDUSD_merged,17.74157204917418
2025-03-18 18:00:00,2025-03-19 06:00:00,1.2,30.0,0.7688561655270291,10983.659507528988,1,0.87672,0.8743253882604454,0.8795935340874657,0.89649,0.91964,28.603945683705938,0.0009237129318345962,USDCHF_merged,35.231143834472974
2025-03-19 05:00:00,2025-03-20 02:00:00,-1.1,30.0,0.5057125932968642,7224.465618526633,1,0.55612,0.5538106804072517,0.5588911835112979,0.55768,0.57621,34.40279707115187,0.0009077472773065208,AUDCHF_merged,-33.50571259329686
2025-03-31 11:00:00,2025-04-01 00:00:00,1.0,30.0,0.5646720739662274,8066.74391380325,-1,2.07182,2.0795250419182945,2.064114958081706,1.96372,2.01481,57.433673507752275,0.0032133012839379426,GBPAUD_merged,29.43532792603377
2025-04-03 05:00:00,2025-04-03 06:00:00,-1.1,15.0,0.2336244358365099,3337.4919405215705,-1,1.73744,1.7452487379578594,1.7257268930632113,1.63567,1.74181,63.2871675802685,0.003940485480434638,EURAUD_merged,-16.73362443583651
2025-04-04 02:00:00,2025-04-04 03:00:00,-1.1,14.999999999999998,0.1849776058649421,2642.5372266420304,1,1.11889,1.1125387744313342,1.1265114706823989,1.12848,1.14689,26.408671669280398,0.0024057124971601927,GBPCHF_merged,-16.68497760586494
2025-04-04 02:00:00,2025-04-04 03:00:00,-1.1,15.0,0.2497197679176719,3567.4252559667416,1,1.11889,1.114185388467655,1.1245355338388139,1.12848,1.15018,25.281311251767104,0.0024057124971601927,GBPCHF_merged,-16.74971976791767
2025-04-04 02:00:00,2025-04-04 03:00:00,-1.1,15.000000000000002,0.1920921291674399,2744.17327382057,1,1.11889,1.1127740050079513,1.1280639924880727,1.12848,1.15018,26.959600787784936,0.0024057124971601927,GBPCHF_merged,-16.692092129167442
2025-04-04 02:00:00,2025-04-04 03:00:00,-1.1,14.999999999999998,0.22701797083424713,3243.1138690606736,1,1.11889,1.1137149273144205,1.1261351017598114,1.12848,1.15018,26.408671669280398,0.0024057124971601927,GBPCHF_merged,-16.727017970834247
2025-04-04 02:00:00,2025-04-04 06:00:00,-1.1,15.0,0.20460128808613265,2922.8755440876093,1,0.88025,0.8757326164163204,0.8870260753755194,0.89513,0.91297,28.67244293839875,0.0021694995209941056,AUDCAD_merged,-16.70460128808613
2025-04-08 22:00:00,2025-04-09 09:00:00,1.5,15.0,0.15541497260628453,2220.2138943754935,-1,2.31717,2.3328250457089075,2.2936874314366387,2.22681,2.27507,63.33596473560284,0.007876985507707084,GBPNZD_merged,22.344585027393716
2025-04-09 03:00:00,2025-04-09 13:00:00,1.5,30.0,0.27527833716183125,3932.5476737404465,-1,1.99325,2.008455791502363,1.9704413127464555,1.86962,1.91667,53.90107587269861,0.008365546054668558,EURNZD_merged,44.72472166283817
2025-04-10 16:00:00,2025-04-10 20:00:00,-1.1,15.0,0.19589762970523403,2798.537567217629,-1,1.1205,1.1265058153933272,1.112091858449342,1.07328,1.09545,72.41357648116967,0.003903600005393004,EURUSD_merged,-16.695897629705232
2025-04-11 02:00:00,2025-04-11 03:00:00,-1.1,30.0,0.4280373923502416,6114.8198907177375,-1,1.30025,1.3066291739899343,1.2906812390150983,1.25589,1.30144,66.50119032460186,0.0032167593524695406,GBPUSD_merged,-33.42803739235024
2025-04-11 02:00:00,2025-04-11 04:00:00,-1.1,60.0,0.8104956779518506,11578.509685026438,-1,0.86748,0.8719752935581434,0.860737059662785,0.83152,0.84491,60.43378006042672,0.0022492434377094227,EURGBP_merged,-66.81049567795185
2025-04-11 11:00:00,2025-04-14 02:00:00,-1.1,30.0,0.3106518063093829,4437.882947276898,-1,1.30581,1.3146372494938239,1.292569125759264,1.25589,1.30144,57.76543897023065,0.004289080122132567,GBPUSD_merged,-33.31065180630938
2025-04-21 03:00:00,2025-04-21 04:00:00,-1.1,15.000000000000002,0.40972459646332904,5853.208520904701,-1,1.33814,1.3415692473825789,1.3347107526174213,1.27079,1.30144,79.2945966741812,0.0018614362847687027,GBPUSD_merged,-16.90972459646333
2025-04-21 03:00:00,2025-04-21 05:00:00,-1.1,15.0,0.3724769058757536,5321.0986553679095,-1,1.33814,1.3419121721208367,1.3324817418187451,1.27079,1.32073,73.98814195572498,0.0018614362847687027,GBPUSD_merged,-16.872476905875754
2025-04-21 07:00:00,2025-04-22 08:00:00,1.5,15.0,0.29330979297866105,4190.139899695158,-1,0.64239,0.6446896487541385,0.6389405268687922,0.61867,0.63905,64.2509186987057,0.0011434083501357297,AUDUSD_merged,22.20669020702134
2025-04-21 10:00:00,2025-04-22 12:00:00,1.5,30.0,0.46226488592158815,6603.784084594117,-1,1.15188,1.1571128179657806,1.144030773051329,1.07328,1.09545,58.445206740598856,0.0026795226269695624,EURUSD_merged,44.53773511407841
2025-04-21 10:00:00,2025-04-22 15:00:00,1.5,30.0,0.48522503116714977,6931.786159530711,-1,0.6007,0.6032997628295591,0.5968003557556614,0.55847,0.58308,63.16249855911737,0.0012684613137238546,NZDUSD_merged,44.51477496883285
2025-04-21 03:00:00,2025-04-22 17:00:00,1.5,14.999999999999998,0.2731497309755526,3902.1390139364667,-1,1.33814,1.3432838710738682,1.330424193389198,1.25589,1.30144,76.97851642797053,0.0018614362847687027,GBPUSD_merged,22.226850269024442
2025-04-29 00:00:00,2025-04-30 05:00:00,1.5,60.0,1.6147187475954856,23067.41067993551,-1,1.34125,1.344738688050714,1.3360169679239293,1.27079,1.30144,56.97767601248518,0.0017711765949742792,GBPUSD_merged,88.38528125240451
2025-05-02 02:00:00,2025-05-02 09:00:00,1.5,60.0,1.4868769223741003,21241.098891058577,-1,164.265,164.7290014177491,163.56899787337633,158.122,164.171,66.92324844965681,0.2368578010977969,EURJPY_merged,88.5131230776259
2025-05-02 07:00:00,2025-05-02 09:00:00,-1.1,90.00000000000001,1.412727111603513,20181.815880050184,-1,0.6429,0.6457669868134709,0.6385995197797938,0.59132,0.63905,62.2452337328975,0.001403958163397163,AUDUSD_merged,-100.41272711160354
2025-05-02 13:00:00,2025-05-05 01:00:00,-1.1,60.0,0.8033264538247985,11476.092197497122,-1,0.64484,0.6482113915271993,0.639782912709201,0.59132,0.63905,61.0038055137604,0.001630288923342538,AUDUSD_merged,-66.8033264538248
2025-05-01 16:00:00,2025-05-05 04:00:00,1.5,60.0,0.8816594682310918,12595.135260444169,-1,164.306,165.08871172132314,163.1319324180153,158.122,164.171,69.78247944034906,0.2573393423143054,EURJPY_merged,89.11834053176891
2025-05-05 05:00:00,2025-05-06 18:00:00,-1.1,59.99999999999999,0.8588016148467034,12268.594497810049,-1,0.64776,0.6509278934377477,0.6430081598433784,0.59132,0.63905,66.7822354813903,0.001570807667525715,AUDUSD_merged,-66.8588016148467
2025-05-12 05:00:00,2025-05-12 05:00:00,-1.1,15.0,0.4184062420266554,5977.23202895222,-1,1.1103,1.1130863231541506,1.1063991475841892,1.06101,1.10862,71.90675342570917,0.0020305810001884565,GBPCHF_merged,-16.918406242026656
2025-05-12 05:00:00,2025-05-12 05:00:00,-1.1,15.0,0.2852769831999923,4075.3854742856042,-1,1.1103,1.1143866072927542,1.1041700890608688,1.06101,1.10862,68.21740112081652,0.0020305810001884565,GBPCHF_merged,-16.785276983199992
2025-05-12 08:00:00,2025-05-14 09:00:00,1.5,60.0,0.5401507272580333,7716.438960829048,-1,105.806,106.6287059181348,104.5719411227978,101.252,105.858,66.79603657545094,0.273575641327437,CADJPY_merged,89.45984927274196
2025-05-23 16:00:00,2025-05-26 02:00:00,-1.1,15.000000000000002,0.40526651482825876,5789.521640403697,1,1.37246,1.3689041103637425,1.376727067563509,1.37499,1.44146,27.169923704262555,0.0017309487596909806,USDCAD_merged,-16.905266514828263
2025-05-26 00:00:00,2025-05-26 17:00:00,1.0,15.0,0.27296708725681734,3899.529817954534,-1,0.60214,0.6044562023171136,0.5998237976828864,0.58462,0.60223,78.64812922284365,0.0011510939329456122,NZDUSD_merged,14.727032912743182
2025-05-25 23:00:00,2025-05-27 11:00:00,1.5,15.0,0.3367609260365979,4810.870371951399,-1,1.35815,1.3623846287521642,1.3517980568717538,1.31394,1.34438,70.05842507613652,0.0018416290187705864,GBPUSD_merged,22.163239073963403
2025-06-06 13:00:00,2025-06-09 05:00:00,1.0,15.0,0.4769128839113766,6813.041198733952,-1,176.088,176.47568589869834,175.70031410130164,173.088,176.172,67.75349693027223,0.21790406231421922,CHFJPY_merged,14.523087116088623
2025-06-12 08:00:00,2025-06-12 08:00:00,-1.1,15.0,0.30955827587716483,4422.261083959498,-1,1.15894,1.1628710433441065,1.153436539318251,1.12103,1.15729,77.97921687293537,0.002229758025315194,EURUSD_merged,-16.809558275877166
2025-06-12 08:00:00,2025-06-12 16:00:00,-1.1,14.999999999999998,0.33360363182733,4765.766168961857,1,0.81261,0.8100523524848147,0.8161907065212596,0.81852,0.8476,23.044576994656186,0.0015272784800559806,USDCHF_merged,-16.83360363182733
2025-06-13 01:00:00,2025-06-13 03:00:00,1.0,60.0,1.0502248010091695,15003.211442988137,1,1.09569,1.0913081781314078,1.1000718218685923,1.10385,1.12057,33.894928349213465,0.0020580416977824764,GBPCHF_merged,58.94977519899083
2025-06-13 00:00:00,2025-06-13 04:00:00,1.0,15.0,0.24807148060636694,3543.878294376671,1,0.80908,0.8056554467304203,0.8125045532695797,0.81565,0.83473,36.14352983558832,0.0015411426137836369,USDCHF_merged,14.751928519393633
2025-06-13 01:00:00,2025-06-13 04:00:00,1.4,60.0,1.2160497695895645,17372.13956556521,1,1.09569,1.0919056992953067,1.1009880209865708,1.10385,1.12057,33.386855859505786,0.0020580416977824764,GBPCHF_merged,82.78395023041044
2025-06-13 00:00:00,2025-06-13 05:00:00,1.4,15.0,0.28724066175474067,4103.438025067724,1,0.80908,0.8061224312671812,0.8132205962259463,0.81565,0.8476,36.293001933535066,0.0015411426137836369,USDCHF_merged,20.71275933824526
2025-06-23 03:00:00,2025-06-23 05:00:00,-1.1,60.0,1.2203510949042504,17433.587070060723,-1,1.94004,1.9467169047317807,1.930692333375507,1.88263,1.91549,69.05705861605672,0.003481006071922918,EURNZD_merged,-67.22035109490425
2025-06-23 08:00:00,2025-06-23 10:00:00,1.0,60.0,1.4545528340023426,20779.32620003347,-1,107.091,107.40022369369174,106.78177630630825,103.001,106.247,61.30633625078528,0.18247512680641514,CADJPY_merged,58.54544716599766
2025-06-23 08:00:00,2025-06-23 10:00:00,1.4,60.0,1.1431710229876566,16331.014614109381,-1,147.591,148.13324799923635,146.83185280106915,142.112,146.285,66.22816559463583,0.2852227063936919,USDJPY_merged,82.85682897701234
2025-06-23 09:00:00,2025-06-23 21:00:00,1.4,90.0,1.8452641986964016,26360.917124234307,-1,180.143,180.75803436787086,179.28195188498077,173.088,176.172,67.60742583317943,0.3241521346737374,CHFJPY_merged,124.15473580130359
2025-06-23 08:00:00,2025-06-23 21:00:00,1.5,15.0,0.21104751953215958,3014.964564745137,-1,180.51,181.4080702565003,179.16289461524954,173.088,176.172,66.50430204192894,0.3237022988794085,CHFJPY_merged,22.28895248046784
2025-06-23 08:00:00,2025-06-24 02:00:00,1.4,60.0,1.3461071354255147,19230.10193465021,-1,169.325,169.85331233211997,168.58536273503202,161.078,165.209,64.05496417549215,0.2896263277278119,EURJPY_merged,82.65389286457449
2025-06-24 16:00:00,2025-06-25 23:00:00,-1.1,90.0,1.8522263296434343,26460.37613776335,1,0.80513,0.8023915015137073,0.8089638978808098,0.80555,0.8476,27.981794971161733,0.001376935350443808,USDCHF_merged,-100.85222632964344
2025-06-26 01:00:00,2025-06-26 03:00:00,-1.1,60.00000000000001,2.1638304048408337,30911.862926297625,-1,1.37002,1.3726792121023565,1.3673607878976435,1.31394,1.3632,69.79848455507418,0.0015596536693544523,GBPUSD_merged,-68.16383040484085
2025-06-24 16:00:00,2025-06-26 03:00:00,-1.1,60.0,1.0664333413098561,15234.76201871223,1,0.80513,0.8019591070158716,0.8083008929841284,0.80555,0.83473,29.50964504146989,0.001376935350443808,USDCHF_merged,-67.06643334130986
2025-06-26 01:00:00,2025-06-26 04:00:00,-1.1,60.0,2.4798276086024233,35426.10869432033,-1,1.87911,1.8822925849396233,1.8759274150603769,1.8278,1.86926,70.08314962845003,0.0018519581602984096,GBPCAD_merged,-68.47982760860242
2025-06-26 07:00:00,2025-06-26 12:00:00,-1.1,30.0,0.944703531340278,13495.764733432543,-1,1.3728,1.3758516240326846,1.3697483759673155,1.31394,1.3632,62.68457393064255,0.00188113917751679,GBPUSD_merged,-33.94470353134028
2025-06-26 06:00:00,2025-06-26 12:00:00,-1.1,60.0,1.497647339571919,21394.961993884557,1,0.80022,0.7979758642070165,0.803361790110177,0.81852,0.8476,30.927923846833615,0.0012305462424121896,USDCHF_merged,-67.49764733957191
2025-06-26 06:00:00,2025-06-27 13:00:00,1.4,15.0,0.4554900819482548,6507.001170689355,-1,1.37434,1.3775081414309343,1.3699046019966916,1.31394,1.35929,68.73115682639146,0.0017950729604027053,GBPUSD_merged,20.544509918051745
2025-06-26 06:00:00,2025-07-02 07:00:00,1.5,59.99999999999999,1.130871927595667,16155.313251366671,-1,1.37434,1.3794442278609498,1.3666836582085748,1.31394,1.3632,68.01455185385683,0.0017950729604027053,GBPUSD_merged,88.86912807240432
2025-07-02 17:00:00,2025-07-02 17:00:00,1.0,15.0,0.47546277482584226,6792.32535465489,-1,0.86478,0.8666897583408766,0.8628702416591234,0.83551,0.84589,62.031975058386585,0.0012231453122435437,EURGBP_merged,14.524537225174157
2025-07-02 11:00:00,2025-07-03 07:00:00,1.4,30.0,0.6512583921075286,9303.691315821838,1,1.07853,1.075052251340715,1.0833988481229988,1.09236,1.12057,30.519856167110348,0.0019212195464564906,GBPCHF_merged,41.34874160789247
2025-07-02 19:00:00,2025-07-03 09:00:00,1.0,30.0,0.8856848347370893,12652.640496244134,-1,0.86401,0.8660586079571844,0.8619613920428155,0.83551,0.84589,64.34888380085867,0.00115541611106714,EURGBP_merged,29.114315165262912
2025-07-07 03:00:00,2025-07-07 09:00:00,1.0,30.0,0.9157373214054435,13081.96173436348,-1,1.80613,1.8102718788022953,1.8019881211977047,1.74606,1.79905,65.58067015773862,0.002419513631505903,EURAUD_merged,29.084262678594555
2025-07-07 02:00:00,2025-07-07 09:00:00,1.4,30.0,0.8883254753960748,12690.363934229641,-1,1.80806,1.812334250941984,1.8020760486812224,1.74606,1.79905,67.72100408358337,0.0024363992954678972,EURAUD_merged,41.11167452460393
2025-07-11 11:00:00,2025-07-13 17:00:00,1.0,30.000000000000004,1.213647476202735,17337.8210886105,-1,0.86573,0.8672279910028637,0.8642320089971363,0.85078,0.84589,69.0088729660717,0.0008968018082869244,EURGBP_merged,28.78635252379727
2025-07-15 15:00:00,2025-07-16 08:00:00,1.0,60.0,1.8305038208390807,26150.05458341544,-1,108.523,108.77200062748356,108.27399937251643,104.845,107.341,66.42349866235189,0.14443731753304104,CADJPY_merged,58.169496179160916
2025-07-23 09:00:00,2025-07-23 19:00:00,-1.1,59.99999999999999,1.7600821912349942,25144.031303357064,-1,0.65878,0.660352015223936,0.657207984776064,0.6372,0.65947,65.64213912501782,0.0009400923492087275,AUDUSD_merged,-67.760082191235
2025-07-23 09:00:00,2025-07-23 21:00:00,-1.1,60.00000000000001,1.662299847277495,23747.140675392788,-1,0.65878,0.660444486707697,0.6564497186092244,0.6372,0.65947,66.63463587012065,0.0009400923492087275,AUDUSD_merged,-67.66229984727751
2025-07-29 04:00:00,2025-07-29 09:00:00,-1.1,90.0,2.1507430066953304,30724.90009564758,1,1.15545,1.152065432444816,1.1601883945772578,1.15566,1.18298,33.880498779719396,0.0017755405344884465,EURUSD_merged,-101.15074300669535
2025-07-29 04:00:00,2025-07-30 08:00:00,-1.1,60.0,1.2383065796124628,17690.093994463758,1,1.15545,1.151531027041366,1.1593689729586343,1.15566,1.18298,34.046904502290275,0.0017755405344884465,EURUSD_merged,-67.23830657961247
2025-07-30 17:00:00,2025-07-31 06:00:00,-1.1,30.0,1.2095687235363133,17279.553193375905,-1,1.38268,1.3850805481817607,1.380279451818239,1.35558,1.37741,67.45052761567999,0.0013897952253316141,USDCAD_merged,-34.209568723536314
2025-07-30 19:00:00,2025-08-01 08:00:00,1.4,90.0,1.7595346702544212,25136.20957506316,1,1.14227,1.1381801112801833,1.1479958442077434,1.15566,1.18298,30.93085721111613,0.0020788177953991525,EURUSD_merged,124.24046532974556
2025-07-30 19:00:00,2025-08-01 08:00:00,1.0,29.999999999999996,0.5065327081035453,7236.181544336363,1,1.14227,1.1375343393770543,1.1470056606229455,1.15566,1.18298,31.300778321698346,0.0020788177953991525,EURUSD_merged,29.49346729189645
2025-08-03 18:00:00,2025-08-03 21:00:00,1.3,15.0,0.24628976514337053,3518.425216333865,1,95.116,94.71049472071297,95.64315686307314,95.627,97.432,29.082650653865322,0.21983208852108804,AUDJPY_merged,19.25371023485663
2025-08-03 22:00:00,2025-08-04 08:00:00,-1.1,60.00000000000001,1.045696623114717,14938.5231873531,1,87.495,87.1435797200861,87.95184636388808,87.297,88.9,38.67152891350635,0.19271681106669727,NZDJPY_merged,-67.04569662311474
2025-08-03 21:00:00,2025-08-05 10:00:00,-1.1,15.0,0.2910402072609315,4157.717246584736,-1,1.95517,1.9622237625001053,1.9481162374998948,1.88263,1.94859,59.83260432106815,0.0030620780279927854,EURNZD_merged,-16.79104020726093
2025-08-13 07:00:00,2025-08-14 03:00:00,1.0,14.999999999999998,0.4953253022692172,7076.0757467031035,-1,1.61173,1.615146575919395,1.6083134240806052,1.57561,1.61222,67.00751066938915,0.00143936294882405,EURCAD_merged,14.504674697730781
2025-08-17 19:00:00,2025-08-17 21:00:00,1.0,60.0,1.9892435020523056,28417.76431503294,-1,1.97547,1.979640919242134,1.971299080757866,1.92813,1.96766,63.224446515787555,0.0017781972095572071,EURNZD_merged,58.010756497947696
2025-08-15 13:00:00,2025-08-18 03:00:00,1.0,59.99999999999999,2.163080281157793,30901.14687368276,-1,1.61618,1.6193180971197088,1.6130419028802911,1.57561,1.61222,68.14400990572526,0.0013512193340439222,EURCAD_merged,57.836919718842196
2025-08-14 16:00:00,2025-08-18 04:00:00,1.0,30.0,0.8374145821489343,11963.06545927049,-1,2.2864,2.2921336474696665,2.2806663525303335,2.22922,2.27218,66.0240451450181,0.002441255189616897,GBPNZD_merged,29.162585417851066
2025-08-20 07:00:00,2025-08-20 10:00:00,-1.1,15.0,0.2668586271023913,3812.266101462733,1,85.914,85.5759569658305,86.35345594442036,86.642,89.063,26.767037641187635,0.18095870810331435,NZDJPY_merged,-16.76685862710239
2025-08-20 07:00:00,2025-08-20 10:00:00,-1.1,14.999999999999998,0.2528134362022654,3611.62051717522,1,85.914,85.55717679726553,86.34218784328137,86.642,89.063,26.767037641187635,0.18095870810331435,NZDJPY_merged,-16.752813436202267
2025-08-20 14:00:00,2025-08-21 07:00:00,1.2,15.0,0.26357618348669676,3765.374049809954,1,85.751,85.40939648784298,86.16092421458843,86.642,89.063,29.184339675139093,0.17409194203162823,NZDJPY_merged,17.7364238165133
2025-08-20 14:00:00,2025-08-21 07:00:00,1.2,15.0,0.26357618348669676,3765.374049809954,1,85.751,85.40939648784298,86.16092421458843,86.642,89.063,29.754716922048193,0.17409194203162823,NZDJPY_merged,17.7364238165133
2025-08-20 14:00:00,2025-08-21 07:00:00,1.3,15.0,0.27821930479151324,3974.5614970216184,1,85.751,85.42737562006177,86.1717116939197,86.642,89.063,29.754716922048193,0.17409194203162823,NZDJPY_merged,19.221780695208487
2025-08-20 00:00:00,2025-08-21 09:00:00,-1.1,90.0,3.8956096799184614,55651.56685597803,-1,1.3874,1.3896437104120203,1.3851562895879796,1.3575,1.38787,64.59318516114215,0.0009437029613746371,USDCAD_merged,-102.89560967991848
2025-08-20 19:00:00,2025-08-21 10:00:00,1.0,15.0,0.25737515625206336,3676.7879464580487,1,0.46812,0.4662102352536364,0.47002976474636354,0.4723,0.49839,31.46169770543683,0.0008923109422695955,NZDCHF_merged,14.742624843747937
2025-08-20 19:00:00,2025-08-21 10:00:00,1.2,15.000000000000002,0.28446727796280696,4063.818256611529,1,0.46812,0.466392117610433,0.47019345886748043,0.4723,0.49839,31.46169770543683,0.0008923109422695955,NZDCHF_merged,17.715532722037192
2025-08-20 13:00:00,2025-08-21 10:00:00,1.1,14.999999999999998,0.3083889277843864,4405.556111205521,1,0.51727,0.5155088035008192,0.519207316149099,0.51723,0.52604,28.005114992999843,0.000818760356780652,AUDCHF_merged,16.191611072215615
2025-08-20 19:00:00,2025-08-21 10:00:00,1.1,30.0,0.5147503125041267,7353.5758929160975,1,0.46812,0.4662102352536364,0.4702207412209999,0.4723,0.49839,31.4500694426587,0.0008923109422695955,NZDCHF_merged,32.48524968749587
2025-08-20 13:00:00,2025-08-21 10:00:00,1.3,15.0,0.35978708241511753,5139.815463073108,1,0.51727,0.5157604030007021,0.5192324760990873,0.51795,0.52949,26.765106859317694,0.000818760356780652,AUDCHF_merged,19.140212917584883
2025-08-20 09:00:00,2025-08-21 11:00:00,-1.1,60.00000000000001,0.9578620610982881,13683.743729975546,1,0.58362,0.5810609634752739,0.5864349401771988,0.58562,0.6059,29.425532486192644,0.0012529753340625904,NZDUSD_merged,-66.9578620610983
2025-08-20 19:00:00,2025-08-21 11:00:00,1.3,30.0,0.6005420312548146,8579.171875068781,1,0.46812,0.46648305878883123,0.47024802357451934,0.47261,0.48252,31.56547241734782,0.0008923109422695955,NZDCHF_merged,38.39945796874518
2025-08-20 07:00:00,2025-08-21 18:00:00,1.1,15.0,0.22873596608776392,3267.656658396628,1,85.914,85.51961646013558,86.34782189385086,86.642,89.063,26.767037641187635,0.18095870810331435,NZDJPY_merged,16.271264033912235
2025-08-20 11:00:00,2025-08-21 20:00:00,1.1,30.0,0.46453892319694035,6636.270331384862,1,0.46844,0.4663223647473283,0.4707693987779389,0.4723,0.49839,22.45356980929869,0.0010227979008412386,NZDCHF_merged,32.53546107680306
2025-08-20 11:00:00,2025-08-21 21:00:00,1.4,15.0,0.28692109962163964,4098.872851737709,1,0.46844,0.4667257238430753,0.4708399866196946,0.4723,0.49839,19.98577759975969,0.0010227979008412386,NZDCHF_merged,20.71307890037836
2025-08-20 05:00:00,2025-08-22 00:00:00,-1.1,15.0,0.2833998902654978,4048.5698609356828,1,0.58291,0.5807503114432169,0.5859335639794965,0.58562,0.6059,25.21110784620715,0.0012389475310160142,NZDUSD_merged,-16.783399890265496
2025-08-20 06:00:00,2025-08-22 00:00:00,-1.1,15.000000000000002,0.2600689973053414,3715.271390076306,1,0.58305,0.5806959996910696,0.5858748003707165,0.58562,0.6059,24.218846353252232,0.0011975941359434414,NZDUSD_merged,-16.760068997305346
2025-08-20 05:00:00,2025-08-22 00:00:00,-1.1,30.0,0.535310903834829,7647.298626211844,1,0.58291,0.5806232709398766,0.5858827477781604,0.58562,0.6059,26.32648097888348,0.0012389475310160142,NZDUSD_merged,-33.53531090383483
2025-08-20 05:00:00,2025-08-22 01:00:00,-1.1,15.0,0.2294189587863553,3277.413696947933,1,0.58291,0.5802421494298561,0.585577850570144,0.58562,0.6059,26.903908629365354,0.0012389475310160142,NZDUSD_merged,-16.729418958786354
2025-08-20 05:00:00,2025-08-22 01:00:00,-1.1,15.0,0.25356832286912956,3622.404612416137,1,0.58291,0.5804962304365365,0.5858065234761562,0.58562,0.6059,26.903908629365354,0.0012389475310160142,NZDUSD_merged,-16.75356832286913
2025-08-20 05:00:00,2025-08-22 01:00:00,-1.1,15.0,0.2294189587863553,3277.413696947933,1,0.58291,0.5802421494298561,0.5858446356271584,0.58562,0.6059,27.47741685504665,0.0012389475310160142,NZDUSD_merged,-16.729418958786354
2025-09-02 05:00:00,2025-09-07 17:00:00,-1.3929518175454019,60.0,1.526215462427458,21803.078034677972,-1,172.846,173.32165577591866,172.37034422408135,169.719,173.016,61.8097662549843,0.2038206548739955,EURJPY_merged,-85.10332451515157
2025-09-05 11:00:00,2025-09-08 21:00:00,-1.1,30.0,0.6085456426602178,8693.509180860256,-1,1.17363,1.1776800216043386,1.1695799783956613,1.13915,1.17425,69.49219277402918,0.0018108161756646617,EURUSD_merged,-33.60854564266022
2025-09-11 22:00:00,2025-09-12 11:00:00,1.2,59.99999999999999,2.0294171900475266,28991.6741435361,1,1.76142,1.7577746361801405,1.7657944365838312,1.76732,1.81569,30.92857842319076,0.00192871164128467,EURAUD_merged,69.97058280995246
2025-09-11 22:00:00,2025-09-12 11:00:00,1.2,59.99999999999999,2.0294171900475266,28991.6741435361,1,1.76142,1.7577746361801405,1.7657944365838312,1.76732,1.81569,31.463678008572995,0.00192871164128467,EURAUD_merged,69.97058280995246
2025-09-11 22:00:00,2025-09-12 11:00:00,1.1,30.0,0.9180696812119764,13115.281160171093,1,1.76142,1.757390913672787,1.7658519949599343,1.76732,1.81569,31.463678008572995,0.00192871164128467,EURAUD_merged,32.081930318788025
2025-09-11 22:00:00,2025-09-12 11:00:00,1.3,60.00000000000001,2.1421625894946117,30602.322707065883,1,1.76142,1.7579664974338174,1.7659095533360374,1.76732,1.81569,31.463678008572995,0.00192871164128467,EURAUD_merged,75.8578374105054
2025-09-16 21:00:00,2025-09-17 14:00:00,-1.1,30.0,0.871068051076897,12443.829301098529,1,0.78662,0.7847235901868312,0.7885164098131687,0.79106,0.8171,28.847299190079703,0.0008792628425576207,USDCHF_merged,-33.8710680510769
2025-09-16 21:00:00,2025-09-17 14:00:00,-1.1,60.00000000000001,2.1520504791311574,30743.578273302253,1,0.78662,0.7850848111036253,0.7887692644549246,0.79106,0.8171,28.60405214536107,0.0008792628425576207,USDCHF_merged,-68.15205047913118
2025-09-16 21:00:00,2025-09-17 14:00:00,-1.1,60.0,1.9255188497489302,27507.412139270433,1,0.78662,0.7849042006452283,0.7886789592257261,0.79106,0.8171,28.847299190079703,0.0008792628425576207,USDCHF_merged,-67.92551884974893
2025-09-16 21:00:00,2025-09-17 14:00:00,-1.1,60.0,2.0324921191794263,29035.601702563235,1,0.78662,0.7849945058744268,0.7887331423632452,0.79106,0.8171,28.847299190079703,0.0008792628425576207,USDCHF_merged,-68.03249211917942
2025-09-25 17:00:00,2025-09-26 09:00:00,1.3,30.0,0.9111329979382321,13016.185684831888,1,1.33412,1.3310450899634414,1.3381173830475261,1.33331,1.35945,24.652218461094716,0.0016791202569548412,GBPUSD_merged,38.08886700206177
2025-09-25 19:00:00,2025-09-26 09:00:00,1.2,59.99999999999999,1.8065003250776048,25807.147501108644,1,1.33433,1.331227766403801,1.3380526803154387,1.33331,1.35945,25.93873013777286,0.0015997006297212802,GBPUSD_merged,70.19349967492238
2025-09-25 21:00:00,2025-09-26 09:00:00,1.2,60.00000000000001,1.8431730487649838,26331.043553785486,1,1.33447,1.3314291710318489,1.3381189947617813,1.33331,1.35945,30.46320267253711,0.0015482622776678567,GBPUSD_merged,70.15682695123502
2025-09-25 17:00:00,2025-09-26 09:00:00,1.1,30.000000000000004,0.7809711410899132,11156.730586998761,1,1.33412,1.3305326049573483,1.338066134546917,1.33331,1.35945,26.00155914693298,0.0016791202569548412,GBPUSD_merged,32.21902885891009
2025-09-25 19:00:00,2025-09-26 09:00:00,1.1,30.0,0.8172263375351071,11674.661964787245,1,1.33433,1.3309012154989381,1.3381016629511682,1.33331,1.35945,27.34235359417475,0.0015997006297212802,GBPUSD_merged,32.182773662464896
2025-09-25 21:00:00,2025-09-26 09:00:00,1.3,60.00000000000001,1.9455715514741496,27793.879306773568,1,1.33447,1.3315892146617516,1.338215020939723,1.33331,1.35945,30.46320267253711,0.0015482622776678567,GBPUSD_merged,76.05442844852587
2025-09-25 17:00:00,2025-09-26 09:00:00,1.2,29.999999999999996,0.8631786296256935,12331.12328036705,1,1.33412,1.330874261628077,1.3380148860463075,1.33331,1.35945,25.342132968790384,0.0016791202569548412,GBPUSD_merged,35.1368213703743
2025-09-25 17:00:00,2025-09-26 09:00:00,1.4,30.000000000000004,0.964729056640481,13781.843666292587,1,1.33412,1.3312159182988057,1.338185714381672,1.33331,1.35945,23.188972553961317,0.0016791202569548412,GBPUSD_merged,41.03527094335952
2025-09-25 17:00:00,2025-09-26 09:00:00,1.0,30.000000000000004,0.7809711410899132,11156.730586998761,1,1.33412,1.3305326049573483,1.3377073950426517,1.33331,1.35945,25.342132968790384,0.0016791202569548412,GBPUSD_merged,29.21902885891009
2025-10-06 09:00:00,2025-10-06 14:00:00,-1.1,15.0,0.22582177061827263,3226.0252945467523,-1,99.002,99.46232807074088,98.31150789388867,94.399,98.422,71.25034228565397,0.20327530806309002,AUDJPY_merged,-16.72582177061827
2025-10-06 09:00:00,2025-10-06 14:00:00,-1.1,15.0,0.22582177061827263,3226.0252945467523,-1,99.002,99.46232807074088,98.31150789388867,94.399,98.422,70.8469159442862,0.20327530806309002,AUDJPY_merged,-16.72582177061827
2025-10-06 09:00:00,2025-10-06 20:00:00,-1.1,15.0,0.23660852250890516,3380.1217501272167,-1,149.782,150.446689075154,148.8514352947844,145.481,149.136,65.70281024842626,0.31741013527218015,USDJPY_merged,-16.736608522508906
2025-10-06 07:00:00,2025-10-06 20:00:00,-1.1,15.0,0.22410793472322846,3201.5419246175497,-1,99.109,99.57334968993185,98.55178037208177,94.399,98.422,76.778718655003,0.19023053479506347,AUDJPY_merged,-16.72410793472323
2025-10-06 07:00:00,2025-10-06 20:00:00,-1.1,15.0,0.19920705308731415,2845.815044104488,-1,99.109,99.63139340117334,98.32540989823998,94.399,98.422,76.0435809520896,0.19023053479506347,AUDJPY_merged,-16.699207053087314
2025-10-06 09:00:00,2025-10-06 20:00:00,-1.1,15.0,0.19875115890748035,2839.3022701068626,-1,149.782,150.5732965180405,148.83244417835144,145.481,149.136,65.9733546772962,0.31741013527218015,USDJPY_merged,-16.69875115890748
2025-10-06 07:00:00,2025-10-06 20:00:00,-1.1,15.0,0.18546863563301663,2649.5519376145235,-1,99.109,99.67008920866766,98.2673661869985,94.399,98.422,75.50629306866058,0.19023053479506347,AUDJPY_merged,-16.685468635633015
2025-10-06 10:00:00,2025-10-07 04:00:00,-1.1,15.0,0.19076350280638388,2725.1928972340556,-1,149.934,150.75926635170765,148.77862710760925,145.481,149.136,66.13287129346972,0.31702369703845384,USDJPY_merged,-16.690763502806384
2025-10-06 07:00:00,2025-10-07 10:00:00,-1.1,15.0,0.1960598209572955,2800.8545851042213,-1,107.688,108.26472397867093,106.93825882772781,105.976,107.623,77.45262948538095,0.19947478884494813,CADJPY_merged,-16.696059820957295
2025-10-06 07:00:00,2025-10-07 12:00:00,-1.1,15.0,0.17928634777858274,2561.2335396940393,-1,99.109,99.68943711241482,98.47051917634369,94.399,98.422,73.63841028466413,0.19023053479506347,AUDJPY_merged,-16.679286347778582
2025-10-08 06:00:00,2025-10-08 14:00:00,1.2,60.0,1.0844718521316412,15492.455030452018,-1,2.32607,2.3350785270362686,2.315259767556478,2.26882,2.32141,54.27536576282099,0.0037518705795086395,GBPNZD_merged,70.91552814786836
2025-10-08 05:00:00,2025-10-08 20:00:00,1.2,14.999999999999998,0.25067685557427594,3581.0979367753707,1,0.80324,0.7998755011192882,0.8072773986568541,0.80403,0.82706,32.713114036385086,0.0014160263526563546,NZDCAD_merged,17.74932314442572
2025-10-08 04:00:00,2025-10-08 20:00:00,1.4,15.0,0.21909328534473968,3129.9040763534244,1,0.57506,0.5723040369450396,0.5789183482769445,0.57995,0.6007,31.335144552255084,0.0011014153767715704,NZDUSD_merged,20.78090671465526
2025-10-08 06:00:00,2025-10-08 21:00:00,1.4,60.0,1.001050940429207,14300.727720417244,-1,2.32607,2.335829237622624,2.3124070673283263,2.26882,2.32141,55.81067822709607,0.0037518705795086395,GBPNZD_merged,82.99894905957079
2025-10-08 05:00:00,2025-10-08 21:00:00,1.5,15.0,0.26157584929489663,3736.7978470699522,1,0.80324,0.8000156885726512,0.8080764671410231,0.80403,0.82706,32.43432968071252,0.0014160263526563546,NZDCAD_merged,22.238424150705104
2025-10-08 06:00:00,2025-10-08 21:00:00,1.5,60.0,1.131622802224321,16166.040031776016,-1,2.32607,2.3347031717430906,2.3131202423853643,2.26882,2.32141,55.194616990267754,0.0037518705795086395,GBPNZD_merged,88.86837719777567
2025-10-08 06:00:00,2025-10-08 21:00:00,1.5,15.0,0.2829057005560803,4041.510007944004,-1,2.32607,2.3347031717430906,2.3131202423853643,2.26882,2.32141,56.46561394279403,0.0037518705795086395,GBPNZD_merged,22.217094299443918
2025-10-08 05:00:00,2025-10-09 00:00:00,1.4,60.0,1.0129560250116796,14470.80035730971,-1,2.01726,2.0256241261721133,2.0055502233590414,1.9621,2.00328,53.395686516825926,0.003250045061469029,EURNZD_merged,82.98704397498832
2025-10-08 06:00:00,2025-10-09 00:00:00,1.5,15.0,0.24099374491814246,3442.7677845448925,-1,2.32607,2.336204592915802,2.310868110626297,2.26882,2.32141,55.81067822709607,0.0037518705795086395,GBPNZD_merged,22.259006255081857
2025-10-08 10:00:00,2025-10-09 00:00:00,-1.1,30.0,0.5674043935370248,8105.777050528925,-1,100.428,100.79969045992986,99.8704643101052,94.399,98.422,69.70275876771255,0.16163279438162093,AUDJPY_merged,-33.567404393537025
2025-10-08 09:00:00,2025-10-09 02:00:00,-1.1,90.0,1.5743237999364075,22490.339999091535,-1,152.505,153.11528201443616,151.7726615826766,145.481,149.136,67.09932629385231,0.256692446061615,USDJPY_merged,-100.57432379993642
2025-10-08 09:00:00,2025-10-09 02:00:00,-1.1,60.0,1.0951817738688052,15645.453912411504,-1,152.505,153.089853597168,151.627719604248,145.481,149.136,69.60907248581772,0.256692446061615,USDJPY_merged,-67.0951817738688
2025-10-08 11:00:00,2025-10-09 02:00:00,-1.1,30.0,0.5996844192691699,8566.920275273857,-1,109.327,109.70984586462959,108.75273120305562,105.976,108.03,72.39658959431638,0.16549367205542567,CADJPY_merged,-33.59968441926917
2025-10-08 19:00:00,2025-10-09 02:00:00,-1.1,60.0,1.2697380542690617,18139.115060986598,-1,109.353,109.71471444846897,108.84659977214343,105.976,108.03,67.37504209391855,0.1421837315960618,CADJPY_merged,-67.26973805426906
2025-10-08 09:00:00,2025-10-09 12:00:00,1.5,30.0,0.5696415965264342,8137.737093234775,-1,204.645,205.39942963193096,203.51335555210358,197.855,201.522,69.55075119285928,0.3287262489162241,GBPJPY_merged,44.43035840347357
2025-10-08 09:00:00,2025-10-10 00:00:00,1.2,60.0,1.1126753675276406,15895.362393252011,-1,109.417,109.83001480504697,108.92138223394363,105.94,108.03,72.23638120024835,0.16779739480984224,CADJPY_merged,70.88732463247236
2025-10-08 09:00:00,2025-10-10 02:00:00,1.5,90.0,1.7415788361302202,24879.697659003148,-1,109.417,109.81280585483668,108.82329121774498,105.976,108.03,72.8627390632892,0.16779739480984224,CADJPY_merged,133.25842116386977
2025-10-08 09:00:00,2025-10-10 02:00:00,1.5,60.0,0.9890447711356806,14129.21101622401,-1,109.417,109.88164165567785,108.72003751648323,105.94,108.03,73.2690462078824,0.16779739480984224,CADJPY_merged,89.01095522886432
2025-10-08 09:00:00,2025-10-10 02:00:00,1.3,15.0,0.23843043589878013,3406.149084268288,-1,109.417,109.89885060588814,108.79059421234543,105.976,107.623,72.23638120024835,0.16779739480984224,CADJPY_merged,19.26156956410122
2025-10-09 10:00:00,2025-10-10 10:00:00,1.3,59.99999999999999,1.1268919394919612,16098.45627845659,1,1.76186,1.7552934324874698,1.7703965377662891,1.75909,1.79311,49.665512130072976,0.0024648310628288686,EURAUD_merged,76.87310806050805
2025-10-09 10:00:00,2025-10-10 11:00:00,1.5,15.0,0.2720083991877147,3885.8342741102106,1,1.76186,1.755058912219165,1.772061631671252,1.75909,1.79311,47.971867383482376,0.0024648310628288686,EURAUD_merged,22.227991600812285
2025-10-09 16:00:00,2025-10-10 11:00:00,1.1,15.0,0.25855678399011245,3693.668342715893,1,1.15593,1.151235764245403,1.1610936593300567,1.16454,1.19186,35.54210625338831,0.0015115491621371707,EURUSD_merged,16.241443216009888
2025-10-09 16:00:00,2025-10-10 11:00:00,1.5,60.0,1.1491412621782775,16416.303745403966,1,1.15593,1.1517051878208626,1.162267218268706,1.1574,1.19186,34.41801315919587,0.0015115491621371707,EURUSD_merged,88.85085873782172
2025-10-09 19:00:00,2025-10-10 11:00:00,1.3,90.0,1.8550527255945655,26500.753222779513,1,1.15645,1.1525225455942687,1.1615556907274505,1.16454,1.19186,34.941225687235985,0.0013710435529210576,EURUSD_merged,115.14494727440544
2025-10-08 07:00:00,2025-10-10 16:00:00,-1.1,15.0,0.20488264730367878,2926.894961481126,1,0.80508,0.8009540576074896,0.8112689135887656,0.8005,0.82706,40.39143041975983,0.0013782574163210737,NZDCAD_merged,-16.70488264730368
2025-10-14 06:00:00,2025-10-14 10:00:00,1.2,60.0,2.687535104597286,38393.35863710409,-1,1.40686,1.4090585990024438,1.4042216811970676,1.37261,1.39242,78.5936869078828,0.00092921985213596,USDCAD_merged,69.31246489540271
2025-10-14 06:00:00,2025-10-14 10:00:00,1.5,90.0,4.206576685456621,60093.952649380306,-1,1.40686,1.4089669907106752,1.4036995139339872,1.37261,1.38911,77.05965731356459,0.00092921985213596,USDCAD_merged,130.7934233145434
2025-10-14 08:00:00,2025-10-14 12:00:00,1.1,30.0,0.36205251006382544,5172.178715197507,1,0.64541,0.641666451861745,0.6495279029520806,0.652,0.66286,32.55039877210191,0.0012472887094598965,AUDUSD_merged,32.637947489936174
2025-10-14 08:00:00,2025-10-14 22:00:00,1.5,60.00000000000001,0.8045611334751678,11493.730478216683,1,0.64541,0.6420408066755705,0.6504637899866443,0.652,0.67065,29.963360404573073,0.0012472887094598965,AUDUSD_merged,89.19543886652485
2025-10-14 10:00:00,2025-10-14 22:00:00,1.3,90.00000000000001,1.1428085941533759,16325.837059333946,1,0.64595,0.6423890493554043,0.6505792358379745,0.652,0.66286,48.461760557271525,0.001364498938258792,AUDUSD_merged,115.85719140584665
2025-10-14 08:00:00,2025-10-14 23:00:00,1.5,90.0,1.3787354635832298,19696.220908331856,1,0.90763,0.903482671414472,0.9138509928782921,0.90701,0.92263,34.25462956174497,0.001439390926400608,AUDCAD_merged,133.62126453641676
2025-10-14 10:00:00,2025-10-15 00:00:00,1.5,90.0,1.103401401251535,15762.877160736218,1,0.64595,0.6422618725466688,0.651482191179997,0.652,0.66286,46.0484414359322,0.001364498938258792,AUDUSD_merged,133.89659859874845
2025-10-09 17:00:00,2025-10-15 02:00:00,1.5,60.0,1.1079357207125036,15827.653153035768,1,1.15634,1.1519565074298022,1.1629152388552966,1.1574,1.19186,34.576752456341836,0.0014728670791273667,EURUSD_merged,88.8920642792875
2025-10-09 17:00:00,2025-10-15 11:00:00,1.5,30.0,0.46117983182896893,6588.283311842414,1,1.32954,1.3234858887676695,1.3386211668484955,1.33235,1.37261,35.4245430068466,0.0020735085226673616,GBPUSD_merged,44.53882016817103
2025-10-09 18:00:00,2025-10-15 11:00:00,1.3,60.0,0.9623326734307853,13747.60962043979,1,1.33027,1.3244641761365314,1.3378175710225093,1.33235,1.37261,33.97290970153814,0.0019911150567625525,GBPUSD_merged,77.03766732656922
2025-10-16 01:00:00,2025-10-16 06:00:00,-1.1,60.0,1.6307992898784092,23297.132712548704,-1,1.88225,1.887097592250662,1.8754633708490729,1.85369,1.88399,65.2629044704231,0.0018055686609507974,GBPCAD_merged,-67.63079928987841
2025-10-15 22:00:00,2025-10-16 09:00:00,-1.1,60.0,1.0365713825369776,14808.162607671109,-1,2.33657,2.3460373595714956,2.323315696599906,2.26882,2.32141,51.88614777964599,0.0035469141326770633,GBPNZD_merged,-67.03657138253698
2025-10-16 02:00:00,2025-10-16 12:00:00,-1.1,90.0,1.9194548872437607,27420.7841034823,1,0.56709,0.5652287074925578,0.5695096802596747,0.56926,0.57805,42.91374623867054,0.0006701225152231701,CADCHF_merged,-100.91945488724377
2025-10-16 01:00:00,2025-10-16 14:00:00,-1.1,90.0,1.832230576726615,26174.72252466593,1,0.5668,0.5648510968186222,0.5697233547720665,0.57781,0.57805,36.314919392144944,0.0006647473240864767,CADCHF_merged,-100.83223057672663
2025-10-16 02:00:00,2025-10-16 14:00:00,-1.1,90.0,1.0774030618650183,15391.472312357408,1,0.51667,0.5136488270377054,0.520597524850983,0.52017,0.53089,44.1670064499853,0.001087633890556878,AUDCHF_merged,-100.07740306186503
2025-10-16 01:00:00,2025-10-16 19:00:00,-1.1,90.0,1.0198482051442552,14569.260073489362,1,0.51625,0.513060922465133,0.5210336163023005,0.52017,0.53089,37.667931552804674,0.0010789903436766394,AUDCHF_merged,-100.01984820514427
2025-10-16 10:00:00,2025-10-17 01:00:00,-1.1,90.0,2.2119986282927493,31599.980404182133,-1,1.8851,1.8904689590256059,1.8770465614615912,1.85369,1.88399,61.62101680713616,0.002308306438909175,GBPCAD_merged,-101.21199862829276
2025-10-16 10:00:00,2025-10-17 01:00:00,-1.1,60.0,1.4132213458537008,20188.876369338584,-1,1.8851,1.8907023920267192,1.878377129567937,1.85369,1.88399,61.13495714090255,0.002308306438909175,GBPCAD_merged,-67.4132213458537
2025-10-17 02:00:00,2025-10-17 03:00:00,-1.1,90.0,3.006001110480164,42942.87300685949,1,0.92529,0.9233507701774705,0.9281988447337942,0.93007,0.93726,26.921686100746385,0.0007530785146030507,EURCHF_merged,-102.00600111048018
2025-10-17 01:00:00,2025-10-17 03:00:00,-1.1,30.0,0.5146095206088819,7351.564580126884,-1,1.80855,1.8159302657119643,1.7996936811456432,1.75909,1.79311,73.37699065382638,0.0030354599480813442,EURAUD_merged,-33.51460952060888
2025-10-17 01:00:00,2025-10-17 03:00:00,-1.1,90.0,1.61095154277563,23013.59346822329,-1,1.80855,1.8156227546406323,1.7979408680390518,1.75909,1.79311,72.5086512019184,0.0030354599480813442,EURAUD_merged,-100.61095154277564
2025-10-17 06:00:00,2025-10-17 15:00:00,1.5,59.99999999999999,0.6014783630673858,8592.548043819797,1,96.802,96.1260514955075,97.81592275673877,96.854,98.422,38.4984015818091,0.2644690623916021,AUDJPY_merged,89.3985216369326
2025-10-17 07:00:00,2025-10-19 17:00:00,1.5,30.0,0.48752278752686096,6964.6112503837285,-1,1.80444,1.8122126089876183,1.7927810865185727,1.75909,1.79311,52.66033511423136,0.0037780098397216743,EURAUD_merged,44.51247721247314
2025-10-17 07:00:00,2025-10-19 18:00:00,1.1,15.0,0.12853582832182123,1836.2261188831606,1,97.125,96.33159281282519,97.99774790589228,96.854,98.422,44.62616103846915,0.2942212722207732,AUDJPY_merged,16.371464171678177
2025-10-17 07:00:00,2025-10-19 18:00:00,1.3,90.0,0.8263017534974222,11804.31076424889,1,97.125,96.38448662530351,98.08766738710543,96.854,98.222,49.84185865361032,0.2942212722207732,AUDJPY_merged,116.17369824650258
2025-10-17 04:00:00,2025-10-20 10:00:00,-1.1,60.0,1.614486851721758,23064.097881739403,1,0.92446,0.922055067438388,0.9280673988424178,0.93007,0.93726,29.09019505179858,0.0009556646375914088,EURCHF_merged,-67.61448685172176
2025-10-17 08:00:00,2025-10-20 10:00:00,-1.1,90.0,2.0292090375391982,28988.700536274264,1,0.92483,0.9219587191747058,0.9285626650728825,0.93007,0.93726,42.47377986203756,0.0010350676206332845,EURCHF_merged,-101.02920903753922
2025-10-17 07:00:00,2025-10-21 10:00:00,1.3,90.0,1.1563836329700226,16519.766185286036,1,0.45277,0.4503033004388225,0.4559767094295308,0.45817,0.46577,46.19865906972777,0.0009716095483496808,NZDCHF_merged,115.84361636702998
2025-10-14 10:00:00,2025-10-22 01:00:00,1.4,59.99999999999999,1.9657441362471972,28082.05908924568,-1,1.40437,1.4073705705682837,1.4001692012044025,1.37261,1.39242,52.19945502221688,0.0011787752029585401,USDCAD_merged,82.03425586375279
2025-10-21 19:00:00,2025-10-22 17:00:00,-1.1671908186797173,90.0,2.8681353295158916,40973.361850227026,1,1.13048,1.1279968452036737,1.133708101235224,1.12975,1.1444,33.986926566066174,0.0008670666416388051,AUDNZD_merged,-107.91530901069045
2025-10-12 21:00:00,2025-10-24 08:00:00,1.5,90.0,1.2969571863384572,18527.959804835104,1,0.80241,0.7985122745752528,0.8082565881371208,0.8005,0.82706,43.18870640329731,0.0013358973034904957,NZDCAD_merged,133.70304281366154
2025-10-23 18:00:00,2025-10-28 03:00:00,-1.1,90.0,2.41073521768553,34439.07453836472,1,1.05954,1.056771092842121,1.0631395793052423,1.06522,1.07791,36.1640114674651,0.0009532600268475564,GBPCHF_merged,-101.41073521768554
2025-10-28 17:00:00,2025-10-28 19:00:00,-1.1,30.000000000000004,0.7050482382248554,10072.117688926506,1,2.01585,2.0098457512543275,2.023055098494807,2.02406,2.10039,24.341149387903563,0.0024066438599327144,GBPAUD_merged,-33.70504823822486
2025-10-28 17:00:00,2025-10-28 19:00:00,-1.1,30.0,0.7357025094520231,10510.035849314616,1,2.01585,2.010095928285397,2.0244811075719036,2.02406,2.10039,26.45222726227854,0.0024066438599327144,GBPAUD_merged,-33.735702509452025
2025-10-28 15:00:00,2025-10-29 02:00:00,-1.1,30.0,0.9508481031435929,13583.544330622757,-1,0.87786,0.87979880178538,0.875533437857544,0.86533,0.8751,72.48870917988602,0.0007808459288672711,EURGBP_merged,-33.95084810314359
2025-10-28 12:00:00,2025-10-29 02:00:00,-1.1,15.0,0.5008999683107798,7155.71383301114,-1,0.87793,0.8797703405037312,0.8753535232947763,0.86533,0.8751,72.89459441718694,0.0008644702907654935,EURGBP_merged,-17.00089996831078
2025-10-28 15:00:00,2025-10-29 02:00:00,-1.1,30.0,0.9921893250194014,14174.133214562878,-1,0.87786,0.8797180183776558,0.8750729724335162,0.86533,0.8751,70.13012796836325,0.0007808459288672711,EURGBP_merged,-33.9921893250194
2025-10-29 00:00:00,2025-10-29 02:00:00,-1.1,30.0,0.5900742102704427,8429.63157529204,1,2.29215,2.2839925260480474,2.3011232213471473,2.30336,2.35207,28.370867663595163,0.002827075270842427,GBPNZD_merged,-33.590074210270444
2025-10-28 14:00:00,2025-10-29 04:00:00,-1.1,90.0,2.4439372348162904,34913.38906880415,-1,0.87818,0.8804437790861335,0.8747843313707997,0.86533,0.8751,71.52222604588269,0.0008078340772416735,EURGBP_merged,-101.4439372348163
2025-10-29 05:00:00,2025-10-29 13:00:00,-1.1,30.0,0.5935491626507206,8479.27375215315,1,1.32199,1.3173127480136575,1.3271349771849767,1.32484,1.34714,33.997003175003854,0.0015091494243441078,GBPUSD_merged,-33.59354916265072
2025-10-29 10:00:00,2025-10-30 01:00:00,1.1,30.0,0.4395924125411058,6279.891607730084,1,201.101,200.14030985169015,202.15775916314084,200.675,205.32,37.08039265195301,0.32028504590542983,GBPJPY_merged,32.5604075874589
2025-10-29 07:00:00,2025-10-31 00:00:00,1.1,29.999999999999996,0.5337602143158445,7625.14591879778,1,2.28624,2.2772451295109097,2.296134357537999,2.30336,2.35207,30.04192438215253,0.0030812694370993456,GBPNZD_merged,32.46623978568415
2025-10-29 10:00:00,2025-10-31 12:00:00,1.1,30.0,0.7597238450035104,10853.197785764436,-1,0.88074,0.8831745082916167,0.8780620408792216,0.86533,0.8751,71.84479674662302,0.0008171097093099483,EURGBP_merged,32.24027615499649
2025-10-29 08:00:00,2025-10-31 12:00:00,1.5,90.0,2.622290766289061,37461.2966612723,-1,0.88108,0.8831967767020189,0.8779048349469716,0.86533,0.8751,77.07140363460044,0.0008208491303239615,EURGBP_merged,132.37770923371093
2025-10-28 13:00:00,2025-10-31 13:00:00,1.2,30.000000000000004,0.7044017112754084,10062.881589648692,1,1.05312,1.049980382414467,1.05688754110264,1.06522,1.07791,26.054374548969292,0.0012654472801170375,GBPCHF_merged,35.29559828872459
2025-10-28 13:00:00,2025-10-31 15:00:00,1.1,30.0,0.5635213690203268,8050.305271718955,1,1.05312,1.0491954780180834,1.0574369741801084,1.06522,1.07791,31.403435182916294,0.0012654472801170375,GBPCHF_merged,32.43647863097967
2025-10-28 13:00:00,2025-11-03 02:00:00,1.5,89.99999999999999,1.8784045634010886,26834.350905729843,1,1.05312,1.0495879302162752,1.0584181046755874,1.06522,1.07791,28.018388691873064,0.0012654472801170375,GBPCHF_merged,133.12159543659888
2025-10-29 10:00:00,2025-11-04 01:00:00,1.5,90.0,1.489896670115536,21284.23814450766,1,2.00247,1.9940025933314414,2.0151711100028384,2.02406,2.10039,30.259650819482488,0.0031649282193456623,GBPAUD_merged,133.51010332988446
2025-11-04 06:00:00,2025-11-04 19:00:00,-1.1,90.0,1.2406377883843902,17723.396976919863,1,200.758,199.7385441911881,201.8794013896931,200.675,205.32,31.895318129503025,0.33833155987034536,GBPJPY_merged,-100.2406377883844
2025-10-29 15:00:00,2025-11-05 07:00:00,1.1,60.0,1.1569493198108696,16527.847425869568,1,1.61766,1.6117875111332356,1.6241197377534409,1.61729,1.64671,36.28504551826664,0.001939103696855672,EURCAD_merged,64.84305068018914
2025-11-04 23:00:00,2025-11-05 10:00:00,1.1,90.0,1.2591474976717845,17987.821395311206,1,199.866,198.86599340638946,200.96600725297162,200.675,205.32,36.239937742462935,0.32295442183183376,GBPJPY_merged,97.74085250232822
2025-11-04 18:00:00,2025-11-06 03:00:00,1.1,60.0,1.1688563909470384,16697.94844210055,1,1.30265,1.2979692453389702,1.307798830127133,1.32484,1.34714,30.652515722990874,0.0015088050141283157,GBPUSD_merged,64.83114360905296
2025-11-04 18:00:00,2025-11-06 06:00:00,1.5,90.0,1.9480939849117305,27829.914070167582,1,1.30265,1.2984373208050732,1.3089690187923906,1.32484,1.37261,28.23688837758184,0.0015088050141283157,GBPUSD_merged,133.05190601508826
2025-10-29 15:00:00,2025-11-06 08:00:00,1.5,90.00000000000001,1.9282488663514494,27546.412376449283,1,1.61766,1.612374760019912,1.625587859970132,1.61729,1.62248,34.73390070675778,0.001939103696855672,EURCAD_merged,133.07175113364858
2025-10-29 15:00:00,2025-11-06 10:00:00,1.1,30.0,0.3866883470229508,5524.119243185012,1,2.00708,1.9961800904670401,2.0190699004862562,2.02406,2.08487,38.18772146429755,0.003500924379249527,GBPAUD_merged,32.613311652977046
2025-11-06 13:00:00,2025-11-06 23:00:00,-1.1,29.999999999999996,0.7435145304841844,10621.636149774064,-1,2.04821,2.053995012698002,2.040110982222797,2.00016,2.04838,71.60130765571512,0.0027722845263274216,EURNZD_merged,-33.743514530484184
2025-11-06 18:00:00,2025-11-07 01:00:00,-1.1,60.00000000000001,1.3178638528893911,18826.626469848445,-1,2.04833,2.054857977818906,2.0404964266173127,2.00724,2.04838,70.73056669086857,0.0025582489041650887,EURNZD_merged,-67.3178638528894
2025-11-05 10:00:00,2025-11-07 08:00:00,1.2,15.0,0.6012708054559914,8589.582935085593,-1,1.41205,1.4145158647759817,1.4090909622688221,1.37261,1.40795,66.19450526884123,0.0010166069167931503,USDCAD_merged,17.398729194544007
2025-11-05 10:00:00,2025-11-07 08:00:00,1.4,15.0,0.7157985779237993,10225.693970339991,-1,1.41205,1.4141213264118246,1.4091501430234457,1.37261,1.40795,66.18974273789361,0.0010166069167931503,USDCAD_merged,20.2842014220762
2025-11-07 04:00:00,2025-11-07 09:00:00,-1.1,90.0,1.7297913267138454,24711.30466734065,1,0.79313,0.7902413746942573,0.7974629379586142,0.79938,0.81545,36.19904505908007,0.001057013994038536,NZDCAD_merged,-100.72979132671387
2025-11-07 04:00:00,2025-11-07 09:00:00,-1.1,90.0,1.7357134203621536,24795.906005173623,-1,2.05218,2.0596286570469116,2.041007014429632,2.00016,2.04838,68.74630181196034,0.002823850307138963,EURNZD_merged,-100.73571342036217
2025-11-07 04:00:00,2025-11-07 09:00:00,-1.1,29.999999999999996,0.6791922079677993,9702.74582811142,-1,2.05218,2.058525152299221,2.042662271551168,2.00016,2.04838,68.5855229832981,0.002823850307138963,EURNZD_merged,-33.6791922079678
2025-11-07 04:00:00,2025-11-07 09:00:00,-1.1,89.99999999999999,1.5568121940424609,22240.174200606583,1,0.79313,0.7899204163269524,0.7966605420403523,0.79938,0.80876,37.16553154111795,0.001057013994038536,NZDCAD_merged,-100.55681219404245
2025-11-07 04:00:00,2025-11-07 10:00:00,-1.1,60.0,1.0414280522172923,14877.543603104177,-1,2.05218,2.0604562856076796,2.043076085831552,2.00016,2.04838,68.2128054641253,0.002823850307138963,EURNZD_merged,-67.0414280522173
2025-11-07 04:00:00,2025-11-09 19:00:00,-1.1,30.0,0.7730437485894817,11043.482122706882,-1,1.15385,1.1569844733133425,1.150088632023989,1.1276,1.1444,63.541847068681214,0.0012413758020986666,AUDNZD_merged,-33.77304374858948
2025-11-07 04:00:00,2025-11-09 19:00:00,-1.1,30.0,0.92029017689224,13147.002527032002,-1,1.15385,1.1564829575832078,1.1501638593835093,1.1276,1.1444,63.09900423575662,0.0012413758020986666,AUDNZD_merged,-33.92029017689224
2025-11-11 11:00:00,2025-11-11 23:00:00,-1.1,30.0,0.8260356351829219,11800.509074041742,-1,192.52,193.0094365119133,191.7858452321301,183.967,192.693,71.7834882423114,0.20609859176623113,CHFJPY_merged,-33.82603563518292
2025-11-12 01:00:00,2025-11-12 04:00:00,-1.1,60.0,1.395345591135014,19933.50844478592,-1,193.124,193.7053045923198,192.4845649484482,183.967,192.693,73.1945046715231,0.18764189762280226,CHFJPY_merged,-67.39534559113501
2025-11-12 06:00:00,2025-11-12 08:00:00,-1.1,30.0,0.8401332653483745,12001.903790691065,1,1.04932,1.0466971161184933,1.0532543258222604,1.05001,1.07791,30.633031957449294,0.0011296425608568212,GBPCHF_merged,-33.84013326534838
2025-11-12 06:00:00,2025-11-12 09:00:00,-1.1,60.0,1.2882043402008407,18402.919145726297,1,1.04932,1.045898847111078,1.0530832681778142,1.05001,1.07791,31.84273247644916,0.0011296425608568212,GBPCHF_merged,-67.28820434020083
2025-11-12 06:00:00,2025-11-12 09:00:00,-1.1,90.00000000000001,2.1470072336680674,30671.531909543824,1,1.04932,1.0462409623999702,1.0539385564000447,1.05001,1.07791,29.46315011114248,0.0011296425608568212,GBPCHF_merged,-101.14700723366809
2025-11-12 13:00:00,2025-11-13 17:00:00,-1.1,90.0,1.9843285254950849,28347.5503642155,1,1.04716,1.0438353952708743,1.0521469070936886,1.05001,1.07791,34.15266062545401,0.001195525435942696,GBPCHF_merged,-100.9843285254951
2025-11-13 17:00:00,2025-11-13 19:00:00,1.3,15.0,0.294674582690019,4209.636895571701,1,0.4468,0.4452079386972662,0.44886967969355385,0.45014,0.46224,28.297657471707662,0.0008118298277394202,NZDCHF_merged,19.205325417309982
2025-11-13 21:00:00,2025-11-14 02:00:00,-1.1,59.99999999999999,1.4680927642337025,20972.75377476718,1,1.04271,1.0397269582558457,1.0465879542674006,1.05001,1.07791,28.633367500398364,0.0013861749208845466,GBPCHF_merged,-67.4680927642337
2025-11-13 21:00:00,2025-11-14 02:00:00,-1.1,15.0,0.34112993735319996,4873.2848193314285,-1,194.793,195.39257402621112,194.01355376592556,183.967,192.693,63.87144144472243,0.21162403930470325,CHFJPY_merged,-16.8411299373532
2025-11-13 21:00:00,2025-11-14 02:00:00,-1.1,15.0,0.34112993735319996,4873.2848193314285,-1,194.793,195.39257402621112,194.01355376592556,183.967,192.693,64.76564410956126,0.21162403930470325,CHFJPY_merged,-16.8411299373532
2025-11-13 20:00:00,2025-11-14 10:00:00,1.3,59.99999999999999,1.055800260912841,15082.860870183444,1,0.44874,0.4469549009904862,0.4510606287123681,0.45014,0.46224,47.874190277933806,0.0008979009225741624,NZDCHF_merged,76.94419973908715
2025-11-14 10:00:00,2025-11-18 05:00:00,1.4,15.0,0.4443763879494706,6348.234113563866,1,0.92016,0.9179857890693556,0.923203895302902,0.92098,0.93726,42.397629525948616,0.0009813584502601442,EURCHF_merged,20.55562361205053
2025-11-14 10:00:00,2025-11-18 09:00:00,1.3,15.0,0.3650234615299223,5214.6208789988905,1,0.92016,0.9175131345192156,0.9236009251250198,0.92098,0.93726,43.3074227590809,0.0009813584502601442,EURCHF_merged,19.134976538470077
2025-11-14 10:00:00,2025-11-18 09:00:00,1.3,15.0,0.3650234615299223,5214.6208789988905,1,0.92016,0.9175131345192156,0.9236009251250198,0.92098,0.93726,43.890756992840814,0.0009813584502601442,EURCHF_merged,19.134976538470077
2025-11-14 10:00:00,2025-11-18 09:00:00,1.3,15.0,0.3650234615299223,5214.6208789988905,1,0.92016,0.9175131345192156,0.9236009251250198,0.92098,0.93726,44.587201966747195,0.0009813584502601442,EURCHF_merged,19.134976538470077
2025-11-14 10:00:00,2025-11-18 09:00:00,1.4,15.0,0.37854284899399343,5407.754985628478,1,0.92016,0.9176076654292435,0.923733268399059,0.92098,0.93726,44.587201966747195,0.0009813584502601442,EURCHF_merged,20.621457151006005
2025-11-18 18:00:00,2025-11-18 22:00:00,-1.1,60.00000000000001,1.2251356935572362,17501.93847938909,1,0.79111,0.7883979232745619,0.7946356997430695,0.79938,0.80876,35.8257708053179,0.0009365560569054936,NZDCAD_merged,-67.22513569355725
2025-11-18 18:00:00,2025-11-18 22:00:00,-1.1018289717073275,60.0,1.2705110896149112,18150.158423070163,1,0.79111,0.7884947831576132,0.7947713035793413,0.79938,0.80876,35.8257708053179,0.0009365560569054936,NZDCAD_merged,-67.38024939205457
2025-11-18 20:00:00,2025-11-19 05:00:00,-1.1,30.0,0.5511127899891465,7873.039856987807,-1,111.154,111.5775492339138,110.56103107252068,106.232,109.748,60.90675145429099,0.15402222330368817,CADJPY_merged,-33.55111278998915
2025-11-18 20:00:00,2025-11-19 06:00:00,-1.1,30.0,0.5314301903466772,7591.859862095388,-1,111.154,111.59323624257728,110.58299288464954,108.198,110.387,60.90675145429099,0.15402222330368817,CADJPY_merged,-33.531430190346676
2025-11-18 20:00:00,2025-11-19 06:00:00,-1.1,60.0,1.0628603806933543,15183.719724190776,-1,111.154,111.59323624257728,110.58299288464954,108.198,110.387,60.81373079012343,0.15402222330368817,CADJPY_merged,-67.06286038069335
2025-11-18 14:00:00,2025-11-19 09:00:00,-1.1,15.0,0.29769639325154795,4252.805617879257,-1,111.303,111.69557496109887,110.75339505446158,108.198,110.387,67.93446905610054,0.17655436669757457,CADJPY_merged,-16.79769639325155
2025-11-18 14:00:00,2025-11-19 09:00:00,-1.1,60.0,1.2474896479112483,17821.280684446407,-1,111.303,111.67773064468528,110.81585016190913,106.232,109.748,68.64624803433686,0.17655436669757457,CADJPY_merged,-67.24748964791125
2025-11-19 07:00:00,2025-11-19 09:00:00,-1.1,30.0,0.8054059444558908,11505.799206512726,-1,156.108,156.5150330027443,155.5788570964324,149.378,153.272,69.70750080546817,0.19398057944476377,USDJPY_merged,-33.80540594445589
2025-11-19 01:00:00,2025-11-19 10:00:00,-1.1,60.0,1.5534848513098685,22192.640732998123,1,0.78846,0.7863283203784011,0.7914443514702386,0.7887,0.80876,34.931776237838,0.0009127588534406069,NZDCAD_merged,-67.55348485130988
2025-11-19 11:00:00,2025-11-19 16:00:00,-1.1,15.000000000000002,0.2599757426895348,3713.9391812790686,-1,156.505,157.13709839618093,155.55685240572862,149.378,153.272,70.32459271947741,0.2130066464369529,USDJPY_merged,-16.759975742689537
2025-11-19 20:00:00,2025-11-20 01:00:00,-1.1,15.0,0.4245022625613902,6064.318036591289,-1,181.186,181.63416086221093,180.6033908791258,175.699,177.934,71.1300181679078,0.22288065335856935,EURJPY_merged,-16.92450226256139
2025-11-20 04:00:00,2025-11-20 08:00:00,-1.1,30.0,0.4973149635977313,7104.499479967591,-1,157.152,157.8156019910049,156.2893174116936,149.378,153.272,62.91659019581744,0.23050066028224706,USDJPY_merged,-33.49731496359773
2025-11-20 04:00:00,2025-11-20 08:00:00,-1.1,30.0,0.4973149635977313,7104.499479967591,-1,157.152,157.8156019910049,156.2893174116936,149.378,153.272,62.00663288581599,0.23050066028224706,USDJPY_merged,-33.49731496359773
2025-11-20 04:00:00,2025-11-20 08:00:00,-1.1,30.0,0.5157340363235731,7367.629090336759,-1,157.152,157.7919019198976,156.25613731214332,149.378,153.272,62.00663288581599,0.23050066028224706,USDJPY_merged,-33.51573403632357
2025-11-20 03:00:00,2025-11-21 02:00:00,1.4,15.0,0.18373784907885654,2624.8264154122367,-1,101.961,102.5436728163888,101.14525805705566,98.824,100.946,55.569917668709024,0.21660440775276654,AUDJPY_merged,20.816262150921144
2025-11-20 03:00:00,2025-11-21 02:00:00,1.2,14.999999999999998,0.24443243489221508,3491.891927031644,-1,157.458,158.134386912698,156.6463357047624,149.378,153.272,62.59539638230713,0.23700071107319015,USDJPY_merged,17.755567565107782
2025-11-20 03:00:00,2025-11-21 02:00:00,1.3,15.0,0.177175783040326,2531.0826148618003,-1,101.961,102.56525329106988,101.17547072160916,98.824,101.207,55.569917668709024,0.21660440775276654,AUDJPY_merged,19.322824216959674
2025-11-20 03:00:00,2025-11-21 02:00:00,1.3,15.0,0.177175783040326,2531.0826148618003,-1,101.961,102.56525329106988,101.17547072160916,98.824,101.207,55.842965315725785,0.21660440775276654,AUDJPY_merged,19.322824216959674
2025-11-20 03:00:00,2025-11-21 03:00:00,1.3,30.000000000000004,0.5237837890547468,7482.625557924955,-1,157.458,158.08929445185146,156.6373172125931,149.378,153.272,62.187277020965674,0.23700071107319015,USDJPY_merged,38.47621621094526
2025-11-20 12:00:00,2025-11-21 10:00:00,1.3,30.0,0.4300132509875725,6143.046442679607,-1,157.421,158.1897765417479,156.4215904957277,149.378,153.272,62.860881265515054,0.2743799755796639,USDJPY_merged,38.56998674901243
2025-11-20 12:00:00,2025-11-21 10:00:00,1.3,30.0,0.4300132509875725,6143.046442679607,-1,157.421,158.1897765417479,156.4215904957277,149.378,153.272,62.07923555498956,0.2743799755796639,USDJPY_merged,38.56998674901243
2025-11-20 12:00:00,2025-11-21 10:00:00,1.4,30.0,0.4459396676908158,6370.566681297369,-1,157.421,158.16232023668547,156.38315166864032,149.378,153.272,62.07923555498956,0.2743799755796639,USDJPY_merged,41.554060332309184
2025-11-25 16:00:00,2025-11-25 20:00:00,1.3,30.0,0.49412549984446064,7058.935712063724,-1,2.34261,2.352565934274893,2.3296672854426395,2.28036,2.3448,51.26052544384623,0.003463141468714474,GBPNZD_merged,38.50587450015554
2025-11-25 16:00:00,2025-11-25 20:00:00,1.4,30.0,0.5124264442831443,7320.377775473491,-1,2.34261,2.352210365193647,2.329169488728895,2.28036,2.3448,51.26052544384623,0.003463141468714474,GBPNZD_merged,41.48757355571686
2025-11-25 13:00:00,2025-11-26 07:00:00,1.3,30.0,0.6085310836454115,8693.30119493445,-1,1.06465,1.0683240358218131,1.0598737534316431,1.03622,1.06256,65.32882900788064,0.0012998588184584441,GBPCHF_merged,38.39146891635459
2025-11-25 14:00:00,2025-11-26 07:00:00,1.3,30.0,0.5375145486824793,7678.779266892562,-1,1.32054,1.3256991794246265,1.3138330667479856,1.30098,1.32157,69.5709603540394,0.0018066666459220337,GBPUSD_merged,38.46248545131752
2025-11-26 02:00:00,2025-11-26 20:00:00,-1.1,29.999999999999996,0.48095581557363887,6870.7973653376985,1,2.03828,2.0293802469220696,2.0507396543091025,2.04067,2.06398,34.40780169422871,0.003820210869971914,EURNZD_merged,-33.48095581557364
2025-11-26 02:00:00,2025-11-26 20:00:00,-1.1,30.0,0.34182395950548655,4883.199421506951,-1,0.56833,0.5718215428448217,0.5637909943017319,0.56057,0.5691,69.1231643382293,0.0012607667597623103,NZDUSD_merged,-33.34182395950549
2025-11-26 06:00:00,2025-11-27 04:00:00,-1.1,30.0,0.43639758346473945,6234.251192353421,-1,101.572,102.06077722536068,100.88771188449505,98.824,100.946,61.778322018197485,0.17716941612933418,AUDJPY_merged,-33.43639758346474
2025-11-26 06:00:00,2025-11-27 10:00:00,-1.1,30.0,0.42081195548385586,6011.599364055084,-1,101.572,102.07888008555922,100.91305588877302,98.824,101.207,61.778322018197485,0.17716941612933418,AUDJPY_merged,-33.420811955483856
2025-11-26 15:00:00,2025-11-28 05:00:00,1.3,60.0,1.2844222637515244,18348.889482164635,-1,194.525,195.1610875415019,193.69808619604754,189.1,192.693,63.58868816092677,0.21959025611032154,CHFJPY_merged,76.71557773624848
2025-11-27 06:00:00,2025-11-28 10:00:00,-1.1,60.0,0.9292811328160108,13275.444754514441,-1,0.57092,0.5735003429288763,0.5675655541924607,0.56057,0.5691,65.57871544703362,0.0009085831141681992,NZDUSD_merged,-66.92928113281602
2025-11-27 06:00:00,2025-11-28 10:00:00,-1.1,30.0,0.4646405664080054,6637.722377257221,-1,0.57092,0.5735003429288763,0.5675655541924607,0.56057,0.5691,65.09644162544708,0.0009085831141681992,NZDUSD_merged,-33.46464056640801
2025-11-27 04:00:00,2025-11-28 10:00:00,-1.1,30.0,0.6437265385270678,9196.09340752954,1,2.02796,2.02134427772491,2.037222011185126,2.04067,2.06398,32.22939233175757,0.002933800918514509,EURNZD_merged,-33.64372653852707
2025-11-26 18:00:00,2025-11-30 21:00:00,1.3,30.0,0.6189407877523143,8842.01125360449,-1,194.359,195.0184393326092,193.50172886760805,189.1,192.693,63.03120959423551,0.22940590112039708,CHFJPY_merged,38.381059212247685
2025-12-01 09:00:00,2025-12-01 14:00:00,1.3,15.0,0.4967968343572335,7097.097633674764,-1,1.16448,1.1669411751030618,1.1612804723660195,1.14687,1.16559,62.13773065280535,0.0011954175625784043,EURUSD_merged,19.003203165642766
2025-11-27 01:00:00,2025-12-03 00:00:00,-1.1,30.0,0.42151186354850645,6021.59805069295,-1,0.57243,0.5752818841436159,0.5690077390276609,0.56057,0.5691,71.66877001032088,0.0009591546158811476,NZDUSD_merged,-33.42151186354851
2025-11-27 02:00:00,2025-12-03 06:00:00,-1.1,29.999999999999996,0.5907942096228791,8439.917280326845,-1,1.32429,1.3289972380783406,1.318170590498157,1.30098,1.32157,61.150569636863665,0.0016746452810823655,GBPUSD_merged,-33.59079420962288
2025-11-27 02:00:00,2025-12-03 06:00:00,-1.1,59.99999999999999,1.1815884192457582,16879.83456065369,-1,1.32429,1.3289972380783406,1.318170590498157,1.30098,1.32157,61.43482298050929,0.0016746452810823655,GBPUSD_merged,-67.18158841924576
2025-11-27 01:00:00,2025-12-03 23:00:00,-1.1,30.0,0.4357617569250992,6225.167956072846,-1,89.296,89.72633055797101,88.73657027463771,85.881,88.824,73.55082811887017,0.14964023606181093,NZDJPY_merged,-33.435761756925096
2025-12-03 08:00:00,2025-12-04 03:00:00,-1.1,30.0,1.3118651124106482,18740.930177294977,-1,1.16628,1.16814695108882,1.163852963584534,1.14687,1.16559,72.12412742292223,0.0009219511617231158,EURUSD_merged,-34.31186511241065
2025-12-03 18:00:00,2025-12-04 05:00:00,1.3,30.0,0.9128691838160412,13040.988340229162,-1,207.138,207.6145083625472,206.51853912868862,199.064,204.237,65.60958715347836,0.23077240520795533,GBPJPY_merged,38.08713081618396
2025-12-02 09:00:00,2025-12-04 05:00:00,1.4,30.0,0.8519494860151693,12170.706943073848,-1,181.204,181.6506560591284,180.57868151722025,175.699,177.934,62.97096768358573,0.1706118721870152,EURJPY_merged,41.14805051398483
2025-12-03 13:00:00,2025-12-04 09:00:00,-1.1,30.000000000000004,0.650605822604399,9294.368894348558,-1,1.06672,1.0701631170490185,1.0622439478362757,1.03622,1.06256,65.80380836908951,0.0012018500417663807,GBPCHF_merged,-33.650605822604405
2025-12-04 09:00:00,2025-12-04 10:00:00,-1.1,15.0,0.34964753461888787,4994.964780269827,-1,1.33422,1.3382266949178605,1.329011296606781,1.30377,1.32157,70.81598917870069,0.0015566080084741933,GBPUSD_merged,-16.84964753461889
2025-12-04 04:00:00,2025-12-05 03:00:00,-1.1,30.0,0.6866535173449582,9809.335962070832,-1,0.66103,0.6630516353152425,0.6584018740901848,0.6421,0.65799,67.11196505603758,0.0007332974259732553,AUDUSD_merged,-33.68665351734496
2025-12-04 04:00:00,2025-12-05 03:00:00,-1.1,60.0,1.4241702581969504,20345.289402813578,-1,0.66103,0.6629794340539837,0.6583007923244227,0.64583,0.65799,67.11196505603758,0.0007332974259732553,AUDUSD_merged,-67.42417025819695
2025-12-04 13:00:00,2025-12-05 07:00:00,-1.1,15.0,0.5130184876953132,7328.835538504475,-1,1.07078,1.0729715759898848,1.0677117936141616,1.03622,1.06256,72.61851156586678,0.000994301554172101,GBPCHF_merged,-17.013018487695312
2025-12-04 08:00:00,2025-12-05 08:00:00,-1.1,30.0,0.8507294666957057,12153.27809565294,-1,0.92311,0.9253886691608666,0.9199198631747867,0.90557,0.92045,61.92888238206294,0.0008608121452715823,AUDCAD_merged,-33.850729466695704
2025-12-03 19:00:00,2025-12-05 11:00:00,1.4,30.000000000000004,0.9856387657244448,14080.553796063497,-1,1.16662,1.1691055982589111,1.1631401624375244,1.14687,1.16559,61.22563229932279,0.0009112639514773792,EURUSD_merged,41.014361234275555
2025-12-03 19:00:00,2025-12-05 11:00:00,1.3,30.0,0.9504373812342861,13577.676874775518,-1,1.16662,1.1691976574536855,1.1632690453102086,1.14909,1.16559,61.22563229932279,0.0009112639514773792,EURUSD_merged,38.04956261876571
2025-12-05 02:00:00,2025-12-05 13:00:00,-1.1,30.000000000000004,1.6217048214542404,23167.21173506058,-1,0.93591,0.9371219412694584,0.9342132822227583,0.91792,0.93261,65.24066426109853,0.0004568051984909717,EURCHF_merged,-34.621704821454244
2025-12-03 23:00:00,2025-12-07 20:00:00,-1.1,15.0,0.29182556837178797,4168.936691025543,-1,0.57671,0.578785025513969,0.57401246683184,0.55792,0.5691,61.73555929294024,0.0007281462163673264,NZDUSD_merged,-16.791825568371788
2025-12-03 23:00:00,2025-12-07 20:00:00,-1.1,30.0,0.5836511367435759,8337.873382051086,-1,0.57671,0.578785025513969,0.57401246683184,0.55792,0.5691,62.23597204569873,0.0007281462163673264,NZDUSD_merged,-33.583651136743576
2025-11-27 00:00:00,2025-12-08 00:00:00,-1.1,60.0,0.795256978626343,11360.81398037633,-1,89.342,89.813842951505,88.775788458194,85.881,88.824,72.78837335843315,0.15368948498964188,NZDJPY_merged,-66.79525697862634
2025-11-27 00:00:00,2025-12-08 00:00:00,-1.1,15.0,0.19881424465658576,2840.2034950940824,-1,89.342,89.813842951505,88.6342355727425,85.881,88.824,73.52938767085728,0.15368948498964188,NZDJPY_merged,-16.698814244656585
2025-12-08 02:00:00,2025-12-08 07:00:00,-1.1,14.999999999999998,0.5299803067555878,7571.14723936554,1,1.61153,1.6083372275923633,1.615999881370691,1.61741,1.63341,32.728581321743256,0.0013440074937663396,EURCAD_merged,-17.029980306755586
2025-12-07 20:00:00,2025-12-08 10:00:00,-1.1,15.000000000000002,0.218114528354828,3115.9218336404,-1,0.58129,0.5840883211600058,0.577932014607993,0.56178,0.57559,69.08309647940092,0.0008847184542875277,CADCHF_merged,-16.718114528354832
2025-12-07 20:00:00,2025-12-08 10:00:00,-1.1,60.00000000000001,0.872458113419312,12463.6873345616,-1,0.58129,0.5840883211600058,0.5770925182599913,0.56178,0.57559,69.38931600225703,0.0008847184542875277,CADCHF_merged,-66.87245811341933
2025-12-07 20:00:00,2025-12-08 23:00:00,-1.1,15.0,0.2889201058281346,4127.430083259066,-1,0.53368,0.5356195119574453,0.5309646832595768,0.51348,0.5291,62.53575995785654,0.0007070279218726885,AUDCHF_merged,-16.788920105828133
2025-12-07 20:00:00,2025-12-08 23:00:00,-1.1,15.0,0.278601530619987,3980.0218659998145,-1,0.53368,0.535691345733647,0.5310652505462591,0.51348,0.5291,62.53575995785654,0.0007070279218726885,AUDCHF_merged,-16.778601530619987
2025-12-07 20:00:00,2025-12-08 23:00:00,-1.1,15.0,0.278601530619987,3980.0218659998145,-1,0.53368,0.535691345733647,0.5310652505462591,0.51348,0.5291,62.98709149948558,0.0007070279218726885,AUDCHF_merged,-16.778601530619987
2025-12-09 06:00:00,2025-12-09 10:00:00,-1.1,30.000000000000004,0.675987774171333,9656.968202447615,-1,181.741,182.30559024050822,181.00703268733935,175.699,182.003,62.893331276853786,0.2025937022093544,EURJPY_merged,-33.67598777417134
2025-12-04 14:00:00,2025-12-09 10:00:00,1.3,29.999999999999996,0.7923117762164025,11318.739660234321,-1,1.3343,1.3378365244896155,1.3297025181635,1.30377,1.32157,57.563256854941265,0.00162448361785716,GBPUSD_merged,38.2076882237836
2025-12-09 06:00:00,2025-12-09 10:00:00,-1.1,30.0,0.7010243583999007,10014.633691427154,-1,181.741,182.2854263033472,180.97880317531394,175.699,182.003,62.893331276853786,0.2025937022093544,EURJPY_merged,-33.7010243583999
2025-12-09 05:00:00,2025-12-09 11:00:00,-1.1,60.0,1.73270806376307,24752.97233947243,-1,208.321,208.82595996313412,207.66455204792564,199.064,204.237,61.42751542584554,0.2511387592089656,GBPJPY_merged,-67.73270806376307
2025-12-09 13:00:00,2025-12-09 22:00:00,1.3,30.0,0.6295115273511697,8993.021819302425,-1,90.661,90.96343782953603,90.26783082160316,85.881,88.824,65.82736241401011,0.1382310130601502,NZDJPY_merged,38.37048847264883
2025-12-08 14:00:00,2025-12-10 09:00:00,1.3,15.0,0.2819428699944681,4027.755285635259,-1,0.58208,0.5842477583122141,0.5792619141941218,0.56178,0.57559,63.22750145136257,0.0007574708688465186,CADCHF_merged,19.218057130005533
2025-12-07 23:00:00,2025-12-10 09:00:00,1.3,30.0,1.060642145481861,15152.030649740873,1,1.38255,1.379812644132738,1.3861085626274403,1.38874,1.41305,27.98975076089645,0.0012475383086532172,USDCAD_merged,37.939357854518136
2025-12-08 14:00:00,2025-12-10 09:00:00,1.4,15.0,0.2923851985127817,4176.931407325454,-1,0.58208,0.5841703383724922,0.579153526278511,0.56178,0.57559,63.22750145136257,0.0007574708688465186,CADCHF_merged,20.707614801487217
2025-12-09 13:00:00,2025-12-10 19:00:00,1.3,59.99999999999999,1.2276598927680153,17537.998468114507,-1,104.166,104.52236677762077,103.70272318909299,98.824,101.207,68.86588295689666,0.16329143228129353,AUDJPY_merged,76.77234010723198
2025-12-08 11:00:00,2025-12-10 20:00:00,1.4,15.000000000000002,0.48324219046933337,6903.45986384762,1,1.6093,1.6058032751002993,1.614195414859581,1.61741,1.63341,32.27289221695464,0.0015438640899412797,EURCAD_merged,20.516757809530667
2025-12-09 15:00:00,2025-12-10 21:00:00,1.3,30.0,0.4981450105071868,7116.357292959812,-1,104.126,104.56495772393137,103.55535495888923,100.147,102.488,68.39104334481316,0.15064414314050315,AUDJPY_merged,38.50185498949281
2025-12-09 13:00:00,2025-12-10 21:00:00,1.4,30.0,0.5859285851847347,8370.408359781924,-1,104.166,104.53933662417414,103.6433287261562,100.147,102.488,68.47176876093603,0.16329143228129353,AUDJPY_merged,41.41407141481527
2025-12-09 13:00:00,2025-12-10 22:00:00,1.5,60.0,0.8593619249376108,12276.598927680156,-1,104.166,104.6750953966011,103.40235690509834,98.824,101.207,67.72068920477619,0.16329143228129353,AUDJPY_merged,89.14063807506238
2025-12-09 13:00:00,2025-12-10 23:00:00,1.4,15.0,0.3004486835085128,4292.124050121612,-1,90.661,90.97783963094251,90.2174245166805,87.23,88.824,65.57678891006664,0.1382310130601502,NZDJPY_merged,20.699551316491487
2025-12-10 22:00:00,2025-12-11 07:00:00,-1.1,60.0,2.037455837487262,29106.51196410374,-1,1.16937,1.17178053273874,1.166236307439638,1.14909,1.16559,65.49392175389433,0.0011194532518238182,EURUSD_merged,-68.03745583748726
2025-12-08 13:00:00,2025-12-11 08:00:00,1.3,15.0,0.3883005950526419,5547.151357894885,1,1.61091,1.6065539533661526,1.6165728606240017,1.61741,1.63341,44.37934416404663,0.0015867501591840952,EURCAD_merged,19.11169940494736
2025-12-07 19:00:00,2025-12-11 11:00:00,1.5,14.999999999999998,0.3172788577262202,4532.555110374575,1,1.61034,1.6050107542629297,1.6183338686056057,1.61741,1.63405,27.007070236112195,0.0017109570138551212,EURCAD_merged,22.182721142273778
2025-12-09 18:00:00,2025-12-12 01:00:00,-1.1,30.0,0.6941777682507264,9916.825260724663,-1,182.327,182.8785686579316,181.60996074468892,175.699,182.003,64.95232707904935,0.189418177375271,EURJPY_merged,-33.694177768250725
2025-12-09 18:00:00,2025-12-12 01:00:00,-1.1,30.0,0.7198880559637162,10284.115085195946,-1,182.327,182.85886977729118,181.58238231179234,175.699,182.003,64.95232707904935,0.189418177375271,EURJPY_merged,-33.719888055963715
2025-12-11 12:00:00,2025-12-12 02:00:00,1.3,59.99999999999999,1.6307179064714261,23295.970092448948,-1,1.34252,1.3459777310874084,1.3380249495863688,1.30377,1.32157,67.17844885761477,0.0016217858549765643,GBPUSD_merged,76.36928209352857
2025-12-09 13:00:00,2025-12-14 21:00:00,1.5,15.0,0.22032903457290942,3147.557636755849,-1,90.661,91.09305404219434,90.0129189367085,85.881,88.824,65.04291590767154,0.1382310130601502,NZDJPY_merged,22.27967096542709
2025-12-11 15:00:00,2025-12-16 07:00:00,-1.1,30.0,0.6847070085653038,9781.528693790055,-1,1.17409,1.1776909402111515,1.1694087777255033,1.14909,1.16559,70.41887393995358,0.0012599036414532624,EURUSD_merged,-33.684707008565304
2025-12-11 14:00:00,2025-12-16 08:00:00,-1.1,30.0,0.6406689143026951,9152.413061467074,-1,1.17536,1.1792126233205593,1.169581065019161,1.14909,1.16559,70.47988413221864,0.0012860500754112204,EURUSD_merged,-33.640668914302694
2025-12-11 13:00:00,2025-12-16 09:00:00,-1.1,30.0,0.7506102414489766,10723.003449271095,1,1.37724,1.3733868631251063,1.382249077937362,1.39709,1.41305,35.23050130676692,0.0013285402901433555,USDCAD_merged,-33.750610241448975
2025-12-19 08:00:00,2025-12-19 09:00:00,-1.1,60.0,1.0656169186618882,15223.098838026977,-1,103.831,104.24023730879537,103.29899149856602,98.824,101.207,70.36129632401422,0.1952409868823032,AUDJPY_merged,-67.06561691866189
2025-12-19 08:00:00,2025-12-19 16:00:00,-1.1,60.0,1.1609348793327252,16584.783990467506,-1,210.276,211.0367310416133,209.2109765417414,199.064,208.945,72.01580723615666,0.3374449201614586,GBPJPY_merged,-67.16093487933273
2025-12-19 12:00:00,2025-12-22 02:00:00,-1.1,30.0,0.4635231422277406,6621.759174682009,-1,104.14,104.61180815816215,103.479468578573,100.147,104.393,68.29149355153103,0.2086398070164902,AUDJPY_merged,-33.46352314222774
2025-12-19 08:00:00,2025-12-22 02:00:00,-1.1,60.0,0.8513522448439984,12162.174926342836,-1,210.276,211.31336051129088,208.71995923306372,199.064,204.237,70.22713855687195,0.3374449201614586,GBPJPY_merged,-66.851352244844
2025-12-19 13:00:00,2025-12-22 02:00:00,-1.1,60.0,0.9983042209367924,14261.488870525607,-1,104.143,104.58114359473463,103.57341332684499,98.824,101.207,69.94572229720686,0.20130839222959765,AUDJPY_merged,-66.99830422093679
2025-12-21 21:00:00,2025-12-22 02:00:00,-1.1,59.99999999999999,1.3502046156659682,19288.63736665669,-1,210.705,211.3604273254084,209.85294447696913,199.064,204.237,67.88404496378388,0.30560051803772087,GBPJPY_merged,-67.35020461566597
2025-12-21 18:00:00,2025-12-22 12:00:00,1.4,30.0,0.6352179031459215,9074.541473513165,-1,157.477,157.9976114285542,156.74814400002413,154.343,156.953,72.38619813209536,0.2362385899741738,USDJPY_merged,41.36478209685408
2025-12-23 01:00:00,2025-12-23 03:00:00,-1.1,30.000000000000004,1.0795335793317393,15421.908276167707,-1,0.66653,0.6678265905153838,0.6648444323300009,0.6421,0.65799,70.18951118828473,0.0006054651938772529,AUDUSD_merged,-34.079533579331745
2025-12-23 07:00:00,2025-12-23 08:00:00,-1.1,30.0,1.440458306066014,20577.97580094306,1,1.37082,1.368821523551305,1.3734180193833034,1.38874,1.41305,30.493975093354265,0.0009622514909195421,USDCAD_merged,-34.44045830606601
2025-12-23 09:00:00,2025-12-23 16:00:00,-1.1,60.00000000000001,1.764649460773322,25209.27801104746,-1,0.66856,0.6701512236749669,0.6663322868550464,0.6421,0.66855,63.9836263908847,0.0007609060965769164,AUDUSD_merged,-67.76464946077334
2025-12-19 08:00:00,2025-12-25 19:00:00,-1.1,30.0,0.4649136597548352,6641.62371078336,-1,197.584,198.47648055266606,196.42377528153412,192.395,195.716,74.50053104776936,0.32226140777191026,CHFJPY_merged,-33.464913659754835
2025-12-31 00:00:00,2025-12-31 10:00:00,-1.1,15.0,0.5512170003964592,7874.528577092275,-1,1.15818,1.1603861892124614,1.1548707161813079,1.14193,1.15187,71.5595147974935,0.0009342993976785395,AUDNZD_merged,-17.05121700039646
2025-12-31 03:00:00,2026-01-01 17:00:00,1.3,14.999999999999998,0.5563534428318713,7947.906326169591,-1,1.15847,1.1606563682442739,1.1556277212824442,1.14193,1.15187,67.48680014102412,0.00096126668247081,AUDNZD_merged,18.94364655716813
2025-12-31 03:00:00,2026-01-01 17:00:00,1.2,15.0,0.5331720493805434,7616.743562579192,-1,1.15847,1.1607514277331554,1.1557322867202138,1.14193,1.15187,67.91285715889063,0.00096126668247081,AUDNZD_merged,17.466827950619457
2025-12-31 03:00:00,2026-01-01 17:00:00,1.0,15.0,0.5118451674053216,7312.073820076024,-1,1.15847,1.1608464872220368,1.1560935127779635,1.14193,1.15187,67.08706909441784,0.00096126668247081,AUDNZD_merged,14.48815483259468
2025-12-31 03:00:00,2026-01-01 17:00:00,1.0,14.999999999999998,0.4570046137547515,6528.637339353593,-1,1.15847,1.1611316656886812,1.155808334311319,1.14193,1.15187,68.36941354644273,0.00096126668247081,AUDNZD_merged,14.542995386245247
2025-12-31 03:00:00,2026-01-01 17:00:00,1.0,14.999999999999998,0.4570046137547515,6528.637339353593,-1,1.15847,1.1611316656886812,1.155808334311319,1.14193,1.15187,69.39158264707794,0.00096126668247081,AUDNZD_merged,14.542995386245247
2025-12-31 03:00:00,2026-01-01 17:00:00,1.0,14.999999999999998,0.4570046137547515,6528.637339353593,-1,1.15847,1.1611316656886812,1.155808334311319,1.14193,1.15187,68.86099201066743,0.00096126668247081,AUDNZD_merged,14.542995386245247
2025-12-31 00:00:00,2026-01-01 19:00:00,-1.1,15.0,0.4561795865350005,6516.851236214294,-1,1.15818,1.1608458119650575,1.1541812820524138,1.14193,1.15187,70.75465822166638,0.0009342993976785395,AUDNZD_merged,-16.956179586535
2025-12-31 03:00:00,2026-01-01 22:00:00,-1.1,14.999999999999998,0.4570046137547515,6528.637339353593,-1,1.15847,1.1611316656886812,1.1544775014669784,1.14193,1.15187,67.48680014102412,0.00096126668247081,AUDNZD_merged,-16.95700461375475
2025-12-31 12:00:00,2026-01-02 04:00:00,1.0,60.0,1.191619904168893,17023.141488127047,-1,2.03941,2.0465981327007325,2.032221867299268,2.00728,2.04131,63.18180157527942,0.002757735003129172,EURNZD_merged,58.808380095831104
2025-12-31 12:00:00,2026-01-02 05:00:00,1.0,60.0,1.0639463430079406,15199.23347154201,-1,2.03941,2.04746070862482,2.03135929137518,2.00728,2.04131,64.50763547342567,0.002757735003129172,EURNZD_merged,58.93605365699206
2025-12-31 12:00:00,2026-01-02 05:00:00,1.0,60.0,1.0639463430079406,15199.23347154201,-1,2.03941,2.04746070862482,2.03135929137518,2.00728,2.04131,64.27505071029375,0.002757735003129172,EURNZD_merged,58.93605365699206
2026-01-06 02:00:00,2026-01-06 04:00:00,-1.1,60.0,2.825094846808123,40358.49781154462,1,0.86578,0.8644928658692261,0.8673245609569286,0.87202,0.87966,32.2536823807268,0.0005479983244065438,EURGBP_merged,-68.82509484680813
2026-01-06 00:00:00,2026-01-06 07:00:00,1.2,60.0,1.6798688736585015,23998.126766550024,-1,1.35557,1.3589591895309665,1.35150297256284,1.30377,1.32157,64.79041284573275,0.0013948649971001698,GBPUSD_merged,70.3201311263415
2026-01-05 17:00:00,2026-01-06 11:00:00,1.0,60.00000000000001,1.2285703764144735,17551.005377349622,-1,1.35409,1.358719102336488,1.349460897663512,1.30377,1.32157,66.87317190209585,0.0015830186319985191,GBPUSD_merged,58.77142962358553
2025-12-31 12:00:00,2026-01-06 17:00:00,1.0,60.0,1.171711162272045,16738.730889600647,-1,2.33656,2.3449354019898307,2.328184598010169,2.29618,2.33026,64.06904603939047,0.003268006453365662,GBPNZD_merged,58.82828883772795
2026-01-06 15:00:00,2026-01-06 22:00:00,-1.1,59.99999999999999,1.6899388878070716,24141.984111529597,-1,1.16428,1.167173581558056,1.161386418441944,1.14193,1.15187,66.98774165896988,0.0010167489860899682,AUDNZD_merged,-67.68993888780707
2026-01-06 13:00:00,2026-01-06 22:00:00,-1.1,15.0,0.4002194431988034,5717.420617125764,-1,1.1645,1.167555136427724,1.1599172953584145,1.14193,1.15187,70.0343783127608,0.0010375313684830132,AUDNZD_merged,-16.900219443198804
2026-01-06 13:00:00,2026-01-06 22:00:00,-1.1,90.0,2.785527324663672,39793.24749519532,-1,1.1645,1.167133738299762,1.1618662617002382,1.14193,1.15187,67.09906528104739,0.0010375313684830132,AUDNZD_merged,-101.78552732466369
2026-01-06 13:00:00,2026-01-06 22:00:00,-1.1,60.0,1.9343939754608834,27634.199649441194,-1,1.1645,1.1670283887677715,1.1614659334786743,1.14193,1.15187,68.9019486634172,0.0010375313684830132,AUDNZD_merged,-67.93439397546088
2026-01-06 13:00:00,2026-01-06 22:00:00,-1.1,60.0,1.666806833739813,23811.526196283045,1,1.737,1.7326231280959947,1.742689933475207,1.74798,1.78061,28.362408754418944,0.001943488656896591,EURAUD_merged,-67.66680683373981
2026-01-06 20:00:00,2026-01-06 22:00:00,-1.1,60.0,1.447759402737394,20682.27718196277,1,1.736,1.7309638040780713,1.7420434351063145,1.74798,1.78061,30.70343518637139,0.0023156710412224096,EURAUD_merged,-67.44775940273739
2026-01-05 19:00:00,2026-01-07 03:00:00,1.0,60.0,1.323662927369034,18909.4703909862,-1,1.35324,1.3575338484431962,1.3489461515568038,1.30377,1.3534,67.2136410064881,0.0014782660653456724,GBPUSD_merged,58.676337072630965
2026-01-05 19:00:00,2026-01-07 03:00:00,1.0,60.0,1.323662927369034,18909.4703909862,-1,1.35324,1.3575338484431962,1.3489461515568038,1.30377,1.3534,66.08967831800918,0.0014782660653456724,GBPUSD_merged,58.676337072630965
2026-01-07 00:00:00,2026-01-07 09:00:00,1.0,60.0,1.788726064983573,25553.22949976533,-1,1.8652,1.8695795638434283,1.8608204361565717,1.8346,1.85456,62.37225443786254,0.001517406376647184,GBPCAD_merged,58.21127393501643
2026-01-07 00:00:00,2026-01-07 09:00:00,1.0,60.0,1.788726064983573,25553.22949976533,-1,1.8652,1.8695795638434283,1.8608204361565717,1.8346,1.85456,61.91950577997587,0.001517406376647184,GBPCAD_merged,58.21127393501643
2026-01-07 00:00:00,2026-01-07 09:00:00,1.0,60.0,1.788726064983573,25553.22949976533,-1,1.8652,1.8695795638434283,1.8608204361565717,1.8346,1.85456,62.185696532650304,0.001517406376647184,GBPCAD_merged,58.21127393501643
2026-01-07 01:00:00,2026-01-07 10:00:00,1.0,60.0,1.0936346584100782,15623.352263001118,-1,0.67523,0.6778231566617712,0.6726368433382288,0.6592,0.66855,62.929640169638404,0.0010181724743721675,AUDUSD_merged,58.90636534158992
2026-01-07 01:00:00,2026-01-07 11:00:00,1.0,90.00000000000001,1.4646892746563547,20924.132495090784,-1,0.67523,0.6781343354611837,0.6723256645388163,0.6592,0.66855,64.37643012344368,0.0010181724743721675,AUDUSD_merged,88.53531072534366
2026-01-07 01:00:00,2026-01-07 11:00:00,1.0,90.00000000000001,1.4646892746563547,20924.132495090784,-1,0.67523,0.6781343354611837,0.6723256645388163,0.6592,0.66855,63.87081065197646,0.0010181724743721675,AUDUSD_merged,88.53531072534366
2026-01-07 01:00:00,2026-01-07 11:00:00,1.0,90.00000000000001,1.4646892746563547,20924.132495090784,-1,0.67523,0.6781343354611837,0.6723256645388163,0.6592,0.66855,64.14591498087769,0.0010181724743721675,AUDUSD_merged,88.53531072534366
2026-01-06 08:00:00,2026-01-07 12:00:00,1.2,59.99999999999999,2.596965603200481,37099.50861714973,1,0.86596,0.864559507057191,0.8676405915313707,0.87202,0.87966,37.5395079346419,0.0005825716743010995,EURGBP_merged,69.4030343967995
2026-01-07 01:00:00,2026-01-07 15:00:00,1.2,30.000000000000004,0.5696013845885824,8137.16263697975,-1,0.67523,0.6777194303953004,0.6722426835256395,0.6592,0.66855,63.56876901571145,0.0010181724743721675,AUDUSD_merged,35.43039861541142
2026-01-07 01:00:00,2026-01-07 17:00:00,1.3,60.0,1.1417099590781077,16310.142272544395,-1,0.53688,0.5388550164935242,0.5343124785584187,0.52354,0.53684,63.557261886988115,0.0008516526216091119,AUDCHF_merged,76.85829004092189
2026-01-07 01:00:00,2026-01-07 17:00:00,1.2,30.0,0.5470693553915933,7815.27650559419,-1,0.53688,0.5389408867758513,0.5344069358689786,0.52354,0.53684,63.69313645796801,0.0008516526216091119,AUDCHF_merged,35.45293064460841
2026-01-07 01:00:00,2026-01-07 17:00:00,1.0,60.0,1.0503731623518588,15005.330890740843,-1,0.53688,0.5390267570581784,0.5347332429418217,0.52354,0.53684,63.388002725138925,0.0008516526216091119,AUDCHF_merged,58.94962683764814
2026-01-07 01:00:00,2026-01-07 17:00:00,1.0,59.99999999999999,0.9378331806713027,13397.616866732897,-1,0.53688,0.5392843679051598,0.5344756320948403,0.52354,0.53684,63.688605915809006,0.0008516526216091119,AUDCHF_merged,59.06216681932869
2026-01-07 01:00:00,2026-01-07 17:00:00,1.0,59.99999999999999,0.9378331806713027,13397.616866732897,-1,0.53688,0.5392843679051598,0.5344756320948403,0.52354,0.53684,63.78901462738969,0.0008516526216091119,AUDCHF_merged,59.06216681932869
2026-01-07 02:00:00,2026-01-07 21:00:00,1.3,90.0,2.035926432817013,29084.66332595733,1,1.73257,1.727208710503455,1.7395396763455084,1.74798,1.78061,36.301133070942925,0.002268781473760369,EURAUD_merged,114.964073567183
2026-01-07 02:00:00,2026-01-07 21:00:00,1.2,60.00000000000001,1.3007307765219804,18581.868236028295,1,1.73257,1.726975610960127,1.7392832668478475,1.74798,1.78061,36.35660589943998,0.002268781473760369,EURAUD_merged,70.69926922347803
2026-01-07 01:00:00,2026-01-07 21:00:00,1.5,15.000000000000002,0.2848006922942912,4068.581318489875,-1,0.67523,0.6777194303953004,0.6714958544070494,0.6592,0.66855,64.14591498087769,0.0010181724743721675,AUDUSD_merged,22.215199307705713
2026-01-07 01:00:00,2026-01-07 23:00:00,1.5,15.0,0.23569712465734435,3367.1017808192055,-1,0.67523,0.6782380617276547,0.670717907408518,0.6592,0.66855,63.87081065197646,0.0010181724743721675,AUDUSD_merged,22.264302875342654
2026-01-07 01:00:00,2026-01-07 23:00:00,1.0,90.0,1.4286186950058601,20408.83850008372,-1,105.604,106.06969823167354,105.13830176832646,102.321,104.393,56.89562640649001,0.16351216866724752,AUDJPY_merged,88.57138130499413
2026-01-06 18:00:00,2026-01-08 01:00:00,1.0,59.99999999999999,1.0231050231743102,14615.78604534729,-1,0.53605,0.5382505658744737,0.5338494341255263,0.52354,0.53684,66.68529721619764,0.0007662080706162751,AUDCHF_merged,58.97689497682568
2026-01-05 14:00:00,2026-01-08 02:00:00,1.3,60.0,2.0271013715149477,28958.59102164211,1,0.86595,0.8641558174045426,0.8682824373740946,0.87202,0.87966,29.491459345498125,0.000757216575805795,EURGBP_merged,75.97289862848505
2026-01-09 07:00:00,2026-01-09 09:00:00,-1.1,90.0,2.9305773283262293,41865.39040466042,-1,157.576,157.91474854295927,157.16950174844885,154.343,157.778,67.13948270675596,0.1415634243592433,USDJPY_merged,-101.93057732832624
2026-01-09 06:00:00,2026-01-09 09:00:00,-1.1,90.0,2.7721711297222713,39602.44471031817,-1,157.651,158.00927560908895,157.29272439091108,154.393,157.778,64.4974589394675,0.1411452262330319,USDJPY_merged,-101.77217112972228
2026-01-09 09:00:00,2026-01-09 10:00:00,-1.1,60.0,1.23351534249215,17621.647749887856,1,0.5735,0.5715472881714356,0.5758432541942772,0.57357,0.5853,35.658361052135135,0.0008783706479564566,NZDUSD_merged,-67.23351534249215
2026-01-09 13:00:00,2026-01-12 05:00:00,-1.1,90.0,2.0075890445683684,28679.84349383384,-1,211.837,212.5017640878549,211.17223591214508,199.064,211.589,59.87289124628534,0.2341717638294346,GBPJPY_merged,-101.00758904456838
2026-01-09 13:00:00,2026-01-12 05:00:00,-1.1,90.0,2.0075890445683684,28679.84349383384,-1,211.837,212.5017640878549,211.17223591214508,199.064,211.589,60.93021270729076,0.2341717638294346,GBPJPY_merged,-101.00758904456838
2026-01-12 22:00:00,2026-01-13 10:00:00,1.5,30.0,0.7750435955683724,11072.051365262465,-1,0.80116,0.8033307630507754,0.7979038554238368,0.78728,0.80032,67.11838921759853,0.0007527530525531109,NZDCAD_merged,44.22495640443163
2026-01-13 02:00:00,2026-01-13 20:00:00,-1.1,90.0,2.5874263350796562,36963.233358280806,-1,185.092,185.5426716130197,184.5061269030744,180.092,184.919,72.82653052738375,0.20394816674708338,EURJPY_merged,-101.58742633507967
2026-01-13 02:00:00,2026-01-13 20:00:00,-1.1,30.0,0.8265389681504458,11807.69954500637,-1,185.092,185.5622660309771,184.38660095353438,180.092,184.919,74.60404564042689,0.20394816674708338,EURJPY_merged,-33.826538968150444
2026-01-13 00:00:00,2026-01-14 06:00:00,1.5,14.999999999999998,0.32236052069959426,4605.1502957084895,-1,106.511,106.85793004514724,105.99060493227913,102.321,104.393,70.15742594792911,0.14015745794387488,AUDJPY_merged,22.177639479300403
2026-01-13 00:00:00,2026-01-14 07:00:00,1.5,15.0,0.2667811205789745,3811.158865413922,-1,106.511,106.93020713788626,105.88218929317061,102.321,104.393,69.56514109403949,0.14015745794387488,AUDJPY_merged,22.233218879421024
2026-01-13 03:00:00,2026-01-14 07:00:00,1.5,30.0,0.6982310507585239,9974.729296550342,-1,114.53,114.87446047585354,114.0133092862197,108.198,114.637,70.98239727091453,0.14248768411000182,CADJPY_merged,44.30176894924148
2026-01-13 06:00:00,2026-01-14 07:00:00,1.5,60.0,1.341743649930227,19167.766427574676,-1,185.264,185.8439235942279,184.39411460865816,180.092,184.919,69.0374373460384,0.20489302869802756,EURJPY_merged,88.65825635006978
2026-01-13 01:00:00,2026-01-14 07:00:00,1.3,90.0,2.202671940059762,31466.742000853745,-1,114.465,114.79238851704827,114.03939492783725,108.198,114.637,67.75826019290766,0.14410405967787188,CADJPY_merged,114.79732805994024
2026-01-13 06:00:00,2026-01-14 07:00:00,1.2,15.0,0.3913418978963163,5590.598541375947,-1,185.264,185.76107736648106,184.66750716022273,180.092,184.919,69.27779677903474,0.20489302869802756,EURJPY_merged,17.608658102103682
2026-01-13 00:00:00,2026-01-14 07:00:00,1.5,60.0,1.1052360709700375,15789.086728143395,-1,106.511,106.91575171933845,105.90387242099231,102.321,104.393,68.43682479533261,0.14015745794387488,AUDJPY_merged,88.89476392902996
2026-01-14 06:00:00,2026-01-14 11:00:00,1.2,59.99999999999999,1.8839539118197026,26913.62731171004,-1,1.07758,1.0799823071751413,1.0746972313898304,1.06092,1.07612,57.594150957573625,0.0009873212284772887,GBPCHF_merged,70.11604608818028
2026-01-14 06:00:00,2026-01-14 11:00:00,1.5,59.99999999999999,1.8839539118197026,26913.62731171004,-1,1.07758,1.0799823071751413,1.073976539237288,1.06092,1.07612,57.69747251419992,0.0009873212284772887,GBPCHF_merged,88.11604608818028
2026-01-07 01:00:00,2026-01-14 17:00:00,1.5,14.999999999999998,0.23445829516782568,3349.404216683224,-1,0.53688,0.5392843679051598,0.5332734481422603,0.52354,0.53684,63.557261886988115,0.0008516526216091119,AUDCHF_merged,22.26554170483217
2026-01-14 06:00:00,2026-01-14 17:00:00,1.5,60.0,1.5591342718507886,22273.346740725552,-1,1.07758,1.080482787836629,1.0732258182450565,1.06092,1.07612,57.67152476353595,0.0009873212284772887,GBPCHF_merged,88.4408657281492
2026-01-13 02:00:00,2026-01-14 20:00:00,1.5,30.0,0.6840322495038171,9771.88927862596,-1,185.092,185.66023812076398,184.23964281885407,180.092,184.919,73.9995413200358,0.20394816674708338,EURJPY_merged,44.315967750496185
2026-01-13 02:00:00,2026-01-15 21:00:00,1.5,30.0,0.5750126357136747,8214.466224481068,-1,114.428,114.84590177306582,113.80114734040126,108.198,114.637,71.37169563222612,0.14352519827230928,CADJPY_merged,44.424987364286324
2026-01-15 21:00:00,2026-01-16 08:00:00,1.2,90.0,2.919504056703859,41707.200810055125,1,1.99755,1.993239485352451,2.0027226175770583,1.99962,2.02873,33.57345064093936,0.0017713300719682653,GBPAUD_merged,105.08049594329614
2026-01-15 14:00:00,2026-01-16 09:00:00,1.2,60.0,1.5609706021073448,22299.580030104928,1,1.73188,1.7272201454260703,1.737471825488716,1.74798,1.78061,36.1726048811417,0.0018914913530085967,EURAUD_merged,70.43902939789265
2026-01-15 13:00:00,2026-01-16 09:00:00,1.3,90.0,2.495111364471459,35644.448063877986,1,1.99658,1.9915387604869634,2.0031336113669473,1.99962,2.02873,30.28986800370128,0.0021074258903563585,GBPAUD_merged,114.50488863552854
2026-01-16 06:00:00,2026-01-19 05:00:00,-1.1,90.0,2.780453013371017,39720.75733387167,1,2.01573,2.0111627230350844,2.0212107323578987,2.01513,2.04389,35.581728428063315,0.0019063869209495347,EURNZD_merged,-101.78045301337103
2026-01-19 09:00:00,2026-01-19 20:00:00,-1.1,90.0,2.5995297976526537,37136.139966466486,1,2.01046,2.005587619613579,2.0163068564637054,2.01513,2.04389,35.342577517073615,0.0020315757447462663,EURNZD_merged,-101.59952979765266
2026-01-20 02:00:00,2026-01-20 04:00:00,1.3,90.0,2.4389147430505536,34841.639186436485,1,2.00154,1.9963697897513923,2.0082612733231895,2.01513,2.04389,32.5784242015598,0.0022716376780092576,EURNZD_merged,114.56108525694944
2026-01-20 04:00:00,2026-01-20 16:00:00,-1.1,60.0,1.383071793165703,19758.16847379576,-1,184.9,185.46148929060473,184.22621285127434,180.092,184.919,66.44341829023924,0.23874288029348958,EURJPY_merged,-67.3830717931657
2026-01-20 04:00:00,2026-01-20 16:00:00,-1.1,60.0,1.383071793165703,19758.16847379576,-1,184.9,185.46148929060473,184.05776606409293,182.632,184.919,68.61966721799817,0.23874288029348958,EURJPY_merged,-67.3830717931657
2026-01-20 07:00:00,2026-01-20 17:00:00,-1.1,90.0,1.952339157499184,27890.559392845484,1,0.57155,0.5697056662498066,0.5739476338752515,0.57367,0.57936,32.04605284114409,0.000830321079270664,CADCHF_merged,-100.9523391574992
2026-01-20 07:00:00,2026-01-20 17:00:00,-1.1,30.0,0.6236638975344613,8909.484250492305,1,0.57155,0.5696254778258851,0.5744367832611723,0.57367,0.57936,30.05802259885808,0.000830321079270664,CADCHF_merged,-33.62366389753446
2026-01-20 04:00:00,2026-01-21 01:00:00,-1.1,60.0,0.9951921226651406,14217.030323787723,-1,106.293,106.74158735296704,105.62011897054946,102.321,104.393,50.749927274626195,0.1988462972789122,AUDJPY_merged,-66.99519212266515
2026-01-20 04:00:00,2026-01-21 01:00:00,-1.1,90.0,1.5576920180845677,22252.743115493828,-1,106.293,106.72289621326009,105.73413492276191,98.824,104.393,51.35099155004763,0.1988462972789122,AUDJPY_merged,-100.55769201808458
2026-01-20 21:00:00,2026-01-21 03:00:00,1.3,90.00000000000001,2.1515330282783673,30736.186118262398,-1,200.086,200.6718807573169,199.32435501548807,192.395,198.566,65.64379934727106,0.25424999519004415,CHFJPY_merged,114.84846697172166
2026-01-20 04:00:00,2026-01-21 08:00:00,-1.1,90.0,1.2795327291408949,18279.03898772707,-1,106.293,106.81635191179488,105.5079721323077,102.321,104.393,51.35099155004763,0.1988462972789122,AUDJPY_merged,-100.27953272914091
2026-01-20 04:00:00,2026-01-21 08:00:00,-1.1,60.0,0.8236072739297714,11765.818198996736,-1,106.293,106.83504305150184,105.47993542274726,102.321,104.393,51.03620385859708,0.1988462972789122,AUDJPY_merged,-66.82360727392977
2026-01-20 15:00:00,2026-01-21 10:00:00,1.3,90.00000000000001,1.9295440939320305,27564.915627600443,1,1.0612,1.057735160807662,1.0657042909500394,1.06092,1.07612,30.82609270610888,0.0014631338354159527,GBPCHF_merged,115.07045590606799
2026-01-20 21:00:00,2026-01-21 14:00:00,1.5,60.0,1.1375921758713206,16251.316798161723,-1,200.086,200.82471921574736,198.97792117637897,195.894,198.566,65.3718814012444,0.25424999519004415,CHFJPY_merged,88.86240782412868
2026-01-20 22:00:00,2026-01-21 17:00:00,1.5,60.0,1.1795103467980046,16850.147811400067,-1,199.927,200.63889998653212,198.8591500202018,195.894,198.566,65.55281091736485,0.2582321383907555,CHFJPY_merged,88.82048965320199
2026-01-21 09:00:00,2026-01-21 19:00:00,-1.1,90.00000000000001,2.212310416436042,31604.434520514893,1,1.98502,1.979367255291531,1.99236856812101,1.99962,2.02873,34.12021932403076,0.0025607354413074187,GBPAUD_merged,-101.21231041643607
2026-01-20 04:00:00,2026-01-21 23:00:00,-1.1,90.00000000000001,1.7782351626416184,25403.359466308837,-1,184.9,185.55507083903885,183.91739374144177,182.632,184.919,65.46483546254316,0.23874288029348958,EURJPY_merged,-100.77823516264165
2026-01-22 05:00:00,2026-01-22 06:00:00,-1.1,15.0,0.461354035451134,6590.771935016201,1,1.97632,1.9718220746746675,1.9821673029229323,1.99962,2.02873,35.9608738344299,0.0027004030905947523,GBPAUD_merged,-16.961354035451134
2026-01-21 09:00:00,2026-01-22 06:00:00,-1.1,90.0,2.090199644684727,29859.994924067534,1,2.29261,2.2856999217992264,2.301593101661005,2.29618,2.3551,38.149473995207615,0.0031897831245358177,GBPNZD_merged,-101.09019964468474
2026-01-21 10:00:00,2026-01-22 08:00:00,-1.1,90.0,1.5355019310554114,21935.741872220162,-1,0.58571,0.5881131054115729,0.5821053418826405,0.57108,0.5853,61.21180161513931,0.0009012339375114602,NZDUSD_merged,-100.53550193105542
2026-01-22 04:00:00,2026-01-22 10:00:00,-1.1,30.000000000000004,0.606557793375388,8665.111333934114,-1,0.68014,0.6824947533567276,0.6766078699649085,0.6592,0.67661,70.28544818531789,0.0009832081439719973,AUDUSD_merged,-33.606557793375394
2026-01-22 04:00:00,2026-01-22 11:00:00,-1.1,90.0,1.5059365904492386,21513.379863560556,-1,0.68014,0.6829853269727125,0.6758720095409312,0.6592,0.67661,69.83255224141472,0.0009832081439719973,AUDUSD_merged,-100.50593659044925
2026-01-22 20:00:00,2026-01-23 02:00:00,1.5,30.0,0.724339153300319,10347.702190004557,-1,200.798,201.38015243243268,199.924771351351,195.894,198.566,71.00184653021721,0.23838040540549643,CHFJPY_merged,44.27566084669968
2026-01-22 20:00:00,2026-01-23 02:00:00,1.5,60.0,1.1989061847729414,17127.23121104202,-1,200.798,201.50143418918947,199.7428487162158,195.894,198.566,69.94726842906744,0.23838040540549643,CHFJPY_merged,88.80109381522706
2026-01-22 03:00:00,2026-01-23 06:00:00,-1.1,90.0,2.0108747635099578,28726.782335856537,1,1.71819,1.7128069710832188,1.725187937591816,1.72905,1.78061,30.398636453551585,0.0022754154011850286,EURAUD_merged,-101.01087476350997
2026-01-23 12:00:00,2026-01-23 12:00:00,1.0,15.0,0.1879333965594444,2684.7628079920632,-1,214.099,215.295189469863,212.90281053013697,206.765,214.291,37.69762854186401,0.4892306184290478,GBPJPY_merged,14.812066603440556
2026-01-23 12:00:00,2026-01-23 12:00:00,1.0,15.0,0.18166895000746297,2595.2707143923285,-1,214.099,215.3364373826169,212.86156261738307,206.765,214.291,37.69762854186401,0.4892306184290478,GBPJPY_merged,14.818331049992537
2026-01-26 08:00:00,2026-01-26 10:00:00,-1.1,30.0,0.4365433638426807,6236.333769181154,-1,0.59625,0.5991182717542151,0.5933817282457848,0.57108,0.5853,65.17646576832296,0.0009969835666206088,NZDUSD_merged,-33.43654336384268
2026-01-26 08:00:00,2026-01-26 10:00:00,-1.1,15.0,0.21827168192134036,3118.166884590577,-1,0.59625,0.5991182717542151,0.5919475923686773,0.57108,0.5853,65.17646576832296,0.0009969835666206088,NZDUSD_merged,-16.71827168192134
2026-01-25 20:00:00,2026-01-26 10:00:00,-1.1,14.999999999999998,0.2416275046261433,3451.82149465919,-1,0.8163,0.819847257591085,0.811333839372481,0.78728,0.80032,60.65334398981639,0.0012985277429657374,NZDCAD_merged,-16.741627504626145
2026-01-26 08:00:00,2026-01-26 10:00:00,-1.1,30.0,0.42199191838125805,6028.455976875115,-1,0.59625,0.5992171776767742,0.5932828223232257,0.57108,0.5853,65.17646576832296,0.0009969835666206088,NZDUSD_merged,-33.42199191838126
2026-01-26 01:00:00,2026-01-27 08:00:00,-1.1,15.0,0.3017860128892132,4311.228755560189,1,0.92184,0.918632654534472,0.9263302836517392,0.92645,0.93495,31.514670676190473,0.0010784111096518263,EURCHF_merged,-16.801786012889213
2026-01-26 07:00:00,2026-01-27 09:00:00,-1.1,60.0,1.1016627509184764,15738.039298835378,1,0.92158,0.9180665509006517,0.9250934490993482,0.92645,0.93495,38.545490276344175,0.0011546390069411183,EURCHF_merged,-67.10166275091848
2026-01-26 07:00:00,2026-01-27 09:00:00,-1.1,60.0,1.139651121639803,16280.730309140046,1,0.92158,0.91818366587063,0.9249763341293699,0.92645,0.93495,38.545490276344175,0.0011546390069411183,EURCHF_merged,-67.1396511216398
2026-01-26 14:00:00,2026-01-27 10:00:00,-1.1,15.0,0.1292578921654294,1846.5413166489918,1,154.159,152.90672095314042,155.41127904685956,154.393,159.452,35.95716614642901,0.41861890662990997,USDJPY_merged,-16.62925789216543
2026-01-26 14:00:00,2026-01-27 12:00:00,-1.1,15.0,0.1249492957599151,1784.9899394273589,1,154.159,152.86353891704184,155.45446108295815,154.393,159.452,35.95716614642901,0.41861890662990997,USDJPY_merged,-16.624949295759915
2026-01-27 11:00:00,2026-01-27 15:00:00,-1.1,15.000000000000002,0.1753513391760203,2505.0191310860046,1,0.56418,0.5608017024473058,0.5675582975526943,0.57367,0.5786,33.85083243254812,0.0011163778139291764,CADCHF_merged,-16.675351339176025
2026-01-27 11:00:00,2026-01-27 15:00:00,-1.1,15.000000000000002,0.18139793707864166,2591.3991011234525,1,0.56418,0.560914312365729,0.5674456876342711,0.57367,0.5786,33.85083243254812,0.0011163778139291764,CADCHF_merged,-16.681397937078646
2026-01-27 20:00:00,2026-01-28 03:00:00,1.5,59.99999999999999,0.8377182511726436,11967.403588180625,1,0.56141,0.5585953042515197,0.5656320436227205,0.57367,0.5786,38.86191506528943,0.001271592361371575,CADCHF_merged,89.16228174882734
2026-01-27 20:00:00,2026-01-28 03:00:00,1.3,60.00000000000001,0.7679083969082569,10970.119955832242,1,0.56141,0.5583394228198396,0.5654017503342084,0.57367,0.57936,38.86191506528943,0.001271592361371575,CADCHF_merged,77.23209160309176
2026-01-27 20:00:00,2026-01-28 03:00:00,1.2,59.99999999999999,0.8377182511726436,11967.403588180625,1,0.56141,0.5585953042515197,0.5647876348981763,0.57367,0.5786,38.86191506528943,0.001271592361371575,CADCHF_merged,71.16228174882734
2026-01-27 20:00:00,2026-01-28 03:00:00,1.2,59.99999999999999,0.8012957185129636,11447.081693042337,1,0.56141,0.5584673635356796,0.5649411637571844,0.57367,0.5786,38.99585563856638,0.001271592361371575,CADCHF_merged,71.19870428148703
2026-01-27 20:00:00,2026-01-28 03:00:00,1.5,59.99999999999999,0.8377182511726436,11967.403588180625,1,0.56141,0.5585953042515197,0.5656320436227205,0.57367,0.5786,38.86191506528943,0.001271592361371575,CADCHF_merged,89.16228174882734
2026-01-27 21:00:00,2026-01-28 03:00:00,1.0,15.0,0.15483657025717742,2211.9510036739634,1,0.56254,0.5587252229158853,0.5663547770841147,0.57367,0.5786,41.06505206166075,0.001219335764130763,CADCHF_merged,14.845163429742822
2026-01-27 21:00:00,2026-01-28 03:00:00,1.0,15.0,0.16017576233501107,2288.225176214444,1,0.56254,0.5588523821520225,0.5662276178479776,0.57367,0.5786,41.06505206166075,0.001219335764130763,CADCHF_merged,14.839824237664988
2026-01-27 20:00:00,2026-01-28 08:00:00,1.4,60.0,0.6355103974413159,9078.71996344737,1,0.56141,0.5576997192406395,0.5666043930631045,0.57367,0.5786,39.18894301222408,0.001271592361371575,CADCHF_merged,83.36448960255868
2026-01-28 07:00:00,2026-01-28 09:00:00,-1.1,90.0,2.2851278957978325,32644.684225683326,1,1.35737,1.3536277888897486,1.3618606533323017,1.3642,1.39282,31.909131598934724,0.001747361832248947,USDCAD_merged,-101.28512789579784
2026-01-27 20:00:00,2026-01-28 09:00:00,1.5,60.0,0.6355103974413159,9078.71996344737,1,0.56141,0.5576997192406395,0.5669754211390405,0.57367,0.57936,41.06505206166076,0.001271592361371575,CADCHF_merged,89.36448960255868
2026-01-27 23:00:00,2026-01-28 10:00:00,1.0,30.0,0.37786144672782446,5398.02066754035,-1,1.1997,1.206367443905212,1.193032556094788,1.15777,1.18079,65.59667441248064,0.002208467260289528,EURUSD_merged,29.622138553272176
2026-01-27 20:00:00,2026-01-28 10:00:00,1.5,60.0,0.7342261524581777,10488.945035116825,1,0.76375,0.7593811144880083,0.7703033282679878,0.7861,0.80405,34.27904066735018,0.001996152975840699,USDCHF_merged,89.26577384754182
2026-01-27 21:00:00,2026-01-28 10:00:00,1.2,60.0,0.7324092525900592,10462.989322715131,1,0.76581,0.7614184634531505,0.7710798438562194,0.7861,0.80405,33.88667329388905,0.001929999191852095,USDCHF_merged,71.26759074740994
2026-01-27 19:00:00,2026-01-28 10:00:00,1.2,15.0,0.18357522307822668,2622.50318683181,1,152.49,151.6177989626532,153.53664124481617,154.393,159.452,32.58922848686019,0.38799394433468876,USDJPY_merged,17.816424776921775
2026-01-27 21:00:00,2026-01-28 10:00:00,1.0,30.0,0.27781040615485003,3968.720087926429,1,0.76581,0.760021156370062,0.771598843629938,0.7861,0.80405,35.742756951278544,0.001929999191852095,USDCHF_merged,29.72218959384515
2026-01-27 21:00:00,2026-01-28 10:00:00,1.2,60.0,0.7005653720426653,10008.076743466649,1,0.76581,0.7612188481555664,0.7713193822133203,0.7861,0.80405,33.9826774165084,0.001929999191852095,USDCHF_merged,71.29943462795734
2026-01-27 19:00:00,2026-01-28 10:00:00,1.2,15.0,0.17559369164004296,2508.481309143471,1,152.49,151.57815346095563,153.58421584685328,154.393,159.452,32.546892033137595,0.38799394433468876,USDJPY_merged,17.824406308359958
2026-01-27 20:00:00,2026-01-28 10:00:00,1.5,60.0,0.7342261524581777,10488.945035116825,1,0.76375,0.7593811144880083,0.7703033282679878,0.7861,0.80405,34.27904066735018,0.001996152975840699,USDCHF_merged,89.26577384754182
2026-01-27 23:00:00,2026-01-28 10:00:00,1.0,30.0,0.3652660651702303,5218.086645289005,-1,1.1997,1.2065973557640124,1.1928026442359876,1.15777,1.18079,65.59667441248064,0.002208467260289528,EURUSD_merged,29.634733934829768
2026-01-27 21:00:00,2026-01-28 10:00:00,1.0,30.0,0.26855005928302167,3836.4294183288816,1,0.76581,0.7598215410724779,0.7717984589275221,0.7861,0.80405,35.742756951278544,0.001929999191852095,USDCHF_merged,29.731449940716978
2026-01-27 20:00:00,2026-01-28 10:00:00,1.4,14.999999999999998,0.149564586611851,2136.6369515978718,1,0.76375,0.7583881859625556,0.7712565396524222,0.7861,0.80405,34.27904066735018,0.001996152975840699,USDCHF_merged,20.850435413388144
2026-01-27 19:00:00,2026-01-28 11:00:00,1.3,15.0,0.1682772878217078,2403.961254595826,1,152.49,151.53850795925806,153.72693965296457,154.343,159.452,32.58922848686019,0.38799394433468876,USDJPY_merged,19.33172271217829
2026-01-27 19:00:00,2026-01-28 13:00:00,1.5,15.0,0.18357522307822668,2622.50318683181,1,152.49,151.6177989626532,153.79830155602022,154.393,159.452,32.58922848686019,0.38799394433468876,USDJPY_merged,22.316424776921775
2026-01-27 19:00:00,2026-01-28 13:00:00,1.4,15.0,0.21279282459048326,3039.8974941497613,1,1.05476,1.0495554166117613,1.062046416743534,1.06092,1.07979,35.45934648684669,0.0017350636464803296,GBPCHF_merged,20.787207175409517
2026-01-27 19:00:00,2026-01-28 13:00:00,1.5,15.0,0.18357522307822668,2622.50318683181,1,152.49,151.6177989626532,153.79830155602022,154.393,159.452,32.58922848686019,0.38799394433468876,USDJPY_merged,22.316424776921775
2026-01-28 03:00:00,2026-01-28 14:00:00,1.4,60.0,0.7979660752114001,11399.515360162859,-1,1.19913,1.2054414788415857,1.19029392962178,1.15777,1.18079,61.84195963050785,0.002414900130704103,EURUSD_merged,83.2020339247886
2026-01-27 23:00:00,2026-01-28 14:00:00,1.4,90.0,1.1335843401834733,16194.062002621049,-1,1.1997,1.206367443905212,1.1903655785327032,1.15777,1.18079,66.64514708705632,0.002208467260289528,EURUSD_merged,124.86641565981651
2026-01-27 19:00:00,2026-01-28 14:00:00,1.5,15.0,0.21279282459048326,3039.8974941497613,1,1.05476,1.0495554166117613,1.0625668750823578,1.06092,1.07979,33.73939183763032,0.0017350636464803296,GBPCHF_merged,22.287207175409517
2026-01-28 07:00:00,2026-01-28 22:00:00,-1.1,90.0,1.7335453002604244,24764.93286086321,1,1.35737,1.3524370853546686,1.364276080503464,1.3642,1.39282,31.64259113982723,0.001747361832248947,USDCAD_merged,-100.73354530026045
2026-01-28 19:00:00,2026-01-28 23:00:00,-1.1,90.0,0.9119066953307333,13027.238504724763,-1,0.53878,0.5425022163378995,0.5331966754931508,0.52354,0.53684,56.13148362743594,0.0012596998126279202,AUDCHF_merged,-99.91190669533074
2026-01-28 19:00:00,2026-01-28 23:00:00,-1.1,90.0,1.0338648187996102,14769.497411423003,-1,107.76,108.41665064489595,106.84068909714567,102.321,104.393,62.51604403749724,0.2331147385134825,AUDJPY_merged,-100.03386481879963
2026-01-28 19:00:00,2026-01-28 23:00:00,-1.1,30.0,0.2938366018287919,4197.665740411313,-1,0.53878,0.5426305686254134,0.5349294313745867,0.53002,0.53773,56.13148362743594,0.0012596998126279202,AUDCHF_merged,-33.293836601828794
2026-01-28 19:00:00,2026-01-28 23:00:00,-1.1,90.0,1.1104473979699514,15863.534256713594,-1,107.76,108.37136439352382,106.90408984906666,102.321,104.393,61.006381482956144,0.2331147385134825,AUDJPY_merged,-100.11044739796996
2026-01-28 19:00:00,2026-01-28 23:00:00,-1.1,30.0,0.3039688984435778,4342.412834908254,-1,0.53878,0.5425022163378995,0.5350577836621006,0.53002,0.53773,56.13148362743594,0.0012596998126279202,AUDCHF_merged,-33.30396889844358
2026-01-28 12:00:00,2026-01-29 08:00:00,-1.1,60.0,0.7629775212633272,10899.67887519039,-1,0.46399,0.4665441486422474,0.4614358513577526,0.4511,0.46137,64.75276607789014,0.0008792594174683713,NZDCHF_merged,-66.76297752126332
2026-01-28 12:00:00,2026-01-29 09:00:00,-1.1,60.0,0.7375449372212164,10536.356246017378,-1,0.46399,0.46663222273335936,0.46134777726664067,0.4511,0.46137,64.75276607789014,0.0008792594174683713,NZDCHF_merged,-66.73754493722122
2026-01-29 02:00:00,2026-01-29 10:00:00,1.4,90.0,1.1155685980501566,15936.69425785938,-1,93.115,93.64085246754465,92.37880654543748,89.674,91.36,66.71887144361976,0.17673354872119343,NZDJPY_merged,124.88443140194983
2026-01-29 05:00:00,2026-01-29 10:00:00,1.5,90.00000000000001,0.8295669340868883,11850.956201241263,-1,0.70555,0.71090817523259,0.697512737151115,0.6592,0.67661,51.01898276859609,0.0018999575867899084,AUDUSD_merged,134.17043306591313
2026-01-29 04:00:00,2026-01-29 10:00:00,1.5,90.0,1.1142899264616763,15918.42752088109,-1,93.006,93.53183962762779,92.21724055855832,89.674,91.36,64.16998912063919,0.17637229456062048,NZDJPY_merged,133.88571007353832
2026-01-29 04:00:00,2026-01-29 10:00:00,1.5,89.99999999999999,1.101591610319527,15737.023004564671,-1,0.95509,0.960552157612343,0.9468967635814854,0.90866,0.93444,57.2466947754835,0.0018289667231640187,AUDCAD_merged,133.89840838968044
2026-01-29 04:00:00,2026-01-29 10:00:00,1.5,60.0,0.6837053681811377,9767.219545444825,-1,0.54145,0.5447761257053602,0.5364608114419598,0.52354,0.53684,64.2714209389975,0.0011385870485143281,AUDCHF_merged,89.31629463181886
2026-01-29 05:00:00,2026-01-29 10:00:00,1.4,90.00000000000001,0.8295669340868883,11850.956201241263,-1,0.70555,0.71090817523259,0.698048554674374,0.6592,0.67661,55.30285404000836,0.0018999575867899084,AUDUSD_merged,125.17043306591313
2026-01-29 04:00:00,2026-01-29 10:00:00,1.4,89.99999999999999,1.101591610319527,15737.023004564671,-1,0.95509,0.960552157612343,0.9474429793427198,0.91331,0.93444,58.15998028025076,0.0018289667231640187,AUDCAD_merged,124.89840838968044
2026-01-29 02:00:00,2026-01-29 10:00:00,1.4,90.0,0.9818162739896746,14025.946771281067,-1,0.54215,0.5456288025931988,0.5372796763695218,0.52354,0.53684,63.16529926018842,0.0011674737367385133,AUDCHF_merged,125.0181837260103
2026-01-29 05:00:00,2026-01-29 10:00:00,1.0,30.000000000000004,0.2765223113622961,3950.3187337470877,-1,0.70555,0.71090817523259,0.70019182476741,0.66593,0.67661,51.01898276859609,0.0018999575867899084,AUDUSD_merged,29.723477688637708
2026-01-29 02:00:00,2026-01-29 10:00:00,1.4,90.0,1.1982033090168351,17117.190128811933,-1,93.115,93.60458678012778,92.4295785078211,89.674,91.36,64.68731801342949,0.17673354872119343,NZDJPY_merged,124.80179669098315
2026-01-29 04:00:00,2026-01-29 10:00:00,1.0,15.0,0.18571498774361272,2653.071253480182,-1,93.006,93.53183962762779,92.48016037237221,89.674,91.36,64.16998912063919,0.17637229456062048,NZDJPY_merged,14.814285012256388
2026-01-29 05:00:00,2026-01-29 10:00:00,1.0,30.0,0.267304900983553,3818.6414426221854,-1,0.70555,0.7110929398957828,0.7000070601042172,0.66593,0.67661,51.01898276859609,0.0018999575867899084,AUDUSD_merged,29.732695099016446
2026-01-29 04:00:00,2026-01-29 10:00:00,1.0,15.0,0.179524488152159,2564.635545030843,-1,93.006,93.54997202858047,92.46202797141953,89.674,91.36,64.16998912063919,0.17637229456062048,NZDJPY_merged,14.82047551184784
2026-01-29 04:00:00,2026-01-29 10:00:00,1.0,30.0,0.3549572966585143,5070.818523693061,-1,0.95509,0.9607405078748376,0.9494394921251624,0.91331,0.93444,57.2466947754835,0.0018289667231640187,AUDCAD_merged,29.645042703341485
2026-01-29 05:00:00,2026-01-29 10:00:00,1.4,90.0,0.8910163366118431,12728.804808740617,-1,0.70555,0.7105386459062045,0.6985658957313137,0.66593,0.67661,56.59148155348931,0.0018999575867899084,AUDUSD_merged,125.10898366338814
2026-01-29 04:00:00,2026-01-29 10:00:00,1.4,90.0,1.1831909888617143,16902.728412310207,-1,0.95509,0.9601754570873539,0.9479703600777046,0.91331,0.93444,58.366123013490345,0.0018289667231640187,AUDCAD_merged,124.81680901113828
2026-01-29 02:00:00,2026-01-29 10:00:00,1.4,60.0,0.7030289369308782,10043.270527583974,-1,0.54215,0.5453888851729781,0.5376155607578307,0.53002,0.53773,62.04611506529575,0.0011674737367385133,AUDCHF_merged,83.29697106306912
2026-01-29 04:00:00,2026-01-29 10:00:00,1.0,29.999999999999996,0.3671972034398423,5245.674334854891,-1,0.95509,0.960552157612343,0.949627842387657,0.91331,0.93444,57.2466947754835,0.0018289667231640187,AUDCAD_merged,29.632802796560153
2026-01-29 11:00:00,2026-01-29 13:00:00,-1.1,29.999999999999996,0.2732812762134306,3904.0182316204377,-1,92.178,92.88633173308521,91.46966826691478,89.674,91.36,45.50884226849133,0.24895982214542495,NZDJPY_merged,-33.27328127621343
2026-01-29 11:00:00,2026-01-29 13:00:00,-1.1,30.0,0.2827047684966523,4038.6395499521764,-1,92.178,92.86272067531571,91.49327932468428,89.674,91.36,45.50884226849133,0.24895982214542495,NZDJPY_merged,-33.28270476849665
2026-01-29 11:00:00,2026-01-29 13:00:00,-1.1,90.0,0.8481143054899569,12115.918649856529,-1,92.178,92.86272067531571,91.15091898702643,89.674,91.36,45.50884226849133,0.24895982214542495,NZDJPY_merged,-99.84811430548997
2026-01-28 19:00:00,2026-01-29 17:00:00,-1.1,30.0,0.49782265032971773,7111.752147567397,1,2.27948,2.269864310563552,2.289095689436448,2.29618,2.34529,41.432836180753775,0.0033089153367936693,GBPNZD_merged,-33.49782265032972
2026-01-28 19:00:00,2026-01-29 17:00:00,-1.1,30.000000000000004,0.48122856198539393,6874.693742648486,1,2.27948,2.2695327350657433,2.2894272649342566,2.29618,2.34529,41.432836180753775,0.0033089153367936693,GBPNZD_merged,-33.481228561985404
2026-01-27 19:00:00,2026-01-30 04:00:00,1.5,60.0,0.5570558493408257,7957.94070486894,1,152.49,151.34028045077014,154.21457932384482,154.343,159.452,32.85688220564383,0.38799394433468876,USDJPY_merged,89.44294415065917
2026-01-27 20:00:00,2026-01-30 04:00:00,1.4,60.0,0.56973374096949,8139.053442421287,1,152.632,151.50681756142941,154.20725541399884,154.393,159.452,38.17089575097274,0.38835151973935395,USDJPY_merged,83.4302662590305
2026-01-27 21:00:00,2026-01-30 04:00:00,1.0,30.0,0.2852721218738131,4075.316026768759,1,152.99,151.8637805927559,154.11621940724413,154.393,159.452,39.127585053465985,0.37882641118654464,USDJPY_merged,29.714727878126187
2026-01-27 21:00:00,2026-01-30 04:00:00,1.0,30.0,0.27576305114468597,3939.4721592098,1,152.99,151.82494544078196,154.15505455921806,154.393,159.452,39.127585053465985,0.37882641118654464,USDJPY_merged,29.724236948855314
2026-01-29 10:00:00,2026-01-30 09:00:00,-1.1,60.0,0.8788922874085253,12555.604105836077,1,1.9703,1.9608844434880635,1.9797155565119364,2.01513,2.04389,52.95946002288223,0.0035464817775041186,EURNZD_merged,-66.87889228740852
2026-01-29 10:00:00,2026-01-30 09:00:00,-1.1,60.0,0.9091989180088192,12988.555971554562,1,1.9703,1.9611982953717948,1.979401704628205,2.01513,2.04389,52.95946002288223,0.0035464817775041186,EURNZD_merged,-66.90919891800883
2026-01-28 03:00:00,2026-01-30 10:00:00,1.4,60.0,0.9388036480136719,13411.480685909599,-1,1.38013,1.3863043965442234,1.3714858448380873,1.33407,1.35674,61.46729869960388,0.002380612568119185,GBPUSD_merged,83.06119635198633
2026-01-27 21:00:00,2026-01-30 10:00:00,1.0,30.0,0.3798679944854156,5426.685635505937,-1,1.37999,1.3876189106796841,1.372361089320316,1.33407,1.35674,64.02884477486147,0.0024713294960927307,GBPUSD_merged,29.620132005514584
2026-01-27 21:00:00,2026-01-30 10:00:00,1.0,30.0,0.3929668908469816,5613.812726385452,-1,1.37999,1.3873646136570281,1.372615386342972,1.33407,1.35674,64.02884477486147,0.0024713294960927307,GBPUSD_merged,29.60703310915302
2026-01-29 04:00:00,2026-01-30 13:00:00,1.0,30.0,0.28567735744875083,4081.1051064107264,-1,0.60658,0.6110389393131324,0.6021210606868677,0.57108,0.5853,58.12914046579862,0.0014601478826362223,NZDUSD_merged,29.71432264255125
2026-01-29 04:00:00,2026-01-30 13:00:00,1.0,30.0,0.2955283008090525,4221.832868700751,-1,0.60658,0.6108903080026946,0.6022696919973054,0.57108,0.5853,58.12914046579862,0.0014601478826362223,NZDUSD_merged,29.704471699190947
2026-01-27 21:00:00,2026-01-30 13:00:00,1.4,90.0,1.1789006725409448,16841.438179156357,-1,1.37999,1.3873646136570281,1.3696655408801608,1.33407,1.35674,65.54431375191767,0.0024713294960927307,GBPUSD_merged,124.82109932745904
2026-01-29 04:00:00,2026-02-01 17:00:00,1.5,90.0,0.8865849024271575,12665.498606102252,-1,0.60658,0.6108903080026946,0.600114537995958,0.57108,0.5853,58.12914046579862,0.0014601478826362223,NZDUSD_merged,134.11341509757284
2026-01-29 04:00:00,2026-02-01 17:00:00,1.4,90.0,0.9522578581625025,13603.683688035751,-1,0.60658,0.6105930453818191,0.6009617364654533,0.57108,0.5853,60.810316306808474,0.0014601478826362223,NZDUSD_merged,125.04774214183749
2026-01-29 04:00:00,2026-02-01 17:00:00,1.4,90.0,0.8865849024271575,12665.498606102252,-1,0.60658,0.6108903080026946,0.6005455687962276,0.57108,0.5853,60.215479226684,0.0014601478826362223,NZDUSD_merged,125.11341509757283
2026-01-27 21:00:00,2026-02-01 18:00:00,1.4,90.0,0.83343121846455,11906.160263779288,1,0.76581,0.760021156370062,0.7739143810819132,0.7861,0.80405,34.129007987013985,0.001929999191852095,USDCHF_merged,125.16656878153543
2026-01-29 12:00:00,2026-02-02 05:00:00,1.0,30.0,0.6253295625999699,8933.279465713857,1,0.9165,0.9134221829334315,0.9195778170665685,0.92645,0.93495,36.8858568853852,0.0010069433777473902,EURCHF_merged,29.37467043740003
2026-01-29 12:00:00,2026-02-02 05:00:00,1.0,30.000000000000004,0.6468926509654861,9241.323585221231,1,0.9165,0.9135247768356505,0.9194752231643495,0.92645,0.93495,36.8858568853852,0.0010069433777473902,EURCHF_merged,29.353107349034516
2026-01-29 18:00:00,2026-02-02 05:00:00,1.4,90.0,2.018878748879639,28841.12498399485,1,0.91508,0.9122244525813157,0.9190777663861581,0.92645,0.93495,34.50937171158361,0.0009843378434211045,EURCHF_merged,123.98112125112034
2026-01-29 18:00:00,2026-02-02 05:00:00,1.5,90.0,2.018878748879639,28841.12498399485,1,0.91508,0.9122244525813157,0.9193633211280265,0.92645,0.93495,31.903847936453467,0.0009843378434211045,EURCHF_merged,132.98112125112036
2026-02-02 22:00:00,2026-02-02 22:00:00,-1.1,90.00000000000001,0.9739082002645503,13912.974289493575,-1,0.54211,0.545616791501573,0.5368498127476404,0.52354,0.53684,73.25486331144852,0.0014742928453312652,AUDCHF_merged,-99.97390820026457
2026-02-02 22:00:00,2026-02-02 22:00:00,-1.1,30.000000000000004,0.31381486452968843,4483.069493281264,-1,0.54211,0.5457377153464549,0.5384822846535451,0.53002,0.53773,73.25486331144852,0.0014742928453312652,AUDCHF_merged,-33.3138148645297
2026-02-02 22:00:00,2026-02-02 22:00:00,-1.1,30.000000000000004,0.3246360667548501,4637.658096497858,-1,0.54211,0.545616791501573,0.5386032084984269,0.53002,0.53773,73.25486331144852,0.0014742928453312652,AUDCHF_merged,-33.324636066754856
2026-02-03 10:00:00,2026-02-04 09:00:00,1.0,60.0,0.9167558474046501,13096.512105780717,1,1.95581,1.9468497059116066,1.9647702940883935,2.01513,2.04389,38.07685178799989,0.0032412025406185984,EURNZD_merged,59.08324415259535
2026-02-03 10:00:00,2026-02-04 10:00:00,1.0,60.00000000000001,0.8861973191578286,12659.961702254695,1,1.95581,1.9465407302533861,1.965079269746614,2.01513,2.04389,38.07685178799989,0.0032412025406185984,EURNZD_merged,59.11380268084218
2026-02-03 05:00:00,2026-02-04 21:00:00,1.0,30.0,0.25608547836288653,3658.363976612665,-1,0.54561,0.5500842130921472,0.5411357869078529,0.53002,0.53773,59.95705959206364,0.001502629807830376,AUDCHF_merged,29.743914521637112
2026-02-02 21:00:00,2026-02-04 22:00:00,1.0,30.0,0.8892569964832776,12703.671378332538,1,0.86318,0.8611415814020372,0.8652184185979627,0.8644,0.87454,34.43458688530295,0.0006459390898456051,EURGBP_merged,29.110743003516724
2026-02-02 21:00:00,2026-02-04 22:00:00,1.0,30.0,0.9199210308447698,13141.729012068141,1,0.86318,0.861209528688636,0.8651504713113639,0.8644,0.87454,34.43458688530295,0.0006459390898456051,EURGBP_merged,29.08007896915523
2026-02-04 09:00:00,2026-02-04 22:00:00,1.4,90.0,1.7995369987317162,25707.671410453095,-1,214.58,215.3312232318384,213.52828747542625,209.609,214.852,57.894227883057276,0.2779680298989925,GBPJPY_merged,124.20046300126828
2026-02-04 10:00:00,2026-02-05 02:00:00,-1.1,90.0,2.140162740095566,30573.75342993666,-1,184.829,185.3730813813757,184.01287792793644,182.632,184.919,59.209092835437325,0.19328467876562017,EURJPY_merged,-101.14016274009558
2026-02-04 10:00:00,2026-02-05 04:00:00,-1.1,90.0,1.9724461430464724,28177.802043521035,-1,201.55,202.19375141723202,200.64874801587519,196.504,201.316,62.027327289393455,0.24761027576762557,CHFJPY_merged,-100.97244614304648
2026-02-03 05:00:00,2026-02-05 07:00:00,1.0,30.0,0.24754929575079038,3536.418510725577,-1,0.54561,0.5502384963022212,0.5409815036977789,0.53002,0.53773,59.95705959206364,0.001502629807830376,AUDCHF_merged,29.75245070424921
2026-02-04 10:00:00,2026-02-05 07:00:00,-1.1,60.0,1.1834676858278836,16906.681226112625,-1,201.55,202.26527935248004,200.83472064752,195.894,201.316,61.521534139966015,0.24761027576762557,CHFJPY_merged,-67.18346768582788
2026-02-04 10:00:00,2026-02-05 07:00:00,-1.1,60.00000000000001,1.2242769163736724,17489.67023390961,-1,201.55,202.24143670739736,200.85856329260267,195.894,201.316,61.521534139966015,0.24761027576762557,CHFJPY_merged,-67.22427691637368
2026-02-03 05:00:00,2026-02-05 09:00:00,1.0,29.999999999999996,0.30925265556237685,4417.895079462527,-1,0.9586,0.965109434806111,0.952090565193889,0.91331,0.93444,61.67735095480665,0.00218073035663654,AUDCAD_merged,29.690747344437618
2026-02-03 05:00:00,2026-02-05 09:00:00,1.0,30.0,0.29894423371029766,4270.63191014711,-1,0.9586,0.9653338980752872,0.9518661019247128,0.91331,0.93444,61.67735095480665,0.00218073035663654,AUDCAD_merged,29.701055766289702
2026-02-03 00:00:00,2026-02-05 10:00:00,1.4,90.0,0.8181140355478844,11687.343364969778,-1,0.54536,0.5495596199193662,0.5394805321128873,0.53002,0.53773,62.29811508908885,0.0015078851574540032,AUDCHF_merged,125.1818859644521
2026-02-03 05:00:00,2026-02-05 10:00:00,1.4,89.99999999999999,0.9964807790343254,14235.439700490366,-1,0.9586,0.9646605082677585,0.950115288425138,0.91331,0.93444,59.816109212693256,0.00218073035663654,AUDCAD_merged,125.00351922096564
2026-02-03 05:00:00,2026-02-05 10:00:00,1.0,30.000000000000004,0.22989943889183548,3284.2776984547927,-1,0.70056,0.7069592152703433,0.6941607847296566,0.66593,0.67661,54.79722617901019,0.0021332955299128904,AUDUSD_merged,29.77010056110817
2026-02-03 00:00:00,2026-02-05 10:00:00,1.4,90.0,0.7616923779238924,10881.319684627037,-1,0.54536,0.5498707028763563,0.5390450159731011,0.53002,0.53684,63.414550567467494,0.0015078851574540032,AUDCHF_merged,125.23830762207609
2026-02-03 05:00:00,2026-02-05 10:00:00,1.4,89.99999999999999,0.9277579666871305,13253.685238387581,-1,0.9586,0.965109434806111,0.9494867912714445,0.91331,0.93444,60.52499065462074,0.00218073035663654,AUDCAD_merged,125.07224203331285
2026-02-03 05:00:00,2026-02-05 10:00:00,1.5,90.0,0.7682564350886596,10975.091929837994,-1,0.54561,0.5500842130921472,0.5388986803617792,0.53002,0.53684,59.95705959206364,0.001502629807830376,AUDCHF_merged,134.23174356491134
2026-02-03 05:00:00,2026-02-05 16:00:00,1.0,30.0,0.22223612426210762,3174.8017751729662,-1,0.70056,0.7071798778658723,0.6939401221341276,0.66593,0.67661,54.79722617901019,0.0021332955299128904,AUDUSD_merged,29.777763875737893
2026-02-03 05:00:00,2026-02-05 17:00:00,1.5,89.99999999999999,0.9277579666871305,13253.685238387581,-1,0.9586,0.965109434806111,0.9488358477908335,0.90866,0.93444,61.67735095480665,0.00218073035663654,AUDCAD_merged,134.07224203331285
2026-02-03 05:00:00,2026-02-05 19:00:00,1.5,90.00000000000001,0.6896983166755064,9852.833095364378,-1,0.70056,0.7069592152703433,0.6909611770944849,0.6592,0.67661,54.79722617901019,0.0021332955299128904,AUDUSD_merged,134.31030168332452
2026-02-05 21:00:00,2026-02-06 06:00:00,1.0,60.0,0.9720496159260127,13886.423084657325,1,1.0524,1.0478528247040257,1.0569471752959743,1.05136,1.07979,37.46456079104927,0.0014431733058967962,GBPCHF_merged,59.02795038407399
2026-02-06 14:00:00,2026-02-09 03:00:00,1.0,60.0,1.003639087911861,14337.701255883732,1,1.96326,1.955044205996644,1.971475794003356,2.01513,2.04389,37.38389261888727,0.0026472695724673485,EURNZD_merged,58.996360912088136
2026-02-08 20:00:00,2026-02-09 05:00:00,1.0,30.0,0.33536539821331907,4790.934260190273,-1,0.46676,0.4696827702238277,0.4638372297761723,0.45855,0.4677,53.89817078902501,0.0009880052440827535,NZDCHF_merged,29.66463460178668
2026-02-08 20:00:00,2026-02-09 05:00:00,1.0,60.00000000000001,0.648373103212417,9262.47290303453,-1,0.46676,0.46978355540395966,0.46373644459604035,0.45855,0.4677,53.89817078902501,0.0009880052440827535,NZDCHF_merged,59.35162689678759
2026-02-08 17:00:00,2026-02-09 08:00:00,-1.1,90.0,1.3686213617078036,19551.73373868291,-1,0.60114,0.6039071510221602,0.5969892734667598,0.57108,0.5853,63.09280034205063,0.0009560335785242086,NZDUSD_merged,-100.36862136170782
2026-02-06 14:00:00,2026-02-09 09:00:00,-1.1,90.0,1.2398531487175222,17712.18783882175,1,1.93976,1.9299036004637802,1.9496163995362197,1.99665,2.01438,36.610157843877396,0.003151504618353729,GBPAUD_merged,-100.23985314871754
2026-02-05 15:00:00,2026-02-09 09:00:00,-1.1,60.0,0.9036565989779075,12909.37998539868,1,1.05322,1.0483248617306582,1.058115138269342,1.05136,1.07979,36.3439474715115,0.0016195516625971164,GBPCHF_merged,-66.9036565989779
2026-02-06 14:00:00,2026-02-09 09:00:00,-1.1,15.0,0.21376778426164178,3053.8254894520255,1,1.93976,1.9302321471149875,1.9492878528850124,1.99665,2.01438,36.610157843877396,0.003151504618353729,GBPAUD_merged,-16.71376778426164
2026-02-08 20:00:00,2026-02-09 22:00:00,1.0,60.0,0.6207409348859516,8867.72764122788,-1,94.443,95.08201150658427,93.80398849341573,89.674,94.022,50.494176099468035,0.23050356156179763,NZDJPY_merged,59.37925906511405
2026-02-08 22:00:00,2026-02-09 23:00:00,1.0,30.0,0.5166881161800265,7381.258802571808,-1,0.82185,0.8251902839081335,0.8185097160918664,0.78728,0.80032,56.44283279194517,0.001130977606052648,NZDCAD_merged,29.483311883819972
2026-02-08 18:00:00,2026-02-10 02:00:00,1.0,30.000000000000004,0.5848752773011541,8355.361104302201,-1,0.82106,0.8240080233939042,0.8181119766060958,0.78728,0.80032,71.73911316081204,0.0011389120028751215,NZDCAD_merged,29.41512472269885
2026-02-08 20:00:00,2026-02-10 08:00:00,1.4,90.0,1.0345682248099193,14779.546068713134,-1,94.443,95.01811035592584,93.63784550170382,91.398,94.022,52.35210764913987,0.23050356156179763,NZDJPY_merged,124.96543177519007
2026-02-09 12:00:00,2026-02-10 09:00:00,-1.1,60.0,1.0626877343331504,15181.253347616437,1,0.76793,0.7648949541480556,0.7718755596075277,0.7861,0.80405,29.44513366824785,0.0012299879784308774,USDCHF_merged,-67.06268773433315
2026-02-08 20:00:00,2026-02-10 09:00:00,1.4,90.0,0.9632186920644077,13760.267029491539,-1,94.443,95.06071112303145,93.57820442775595,89.674,94.022,52.08065432370472,0.23050356156179763,NZDJPY_merged,125.03678130793558
2026-02-09 16:00:00,2026-02-10 21:00:00,-1.1,90.0,2.6761387981515754,38230.55425930823,-1,1.17124,1.1739972605744877,1.1673798351957174,1.1527,1.16779,63.62059589658509,0.000986835647310569,AUDNZD_merged,-101.67613879815158
2026-02-06 15:00:00,2026-02-10 21:00:00,-1.1,60.0,0.812565955649891,11608.08508071273,1,1.68429,1.6755842230094513,1.6929957769905488,1.72905,1.74653,35.18119217359937,0.002753216687550777,EURAUD_merged,-66.81256595564989
2026-02-09 13:00:00,2026-02-10 21:00:00,-1.1,60.0,0.8084439205322372,11549.198864746248,1,1.92879,1.918769616650878,1.938810383349122,1.99665,2.01438,37.26713277750255,0.0032615472271091384,GBPAUD_merged,-66.80844392053224
2026-02-09 18:00:00,2026-02-10 21:00:00,-1.1,60.0,1.4606986765213437,20867.12395030491,-1,1.17071,1.1740761850175079,1.167343814982492,1.15241,1.16779,59.623608523754726,0.0011304858387525042,AUDNZD_merged,-67.46069867652135
2026-02-09 13:00:00,2026-02-10 21:00:00,-1.1,30.0,0.4181606485511571,5973.723550730816,1,1.92879,1.9191036294291823,1.9384763705708177,1.99665,2.01438,37.26713277750255,0.0032615472271091384,GBPAUD_merged,-33.41816064855116
2026-02-09 18:00:00,2026-02-10 21:00:00,-1.1,30.0,0.7555337982006948,10793.33997429564,-1,1.17071,1.1739639788502576,1.1674560211497422,1.15241,1.16779,59.623608523754726,0.0011304858387525042,AUDNZD_merged,-33.755533798200695
2026-02-11 04:00:00,2026-02-11 08:00:00,-1.1,60.0,1.1624634363003874,16606.620518576965,1,209.694,208.93637204156465,210.6031535501224,209.609,214.852,34.10792103839908,0.34342089154738564,GBPJPY_merged,-67.16246343630038
2026-02-11 04:00:00,2026-02-11 08:00:00,-1.1,90.0,1.3228032206176823,18897.18886596689,1,209.694,208.69530860024432,211.09216795965796,209.609,214.852,33.45692354839116,0.34342089154738564,GBPJPY_merged,-100.3228032206177
2026-02-11 04:00:00,2026-02-11 08:00:00,-1.1,90.0,1.6678823216483822,23826.890309262606,1,209.694,208.9019344070903,210.64447871149162,209.609,214.852,33.76522947723545,0.34342089154738564,GBPJPY_merged,-100.66788232164839
2026-02-11 04:00:00,2026-02-11 08:00:00,-1.1,90.0,1.743695154450581,24909.930777865447,1,209.694,208.93637204156465,210.830441937653,209.609,214.852,34.10792103839908,0.34342089154738564,GBPJPY_merged,-100.74369515445059
2026-02-11 07:00:00,2026-02-11 08:00:00,1.0,60.0,0.7983705179398222,11405.293113426033,-1,0.71115,0.7148911576866683,0.7074088423133316,0.66593,0.70938,59.99714207900729,0.0012044059506354607,AUDUSD_merged,59.20162948206018
2026-02-10 16:00:00,2026-02-11 08:00:00,1.0,30.0,0.6324439425942364,9034.91346563195,1,1.84921,1.843069786238017,1.855350213761983,1.85123,1.8816,32.73781127717696,0.0020326852120424073,GBPCAD_merged,29.367556057405764
2026-02-10 07:00:00,2026-02-11 08:00:00,1.0,30.0,0.6060248225794242,8657.497465420347,1,1.04726,1.043631029835644,1.0508889701643562,1.05136,1.07979,47.154169076664175,0.0013032526699197867,GBPCHF_merged,29.393975177420575
2026-02-08 20:00:00,2026-02-11 13:00:00,-1.1,89.99999999999999,1.4430255951291882,20614.651358988405,1,2.26067,2.250800306040258,2.2705396939597424,2.29618,2.34529,42.50227390986585,0.003236333844682137,GBPNZD_merged,-100.44302559512917
2026-02-08 20:00:00,2026-02-11 13:00:00,-1.1,30.0,0.4975950328031682,7108.500468616689,1,2.26067,2.251129295838916,2.270210704161084,2.29618,2.34529,42.50227390986585,0.003236333844682137,GBPNZD_merged,-33.49759503280317
2026-02-11 19:00:00,2026-02-11 22:00:00,-1.1,90.0,1.139687074804089,16281.243925772704,1,181.999,180.99293989337195,183.00506010662804,181.789,186.873,34.76096148664419,0.3334709853848691,EURJPY_merged,-100.1396870748041
2026-02-11 19:00:00,2026-02-12 11:00:00,1.0,60.0,0.9117625478577901,13025.179255111289,1,1.66665,1.6589726392480733,1.6743273607519267,1.72905,1.74653,32.579392751980464,0.0026041830898820457,EURAUD_merged,59.08823745214221
2026-02-11 23:00:00,2026-02-12 11:00:00,1.0,60.00000000000001,0.6961435321298299,9944.907601854715,-1,0.5495,0.5528152645876621,0.5461847354123379,0.53002,0.54784,58.46397270849526,0.0011168676104668228,AUDCHF_merged,59.303856467870176
2026-02-11 22:00:00,2026-02-12 11:00:00,1.4,90.0,1.0410944540318474,14872.777914740676,-1,0.54969,0.5530163523656174,0.5450331066881356,0.53002,0.53684,63.46337351981564,0.001105088195887348,AUDCHF_merged,124.95890554596814
2026-02-11 18:00:00,2026-02-12 17:00:00,1.4,90.00000000000001,1.0316237970601558,14737.482815145084,-1,0.54936,0.5527148741410025,0.5446631762025964,0.53002,0.54784,64.1723684363344,0.001198792693995594,AUDCHF_merged,124.96837620293987
2026-02-11 11:00:00,2026-02-13 00:00:00,1.2,59.99999999999999,0.9927083116910309,14181.547309871872,1,1.66836,1.661301419027646,1.676830297166825,1.72905,1.74653,34.497000013712956,0.0030640233739317414,EURAUD_merged,71.00729168830895
2026-02-11 11:00:00,2026-02-13 00:00:00,1.2,30.0,0.518915708383948,7413.081548342114,1,1.66836,1.661608313852531,1.676462023376963,1.72905,1.74653,34.93264927994736,0.0030640233739317414,EURAUD_merged,35.48108429161605
2026-02-11 11:00:00,2026-02-13 01:00:00,1.0,60.0,0.5882815115213903,8404.021593162719,-1,0.71076,0.7158344277043142,0.7056855722956857,0.66593,0.70938,62.29110036146417,0.0017699419084782142,AUDUSD_merged,59.41171848847861
2026-02-11 23:00:00,2026-02-13 01:00:00,1.0,90.0,1.321064655113961,18872.352215913732,-1,0.96743,0.9720435584480339,0.9628164415519661,0.91331,0.93444,56.17291820978121,0.0015908633291533449,AUDCAD_merged,88.67893534488604
2026-02-11 11:00:00,2026-02-13 01:00:00,1.5,60.0,1.037831416767896,14826.163096684228,1,1.66836,1.661608313852531,1.6784875292212036,1.72905,1.74653,34.93264927994736,0.0030640233739317414,EURAUD_merged,88.9621685832321
2026-02-11 11:00:00,2026-02-13 01:00:00,1.4,90.0,1.1809805777013986,16871.151110019982,1,1.66836,1.6594600500783363,1.6808199298903292,1.72905,1.74653,34.05192787287243,0.0030640233739317414,EURAUD_merged,124.81901942229858
2026-02-11 11:00:00,2026-02-13 01:00:00,1.3,60.0,0.9513454653705714,13590.649505293879,1,1.66836,1.660994524202761,1.6779351185364106,1.72905,1.74653,34.93264927994736,0.0030640233739317414,EURAUD_merged,77.04865453462943
2026-02-11 11:00:00,2026-02-13 01:00:00,1.5,60.0,1.037831416767896,14826.163096684228,1,1.66836,1.661608313852531,1.6784875292212036,1.72905,1.74653,34.93264927994736,0.0030640233739317414,EURAUD_merged,88.9621685832321
2026-02-11 18:00:00,2026-02-13 02:00:00,1.4,90.00000000000001,1.3997201086235425,19996.001551764894,-1,0.96675,0.9711012449113768,0.9606582571240725,0.91331,0.93444,64.46893674978384,0.0015693170330131933,AUDCAD_merged,124.60027989137647
2026-02-11 14:00:00,2026-02-15 17:00:00,1.4,90.00000000000001,1.2344216615635002,17634.595165192863,-1,0.96691,0.9718447262687245,0.9600013832237857,0.91331,0.93444,66.97899032310366,0.0016522276229906133,AUDCAD_merged,124.76557833843651
2026-02-12 13:00:00,2026-02-18 14:00:00,1.0,90.0,0.8474178361131193,12105.969087330277,1,112.193,111.35891807502898,113.02708192497101,111.73,115.429,37.895095354638734,0.2754539291576945,CADJPY_merged,89.15258216388688
2026-02-05 16:00:00,2026-02-19 04:00:00,-1.1,30.0,0.48260216974825526,6894.316710689362,1,1.85387,1.8458030511878327,1.861936948812167,1.85123,1.8816,37.19662676965177,0.002719441737886054,GBPCAD_merged,-33.482602169748255
2026-02-19 02:00:00,2026-02-19 07:00:00,-1.1,90.0,2.2174266954911195,31677.524221301705,1,1.34994,1.346104643450314,1.3537753565496857,1.35083,1.3869,44.39071057712351,0.0013121341701408363,GBPUSD_merged,-101.21742669549113
2026-02-19 18:00:00,2026-02-20 10:00:00,1.0,90.0,2.0614669315357386,29449.527593367697,1,1.84229,1.8366598214012322,1.8479201785987678,1.84599,1.8816,36.33724504740088,0.0018555314710471799,GBPCAD_merged,87.93853306846427
2026-02-19 13:00:00,2026-02-22 18:00:00,1.3,29.999999999999996,0.8112069090855164,11588.670129793092,1,1.17659,1.1735441198770293,1.1805496441598617,1.17654,1.20822,36.80615703621438,0.0012463226666255336,EURUSD_merged,38.18879309091449
2026-02-19 13:00:00,2026-02-22 18:00:00,1.4,90.0,1.6141787723710674,23059.696748158105,1,1.34523,1.3399796837741516,1.3525804427161878,1.35083,1.3869,36.44633443159871,0.0017904214516263634,GBPUSD_merged,124.38582122762892
2026-02-19 14:00:00,2026-02-22 18:00:00,1.0,90.0,1.982924700143112,28327.495716330173,1,1.17684,1.1731010320001236,1.1805789679998766,1.17654,1.19285,34.61020048529182,0.0012480139047237014,EURUSD_merged,88.01707529985688
2026-02-19 14:00:00,2026-02-22 18:00:00,1.0,90.0,1.5787461647269612,22553.51663895659,1,1.34601,1.3406387356451208,1.351381264354879,1.35083,1.3869,34.474249864406076,0.0017961056336530544,GBPUSD_merged,88.42125383527303
2026-02-19 13:00:00,2026-02-22 18:00:00,1.4,90.0,2.0140309466950743,28771.870667072497,1,1.17659,1.1729095615180771,1.181742613874692,1.17654,1.19285,36.513089296761294,0.0012463226666255336,EURUSD_merged,123.98596905330491
2026-02-26 15:00:00,2026-02-27 08:00:00,-1.1,90.0,2.5747311899796888,36781.87414256699,-1,0.87463,0.8767700948656094,0.8716338671881468,0.86122,0.87413,60.85194912181065,0.0007624400331461002,EURGBP_merged,-101.5747311899797
2026-02-26 16:00:00,2026-02-27 08:00:00,-1.1,90.0,1.8600323373957064,26571.89053422438,1,1.84528,1.8390299667256984,1.8515300332743017,1.84599,1.8816,35.355169782366474,0.0020645341087124026,GBPCAD_merged,-100.86003233739572
2026-02-26 15:00:00,2026-02-27 08:00:00,-1.1,90.0,2.3971635217052274,34245.193167217534,-1,0.87463,0.8769286204112101,0.8714119314243058,0.86122,0.87454,62.18114924158986,0.0007624400331461002,EURGBP_merged,-101.39716352170524
2026-02-25 04:00:00,2026-03-01 17:00:00,1.0,90.0,1.6439911020081563,23485.587171545096,-1,0.9714,0.9751225383960562,0.9676774616039439,0.91331,0.96977,55.40853754063293,0.001299357122588808,AUDCAD_merged,88.35600889799184
2026-03-02 02:00:00,2026-03-02 06:00:00,1.2,15.0,0.2573513505473785,3676.4478649625503,-1,203.651,204.48190121557624,202.65391854130854,197.639,203.653,53.51559576325795,0.33005397455333835,CHFJPY_merged,17.742648649452622
2026-03-02 02:00:00,2026-03-02 06:00:00,1.2,15.0,0.24847716604574463,3549.673800653495,-1,203.651,204.51157625898966,202.6183084892124,197.639,203.653,57.0787396881547,0.33005397455333835,CHFJPY_merged,17.751522833954255
2026-03-02 02:00:00,2026-03-02 06:00:00,1.4,15.000000000000002,0.3002432423052749,4289.189175789642,-1,203.651,204.36320104192248,202.65391854130854,197.639,203.653,53.51559576325795,0.33005397455333835,CHFJPY_merged,20.699756757694725
2026-03-02 02:00:00,2026-03-02 06:00:00,1.3,15.0,0.2771476082817922,3959.251546882746,-1,203.651,204.42255112874938,202.64798353262586,197.639,203.653,55.45110641057635,0.33005397455333835,CHFJPY_merged,19.22285239171821
2026-03-02 02:00:00,2026-03-02 07:00:00,1.4,15.0,0.24847716604574463,3549.673800653495,-1,203.651,204.51157625898966,202.4461932374145,197.639,203.653,53.51559576325795,0.33005397455333835,CHFJPY_merged,20.751522833954255
2026-03-02 06:00:00,2026-03-02 17:00:00,-1.1,60.0,1.3442368700891674,19203.383858416677,1,1.60226,1.5972538198023436,1.6087680342569532,1.60746,1.63919,33.41350609222753,0.0018979214991630047,EURCAD_merged,-67.34423687008916
2026-03-02 06:00:00,2026-03-02 17:00:00,-1.1,60.00000000000001,1.205177883528219,17216.826907545987,1,1.60226,1.5966761836256909,1.6100773429240327,1.60895,1.63919,32.678821321595244,0.0018979214991630047,EURCAD_merged,-67.20517788352824
2026-03-02 17:00:00,2026-03-02 18:00:00,-1.1,60.0,0.7048200792626381,10068.858275180546,-1,0.54983,0.5531064191429051,0.5452430131999328,0.53002,0.5506,70.41197486598674,0.001500519311243041,AUDCHF_merged,-66.70482007926263
2026-03-02 17:00:00,2026-03-02 20:00:00,-1.1,60.0,0.6041314965108328,8630.449950154754,-1,0.54983,0.553652489000056,0.5452430131999328,0.53002,0.5506,70.41197486598674,0.001500519311243041,AUDCHF_merged,-66.60413149651083
2026-03-03 04:00:00,2026-03-03 08:00:00,1.2,30.0,0.6239827134988943,8914.03876426992,-1,1.19611,1.200135481709125,1.19127942194905,1.15241,1.16926,63.63556208353797,0.0014228383219037277,AUDNZD_merged,35.3760172865011
2026-03-03 04:00:00,2026-03-03 08:00:00,1.4,30.0,0.6024660682058289,8606.658117226129,-1,1.19611,1.2002792489130223,1.1902730515217688,1.1527,1.16779,63.63556208353797,0.0014228383219037277,AUDNZD_merged,41.39753393179417
2026-03-03 05:00:00,2026-03-03 08:00:00,1.2,60.0,1.2167713919884022,17382.448456977178,-1,1.1954,1.1995262311335209,1.190448522639775,1.15241,1.16926,65.91588860627614,0.001402635584624916,AUDNZD_merged,70.7832286080116
2026-03-03 04:00:00,2026-03-03 08:00:00,1.4,30.0,0.7279798324153768,10399.711891648241,-1,1.19611,1.1995604128935358,1.19127942194905,1.15241,1.16926,63.63556208353797,0.0014228383219037277,AUDNZD_merged,41.27202016758462
2026-03-03 01:00:00,2026-03-03 08:00:00,1.3,15.0,0.30672768737977824,4381.824105425404,-1,1.19581,1.199903534922543,1.190488404600694,1.1527,1.16779,72.6236080666371,0.0013299036665014462,AUDNZD_merged,19.193272312620223
2026-03-03 05:00:00,2026-03-03 08:00:00,1.3,30.0,0.6785840455319935,9694.057793314194,-1,1.1954,1.1990993796369498,1.1905908064719655,1.15241,1.16926,66.22035597560145,0.001402635584624916,AUDNZD_merged,38.32141595446801
2026-03-03 01:00:00,2026-03-03 09:00:00,1.4,30.0,0.3507227046388721,5010.324351983888,-1,0.55379,0.5571058931104773,0.5491477496453318,0.53002,0.5506,67.90399550204292,0.0013386491201251448,AUDCHF_merged,41.64927729536113
2026-03-03 01:00:00,2026-03-03 09:00:00,1.3,30.000000000000004,0.3237440350512666,4624.914786446666,-1,0.55379,0.5573822175363504,0.5491201172027445,0.53002,0.5506,65.89022191335825,0.0013386491201251448,AUDCHF_merged,38.67625596494874
2026-03-03 01:00:00,2026-03-03 09:00:00,1.4,30.0,0.29025327280458374,4146.475325779768,-1,0.55379,0.55779670417516,0.5481806141547759,0.53002,0.5506,67.90399550204292,0.0013386491201251448,AUDCHF_merged,41.709746727195416
2026-03-03 07:00:00,2026-03-03 09:00:00,-1.1,15.0,0.407259643529125,5817.994907558929,1,1.15971,1.1567200266025672,1.1626999733974328,1.17654,1.19285,32.504281565050505,0.0020309359126964104,EURUSD_merged,-16.907259643529127
2026-03-03 01:00:00,2026-03-03 09:00:00,1.2,30.0,0.30061946111903326,4294.563730271904,-1,0.55379,0.5576585419622235,0.5491477496453318,0.53002,0.5506,67.90399550204292,0.0013386491201251448,AUDCHF_merged,35.699380538880966
2026-03-03 08:00:00,2026-03-03 11:00:00,-1.1,60.0,1.4557650372203517,20796.64338886217,1,1.58915,1.5845651735827204,1.5955687569841916,1.60746,1.63919,19.703596074935685,0.001906034030495122,EURCAD_merged,-67.45576503722035
2026-03-03 07:00:00,2026-03-06 06:00:00,-1.1,60.0,0.6788695309509689,9698.136156442413,1,0.80705,0.802056978741185,0.8140402297623411,0.81341,0.82524,34.69588158351827,0.001710893506517152,NZDCAD_merged,-66.67886953095096
2026-03-09 02:00:00,2026-03-09 09:00:00,1.2,30.0,0.4134774058821981,5906.820084031402,1,1.80455,1.7953849163797366,1.8155481003443164,1.85123,1.8816,39.71240384679163,0.0034672981393731295,GBPCAD_merged,35.5865225941178
2026-03-09 02:00:00,2026-03-09 09:00:00,1.2,60.00000000000001,0.7984391286001067,11406.27326571581,1,1.80455,1.7950575919647271,1.8159408896423277,1.85123,1.8816,38.40735035726068,0.0034672981393731295,GBPCAD_merged,71.20156087139989
2026-03-09 02:00:00,2026-03-09 09:00:00,1.4,30.0,0.48239030686256446,6891.290098036636,1,1.80455,1.7966942140397741,1.8155481003443164,1.85123,1.8816,39.71240384679163,0.0034672981393731295,GBPCAD_merged,41.51760969313744
2026-03-09 02:00:00,2026-03-09 09:00:00,1.3,60.0,0.8905667203616575,12722.38171945225,1,1.80455,1.7960395652097554,1.8156135652273182,1.85123,1.8816,38.64953253009086,0.0034672981393731295,GBPCAD_merged,77.10943327963834
2026-03-09 02:00:00,2026-03-09 10:00:00,1.3,29.999999999999996,0.38591224549005154,5513.032078429308,1,1.80455,1.7947302675497177,1.8173156521853673,1.84599,1.85601,38.44636921735023,0.0034672981393731295,GBPCAD_merged,38.614087754509946
2026-03-09 02:00:00,2026-03-09 10:00:00,1.5,15.0,0.24119515343128223,3445.645049018318,1,1.80455,1.7966942140397741,1.816333678940339,1.84599,1.8816,38.36373268663402,0.0034672981393731295,GBPCAD_merged,22.25880484656872
2026-03-09 02:00:00,2026-03-09 10:00:00,1.4,60.00000000000001,0.7984391286001067,11406.27326571581,1,1.80455,1.7950575919647271,1.8178393712493823,1.84599,1.85601,39.71240384679163,0.0034672981393731295,GBPCAD_merged,83.20156087139989
2026-03-09 00:00:00,2026-03-09 14:00:00,1.2,60.0,0.9528316332579472,13611.880475113532,-1,158.72,159.41962412742393,157.8804510470913,152.268,157.66,57.94028143315488,0.25601757774657385,USDJPY_merged,71.04716836674206
2026-03-09 04:00:00,2026-03-09 14:00:00,1.2,30.000000000000004,0.41581449027861617,5940.207003980231,-1,116.862,117.45219155353523,116.15377013575771,111.775,115.317,68.52757848081252,0.21215536214178873,CADJPY_merged,35.58418550972139
2026-03-09 08:00:00,2026-03-09 14:00:00,1.2,89.99999999999999,1.1612155989929995,16588.794271328567,-1,116.869,117.50305512347448,116.10813385183062,111.775,115.317,59.3721421194204,0.22287971933911996,CADJPY_merged,106.83878440100699
2026-03-09 00:00:00,2026-03-09 14:00:00,1.4,30.0,0.4764158166289736,6805.940237556766,-1,158.72,159.41962412742393,157.7405262216065,152.268,157.66,57.111464085811754,0.25601757774657385,USDJPY_merged,41.52358418337103
2026-03-09 00:00:00,2026-03-09 14:00:00,1.2,30.0,0.4934306672228655,7049.009531755222,-1,158.72,159.39549915751275,157.9094010109847,152.268,157.66,57.111464085811754,0.25601757774657385,USDJPY_merged,35.50656933277713
2026-03-09 00:00:00,2026-03-09 14:00:00,1.3,30.0,0.5313868723938552,7591.241034197932,-1,158.72,159.3472492176904,157.90457601700246,152.268,157.66,57.86834210544763,0.25601757774657385,USDJPY_merged,38.46861312760615
2026-03-09 00:00:00,2026-03-09 14:00:00,1.4,30.0,0.5756691117600099,8223.844453714428,-1,158.72,159.29899927786806,157.9094010109847,152.268,157.66,57.111464085811754,0.25601757774657385,USDJPY_merged,41.42433088823999
2026-03-09 04:00:00,2026-03-09 14:00:00,1.3,60.0,0.8956004406000961,12794.292008572804,-1,116.862,117.410035013997,116.14955448180389,111.775,115.317,68.82254454370404,0.21215536214178873,CADJPY_merged,77.10439955939991
2026-03-09 04:00:00,2026-03-09 14:00:00,1.4,60.0,0.9702338106501042,13860.483009287203,-1,116.862,117.36787847445878,116.15377013575771,111.775,115.317,68.52757848081252,0.21215536214178873,CADJPY_merged,83.0297661893499
2026-03-09 01:00:00,2026-03-09 15:00:00,1.3,30.000000000000004,0.37932711925318635,5418.958846474091,-1,116.861,117.50795638024289,116.01995670568427,111.775,115.317,72.32158425567735,0.21467697483708123,CADJPY_merged,38.620672880746824
2026-03-09 01:00:00,2026-03-09 16:00:00,1.4,30.0,0.39240736474467536,5605.819496352506,-1,116.861,117.48639116756812,115.98545236540464,111.775,115.317,73.44557778942924,0.21467697483708123,CADJPY_merged,41.60759263525532
2026-03-10 17:00:00,2026-03-10 20:00:00,-1.1,90.0,1.9282114177615204,27545.87739659315,-1,1.20025,1.2041715487110736,1.194759831804497,1.1527,1.16779,74.83117997256606,0.0013913825922156867,AUDNZD_merged,-100.92821141776153
2026-03-11 05:00:00,2026-03-11 09:00:00,-1.1,60.0,0.7408145365455582,10583.06480779369,-1,113.256,113.89809755145747,112.48548293825104,107.673,110.792,69.03262538596266,0.22436908594252658,AUDJPY_merged,-66.74081453654556
2026-03-10 14:00:00,2026-03-11 09:00:00,-1.1,90.0,0.8272828191666778,11818.325988095397,-1,0.71325,0.7186816068167913,0.7061889111381714,0.68967,0.71467,58.77988644834355,0.0020870024345682955,AUDUSD_merged,-99.8272828191667
2026-03-11 01:00:00,2026-03-11 09:00:00,-1.1,60.0,0.8990079012357781,12842.970017653974,1,1.6215,1.6139246494489774,1.631347955716329,1.66228,1.74653,28.0284782582279,0.0028547680539365884,EURAUD_merged,-66.89900790123578
2026-03-11 05:00:00,2026-03-11 09:00:00,-1.1,60.0,0.7978002701259856,11397.14671608551,-1,113.256,113.85223344063907,112.48089652716921,107.673,110.792,69.48653854012858,0.22436908594252658,AUDJPY_merged,-66.79780027012599
2026-03-11 05:00:00,2026-03-11 09:00:00,-1.1,60.0,0.7152692076991595,10218.131538559423,-1,113.256,113.92102960686667,112.32495855038667,107.673,110.792,69.03262538596266,0.22436908594252658,AUDJPY_merged,-66.71526920769917
2026-03-11 01:00:00,2026-03-11 10:00:00,-1.1,90.0,1.2090106257998394,17271.580368569135,1,1.6215,1.6130505705392442,1.631639315352907,1.72905,1.74653,30.325494722688457,0.0028547680539365884,EURAUD_merged,-100.20901062579985
2026-03-11 01:00:00,2026-03-11 10:00:00,-1.1,60.0,1.3816457458070217,19737.79636867174,-1,1.20677,1.2104384034350928,1.2012673948473604,1.1527,1.16779,76.30606011689497,0.0015000370433395443,AUDNZD_merged,-67.38164574580702
2026-03-11 01:00:00,2026-03-11 10:00:00,-1.1,60.0,0.8060070838665596,11514.386912379425,1,1.6215,1.6130505705392442,1.6333292012450582,1.66228,1.74653,27.026358744128736,0.0028547680539365884,EURAUD_merged,-66.80600708386656
2026-03-11 01:00:00,2026-03-12 23:00:00,-1.1,60.0,1.1053165966456175,15790.237094937394,-1,1.20677,1.211355504293866,1.2008088444179739,1.1527,1.16779,77.03724433935908,0.0015000370433395443,AUDNZD_merged,-67.10531659664562
2026-03-11 01:00:00,2026-03-12 23:00:00,-1.1,15.0,0.29606694553007606,4229.527793286801,-1,1.20677,1.2110498040076083,1.2003502939885873,1.1527,1.16926,74.00862113526878,0.0015000370433395443,AUDNZD_merged,-16.796066945530075
2026-03-11 13:00:00,2026-03-13 00:00:00,-1.1,89.99999999999999,2.3625497347037587,33750.710495767984,-1,1.20849,1.2117125721592925,1.2039783989769908,1.15241,1.16926,68.51211777100187,0.001321114228297669,AUDNZD_merged,-101.36254973470375
2026-03-10 14:00:00,2026-03-13 01:00:00,1.4,60.00000000000001,0.49446789191571544,7063.827027367364,-1,0.71325,0.7193083306802672,0.7047683370476261,0.7015,0.71362,57.58602897514176,0.0020870024345682955,AUDUSD_merged,83.50553210808428
2026-03-09 04:00:00,2026-03-13 03:00:00,1.2,90.0,1.3036025937771025,18622.894196815752,-1,203.273,204.25536986188365,202.0941561657396,197.639,203.653,59.92478770600183,0.33148049764748055,CHFJPY_merged,106.6963974062229
2026-03-13 04:00:00,2026-03-13 05:00:00,1.0,15.0,0.4520937104340369,6458.481577629099,1,0.79481,0.7929640320496855,0.7966559679503146,0.81341,0.82524,35.199229036343624,0.0012127420644804086,NZDCAD_merged,14.547906289565963
2026-03-13 05:00:00,2026-03-13 08:00:00,1.5,30.0,0.5737339129059625,8196.198755799465,1,0.79519,0.792279419045247,0.7995558714321295,0.81341,0.82524,39.33255659674871,0.0012661176313032575,NZDCAD_merged,44.426266087094035
2026-03-11 03:00:00,2026-03-13 10:00:00,1.2,60.00000000000001,0.7082896708214408,10118.423868877726,-1,0.55713,0.560433656817819,0.5531656118186172,0.53002,0.5506,67.16158054734966,0.0012077433324399586,AUDCHF_merged,71.29171032917856
2026-03-11 03:00:00,2026-03-13 10:00:00,1.4,60.0,0.8263379492916808,11804.827847024013,-1,0.55713,0.5599617058438449,0.5531656118186172,0.53002,0.5506,67.16158054734966,0.0012077433324399586,AUDCHF_merged,83.17366205070832
2026-03-13 07:00:00,2026-03-13 10:00:00,-1.1,29.999999999999996,1.047960346759247,14970.862096560675,1,1.14683,1.1445318758319933,1.1491281241680067,1.17654,1.19285,37.047016290460434,0.0016190768659088478,EURUSD_merged,-34.04796034675925
2026-03-11 04:00:00,2026-03-13 11:00:00,1.3,29.999999999999996,0.37242662174094854,5320.380310584979,-1,0.55689,0.5600301326643439,0.5528078275363529,0.53002,0.5506,63.49633851770424,0.0012250473801228153,AUDCHF_merged,38.62757337825905
2026-03-13 04:00:00,2026-03-13 13:00:00,-1.1,29.999999999999996,0.44396173210361706,6342.310458623101,1,0.58176,0.5790081952572551,0.5858877071141175,0.58356,0.60757,27.458400107022992,0.0011339720730858646,NZDUSD_merged,-33.44396173210362
2026-03-13 04:00:00,2026-03-13 14:00:00,-1.1,60.0,0.7103387713657874,10147.696733796964,1,0.58176,0.5783202440715689,0.5862316827069606,0.58356,0.60757,26.419517547974394,0.0011339720730858646,NZDUSD_merged,-66.71033877136578
2026-03-13 04:00:00,2026-03-13 14:00:00,-1.1,30.0,0.4098108296341081,5854.440423344402,1,0.58176,0.5787788781953597,0.5856354583460326,0.5928,0.60757,25.391268909299747,0.0011339720730858646,NZDUSD_merged,-33.40981082963411
2026-03-13 04:00:00,2026-03-13 14:00:00,-1.1,59.99999999999999,0.7348332117577109,10497.617310824442,1,0.58176,0.5784349026025165,0.5864151363564769,0.58356,0.60757,23.597118194437268,0.0011339720730858646,NZDUSD_merged,-66.73483321175772
2026-03-11 03:00:00,2026-03-13 15:00:00,1.4,60.0,0.683865889068977,9769.512700985388,-1,0.55713,0.5605516445613125,0.5523396976141626,0.53967,0.5506,67.16158054734966,0.0012077433324399586,AUDCHF_merged,83.31613411093102
2026-03-15 17:00:00,2026-03-15 19:00:00,1.0,30.0,0.9896178384829257,14137.397692613225,1,1.14239,1.1399658126958607,1.1448141873041393,1.17654,1.19285,31.98372285519818,0.0016456873787528451,EURUSD_merged,29.010382161517075
2026-03-11 13:00:00,2026-03-17 00:00:00,-1.1,60.0,1.3034757156986256,18621.08165283751,-1,1.20849,1.212383941359145,1.203038482097197,1.1527,1.16779,68.51211777100187,0.001321114228297669,AUDNZD_merged,-67.30347571569862
2026-03-11 22:00:00,2026-03-17 00:00:00,-1.1,60.0,1.410729131697093,20153.273309958473,-1,1.20838,1.211977569431273,1.2037031597393448,1.15241,1.16926,59.37001780153897,0.0014334176540261529,AUDNZD_merged,-67.4107291316971
2026-03-19 07:00:00,2026-03-19 13:00:00,1.2,90.0,1.3641110697274883,19487.300996106977,-1,0.57852,0.5811918322876217,0.5753138012548541,0.56122,0.5786,64.18109779226731,0.0009703525443643331,CADCHF_merged,106.63588893027251
2026-03-19 07:00:00,2026-03-19 14:00:00,1.4,90.0,1.2507490727397041,17867.843896281487,-1,0.79462,0.7986224862773109,0.7890165192117647,0.76712,0.78784,63.75031260759107,0.0014265842759862632,USDCHF_merged,124.74925092726028
2026-03-19 07:00:00,2026-03-19 14:00:00,1.4,60.0,0.8780485046521761,12543.55006645966,-1,0.57852,0.5812872548693224,0.5746458431829486,0.56122,0.5786,64.18109779226731,0.0009703525443643331,CADCHF_merged,83.12195149534783
2026-03-19 16:00:00,2026-03-20 09:00:00,1.4,90.0,1.3225698928968201,18893.85561281172,-1,1.05797,1.0630095907511559,1.050914572948382,1.02736,1.04965,67.89637616317737,0.001724376348892263,GBPCHF_merged,124.67743010710316
2026-03-22 19:00:00,2026-03-23 00:00:00,-1.1,90.0,1.7503476460079566,25004.966371542236,-1,1.98204,1.9891739268107562,1.9720525024649416,1.94992,1.98081,67.72623045160985,0.0029858645398758788,EURNZD_merged,-100.75034764600797
2026-03-22 19:00:00,2026-03-23 02:00:00,-1.1,90.0,1.4485635691100325,20693.765273000463,-1,1.98204,1.990660161562997,1.9699717738118043,1.95128,1.98081,67.72623045160985,0.0029858645398758788,EURNZD_merged,-100.44856356911005
2026-03-20 14:00:00,2026-03-23 10:00:00,1.4,90.0,1.783669506882154,25480.992955459344,-1,116.093,116.50304563747825,115.51893610753046,111.775,115.317,68.98350433146982,0.16836289545289215,CADJPY_merged,124.21633049311784
2026-03-25 23:00:00,2026-03-26 06:00:00,-1.1,90.00000000000001,3.3133763294956617,47333.94756422374,-1,1.38193,1.38455757928295,1.37825138900387,1.35252,1.37526,66.02537895016492,0.0010459086511414042,USDCAD_merged,-102.3133763294957
2026-03-25 23:00:00,2026-03-26 10:00:00,-1.1,90.00000000000001,2.7421045485481335,39172.92212211619,-1,1.38193,1.3851049916335647,1.3774850117130095,1.35252,1.37526,66.02537895016492,0.0010459086511414042,USDCAD_merged,-101.74210454854816
2026-03-24 00:00:00,2026-03-26 12:00:00,-1.1,90.0,1.0369523443923538,14813.60491989077,-1,1.92257,1.9342505666774374,1.9062172066515874,1.86936,1.91168,72.62691318726672,0.0039157972119873785,GBPAUD_merged,-100.03695234439236
2026-03-26 18:00:00,2026-03-30 17:00:00,1.4,90.0,1.4386763909150673,20552.51987021525,-1,1.93473,1.943202231195959,1.9228688763256578,1.86936,1.91168,69.61406781193914,0.002877069102154282,GBPAUD_merged,124.56132360908492
2026-03-30 11:00:00,2026-03-31 00:00:00,0.131611577162692,59.99999999999999,1.265089104824784,18072.701497496917,1,210.555,209.85597334912828,211.60353997630762,210.792,213.298,24.16864296535078,0.29131388277775777,GBPJPY_merged,6.631605524936735
2026-03-30 11:00:00,2026-03-31 00:00:00,-0.02616963608680997,90.00000000000001,1.3599916626090318,19428.452322986173,1,1.31983,1.313716044136441,1.3283895382089828,1.32181,1.34831,28.164077982232367,0.0021369563109918353,GBPUSD_merged,-3.7152589104219294
2026-03-30 11:00:00,2026-03-31 00:00:00,0.1052892617301536,30.0,0.5060356419299136,7229.080598998766,1,210.555,209.68121668641032,211.69091830766658,210.792,213.298,23.173392969858483,0.29131388277775777,GBPJPY_merged,2.6526422099746947
2026-03-30 14:00:00,2026-03-31 00:00:00,0.31708227231208425,90.0,1.6612130746452332,23731.615352074758,1,210.394,209.5960998267889,211.51106024249557,210.792,213.298,25.584294707668274,0.2701281342794219,GBPJPY_merged,26.87619143344235
